signal_ts,entry_ts,exit_ts,side,tag,entry_px,stop_px,target_px,exit_px,risk_px,qty,pnl,r,reason,hold_min,mfe_r,entry_dt,exit_dt,fold
1672705800000,1672706100000,1672818000000,1,breakout_24,1831.7835,1823.3915000000002,2623.3915,1856.9594999999995,8.391999999999825,11.916110581506445,300.0,3.0,target,1865,2.9167659675882356,2023-01-03 00:35:00+00:00,2023-01-04 07:40:00+00:00,2023-01-03 00:00:00+00:00
1672709400000,1672709700000,1672817700000,1,dip_unconfirmed,1828.647,1820.255,2620.255,1853.8229999999994,8.391999999999825,11.916110581506445,300.0,3.0,target,1800,2.9043136320305982,2023-01-03 01:35:00+00:00,2023-01-04 07:35:00+00:00,2023-01-03 00:00:00+00:00
1672714800000,1672715100000,1672760100000,1,breakout_24,1838.73,1830.405,2630.4049999999997,1830.355,8.325000000000045,12.012012012011946,-100.60060060060005,-1.0060060060060005,stop,750,1.3159759759759724,2023-01-03 03:05:00+00:00,2023-01-03 15:35:00+00:00,2023-01-03 00:00:00+00:00
1672716600000,1672716900000,1672743600000,1,breakout_24,1842.0099999999998,1833.65,2633.65,1833.6000000000001,8.359999999999673,11.961722488038745,-100.59808612440139,-1.005980861244014,stop,445,0.9181220095694479,2023-01-03 03:35:00+00:00,2023-01-03 11:00:00+00:00,2023-01-03 00:00:00+00:00
1672720200000,1672720500000,1672743900000,1,dip_unconfirmed,1841.5400000000002,1833.19,2633.19,1833.14,8.350000000000136,11.976047904191422,-100.59880239520903,-1.0059880239520904,stop,390,0.975508982035895,2023-01-03 04:35:00+00:00,2023-01-03 11:05:00+00:00,2023-01-03 00:00:00+00:00
1672743600000,1672743900000,1672820400000,1,dip_unconfirmed,1834.905,1826.1480754524075,2665.3405302116453,1861.1757736427774,8.756924547592462,11.419534273307512,300.0,3.0,target,1275,2.8390675133583705,2023-01-03 11:05:00+00:00,2023-01-04 08:20:00+00:00,2023-01-03 00:00:00+00:00
1672745400000,1672745700000,1672819500000,1,dip_unconfirmed,1833.5735,1824.9718557772358,2649.936278053668,1859.3784326682926,8.601644222764207,11.62568427735601,300.0,3.0,target,1230,2.8763686754820474,2023-01-03 11:35:00+00:00,2023-01-04 08:05:00+00:00,2023-01-03 00:00:00+00:00
1672761600000,1672761900000,1672935000000,1,dip_unconfirmed,1833.6699999999998,1822.8230030764162,2872.522695434801,1829.0915,10.846996923583674,9.219141547148295,-42.209839573617074,-0.42209839573617075,timeout,2885,2.8772940768650073,2023-01-03 16:05:00+00:00,2023-01-05 16:10:00+00:00,2023-01-03 00:00:00+00:00
1672817400000,1672817700000,1672906500000,1,breakout_24,1853.3535,1845.0065,2645.0065,1844.9565,8.34699999999998,11.980352222355366,-100.59901761111722,-1.0059901761111723,stop,1480,1.3809152989098115,2023-01-04 07:35:00+00:00,2023-01-05 08:15:00+00:00,2023-01-03 00:00:00+00:00
1672819200000,1672819500000,1672845300000,1,breakout_24,1858.6719999999998,1850.335,2650.335,1850.285,8.336999999999762,11.994722322178584,-100.59973611610837,-1.0059973611610837,stop,430,0.7446323617608839,2023-01-04 08:05:00+00:00,2023-01-04 15:15:00+00:00,2023-01-03 00:00:00+00:00
1672821000000,1672821300000,1672835400000,1,breakout_24,1864.1965,1855.8815,2655.8815,1855.8315,8.315000000000055,12.026458208057647,-100.60132291040233,-1.0060132291040234,stop,235,0.0822008418520854,2023-01-04 08:35:00+00:00,2023-01-04 12:30:00+00:00,2023-01-03 00:00:00+00:00
1672828200000,1672828500000,1672845300000,1,dip_unconfirmed,1858.415,1850.0749999999998,2650.075,1850.0249999999999,8.340000000000146,11.990407673860702,-100.5995203836925,-1.0059952038369249,stop,280,0.5043764988009783,2023-01-04 10:35:00+00:00,2023-01-04 15:15:00+00:00,2023-01-03 00:00:00+00:00
1672878600000,1672878900000,1672905600000,1,pullback_ema20,1856.6335000000001,1848.3085,2648.3085,1848.2585000000001,8.325000000000045,12.012012012011946,-100.60060060060005,-1.0060060060060005,stop,445,0.24798798798795363,2023-01-05 00:35:00+00:00,2023-01-05 08:00:00+00:00,2023-01-03 00:00:00+00:00
1672882200000,1672882500000,1672905600000,1,pullback_ema20,1857.8799999999999,1849.5315,2649.5315,1849.4815,8.34849999999983,11.97819967658885,-100.59890998382889,-1.005989099838289,stop,385,0.09798167335449484,2023-01-05 01:35:00+00:00,2023-01-05 08:00:00+00:00,2023-01-03 00:00:00+00:00
1672887600000,1672887900000,1672905600000,1,pullback_ema20,1857.247,1848.9285,2648.9285,1848.8785,8.318500000000085,12.02139808859758,-100.60106990442934,-1.0060106990442934,stop,295,0.0,2023-01-05 03:05:00+00:00,2023-01-05 08:00:00+00:00,2023-01-03 00:00:00+00:00
1672907400000,1672907700000,1672926600000,1,dip_unconfirmed,1848.3005,1839.9785000000002,2639.9785,1839.9285000000002,8.321999999999889,12.01634222542674,-100.60081711127079,-1.0060081711127078,stop,315,0.3131458783946202,2023-01-05 08:35:00+00:00,2023-01-05 13:50:00+00:00,2023-01-03 00:00:00+00:00
1673013600000,1673013900000,1673015100000,1,breakout_24,1852.147,1843.8049999999998,2643.805,1843.7549999999999,8.342000000000098,11.987532965715515,-100.59937664828523,-1.0059937664828522,stop,20,0.025473507552156372,2023-01-06 14:05:00+00:00,2023-01-06 14:25:00+00:00,2023-01-03 00:00:00+00:00
1673017200000,1673017500000,1673219100000,1,dip_unconfirmed,1844.1829999999998,1834.498936330668,2756.755303263885,1865.8260000000002,9.684063669331863,10.326243549666723,223.49088914544188,2.2349088914544186,timeout,3360,2.6256539473737948,2023-01-06 15:05:00+00:00,2023-01-08 23:05:00+00:00,2023-01-03 00:00:00+00:00
1673019000000,1673019300000,1673219100000,1,breakout_24,1858.065,1846.5251908784771,2966.506103030747,1865.8260000000002,11.539809121522921,8.665654600255891,67.25414535258766,0.6725414535258766,timeout,3330,1.000449823599549,2023-01-06 15:35:00+00:00,2023-01-08 23:05:00+00:00,2023-01-03 00:00:00+00:00
1673020800000,1673021100000,1673219100000,1,breakout_24,1862.73,1851.182462958586,2971.28616709998,1865.8260000000002,11.547537041413989,8.65985531298673,26.810912049008916,0.26810912049008917,timeout,3300,0.5957980455334965,2023-01-06 16:05:00+00:00,2023-01-08 23:05:00+00:00,2023-01-03 00:00:00+00:00
1673031600000,1673031900000,1673219100000,1,breakout_24,1869.1,1858.7432546627267,2857.567788390038,1865.8260000000002,10.356745337273196,9.655543005398332,-31.612247799670854,-0.31612247799670856,timeout,3120,0.04924326932755257,2023-01-06 19:05:00+00:00,2023-01-08 23:05:00+00:00,2023-01-03 00:00:00+00:00
1673038800000,1673039100000,1673219100000,1,dip_unconfirmed,1867.3384999999998,1858.4448170273363,2701.963114293728,1865.8260000000002,8.893682972663555,11.243935758376955,-17.006452834540543,-0.17006452834540542,timeout,3000,0.0,2023-01-06 21:05:00+00:00,2023-01-08 23:05:00+00:00,2023-01-03 00:00:00+00:00
1673042400000,1673219100000,1673392200000,1,dip_unconfirmed,1868.5240000000001,1857.925,2657.925,1876.24,10.59900000000016,9.434852344560666,72.7993206906291,0.727993206906291,timeout,2885,1.2057741296348505,2023-01-08 23:05:00+00:00,2023-01-10 23:10:00+00:00,2023-01-03 00:00:00+00:00
1673227800000,1673228100000,1673401200000,1,breakout_24,1871.24,1862.9250000000002,2662.925,1872.5895,8.314999999999827,12.026458208057976,16.229705351774655,0.16229705351774654,timeout,2885,1.2103427540589642,2023-01-09 01:35:00+00:00,2023-01-11 01:40:00+00:00,2023-01-03 00:00:00+00:00
1673229600000,1673229900000,1673403000000,1,breakout_24,1874.8835000000001,1866.4850000000001,2666.485,1873.1090000000002,8.398500000000013,11.906888134785955,-21.12877299517755,-0.2112877299517755,timeout,2885,0.764481752693926,2023-01-09 02:05:00+00:00,2023-01-11 02:10:00+00:00,2023-01-03 00:00:00+00:00
1673231400000,1673231700000,1673285400000,1,breakout_24,1877.4750000000001,1869.135,2669.135,1869.085,8.340000000000146,11.990407673860702,-100.5995203836925,-1.0059952038369249,stop,895,0.4591127098321204,2023-01-09 02:35:00+00:00,2023-01-09 17:30:00+00:00,2023-01-03 00:00:00+00:00
1673233200000,1673233500000,1673256000000,1,breakout_24,1879.6064999999999,1871.2215,2671.2215,1871.1715000000002,8.384999999999764,11.926058437686681,-100.59630292188379,-1.005963029218838,stop,375,0.1361955873583882,2023-01-09 03:05:00+00:00,2023-01-09 09:20:00+00:00,2023-01-03 00:00:00+00:00
1673256600000,1673256900000,1673430000000,1,dip_unconfirmed,1872.97,1864.5749999999998,2664.575,1885.382,8.39500000000021,11.91185229303127,147.84991066110453,1.4784991066110453,timeout,2885,1.588385944014274,2023-01-09 09:35:00+00:00,2023-01-11 09:40:00+00:00,2023-01-03 00:00:00+00:00
1673287200000,1673287500000,1673460600000,1,pullback_ema50,1872.347,1863.9585000000002,2663.9585,1874.37,8.388499999999794,11.921082434285324,24.116349764558148,0.24116349764558148,timeout,2885,1.663885080765399,2023-01-09 18:05:00+00:00,2023-01-11 18:10:00+00:00,2023-01-03 00:00:00+00:00
1673393400000,1673393700000,1673453400000,1,dip_unconfirmed,1877.2715,1868.885,2668.885,1868.835,8.38650000000007,11.923925356227171,-100.59619626781081,-1.005961962678108,stop,995,1.0770881774280159,2023-01-10 23:35:00+00:00,2023-01-11 16:10:00+00:00,2023-01-03 00:00:00+00:00
1673402400000,1673402700000,1673530800000,1,dip_unconfirmed,1873.4149999999997,1865.095,2665.0950000000003,1898.3749999999989,8.319999999999709,12.01923076923119,300.0,3.0,target,2135,2.415024038461632,2023-01-11 02:05:00+00:00,2023-01-12 13:40:00+00:00,2023-01-03 00:00:00+00:00
1673404200000,1673404500000,1673531700000,1,pullback_ema50,1875.087,1866.73,2666.73,1900.158,8.356999999999971,11.96601651310283,300.0,3.0,target,2120,2.844860595907604,2023-01-11 02:35:00+00:00,2023-01-12 13:55:00+00:00,2023-01-03 00:00:00+00:00
1673433000000,1673433300000,1673439600000,1,dip_unconfirmed,1884.6614999999997,1876.295,2676.295,1876.2450000000001,8.366499999999633,11.952429331262104,-100.59762146656257,-1.0059762146656257,stop,105,0.12400645431186064,2023-01-11 10:35:00+00:00,2023-01-11 12:20:00+00:00,2023-01-03 00:00:00+00:00
1673440200000,1673440500000,1673451600000,1,dip_unconfirmed,1878.4249999999997,1870.0,2670.0,1869.95,8.424999999999727,11.8694362017808,-100.5934718100885,-1.005934718100885,stop,185,0.206528189911014,2023-01-11 12:35:00+00:00,2023-01-11 15:40:00+00:00,2023-01-03 00:00:00+00:00
1673488800000,1673489100000,1673598900000,1,breakout_24,1880.965,1872.585,2672.585,1906.1049999999996,8.379999999999882,11.933174224343844,300.0,3.0,target,1830,2.8747016706444493,2023-01-12 02:05:00+00:00,2023-01-13 08:35:00+00:00,2023-01-03 00:00:00+00:00
1673490600000,1673490900000,1673530500000,1,breakout_24,1882.7765,1874.4115000000002,2674.4115,1874.3615000000002,8.364999999999782,11.954572624029003,-100.59772863120091,-1.0059772863120091,stop,660,0.9467423789599734,2023-01-12 02:35:00+00:00,2023-01-12 13:35:00+00:00,2023-01-03 00:00:00+00:00
1673492400000,1673492700000,1673530500000,1,breakout_24,1884.1399999999999,1875.7350000000001,2675.735,1875.6850000000002,8.404999999999745,11.897679952409641,-100.59488399761995,-1.0059488399761995,stop,630,0.7800118976799808,2023-01-12 03:05:00+00:00,2023-01-12 13:35:00+00:00,2023-01-03 00:00:00+00:00
1673530200000,1673530500000,1673530500000,1,dip_unconfirmed,1887.854,1879.3195,2679.3195,1879.2695,8.53449999999998,11.71714804616559,-100.58585740230774,-1.0058585740230774,stop,0,0.0,2023-01-12 13:35:00+00:00,2023-01-12 13:35:00+00:00,2023-01-03 00:00:00+00:00
1673532000000,1673532300000,1673532900000,1,pullback_ema20,1900.075,1891.2045301084536,2745.6515192631086,1891.1545301084536,8.870469891546463,11.27335994852987,-100.56366799742598,-1.0056366799742598,stop,10,0.11938488185495347,2023-01-12 14:05:00+00:00,2023-01-12 14:15:00+00:00,2023-01-03 00:00:00+00:00
1673535600000,1673535900000,1673633400000,1,dip_unconfirmed,1882.8065000000001,1871.19627340984,2999.5689324258447,1917.6371797704808,11.61022659016021,8.613096327056274,300.0,3.0,target,1625,2.9931801700969487,2023-01-12 15:05:00+00:00,2023-01-13 18:10:00+00:00,2023-01-03 00:00:00+00:00
1673537400000,1673537700000,1673823900000,1,pullback_ema20,1887.59,1875.4015395948513,3060.24758010971,1917.339,12.18846040514859,8.2044816716768,244.07512525071334,2.4407512525071335,timeout,4770,2.7886212753862307,2023-01-12 15:35:00+00:00,2023-01-15 23:05:00+00:00,2023-01-03 00:00:00+00:00
1673539200000,1673539500000,1673823900000,1,pullback_ema20,1889.2735,1877.1951439095048,3051.030752959022,1917.339,12.078356090495163,8.279272382000158,232.36191903702485,2.3236191903702483,timeout,4740,2.674660339367056,2023-01-12 16:05:00+00:00,2023-01-15 23:05:00+00:00,2023-01-03 00:00:00+00:00
1673560800000,1673564700000,1673634900000,1,dip_unconfirmed,1896.2259999999999,1888.5758802430753,2745.9878559355584,1919.1763592707737,7.650119756924596,13.071690794053756,300.0,3.0,target,1170,2.981064444037951,2023-01-12 23:05:00+00:00,2023-01-13 18:35:00+00:00,2023-01-03 00:00:00+00:00
1673598600000,1673598900000,1673613000000,1,breakout_24,1904.7635,1896.4485,2696.4485,1896.3985,8.315000000000055,12.026458208057647,-100.60132291040233,-1.0060132291040234,stop,235,0.5533974744437985,2023-01-13 08:35:00+00:00,2023-01-13 12:30:00+00:00,2023-01-03 00:00:00+00:00
1673613000000,1673613300000,1673823900000,1,dip_unconfirmed,1896.725,1888.385,2688.385,1917.339,8.339999999999918,11.990407673861029,247.17026378897162,2.4717026378897162,timeout,3510,2.980095923261425,2023-01-13 12:35:00+00:00,2023-01-15 23:05:00+00:00,2023-01-03 00:00:00+00:00
1673634600000,1673634900000,1673823900000,1,breakout_24,1918.9665000000002,1910.34955736299,2738.043821064005,1917.339,8.616942637010197,11.60504418011268,-18.88720940313666,-0.1888720940313666,timeout,3150,0.3031817792054121,2023-01-13 18:35:00+00:00,2023-01-15 23:05:00+00:00,2023-01-03 00:00:00+00:00
1673636400000,1673636700000,1673823900000,1,breakout_24,1919.998,1911.4970532656334,2727.8917267022885,1917.339,8.500946734366607,11.76339566930022,-31.278869084670525,-0.31278869084670524,timeout,3120,0.1590999264272812,2023-01-13 19:05:00+00:00,2023-01-15 23:05:00+00:00,2023-01-03 00:00:00+00:00
1673827200000,1673827500000,1673928600000,1,dip_unconfirmed,1917.407,1909.0,2709.0,1908.95,8.406999999999925,11.894849530153548,-100.59474247650714,-1.0059474247650713,stop,1685,1.347448554775791,2023-01-16 00:05:00+00:00,2023-01-17 04:10:00+00:00,2023-01-03 00:00:00+00:00
1673834400000,1673834700000,1673850600000,1,breakout_24,1924.6285,1916.2935,2716.2934999999998,1916.2435,8.335000000000036,11.997600479903967,-100.59988002399466,-1.0059988002399465,stop,265,0.4926814637072407,2023-01-16 02:05:00+00:00,2023-01-16 06:30:00+00:00,2023-01-03 00:00:00+00:00
1673836200000,1673836500000,1673848200000,1,breakout_24,1925.5300000000002,1917.17,2717.17,1917.1200000000001,8.360000000000127,11.961722488038095,-100.59808612440136,-1.0059808612440135,stop,195,0.38337320574158507,2023-01-16 02:35:00+00:00,2023-01-16 05:50:00+00:00,2023-01-03 00:00:00+00:00
1673838000000,1673838300000,1673845500000,1,breakout_24,1928.745,1920.4250000000002,2720.425,1920.3750000000002,8.319999999999709,12.01923076923119,-100.60096153846101,-1.00600961538461,stop,120,0.0,2023-01-16 03:05:00+00:00,2023-01-16 05:05:00+00:00,2023-01-03 00:00:00+00:00
1673920800000,1673921100000,1673950500000,1,dip_unconfirmed,1913.5249999999999,1905.15,2705.15,1905.1000000000001,8.374999999999773,11.94029850746301,-100.5970149253726,-1.005970149253726,stop,490,0.2967164179104439,2023-01-17 02:05:00+00:00,2023-01-17 10:15:00+00:00,2023-01-03 00:00:00+00:00
1673922600000,1673922900000,1673951100000,1,dip_unconfirmed,1912.78,1904.43,2704.4300000000003,1904.38,8.349999999999909,11.976047904191747,-100.59880239520903,-1.0059880239520904,stop,470,0.025149700598834257,2023-01-17 02:35:00+00:00,2023-01-17 10:25:00+00:00,2023-01-03 00:00:00+00:00
1673924400000,1673924700000,1674009900000,1,dip_unconfirmed,1911.0635,1902.7615,2702.7615,1902.7115000000001,8.301999999999907,12.04529029149616,-100.60226451457426,-1.0060226451457426,stop,1420,0.6415923873765579,2023-01-17 03:05:00+00:00,2023-01-18 02:45:00+00:00,2023-01-03 00:00:00+00:00
1674030600000,1674030900000,1674062700000,1,breakout_24,1912.3485,1904.0214999999998,2704.0215,1903.9714999999999,8.327000000000226,12.009126936471393,-100.60045634682302,-1.0060045634682302,stop,530,1.593370961931028,2023-01-18 08:35:00+00:00,2023-01-18 17:25:00+00:00,2023-01-03 00:00:00+00:00
1674046800000,1674047100000,1674059400000,1,breakout_24,1917.6850000000002,1909.375,2709.375,1909.325,8.310000000000173,12.033694344163408,-100.60168471720762,-1.0060168471720763,stop,205,0.9544524669073104,2023-01-18 13:05:00+00:00,2023-01-18 16:30:00+00:00,2023-01-03 00:00:00+00:00
1674048600000,1674048900000,1674059400000,1,breakout_24,1918.604,1910.1435,2710.1435,1910.0935,8.460500000000138,11.819632409431874,-100.59098162047106,-1.0059098162047106,stop,175,0.8288517227114155,2023-01-18 13:35:00+00:00,2023-01-18 16:30:00+00:00,2023-01-03 00:00:00+00:00
1674050400000,1674050700000,1674057300000,1,breakout_24,1921.695,1913.3899999999999,2713.39,1913.34,8.305000000000064,12.040939193256982,-100.6020469596623,-1.006020469596623,stop,110,0.47218543046359074,2023-01-18 14:05:00+00:00,2023-01-18 15:55:00+00:00,2023-01-03 00:00:00+00:00
1674115200000,1674115500000,1674202200000,1,breakout_24,1911.8235,1903.47,2703.4700000000003,1936.8839999999998,8.35349999999994,11.971030107140805,300.0,3.0,target,1445,2.7580654815347168,2023-01-19 08:05:00+00:00,2023-01-20 08:10:00+00:00,2023-01-03 00:00:00+00:00
1674117000000,1674117300000,1674123900000,1,breakout_24,1915.372,1907.0149999999999,2707.015,1906.965,8.357000000000198,11.966016513102504,-100.59830082565458,-1.0059830082565457,stop,110,0.0,2023-01-19 08:35:00+00:00,2023-01-19 10:25:00+00:00,2023-01-03 00:00:00+00:00
1674120600000,1674120900000,1674202200000,1,dip_unconfirmed,1910.6799999999998,1902.31,2702.31,1935.7899999999995,8.36999999999989,11.947431302270168,300.0,3.0,target,1355,2.889247311828021,2023-01-19 09:35:00+00:00,2023-01-20 08:10:00+00:00,2023-01-03 00:00:00+00:00
1674126000000,1674126300000,1674202200000,1,pullback_ema50,1910.0064999999997,1901.6385,2701.6385,1935.1104999999989,8.36799999999971,11.950286806883778,300.0,3.0,target,1265,2.970423040153105,2023-01-19 11:05:00+00:00,2023-01-20 08:10:00+00:00,2023-01-03 00:00:00+00:00
1674129600000,1674129900000,1674159300000,1,dip_unconfirmed,1908.555,1900.205,2700.205,1933.6050000000005,8.350000000000136,11.976047904191422,300.0,3.0,target,490,2.857065868263438,2023-01-19 12:05:00+00:00,2023-01-19 20:15:00+00:00,2023-01-03 00:00:00+00:00
1674131400000,1674131700000,1674202200000,1,pullback_ema50,1910.085,1901.7335,2701.7335000000003,1935.1395,8.351499999999987,11.973896904747669,300.0,3.0,target,1175,2.96689217505838,2023-01-19 12:35:00+00:00,2023-01-20 08:10:00+00:00,2023-01-03 00:00:00+00:00
1674160200000,1674160500000,1674190800000,1,breakout_24,1932.227,1923.6808608464312,2742.5947762033106,1923.6308608464312,8.546139153568902,11.701190233748955,-100.58505951168691,-1.005850595116869,stop,505,0.27234520269049206,2023-01-19 20:35:00+00:00,2023-01-20 05:00:00+00:00,2023-01-03 00:00:00+00:00
1674190800000,1674191100000,1674428700000,1,dip_unconfirmed,1924.1715,1915.8165,2715.8165,1923.965,8.355000000000018,11.968880909634922,-2.471573907839677,-0.02471573907839677,timeout,3960,1.5689407540394997,2023-01-20 05:05:00+00:00,2023-01-22 23:05:00+00:00,2023-01-03 00:00:00+00:00
1674207000000,1674207300000,1674223500000,1,pullback_ema20,1931.985,1923.645,2723.645,1923.595,8.339999999999918,11.990407673861029,-100.59952038369251,-1.005995203836925,stop,270,0.0,2023-01-20 09:35:00+00:00,2023-01-20 14:05:00+00:00,2023-01-03 00:00:00+00:00
1674210600000,1674210900000,1674225300000,1,dip_unconfirmed,1929.2200000000003,1920.825,2720.825,1920.775,8.39500000000021,11.91185229303127,-100.59559261465103,-1.0059559261465103,stop,240,0.2137581893984156,2023-01-20 10:35:00+00:00,2023-01-20 14:35:00+00:00,2023-01-03 00:00:00+00:00
1674212400000,1674212700000,1674225300000,1,pullback_ema20,1930.4569999999999,1922.07,2722.0699999999997,1922.02,8.386999999999944,11.92321449862891,-100.5961607249309,-1.005961607249309,stop,210,0.06647192082987027,2023-01-20 11:05:00+00:00,2023-01-20 14:35:00+00:00,2023-01-03 00:00:00+00:00
1674216000000,1674216300000,1674428700000,1,dip_unconfirmed,1927.49,1919.135,2719.135,1923.965,8.355000000000018,11.968880909634922,-42.19030520646419,-0.4219030520646419,timeout,3540,0.3865948533812102,2023-01-20 12:05:00+00:00,2023-01-22 23:05:00+00:00,2023-01-03 00:00:00+00:00
1674228600000,1674228900000,1674428700000,1,pullback_ema50,1930.51,1922.1,2722.1,1923.965,8.410000000000082,11.890606420927352,-77.82401902497038,-0.7782401902497038,timeout,3330,0.024970273483951765,2023-01-20 15:35:00+00:00,2023-01-22 23:05:00+00:00,2023-01-03 00:00:00+00:00
1674252000000,1674428700000,1674483000000,1,dip_unconfirmed,1927.565,1918.1,2718.1,1918.05,9.465000000000146,10.56524035921801,-100.52826201796042,-1.0052826201796041,stop,905,0.8133122028525882,2023-01-22 23:05:00+00:00,2023-01-23 14:10:00+00:00,2023-01-03 00:00:00+00:00
1674430200000,1674430500000,1674483000000,1,dip_unconfirmed,1926.6315,1918.17,2718.17,1918.1200000000001,8.461499999999887,11.818235537434418,-100.59091177687118,-1.0059091177687118,stop,875,1.0200910004136472,2023-01-22 23:35:00+00:00,2023-01-23 14:10:00+00:00,2023-01-03 00:00:00+00:00
1674432000000,1674432300000,1674461100000,1,pullback_ema50,1927.6599999999999,1919.32,2719.3199999999997,1919.27,8.339999999999918,11.990407673861029,-100.59952038369251,-1.005995203836925,stop,480,0.9116306954436619,2023-01-23 00:05:00+00:00,2023-01-23 08:05:00+00:00,2023-01-03 00:00:00+00:00
1674435600000,1674435900000,1674454200000,1,breakout_24,1932.667,1924.3165,2724.3165,1924.2665,8.350500000000011,11.975330818513847,-100.59876654092515,-1.0059876654092514,stop,305,0.31087958804861987,2023-01-23 01:05:00+00:00,2023-01-23 06:10:00+00:00,2023-01-03 00:00:00+00:00
1674441000000,1674441300000,1674453600000,1,breakout_24,1934.7435,1926.4165,2726.4165000000003,1926.3665,8.326999999999998,12.009126936471722,-100.60045634682305,-1.0060045634682304,stop,205,0.0,2023-01-23 02:35:00+00:00,2023-01-23 06:00:00+00:00,2023-01-03 00:00:00+00:00
1674453600000,1674453900000,1674483000000,1,dip_unconfirmed,1926.6779999999999,1918.325,2718.325,1918.275,8.352999999999838,11.971746677840528,-100.59858733389147,-1.0059858733389146,stop,485,0.2979169160780805,2023-01-23 06:05:00+00:00,2023-01-23 14:10:00+00:00,2023-01-03 00:00:00+00:00
1674525600000,1674525900000,1674570000000,1,breakout_24,1936.2269999999999,1927.855,2727.855,1927.805,8.371999999999844,11.94457716196869,-100.59722885809789,-1.005972288580979,stop,735,0.7104037267080867,2023-01-24 02:05:00+00:00,2023-01-24 14:20:00+00:00,2023-01-03 00:00:00+00:00
1674534600000,1674534900000,1674572100000,1,dip_unconfirmed,1933.3519999999999,1925.0214999999998,2725.0215,1924.9714999999999,8.330500000000029,12.004081387671766,-100.60020406938304,-1.0060020406938304,stop,620,1.0590600804273405,2023-01-24 04:35:00+00:00,2023-01-24 14:55:00+00:00,2023-01-03 00:00:00+00:00
1674536400000,1674536700000,1674572400000,1,dip_unconfirmed,1933.1985,1924.7714999999998,2724.7715,1924.7214999999999,8.427000000000135,11.866619200189676,-100.59333096000894,-1.0059333096000893,stop,595,1.0651477394090119,2023-01-24 05:05:00+00:00,2023-01-24 15:00:00+00:00,2023-01-03 00:00:00+00:00
1674543600000,1674543900000,1674568500000,1,breakout_24,1940.169,1931.844,2731.844,1931.794,8.325000000000045,12.012012012011946,-100.60060060060005,-1.0060060060060005,stop,410,0.2409009009008703,2023-01-24 07:05:00+00:00,2023-01-24 13:55:00+00:00,2023-01-03 00:00:00+00:00
1674608400000,1674608700000,1674616800000,1,pullback_ema20,1937.3055,1928.9535,2728.9535,1928.9035000000001,8.351999999999862,11.97318007662855,-100.59865900383087,-1.0059865900383087,stop,135,0.24413314176248185,2023-01-25 01:05:00+00:00,2023-01-25 03:20:00+00:00,2023-01-03 00:00:00+00:00
1674617400000,1674617700000,1674641700000,1,dip_unconfirmed,1933.17,1924.845,2724.8450000000003,1924.795,8.325000000000045,12.012012012011946,-100.60060060060005,-1.0060060060060005,stop,400,0.04264264264261728,2023-01-25 03:35:00+00:00,2023-01-25 10:15:00+00:00,2023-01-03 00:00:00+00:00
1674619200000,1674619500000,1674641700000,1,dip_unconfirmed,1932.2285000000002,1923.85,2723.85,1923.8,8.378500000000258,11.935310616458425,-100.59676553082238,-1.0059676553082237,stop,370,0.15474130214234724,2023-01-25 04:05:00+00:00,2023-01-25 10:15:00+00:00,2023-01-03 00:00:00+00:00
1674624600000,1674624900000,1674655200000,1,dip_unconfirmed,1928.4035000000001,1920.0165,2720.0164999999997,1919.9665,8.387000000000171,11.923214498628587,-100.59616072493088,-1.0059616072493087,stop,505,0.6106474305472323,2023-01-25 05:35:00+00:00,2023-01-25 14:00:00+00:00,2023-01-03 00:00:00+00:00
1674694800000,1674695100000,1674724800000,1,dip_unconfirmed,1945.695,1937.3400000000001,2737.34,1937.2900000000002,8.35499999999979,11.96888090963525,-100.59844404548122,-1.0059844404548122,stop,495,0.35846798324358986,2023-01-26 01:05:00+00:00,2023-01-26 09:20:00+00:00,2023-01-03 00:00:00+00:00
1674696600000,1674696900000,1674726600000,1,dip_unconfirmed,1943.595,1935.225,2735.225,1935.175,8.370000000000118,11.947431302269843,-100.59737156511295,-1.0059737156511295,stop,495,0.6087216248506517,2023-01-26 01:35:00+00:00,2023-01-26 09:50:00+00:00,2023-01-03 00:00:00+00:00
1674716400000,1674716700000,1674717900000,1,dip_unconfirmed,1946.1835,1937.8235,2737.8235,1937.7735,8.360000000000127,11.961722488038095,-100.59808612440136,-1.0059808612440135,stop,20,0.0,2023-01-26 07:05:00+00:00,2023-01-26 07:25:00+00:00,2023-01-03 00:00:00+00:00
1674718200000,1674718500000,1674732900000,1,dip_unconfirmed,1941.3899999999999,1933.0549999999998,2733.055,1933.0049999999999,8.335000000000036,11.997600479903967,-100.59988002399466,-1.0059988002399465,stop,240,0.4124775044991106,2023-01-26 07:35:00+00:00,2023-01-26 11:35:00+00:00,2023-01-03 00:00:00+00:00
1675054800000,1675055100000,1675064700000,1,breakout_24,1933.7740000000001,1925.4165,2725.4165000000003,1925.3665,8.357500000000073,11.965300628178179,-100.59826503140836,-1.0059826503140836,stop,160,0.0,2023-01-30 05:05:00+00:00,2023-01-30 07:45:00+00:00,2023-01-03 00:00:00+00:00
1675180800000,1675181100000,1675322100000,1,breakout_24,1928.99,1919.2331354872836,2862.9195867589433,1958.2605935381494,9.756864512716447,10.249194284666622,300.0,3.0,target,2350,2.8799211020484905,2023-01-31 16:05:00+00:00,2023-02-02 07:15:00+00:00,2023-01-03 00:00:00+00:00
1675186200000,1675186500000,1675271700000,1,breakout_24,1930.2300000000002,1921.08543610261,2804.041825841622,1921.03543610261,9.144563897390299,10.935458609298829,-100.54677293046444,-1.0054677293046443,stop,1420,0.2994675340156409,2023-01-31 17:35:00+00:00,2023-02-01 17:15:00+00:00,2023-01-03 00:00:00+00:00
1675251000000,1675251300000,1675271700000,1,breakout_24,1930.0149999999999,1921.69,2721.69,1921.64,8.324999999999818,12.012012012012274,-100.60060060060006,-1.0060060060060005,stop,340,0.354774774774819,2023-02-01 11:35:00+00:00,2023-02-01 17:15:00+00:00,2023-01-03 00:00:00+00:00
1675265400000,1675265700000,1675271700000,1,pullback_ema20,1928.775,1920.435,2720.435,1920.385,8.340000000000146,11.990407673860702,-100.5995203836925,-1.0059952038369249,stop,100,0.3896882494004728,2023-02-01 15:35:00+00:00,2023-02-01 17:15:00+00:00,2023-01-03 00:00:00+00:00
1675267200000,1675267500000,1675271100000,1,pullback_ema20,1932.33,1923.9450000000002,2723.945,1923.8950000000002,8.384999999999764,11.926058437686681,-100.59630292188379,-1.005963029218838,stop,60,0.0,2023-02-01 16:05:00+00:00,2023-02-01 17:05:00+00:00,2023-01-03 00:00:00+00:00
1675270800000,1675271100000,1675283700000,1,dip_unconfirmed,1925.517,1917.1785,2717.1785,1950.5325000000003,8.338500000000067,11.99256460994174,300.0,3.0,target,210,2.6429213887389618,2023-02-01 17:05:00+00:00,2023-02-01 20:35:00+00:00,2023-01-03 00:00:00+00:00
1675276200000,1675276500000,1675284300000,1,pullback_ema50,1927.485,1919.1750000000002,2719.175,1952.414999999999,8.309999999999718,12.033694344164067,300.0,3.0,target,130,2.8297232250301647,2023-02-01 18:35:00+00:00,2023-02-01 20:45:00+00:00,2023-01-03 00:00:00+00:00
1675278000000,1675278300000,1675285500000,1,pullback_ema50,1928.2255,1919.72,2719.7200000000003,1953.742,8.505499999999984,11.757098348127705,300.0,3.0,target,120,2.9420962906354635,2023-02-01 19:05:00+00:00,2023-02-01 21:05:00+00:00,2023-01-03 00:00:00+00:00
1675281600000,1675281900000,1675349400000,1,pullback_ema20,1943.5,1932.6968697555,2971.0098942054856,1932.6468697555001,10.803130244499926,9.256576356738073,-100.4628288178365,-1.004628288178365,stop,1125,1.4772570207718345,2023-02-01 20:05:00+00:00,2023-02-02 14:50:00+00:00,2023-01-03 00:00:00+00:00
1675283400000,1675283700000,1675349400000,1,breakout_24,1947.8950000000002,1936.6687362015357,3023.2951160479506,1936.6187362015357,11.226263798464515,8.907683072054445,-100.4453841536023,-1.0044538415360231,stop,1095,1.0300844704523628,2023-02-01 20:35:00+00:00,2023-02-02 14:50:00+00:00,2023-01-03 00:00:00+00:00
1675285200000,1675285500000,1675348800000,1,breakout_24,1953.9265,1942.5747550442834,3040.249250615951,1942.5247550442834,11.35174495571664,8.809218352782043,-100.4404609176387,-1.004404609176387,stop,1055,0.4873700053676689,2023-02-01 21:05:00+00:00,2023-02-02 14:40:00+00:00,2023-01-03 00:00:00+00:00
1675297800000,1675298100000,1675348800000,1,dip_unconfirmed,1951.53,1941.1706607406086,2942.604586679745,1941.1206607406086,10.35933925939139,9.653125310028217,-100.48265626550098,-1.0048265626550097,stop,845,0.7653963058321458,2023-02-02 00:35:00+00:00,2023-02-02 14:40:00+00:00,2023-01-03 00:00:00+00:00
1675330200000,1675330500000,1675346100000,1,dip_unconfirmed,1955.212,1946.795,2746.795,1946.7450000000001,8.416999999999916,11.880717595342876,-100.5940358797666,-1.0059403587976659,stop,260,0.2300700962338176,2023-02-02 09:35:00+00:00,2023-02-02 13:55:00+00:00,2023-01-03 00:00:00+00:00
1675346400000,1675346700000,1675349400000,1,dip_unconfirmed,1944.771,1936.404,2736.404,1936.354,8.366999999999962,11.951715071112758,-100.5975857535551,-1.0059758575355509,stop,45,0.25522887534362404,2023-02-02 14:05:00+00:00,2023-02-02 14:50:00+00:00,2023-01-03 00:00:00+00:00
1675659600000,1675659900000,1675675200000,1,breakout_24,1878.839,1870.4453503068348,2671.9103196233546,1870.3953503068349,8.393649693165116,11.913768581673025,-100.5956884290831,-1.005956884290831,stop,255,0.2652600574709755,2023-02-06 05:05:00+00:00,2023-02-06 09:20:00+00:00,2023-01-03 00:00:00+00:00
1675785600000,1675785900000,1675791300000,1,breakout_24,1879.8400000000001,1870.9869667213743,2722.2902945839533,1870.9369667213743,8.853033278625844,11.29556354898531,-100.56477817744874,-1.0056477817744875,stop,90,0.0,2023-02-07 16:05:00+00:00,2023-02-07 17:35:00+00:00,2023-01-03 00:00:00+00:00
1675792800000,1675793100000,1675794600000,1,breakout_24,1881.01,1870.7618365402222,2861.1781825180224,1870.7118365402223,10.248163459777743,9.757845919659907,-100.48789229598256,-1.0048789229598256,stop,25,0.14392822731497476,2023-02-07 18:05:00+00:00,2023-02-07 18:30:00+00:00,2023-01-03 00:00:00+00:00
1675843200000,1675843500000,1675853700000,1,breakout_24,1886.8470000000002,1878.351,2678.351,1878.3010000000002,8.496000000000095,11.770244821092147,-100.58851224105406,-1.0058851224105405,stop,170,0.0,2023-02-08 08:05:00+00:00,2023-02-08 10:55:00+00:00,2023-01-03 00:00:00+00:00
1675931400000,1675931700000,1675956600000,1,breakout_24,1885.0249999999999,1876.6815000000001,2676.6815,1876.6315000000002,8.343499999999722,11.985377839036776,-100.5992688919513,-1.005992688919513,stop,415,0.5886618325642832,2023-02-09 08:35:00+00:00,2023-02-09 15:30:00+00:00,2023-01-03 00:00:00+00:00
1675940400000,1675940700000,1675956300000,1,breakout_24,1886.0535,1877.6865,2677.6865,1877.6365,8.366999999999962,11.951715071112758,-100.5975857535551,-1.0059758575355509,stop,260,0.46408509621128585,2023-02-09 11:05:00+00:00,2023-02-09 15:25:00+00:00,2023-01-03 00:00:00+00:00
1675951200000,1675951500000,1675953600000,1,breakout_24,1889.9750000000001,1881.62,2681.62,1881.57,8.355000000000246,11.968880909634597,-100.59844404548119,-1.005984440454812,stop,35,0.0,2023-02-09 14:05:00+00:00,2023-02-09 14:40:00+00:00,2023-01-03 00:00:00+00:00
1676017800000,1676018100000,1676020800000,1,breakout_24,1870.6599999999999,1862.31,2662.31,1862.26,8.349999999999909,11.976047904191747,-100.59880239520903,-1.0059880239520904,stop,45,0.0,2023-02-10 08:35:00+00:00,2023-02-10 09:20:00+00:00,2023-01-03 00:00:00+00:00
1676354400000,1676354700000,1676381700000,1,breakout_24,1859.8205,1851.4540000000002,2651.454,1851.4040000000002,8.36649999999986,11.95242933126178,-100.59762146656254,-1.0059762146656255,stop,450,0.5688758740213911,2023-02-14 06:05:00+00:00,2023-02-14 13:35:00+00:00,2023-01-03 00:00:00+00:00
1676356200000,1676356500000,1676381700000,1,breakout_24,1860.245,1851.85,2651.85,1851.8,8.394999999999982,11.911852293031592,-100.59559261465104,-1.0059559261465103,stop,420,0.5163787969029239,2023-02-14 06:35:00+00:00,2023-02-14 13:35:00+00:00,2023-01-03 00:00:00+00:00
1676358000000,1676358300000,1676374500000,1,breakout_24,1862.7364999999998,1854.3115,2654.3115,1854.2615,8.424999999999727,11.8694362017808,-100.5934718100885,-1.005934718100885,stop,270,0.14089020771518,2023-02-14 07:05:00+00:00,2023-02-14 11:35:00+00:00,2023-01-03 00:00:00+00:00
1676512800000,1676513100000,1676554500000,1,breakout_24,1841.83,1833.524,2633.524,1833.474,8.30600000000004,12.039489525644054,-100.60197447628165,-1.0060197447628165,stop,690,0.32627016614495824,2023-02-16 02:05:00+00:00,2023-02-16 13:35:00+00:00,2023-01-03 00:00:00+00:00
1676647800000,1676648100000,1676847900000,1,breakout_24,1834.587,1826.22,2626.2200000000003,1840.6259999999997,8.366999999999962,11.951715071112758,72.17640731444708,0.7217640731444708,timeout,3330,1.044101828612423,2023-02-17 15:35:00+00:00,2023-02-19 23:05:00+00:00,2023-01-03 00:00:00+00:00
1676655000000,1676655300000,1676847900000,1,breakout_24,1842.33,1833.7138425798146,2658.8295845983703,1840.6259999999997,8.616157420185345,11.60610178334565,-19.776797438823056,-0.19776797438823057,timeout,3210,0.11524859070864152,2023-02-17 17:35:00+00:00,2023-02-19 23:05:00+00:00,2023-01-03 00:00:00+00:00
1676867400000,1676867700000,1676963400000,1,breakout_24,1844.78,1836.395,2636.395,1836.345,8.384999999999991,11.926058437686358,-100.59630292188378,-1.0059630292188377,stop,1595,0.29218843172329406,2023-02-20 04:35:00+00:00,2023-02-21 07:10:00+00:00,2023-01-03 00:00:00+00:00
1676878200000,1676878500000,1676950800000,1,breakout_24,1846.1449999999998,1837.7649999999999,2637.765,1837.715,8.379999999999882,11.933174224343844,-100.59665871121665,-1.0059665871121666,stop,1205,0.12947494033413504,2023-02-20 07:35:00+00:00,2023-02-21 03:40:00+00:00,2023-01-03 00:00:00+00:00
1676880000000,1676880300000,1676949600000,1,breakout_24,1846.494,1838.1284999999998,2638.1285,1838.0784999999998,8.365500000000111,11.953858107704104,-100.59769290538466,-1.0059769290538467,stop,1155,0.08798039567268741,2023-02-20 08:05:00+00:00,2023-02-21 03:20:00+00:00,2023-01-03 00:00:00+00:00
1677052800000,1677053100000,1677061800000,1,breakout_24,1840.2765,1831.9045,2631.9045,1831.8545000000001,8.371999999999844,11.94457716196869,-100.59722885809789,-1.005972288580979,stop,145,0.07566889632106122,2023-02-22 08:05:00+00:00,2023-02-22 10:30:00+00:00,2023-01-03 00:00:00+00:00
1677069000000,1677069300000,1677077100000,1,breakout_24,1843.1425,1834.7545,2634.7545,1834.7045,8.38799999999992,11.92179303767298,-100.59608965188312,-1.0059608965188311,stop,130,0.3076418693371547,2023-02-22 12:35:00+00:00,2023-02-22 14:45:00+00:00,2023-01-03 00:00:00+00:00
1678930200000,1678930500000,1679058300000,1,dip_unconfirmed,1911.7949999999998,1899.937238164568,3049.213421707762,1947.3682855062953,11.857761835431802,8.433294696575299,300.0,3.0,target,2130,2.8635252142221557,2023-03-16 01:35:00+00:00,2023-03-17 13:05:00+00:00,2023-01-03 00:00:00+00:00
1678932000000,1678932300000,1679058300000,1,dip_unconfirmed,1911.505,1900.0524354385275,3011.308891585779,1945.862693684418,11.452564561472627,8.731668742249074,300.00000000000006,3.0000000000000004,target,2100,2.9901599607831857,2023-03-16 02:05:00+00:00,2023-03-17 13:05:00+00:00,2023-01-03 00:00:00+00:00
1678933800000,1678934100000,1679056500000,1,dip_unconfirmed,1910.73,1899.6864043357755,2965.5459707582204,1943.8607869926736,11.04359566422454,9.055021846186163,300.0,3.0,target,2040,2.733258344271309,2023-03-16 02:35:00+00:00,2023-03-17 12:35:00+00:00,2023-01-03 00:00:00+00:00
1678944600000,1678944900000,1679056500000,1,pullback_ema50,1916.115,1907.100915452235,2770.009370228722,1943.1572536432948,9.014084547764924,11.093749949882085,300.0,3.0,target,1860,2.751249987570777,2023-03-16 05:35:00+00:00,2023-03-17 12:35:00+00:00,2023-01-03 00:00:00+00:00
1678946400000,1678946700000,1679058300000,1,pullback_ema20,1920.375,1911.3172786342182,2781.0894152123856,1947.5481640973455,9.057721365781845,11.040304284229679,300.0,3.0,target,1860,2.801477212123281,2023-03-16 06:05:00+00:00,2023-03-17 13:05:00+00:00,2023-01-03 00:00:00+00:00
1679056200000,1679056500000,1679074200000,1,breakout_24,1941.2250000000001,1932.85,2732.85,1966.3500000000008,8.375000000000227,11.940298507462362,300.0,3.0,target,295,2.970805970149171,2023-03-17 12:35:00+00:00,2023-03-17 17:30:00+00:00,2023-01-03 00:00:00+00:00
1679058000000,1679058300000,1679074500000,1,breakout_24,1945.4019999999998,1937.0565,2737.0564999999997,1970.4384999999995,8.345499999999902,11.982505541908955,300.0,3.0,target,270,2.7658618417111596,2023-03-17 13:05:00+00:00,2023-03-17 17:35:00+00:00,2023-01-03 00:00:00+00:00
1679059800000,1679060100000,1679075700000,1,breakout_24,1947.49,1939.0900000000001,2739.09,1972.6899999999996,8.399999999999864,11.904761904762099,300.0,3.0,target,260,2.9558928571429113,2023-03-17 13:35:00+00:00,2023-03-17 17:55:00+00:00,2023-01-03 00:00:00+00:00
1679063400000,1679063700000,1679079000000,1,breakout_24,1955.2885000000003,1946.2592459341977,2808.4846525144276,1982.3762621974083,9.029254065802661,11.075111993884342,300.0,3.0,target,255,2.932689655980525,2023-03-17 14:35:00+00:00,2023-03-17 18:50:00+00:00,2023-01-03 00:00:00+00:00
1679065200000,1679065500000,1679263500000,1,breakout_24,1962.6779999999999,1952.7898355103264,2905.5062844776808,1985.0269999999998,9.8881644896735,10.113100374132422,226.01768026148483,2.2601768026148483,timeout,3300,2.6369909225550336,2023-03-17 15:05:00+00:00,2023-03-19 22:05:00+00:00,2023-01-03 00:00:00+00:00
1679074200000,1679074500000,1679263500000,1,breakout_24,1968.9515,1957.9434547400929,3026.1479807308187,1985.0269999999998,11.008045259907021,9.084264975200933,146.03410160884187,1.4603410160884187,timeout,3150,1.7988207290644156,2023-03-17 17:35:00+00:00,2023-03-19 22:05:00+00:00,2023-01-03 00:00:00+00:00
1679076000000,1679076300000,1679263500000,1,breakout_24,1973.1960000000001,1961.994600830086,3055.184517821476,1985.0269999999998,11.201399169914112,8.927456158208383,105.62073380776049,1.056207338077605,timeout,3120,1.3888443545324591,2023-03-17 18:05:00+00:00,2023-03-19 22:05:00+00:00,2023-01-03 00:00:00+00:00
1679077800000,1679078100000,1679263500000,1,breakout_24,1980.7815,1968.866879342223,3126.6789451199447,1985.0269999999998,11.91462065777705,8.39304941989293,35.63269131215347,0.3563269131215347,timeout,3090,0.6690519345067547,2023-03-17 18:35:00+00:00,2023-03-19 22:05:00+00:00,2023-01-03 00:00:00+00:00
1679079600000,1679079900000,1679263500000,1,breakout_24,1984.0650000000003,1971.2888879606353,3207.9000918970924,1985.0269999999998,12.776112039364989,7.827107314955129,7.52967723698319,0.0752967723698319,timeout,3060,0.36693479092506887,2023-03-17 19:05:00+00:00,2023-03-19 22:05:00+00:00,2023-01-03 00:00:00+00:00
1679086800000,1679263500000,1679265600000,1,breakout_24,1985.648,1976.082803780813,3282.802425699525,1976.032803780813,9.565196219186873,10.454568595196147,-100.52272842975934,-1.0052272842975933,stop,35,0.46899194718050996,2023-03-19 22:05:00+00:00,2023-03-19 22:40:00+00:00,2023-01-03 00:00:00+00:00
1679266800000,1679267100000,1679386200000,1,dip_unconfirmed,1977.992,1963.5297950967215,3350.550285424586,1963.4797950967215,14.462204903278462,6.914574967564651,-100.34572874837792,-1.0034572874837793,stop,1985,2.18037292452217,2023-03-19 23:05:00+00:00,2023-03-21 08:10:00+00:00,2023-01-03 00:00:00+00:00
1679272200000,1679272500000,1679386200000,1,dip_unconfirmed,1976.966,1964.2859183044814,3190.694087856343,1964.2359183044814,12.680081695518538,7.886384520325491,-100.39431922601592,-1.0039431922601592,stop,1895,2.567727935972792,2023-03-20 00:35:00+00:00,2023-03-21 08:10:00+00:00,2023-01-03 00:00:00+00:00
1679274000000,1679274300000,1679404200000,1,dip_unconfirmed,1972.5400000000002,1960.0105669970185,3172.1038672951704,1959.9605669970185,12.529433002981705,7.981207128543039,-100.39906035642679,-1.0039906035642678,stop,2165,2.951849456491635,2023-03-20 01:05:00+00:00,2023-03-21 13:10:00+00:00,2023-01-03 00:00:00+00:00
1679275800000,1679276100000,1679297700000,1,dip_unconfirmed,1971.695,1959.5134193543743,3142.6714839169417,2008.239741936877,12.181580645625672,8.209115295387333,300.00000000000006,3.0000000000000004,target,360,2.964845125658554,2023-03-20 01:35:00+00:00,2023-03-20 07:35:00+00:00,2023-01-03 00:00:00+00:00
1679277600000,1679277900000,1679297400000,1,dip_unconfirmed,1970.1550000000002,1958.2813894004903,3106.642449351446,2005.77583179853,11.873610599509902,8.422038028106432,300.0,3.0,target,325,2.7183391041417675,2023-03-20 02:05:00+00:00,2023-03-20 07:30:00+00:00,2023-01-03 00:00:00+00:00
1679297400000,1679297700000,1679303400000,1,breakout_24,2006.5695,1993.080809306932,3302.999878613734,1993.030809306932,13.488690693068065,7.413617991210275,-100.37068089956018,-1.0037068089956018,stop,95,0.21910947973022182,2023-03-20 07:35:00+00:00,2023-03-20 09:10:00+00:00,2023-01-03 00:00:00+00:00
1679304600000,1679304900000,1679308500000,1,dip_unconfirmed,1992.7335000000003,1978.0342609229301,3418.1081686299176,1977.9842609229302,14.69923907707016,6.803073239076258,-100.34015366195351,-1.003401536619535,stop,60,0.0,2023-03-20 09:35:00+00:00,2023-03-20 10:35:00+00:00,2023-01-03 00:00:00+00:00
1679306400000,1679306700000,1679321700000,1,dip_unconfirmed,1985.1799999999998,1970.3656708570065,3432.7985851563517,1970.3156708570066,14.814329142993302,6.750221291478242,-100.3375110645736,-1.003375110645736,stop,250,0.21431952600444645,2023-03-20 10:05:00+00:00,2023-03-20 14:15:00+00:00,2023-01-03 00:00:00+00:00
1679308200000,1679308500000,1679321700000,1,dip_unconfirmed,1983.996,1969.0310515100775,3427.5759005023265,1968.9810515100776,14.964948489922563,6.682281604065679,-100.33411408020298,-1.0033411408020299,stop,220,0.15629856671909234,2023-03-20 10:35:00+00:00,2023-03-20 14:15:00+00:00,2023-01-03 00:00:00+00:00
1679322600000,1679322900000,1679407500000,1,dip_unconfirmed,1967.6585,1951.4033192525994,3546.571393992668,1951.3533192525995,16.255180747400573,6.151884839299088,-100.30759424196468,-1.0030759424196467,stop,1410,1.0579088763900686,2023-03-20 14:35:00+00:00,2023-03-21 14:05:00+00:00,2023-01-03 00:00:00+00:00
1679328000000,1679328300000,1679404200000,1,pullback_ema50,1974.2399999999998,1959.1475333082947,3435.3942024788203,1959.0975333082947,15.092466691705113,6.625822143106697,-100.33129110715504,-1.0033129110715504,stop,1265,0.7033310204907914,2023-03-20 16:05:00+00:00,2023-03-21 13:10:00+00:00,2023-01-03 00:00:00+00:00
1679387400000,1679387700000,1679404200000,1,dip_unconfirmed,1968.0015,1958.8091648025938,2845.392684543237,1958.759164802594,9.192335197406237,10.878628536981179,-100.54393142684857,-1.0054393142684857,stop,275,0.17008735717569815,2023-03-21 08:35:00+00:00,2023-03-21 13:10:00+00:00,2023-01-03 00:00:00+00:00
1679497200000,1679497500000,1679511300000,1,breakout_24,1951.0385,1942.5774644681592,2757.181017652253,1976.421606595523,8.461035531840935,11.818884298934295,300.0,3.0,target,230,2.9747540836202906,2023-03-22 15:05:00+00:00,2023-03-22 18:55:00+00:00,2023-01-03 00:00:00+00:00
1679509800000,1679510100000,1679589000000,1,breakout_24,1960.541,1949.8790891113504,2968.9701779763336,1992.5267326659487,10.661910888649572,9.379181747472465,300.0,3.0,target,1315,2.867544131563512,2023-03-22 18:35:00+00:00,2023-03-23 16:30:00+00:00,2023-01-03 00:00:00+00:00
1679511600000,1679511900000,1679511900000,1,breakout_24,1971.3585,1958.1252256033968,3242.9526652637333,1958.0752256033968,13.233274396603292,7.556708717962346,-100.37783543589778,-1.0037783543589778,stop,0,0.0,2023-03-22 19:05:00+00:00,2023-03-22 19:05:00+00:00,2023-01-03 00:00:00+00:00
1679526000000,1679526300000,1679868300000,1,dip_unconfirmed,1966.2819999999997,1951.997727803945,3317.424947409436,1976.156,14.284272196054644,7.0007066952714805,69.12497790911236,0.6912497790911236,timeout,5700,2.571429576240183,2023-03-22 23:05:00+00:00,2023-03-26 22:05:00+00:00,2023-01-03 00:00:00+00:00
1679536800000,1679537100000,1679868300000,1,dip_unconfirmed,1969.4350000000002,1957.6796658605037,3107.2130798101525,1976.156,11.755334139496426,8.506776482347084,57.174044737852846,0.5717404473785285,timeout,5520,2.8564054072424825,2023-03-23 02:05:00+00:00,2023-03-26 22:05:00+00:00,2023-01-03 00:00:00+00:00
1679553000000,1679553300000,1679575200000,1,breakout_24,1982.8000000000002,1972.7742723736635,2939.347035007327,1972.7242723736636,10.025727626336675,9.974338394882093,-100.49871691974366,-1.0049871691974366,stop,365,0.055856295011334274,2023-03-23 06:35:00+00:00,2023-03-23 12:40:00+00:00,2023-01-03 00:00:00+00:00
1679560200000,1679560500000,1679868300000,1,dip_unconfirmed,1976.145,1965.559724210334,2988.0873031769156,1976.156,10.585275789665957,9.447084987396037,0.1039179348610471,0.0010391793486104709,timeout,5130,2.5382427944135615,2023-03-23 08:35:00+00:00,2023-03-26 22:05:00+00:00,2023-01-03 00:00:00+00:00
1679576400000,1679576700000,1679596800000,1,dip_unconfirmed,1972.3265000000001,1962.379667764884,2922.5628912764546,2002.1669967053483,9.946832235116062,10.053451956992133,300.0,3.0,target,335,2.9825073248210523,2023-03-23 13:05:00+00:00,2023-03-23 18:40:00+00:00,2023-01-03 00:00:00+00:00
1679589000000,1679589300000,1679679000000,1,breakout_24,1993.1000000000001,1980.9515954474268,3160.6420507047605,1980.9015954474269,12.14840455257331,8.231533578523914,-100.41157667892581,-1.0041157667892582,stop,1495,0.8159919236390578,2023-03-23 16:35:00+00:00,2023-03-24 17:30:00+00:00,2023-01-03 00:00:00+00:00
1679598000000,1679598300000,1679647500000,1,dip_unconfirmed,1993.91,1981.6115204750279,3163.459472972243,1981.561520475028,12.298479524972208,8.131086432021846,-100.40655432160072,-1.0040655432160073,stop,820,0.40858709320910513,2023-03-23 19:05:00+00:00,2023-03-24 08:45:00+00:00,2023-01-03 00:00:00+00:00
1679648400000,1679648700000,1679679600000,1,dip_unconfirmed,1985.9199999999998,1977.55,2777.55,1977.5,8.36999999999989,11.947431302270168,-100.59737156511297,-1.0059737156511297,stop,515,2.000238948626067,2023-03-24 09:05:00+00:00,2023-03-24 17:40:00+00:00,2023-01-03 00:00:00+00:00
1679680800000,1679681100000,1679868300000,1,dip_unconfirmed,1980.2335,1968.1313745156722,3143.043922948447,1976.156,12.102125484327871,8.263011330488927,-33.69242870006943,-0.33692428700069427,timeout,3120,0.0,2023-03-24 18:05:00+00:00,2023-03-26 22:05:00+00:00,2023-01-03 00:00:00+00:00
1679682600000,1679682900000,1679868300000,1,dip_unconfirmed,1977.8200000000002,1965.8750977645527,3123.865321309273,1976.156,11.944902235447444,8.371772160950977,-13.930628875824222,-0.13930628875824222,timeout,3090,0.1279206786193326,2023-03-24 18:35:00+00:00,2023-03-26 22:05:00+00:00,2023-01-03 00:00:00+00:00
1679967000000,1679967300000,1679984100000,1,breakout_24,1963.647,1955.2635,2755.2635,1955.2135,8.383499999999913,11.928192282459717,-100.59640961412244,-1.0059640961412244,stop,280,0.01485059939167732,2023-03-28 01:35:00+00:00,2023-03-28 06:15:00+00:00,2023-01-03 00:00:00+00:00
1680008400000,1680008700000,1680138600000,1,breakout_24,1965.6770000000001,1957.355,2757.355,1957.305,8.322000000000116,12.016342225426412,-100.60081711127077,-1.0060081711127078,stop,2165,1.118661379476053,2023-03-28 13:05:00+00:00,2023-03-30 01:10:00+00:00,2023-01-03 00:00:00+00:00
1680015600000,1680015900000,1680070800000,1,breakout_24,1969.5215000000003,1961.1765,2761.1765,1961.1265,8.345000000000255,11.98322348711767,-100.59916117435534,-1.0059916117435534,stop,915,0.6548831635709436,2023-03-28 15:05:00+00:00,2023-03-29 06:20:00+00:00,2023-01-03 00:00:00+00:00
1680024600000,1680024900000,1680069300000,1,breakout_24,1971.9354999999998,1963.6284999999998,2763.6285,1963.5784999999998,8.307000000000016,12.038040207054268,-100.60190201035216,-1.0060190201035217,stop,740,0.3672806067172448,2023-03-28 17:35:00+00:00,2023-03-29 05:55:00+00:00,2023-01-03 00:00:00+00:00
1680053400000,1680053700000,1680073800000,1,dip_unconfirmed,1967.809,1959.4099999999999,2759.41,1959.36,8.399000000000115,11.906179307060201,-100.59530896535246,-1.0059530896535245,stop,335,0.259257054411237,2023-03-29 01:35:00+00:00,2023-03-29 07:10:00+00:00,2023-01-03 00:00:00+00:00
1680058800000,1680059100000,1680070800000,1,dip_unconfirmed,1968.8449999999998,1960.4865,2760.4865,1960.4365,8.358499999999822,11.963869115272134,-100.59819345576307,-1.0059819345576306,stop,195,0.006580128013434493,2023-03-29 03:05:00+00:00,2023-03-29 06:20:00+00:00,2023-01-03 00:00:00+00:00
1680071400000,1680071700000,1680244800000,1,dip_unconfirmed,1962.4095000000002,1954.0695,2754.0695,1981.5194999999999,8.340000000000146,11.990407673860702,229.1366906474741,2.291366906474741,timeout,2885,2.592146282973526,2023-03-29 06:35:00+00:00,2023-03-31 06:40:00+00:00,2023-01-03 00:00:00+00:00
1680179400000,1680179700000,1680183000000,1,breakout_24,1974.0965,1965.6399999999999,2765.64,1965.59,8.456500000000233,11.825223201087596,-100.59126116005385,-1.0059126116005386,stop,55,0.11192573759829581,2023-03-30 12:35:00+00:00,2023-03-30 13:30:00+00:00,2023-01-03 00:00:00+00:00
1680183000000,1680183300000,1680473100000,1,dip_unconfirmed,1966.38,1958.005,2758.005,1965.757,8.375,11.940298507462687,-7.438805970149819,-0.07438805970149819,timeout,4830,2.494746268656678,2023-03-30 13:35:00+00:00,2023-04-02 22:05:00+00:00,2023-01-03 00:00:00+00:00
1680184800000,1680185100000,1680473100000,1,pullback_ema50,1967.045,1958.7035,2758.7035,1965.757,8.341499999999996,11.988251513516758,-15.440867949409714,-0.15440867949409715,timeout,4800,2.4250434574117032,2023-03-30 14:05:00+00:00,2023-04-02 22:05:00+00:00,2023-01-03 00:00:00+00:00
1680186600000,1680186900000,1680473100000,1,pullback_ema50,1969.3515,1961.0214999999998,2761.0215,1965.757,8.330000000000155,12.004801920768084,-43.15126050419998,-0.43151260504199984,timeout,4770,2.151500600240032,2023-03-30 14:35:00+00:00,2023-04-02 22:05:00+00:00,2023-01-03 00:00:00+00:00
1680193800000,1680194100000,1680252300000,1,breakout_24,1981.4585,1973.08,2773.08,1973.03,8.378500000000031,11.93531061645875,-100.5967655308224,-1.005967655308224,stop,970,0.39822163871815985,2023-03-30 16:35:00+00:00,2023-03-31 08:45:00+00:00,2023-01-03 00:00:00+00:00
1680246000000,1680246300000,1680248100000,1,breakout_24,1984.5595,1976.2215,2776.2215,1976.1715000000002,8.337999999999965,11.993283761093837,-100.59966418805415,-1.0059966418805415,stop,30,0.0,2023-03-31 07:05:00+00:00,2023-03-31 07:35:00+00:00,2023-01-03 00:00:00+00:00
1680249600000,1680249900000,1680285600000,1,dip_unconfirmed,1975.75,1967.415,2767.415,1967.365,8.335000000000036,11.997600479903967,-100.59988002399466,-1.0059988002399465,stop,595,1.3825434913017078,2023-03-31 08:05:00+00:00,2023-03-31 18:00:00+00:00,2023-01-03 00:00:00+00:00
1680255000000,1680255300000,1680283200000,1,pullback_ema50,1979.8784999999998,1971.5115,2771.5115,1971.4615000000001,8.366999999999734,11.951715071113084,-100.59758575355511,-1.005975857535551,stop,465,0.8838293295088104,2023-03-31 09:35:00+00:00,2023-03-31 17:20:00+00:00,2023-01-03 00:00:00+00:00
1680283800000,1680284100000,1680473100000,1,dip_unconfirmed,1969.0149999999999,1960.2249544168808,2811.7295127288085,1965.757,8.790045583119081,11.376505281388512,-37.064654206761624,-0.3706465420676162,timeout,3150,0.32514052094210355,2023-03-31 17:35:00+00:00,2023-04-02 22:05:00+00:00,2023-01-03 00:00:00+00:00
1680285600000,1680285900000,1680473100000,1,dip_unconfirmed,1967.8184999999999,1959.139314815675,2792.2078332481774,1965.757,8.679185184324751,11.521818912287685,-23.752229687678714,-0.23752229687678714,timeout,3120,0.467152147798726,2023-03-31 18:05:00+00:00,2023-04-02 22:05:00+00:00,2023-01-03 00:00:00+00:00
1680519600000,1680519900000,1680617100000,1,breakout_24,1972.892,1964.52,2764.52,1998.0080000000003,8.372000000000071,11.944577161968365,300.0,3.0,target,1620,2.397216913521221,2023-04-03 11:05:00+00:00,2023-04-04 14:05:00+00:00,2023-04-03 00:00:00+00:00
1680521400000,1680521700000,1680617100000,1,breakout_24,1975.125,1966.755,2766.755,2000.2349999999997,8.36999999999989,11.947431302270168,300.0,3.0,target,1590,2.131003584229405,2023-04-03 11:35:00+00:00,2023-04-04 14:05:00+00:00,2023-04-03 00:00:00+00:00
1680523200000,1680523500000,1680617400000,1,breakout_24,1979.0350000000003,1970.6765,2770.6765,2004.1105000000011,8.358500000000276,11.963869115271484,300.0,3.0,target,1565,2.911587007238004,2023-04-03 12:05:00+00:00,2023-04-04 14:10:00+00:00,2023-04-03 00:00:00+00:00
1680532200000,1680532500000,1680573300000,1,breakout_24,1988.7115,1979.047913593567,2908.90655423688,1978.997913593567,9.663586406432842,10.348124991507516,-100.5174062495749,-1.005174062495749,stop,680,0.15506665299775557,2023-04-03 14:35:00+00:00,2023-04-04 01:55:00+00:00,2023-04-03 00:00:00+00:00
1680543000000,1680543300000,1680617700000,1,dip_unconfirmed,1983.8635,1974.2393306076433,2903.456269843321,2012.7360081770698,9.624169392356634,10.39050705813828,300.0,3.0,target,1240,2.842790778571345,2023-04-03 17:35:00+00:00,2023-04-04 14:15:00+00:00,2023-04-03 00:00:00+00:00
1680573600000,1680573900000,1680617400000,1,dip_unconfirmed,1978.6644999999999,1970.3094999999998,2770.3095,2003.7295,8.355000000000018,11.968880909634922,300.0,3.0,target,725,2.957151406343513,2023-04-04 02:05:00+00:00,2023-04-04 14:10:00+00:00,2023-04-03 00:00:00+00:00
1680616800000,1680617100000,1680618000000,1,breakout_24,1992.9765,1984.545,2784.545,2018.2709999999997,8.431499999999915,11.860285832888692,300.0,3.0,target,15,2.7626163790547773,2023-04-04 14:05:00+00:00,2023-04-04 14:20:00+00:00,2023-04-03 00:00:00+00:00
1680618600000,1680618900000,1680705300000,1,breakout_24,2022.0235,2010.9065807987438,3091.898500924358,2010.8565807987438,11.116919201256223,8.995297904899758,-100.44976489524457,-1.0044976489524458,stop,1440,0.8777611695601014,2023-04-04 14:35:00+00:00,2023-04-05 14:35:00+00:00,2023-04-03 00:00:00+00:00
1680629400000,1680629700000,1680748500000,1,dip_unconfirmed,2020.34,2009.665850973168,3044.7307536563644,2009.615850973168,10.674149026831856,9.368428316733041,-100.46842141583622,-1.0046842141583623,stop,1980,1.0718887258590022,2023-04-04 17:35:00+00:00,2023-04-06 02:35:00+00:00,2023-04-03 00:00:00+00:00
1680631200000,1680631500000,1680749400000,1,dip_unconfirmed,2018.725,2008.3905401893705,3007.786521252335,2008.3405401893706,10.334459810629369,9.676364496298719,-100.4838182248145,-1.004838182248145,stop,1965,1.2633945304592338,2023-04-04 18:05:00+00:00,2023-04-06 02:50:00+00:00,2023-04-03 00:00:00+00:00
1680642000000,1680645900000,1680705300000,1,dip_unconfirmed,2021.231,2012.415,2812.415,2012.365,8.816000000000031,11.343012704174189,-100.5671506352082,-1.005671506352082,stop,990,1.1967445553538785,2023-04-04 22:05:00+00:00,2023-04-05 14:35:00+00:00,2023-04-03 00:00:00+00:00
1680654600000,1680654900000,1680705300000,1,dip_unconfirmed,2021.7169999999999,2013.395,2813.395,2013.345,8.321999999999889,12.01634222542674,-100.60081711127079,-1.0060081711127078,stop,840,1.2093847632780685,2023-04-05 00:35:00+00:00,2023-04-05 14:35:00+00:00,2023-04-03 00:00:00+00:00
1680705000000,1680705300000,1680705300000,1,dip_unconfirmed,2020.8705,2011.6364115646345,2898.84525510117,2011.5864115646345,9.234088435365493,10.829439278165406,-100.54147196390778,-1.005414719639078,stop,0,0.0,2023-04-05 14:35:00+00:00,2023-04-05 14:35:00+00:00,2023-04-03 00:00:00+00:00
1680706800000,1680707100000,1680749400000,1,dip_unconfirmed,2019.1754999999998,2009.0149893100179,2989.0160583082315,2008.964989310018,10.160510689981948,9.842024977996227,-100.49210124889936,-1.0049210124889936,stop,705,0.4453024201294606,2023-04-05 15:05:00+00:00,2023-04-06 02:50:00+00:00,2023-04-03 00:00:00+00:00
1680708600000,1680708900000,1680749400000,1,pullback_ema50,2019.5449999999998,2009.3744900735883,2991.4254827147834,2009.3244900735883,10.170509926411569,9.832348694760352,-100.49161743473756,-1.0049161743473756,stop,675,0.40853408826731236,2023-04-05 15:35:00+00:00,2023-04-06 02:50:00+00:00,2023-04-03 00:00:00+00:00
1680741000000,1680741300000,1680747300000,1,dip_unconfirmed,2019.4515000000001,2011.1115,2811.1115,2011.0615,8.340000000000146,11.990407673860702,-100.5995203836925,-1.0059952038369249,stop,100,0.0,2023-04-06 00:35:00+00:00,2023-04-06 02:15:00+00:00,2023-04-03 00:00:00+00:00
1680748200000,1680748500000,1680789600000,1,dip_unconfirmed,2011.3100000000002,2002.955,2802.955,2002.905,8.355000000000246,11.968880909634597,-100.59844404548119,-1.005984440454812,stop,685,1.1159186116097506,2023-04-06 02:35:00+00:00,2023-04-06 14:00:00+00:00,2023-04-03 00:00:00+00:00
1680782400000,1680782700000,1680786300000,1,pullback_ema20,2018.9405,2010.5935,2810.5935,2010.5435,8.34699999999998,11.980352222355366,-100.59901761111722,-1.0059901761111723,stop,60,0.18240086258533755,2023-04-06 12:05:00+00:00,2023-04-06 13:05:00+00:00,2023-04-03 00:00:00+00:00
1681180200000,1681180500000,1681302900000,1,breakout_24,1996.0045000000002,1987.6695,2787.6695,2021.009500000001,8.335000000000264,11.997600479903639,300.0,3.0,target,2040,2.9730053989201184,2023-04-11 02:35:00+00:00,2023-04-12 12:35:00+00:00,2023-04-03 00:00:00+00:00
1681182000000,1681182300000,1681302900000,1,breakout_24,1998.1955,1989.8935,2789.8935,2023.1015000000004,8.302000000000135,12.04529029149583,300.0,3.0,target,2010,2.7209106239460135,2023-04-11 03:05:00+00:00,2023-04-12 12:35:00+00:00,2023-04-03 00:00:00+00:00
1681189200000,1681189500000,1681302900000,1,breakout_24,2000.191,1991.82,2791.8199999999997,2025.3040000000003,8.371000000000095,11.946004061641245,300.0,3.0,target,1890,2.460100346434111,2023-04-11 05:05:00+00:00,2023-04-12 12:35:00+00:00,2023-04-03 00:00:00+00:00
1681191000000,1681191300000,1681303200000,1,breakout_24,2001.1815000000001,1992.7914999999998,2792.7915,2026.3515000000011,8.390000000000327,11.918951132299892,300.0,3.0,target,1865,2.912753277711433,2023-04-11 05:35:00+00:00,2023-04-12 12:40:00+00:00,2023-04-03 00:00:00+00:00
1681201800000,1681202100000,1681218600000,1,breakout_24,2006.1235,1997.7849999999999,2797.785,1997.735,8.338500000000067,11.99256460994174,-100.59962823049655,-1.0059962823049655,stop,275,0.12208430772923766,2023-04-11 08:35:00+00:00,2023-04-11 13:10:00+00:00,2023-04-03 00:00:00+00:00
1681239600000,1681239900000,1681389300000,1,dip_unconfirmed,2004.945,1996.5900000000001,2796.59,2030.0099999999993,8.35499999999979,11.96888090963525,300.0,3.0,target,2490,2.991442250149718,2023-04-11 19:05:00+00:00,2023-04-13 12:35:00+00:00,2023-04-03 00:00:00+00:00
1681302600000,1681302900000,1681389300000,1,dip_unconfirmed,2008.015,1999.58,2799.58,2033.3200000000006,8.435000000000173,11.855364552459745,300.0,3.0,target,1440,2.5991108476585247,2023-04-12 12:35:00+00:00,2023-04-13 12:35:00+00:00,2023-04-03 00:00:00+00:00
1681304400000,1681304700000,1681306500000,1,pullback_ema20,2022.735,2014.119963620662,2836.1236015544837,2014.069963620662,8.61503637933788,11.607612039786375,-100.58038060198878,-1.0058038060198877,stop,30,0.08937861270637937,2023-04-12 13:05:00+00:00,2023-04-12 13:35:00+00:00,2023-04-03 00:00:00+00:00
1681308000000,1681308300000,1681390500000,1,dip_unconfirmed,2008.3255,1997.248555366795,3061.393018687283,2041.5563338996146,11.076944633204903,9.02776020927595,300.0,3.0,target,1370,2.821445898205006,2023-04-12 14:05:00+00:00,2023-04-13 12:55:00+00:00,2023-04-03 00:00:00+00:00
1681309800000,1681310100000,1681390800000,1,pullback_ema50,2010.975,1999.5743728405955,3106.637088781046,2045.176881478213,11.400627159404394,8.771447272311669,300.0,3.0,target,1345,2.942820559860561,2023-04-12 14:35:00+00:00,2023-04-13 13:00:00+00:00,2023-04-03 00:00:00+00:00
1681320600000,1681320900000,1681390500000,1,pullback_ema50,2010.477,2000.1084148929417,3004.4169255987545,2041.5827553211752,10.36858510705838,9.644517450305282,300.0,3.0,target,1160,2.8066992458005684,2023-04-12 17:35:00+00:00,2023-04-13 12:55:00+00:00,2023-04-03 00:00:00+00:00
1681390800000,1681391100000,1681396800000,1,breakout_24,2045.485,2037.105,2837.105,2037.055,8.379999999999882,11.933174224343844,-100.59665871121665,-1.0059665871121666,stop,95,0.34612171837708905,2023-04-13 13:05:00+00:00,2023-04-13 14:40:00+00:00,2023-04-03 00:00:00+00:00
1681394400000,1681394700000,1681396800000,1,breakout_24,2047.0285000000001,2037.9201088788957,2906.4092209893283,2037.8701088788957,9.108391121104432,10.978887343594284,-100.54894436717922,-1.0054894436717923,stop,35,0.14898350125254628,2023-04-13 14:05:00+00:00,2023-04-13 14:40:00+00:00,2023-04-03 00:00:00+00:00
1681398000000,1681398300000,1681476300000,1,dip_unconfirmed,2034.615,2024.3910836761906,3011.7827160571237,2024.3410836761907,10.223916323809362,9.780987718680846,-100.4890493859336,-1.004890493859336,stop,1300,1.2280030080803643,2023-04-13 15:05:00+00:00,2023-04-14 12:45:00+00:00,2023-04-03 00:00:00+00:00
1681412400000,1681412700000,1681475700000,1,dip_unconfirmed,2038.7085,2029.8791643894447,2879.46272544498,2029.8291643894447,8.82933561055529,11.325880497786498,-100.56629402488882,-1.0056629402488881,stop,1050,0.9583393783201917,2023-04-13 19:05:00+00:00,2023-04-14 12:35:00+00:00,2023-04-03 00:00:00+00:00
1681430400000,1681430700000,1681460700000,1,dip_unconfirmed,2040.1200000000001,2031.83,2831.83,2031.78,8.290000000000191,12.062726176115524,-100.60313630880522,-1.0060313630880522,stop,500,0.8504221954161115,2023-04-14 00:05:00+00:00,2023-04-14 08:25:00+00:00,2023-04-03 00:00:00+00:00
1681443000000,1681443300000,1681459800000,1,dip_unconfirmed,2043.8419999999999,2035.48,2835.48,2035.43,8.361999999999853,11.958861516383852,-100.59794307581866,-1.0059794307581866,stop,275,0.28079406840471477,2023-04-14 03:35:00+00:00,2023-04-14 08:10:00+00:00,2023-04-03 00:00:00+00:00
1681448400000,1681448700000,1681459800000,1,dip_unconfirmed,2043.7099999999998,2035.29,2835.29,2035.24,8.419999999999845,11.87648456057029,-100.59382422802798,-1.0059382422802798,stop,185,0.03622327790974694,2023-04-14 05:05:00+00:00,2023-04-14 08:10:00+00:00,2023-04-03 00:00:00+00:00
1681466400000,1681466700000,1681475700000,1,pullback_ema50,2039.107,2030.72,2830.7200000000003,2030.67,8.386999999999944,11.92321449862891,-100.5961607249309,-1.005961607249309,stop,150,0.33337307738164307,2023-04-14 10:05:00+00:00,2023-04-14 12:35:00+00:00,2023-04-03 00:00:00+00:00
1681711200000,1681711500000,1681734900000,1,breakout_24,2011.7655000000002,2003.3899999999999,2803.39,2003.34,8.37550000000033,11.939585696375866,-100.59697928481825,-1.0059697928481826,stop,390,0.3533520386842088,2023-04-17 06:05:00+00:00,2023-04-17 12:35:00+00:00,2023-04-03 00:00:00+00:00
1681788600000,1681788900000,1681824600000,1,breakout_24,2001.5559999999998,1993.17,2793.17,1993.1200000000001,8.38599999999974,11.924636298593263,-100.59623181492913,-1.0059623181492912,stop,595,0.4779990460291276,2023-04-18 03:35:00+00:00,2023-04-18 13:30:00+00:00,2023-04-03 00:00:00+00:00
1681803000000,1681803300000,1681824600000,1,breakout_24,2002.46,1994.095,2794.0950000000003,1994.045,8.365000000000009,11.954572624028678,-100.5977286312009,-1.005977286312009,stop,355,0.3711297071129603,2023-04-18 07:35:00+00:00,2023-04-18 13:30:00+00:00,2023-04-03 00:00:00+00:00
1681828200000,1681828500000,1681883700000,1,breakout_24,2007.95,1999.0696304531423,2854.606585138924,1999.0196304531423,8.880369546857764,11.260792636201053,-100.56303963180953,-1.0056303963180953,stop,920,0.40758438946729897,2023-04-18 14:35:00+00:00,2023-04-19 05:55:00+00:00,2023-04-03 00:00:00+00:00
1681974000000,1681974300000,1682058600000,1,breakout_24,1999.6120000000003,1991.26,2791.26,1991.21,8.352000000000317,11.973180076627898,-100.59865900383085,-1.0059865900383085,stop,1405,1.4934147509577926,2023-04-20 07:05:00+00:00,2023-04-21 06:30:00+00:00,2023-04-03 00:00:00+00:00
1681986600000,1681986900000,1682055300000,1,breakout_24,2004.7284999999997,1996.3535,2796.3535,1996.3035,8.374999999999773,11.94029850746301,-100.5970149253726,-1.005970149253726,stop,1140,0.8783880597015822,2023-04-20 10:35:00+00:00,2023-04-21 05:35:00+00:00,2023-04-03 00:00:00+00:00
1681995600000,1681995900000,1682055300000,1,breakout_24,2007.1505,1998.4597467031588,2832.985076387264,1998.4097467031588,8.690753296841194,11.506482416932343,-100.57532412084609,-1.0057532412084609,stop,990,0.5677873748635608,2023-04-20 13:05:00+00:00,2023-04-21 05:35:00+00:00,2023-04-03 00:00:00+00:00
1682328600000,1682328900000,1682343600000,1,breakout_24,1986.7799999999997,1978.4,2778.4,1978.3500000000001,8.379999999999654,11.933174224344167,-100.59665871121666,-1.0059665871121666,stop,245,0.0,2023-04-24 09:35:00+00:00,2023-04-24 13:40:00+00:00,2023-04-03 00:00:00+00:00
1682357400000,1682357700000,1682420700000,1,breakout_24,1989.6965,1981.3345,2781.3345,1981.2845,8.36200000000008,11.958861516383525,-100.59794307581862,-1.0059794307581862,stop,1050,1.3129036115761583,2023-04-24 17:35:00+00:00,2023-04-25 11:05:00+00:00,2023-04-03 00:00:00+00:00
1682375400000,1682375700000,1682418300000,1,breakout_24,1992.7255000000002,1984.25,2784.25,1984.2,8.475500000000238,11.798713940180189,-100.58993569700847,-1.0058993569700847,stop,710,0.9379387646745906,2023-04-24 22:35:00+00:00,2023-04-25 10:25:00+00:00,2023-04-03 00:00:00+00:00
1682380800000,1682381100000,1682412900000,1,breakout_24,1995.465,1987.105,2787.105,1987.055,8.3599999999999,11.96172248803842,-100.59808612440138,-1.0059808612440138,stop,530,0.6232057416268061,2023-04-25 00:05:00+00:00,2023-04-25 08:55:00+00:00,2023-04-03 00:00:00+00:00
1682384400000,1682384700000,1682408700000,1,breakout_24,1997.4055,1988.96,2788.96,1988.91,8.445500000000038,11.840625185009715,-100.59203125924995,-1.0059203125924996,stop,400,0.3439109584985919,2023-04-25 01:05:00+00:00,2023-04-25 07:45:00+00:00,2023-04-03 00:00:00+00:00
1682445600000,1682445900000,1682525100000,1,breakout_24,1999.5715,1990.2467540486657,2876.571349182112,1990.1967540486658,9.324745951334307,10.724152756750513,-100.53620763783704,-1.0053620763783704,stop,1320,1.0153627830091465,2023-04-25 18:05:00+00:00,2023-04-26 16:05:00+00:00,2023-04-03 00:00:00+00:00
1682472600000,1682472900000,1682525400000,1,dip_unconfirmed,1997.0349999999999,1988.665,2788.665,1988.615,8.36999999999989,11.947431302270168,-100.59737156511297,-1.0059737156511297,stop,875,1.4342293906810504,2023-04-26 01:35:00+00:00,2023-04-26 16:10:00+00:00,2023-04-03 00:00:00+00:00
1682481600000,1682481900000,1682526000000,1,dip_unconfirmed,1994.5149999999999,1986.155,2786.1549999999997,1986.105,8.3599999999999,11.96172248803842,-100.59808612440138,-1.0059808612440138,stop,735,1.7373803827751664,2023-04-26 04:05:00+00:00,2023-04-26 16:20:00+00:00,2023-04-03 00:00:00+00:00
1682490600000,1682490900000,1682525100000,1,pullback_ema20,1997.95,1989.6015,2789.6014999999998,1989.5515,8.348500000000058,11.978199676588526,-100.59890998382889,-1.005989099838289,stop,570,1.3283224531352897,2023-04-26 06:35:00+00:00,2023-04-26 16:05:00+00:00,2023-04-03 00:00:00+00:00
1682496000000,1682496300000,1682525100000,1,dip_unconfirmed,1998.4070000000002,1989.99,2789.99,1989.94,8.417000000000144,11.880717595342556,-100.5940358797666,-1.0059403587976659,stop,480,1.2632172983247898,2023-04-26 08:05:00+00:00,2023-04-26 16:05:00+00:00,2023-04-03 00:00:00+00:00
1682575200000,1682575500000,1682598900000,1,dip_unconfirmed,1999.4995,1991.1235,2791.1234999999997,1991.0735,8.375999999999976,11.938872970391628,-100.59694364851903,-1.0059694364851903,stop,390,0.4089660936007448,2023-04-27 06:05:00+00:00,2023-04-27 12:35:00+00:00,2023-04-03 00:00:00+00:00
1682582400000,1682582700000,1682598900000,1,dip_unconfirmed,1999.8605,1991.4985000000001,2791.4985,1991.4485000000002,8.361999999999853,11.958861516383852,-100.59794307581866,-1.0059794307581866,stop,270,0.12365462807942164,2023-04-27 08:05:00+00:00,2023-04-27 12:35:00+00:00,2023-04-03 00:00:00+00:00
1682584200000,1682584500000,1682598900000,1,dip_unconfirmed,1998.4634999999998,1990.0715,2790.0715,1990.0215,8.391999999999825,11.916110581506445,-100.59580552907478,-1.0059580552907479,stop,240,0.2896806482364535,2023-04-27 08:35:00+00:00,2023-04-27 12:35:00+00:00,2023-04-03 00:00:00+00:00
1682589600000,1682589900000,1682599200000,1,dip_unconfirmed,1997.4115,1989.05,2789.05,1989.0,8.361499999999978,11.959576630987295,-100.59797883154883,-1.0059797883154884,stop,155,0.682951623512546,2023-04-27 10:05:00+00:00,2023-04-27 12:40:00+00:00,2023-04-03 00:00:00+00:00
1682694000000,1682694300000,1682892300000,1,breakout_24,1992.86,1983.6046618804723,2870.138473833247,1989.3885,9.25533811952755,10.804575555053262,-37.50808403936608,-0.3750808403936608,timeout,3300,0.200965105324029,2023-04-28 15:05:00+00:00,2023-04-30 22:05:00+00:00,2023-04-03 00:00:00+00:00
1682944200000,1682944500000,1682949900000,1,breakout_24,1997.7765000000002,1989.3600000000001,2789.36,1989.3100000000002,8.416500000000042,11.881423394522605,-100.5940711697256,-1.0059407116972559,stop,90,0.9297807877383569,2023-05-01 12:35:00+00:00,2023-05-01 14:05:00+00:00,2023-04-03 00:00:00+00:00
1682946000000,1682946300000,1682949900000,1,breakout_24,2004.6599999999999,1996.025,2796.025,1995.9750000000001,8.634999999999764,11.58077591198642,-100.57903879559879,-1.005790387955988,stop,60,0.10909090909093926,2023-05-01 13:05:00+00:00,2023-05-01 14:05:00+00:00,2023-04-03 00:00:00+00:00
1683023400000,1683023700000,1683039000000,1,breakout_24,1987.0120000000002,1978.6599999999999,2778.66,2012.0680000000011,8.352000000000317,11.973180076627898,300.0,3.0,target,255,2.917624521072679,2023-05-02 10:35:00+00:00,2023-05-02 14:50:00+00:00,2023-04-03 00:00:00+00:00
1683025200000,1683025500000,1683042900000,1,breakout_24,1988.672,1980.33,2780.33,2013.6980000000003,8.342000000000098,11.987532965715515,300.0,3.0,target,290,2.8841404938863326,2023-05-02 11:05:00+00:00,2023-05-02 15:55:00+00:00,2023-04-03 00:00:00+00:00
1683027000000,1683027300000,1683043200000,1,breakout_24,1989.5320000000002,1981.135,2781.135,2014.7230000000006,8.397000000000162,11.90901512444898,300.0,3.0,target,265,2.954805287602634,2023-05-02 11:35:00+00:00,2023-05-02 16:00:00+00:00,2023-04-03 00:00:00+00:00
1683037800000,1683038100000,1683137100000,1,breakout_24,2003.32,1994.92,2794.92,2028.5199999999995,8.399999999999864,11.904761904762099,300.0,3.0,target,1650,2.9732142857143504,2023-05-02 14:35:00+00:00,2023-05-03 18:05:00+00:00,2023-04-03 00:00:00+00:00
1683039600000,1683039900000,1683137100000,1,breakout_24,2008.8500000000001,2000.0510374676057,2846.44729070702,2035.2468875971833,8.798962532394398,11.364976226667455,300.0,3.0,target,1620,2.2099196272754793,2023-05-02 15:05:00+00:00,2023-05-03 18:05:00+00:00,2023-04-03 00:00:00+00:00
1683043200000,1683043500000,1683151500000,1,breakout_24,2014.8350000000003,2005.5476547552319,2897.28217923207,2042.6970357343055,9.287345244768403,10.76733957492647,300.0,3.0,target,1800,2.7100316976131804,2023-05-02 16:05:00+00:00,2023-05-03 22:05:00+00:00,2023-04-03 00:00:00+00:00
1683045000000,1683045300000,1683151500000,1,breakout_24,2016.9035,2007.4760365584295,2918.37238071549,2045.185890324711,9.427463441570353,10.607307110738876,300.0,3.0,target,1770,2.450340979116211,2023-05-02 16:35:00+00:00,2023-05-03 22:05:00+00:00,2023-04-03 00:00:00+00:00
1683048600000,1683048900000,1683151500000,1,dip_unconfirmed,2014.5210000000002,2005.3886590733396,2882.522751739377,2041.918022779982,9.132340926660618,10.95009492123358,300.0,3.0,target,1710,2.7904126887778977,2023-05-02 17:35:00+00:00,2023-05-03 22:05:00+00:00,2023-04-03 00:00:00+00:00
1683138600000,1683138900000,1683151500000,1,dip_unconfirmed,2022.6580000000001,2012.5130238940021,2985.760634493783,2053.092928317994,10.144976105998012,9.85709566539807,299.9999999999977,2.9999999999999774,target,210,1.7098118141199048,2023-05-03 18:35:00+00:00,2023-05-03 22:05:00+00:00,2023-04-03 00:00:00+00:00
1683140400000,1683140700000,1683151500000,1,pullback_ema20,2023.3255000000001,2013.0020579015734,3013.796267744227,2054.2958262952807,10.323442098426767,9.686691613763148,300.0000000000022,3.000000000000022,target,180,1.6155948608014412,2023-05-03 19:05:00+00:00,2023-05-03 22:05:00+00:00,2023-04-03 00:00:00+00:00
1683147600000,1683151500000,1683290100000,1,breakout_24,2041.346,2026.580852007675,3283.4956512401855,2026.530852007675,14.765147992324955,6.772705566647948,-100.33863527833209,-1.003386352783321,stop,2310,2.5730524353530613,2023-05-03 22:05:00+00:00,2023-05-05 12:35:00+00:00,2023-04-03 00:00:00+00:00
1683153000000,1683153300000,1683168000000,1,breakout_24,2058.8305,2040.6830768642697,3797.2253904373138,2040.6330768642697,18.147423135730378,5.510424221227886,-100.27552121106113,-1.0027552121106114,stop,245,0.20071720225822176,2023-05-03 22:35:00+00:00,2023-05-04 02:40:00+00:00,2023-04-03 00:00:00+00:00
1683156600000,1683156900000,1683184200000,1,dip_unconfirmed,2053.5944999999997,2036.087956581947,3761.7922983872695,2036.0379565819471,17.506543418052615,5.712149886589305,-100.2856074943292,-1.002856074943292,stop,455,0.18567343206361717,2023-05-03 23:35:00+00:00,2023-05-04 07:10:00+00:00,2023-04-03 00:00:00+00:00
1683158400000,1683158700000,1683184200000,1,dip_unconfirmed,2052.4094999999998,2035.391316826093,3695.2596342167562,2035.3413168260931,17.018183173906664,5.876067907961304,-100.2938033953978,-1.002938033953978,stop,425,0.26063299205765317,2023-05-04 00:05:00+00:00,2023-05-04 07:10:00+00:00,2023-04-03 00:00:00+00:00
1683163800000,1683164100000,1683185100000,1,dip_unconfirmed,2049.815,2033.9222882896963,3586.7434593200496,2033.8722882896964,15.892711710303729,6.292192410132687,-100.31460962050635,-1.0031460962050636,stop,350,0.006606802030640466,2023-05-04 01:35:00+00:00,2023-05-04 07:25:00+00:00,2023-04-03 00:00:00+00:00
1683169200000,1683169500000,1683290100000,1,pullback_ema20,2043.9850000000001,2029.1649773587694,3476.1672414818336,2029.1149773587695,14.820022641230707,6.747628017908051,-100.33738140089508,-1.0033738140089508,stop,2010,1.0392359291781046,2023-05-04 03:05:00+00:00,2023-05-05 12:35:00+00:00,2023-04-03 00:00:00+00:00
1683187200000,1683187500000,1683290100000,1,pullback_ema50,2034.986,2023.5032758343195,3137.675692402363,2023.4532758343196,11.482724165680565,8.708734840019833,-100.4354367420006,-1.004354367420006,stop,1710,2.124974844639036,2023-05-04 08:05:00+00:00,2023-05-05 12:35:00+00:00,2023-04-03 00:00:00+00:00
1683248400000,1683248700000,1683272400000,1,dip_unconfirmed,2049.2935,2040.9144999999999,2840.9145,2040.8645,8.37900000000036,11.934598400763301,-100.59672992003762,-1.005967299200376,stop,395,0.41013247404220654,2023-05-05 01:05:00+00:00,2023-05-05 07:40:00+00:00,2023-04-03 00:00:00+00:00
1683264600000,1683264900000,1683272400000,1,dip_unconfirmed,2048.21,2039.8649999999998,2839.865,2039.8149999999998,8.345000000000255,11.98322348711767,-100.59916117435534,-1.0059916117435534,stop,125,0.002396644697421354,2023-05-05 05:35:00+00:00,2023-05-05 07:40:00+00:00,2023-04-03 00:00:00+00:00
1683273600000,1683273900000,1683290100000,1,dip_unconfirmed,2040.94,2032.625,2832.625,2032.575,8.315000000000055,12.026458208057647,-100.60132291040233,-1.0060132291040234,stop,270,0.060132291040260896,2023-05-05 08:05:00+00:00,2023-05-05 12:35:00+00:00,2023-04-03 00:00:00+00:00
1683275400000,1683275700000,1683290100000,1,dip_unconfirmed,2040.5385,2032.2685000000001,2832.2685,2032.2185000000002,8.269999999999982,12.09189842805323,-100.60459492140211,-1.006045949214021,stop,240,0.10900846432886535,2023-05-05 08:35:00+00:00,2023-05-05 12:35:00+00:00,2023-04-03 00:00:00+00:00
1683513000000,1683513300000,1683686400000,1,breakout_24,2019.6855,2011.3745,2811.3745,2031.2285,8.31100000000015,12.032246420406475,138.88822043075064,1.3888822043075064,timeout,2885,2.19835158224032,2023-05-08 02:35:00+00:00,2023-05-10 02:40:00+00:00,2023-04-03 00:00:00+00:00
1683514800000,1683515100000,1683688200000,1,breakout_24,2020.5505000000003,2012.2445,2812.2445,2031.64,8.306000000000267,12.039489525643726,133.5119190946239,1.335119190946239,timeout,2885,2.0955333493858452,2023-05-08 03:05:00+00:00,2023-05-10 03:10:00+00:00,2023-04-03 00:00:00+00:00
1683516600000,1683516900000,1683690000000,1,breakout_24,2021.707,2013.38,2813.38,2031.0049999999999,8.326999999999998,12.009126936471722,111.66086225531136,1.1166086225531136,timeout,2885,1.9513630359072383,2023-05-08 03:35:00+00:00,2023-05-10 03:40:00+00:00,2023-04-03 00:00:00+00:00
1683518400000,1683518700000,1683691800000,1,breakout_24,2023.6154999999999,2015.2894999999999,2815.2895,2031.1865,8.326000000000022,12.010569300984836,90.93202017775788,0.9093202017775788,timeout,2885,1.7223756906077055,2023-05-08 04:05:00+00:00,2023-05-10 04:10:00+00:00,2023-04-03 00:00:00+00:00
1683550800000,1683551100000,1683553200000,1,breakout_24,2026.5285000000001,2018.173,2818.173,2018.123,8.35550000000012,11.968164681945852,-100.59840823409675,-1.0059840823409676,stop,35,0.00795882951348267,2023-05-08 13:05:00+00:00,2023-05-08 13:40:00+00:00,2023-04-03 00:00:00+00:00
1683559800000,1683560100000,1683733200000,1,breakout_24,2027.3605,2019.0645,2819.0645,2024.2965,8.29600000000005,12.054001928640238,-36.933461909354634,-0.3693346190935463,timeout,2885,2.489332208293104,2023-05-08 15:35:00+00:00,2023-05-10 15:40:00+00:00,2023-04-03 00:00:00+00:00
1683687600000,1683687900000,1683731700000,1,dip_unconfirmed,2031.7214999999999,2023.3595,2823.3595,2023.3095,8.361999999999853,11.958861516383852,-100.59794307581866,-1.0059794307581866,stop,730,1.948158335326492,2023-05-10 03:05:00+00:00,2023-05-10 15:15:00+00:00,2023-04-03 00:00:00+00:00
1683689400000,1683689700000,1683731700000,1,dip_unconfirmed,2031.2214999999999,2022.8615,2822.8615,2022.8115,8.3599999999999,11.96172248803842,-100.59808612440138,-1.0059808612440138,stop,700,2.008433014354072,2023-05-10 03:35:00+00:00,2023-05-10 15:15:00+00:00,2023-04-03 00:00:00+00:00
1683694800000,1683695100000,1683731700000,1,dip_unconfirmed,2031.2255,2022.8035,2822.8035,2022.7535,8.422000000000025,11.873664212776026,-100.59368321063825,-1.0059368321063824,stop,610,1.9931726430776127,2023-05-10 05:05:00+00:00,2023-05-10 15:15:00+00:00,2023-04-03 00:00:00+00:00
1683696600000,1683696900000,1683731700000,1,dip_unconfirmed,2030.212,2021.8285,2821.8285,2021.7785000000001,8.383499999999913,11.928192282459717,-100.59640961412244,-1.0059640961412244,stop,580,2.123218226277797,2023-05-10 05:35:00+00:00,2023-05-10 15:15:00+00:00,2023-04-03 00:00:00+00:00
1683763200000,1683763500000,1683789000000,1,pullback_ema20,2031.8764999999999,2023.5365,2823.5365,2023.4865,8.339999999999918,11.990407673861029,-100.59952038369251,-1.005995203836925,stop,425,0.5077937649880571,2023-05-11 00:05:00+00:00,2023-05-11 07:10:00+00:00,2023-04-03 00:00:00+00:00
1683772200000,1683772500000,1683789000000,1,dip_unconfirmed,2031.8945,2023.5295,2823.5295,2023.4795000000001,8.365000000000009,11.954572624028678,-100.5977286312009,-1.005977286312009,stop,275,0.19169157202629267,2023-05-11 02:35:00+00:00,2023-05-11 07:10:00+00:00,2023-04-03 00:00:00+00:00
1683774000000,1683774300000,1683789000000,1,pullback_ema20,2032.6365,2024.3049999999998,2824.305,2024.2549999999999,8.331500000000233,12.00264058092747,-100.60013202904584,-1.0060013202904583,stop,245,0.10340274860468752,2023-05-11 03:05:00+00:00,2023-05-11 07:10:00+00:00,2023-04-03 00:00:00+00:00
1683779400000,1683779700000,1683789300000,1,dip_unconfirmed,2031.4450000000002,2023.085,2823.085,2023.035,8.360000000000127,11.961722488038095,-100.59808612440136,-1.0059808612440135,stop,160,0.17272727272726532,2023-05-11 04:35:00+00:00,2023-05-11 07:15:00+00:00,2023-04-03 00:00:00+00:00
1683898200000,1683898500000,1683904200000,1,breakout_24,2017.991,2009.6745,2809.6745,2009.6245000000001,8.316499999999905,12.024289063909233,-100.60121445319491,-1.0060121445319492,stop,95,0.5239583959598263,2023-05-12 13:35:00+00:00,2023-05-12 15:10:00+00:00,2023-04-03 00:00:00+00:00
1684465200000,1684465500000,1684706700000,1,breakout_24,1963.27,1954.91,2754.91,1977.6879999999999,8.3599999999999,11.96172248803842,172.46411483253667,1.7246411483253667,timeout,4020,2.468122009569424,2023-05-19 03:05:00+00:00,2023-05-21 22:05:00+00:00,2023-04-03 00:00:00+00:00
1684477800000,1684478100000,1684499700000,1,breakout_24,1968.9544999999998,1960.595,2760.5950000000003,1960.545,8.359499999999798,11.96243794485345,-100.59812189724212,-1.0059812189724213,stop,360,0.0,2023-05-19 06:35:00+00:00,2023-05-19 12:35:00+00:00,2023-04-03 00:00:00+00:00
1684510200000,1684510500000,1684706700000,1,breakout_24,1975.5095,1966.5037812800065,2820.5756532793484,1977.6879999999999,9.00571871999341,11.10405544623463,24.19018478962198,0.2419018478962198,timeout,3270,0.9320744141569608,2023-05-19 15:35:00+00:00,2023-05-21 22:05:00+00:00,2023-04-03 00:00:00+00:00
1684850400000,1684850700000,1684943700000,1,breakout_24,1970.2334999999998,1961.8065000000001,2761.8065,1961.7565000000002,8.42699999999968,11.866619200190316,-100.59333096000897,-1.0059333096000898,stop,1550,1.7474783434200394,2023-05-23 14:05:00+00:00,2023-05-24 15:55:00+00:00,2023-04-03 00:00:00+00:00
1684864800000,1684865100000,1684937400000,1,breakout_24,1975.345,1967.0014999999999,2767.0015,1966.9515,8.343500000000176,11.985377839036122,-100.59926889195125,-1.0059926889195125,stop,1205,1.1523341523341168,2023-05-23 18:05:00+00:00,2023-05-24 14:10:00+00:00,2023-04-03 00:00:00+00:00
1684866600000,1684866900000,1684937400000,1,breakout_24,1976.137,1967.78,2767.7799999999997,1967.73,8.356999999999971,11.96601651310283,-100.59830082565459,-1.005983008256546,stop,1175,1.055701806868496,2023-05-23 18:35:00+00:00,2023-05-24 14:10:00+00:00,2023-04-03 00:00:00+00:00
1684902600000,1684902900000,1684911900000,1,breakout_24,1978.9660000000001,1970.6,2770.6,1970.55,8.366000000000213,11.953143676786691,-100.59765718383879,-1.005976571838388,stop,150,0.15306000478123533,2023-05-24 04:35:00+00:00,2023-05-24 07:05:00+00:00,2023-04-03 00:00:00+00:00
1684908000000,1684908300000,1684910700000,1,breakout_24,1979.8745000000001,1971.5045,2771.5045,1971.4545,8.370000000000118,11.947431302269843,-100.59737156511295,-1.0059737156511295,stop,40,0.0,2023-05-24 06:05:00+00:00,2023-05-24 06:45:00+00:00,2023-04-03 00:00:00+00:00
1684929600000,1684929900000,1684935300000,1,breakout_24,1982.3,1973.97,2773.9700000000003,1973.92,8.329999999999927,12.004801920768411,-100.60024009603787,-1.0060024009603787,stop,90,0.31926770708283353,2023-05-24 12:05:00+00:00,2023-05-24 13:35:00+00:00,2023-04-03 00:00:00+00:00
1684931400000,1684931700000,1684934100000,1,breakout_24,1983.4899999999998,1975.125,2775.125,1975.075,8.364999999999782,11.954572624029003,-100.59772863120091,-1.0059772863120091,stop,40,0.1189479976091299,2023-05-24 12:35:00+00:00,2023-05-24 13:15:00+00:00,2023-04-03 00:00:00+00:00
1685003400000,1685003700000,1685018100000,1,breakout_24,1963.367,1955.02,2755.02,1954.97,8.34699999999998,11.980352222355366,-100.59901761111722,-1.0059901761111723,stop,240,0.12836947406256674,2023-05-25 08:35:00+00:00,2023-05-25 12:35:00+00:00,2023-04-03 00:00:00+00:00
1685088000000,1685088300000,1685104500000,1,breakout_24,1956.635,1948.295,2748.295,1948.2450000000001,8.339999999999918,11.990407673861029,-100.59952038369251,-1.005995203836925,stop,270,0.0,2023-05-26 08:05:00+00:00,2023-05-26 12:35:00+00:00,2023-04-03 00:00:00+00:00
1685341800000,1685342100000,1685418900000,1,breakout_24,1948.3464999999999,1939.9805000000001,2739.9805,1939.9305000000002,8.365999999999758,11.95314367678734,-100.59765718383882,-1.0059765718383882,stop,1280,0.1265240258188053,2023-05-29 06:35:00+00:00,2023-05-30 03:55:00+00:00,2023-04-03 00:00:00+00:00
1685439000000,1685439300000,1685541000000,1,breakout_24,1947.9750000000001,1939.545,2739.545,1973.2650000000003,8.430000000000064,11.862396204033125,300.0,3.0,target,1695,2.5782325029655557,2023-05-30 09:35:00+00:00,2023-05-31 13:50:00+00:00,2023-04-03 00:00:00+00:00
1685440800000,1685441100000,1685614200000,1,breakout_24,1953.3305,1944.98,2744.98,1960.4095,8.350500000000011,11.975330818513847,84.77336686425893,0.8477336686425894,timeout,2885,2.5278725824800787,2023-05-30 10:05:00+00:00,2023-06-01 10:10:00+00:00,2023-04-03 00:00:00+00:00
1685442600000,1685442900000,1685616000000,1,breakout_24,1953.7599999999998,1945.42,2745.42,1964.34,8.33999999999969,11.990407673861355,126.858513189455,1.26858513189455,timeout,2885,2.479556354916182,2023-05-30 10:35:00+00:00,2023-06-01 10:40:00+00:00,2023-04-03 00:00:00+00:00
1685448000000,1685448300000,1685454900000,1,breakout_24,1960.6699999999998,1952.3,2752.3,1952.25,8.36999999999989,11.947431302270168,-100.59737156511297,-1.0059737156511297,stop,110,0.16129032258063639,2023-05-30 12:05:00+00:00,2023-05-30 13:55:00+00:00,2023-04-03 00:00:00+00:00
1685464200000,1685464500000,1685498700000,1,breakout_24,1962.6934999999999,1954.355,2754.355,1954.305,8.33849999999984,11.992564609942066,-100.59962823049656,-1.0059962823049657,stop,570,0.0,2023-05-30 16:35:00+00:00,2023-05-31 02:05:00+00:00,2023-04-03 00:00:00+00:00
1698364800000,1698365100000,1698617100000,1,dip_unconfirmed,1984.885,1976.5085,2776.5085,2002.7810000000002,8.376500000000078,11.938160329493114,213.64531725661098,2.13645317256611,timeout,4200,2.9039575001492053,2023-10-27 00:05:00+00:00,2023-10-29 22:05:00+00:00,2023-10-03 00:00:00+00:00
1698366600000,1698366900000,1698434100000,1,dip_unconfirmed,1983.9434999999999,1975.5785,2775.5785,2009.0384999999992,8.364999999999782,11.954572624029003,300.0,3.0,target,1120,2.981649731022237,2023-10-27 00:35:00+00:00,2023-10-27 19:15:00+00:00,2023-10-03 00:00:00+00:00
1698368400000,1698368700000,1698433800000,1,dip_unconfirmed,1983.83,1975.53,2775.5299999999997,2008.7299999999998,8.299999999999955,12.048192771084404,300.0,3.0,target,1085,2.9513855421687145,2023-10-27 01:05:00+00:00,2023-10-27 19:10:00+00:00,2023-10-03 00:00:00+00:00
1698370200000,1698370500000,1698617100000,1,pullback_ema50,1984.89,1976.5549999999998,2776.555,2002.7810000000002,8.335000000000264,11.997600479903639,214.64907018595693,2.146490701859569,timeout,4110,2.9178164367125574,2023-10-27 01:35:00+00:00,2023-10-29 22:05:00+00:00,2023-10-03 00:00:00+00:00
1698372000000,1698372300000,1698411600000,1,pullback_ema20,1985.8849999999998,1977.5265,2777.5265,1977.4765,8.358499999999822,11.963869115272134,-100.59819345576307,-1.0059819345576306,stop,655,0.44960220135195855,2023-10-27 02:05:00+00:00,2023-10-27 13:00:00+00:00,2023-10-03 00:00:00+00:00
1698429600000,1698429900000,1698617100000,1,breakout_24,1997.11,1988.4165616618043,2824.260395481383,2002.7810000000002,8.69343833819562,11.50292854331738,65.23310776915604,0.6523310776915604,timeout,3120,1.3918543537414187,2023-10-27 18:05:00+00:00,2023-10-29 22:05:00+00:00,2023-10-03 00:00:00+00:00
1698620400000,1698620700000,1698653100000,1,dip_unconfirmed,2001.9225,1992.2139753204706,2916.1664432734133,1992.1639753204706,9.708524679529319,10.300226172453643,-100.51501130862222,-1.0051501130862222,stop,540,0.4776729887475423,2023-10-29 23:05:00+00:00,2023-10-30 08:05:00+00:00,2023-10-03 00:00:00+00:00
1698634800000,1698635100000,1698649200000,1,dip_unconfirmed,2003.255,1994.94,2794.94,1994.89,8.315000000000055,12.026458208057647,-100.60132291040233,-1.0060132291040234,stop,235,0.003607937462414013,2023-10-30 03:05:00+00:00,2023-10-30 07:00:00+00:00,2023-10-03 00:00:00+00:00
1698636600000,1698636900000,1698649500000,1,dip_unconfirmed,2002.68,1994.34,2794.34,1994.29,8.340000000000146,11.990407673860702,-100.5995203836925,-1.0059952038369249,stop,210,0.0,2023-10-30 03:35:00+00:00,2023-10-30 07:05:00+00:00,2023-10-03 00:00:00+00:00
1698638400000,1698638700000,1698649800000,1,dip_unconfirmed,2002.42,1994.115,2794.115,1994.065,8.305000000000064,12.040939193256982,-100.6020469596623,-1.006020469596623,stop,185,0.009632751354596824,2023-10-30 04:05:00+00:00,2023-10-30 07:10:00+00:00,2023-10-03 00:00:00+00:00
1698640200000,1698640500000,1698652800000,1,dip_unconfirmed,2001.9399999999998,1993.66,2793.66,1993.6100000000001,8.279999999999745,12.07729468599071,-100.60386473429898,-1.0060386473429899,stop,205,0.058937198067668936,2023-10-30 04:35:00+00:00,2023-10-30 08:00:00+00:00,2023-10-03 00:00:00+00:00
1698715800000,1698716100000,1698768900000,1,pullback_ema50,1997.415,1989.0549999999998,2789.055,1989.0049999999999,8.360000000000127,11.961722488038095,-100.59808612440136,-1.0059808612440135,stop,880,1.2200358851674389,2023-10-31 01:35:00+00:00,2023-10-31 16:15:00+00:00,2023-10-03 00:00:00+00:00
1698719400000,1698719700000,1698768900000,1,dip_unconfirmed,1996.1464999999998,1987.795,2787.795,1987.7450000000001,8.35149999999976,11.973896904747994,-100.59869484523685,-1.0059869484523685,stop,820,1.373166497036509,2023-10-31 02:35:00+00:00,2023-10-31 16:15:00+00:00,2023-10-03 00:00:00+00:00
1698750000000,1698750300000,1698768600000,1,breakout_24,2000.3249999999998,1992.06,2792.06,1992.01,8.264999999999873,12.099213551119364,-100.60496067755543,-1.0060496067755542,stop,305,0.8819721718088568,2023-10-31 11:05:00+00:00,2023-10-31 16:10:00+00:00,2023-10-03 00:00:00+00:00
1698760800000,1698761100000,1698765300000,1,pullback_ema20,2002.8995,1994.5445,2794.5445,1994.4945,8.355000000000018,11.968880909634922,-100.5984440454812,-1.005984440454812,stop,70,0.5643327348892768,2023-10-31 14:05:00+00:00,2023-10-31 15:15:00+00:00,2023-10-03 00:00:00+00:00
1698841800000,1698842100000,1698853500000,1,breakout_24,1986.6850000000002,1978.1950000000002,2778.195,1978.1450000000002,8.490000000000009,11.77856301531212,-100.58892815076507,-1.0058892815076508,stop,190,0.6042991755005328,2023-11-01 12:35:00+00:00,2023-11-01 15:45:00+00:00,2023-10-03 00:00:00+00:00
1698849000000,1698849300000,1698852300000,1,breakout_24,1990.8065,1982.45,2782.45,1982.4,8.356499999999869,11.966732483695514,-100.59833662418423,-1.0059833662418423,stop,50,0.1112906120983759,2023-11-01 14:35:00+00:00,2023-11-01 15:25:00+00:00,2023-10-03 00:00:00+00:00
1698917400000,1698917700000,1698934200000,1,breakout_24,1988.9915000000003,1980.6950000000002,2780.695,1980.6450000000002,8.296500000000151,12.053275477610821,-100.60266377388,-1.0060266377387999,stop,275,0.21352377508582812,2023-11-02 09:35:00+00:00,2023-11-02 14:10:00+00:00,2023-10-03 00:00:00+00:00
1698980400000,1698980700000,1699225500000,1,breakout_24,1987.777,1979.44,2779.44,1991.0390000000002,8.336999999999989,11.994722322178257,39.12678421494753,0.3912678421494753,timeout,4080,1.9214945424013588,2023-11-03 03:05:00+00:00,2023-11-05 23:05:00+00:00,2023-10-03 00:00:00+00:00
1699003800000,1699004100000,1699225500000,1,breakout_24,1989.7099999999998,1981.3600000000001,2781.36,1991.0390000000002,8.349999999999682,11.976047904192074,15.916167664676124,0.15916167664676123,timeout,3690,1.6870059880240573,2023-11-03 09:35:00+00:00,2023-11-05 23:05:00+00:00,2023-10-03 00:00:00+00:00
1699007400000,1699007700000,1699225500000,1,dip_unconfirmed,1988.33,1980.03,2780.0299999999997,1991.0390000000002,8.299999999999955,12.048192771084404,32.638554216871114,0.32638554216871113,timeout,3630,1.8634337349397962,2023-11-03 10:35:00+00:00,2023-11-05 23:05:00+00:00,2023-10-03 00:00:00+00:00
1699009200000,1699009500000,1699225500000,1,pullback_ema20,1988.6784999999998,1980.3685,2780.3685,1991.0390000000002,8.309999999999718,12.033694344164067,28.405535499404774,0.2840553549940477,timeout,3600,1.8192539109507708,2023-11-03 11:05:00+00:00,2023-11-05 23:05:00+00:00,2023-10-03 00:00:00+00:00
1699011000000,1699011300000,1699225500000,1,pullback_ema20,1988.705,1980.3735,2780.3734999999997,1991.0390000000002,8.331500000000005,12.002640580927796,28.014163115888927,0.2801416311588893,timeout,3570,1.8113785032707452,2023-11-03 11:35:00+00:00,2023-11-05 23:05:00+00:00,2023-10-03 00:00:00+00:00
1699045200000,1699225500000,1699241100000,1,dip_unconfirmed,1993.031,1984.58,2784.58,1984.53,8.451000000000022,11.832919181161962,-100.59164595905756,-1.0059164595905756,stop,260,0.0,2023-11-05 23:05:00+00:00,2023-11-06 03:25:00+00:00,2023-10-03 00:00:00+00:00
1699227000000,1699227300000,1699286700000,1,dip_unconfirmed,1989.19,1980.77,2780.77,1980.72,8.420000000000073,11.876484560569969,-100.59382422802796,-1.0059382422802796,stop,990,0.4299287410926199,2023-11-05 23:35:00+00:00,2023-11-06 16:05:00+00:00,2023-10-03 00:00:00+00:00
1699228800000,1699229100000,1699286700000,1,dip_unconfirmed,1988.9,1980.595,2780.5950000000003,1980.545,8.305000000000064,12.040939193256982,-100.6020469596623,-1.006020469596623,stop,960,0.4708007224563305,2023-11-06 00:05:00+00:00,2023-11-06 16:05:00+00:00,2023-10-03 00:00:00+00:00
1699232400000,1699232700000,1699242300000,1,pullback_ema50,1991.48,1983.17,2783.17,1983.1200000000001,8.309999999999945,12.033694344163738,-100.60168471720765,-1.0060168471720765,stop,160,0.16004813477736896,2023-11-06 01:05:00+00:00,2023-11-06 03:45:00+00:00,2023-10-03 00:00:00+00:00
1699234200000,1699234500000,1699241100000,1,pullback_ema50,1992.8600000000001,1984.53,2784.5299999999997,1984.48,8.330000000000155,12.004801920768084,-100.60024009603787,-1.0060024009603787,stop,110,0.0,2023-11-06 01:35:00+00:00,2023-11-06 03:25:00+00:00,2023-10-03 00:00:00+00:00
1699241400000,1699241700000,1699314000000,1,dip_unconfirmed,1984.175,1975.8049999999998,2775.805,1975.7549999999999,8.370000000000118,11.947431302269843,-100.59737156511295,-1.0059737156511295,stop,1205,0.5561529271206851,2023-11-06 03:35:00+00:00,2023-11-06 23:40:00+00:00,2023-10-03 00:00:00+00:00
1699542000000,1699542300000,1699615500000,1,breakout_24,1958.56,1950.225,2750.225,1950.175,8.335000000000036,11.997600479903967,-100.59988002399466,-1.0059988002399465,stop,1220,0.814037192561494,2023-11-09 15:05:00+00:00,2023-11-10 11:25:00+00:00,2023-10-03 00:00:00+00:00
1699545600000,1699545900000,1699600500000,1,breakout_24,1963.2795000000003,1955.0349999999999,2755.035,1954.985,8.244500000000471,12.12929832009149,-100.60646491600403,-1.0060646491600402,stop,910,0.25053065680145353,2023-11-09 16:05:00+00:00,2023-11-10 07:15:00+00:00,2023-10-03 00:00:00+00:00
1699893000000,1699893300000,1699972800000,1,breakout_24,1943.1535000000001,1934.8899999999999,2734.89,1967.9440000000009,8.26350000000025,12.101409814242995,300.0,3.0,target,1325,2.246566224965135,2023-11-13 16:35:00+00:00,2023-11-14 14:40:00+00:00,2023-10-03 00:00:00+00:00
1699894800000,1699895100000,1700036700000,1,breakout_24,1946.1699999999998,1937.88,2737.88,1971.039999999999,8.289999999999736,12.062726176116186,300.0,3.0,target,2360,2.9762967430640397,2023-11-13 17:05:00+00:00,2023-11-15 08:25:00+00:00,2023-10-03 00:00:00+00:00
1699896600000,1699896900000,1699968900000,1,breakout_24,1948.4245,1940.0965,2740.0965,1940.0465000000002,8.327999999999975,12.00768491834778,-100.60038424591684,-1.0060038424591684,stop,1200,0.0,2023-11-13 17:35:00+00:00,2023-11-14 13:35:00+00:00,2023-10-03 00:00:00+00:00
1699970400000,1699970700000,1700143800000,1,breakout_24,1954.707,1946.3899999999999,2746.39,1972.4750000000001,8.317000000000235,12.023566189731536,213.63472405915027,2.136347240591503,timeout,2885,2.4431285319224796,2023-11-14 14:05:00+00:00,2023-11-16 14:10:00+00:00,2023-10-03 00:00:00+00:00
1699972200000,1699972500000,1700145600000,1,breakout_24,1960.1285,1951.7765,2751.7765,1973.9050000000002,8.35200000000009,11.973180076628225,164.94851532567077,1.6494851532567076,timeout,2885,1.7837643678160622,2023-11-14 14:35:00+00:00,2023-11-16 14:40:00+00:00,2023-10-03 00:00:00+00:00
1699974000000,1699974300000,1700060100000,1,breakout_24,1968.165,1959.7917806496237,2766.113715687263,1959.7417806496237,8.373219350376303,11.94283773247931,-100.59714188662343,-1.0059714188662343,stop,1430,0.8194578110140652,2023-11-14 15:05:00+00:00,2023-11-15 14:55:00+00:00,2023-10-03 00:00:00+00:00
1699997400000,1699997700000,1700170800000,1,dip_unconfirmed,1963.2469999999998,1954.8885,2754.8885,1980.5645,8.358499999999822,11.963869115272134,207.1843034037265,2.071843034037265,timeout,2885,2.924507985882677,2023-11-14 21:35:00+00:00,2023-11-16 21:40:00+00:00,2023-10-03 00:00:00+00:00
1700037000000,1700037300000,1700055900000,1,breakout_24,1972.477,1964.105,2764.105,1964.055,8.372000000000071,11.944577161968365,-100.59722885809788,-1.0059722885809788,stop,310,0.30452699474436584,2023-11-15 08:35:00+00:00,2023-11-15 13:45:00+00:00,2023-10-03 00:00:00+00:00
1700056800000,1700057100000,1700060100000,1,dip_unconfirmed,1965.99,1957.6750000000002,2757.675,1957.6250000000002,8.314999999999827,12.026458208057976,-100.60132291040235,-1.0060132291040234,stop,50,0.04870715574265887,2023-11-15 14:05:00+00:00,2023-11-15 14:55:00+00:00,2023-10-03 00:00:00+00:00
1700060400000,1700060700000,1700148000000,1,dip_unconfirmed,1957.917,1949.5555,2749.5555,1983.0014999999999,8.361499999999978,11.959576630987295,300.0,3.0,target,1455,2.9983854571548414,2023-11-15 15:05:00+00:00,2023-11-16 15:20:00+00:00,2023-10-03 00:00:00+00:00
1700067600000,1700067900000,1700210100000,1,dip_unconfirmed,1962.717,1954.375,2754.375,1987.7430000000004,8.342000000000098,11.987532965715515,300.0,3.0,target,2370,2.993826420522571,2023-11-15 17:05:00+00:00,2023-11-17 08:35:00+00:00,2023-10-03 00:00:00+00:00
1700146800000,1700147100000,1700435100000,1,breakout_24,1980.14,1971.8,2771.8,1977.2100000000003,8.340000000000146,11.990407673860702,-35.13189448440989,-0.3513189448440989,timeout,4800,1.565767386091084,2023-11-16 15:05:00+00:00,2023-11-19 23:05:00+00:00,2023-10-03 00:00:00+00:00
1700148600000,1700148900000,1700435100000,1,breakout_24,1985.485,1977.1565,2777.1565,1977.2100000000003,8.328499999999849,12.00696403914292,-99.3576274239033,-0.9935762742390329,timeout,4770,0.9261571711592973,2023-11-16 15:35:00+00:00,2023-11-19 23:05:00+00:00,2023-10-03 00:00:00+00:00
1700152200000,1700152500000,1700435100000,1,dip_unconfirmed,1983.8965,1975.5465,2775.5465,1977.2100000000003,8.350000000000136,11.976047904191422,-80.0778443113735,-0.8007784431137349,timeout,4710,1.1140119760478748,2023-11-16 16:35:00+00:00,2023-11-19 23:05:00+00:00,2023-10-03 00:00:00+00:00
1700186400000,1700186700000,1700435100000,1,dip_unconfirmed,1983.77,1975.53,2775.5299999999997,1977.2100000000003,8.240000000000009,12.135922330097074,-79.61165048543339,-0.7961165048543338,timeout,4140,1.1442354368932008,2023-11-17 02:05:00+00:00,2023-11-19 23:05:00+00:00,2023-10-03 00:00:00+00:00
1700211600000,1700211900000,1700232600000,1,breakout_24,1989.1,1980.77,2780.77,1980.72,8.329999999999927,12.004801920768411,-100.60024009603787,-1.0060024009603787,stop,345,0.4920168067227004,2023-11-17 09:05:00+00:00,2023-11-17 14:50:00+00:00,2023-10-03 00:00:00+00:00
1700233200000,1700233500000,1700435100000,1,dip_unconfirmed,1980.825,1972.46,2772.46,1977.2100000000003,8.365000000000009,11.954572624028678,-43.215780035861066,-0.4321578003586107,timeout,3360,0.49725044829647047,2023-11-17 15:05:00+00:00,2023-11-19 23:05:00+00:00,2023-10-03 00:00:00+00:00
1700523000000,1700523300000,1700578500000,1,breakout_24,1980.83,1972.45,2772.45,2005.9699999999996,8.379999999999882,11.933174224343844,300.0,3.0,target,920,2.9085322195704646,2023-11-20 23:35:00+00:00,2023-11-21 14:55:00+00:00,2023-10-03 00:00:00+00:00
1700524800000,1700525100000,1700578500000,1,breakout_24,1981.6759999999997,1973.34,2773.34,2006.683999999999,8.335999999999785,11.99616122840722,300.0,3.0,target,890,2.822396833013553,2023-11-21 00:05:00+00:00,2023-11-21 14:55:00+00:00,2023-10-03 00:00:00+00:00
1700526600000,1700526900000,1700700000000,1,breakout_24,1983.3550000000002,1975.02,2775.02,1990.9815,8.335000000000264,11.997600479903639,91.49970005998331,0.9149970005998331,timeout,2885,2.875224955008843,2023-11-21 00:35:00+00:00,2023-11-23 00:40:00+00:00,2023-10-03 00:00:00+00:00
1700528400000,1700528700000,1700701800000,1,breakout_24,1986.8704999999998,1978.5405,2778.5405,1991.6100000000001,8.3299999999997,12.00480192076874,56.89675870348779,0.5689675870348779,timeout,2885,2.4549219687875965,2023-11-21 01:05:00+00:00,2023-11-23 01:10:00+00:00,2023-10-03 00:00:00+00:00
1700530200000,1700530500000,1700703600000,1,breakout_24,1990.315,1982.005,2782.005,1991.88,8.309999999999945,12.033694344163738,18.832731648616907,0.18832731648616907,timeout,2885,2.0463297232250017,2023-11-21 01:35:00+00:00,2023-11-23 01:40:00+00:00,2023-10-03 00:00:00+00:00
1700578800000,1700579100000,1700593800000,1,breakout_24,2005.815,1997.4735,2797.4735,1997.4235,8.341499999999996,11.988251513516758,-100.59941257567529,-1.0059941257567528,stop,245,0.1804231852783858,2023-11-21 15:05:00+00:00,2023-11-21 19:10:00+00:00,2023-10-03 00:00:00+00:00
1700593200000,1700593500000,1700667000000,1,dip_unconfirmed,1999.0514999999998,1990.6844999999998,2790.6845,1990.6345,8.366999999999962,11.951715071112758,-100.5975857535551,-1.0059758575355509,stop,1225,0.846360702760905,2023-11-21 19:05:00+00:00,2023-11-22 15:30:00+00:00,2023-10-03 00:00:00+00:00
1700595000000,1700595300000,1700666100000,1,pullback_ema20,2000.4555,1992.1235,2792.1234999999997,1992.0735,8.332000000000107,12.001920307249005,-100.6000960153619,-1.006000960153619,stop,1180,0.6814090254440907,2023-11-21 19:35:00+00:00,2023-11-22 15:15:00+00:00,2023-10-03 00:00:00+00:00
1700672400000,1700672700000,1700845800000,1,dip_unconfirmed,1991.565,1983.1685,2783.1684999999998,1999.7495,8.39650000000006,11.909724289882604,97.4751384505423,0.974751384505423,timeout,2885,1.4033228130768827,2023-11-22 17:05:00+00:00,2023-11-24 17:10:00+00:00,2023-10-03 00:00:00+00:00
1700674200000,1700674500000,1700847600000,1,dip_unconfirmed,1991.02,1982.78,2782.7799999999997,2001.3400000000001,8.240000000000009,12.135922330097074,125.24271844660379,1.252427184466038,timeout,2885,1.4961165048543918,2023-11-22 17:35:00+00:00,2023-11-24 17:40:00+00:00,2023-10-03 00:00:00+00:00
1700728200000,1700728500000,1701039900000,1,dip_unconfirmed,1995.0355000000002,1986.6535,2786.6535,2000.8159999999998,8.38200000000029,11.930326890956401,68.96325459316894,0.6896325459316894,timeout,5190,0.9917084228107508,2023-11-23 08:35:00+00:00,2023-11-26 23:05:00+00:00,2023-10-03 00:00:00+00:00
1700730000000,1700730300000,1701039900000,1,pullback_ema20,1995.2545,1987.03,2787.0299999999997,2000.8159999999998,8.224500000000035,12.158793847650262,67.62113198370446,0.6762113198370446,timeout,5160,0.9840719800595954,2023-11-23 09:05:00+00:00,2023-11-26 23:05:00+00:00,2023-10-03 00:00:00+00:00
1700821800000,1700822100000,1701039900000,1,breakout_24,1995.777,1987.43,2787.4300000000003,2000.8159999999998,8.34699999999998,11.980352222355366,60.368994848445816,0.6036899484844581,timeout,3630,0.9070324667545415,2023-11-24 10:35:00+00:00,2023-11-26 23:05:00+00:00,2023-10-03 00:00:00+00:00
1701041400000,1701041700000,1701181500000,1,dip_unconfirmed,2001.641,1993.325,2793.325,2026.5890000000002,8.316000000000031,12.02501202501198,300.0,3.0,target,2330,2.8018879268878685,2023-11-26 23:35:00+00:00,2023-11-28 14:25:00+00:00,2023-10-03 00:00:00+00:00
1701045000000,1701045300000,1701186300000,1,breakout_24,2004.2565,1995.9555,2795.9555,2029.1594999999998,8.30099999999993,12.046741356463176,300.0,3.0,target,2350,2.954463317672605,2023-11-27 00:35:00+00:00,2023-11-28 15:45:00+00:00,2023-10-03 00:00:00+00:00
1701048600000,1701048900000,1701050700000,1,breakout_24,2017.455,2009.0900000000001,2809.09,2009.0400000000002,8.364999999999782,11.954572624029003,-100.59772863120091,-1.0059772863120091,stop,30,0.0,2023-11-27 01:35:00+00:00,2023-11-27 02:05:00+00:00,2023-10-03 00:00:00+00:00
1701052200000,1701052500000,1701187800000,1,dip_unconfirmed,2009.0750000000003,2000.7,2800.7,2034.200000000001,8.375000000000227,11.940298507462362,300.0,3.0,target,2255,2.7044776119401543,2023-11-27 02:35:00+00:00,2023-11-28 16:10:00+00:00,2023-10-03 00:00:00+00:00
1701064800000,1701065100000,1701188700000,1,dip_unconfirmed,2011.055,2002.69,2802.69,2036.15,8.365000000000009,11.954572624028678,300.0,3.0,target,2060,2.8901972504482702,2023-11-27 06:05:00+00:00,2023-11-28 16:25:00+00:00,2023-10-03 00:00:00+00:00
1701066600000,1701066900000,1701188700000,1,dip_unconfirmed,2010.327,2001.95,2801.95,2035.4579999999999,8.376999999999953,11.937447773666058,300.0,3.0,target,2030,2.9729616807926478,2023-11-27 06:35:00+00:00,2023-11-28 16:25:00+00:00,2023-10-03 00:00:00+00:00
1701181800000,1701182100000,1701355200000,1,breakout_24,2027.6399999999999,2019.385,2819.385,2033.1285,8.254999999999882,12.113870381587091,66.48697758934267,0.6648697758934268,timeout,2885,2.9158086008480324,2023-11-28 14:35:00+00:00,2023-11-30 14:40:00+00:00,2023-10-03 00:00:00+00:00
1701187200000,1701187500000,1701360600000,1,breakout_24,2031.2145000000003,2022.8815,2822.8815,2036.9199999999998,8.333000000000311,12.000480019200321,68.46873874954233,0.6846873874954232,timeout,2885,2.4595583823351737,2023-11-28 16:05:00+00:00,2023-11-30 16:10:00+00:00,2023-10-03 00:00:00+00:00
1701189000000,1701189300000,1701362400000,1,breakout_24,2036.6514999999997,2028.2914999999998,2828.2915,2037.6100000000001,8.3599999999999,11.96172248803842,11.465311004789765,0.11465311004789765,timeout,2885,1.801255980861304,2023-11-28 16:35:00+00:00,2023-11-30 16:40:00+00:00,2023-10-03 00:00:00+00:00
1701190800000,1701191100000,1701355500000,1,breakout_24,2040.147,2031.79,2831.79,2031.74,8.356999999999971,11.96601651310283,-100.59830082565459,-1.005983008256546,stop,2740,1.3836304894100924,2023-11-28 17:05:00+00:00,2023-11-30 14:45:00+00:00,2023-10-03 00:00:00+00:00
1701192600000,1701192900000,1701352500000,1,breakout_24,2042.505,2034.1550000000002,2834.155,2034.1050000000002,8.349999999999909,11.976047904191747,-100.59880239520903,-1.0059880239520904,stop,2660,1.1023952095808416,2023-11-28 17:35:00+00:00,2023-11-30 13:55:00+00:00,2023-10-03 00:00:00+00:00
1701419400000,1701419700000,1701453300000,1,pullback_ema20,2041.075,2032.7535,2832.7535,2066.0395,8.321500000000015,12.017064231208295,299.99999999999727,2.999999999999973,target,560,2.9958541128401808,2023-12-01 08:35:00+00:00,2023-12-01 17:55:00+00:00,2023-10-03 00:00:00+00:00
1701421200000,1701421500000,1701431400000,1,pullback_ema20,2045.7599999999998,2037.395,2837.395,2037.345,8.364999999999782,11.954572624029003,-100.59772863120091,-1.0059772863120091,stop,165,0.4566646742379275,2023-12-01 09:05:00+00:00,2023-12-01 11:50:00+00:00,2023-10-03 00:00:00+00:00
1701423000000,1701423300000,1701430800000,1,breakout_24,2047.895,2039.5949999999998,2839.595,2039.5449999999998,8.300000000000182,12.048192771084073,-100.60240963855365,-1.0060240963855365,stop,125,0.20301204819276006,2023-12-01 09:35:00+00:00,2023-12-01 11:40:00+00:00,2023-10-03 00:00:00+00:00
1701426600000,1701426900000,1701432000000,1,dip_unconfirmed,2044.9250000000002,2036.52,2836.52,2036.47,8.4050000000002,11.897679952408996,-100.5948839976199,-1.005948839976199,stop,85,0.0,2023-12-01 10:35:00+00:00,2023-12-01 12:00:00+00:00,2023-10-03 00:00:00+00:00
1701428400000,1701428700000,1701435000000,1,dip_unconfirmed,2044.2205,2035.8355000000001,2835.8355,2035.7855000000002,8.384999999999764,11.926058437686681,-100.59630292188379,-1.005963029218838,stop,105,0.0,2023-12-01 11:05:00+00:00,2023-12-01 12:50:00+00:00,2023-10-03 00:00:00+00:00
1701432000000,1701432300000,1701452700000,1,dip_unconfirmed,2037.485,2029.1,2829.1,2062.64,8.384999999999991,11.926058437686358,300.0,3.0,target,340,2.9325581395349194,2023-12-01 12:05:00+00:00,2023-12-01 17:45:00+00:00,2023-10-03 00:00:00+00:00
1701448200000,1701448500000,1701644700000,1,breakout_24,2057.5299999999997,2047.8084477471018,2983.9636730369193,2074.2135,9.721552252897936,10.286423134761282,171.61354036879084,1.7161354036879084,timeout,3270,1.8062959024641223,2023-12-01 16:35:00+00:00,2023-12-03 23:05:00+00:00,2023-10-03 00:00:00+00:00
1701450000000,1701450300000,1701644700000,1,breakout_24,2059.277,2049.491915765166,2991.800339248568,2074.2135,9.785084234833903,10.219636091022108,152.64559447354964,1.5264559447354964,timeout,3240,1.6160310550733363,2023-12-01 17:05:00+00:00,2023-12-03 23:05:00+00:00,2023-10-03 00:00:00+00:00
1701451800000,1701452100000,1701644700000,1,breakout_24,2061.1915,2051.398564639083,2993.0421007308123,2074.2135,9.792935360917,10.211442873307817,132.97340909621371,1.3297340909621371,timeout,3210,1.4192373877467113,2023-12-01 17:35:00+00:00,2023-12-03 23:05:00+00:00,2023-10-03 00:00:00+00:00
1701453600000,1701453900000,1701644700000,1,breakout_24,2067.705,2057.558310022005,3039.227307821472,2074.2135,10.14668997799481,9.855430708622281,64.14407076706726,0.6414407076706726,timeout,3180,0.727823557831777,2023-12-01 18:05:00+00:00,2023-12-03 23:05:00+00:00,2023-10-03 00:00:00+00:00
1701455400000,1701455700000,1701644700000,1,breakout_24,2069.8965,2059.7687878775764,3033.340000119938,2074.2135,10.127712122423418,9.873898348531595,42.62561917061097,0.4262561917061097,timeout,3150,0.5128009107310193,2023-12-01 18:35:00+00:00,2023-12-03 23:05:00+00:00,2023-10-03 00:00:00+00:00
1701646200000,1701646500000,1701647100000,1,breakout_24,2131.2625000000003,2112.7417399446335,3853.1177454813032,2112.6917399446334,18.520760055366736,5.399346446963073,-100.26996732234913,-1.0026996732234914,stop,10,0.7053706198312478,2023-12-03 23:35:00+00:00,2023-12-03 23:45:00+00:00,2023-10-03 00:00:00+00:00
1701649800000,1701650100000,1701672600000,1,dip_unconfirmed,2103.2965,2080.2891252583827,4330.326599420113,2080.2391252583825,23.00737474161724,4.3464324427729455,-100.21732162213942,-1.0021732162213943,stop,375,0.019406820856981834,2023-12-04 00:35:00+00:00,2023-12-04 06:50:00+00:00,2023-10-03 00:00:00+00:00
1701651600000,1701651900000,1701675300000,1,dip_unconfirmed,2096.405,2073.161794882784,4352.982306604392,2073.1117948827837,23.24320511721635,4.302332638536565,-100.2151166319276,-1.002151166319276,stop,390,0.07535535616396152,2023-12-04 01:05:00+00:00,2023-12-04 07:35:00+00:00,2023-10-03 00:00:00+00:00
1701653400000,1701653700000,1701675900000,1,dip_unconfirmed,2092.3565000000003,2069.588595248299,4318.22907041837,2069.538595248299,22.76790475170128,4.392147678522229,-100.21960738392691,-1.0021960738392692,stop,370,0.0,2023-12-04 01:35:00+00:00,2023-12-04 07:45:00+00:00,2023-10-03 00:00:00+00:00
1701655200000,1701655500000,1701676800000,1,dip_unconfirmed,2088.202,2065.691409873421,4280.0504225313425,2065.641409873421,22.510590126579245,4.442353551714559,-100.22211767758654,-1.0022211767758653,stop,355,0.08898034164084957,2023-12-04 02:05:00+00:00,2023-12-04 08:00:00+00:00,2023-10-03 00:00:00+00:00
1701842400000,1701842700000,1702015800000,1,breakout_24,2025.2,2016.895,2816.895,2030.0015,8.305000000000064,12.040939193256982,57.81456953642379,0.5781456953642379,timeout,2885,1.7340758579168971,2023-12-06 06:05:00+00:00,2023-12-08 06:10:00+00:00,2023-10-03 00:00:00+00:00
1701844200000,1701844500000,1702017600000,1,breakout_24,2025.92,2017.5665,2817.5665,2029.425,8.353500000000167,11.97103010714048,41.958460525525965,0.41958460525525965,timeout,2885,1.6378164841084144,2023-12-06 06:35:00+00:00,2023-12-08 06:40:00+00:00,2023-10-03 00:00:00+00:00
1701847800000,1701848100000,1701856800000,1,breakout_24,2028.33,2020.0,2820.0,2019.95,8.329999999999927,12.004801920768411,-100.60024009603787,-1.0060024009603787,stop,145,0.8757503001200917,2023-12-06 07:35:00+00:00,2023-12-06 10:00:00+00:00,2023-10-03 00:00:00+00:00
1701849600000,1701849900000,1701852600000,1,breakout_24,2034.445,2026.18,2826.1800000000003,2026.13,8.264999999999873,12.099213551119364,-100.60496067755543,-1.0060496067755542,stop,45,0.022988505747133393,2023-12-06 08:05:00+00:00,2023-12-06 08:50:00+00:00,2023-10-03 00:00:00+00:00
1701937800000,1701938100000,1701968700000,1,breakout_24,2032.9470000000001,2024.625,2824.625,2024.575,8.322000000000116,12.016342225426412,-100.60081711127077,-1.0060081711127078,stop,510,0.799627493390985,2023-12-07 08:35:00+00:00,2023-12-07 17:05:00+00:00,2023-10-03 00:00:00+00:00
1701957600000,1701957900000,1701960300000,1,breakout_24,2037.5785000000003,2029.2335,2829.2335000000003,2029.1835,8.345000000000255,11.98322348711767,-100.59916117435534,-1.0059916117435534,stop,40,0.0,2023-12-07 14:05:00+00:00,2023-12-07 14:45:00+00:00,2023-10-03 00:00:00+00:00
1702387800000,1702388100000,1702389000000,1,breakout_24,1990.9700000000003,1982.6,2782.6,1982.55,8.370000000000346,11.947431302269518,-100.59737156511292,-1.0059737156511293,stop,15,0.6625448028673226,2023-12-12 13:35:00+00:00,2023-12-12 13:50:00+00:00,2023-10-03 00:00:00+00:00
1702465200000,1702465500000,1702496400000,1,breakout_24,1983.585,1975.29,2775.29,2008.4700000000003,8.295000000000073,12.055455093429671,300.0,3.0,target,515,2.915009041591275,2023-12-13 11:05:00+00:00,2023-12-13 19:40:00+00:00,2023-10-03 00:00:00+00:00
1702476000000,1702476300000,1702496400000,1,breakout_24,1984.87,1976.56,2776.56,2009.7999999999997,8.309999999999945,12.033694344163738,300.0,3.0,target,335,2.7551143200962853,2023-12-13 14:05:00+00:00,2023-12-13 19:40:00+00:00,2023-10-03 00:00:00+00:00
1702495800000,1702496100000,1702512300000,1,breakout_24,2006.4899999999998,1997.5825509923427,2852.327451758077,2033.212347022971,8.907449007657078,11.226558795232773,300.0,3.0,target,270,2.961004882242669,2023-12-13 19:35:00+00:00,2023-12-14 00:05:00+00:00,2023-10-03 00:00:00+00:00
1702497600000,1702497900000,1702564800000,1,breakout_24,2014.165,2003.7100116357467,3004.708848061069,2045.5299650927598,10.454988364253268,9.564812175392827,300.0,3.0,target,1115,2.8233412579324577,2023-12-13 20:05:00+00:00,2023-12-14 14:40:00+00:00,2023-10-03 00:00:00+00:00
1702501200000,1702501500000,1702674600000,1,breakout_24,2024.365,2013.0174181961286,3110.275598583269,2018.045,11.347581803871435,8.812450240797839,-55.69468552184178,-0.5569468552184178,timeout,2885,2.049335303497547,2023-12-13 21:05:00+00:00,2023-12-15 21:10:00+00:00,2023-10-03 00:00:00+00:00
1702503000000,1702503300000,1702676400000,1,breakout_24,2026.6055000000001,2015.3160311821196,3103.0629129701792,2018.598,11.289468817880561,8.857812675970843,-70.92893500283797,-0.7092893500283798,timeout,2885,1.8614250447918925,2023-12-13 21:35:00+00:00,2023-12-15 21:40:00+00:00,2023-10-03 00:00:00+00:00
1702504800000,1702508700000,1702667400000,1,breakout_24,2027.519,2017.2262075262538,3067.6054549008786,2017.1762075262538,10.292792473746204,9.715536406186146,-100.48577682030887,-1.0048577682030888,stop,2645,1.9529199730074882,2023-12-13 23:05:00+00:00,2023-12-15 19:10:00+00:00,2023-10-03 00:00:00+00:00
1702512000000,1702512300000,1702664700000,1,breakout_24,2033.2699999999998,2022.0980105711067,3106.7969534604476,2022.0480105711067,11.171989428893085,8.950957270097234,-100.44754786350445,-1.0044754786350445,stop,2540,1.2844623682589857,2023-12-14 00:05:00+00:00,2023-12-15 18:25:00+00:00,2023-10-03 00:00:00+00:00
1702566000000,1702566300000,1702577100000,1,breakout_24,2043.5985,2033.1872847423817,3040.808810504219,2033.1372847423818,10.411215257618323,9.605026649201763,-100.48025133245964,-1.0048025133245964,stop,180,0.2926171368679025,2023-12-14 15:05:00+00:00,2023-12-14 18:05:00+00:00,2023-10-03 00:00:00+00:00
1702576800000,1702577100000,1702647900000,1,dip_unconfirmed,2036.4799999999998,2026.985453932698,2946.440060662907,2026.935453932698,9.494546067301826,10.532362399545253,-100.52661811997679,-1.0052661811997678,stop,1180,0.8583875355629716,2023-12-14 18:05:00+00:00,2023-12-15 13:45:00+00:00,2023-10-03 00:00:00+00:00
1702648800000,1702649100000,1702664400000,1,dip_unconfirmed,2031.84,2023.44,2823.44,2023.39,8.399999999999864,11.904761904762099,-100.59523809523756,-1.0059523809523756,stop,255,0.7755952380952627,2023-12-15 14:05:00+00:00,2023-12-15 18:20:00+00:00,2023-10-03 00:00:00+00:00
1702665000000,1702665300000,1702854300000,1,dip_unconfirmed,2022.005,2012.9445949652265,2883.985098442596,2019.0245000000002,9.060405034773567,11.037034174101816,-32.89588035590928,-0.3289588035590928,timeout,3150,0.1225110793325191,2023-12-15 18:35:00+00:00,2023-12-17 23:05:00+00:00,2023-10-03 00:00:00+00:00
1702922400000,1702922700000,1702924800000,1,breakout_24,2034.03,2025.6100000000001,2825.61,2025.5600000000002,8.419999999999845,11.87648456057029,-100.59382422802798,-1.0059382422802798,stop,35,0.0,2023-12-18 18:05:00+00:00,2023-12-18 18:40:00+00:00,2023-10-03 00:00:00+00:00
1702944000000,1702944300000,1703117400000,1,pullback_ema20,2028.06,2019.68,2819.6800000000003,2032.5755000000001,8.379999999999882,11.933174224343844,53.88424821002704,0.5388424821002704,timeout,2885,2.223508353221993,2023-12-19 00:05:00+00:00,2023-12-21 00:10:00+00:00,2023-10-03 00:00:00+00:00
1702947600000,1702947900000,1703121000000,1,dip_unconfirmed,2027.6399999999999,2019.3,2819.3,2033.51,8.339999999999918,11.990407673861029,70.38369304556565,0.7038369304556565,timeout,2885,2.2845323741007553,2023-12-19 01:05:00+00:00,2023-12-21 01:10:00+00:00,2023-10-03 00:00:00+00:00
1702953000000,1702953300000,1703126400000,1,dip_unconfirmed,2025.98,2017.6599999999999,2817.66,2035.8035,8.320000000000164,12.019230769230532,118.07091346153574,1.1807091346153573,timeout,2885,2.4895432692307162,2023-12-19 02:35:00+00:00,2023-12-21 02:40:00+00:00,2023-10-03 00:00:00+00:00
1702954800000,1702955100000,1703128200000,1,dip_unconfirmed,2024.9835000000003,2016.58,2816.58,2036.9254999999998,8.40350000000035,11.899803653239227,142.10745522697752,1.4210745522697752,timeout,2885,2.583387874099935,2023-12-19 03:05:00+00:00,2023-12-21 03:10:00+00:00,2023-10-03 00:00:00+00:00
1702956600000,1702956900000,1703130000000,1,dip_unconfirmed,2024.3135,2015.8715000000002,2815.8715,2036.1515000000002,8.44199999999978,11.845534233594243,140.22743425729092,1.4022743425729092,timeout,2885,2.6509713338072247,2023-12-19 03:35:00+00:00,2023-12-21 03:40:00+00:00,2023-10-03 00:00:00+00:00
1703140200000,1703140500000,1703244600000,1,dip_unconfirmed,2036.05,2027.69,2827.69,2061.1299999999997,8.3599999999999,11.96172248803842,300.0,3.0,target,1735,2.7985047846889572,2023-12-21 06:35:00+00:00,2023-12-22 11:30:00+00:00,2023-10-03 00:00:00+00:00
1703145600000,1703145900000,1703244600000,1,dip_unconfirmed,2035.43,2027.0900000000001,2827.09,2060.45,8.339999999999918,11.990407673861029,300.0,3.0,target,1645,2.8795563549160104,2023-12-21 08:05:00+00:00,2023-12-22 11:30:00+00:00,2023-10-03 00:00:00+00:00
1703147400000,1703147700000,1703244600000,1,pullback_ema50,2036.25,2027.92,2827.92,2061.24,8.329999999999927,12.004801920768411,300.0,3.0,target,1615,2.7845738295317597,2023-12-21 08:35:00+00:00,2023-12-22 11:30:00+00:00,2023-10-03 00:00:00+00:00
1703152800000,1703153100000,1703244600000,1,dip_unconfirmed,2035.8855,2027.48,2827.48,2061.1020000000003,8.405500000000075,11.89697222056976,300.0,3.0,target,1525,2.802926655166148,2023-12-21 10:05:00+00:00,2023-12-22 11:30:00+00:00,2023-10-03 00:00:00+00:00
1703154600000,1703154900000,1703244600000,1,dip_unconfirmed,2034.9449999999997,2026.5700000000002,2826.57,2060.0699999999983,8.374999999999545,11.940298507463336,300.0,3.0,target,1495,2.925432835821012,2023-12-21 10:35:00+00:00,2023-12-22 11:30:00+00:00,2023-10-03 00:00:00+00:00
1703244600000,1703244900000,1703263800000,1,breakout_24,2062.505,2054.12,2854.12,2054.0699999999997,8.385000000000218,11.926058437686034,-100.59630292188648,-1.0059630292188648,stop,315,0.9299940369707843,2023-12-22 11:35:00+00:00,2023-12-22 16:50:00+00:00,2023-10-03 00:00:00+00:00
1703248200000,1703248500000,1703263800000,1,breakout_24,2064.22,2055.81,2855.81,2055.7599999999998,8.409999999999854,11.890606420927673,-100.59453032104855,-1.0059453032104855,stop,255,0.7233055885850944,2023-12-22 12:35:00+00:00,2023-12-22 16:50:00+00:00,2023-10-03 00:00:00+00:00
1703253600000,1703253900000,1703260500000,1,breakout_24,2067.7815,2059.3715,2859.3715,2059.3215,8.409999999999854,11.890606420927673,-100.59453032104855,-1.0059453032104855,stop,110,0.29982164090372543,2023-12-22 14:05:00+00:00,2023-12-22 15:55:00+00:00,2023-10-03 00:00:00+00:00
1703260800000,1703261100000,1703263800000,1,dip_unconfirmed,2061.287,2052.0478242110435,2936.115403106713,2051.9978242110433,9.239175788956345,10.823476280160264,-100.54117381400998,-1.0054117381400998,stop,45,0.05877147620123401,2023-12-22 16:05:00+00:00,2023-12-22 16:50:00+00:00,2023-10-03 00:00:00+00:00
1703282400000,1703545500000,1703718600000,1,pullback_ema50,2055.645,2045.0900000000001,2845.09,2078.2360000000003,10.554999999999836,9.474182851729186,214.03126480341734,2.1403126480341736,timeout,2885,2.703458076740909,2023-12-25 23:05:00+00:00,2023-12-27 23:10:00+00:00,2023-10-03 00:00:00+00:00
1703550600000,1703550900000,1703691600000,1,dip_unconfirmed,2054.76,2046.3000000000002,2846.3,2080.1400000000003,8.460000000000036,11.820330969267088,300.0,3.0,target,2345,2.730851063829783,2023-12-26 00:35:00+00:00,2023-12-27 15:40:00+00:00,2023-10-03 00:00:00+00:00
1703554200000,1703554500000,1703700600000,1,pullback_ema20,2058.5770000000007,2050.1585,2850.1585,2083.8325000000027,8.418500000000677,11.878600700836486,300.0,3.0,target,2435,2.9973273148419834,2023-12-26 01:35:00+00:00,2023-12-27 18:10:00+00:00,2023-10-03 00:00:00+00:00
1703563200000,1703563500000,1703601900000,1,dip_unconfirmed,2064.3785000000003,2055.9915,2855.9915,2055.9415,8.387000000000171,11.923214498628587,-100.5961607249336,-1.005961607249336,stop,640,0.048885179444305635,2023-12-26 04:05:00+00:00,2023-12-26 14:45:00+00:00,2023-10-03 00:00:00+00:00
1703568600000,1703568900000,1703601900000,1,dip_unconfirmed,2064.34,2056.05,2856.05,2056.0,8.289999999999964,12.062726176115856,-100.60313630880799,-1.00603136308808,stop,550,0.054101326899820806,2023-12-26 05:35:00+00:00,2023-12-26 14:45:00+00:00,2023-10-03 00:00:00+00:00
1703610000000,1703610300000,1703728500000,1,pullback_ema50,2059.9785,2051.6185,2851.6185,2085.0585000000005,8.360000000000127,11.961722488038095,300.0,3.0,target,1970,2.9343899521530714,2023-12-26 17:05:00+00:00,2023-12-28 01:55:00+00:00,2023-10-03 00:00:00+00:00
1703613600000,1703613900000,1703700300000,1,dip_unconfirmed,2058.1585,2049.8135,2849.8135,2083.1934999999994,8.3449999999998,11.983223487118321,300.0,3.0,target,1440,2.8821449970043216,2023-12-26 18:05:00+00:00,2023-12-27 18:05:00+00:00,2023-10-03 00:00:00+00:00
1703692800000,1703693100000,1703790900000,1,breakout_24,2079.2349999999997,2070.9700000000003,2870.9700000000003,2070.92,8.264999999999418,12.099213551120028,-100.6049606775582,-1.006049606775582,stop,1630,1.0828796128253306,2023-12-27 16:05:00+00:00,2023-12-28 19:15:00+00:00,2023-10-03 00:00:00+00:00
1703703600000,1703703900000,1703791200000,1,dip_unconfirmed,2078.897,2070.5385,2870.5385,2070.4885,8.358499999999822,11.963869115272134,-100.59819345576578,-1.0059819345576577,stop,1455,1.1112041634265315,2023-12-27 19:05:00+00:00,2023-12-28 19:20:00+00:00,2023-10-03 00:00:00+00:00
1703705400000,1703705700000,1703791500000,1,dip_unconfirmed,2077.592,2069.21,2869.21,2069.16,8.382000000000062,11.930326890956724,-100.59651634455001,-1.0059651634455,stop,1430,1.2637795275590817,2023-12-27 19:35:00+00:00,2023-12-28 19:25:00+00:00,2023-10-03 00:00:00+00:00
1703728800000,1703729100000,1703751900000,1,breakout_24,2087.43,2079.075,2879.075,2079.0249999999996,8.355000000000018,11.968880909634922,-100.59844404548392,-1.0059844404548393,stop,380,0.09036505086781116,2023-12-28 02:05:00+00:00,2023-12-28 08:25:00+00:00,2023-10-03 00:00:00+00:00
1703732400000,1703732700000,1703751600000,1,breakout_24,2088.3509999999997,2080.025,2880.025,2079.975,8.325999999999567,12.010569300985491,-100.60052846505145,-1.0060052846505145,stop,315,0.0,2023-12-28 03:05:00+00:00,2023-12-28 08:20:00+00:00,2023-10-03 00:00:00+00:00
1703754000000,1703754300000,1703791200000,1,dip_unconfirmed,2077.9300000000003,2069.49,2869.49,2069.4399999999996,8.44000000000051,11.848341232226772,-100.59241706161349,-1.0059241706161348,stop,615,0.34614928909944226,2023-12-28 09:05:00+00:00,2023-12-28 19:20:00+00:00,2023-10-03 00:00:00+00:00
1703755800000,1703756100000,1703792400000,1,dip_unconfirmed,2075.3055,2066.9849999999997,2866.9849999999997,2066.9349999999995,8.320500000000266,12.018508503094383,-100.60092542515692,-1.006009254251569,stop,605,0.666546481581593,2023-12-28 09:35:00+00:00,2023-12-28 19:40:00+00:00,2023-10-03 00:00:00+00:00
1704173400000,1704173700000,1704206700000,1,breakout_24,2071.9,2063.6,2863.6,2063.5499999999997,8.300000000000182,12.048192771084073,-100.6024096385564,-1.006024096385564,stop,550,0.8138554216866876,2024-01-02 05:35:00+00:00,2024-01-02 14:45:00+00:00,2023-10-03 00:00:00+00:00
1704175200000,1704175500000,1704197100000,1,breakout_24,2074.9700000000003,2066.56,2866.56,2066.5099999999998,8.41000000000031,11.89060642092703,-100.59453032104851,-1.005945303210485,stop,360,0.4381688466111005,2024-01-02 06:05:00+00:00,2024-01-02 12:05:00+00:00,2023-10-03 00:00:00+00:00
1704177000000,1704177300000,1704197100000,1,breakout_24,2076.3300000000004,2067.98,2867.98,2067.93,8.350000000000364,11.976047904191095,-100.59880239521173,-1.0059880239521173,stop,330,0.2784431137723667,2024-01-02 06:35:00+00:00,2024-01-02 12:05:00+00:00,2023-10-03 00:00:00+00:00
1704184200000,1704184500000,1704201300000,1,dip_unconfirmed,2073.1320000000005,2064.7250000000004,2864.7250000000004,2064.675,8.407000000000153,11.894849530153227,-100.59474247650982,-1.0059474247650981,stop,280,0.656952539550271,2024-01-02 08:35:00+00:00,2024-01-02 13:15:00+00:00,2023-10-03 00:00:00+00:00
1704349800000,1704350100000,1704375900000,1,breakout_24,2047.35,2038.98,2838.98,2038.93,8.36999999999989,11.947431302270168,-100.59737156511297,-1.0059737156511297,stop,430,0.4026284348864373,2024-01-04 06:35:00+00:00,2024-01-04 13:45:00+00:00,2024-01-03 00:00:00+00:00
1704468600000,1704468900000,1704473400000,1,breakout_24,2060.13,2049.5129936926014,3072.7136244324283,2049.4629936926012,10.617006307398697,9.418850955218213,-100.47094254776263,-1.0047094254776263,stop,75,0.2194592272565775,2024-01-05 15:35:00+00:00,2024-01-05 16:50:00+00:00,2024-01-03 00:00:00+00:00
1704785400000,1704785700000,1704816000000,1,breakout_24,2036.8750000000002,2028.5149999999999,2828.515,2028.465,8.360000000000355,11.96172248803777,-100.59808612440135,-1.0059808612440135,stop,505,0.573923444975998,2024-01-09 07:35:00+00:00,2024-01-09 16:00:00+00:00,2024-01-03 00:00:00+00:00
1704808800000,1704809100000,1704816000000,1,breakout_24,2039.0014999999999,2030.6950000000002,2830.695,2030.6450000000002,8.306499999999687,12.038764822729641,-100.60193824113594,-1.0060193824113595,stop,115,0.10335279600316725,2024-01-09 14:05:00+00:00,2024-01-09 16:00:00+00:00,2024-01-03 00:00:00+00:00
1704875400000,1704875700000,1704898200000,1,breakout_24,2034.99,2026.685,2826.685,2026.635,8.305000000000064,12.040939193256982,-100.6020469596623,-1.006020469596623,stop,375,0.6129440096327217,2024-01-10 08:35:00+00:00,2024-01-10 14:50:00+00:00,2024-01-03 00:00:00+00:00
1704882600000,1704882900000,1704896100000,1,breakout_24,2037.1399999999999,2028.835,2828.835,2028.785,8.304999999999836,12.040939193257312,-100.60204695966233,-1.0060204695966233,stop,220,0.0,2024-01-10 10:35:00+00:00,2024-01-10 14:15:00+00:00,2024-01-03 00:00:00+00:00
1704952800000,1704953100000,1704980100000,1,breakout_24,2033.365,2025.03,2825.0299999999997,2024.98,8.335000000000036,11.997600479903967,-100.59988002399466,-1.0059988002399465,stop,450,0.7138572285542643,2024-01-11 06:05:00+00:00,2024-01-11 13:35:00+00:00,2024-01-03 00:00:00+00:00
1704979800000,1704980100000,1704980100000,1,breakout_24,2037.7944999999997,2029.6165,2829.6165,2029.5665000000001,8.177999999999656,12.227928588897555,-100.61139642944433,-1.0061139642944432,stop,0,0.0,2024-01-11 13:35:00+00:00,2024-01-11 13:35:00+00:00,2024-01-03 00:00:00+00:00
1705039200000,1705039500000,1705070400000,1,breakout_24,2036.532,2028.155,2828.1549999999997,2061.6629999999996,8.376999999999953,11.937447773666058,299.99999999999727,2.999999999999973,target,515,2.9471171063627155,2024-01-12 06:05:00+00:00,2024-01-12 14:40:00+00:00,2024-01-03 00:00:00+00:00
1705044600000,1705044900000,1705273500000,1,breakout_24,2038.3649999999998,2030.0085,2830.0085,2047.3925,8.356499999999869,11.966732483695514,108.029677496563,1.08029677496563,timeout,3810,2.827738885897263,2024-01-12 07:35:00+00:00,2024-01-14 23:05:00+00:00,2024-01-03 00:00:00+00:00
1705051800000,1705052100000,1705273500000,1,breakout_24,2040.3985,2032.0684999999999,2832.0685,2047.3925,8.330000000000155,12.004801920768084,83.96158463385096,0.8396158463385096,timeout,3690,2.5926170468186647,2024-01-12 09:35:00+00:00,2024-01-14 23:05:00+00:00,2024-01-03 00:00:00+00:00
1705057200000,1705057500000,1705273500000,1,breakout_24,2046.337,2037.92,2837.92,2047.3925,8.416999999999916,11.880717595342876,12.54009742188367,0.1254009742188367,timeout,3600,1.860282761078776,2024-01-12 11:05:00+00:00,2024-01-14 23:05:00+00:00,2024-01-03 00:00:00+00:00
1705060800000,1705061100000,1705273500000,1,dip_unconfirmed,2045.8649999999998,2037.47,2837.4700000000003,2047.3925,8.394999999999754,11.911852293031915,18.195354377607984,0.18195354377607983,timeout,3540,1.9213817748660609,2024-01-12 12:05:00+00:00,2024-01-14 23:05:00+00:00,2024-01-03 00:00:00+00:00
1705080600000,1705080900000,1705273500000,1,dip_unconfirmed,2044.195,2034.4116916191238,2974.7425297067484,2047.3925,9.783308380876178,10.22149114664258,32.68321794138956,0.3268321794138956,timeout,3210,0.4801545466135342,2024-01-12 17:35:00+00:00,2024-01-14 23:05:00+00:00,2024-01-03 00:00:00+00:00
1705276800000,1705277100000,1705396500000,1,pullback_ema20,2048.035,2039.66,2839.66,2039.6100000000001,8.374999999999773,11.94029850746301,-100.5970149253726,-1.005970149253726,stop,1990,1.2310447761194299,2024-01-15 00:05:00+00:00,2024-01-16 09:15:00+00:00,2024-01-03 00:00:00+00:00
1705278600000,1705278900000,1705396500000,1,pullback_ema20,2048.375,2040.025,2840.025,2039.9750000000001,8.349999999999909,11.976047904191747,-100.59880239520903,-1.0059880239520904,stop,1960,1.1940119760478933,2024-01-15 00:35:00+00:00,2024-01-16 09:15:00+00:00,2024-01-03 00:00:00+00:00
1705282200000,1705282500000,1705396200000,1,pullback_ema20,2049.33,2041.02,2841.02,2040.97,8.309999999999945,12.033694344163738,-100.60168471720765,-1.0060168471720765,stop,1895,1.0848375451263457,2024-01-15 01:35:00+00:00,2024-01-16 09:10:00+00:00,2024-01-03 00:00:00+00:00
1705303800000,1705304100000,1705394100000,1,dip_unconfirmed,2054.805,2046.5135,2846.5135,2046.4635,8.291499999999814,12.060543930531537,-100.60302719652603,-1.0060302719652603,stop,1500,0.426943255140812,2024-01-15 07:35:00+00:00,2024-01-16 08:35:00+00:00,2024-01-03 00:00:00+00:00
1705363200000,1705363500000,1705394100000,1,dip_unconfirmed,2054.5335,2046.0685000000003,2846.0685000000003,2046.0185000000004,8.46499999999969,11.813349084465877,-100.59066745422275,-1.0059066745422276,stop,510,0.0,2024-01-16 00:05:00+00:00,2024-01-16 08:35:00+00:00,2024-01-03 00:00:00+00:00
1705581000000,1705581300000,1705584900000,1,breakout_24,2017.157,2008.795,2808.795,2008.7450000000001,8.361999999999853,11.958861516383852,-100.59794307581866,-1.0059794307581866,stop,60,0.0,2024-01-18 12:35:00+00:00,2024-01-18 13:35:00+00:00,2024-01-03 00:00:00+00:00
1705602600000,1705602900000,1705878300000,1,breakout_24,2019.2050000000002,2010.92,2810.92,2028.2165,8.285000000000082,12.070006035002898,108.7688593844267,1.087688593844267,timeout,4590,2.404345202172559,2024-01-18 18:35:00+00:00,2024-01-21 23:05:00+00:00,2024-01-03 00:00:00+00:00
1705609800000,1705610100000,1705878300000,1,breakout_24,2021.59,2013.29,2813.29,2028.2165,8.299999999999955,12.048192771084404,79.83734939759174,0.7983734939759174,timeout,4470,2.11265060240966,2024-01-18 20:35:00+00:00,2024-01-21 23:05:00+00:00,2024-01-03 00:00:00+00:00
1705611600000,1705611900000,1705878300000,1,breakout_24,2022.702,2014.3685,2814.3685,2028.2165,8.333499999999958,11.999760004799965,66.17267654646939,0.6617267654646939,timeout,4440,1.9707205855882983,2024-01-18 21:05:00+00:00,2024-01-21 23:05:00+00:00,2024-01-03 00:00:00+00:00
1705613400000,1705613700000,1705878300000,1,breakout_24,2023.2255,2014.8,2814.8,2028.2165,8.425500000000056,11.868731826004312,59.23684054358735,0.5923684054358734,timeout,4410,1.8870690166755544,2024-01-18 21:35:00+00:00,2024-01-21 23:05:00+00:00,2024-01-03 00:00:00+00:00
1705615200000,1705619100000,1705878300000,1,breakout_24,2024.747,2015.075,2815.075,2028.2165,9.672000000000025,10.339123242349022,35.87158808932916,0.3587158808932916,timeout,4320,1.486559139784935,2024-01-18 23:05:00+00:00,2024-01-21 23:05:00+00:00,2024-01-03 00:00:00+00:00
1705890600000,1705890900000,1705901400000,1,pullback_ema20,2030.0504999999998,2021.585,2821.585,2021.535,8.465499999999793,11.812651349595706,-100.59063256747925,-1.0059063256747924,stop,175,0.0,2024-01-22 02:35:00+00:00,2024-01-22 05:30:00+00:00,2024-01-03 00:00:00+00:00
1705896000000,1705896300000,1705907100000,1,pullback_ema50,2027.4199999999998,2019.04,2819.04,2018.99,8.379999999999882,11.933174224343844,-100.59665871121665,-1.0059665871121666,stop,180,0.0,2024-01-22 04:05:00+00:00,2024-01-22 07:05:00+00:00,2024-01-03 00:00:00+00:00
1705899600000,1705899900000,1705934700000,1,dip_unconfirmed,2025.79,2017.55,2817.55,2017.5,8.240000000000009,12.135922330097074,-100.6067961165043,-1.006067961165043,stop,580,0.49144417475729074,2024-01-22 05:05:00+00:00,2024-01-22 14:45:00+00:00,2024-01-03 00:00:00+00:00
1705901400000,1705901700000,1706074800000,1,dip_unconfirmed,2023.5569999999998,2015.24,2815.24,2023.73,8.31699999999978,12.023566189732193,2.080076950826425,0.02080076950826425,timeout,2885,1.6926175303595887,2024-01-22 05:35:00+00:00,2024-01-24 05:40:00+00:00,2024-01-03 00:00:00+00:00
1705982400000,1705982700000,1706108700000,1,breakout_24,2027.792,2019.545,2819.545,2019.4950000000001,8.246999999999844,12.125621438098932,-100.60628107190439,-1.006062810719044,stop,2100,1.1934642900449117,2024-01-23 04:05:00+00:00,2024-01-24 15:05:00+00:00,2024-01-03 00:00:00+00:00
1705987800000,1705988100000,1706020500000,1,breakout_24,2030.3549999999998,2021.9250000000002,2821.925,2021.8750000000002,8.429999999999609,11.862396204033764,-100.59311981020115,-1.0059311981020114,stop,540,0.8635231316726766,2024-01-23 05:35:00+00:00,2024-01-23 14:35:00+00:00,2024-01-03 00:00:00+00:00
1705989600000,1705989900000,1706009400000,1,breakout_24,2031.23,2022.87,2822.87,2022.82,8.360000000000127,11.961722488038095,-100.59808612440136,-1.0059808612440135,stop,325,0.7660885167464115,2024-01-23 06:05:00+00:00,2024-01-23 11:30:00+00:00,2024-01-03 00:00:00+00:00
1705993200000,1705993500000,1706003400000,1,breakout_24,2035.57,2027.205,2827.205,2027.155,8.365000000000009,11.954572624028678,-100.5977286312009,-1.005977286312009,stop,165,0.2468021518230936,2024-01-23 07:05:00+00:00,2024-01-23 09:50:00+00:00,2024-01-03 00:00:00+00:00
1706058000000,1706058300000,1706108700000,1,dip_unconfirmed,2027.8200000000002,2019.49,2819.49,2019.44,8.330000000000155,12.004801920768084,-100.60024009603787,-1.0060024009603787,stop,840,1.02881152460979,2024-01-24 01:05:00+00:00,2024-01-24 15:05:00+00:00,2024-01-03 00:00:00+00:00
1706059800000,1706060100000,1706108700000,1,pullback_ema20,2028.415,2020.08,2820.08,2020.03,8.335000000000036,11.997600479903967,-100.59988002399466,-1.0059988002399465,stop,810,0.9568086382723304,2024-01-24 01:35:00+00:00,2024-01-24 15:05:00+00:00,2024-01-03 00:00:00+00:00
1706063400000,1706063700000,1706110500000,1,dip_unconfirmed,2026.23,2017.9115000000002,2817.9115,2017.8615000000002,8.318499999999858,12.021398088597909,-100.60106990442935,-1.0060106990442934,stop,780,1.22137404580153,2024-01-24 02:35:00+00:00,2024-01-24 15:35:00+00:00,2024-01-03 00:00:00+00:00
1706092200000,1706092500000,1706108700000,1,dip_unconfirmed,2030.555,2022.245,2822.245,2022.195,8.310000000000173,12.033694344163408,-100.60168471720762,-1.0060168471720763,stop,270,0.7021660649819119,2024-01-24 10:35:00+00:00,2024-01-24 15:05:00+00:00,2024-01-03 00:00:00+00:00
1706484600000,1706484900000,1706488200000,1,breakout_24,2027.6245,2019.4695000000002,2819.4695,2019.4195000000002,8.154999999999745,12.262415695892473,-100.61312078479406,-1.0061312078479405,stop,55,0.0,2024-01-28 23:35:00+00:00,2024-01-29 00:30:00+00:00,2024-01-03 00:00:00+00:00
1706511600000,1706511900000,1706542200000,1,breakout_24,2029.2775,2020.9305,2820.9305,2020.8805,8.34699999999998,11.980352222355366,-100.59901761111722,-1.0059901761111723,stop,505,0.9617227746495944,2024-01-29 07:05:00+00:00,2024-01-29 15:30:00+00:00,2024-01-03 00:00:00+00:00
1706513400000,1706513700000,1706539800000,1,breakout_24,2032.0349999999999,2023.6750000000002,2823.675,2023.6250000000002,8.359999999999673,11.961722488038745,-100.59808612440139,-1.005980861244014,stop,435,0.6303827751196669,2024-01-29 07:35:00+00:00,2024-01-29 14:50:00+00:00,2024-01-03 00:00:00+00:00
1706520600000,1706520900000,1706539800000,1,dip_unconfirmed,2030.53,2022.24,2822.24,2022.19,8.289999999999964,12.062726176115856,-100.60313630880525,-1.0060313630880524,stop,315,0.8172496984318601,2024-01-29 09:35:00+00:00,2024-01-29 14:50:00+00:00,2024-01-03 00:00:00+00:00
1706522400000,1706522700000,1706542200000,1,dip_unconfirmed,2028.7099999999998,2020.405,2820.4049999999997,2020.355,8.304999999999836,12.040939193257312,-100.60204695966233,-1.0060204695966233,stop,325,1.0349187236604966,2024-01-29 10:05:00+00:00,2024-01-29 15:30:00+00:00,2024-01-03 00:00:00+00:00
1706580000000,1706580300000,1706753400000,1,dip_unconfirmed,2031.3754999999999,2023.1835,2823.1835,2044.2634999999998,8.19199999999978,12.207031250000329,157.32421875000327,1.5732421875000326,timeout,2885,2.969299316406323,2024-01-30 02:05:00+00:00,2024-02-01 02:10:00+00:00,2024-01-03 00:00:00+00:00
1706581800000,1706582100000,1706755200000,1,dip_unconfirmed,2030.9019999999998,2022.5385,2822.5385,2046.2565,8.363499999999704,11.95671668559856,183.58940634902478,1.8358940634902479,timeout,2885,2.9650266036947306,2024-01-30 02:35:00+00:00,2024-02-01 02:40:00+00:00,2024-01-03 00:00:00+00:00
1706583600000,1706583900000,1706757000000,1,pullback_ema20,2032.4334999999999,2024.0684999999999,2824.0685,2046.7499999999998,8.365000000000009,11.954572624028678,171.14763897190545,1.7114763897190546,timeout,2885,2.7814106395696263,2024-01-30 03:05:00+00:00,2024-02-01 03:10:00+00:00,2024-01-03 00:00:00+00:00
1706596200000,1706596500000,1706769600000,1,breakout_24,2036.03,2027.7135,2827.7135,2043.305,8.316499999999905,12.024289063909233,87.47670293994076,0.8747670293994076,timeout,2885,2.3651776588709277,2024-01-30 06:35:00+00:00,2024-02-01 06:40:00+00:00,2024-01-03 00:00:00+00:00
1706601600000,1706601900000,1706628300000,1,breakout_24,2038.287,2029.96,2829.96,2029.91,8.326999999999998,12.009126936471722,-100.60045634682305,-1.0060045634682304,stop,440,1.1966494535847572,2024-01-30 08:05:00+00:00,2024-01-30 15:25:00+00:00,2024-01-03 00:00:00+00:00
1706628600000,1706628900000,1706802000000,1,dip_unconfirmed,2032.5249999999999,2023.454953794482,2890.959574346286,2049.148,9.070046205517883,11.025302157685115,183.2735977672027,1.832735977672027,timeout,2885,2.55511377504352,2024-01-30 15:35:00+00:00,2024-02-01 15:40:00+00:00,2024-01-03 00:00:00+00:00
1706754600000,1706754900000,1706782500000,1,pullback_ema20,2046.9299999999998,2038.4084563981287,2854.562816585248,2038.3584563981287,8.521543601871144,11.73496313250597,-100.58674815662476,-1.0058674815662476,stop,460,0.15666175781901232,2024-02-01 02:35:00+00:00,2024-02-01 10:15:00+00:00,2024-01-03 00:00:00+00:00
1706760000000,1706760300000,1706782500000,1,dip_unconfirmed,2046.6795,2038.3195,2838.3195,2038.2695,8.3599999999999,11.96172248803842,-100.59808612440138,-1.0059808612440138,stop,370,0.0,2024-02-01 04:05:00+00:00,2024-02-01 10:15:00+00:00,2024-01-03 00:00:00+00:00
1706761800000,1706762100000,1706783400000,1,dip_unconfirmed,2045.77,2037.5065,2837.5065,2037.4565,8.263500000000022,12.101409814243327,-100.60507049071161,-1.0060507049071161,stop,355,0.06450051430990505,2024-02-01 04:35:00+00:00,2024-02-01 10:30:00+00:00,2024-01-03 00:00:00+00:00
1706774400000,1706774700000,1706784300000,1,pullback_ema50,2043.2399999999998,2034.92,2834.92,2034.8700000000001,8.319999999999709,12.01923076923119,-100.60096153846101,-1.00600961538461,stop,160,0.0,2024-02-01 08:05:00+00:00,2024-02-01 10:45:00+00:00,2024-01-03 00:00:00+00:00
1706837400000,1706837700000,1706880900000,1,dip_unconfirmed,2053.9584999999997,2045.6665000000003,2845.6665000000003,2045.6165000000003,8.291999999999462,12.059816690787082,-100.6029908345388,-1.006029908345388,stop,720,0.4120236372407732,2024-02-02 01:35:00+00:00,2024-02-02 13:35:00+00:00,2024-01-03 00:00:00+00:00
1706842800000,1706843100000,1706880900000,1,pullback_ema20,2054.21,2045.87,2845.87,2045.82,8.340000000000146,11.990407673860702,-100.5995203836925,-1.0059952038369249,stop,630,0.3794964028776869,2024-02-02 03:05:00+00:00,2024-02-02 13:35:00+00:00,2024-01-03 00:00:00+00:00
1706866200000,1706866500000,1706880900000,1,pullback_ema20,2055.2935,2046.98,2846.98,2046.93,8.313500000000204,12.028628134960913,-100.6014314067475,-1.0060143140674749,stop,240,0.2503758946291847,2024-02-02 09:35:00+00:00,2024-02-02 13:35:00+00:00,2024-01-03 00:00:00+00:00
1706869800000,1706870100000,1706880900000,1,pullback_ema20,2056.05,2047.705,2847.705,2047.655,8.345000000000255,11.98322348711767,-100.59916117435534,-1.0059916117435534,stop,180,0.15877771120428733,2024-02-02 10:35:00+00:00,2024-02-02 13:35:00+00:00,2024-01-03 00:00:00+00:00
1707199200000,1707199500000,1707372600000,1,breakout_24,2029.8849999999998,2021.56,2821.56,2032.7185,8.324999999999818,12.012012012012274,34.03603603603901,0.3403603603603901,timeout,2885,1.7315315315316195,2024-02-06 06:05:00+00:00,2024-02-08 06:10:00+00:00,2024-01-03 00:00:00+00:00
1707233400000,1707233700000,1707394200000,1,breakout_24,2035.747,2027.3899999999999,2827.39,2027.34,8.357000000000198,11.966016513102504,-100.59830082565458,-1.0059830082565457,stop,2675,1.0234533923656706,2024-02-06 15:35:00+00:00,2024-02-08 12:10:00+00:00,2024-01-03 00:00:00+00:00
1707318000000,1707318300000,1707327000000,1,breakout_24,2042.94,2034.53,2834.5299999999997,2034.48,8.410000000000082,11.890606420927352,-100.59453032104582,-1.0059453032104582,stop,145,0.004161712247280234,2024-02-07 15:05:00+00:00,2024-02-07 17:30:00+00:00,2024-01-03 00:00:00+00:00
1707321600000,1707321900000,1707381000000,1,dip_unconfirmed,2038.72,2030.395,2830.395,2030.345,8.325000000000045,12.012012012011946,-100.60060060060005,-1.0060060060060005,stop,985,0.2360360360360249,2024-02-07 16:05:00+00:00,2024-02-08 08:30:00+00:00,2024-01-03 00:00:00+00:00
1707327000000,1707327300000,1707394200000,1,dip_unconfirmed,2034.9219999999998,2026.5435,2826.5434999999998,2026.4935,8.378499999999804,11.935310616459073,-100.59676553082241,-1.0059676553082242,stop,1115,0.42024228680551895,2024-02-07 17:35:00+00:00,2024-02-08 12:10:00+00:00,2024-01-03 00:00:00+00:00
1707328800000,1707329100000,1707393600000,1,pullback_ema50,2036.0874999999999,2027.6835,2827.6835,2027.6335000000001,8.403999999999769,11.899095668729503,-100.59495478343592,-1.0059495478343592,stop,1075,0.2802831984769107,2024-02-07 18:05:00+00:00,2024-02-08 12:00:00+00:00,2024-01-03 00:00:00+00:00
1707807600000,1707807900000,1707831300000,1,breakout_24,2024.06,2015.74,2815.74,2015.69,8.319999999999936,12.01923076923086,-100.600961538461,-1.0060096153846099,stop,390,0.6700721153846533,2024-02-13 07:05:00+00:00,2024-02-13 13:35:00+00:00,2024-01-03 00:00:00+00:00
1707809400000,1707809700000,1707831300000,1,breakout_24,2025.0949999999998,2016.685,2816.685,2016.635,8.409999999999854,11.890606420927673,-100.59453032104584,-1.0059453032104584,stop,360,0.5398335315101661,2024-02-13 07:35:00+00:00,2024-02-13 13:35:00+00:00,2024-01-03 00:00:00+00:00
1707811200000,1707811500000,1707831300000,1,breakout_24,2025.6299999999999,2017.2849999999999,2817.285,2017.235,8.345000000000027,11.983223487117996,-100.59916117435536,-1.0059916117435537,stop,330,0.47992810065911606,2024-02-13 08:05:00+00:00,2024-02-13 13:35:00+00:00,2024-01-03 00:00:00+00:00
1707814800000,1707815100000,1707831300000,1,breakout_24,2026.46,2018.22,2818.2200000000003,2018.17,8.240000000000009,12.135922330097074,-100.6067961165043,-1.006067961165043,stop,270,0.3853155339806042,2024-02-13 09:05:00+00:00,2024-02-13 13:35:00+00:00,2024-01-03 00:00:00+00:00
1707933600000,1707933900000,1708107000000,1,breakout_24,1994.787,1986.42,2786.42,2014.3500000000001,8.366999999999962,11.951715071112758,233.81140193618012,2.338114019361801,timeout,2885,2.3111629018764135,2024-02-14 18:05:00+00:00,2024-02-16 18:10:00+00:00,2024-01-03 00:00:00+00:00
1707985800000,1707986100000,1708297500000,1,breakout_24,1995.85,1987.51,2787.51,2010.615,8.339999999999918,11.990407673861029,177.0383693045593,1.770383693045593,timeout,5190,2.290167865707473,2024-02-15 08:35:00+00:00,2024-02-18 23:05:00+00:00,2024-01-03 00:00:00+00:00
1707991200000,1707991500000,1708297500000,1,breakout_24,1996.7715000000003,1988.45,2788.45,2010.615,8.321500000000242,12.017064231207966,166.35822868472414,1.6635822868472414,timeout,5100,2.1845220212701113,2024-02-15 10:05:00+00:00,2024-02-18 23:05:00+00:00,2024-01-03 00:00:00+00:00
1708005600000,1708005900000,1708090800000,1,breakout_24,2004.2315000000003,1995.8565,2795.8565,1995.8065000000001,8.375000000000227,11.940298507462362,-100.59701492537258,-1.0059701492537259,stop,1415,0.4505671641790666,2024-02-15 14:05:00+00:00,2024-02-16 13:40:00+00:00,2024-01-03 00:00:00+00:00
1709177400000,1709177700000,1709306700000,1,dip_unconfirmed,2036.1050000000002,2027.8135,2827.8135,2060.9795000000013,8.29150000000027,12.060543930530875,300.00000000000273,3.000000000000027,target,2150,2.818730024723965,2024-02-29 03:35:00+00:00,2024-03-01 15:25:00+00:00,2024-01-03 00:00:00+00:00
1709182800000,1709183100000,1709306700000,1,dip_unconfirmed,2035.6119999999999,2027.2265,2827.2264999999998,2060.768499999999,8.385499999999865,11.925347325741054,299.99999999999727,2.999999999999973,target,2060,2.8459245125514627,2024-02-29 05:05:00+00:00,2024-03-01 15:25:00+00:00,2024-01-03 00:00:00+00:00
1709184600000,1709184900000,1709306700000,1,dip_unconfirmed,2035.2094999999997,2026.8435,2826.8435,2060.307499999999,8.365999999999758,11.95314367678734,300.0,3.0,target,2030,2.90066937604599,2024-02-29 05:35:00+00:00,2024-03-01 15:25:00+00:00,2024-01-03 00:00:00+00:00
1709186400000,1709186700000,1709306700000,1,pullback_ema20,2036.077,2027.7235,2827.7235,2061.1375,8.35349999999994,11.971030107140805,300.0,3.0,target,2000,2.8011611899203843,2024-02-29 06:05:00+00:00,2024-03-01 15:25:00+00:00,2024-01-03 00:00:00+00:00
1709200800000,1709201100000,1709306700000,1,dip_unconfirmed,2035.04,2026.635,2826.635,2060.255,8.404999999999973,11.89767995240932,300.00000000000273,3.000000000000027,target,1760,2.9073765615704787,2024-02-29 10:05:00+00:00,2024-03-01 15:25:00+00:00,2024-01-03 00:00:00+00:00
1709307000000,1709307300000,1709507100000,1,pullback_ema20,2064.0345,2054.88569040423,2936.466649981257,2082.439,9.148809595770217,10.93038377869763,201.16824825503664,2.0116824825503663,timeout,3330,2.626953785453295,2024-03-01 15:35:00+00:00,2024-03-03 23:05:00+00:00,2024-01-03 00:00:00+00:00
1709308800000,1709309100000,1709507100000,1,breakout_24,2069.6245,2059.7944625182135,3008.4982106968796,2082.439,9.830037481786349,10.17290119038566,130.36064230419657,1.3036064230419657,timeout,3300,1.876239031048811,2024-03-01 16:05:00+00:00,2024-03-03 23:05:00+00:00,2024-01-03 00:00:00+00:00
1709310600000,1709310900000,1709507100000,1,breakout_24,2074.6000000000004,2064.4091080526264,3049.998302789958,2082.439,10.190891947373984,9.812683768643849,76.92162806239409,0.7692162806239409,timeout,3270,1.3215722499609386,2024-03-01 16:35:00+00:00,2024-03-03 23:05:00+00:00,2024-01-03 00:00:00+00:00
1709312400000,1709312700000,1709507100000,1,breakout_24,2081.35,2070.896671763154,3103.229495447816,2082.439,10.453328236846119,9.566331194644576,10.417734670967386,0.10417734670967387,timeout,3240,0.6426661296562515,2024-03-01 17:05:00+00:00,2024-03-03 23:05:00+00:00,2024-01-03 00:00:00+00:00
1709314200000,1709314500000,1709507100000,1,breakout_24,2084.4,2073.663338065785,3110.329531487253,2082.439,10.736661934215135,9.313881783063717,-18.264522176590187,-0.18264522176590187,timeout,3210,0.34163318380278834,2024-03-01 17:35:00+00:00,2024-03-03 23:05:00+00:00,2024-01-03 00:00:00+00:00
1709515800000,1709516100000,1709567700000,1,dip_unconfirmed,2081.2965,2072.9705000000004,2872.9705000000004,2106.2744999999986,8.325999999999567,12.010569300985491,300.0,3.0,target,860,2.6511530146530284,2024-03-04 01:35:00+00:00,2024-03-04 15:55:00+00:00,2024-01-03 00:00:00+00:00
1709517600000,1709517900000,1709567700000,1,dip_unconfirmed,2080.5915,2072.2650000000003,2872.2650000000003,2105.570999999999,8.326499999999669,12.009848075422324,300.0,3.0,target,830,2.735663243860061,2024-03-04 02:05:00+00:00,2024-03-04 15:55:00+00:00,2024-01-03 00:00:00+00:00
1709523000000,1709523300000,1709567700000,1,dip_unconfirmed,2081.382,2073.0600000000004,2873.0600000000004,2106.347999999999,8.321999999999662,12.016342225427069,300.0,3.0,target,740,2.6421533285268834,2024-03-04 03:35:00+00:00,2024-03-04 15:55:00+00:00,2024-01-03 00:00:00+00:00
1709542800000,1709543100000,1709568300000,1,dip_unconfirmed,2084.3054999999995,2075.9449999999997,2875.9449999999997,2109.386999999999,8.360499999999774,11.961007116799557,300.0,3.0,target,420,2.9690807966031922,2024-03-04 09:05:00+00:00,2024-03-04 16:05:00+00:00,2024-01-03 00:00:00+00:00
1709544600000,1709544900000,1709568000000,1,dip_unconfirmed,2084.01,2075.645,2875.645,2109.105000000001,8.365000000000236,11.954572624028353,300.0,3.0,target,385,2.679976090854636,2024-03-04 09:35:00+00:00,2024-03-04 16:00:00+00:00,2024-01-03 00:00:00+00:00
1709568000000,1709568300000,1709645700000,1,breakout_24,2109.427,2101.0008855680594,2909.9123287621323,2134.7053432958223,8.426114431940732,11.867866358535514,300.0,3.0,target,1290,2.634013598945226,2024-03-04 16:05:00+00:00,2024-03-05 13:35:00+00:00,2024-01-03 00:00:00+00:00
1709569800000,1709570100000,1709646000000,1,breakout_24,2113.977,2104.8872508846266,2978.6621624219806,2141.2462473461196,9.089749115373252,11.001403749513026,300.0,3.0,target,1265,2.8269207074749074,2024-03-04 16:35:00+00:00,2024-03-05 13:40:00+00:00,2024-01-03 00:00:00+00:00
1709571600000,1709571900000,1709602800000,1,breakout_24,2119.695,2110.3185901071533,3012.6095793918357,2110.268590107153,9.376409892846823,10.665062763125265,-100.53325313815822,-1.0053325313815822,stop,515,0.0,2024-03-04 17:05:00+00:00,2024-03-05 01:40:00+00:00,2024-01-03 00:00:00+00:00
1709587800000,1709588100000,1709646000000,1,dip_unconfirmed,2116.3500000000004,2108.0,2908.0,2141.4000000000015,8.350000000000364,11.976047904191095,300.0,3.0,target,965,2.793173652694473,2024-03-04 21:35:00+00:00,2024-03-05 13:40:00+00:00,2024-01-03 00:00:00+00:00
1709589600000,1709593500000,1709735700000,1,dip_unconfirmed,2115.549,2106.5150000000003,2906.5150000000003,2142.650999999999,9.03399999999965,11.069293779057324,300.0,3.0,target,2370,2.8799535089662816,2024-03-04 23:05:00+00:00,2024-03-06 14:35:00+00:00,2024-01-03 00:00:00+00:00
1709604000000,1709604300000,1709645700000,1,pullback_ema20,2113.0235,2104.6695,2904.6695,2138.0854999999992,8.353999999999814,11.970313622217168,300.0,3.0,target,690,2.2262389274600527,2024-03-05 02:05:00+00:00,2024-03-05 13:35:00+00:00,2024-01-03 00:00:00+00:00
1709645400000,1709645700000,1709646900000,1,breakout_24,2132.2070000000003,2123.8485,2923.8485,2123.7985,8.358500000000276,11.963869115271484,-100.59819345576575,-1.0059819345576575,stop,20,1.1197583298438376,2024-03-05 13:35:00+00:00,2024-03-05 13:55:00+00:00,2024-01-03 00:00:00+00:00
1709656200000,1709656500000,1709817000000,1,dip_unconfirmed,2126.7999999999997,2114.2881768936686,3325.3204875268307,2164.335469318993,12.511823106331121,7.992440362220186,300.0,3.0,target,2675,2.754634533041018,2024-03-05 16:35:00+00:00,2024-03-07 13:10:00+00:00,2024-01-03 00:00:00+00:00
1709658000000,1709658300000,1709831400000,1,pullback_ema20,2128.7434999999996,2116.414485686978,3312.965916989191,2157.053,12.329014313021617,8.110948487940544,229.61689621935523,2.296168962193552,timeout,2885,2.898852989590006,2024-03-05 17:05:00+00:00,2024-03-07 17:10:00+00:00,2024-01-03 00:00:00+00:00
1709674200000,1709674500000,1709784300000,1,dip_unconfirmed,2129.4950000000003,2120.196665115504,3019.0301535651097,2157.3900046534895,9.298334884496398,10.754613728392945,300.0,3.0,target,1830,2.43876998211903,2024-03-05 21:35:00+00:00,2024-03-07 04:05:00+00:00,2024-01-03 00:00:00+00:00
1709676000000,1709679900000,1709784300000,1,dip_unconfirmed,2128.444,2119.3353318929685,2983.302142596174,2155.7700043210943,9.108668107031463,10.978553486080441,300.0,3.0,target,1740,2.6049362784097827,2024-03-05 23:05:00+00:00,2024-03-07 04:05:00+00:00,2024-01-03 00:00:00+00:00
1709737200000,1709737500000,1709737500000,1,breakout_24,2145.135,2136.88,2936.88,2136.83,8.25500000000011,12.113870381586757,-100.60569351908154,-1.0060569351908155,stop,0,0.0,2024-03-06 15:05:00+00:00,2024-03-06 15:05:00+00:00,2024-01-03 00:00:00+00:00
1709749800000,1709750100000,1709753400000,1,breakout_24,2151.115,2140.5844356876373,3157.6408669239026,2140.534435687637,10.530564312362458,9.496167255025833,-100.47480836275302,-1.0047480836275302,stop,55,0.0773937631285089,2024-03-06 18:35:00+00:00,2024-03-06 19:30:00+00:00,2024-01-03 00:00:00+00:00
1709753400000,1709753700000,1709904900000,1,dip_unconfirmed,2141.7349999999997,2130.898498118422,3175.048686276228,2174.2445056447323,10.836501881577533,9.228070192098045,300.0,3.0,target,2520,2.685506846953432,2024-03-06 19:35:00+00:00,2024-03-08 13:35:00+00:00,2024-01-03 00:00:00+00:00
1709785800000,1709786100000,1709822400000,1,breakout_24,2159.1755000000003,2150.3852029609384,2981.8649068670716,2150.335202960938,8.790297039061898,11.376179844165087,-100.56880899221032,-1.0056880899221032,stop,605,0.603847626128282,2024-03-07 04:35:00+00:00,2024-03-07 14:40:00+00:00,2024-01-03 00:00:00+00:00
1709789400000,1709789700000,1709822700000,1,dip_unconfirmed,2157.8,2149.36746071632,2954.6213890843583,2149.3174607163196,8.432539283680399,11.858824090334364,-100.59294120451887,-1.0059294120451887,stop,550,0.7925845080775085,2024-03-07 05:35:00+00:00,2024-03-07 14:45:00+00:00,2024-01-03 00:00:00+00:00
1709821800000,1709822100000,1709904900000,1,dip_unconfirmed,2155.2985000000003,2146.626942905363,2967.4326523690565,2181.3131712839117,8.671557094637137,11.531954285562426,300.0,3.0,target,1380,1.7918350568906387,2024-03-07 14:35:00+00:00,2024-03-08 13:35:00+00:00,2024-01-03 00:00:00+00:00
1709823600000,1709823900000,1709904900000,1,dip_unconfirmed,2154.435,2145.31537555498,3028.777820056991,2181.7938733350593,9.119624445019781,10.965363826424882,300.0,3.0,target,1350,1.7984841479910707,2024-03-07 15:05:00+00:00,2024-03-08 13:35:00+00:00,2024-01-03 00:00:00+00:00
1709825400000,1709825700000,1709904900000,1,dip_unconfirmed,2153.2950000000005,2143.8621344439102,3049.648690052914,2181.5935966682714,9.432865556090292,10.601232404445264,300.0,3.0,target,1320,1.859615182225698,2024-03-07 15:35:00+00:00,2024-03-08 13:35:00+00:00,2024-01-03 00:00:00+00:00
1709834400000,1709834700000,1709917500000,1,pullback_ema20,2158.685,2149.3875886983155,3041.628718866789,2186.577233905053,9.297411301684406,10.755682066241715,300.0,3.0,target,1380,2.844340122417688,2024-03-07 18:05:00+00:00,2024-03-08 17:05:00+00:00,2024-01-03 00:00:00+00:00
1709904600000,1709904900000,1709904900000,1,dip_unconfirmed,2165.275,2156.8450000000003,2956.8450000000003,2156.795,8.429999999999836,11.862396204033445,-100.59311981020383,-1.0059311981020382,stop,0,0.0,2024-03-08 13:35:00+00:00,2024-03-08 13:35:00+00:00,2024-01-03 00:00:00+00:00
1709906400000,1709906700000,1710108300000,1,pullback_ema20,2171.59,2161.579343786907,3127.644965096205,2179.4215,10.01065621309317,9.989355130306809,78.23163470299555,0.7823163470299555,timeout,3360,2.3315154874136237,2024-03-08 14:05:00+00:00,2024-03-10 22:05:00+00:00,2024-01-03 00:00:00+00:00
1709910000000,1709910300000,1710108300000,1,pullback_ema20,2171.2949999999996,2159.8515260203435,3262.6989239860086,2179.4215,11.443473979656119,8.738605092979382,71.01427428809961,0.7101427428809961,timeout,3300,2.0653693137257356,2024-03-08 15:05:00+00:00,2024-03-10 22:05:00+00:00,2024-01-03 00:00:00+00:00
1709919000000,1709919300000,1709921100000,1,breakout_24,2193.44,2180.4495388522478,3443.145653627469,2180.3995388522476,12.990461147752285,7.697956128162764,-100.38489780640954,-1.0038489780640953,stop,30,0.1146995463096434,2024-03-08 17:35:00+00:00,2024-03-08 18:05:00+00:00,2024-01-03 00:00:00+00:00
1709922600000,1709922900000,1710108300000,1,dip_unconfirmed,2179.162,2164.820125336887,3559.807591648172,2179.4215,14.341874663112776,6.972589173241031,1.809386890456859,0.01809386890456859,timeout,3090,0.045531007301249475,2024-03-08 18:35:00+00:00,2024-03-10 22:05:00+00:00,2024-01-03 00:00:00+00:00
1709924400000,1709924700000,1710108300000,1,dip_unconfirmed,2174.8185,2160.5901163842523,3544.578477959016,2179.4215,14.228383615747589,7.028205219974721,32.350828627544104,0.32350828627544104,timeout,3060,0.2916353756028503,2024-03-08 19:05:00+00:00,2024-03-10 22:05:00+00:00,2024-01-03 00:00:00+00:00
1709926200000,1709926500000,1710108300000,1,pullback_ema20,2175.4415,2161.0915366425206,3561.9378723905143,2179.4215,14.349963357479282,6.968658909353899,27.735262459228647,0.2773526245922865,timeout,3030,0.24574975643836122,2024-03-08 19:35:00+00:00,2024-03-10 22:05:00+00:00,2024-01-03 00:00:00+00:00
1710111600000,1710111900000,1710246900000,1,dip_unconfirmed,2177.7664999999997,2167.170668501934,3175.103818308532,2167.120668501934,10.595831498065763,9.437673675563328,-100.47188368377988,-1.0047188368377988,stop,2250,1.0401732041521965,2024-03-10 23:05:00+00:00,2024-03-12 12:35:00+00:00,2024-01-03 00:00:00+00:00
1710122400000,1710122700000,1710242400000,1,dip_unconfirmed,2180.7110000000002,2170.4389644127014,3157.0425231425884,2170.388964412701,10.272035587298888,9.735168764762408,-100.4867584382399,-1.004867584382399,stop,1995,0.46018142751026125,2024-03-11 02:05:00+00:00,2024-03-12 11:20:00+00:00,2024-01-03 00:00:00+00:00
1710124200000,1710124500000,1710246000000,1,dip_unconfirmed,2178.7470000000003,2168.8665383832226,3117.7127000609744,2168.8165383832225,9.880461616777666,10.120984613734393,-100.50604923068856,-1.0050604923068855,stop,2025,0.6771950805049023,2024-03-11 02:35:00+00:00,2024-03-12 12:20:00+00:00,2024-01-03 00:00:00+00:00
1710126000000,1710126300000,1710246000000,1,dip_unconfirmed,2177.8765000000003,2168.483571355849,3073.6264357709038,2168.433571355849,9.392928644151198,10.646306789764463,-100.53231533949017,-1.0053231533949016,stop,1995,0.8050204879079698,2024-03-11 03:05:00+00:00,2024-03-12 12:20:00+00:00,2024-01-03 00:00:00+00:00
1710142200000,1710142500000,1710242400000,1,pullback_ema20,2181.0915,2172.7565,2972.7565,2172.7065,8.335000000000036,11.997600479903967,-100.59988002399739,-1.0059988002399738,stop,1665,0.521475704858984,2024-03-11 07:35:00+00:00,2024-03-12 11:20:00+00:00,2024-01-03 00:00:00+00:00
1710327600000,1710327900000,1710430800000,1,breakout_24,2163.8699999999994,2155.4399999999996,2955.4399999999996,2155.3899999999994,8.429999999999836,11.862396204033445,-100.59311981020383,-1.0059311981020382,stop,1715,1.8618030842231226,2024-03-13 11:05:00+00:00,2024-03-14 15:40:00+00:00,2024-01-03 00:00:00+00:00
1710343800000,1710344100000,1710418800000,1,breakout_24,2174.2549999999997,2165.93,2965.93,2165.8799999999997,8.324999999999818,12.012012012012274,-100.6006006006028,-1.006006006006028,stop,1245,0.6378378378378998,2024-03-13 15:35:00+00:00,2024-03-14 12:20:00+00:00,2024-01-03 00:00:00+00:00
1710351000000,1710351300000,1710399300000,1,breakout_24,2175.7819999999997,2167.495,2967.495,2167.4449999999997,8.286999999999807,12.067093037287599,-100.60335465186658,-1.0060335465186658,stop,800,0.16978399903465494,2024-03-13 17:35:00+00:00,2024-03-14 06:55:00+00:00,2024-01-03 00:00:00+00:00
1710358200000,1710358500000,1710417900000,1,dip_unconfirmed,2175.032,2166.6585,2966.6585,2166.6085,8.37350000000015,11.942437451483634,-100.59712187257635,-1.0059712187257634,stop,990,0.19997611512510302,2024-03-13 19:35:00+00:00,2024-03-14 12:05:00+00:00,2024-01-03 00:00:00+00:00
1710376200000,1710376500000,1710418800000,1,dip_unconfirmed,2174.785,2166.4435000000003,2966.4435000000003,2166.3935,8.341499999999542,11.988251513517412,-100.59941257567804,-1.0059941257567804,stop,705,0.23035425283228245,2024-03-14 00:35:00+00:00,2024-03-14 12:20:00+00:00,2024-01-03 00:00:00+00:00
1710408600000,1710408900000,1710421200000,1,dip_unconfirmed,2169.5649999999996,2161.245,2961.245,2161.1949999999997,8.319999999999709,12.01923076923119,-100.60096153846374,-1.0060096153846374,stop,205,0.26562500000012296,2024-03-14 09:35:00+00:00,2024-03-14 13:00:00+00:00,2024-01-03 00:00:00+00:00
1710417600000,1710417900000,1710421200000,1,dip_unconfirmed,2168.8909999999996,2160.5299999999997,2960.5299999999997,2160.4799999999996,8.360999999999876,11.960291831120855,-100.59801459155821,-1.0059801459155822,stop,55,0.1447793326157345,2024-03-14 12:05:00+00:00,2024-03-14 13:00:00+00:00,2024-01-03 00:00:00+00:00
1710419400000,1710419700000,1710424200000,1,dip_unconfirmed,2167.73,2159.365,2959.365,2159.3149999999996,8.365000000000236,11.954572624028353,-100.5977286312036,-1.005977286312036,stop,75,0.2835026897788015,2024-03-14 12:35:00+00:00,2024-03-14 13:50:00+00:00,2024-01-03 00:00:00+00:00
1710482400000,1710482700000,1710506400000,1,breakout_24,2169.64,2161.25,2961.25,2161.2,8.389999999999873,11.918951132300538,-100.59594755661719,-1.0059594755661718,stop,395,0.3343265792610106,2024-03-15 06:05:00+00:00,2024-03-15 12:40:00+00:00,2024-01-03 00:00:00+00:00
1710489600000,1710489900000,1710506700000,1,dip_unconfirmed,2167.467,2159.08,2959.08,2159.0299999999997,8.387000000000171,11.923214498628587,-100.5961607249336,-1.005961607249336,stop,280,0.5935376177416847,2024-03-15 08:05:00+00:00,2024-03-15 12:45:00+00:00,2024-01-03 00:00:00+00:00
1710491400000,1710491700000,1710506700000,1,dip_unconfirmed,2166.9085,2158.5565,2958.5565,2158.5065,8.351999999999862,11.97318007662855,-100.5986590038336,-1.005986590038336,stop,250,0.6628951149425044,2024-03-15 08:35:00+00:00,2024-03-15 12:45:00+00:00,2024-01-03 00:00:00+00:00
1710493200000,1710493500000,1710506400000,1,pullback_ema20,2169.4449999999997,2161.075,2961.075,2161.0249999999996,8.36999999999989,11.947431302270168,-100.59737156511568,-1.0059737156511568,stop,215,0.358422939068105,2024-03-15 09:05:00+00:00,2024-03-15 12:40:00+00:00,2024-01-03 00:00:00+00:00
1710759600000,1710759900000,1710836400000,1,breakout_24,2158.5750000000003,2150.255,2950.255,2150.205,8.320000000000164,12.019230769230532,-100.60096153846371,-1.0060096153846372,stop,1275,0.5673076923076571,2024-03-18 11:05:00+00:00,2024-03-19 08:20:00+00:00,2024-01-03 00:00:00+00:00
1710761400000,1710761700000,1710835800000,1,breakout_24,2160.86,2152.5699999999997,2952.5699999999997,2152.5199999999995,8.290000000000418,12.062726176115193,-100.60313630880795,-1.0060313630880795,stop,1235,0.29372738238839835,2024-03-18 11:35:00+00:00,2024-03-19 08:10:00+00:00,2024-01-03 00:00:00+00:00
1710763200000,1710763500000,1710835800000,1,breakout_24,2161.495,2153.13,2953.13,2153.08,8.364999999999782,11.954572624029003,-100.59772863120362,-1.0059772863120362,stop,1205,0.2151823072325438,2024-03-18 12:05:00+00:00,2024-03-19 08:10:00+00:00,2024-01-03 00:00:00+00:00
1710945000000,1710945300000,1710963000000,1,breakout_24,2161.4004999999997,2153.1099999999997,2953.1099999999997,2186.272,8.290500000000065,12.061998673180051,300.0,3.0,target,295,2.9448766660635814,2024-03-20 14:35:00+00:00,2024-03-20 19:30:00+00:00,2024-01-03 00:00:00+00:00
1710959400000,1710959700000,1710973200000,1,breakout_24,2169.46,2160.81443596177,2978.3708397847686,2195.3966921146903,8.645564038230077,11.566625330378333,300.0,3.0,target,225,2.7630932920474307,2024-03-20 18:35:00+00:00,2024-03-20 22:20:00+00:00,2024-01-03 00:00:00+00:00
1710961200000,1710961500000,1710973200000,1,breakout_24,2182.4765,2171.406976250215,3236.2093512287133,2215.685071249356,11.069523749785276,9.0338123175299,300.0,3.0,target,195,0.9821560751618367,2024-03-20 19:05:00+00:00,2024-03-20 22:20:00+00:00,2024-01-03 00:00:00+00:00
1710963000000,1710963300000,1711031400000,1,breakout_24,2188.396,2176.768977946628,3314.371183283806,2176.718977946628,11.627022053372002,8.600654539138727,-100.43003272695849,-1.004300327269585,stop,1135,2.939875734568382,2024-03-20 19:35:00+00:00,2024-03-21 14:30:00+00:00,2024-01-03 00:00:00+00:00
1710973800000,1710974100000,1710981900000,1,breakout_24,2208.8714999999997,2192.853083588444,3715.694724744091,2192.8030835884438,16.01841641155579,6.2428143600923836,-100.31214071800575,-1.0031214071800576,stop,130,0.0,2024-03-20 22:35:00+00:00,2024-03-21 00:45:00+00:00,2024-01-03 00:00:00+00:00
1710990000000,1710990300000,1711029900000,1,dip_unconfirmed,2203.9154999999996,2188.939899224643,3648.799976760352,2188.8898992246427,14.975600775356725,6.677528434422221,-100.33387642172232,-1.0033387642172231,stop,660,0.5081265262173911,2024-03-21 03:05:00+00:00,2024-03-21 14:05:00+00:00,2024-01-03 00:00:00+00:00
1710999000000,1710999300000,1711029900000,1,dip_unconfirmed,2202.965,2191.1648562342243,3330.6792328118063,2191.114856234224,11.800143765775829,8.474473022102647,-100.42372365110667,-1.0042372365110668,stop,510,0.725414890691982,2024-03-21 05:35:00+00:00,2024-03-21 14:05:00+00:00,2024-01-03 00:00:00+00:00
1711009800000,1711010100000,1711029300000,1,dip_unconfirmed,2204.065,2193.787202176211,3190.566984555106,2193.7372021762108,10.277797823789115,9.729710752680774,-100.48648553763582,-1.0048648553763582,stop,320,0.7258364221499892,2024-03-21 08:35:00+00:00,2024-03-21 13:55:00+00:00,2024-01-03 00:00:00+00:00
1711011600000,1711011900000,1711029900000,1,dip_unconfirmed,2201.9999999999995,2191.2963305921958,3223.663271372603,2191.2463305921956,10.703669407803773,9.342590488369583,-100.46712952442019,-1.0046712952442018,stop,300,0.8898817440172536,2024-03-21 09:05:00+00:00,2024-03-21 14:05:00+00:00,2024-01-03 00:00:00+00:00
1711387800000,1711388100000,1711417800000,1,dip_unconfirmed,2176.0285,2167.6814999999997,2967.6814999999997,2167.6314999999995,8.347000000000207,11.98035222235504,-100.59901761111993,-1.0059901761111993,stop,495,0.03827722535043176,2024-03-25 17:35:00+00:00,2024-03-26 01:50:00+00:00,2024-01-03 00:00:00+00:00
1711389600000,1711389900000,1711450800000,1,dip_unconfirmed,2175.01,2166.795,2966.795,2199.6550000000007,8.215000000000146,12.1728545343881,300.0,3.0,target,1015,2.8600121728544705,2024-03-25 18:05:00+00:00,2024-03-26 11:00:00+00:00,2024-01-03 00:00:00+00:00
1711391400000,1711391700000,1711450800000,1,dip_unconfirmed,2174.6164999999996,2166.2605000000003,2966.2605000000003,2199.6844999999976,8.355999999999312,11.967448539972263,300.0,3.0,target,985,2.858843944471331,2024-03-25 18:35:00+00:00,2024-03-26 11:00:00+00:00,2024-01-03 00:00:00+00:00
1711393200000,1711393500000,1711450800000,1,dip_unconfirmed,2173.666,2165.3,2965.3,2198.764,8.365999999999985,11.953143676787017,300.0,3.0,target,955,2.9690413578771198,2024-03-25 19:05:00+00:00,2024-03-26 11:00:00+00:00,2024-01-03 00:00:00+00:00
1711395000000,1711395300000,1711450500000,1,dip_unconfirmed,2172.8455000000004,2164.5654999999997,2964.5654999999997,2197.6855000000023,8.280000000000655,12.077294685989383,300.0,3.0,target,920,2.713707729468348,2024-03-25 19:35:00+00:00,2024-03-26 10:55:00+00:00,2024-01-03 00:00:00+00:00
1711418400000,1711418700000,1711450200000,1,dip_unconfirmed,2169.8514999999998,2161.4714999999997,2961.4714999999997,2194.9915,8.38000000000011,11.93317422434352,300.0,3.0,target,525,2.995465393794748,2024-03-26 02:05:00+00:00,2024-03-26 10:50:00+00:00,2024-01-03 00:00:00+00:00
1711450800000,1711451100000,1711457100000,1,breakout_24,2198.1600000000003,2189.7799999999997,2989.7799999999997,2189.7299999999996,8.380000000000564,11.933174224342872,-100.59665871121932,-1.0059665871121932,stop,100,0.07756563245813099,2024-03-26 11:05:00+00:00,2024-03-26 12:45:00+00:00,2024-01-03 00:00:00+00:00
1711458000000,1711458300000,1711460700000,1,dip_unconfirmed,2188.3650000000002,2179.995,2979.995,2179.9449999999997,8.370000000000346,11.947431302269518,-100.59737156511564,-1.0059737156511563,stop,40,0.5013739545996334,2024-03-26 13:05:00+00:00,2024-03-26 13:45:00+00:00,2024-01-03 00:00:00+00:00
1711463400000,1711463700000,1711467600000,1,dip_unconfirmed,2182.775,2172.801032053219,3130.8478267313094,2172.7510320532188,9.973967946781158,10.026099996869593,-100.5013049998453,-1.005013049998453,stop,65,0.057148769982173095,2024-03-26 14:35:00+00:00,2024-03-26 15:40:00+00:00,2024-01-03 00:00:00+00:00
1711465200000,1711465500000,1711622400000,1,dip_unconfirmed,2179.7664999999993,2169.8938511922747,3124.0087319647855,2209.384446423173,9.872648807724545,10.128993945551688,300.0,3.0,target,2615,2.8739500971412153,2024-03-26 15:05:00+00:00,2024-03-28 10:40:00+00:00,2024-01-03 00:00:00+00:00
1711467000000,1711467300000,1711622400000,1,dip_unconfirmed,2178.3799999999997,2168.168004678541,3152.8675368244394,2209.015985964376,10.211995321458744,9.792405583056553,300.0,3.0,target,2585,2.914219901517696,2024-03-26 15:35:00+00:00,2024-03-28 10:40:00+00:00,2024-01-03 00:00:00+00:00
1711468800000,1711469100000,1711621500000,1,dip_unconfirmed,2174.805,2164.3713614872163,3167.7352127655513,2206.1059155383505,10.433638512783546,9.584384189415571,300.0,3.0,target,2540,2.452164694861977,2024-03-26 16:05:00+00:00,2024-03-28 10:25:00+00:00,2024-01-03 00:00:00+00:00
1711474200000,1711474500000,1711621500000,1,dip_unconfirmed,2177.212,2167.850195403577,3065.8306550458915,2205.2974137892693,9.361804596423099,10.681701264968444,300.0,3.0,target,2450,2.4758047191943735,2024-03-26 17:35:00+00:00,2024-03-28 10:25:00+00:00,2024-01-03 00:00:00+00:00
1711486800000,1711490700000,1711621500000,1,pullback_ema50,2179.1620000000003,2170.91,2970.91,2203.9180000000015,8.252000000000407,12.118274357730861,300.0,3.0,target,2180,2.57246728065906,2024-03-26 22:05:00+00:00,2024-03-28 10:25:00+00:00,2024-01-03 00:00:00+00:00
1711621800000,1711622100000,1711659000000,1,breakout_24,2204.8650000000002,2196.465,2996.465,2230.0650000000005,8.400000000000091,11.904761904761775,300.0,3.0,target,615,2.410892857142813,2024-03-28 10:35:00+00:00,2024-03-28 20:50:00+00:00,2024-01-03 00:00:00+00:00
1711623600000,1711623900000,1711634100000,1,breakout_24,2212.785,2203.9299522258325,3036.4347296426017,2203.8799522258323,8.85504777416736,11.292993843774378,-100.56464969219078,-1.0056464969219079,stop,170,0.4601894991337853,2024-03-28 11:05:00+00:00,2024-03-28 13:55:00+00:00,2024-01-03 00:00:00+00:00
1711634400000,1711634700000,1711922700000,1,dip_unconfirmed,2207.1220000000008,2195.9311177553595,3275.319342219417,2238.8875000000003,11.190882244641216,8.935845969417226,283.8516151415186,2.838516151415186,timeout,4800,2.6092670230697728,2024-03-28 14:05:00+00:00,2024-03-31 22:05:00+00:00,2024-01-03 00:00:00+00:00
1711636200000,1711636500000,1711922700000,1,dip_unconfirmed,2206.915,2195.7704664871194,3269.2238177751715,2238.8875000000003,11.144533512880571,8.973009043799143,286.88953165287086,2.8688953165287088,timeout,4770,2.638692769510028,2024-03-28 14:35:00+00:00,2024-03-31 22:05:00+00:00,2024-01-03 00:00:00+00:00
1711643400000,1711643700000,1711922700000,1,breakout_24,2219.572,2208.416228247049,3289.1434035421917,2238.8875000000003,11.155771752951296,8.963969702369061,173.143556786111,1.73143556786111,timeout,4650,1.5014649251468177,2024-03-28 16:35:00+00:00,2024-03-31 22:05:00+00:00,2024-01-03 00:00:00+00:00
1711645200000,1711645500000,1711922700000,1,breakout_24,2220.84,2209.453961943688,3309.057767574891,2238.8875000000003,11.386038056312373,8.782686260613753,158.50553028842782,1.5850553028842782,timeout,4620,1.3597354868682188,2024-03-28 17:05:00+00:00,2024-03-31 22:05:00+00:00,2024-01-03 00:00:00+00:00
1711659600000,1711922700000,1712095800000,1,breakout_24,2239.8295000000003,2221.9823965640403,3328.7427401600453,2281.245,17.84710343595998,5.6031501335119085,232.05726435446027,2.320572643544603,timeout,2885,2.3265399984367856,2024-03-31 22:05:00+00:00,2024-04-02 22:10:00+00:00,2024-01-03 00:00:00+00:00
1711924200000,1711924500000,1711982400000,1,breakout_24,2242.4,2229.842225380894,3436.11968729147,2229.792225380894,12.557774619106112,7.96319435832638,-100.39815971791776,-1.0039815971791777,stop,965,1.8323310218508813,2024-03-31 22:35:00+00:00,2024-04-01 14:40:00+00:00,2024-01-03 00:00:00+00:00
1711929600000,1711929900000,1711981200000,1,breakout_24,2246.5049999999997,2233.9911560356504,3441.875552470603,2233.9411560356502,12.513843964349235,7.991149664714583,-100.39955748323717,-1.0039955748323717,stop,855,1.510726844114308,2024-04-01 00:05:00+00:00,2024-04-01 14:20:00+00:00,2024-01-03 00:00:00+00:00
1711931400000,1711931700000,1711980300000,1,breakout_24,2250.3639999999996,2238.1102163188184,3452.588584436985,2238.060216318818,12.253783681181176,8.160744681136784,-100.40803723405833,-1.0040803723405833,stop,810,1.2278656447238632,2024-04-01 00:35:00+00:00,2024-04-01 14:05:00+00:00,2024-01-03 00:00:00+00:00
1711935000000,1711935300000,1711968900000,1,breakout_24,2258.977,2245.862446723879,3522.617774335972,2245.812446723879,13.11455327612066,7.6251167610934,-100.38125583805606,-1.0038125583805606,stop,560,0.49052376124113783,2024-04-01 01:35:00+00:00,2024-04-01 10:55:00+00:00,2024-01-03 00:00:00+00:00
1711969200000,1711969500000,1711980300000,1,dip_unconfirmed,2248.2999999999997,2238.1624033317225,3213.9220701594604,2238.1124033317224,10.137596668277183,9.864270918660875,-100.49321354593484,-1.0049321354593483,stop,180,0.9120998104939972,2024-04-01 11:05:00+00:00,2024-04-01 14:05:00+00:00,2024-01-03 00:00:00+00:00
1712016000000,1712016300000,1712090100000,1,dip_unconfirmed,2249.41,2239.4662042077066,3198.8457834370865,2279.2413873768796,9.943795792293258,10.056521884480272,300.0,3.0,target,1230,2.9867869996906684,2024-04-02 00:05:00+00:00,2024-04-02 20:35:00+00:00,2024-01-03 00:00:00+00:00
1712021400000,1712021700000,1712087700000,1,dip_unconfirmed,2249.6435,2240.0413172902076,3164.909588269421,2278.4500481293776,9.602182709792487,10.41429881333315,300.0,3.0,target,1100,2.9593271507967183,2024-04-02 01:35:00+00:00,2024-04-02 19:55:00+00:00,2024-01-03 00:00:00+00:00
1712023200000,1712023500000,1712087400000,1,dip_unconfirmed,2249.3999999999996,2240.1864374837646,3126.5426891073193,2277.0406875487047,9.213562516235015,10.853565037822472,300.0,3.0,target,1065,2.958301954534127,2024-04-02 02:05:00+00:00,2024-04-02 19:50:00+00:00,2024-01-03 00:00:00+00:00
1712025000000,1712025300000,1712067900000,1,dip_unconfirmed,2248.637,2239.8060490920666,3090.3511398853702,2275.129852723801,8.830950907933584,11.3238088448846,300.0,3.0,target,710,2.86639573290565,2024-04-02 02:35:00+00:00,2024-04-02 14:25:00+00:00,2024-01-03 00:00:00+00:00
1712068200000,1712068500000,1712069400000,1,breakout_24,2275.645,2264.07240379484,3383.832024310846,2264.0224037948396,11.572596205160153,8.641103364118985,-100.43205516820751,-1.004320551682075,stop,15,0.0643762200627163,2024-04-02 14:35:00+00:00,2024-04-02 14:50:00+00:00,2024-01-03 00:00:00+00:00
1712071800000,1712072100000,1712169900000,1,dip_unconfirmed,2255.8570000000004,2242.313026741469,3570.360352594558,2296.4889197755947,13.543973258531423,7.3833577555987455,300.0,3.0,target,1630,2.9926963990768325,2024-04-02 15:35:00+00:00,2024-04-03 18:45:00+00:00,2024-01-03 00:00:00+00:00
1712088000000,1712088300000,1712147400000,1,breakout_24,2277.935,2265.420934400244,3473.9774943758366,2265.3709344002436,12.514065599756123,7.991008134234875,-100.3995504067132,-1.003995504067132,stop,985,0.8061728556223089,2024-04-02 20:05:00+00:00,2024-04-03 12:30:00+00:00,2024-01-03 00:00:00+00:00
1712091600000,1712095500000,1712131800000,1,breakout_24,2281.177,2269.128155171639,3392.8126380077356,2269.0781551716386,12.048844828361325,8.299550822051732,-100.4149775411041,-1.004149775411041,stop,605,0.5682287470317806,2024-04-02 22:05:00+00:00,2024-04-03 08:10:00+00:00,2024-01-03 00:00:00+00:00
1712097000000,1712097300000,1712128800000,1,breakout_24,2287.4105000000004,2275.336858373665,3443.0010210071787,2275.286858373665,12.073641626335302,8.282505237017945,-100.4141252618524,-1.004141252618524,stop,525,0.024681865606294796,2024-04-02 22:35:00+00:00,2024-04-03 07:20:00+00:00,2024-01-03 00:00:00+00:00
1712100600000,1712100900000,1712129400000,1,dip_unconfirmed,2282.2349999999997,2270.512860026272,3393.7268573990477,2270.4628600262718,11.722139973727735,8.530865543674206,-100.42654327718526,-1.0042654327718525,stop,475,0.46693692553305144,2024-04-02 23:35:00+00:00,2024-04-03 07:30:00+00:00,2024-01-03 00:00:00+00:00
1712120400000,1712120700000,1712128800000,1,dip_unconfirmed,2284.207,2274.8085065409405,3176.9578524469034,2274.7585065409403,9.39849345905941,10.64000314897361,-100.53200015745061,-1.005320001574506,stop,135,0.1620472479588828,2024-04-03 05:05:00+00:00,2024-04-03 07:20:00+00:00,2024-04-03 00:00:00+00:00
1712122200000,1712122500000,1712128800000,1,dip_unconfirmed,2284.0775,2274.8692560737304,3156.293648700689,2274.8192560737302,9.20824392626946,10.85983394887249,-100.5429916974456,-1.005429916974456,stop,105,0.1794587560051337,2024-04-03 05:35:00+00:00,2024-04-03 07:20:00+00:00,2024-04-03 00:00:00+00:00
1712131200000,1712131500000,1712232300000,1,dip_unconfirmed,2271.625,2261.9311256970377,3194.8185559932776,2286.1158114544432,9.693874302962286,10.315792930123065,149.48421035349196,1.4948421035349195,ladder_lock_1.50R,1680,3.410916932345197,2024-04-03 08:05:00+00:00,2024-04-04 12:05:00+00:00,2024-04-03 00:00:00+00:00
1712133000000,1712133300000,1712232900000,1,dip_unconfirmed,2269.885,2260.3662595758205,3179.240301993752,2284.1131106362695,9.518740424179668,10.505591658532706,149.47472041707147,1.4947472041707146,ladder_lock_1.50R,1660,3.6564711767522913,2024-04-03 08:35:00+00:00,2024-04-04 12:15:00+00:00,2024-04-03 00:00:00+00:00
1712134800000,1712135100000,1712259600000,1,pullback_ema50,2273.66,2263.6940267489763,3223.2913518513374,2288.558959876535,9.96597325102357,10.034142926254528,149.49829285368546,1.4949829285368545,ladder_lock_1.50R,2075,3.171792578989069,2024-04-03 09:05:00+00:00,2024-04-04 19:40:00+00:00,2024-04-03 00:00:00+00:00
1712138400000,1712138700000,1712259600000,1,pullback_ema50,2272.4199999999996,2262.398977145801,3226.0012625656927,2287.4015342812972,10.02102285419869,9.979021249123404,149.50104893753974,1.4950104893753973,ladder_lock_1.50R,2015,3.2781084803370746,2024-04-03 10:05:00+00:00,2024-04-04 19:40:00+00:00,2024-04-03 00:00:00+00:00
1712142000000,1712142300000,1712232300000,1,pullback_ema50,2273.185,2263.617408865512,3178.8765223142955,2287.4863867017316,9.567591134487884,10.451951655786617,149.47740241720876,1.4947740241720877,ladder_lock_1.50R,1500,3.292887369155585,2024-04-03 11:05:00+00:00,2024-04-04 12:05:00+00:00,2024-04-03 00:00:00+00:00
1712232000000,1712232300000,1712259600000,1,dip_unconfirmed,2289.7749999999996,2281.38,3081.38,2289.7249999999995,8.394999999999527,11.911852293032238,-0.5955926146537787,-0.0059559261465377865,breakeven,455,1.8457415128053865,2024-04-04 12:05:00+00:00,2024-04-04 19:40:00+00:00,2024-04-03 00:00:00+00:00
1712233800000,1712234100000,1712250000000,1,dip_unconfirmed,2286.3485,2277.9350000000004,3077.9350000000004,2286.2985,8.413499999999658,11.885659951269277,-0.5942829975656259,-0.005942829975656258,breakeven,265,1.5166102097819316,2024-04-04 12:35:00+00:00,2024-04-04 17:00:00+00:00,2024-04-03 00:00:00+00:00
1712241000000,1712241300000,1712248800000,1,pullback_ema50,2297.9205,2288.4158586139247,3199.179997221484,2288.3658586139245,9.504641386075491,10.521175490797813,-100.52605877454181,-1.0052605877454182,stop,125,0.12499156483064087,2024-04-04 14:35:00+00:00,2024-04-04 16:40:00+00:00,2024-04-03 00:00:00+00:00
1712250000000,1712250300000,1712259600000,1,dip_unconfirmed,2287.35,2277.8114592465936,3189.3155345872456,2287.2999999999997,9.538540753406323,10.483783902090982,-0.5241891951064561,-0.0052418919510645616,breakeven,155,1.8786940752547117,2024-04-04 17:05:00+00:00,2024-04-04 19:40:00+00:00,2024-04-03 00:00:00+00:00
1712253600000,1712253900000,1712259600000,1,pullback_ema50,2294.4600000000005,2284.8609597585423,3206.264983904306,2284.810959758542,9.59904024145817,10.417708175459135,-100.52088540877484,-1.0052088540877484,stop,95,1.1261542537670794,2024-04-04 18:05:00+00:00,2024-04-04 19:40:00+00:00,2024-04-03 00:00:00+00:00
1712260800000,1712261100000,1712280300000,1,dip_unconfirmed,2285.27,2272.0036714042,3568.136530984251,2271.9536714041997,13.266328595800132,7.53788052797502,-100.37689402640012,-1.0037689402640013,stop,320,0.5883315752084722,2024-04-04 20:05:00+00:00,2024-04-05 01:25:00+00:00,2024-04-03 00:00:00+00:00
1712269800000,1712270100000,1712279400000,1,pullback_ema50,2292.2549999999997,2279.946681878654,3469.2784940132688,2279.896681878654,12.308318121345565,8.124586886211212,-100.40622934431204,-1.0040622934431205,stop,155,0.0,2024-04-04 22:35:00+00:00,2024-04-05 01:10:00+00:00,2024-04-03 00:00:00+00:00
1712318400000,1712318700000,1712320500000,1,dip_unconfirmed,2291.507,2281.883913084508,3219.4926046337264,2281.833913084508,9.623086915491967,10.391675860166295,-100.51958379301021,-1.005195837930102,stop,30,0.4429971419188808,2024-04-05 12:05:00+00:00,2024-04-05 12:35:00+00:00,2024-04-03 00:00:00+00:00
1712323800000,1712324100000,1712527500000,1,pullback_ema20,2296.037,2283.547932961613,3488.7546368003896,2327.3295,12.48906703838702,8.00700322070776,250.55914828399776,2.5055914828399777,timeout,3390,2.731388973663913,2024-04-05 13:35:00+00:00,2024-04-07 22:05:00+00:00,2024-04-03 00:00:00+00:00
1712325600000,1712325900000,1712527500000,1,breakout_24,2300.2205000000004,2287.0385806072113,3568.1805198860757,2327.3295,13.181919392789041,7.586148649543663,205.65290374047513,2.056529037404751,timeout,3360,2.2704584293218604,2024-04-05 14:05:00+00:00,2024-04-07 22:05:00+00:00,2024-04-03 00:00:00+00:00
1712327400000,1712327700000,1712527500000,1,breakout_24,2311.9269999999997,2297.3241819924106,3710.405982751352,2327.3295,14.602818007589121,6.847993308416893,105.47621693289219,1.0547621693289218,timeout,3330,1.2478755806262583,2024-04-05 14:35:00+00:00,2024-04-07 22:05:00+00:00,2024-04-03 00:00:00+00:00
1712329200000,1712329500000,1712527500000,1,breakout_24,2318.0265000000004,2302.4185261358093,3821.56591255483,2327.3295,15.60797386419108,6.406981512791169,59.60414901349258,0.5960414901349258,timeout,3300,0.7767183687956182,2024-04-05 15:05:00+00:00,2024-04-07 22:05:00+00:00,2024-04-03 00:00:00+00:00
1712343600000,1712343900000,1712527500000,1,dip_unconfirmed,2325.7050000000004,2312.2044031644086,3628.764086723521,2327.3295,13.50059683559175,7.407079940078579,12.03280136265353,0.1203280136265353,timeout,3060,0.30706049891593,2024-04-05 19:05:00+00:00,2024-04-07 22:05:00+00:00,2024-04-03 00:00:00+00:00
1712530800000,1712531100000,1712704200000,1,dip_unconfirmed,2308.312,2293.435724197825,3720.3633044153003,2352.4565000000002,14.87627580217486,6.722112532047863,296.7442966709891,2.967442966709891,timeout,2885,3.8129838915535066,2024-04-07 23:05:00+00:00,2024-04-09 23:10:00+00:00,2024-04-03 00:00:00+00:00
1712536200000,1712536500000,1712709600000,1,dip_unconfirmed,2308.0775,2293.927606072384,3667.316998833983,2352.555,14.149893927615722,7.067190786839357,314.3309782216473,3.143309782216473,timeout,2885,4.025295192414026,2024-04-08 00:35:00+00:00,2024-04-10 00:40:00+00:00,2024-04-03 00:00:00+00:00
1712538000000,1712538300000,1712579400000,1,dip_unconfirmed,2306.6949999999997,2293.038027067214,3619.235320345838,2327.130459399178,13.65697293278572,7.322266837033426,149.633886658147,1.4963388665814699,ladder_lock_1.50R,685,3.4410993000638834,2024-04-08 01:05:00+00:00,2024-04-08 12:30:00+00:00,2024-04-03 00:00:00+00:00
1712539800000,1712540100000,1712713200000,1,pullback_ema50,2314.0585,2299.68045370527,3691.485083178272,2345.9149999999995,14.378046294730211,6.955047852130761,221.5634819013995,2.215634819013995,timeout,2885,3.5454399683414204,2024-04-08 01:35:00+00:00,2024-04-10 01:40:00+00:00,2024-04-03 00:00:00+00:00
1712541600000,1712541900000,1712579400000,1,pullback_ema20,2324.7535,2309.788742726322,3767.914470094106,2324.7034999999996,14.964757273677606,6.682366988731311,-0.33411834943778107,-0.0033411834943778106,breakeven,625,1.9336431236942524,2024-04-08 02:05:00+00:00,2024-04-08 12:30:00+00:00,2024-04-03 00:00:00+00:00
1712579400000,1712579700000,1712752800000,1,dip_unconfirmed,2327.2369999999996,2313.628155463745,3634.5126090892404,2337.9385,13.608844536254765,7.348162419931692,78.63636013690326,0.7863636013690326,timeout,2885,2.777458431485798,2024-04-08 12:35:00+00:00,2024-04-10 12:40:00+00:00,2024-04-03 00:00:00+00:00
1712586600000,1712586900000,1712754900000,1,dip_unconfirmed,2326.57,2312.0090446740946,3727.1045772646253,2326.52,14.560955325905525,6.867681258666395,-0.34338406293456897,-0.0034338406293456898,breakeven,2800,2.6416535961460075,2024-04-08 14:35:00+00:00,2024-04-10 13:15:00+00:00,2024-04-03 00:00:00+00:00
1712710800000,1712711100000,1712752500000,1,dip_unconfirmed,2352.0555,2342.7927745300385,3235.36532152617,2342.7427745300383,9.262725469961424,10.795958524766304,-100.53979792624028,-1.0053979792624028,stop,690,0.8451076333187526,2024-04-10 01:05:00+00:00,2024-04-10 12:35:00+00:00,2024-04-03 00:00:00+00:00
1712712600000,1712712900000,1712752500000,1,dip_unconfirmed,2347.7785,2338.0446834921786,3270.0763342743,2337.9946834921784,9.733816507821302,10.27346261557819,-100.51367313078077,-1.0051367313078077,stop,660,1.2436026496157886,2024-04-10 01:35:00+00:00,2024-04-10 12:35:00+00:00,2024-04-03 00:00:00+00:00
1712714400000,1712714700000,1712752500000,1,pullback_ema50,2349.88,2340.2409203855946,3267.6488818261405,2340.1909203855944,9.639079614405546,10.374434489632248,-100.51872172448351,-1.005187217244835,stop,630,1.0378065541703887,2024-04-10 02:05:00+00:00,2024-04-10 12:35:00+00:00,2024-04-03 00:00:00+00:00
1712854800000,1712855100000,1712936100000,1,breakout_24,2350.2549999999997,2337.4046493382752,3583.9397155107467,2391.3261221175176,12.850350661724406,7.781888808517609,319.6109055595727,3.196109055595727,ladder_lock_3.20R,1350,6.297765884401243,2024-04-11 17:05:00+00:00,2024-04-12 15:35:00+00:00,2024-04-03 00:00:00+00:00
1712856600000,1712856900000,1712935800000,1,breakout_24,2355.567,2342.2476743855414,3627.4802358314064,2398.1388419662676,13.319325614458648,7.507887628443147,319.62460561857716,3.1962460561857715,ladder_lock_3.20R,1315,5.677201848561753,2024-04-11 17:35:00+00:00,2024-04-12 15:30:00+00:00,2024-04-03 00:00:00+00:00
1712860200000,1712860500000,1712935500000,1,breakout_24,2362.1485000000002,2349.1166120977373,3614.955402324016,2403.8005412872417,13.031887902262952,7.673485280872871,319.61632573595637,3.1961632573595637,ladder_lock_3.20R,1250,5.297390563650611,2024-04-11 18:35:00+00:00,2024-04-12 15:25:00+00:00,2024-04-03 00:00:00+00:00
1712865600000,1712865900000,1712936100000,1,breakout_24,2373.3640000000005,2360.2859310418103,3621.692826860737,2392.931103437286,13.078068958190215,7.646388799423972,149.61768056002916,1.4961768056002915,ladder_lock_1.50R,1170,4.421103771882948,2024-04-11 20:05:00+00:00,2024-04-12 15:35:00+00:00,2024-04-03 00:00:00+00:00
1712867400000,1712867700000,1712935800000,1,breakout_24,2375.505,2362.9012216816814,3589.77905351354,2394.3606674774783,12.603778318318746,7.934128756823397,149.6032935621592,1.496032935621592,ladder_lock_1.50R,1135,4.417603879867951,2024-04-11 20:35:00+00:00,2024-04-12 15:30:00+00:00,2024-04-03 00:00:00+00:00
1712937600000,1712937900000,1712939100000,1,pullback_ema50,2396.065,2375.174233284961,4424.750904788902,2375.1242332849606,20.890766715039263,4.786803728367231,-100.23934018641923,-1.0023934018641922,stop,20,0.0,2024-04-12 16:05:00+00:00,2024-04-12 16:25:00+00:00,2024-04-03 00:00:00+00:00
1712941200000,1712941500000,1712944200000,1,dip_unconfirmed,2369.762,2346.39897155693,4639.501815863896,2346.34897155693,23.363028443070107,4.280267014341704,-100.21401335071786,-1.0021401335071787,stop,45,0.12695271964535096,2024-04-12 17:05:00+00:00,2024-04-12 17:50:00+00:00,2024-04-03 00:00:00+00:00
1712943000000,1712943300000,1713132300000,1,dip_unconfirmed,2357.7825000000003,2332.9249735885783,4762.427614730762,2358.6130000000003,24.857526411421986,4.022926430606152,3.341040400618526,0.03341040400618526,timeout,3150,0.015307235068446603,2024-04-12 17:35:00+00:00,2024-04-14 22:05:00+00:00,2024-04-03 00:00:00+00:00
1712944800000,1712945100000,1713132300000,1,dip_unconfirmed,2355.6165,2330.908404046537,4760.517999392847,2358.6130000000003,24.70809595346327,4.047256421067251,12.127603865728814,0.12127603865728814,timeout,3120,0.029281900206405517,2024-04-12 18:05:00+00:00,2024-04-14 22:05:00+00:00,2024-04-03 00:00:00+00:00
1712946600000,1712946900000,1713132300000,1,dip_unconfirmed,2346.24,2321.6259823289274,4747.527749436215,2358.6130000000003,24.61401767107236,4.0627256117364805,50.268103994017515,0.5026810399401751,timeout,3090,0.04976838874378667,2024-04-12 18:35:00+00:00,2024-04-14 22:05:00+00:00,2024-04-03 00:00:00+00:00
1712948400000,1712948700000,1713132300000,1,dip_unconfirmed,2339.345,2314.59812644829,4743.2854816193385,2358.6130000000003,24.746873551709996,4.040914493341727,77.86034045771036,0.7786034045771036,timeout,3060,0.231483786751106,2024-04-12 19:05:00+00:00,2024-04-14 22:05:00+00:00,2024-04-03 00:00:00+00:00
1713202200000,1713202500000,1713372300000,1,breakout_24,2367.3385000000003,2348.130615099104,4232.719105188667,2367.2885,19.20788490089626,5.206195295106849,-0.2603097647562895,-0.0026030976475628948,breakeven,2830,1.591950397337771,2024-04-15 17:35:00+00:00,2024-04-17 16:45:00+00:00,2024-04-03 00:00:00+00:00
1713207600000,1713207900000,1713381000000,1,breakout_24,2376.417,2357.562633699975,4204.299263702442,2371.418,18.85436630002505,5.303811245030661,-26.513752413907195,-0.26513752413907193,timeout,2885,1.1402928986253857,2024-04-15 19:05:00+00:00,2024-04-17 19:10:00+00:00,2024-04-03 00:00:00+00:00
1713209400000,1713209700000,1713254100000,1,breakout_24,2384.765,2365.2579455785485,4273.463387723692,2365.2079455785483,19.507054421451357,5.1263505929441004,-100.25631752964814,-1.0025631752964814,stop,740,0.3608950817432861,2024-04-15 19:35:00+00:00,2024-04-16 07:55:00+00:00,2024-04-03 00:00:00+00:00
1713214800000,1713218700000,1713254100000,1,dip_unconfirmed,2383.3804999999998,2366.015454969414,4069.9699580280467,2365.9654549694137,17.36504503058586,5.758695115611007,-100.28793475578159,-1.002879347557816,stop,590,0.48514127001468016,2024-04-15 22:05:00+00:00,2024-04-16 07:55:00+00:00,2024-04-03 00:00:00+00:00
1713231000000,1713231300000,1713254100000,1,dip_unconfirmed,2382.4535000000005,2367.385295631934,3833.5057324385853,2367.3352956319336,15.068204368066745,6.636490822484778,-100.33182454112544,-1.0033182454112544,stop,380,0.4335619454328637,2024-04-16 01:35:00+00:00,2024-04-16 07:55:00+00:00,2024-04-03 00:00:00+00:00
1713254400000,1713254700000,1713372300000,1,dip_unconfirmed,2366.0570000000002,2352.331101504442,3679.7209510602315,2366.007,13.72589849555834,7.2854975601312875,-0.3642748780078896,-0.003642748780078896,breakeven,1960,2.3211230951700297,2024-04-16 08:05:00+00:00,2024-04-17 16:45:00+00:00,2024-04-03 00:00:00+00:00
1713259800000,1713260100000,1713372300000,1,dip_unconfirmed,2368.2025000000003,2355.4147507307794,3591.9396776528147,2368.1525,12.787749269220967,7.819984415919974,-0.39099922079742117,-0.003909992207974212,breakeven,1870,2.3236301693464565,2024-04-16 09:35:00+00:00,2024-04-17 16:45:00+00:00,2024-04-03 00:00:00+00:00
1713268800000,1713269100000,1713332400000,1,pullback_ema50,2374.487,2362.5152733088953,3517.4879424193628,2374.437,11.971726691104777,8.353013945290108,-0.41765069726602483,-0.004176506972660248,breakeven,1055,1.9570694023117616,2024-04-16 12:05:00+00:00,2024-04-17 05:40:00+00:00,2024-04-03 00:00:00+00:00
1713333600000,1713333900000,1713357900000,1,dip_unconfirmed,2378.117,2368.1867035372634,3322.3663498109245,2378.067,9.930296462736806,10.070192805949707,-0.5035096402993171,-0.005035096402993171,breakeven,400,1.5970822280595505,2024-04-17 06:05:00+00:00,2024-04-17 12:45:00+00:00,2024-04-03 00:00:00+00:00
1713358800000,1713359100000,1713371700000,1,dip_unconfirmed,2383.75,2373.664195326093,3344.7446627168333,2373.6141953260926,10.085804673907205,9.914925306724223,-100.49574626533801,-1.0049574626533802,stop,210,1.1426455669734321,2024-04-17 13:05:00+00:00,2024-04-17 16:35:00+00:00,2024-04-03 00:00:00+00:00
1713371400000,1713371700000,1713372000000,1,dip_unconfirmed,2380.472,2368.5955975407824,3513.8858434625554,2368.545597540782,11.876402459217843,8.420058207305464,-100.42100291036681,-1.0042100291036682,stop,5,0.0,2024-04-17 16:35:00+00:00,2024-04-17 16:40:00+00:00,2024-04-03 00:00:00+00:00
1713373200000,1713373500000,1713387300000,1,dip_unconfirmed,2372.847,2359.129233430727,3697.7058903580937,2359.0792334307266,13.717766569273408,7.289816421281815,-100.36449082106542,-1.0036449082106542,stop,230,0.4374618834411034,2024-04-17 17:05:00+00:00,2024-04-17 20:55:00+00:00,2024-04-03 00:00:00+00:00
1713375000000,1713375300000,1713387300000,1,dip_unconfirmed,2372.5299999999997,2358.864431042817,3686.4713267610828,2358.814431042817,13.665568957182586,7.317660926765897,-100.36588304633962,-1.0036588304633962,stop,200,0.4623298173530848,2024-04-17 17:35:00+00:00,2024-04-17 20:55:00+00:00,2024-04-03 00:00:00+00:00
1713421800000,1713422100000,1713451200000,1,breakout_24,2379.6485,2370.721071572516,3223.1139143209234,2370.6710715725158,8.927428427483846,11.20143396413479,-100.56007169820877,-1.0056007169820878,stop,485,1.4309831889182296,2024-04-18 06:35:00+00:00,2024-04-18 14:40:00+00:00,2024-04-03 00:00:00+00:00
1713423600000,1713423900000,1713451200000,1,breakout_24,2381.1265,2372.2097093173356,3224.7387775837183,2372.1597093173355,8.916790682664214,11.214797291857185,-100.5607398645949,-1.0056073986459488,stop,455,1.266935650061109,2024-04-18 07:05:00+00:00,2024-04-18 14:40:00+00:00,2024-04-03 00:00:00+00:00
1713436200000,1713436500000,1713450900000,1,breakout_24,2382.14,2373.765,3173.765,2373.7149999999997,8.375,11.940298507462687,-100.59701492537532,-1.0059701492537532,stop,240,1.2278805970149258,2024-04-18 10:35:00+00:00,2024-04-18 14:35:00+00:00,2024-04-03 00:00:00+00:00
1713438000000,1713438300000,1713450900000,1,breakout_24,2383.5120000000006,2375.1099999999997,3175.1099999999997,2375.0599999999995,8.402000000000953,11.90192811235285,-100.5950964056198,-1.0059509640561979,stop,210,1.060640323732235,2024-04-18 11:05:00+00:00,2024-04-18 14:35:00+00:00,2024-04-03 00:00:00+00:00
1713486600000,1713486900000,1713496500000,1,dip_unconfirmed,2375.565,2366.4077968904835,3241.6781078421495,2389.2508046642747,9.157203109516558,10.920364963410684,149.45398175182746,1.4945398175182745,ladder_lock_1.50R,160,4.581639120398995,2024-04-19 00:35:00+00:00,2024-04-19 03:15:00+00:00,2024-04-03 00:00:00+00:00
1713490200000,1713490500000,1713494700000,1,pullback_ema20,2396.195,2384.923740686182,3471.5496720679794,2396.145,11.271259313818064,8.872123088979457,-0.44360615445058665,-0.0044360615445058664,breakeven,70,1.8919802487248936,2024-04-19 01:35:00+00:00,2024-04-19 02:45:00+00:00,2024-04-03 00:00:00+00:00
1713492000000,1713492300000,1713494700000,1,breakout_24,2410.0015000000003,2396.232759208598,3724.456838348842,2396.182759208598,13.768740791402251,7.262828280015553,-100.3631414140021,-1.003631414140021,stop,40,0.32588310492427064,2024-04-19 02:05:00+00:00,2024-04-19 02:45:00+00:00,2024-04-03 00:00:00+00:00
1713495600000,1713495900000,1713496800000,1,dip_unconfirmed,2400.9199999999996,2385.544394419658,3882.6049524538394,2385.494394419658,15.375605580341471,6.503808872923699,-100.32519044364737,-1.0032519044364738,stop,15,0.08357394401708965,2024-04-19 03:05:00+00:00,2024-04-19 03:20:00+00:00,2024-04-03 00:00:00+00:00
1713497400000,1713497700000,1713737100000,1,dip_unconfirmed,2386.49,2369.2838662468257,4040.2472415642733,2383.761,17.206133753174072,5.81188089285617,-15.86062295660341,-0.1586062295660341,timeout,3990,0.8813717374016624,2024-04-19 03:35:00+00:00,2024-04-21 22:05:00+00:00,2024-04-03 00:00:00+00:00
1713499200000,1713499500000,1713524700000,1,pullback_ema20,2391.7900000000004,2374.8222686577665,4033.5954028811093,2374.7722686577663,16.967731342233947,5.893539801110155,-100.29467699005657,-1.0029467699005656,stop,420,0.10254759253930383,2024-04-19 04:05:00+00:00,2024-04-19 11:05:00+00:00,2024-04-03 00:00:00+00:00
1713502800000,1713503100000,1713737100000,1,dip_unconfirmed,2384.105,2367.159787771238,4015.181010647481,2383.761,16.945212228762102,5.901371942114961,-2.0300719480878473,-0.020300719480878474,timeout,3900,1.0356907758411864,2024-04-19 05:05:00+00:00,2024-04-21 22:05:00+00:00,2024-04-03 00:00:00+00:00
1713504600000,1713504900000,1713737100000,1,pullback_ema50,2384.6549999999997,2368.442660073292,3944.176652744087,2383.761,16.212339926707955,6.168141085868892,-5.51431813076542,-0.0551431813076542,timeout,3870,1.0485839845977396,2024-04-19 05:35:00+00:00,2024-04-21 22:05:00+00:00,2024-04-03 00:00:00+00:00
1713510000000,1713510300000,1713525300000,1,pullback_ema50,2390.542,2374.3039778356497,3954.406194270694,2374.2539778356495,16.23802216435024,6.158385484874196,-100.30791927424482,-1.0030791927424483,stop,250,0.18401255828805846,2024-04-19 07:05:00+00:00,2024-04-19 11:15:00+00:00,2024-04-03 00:00:00+00:00
1713526200000,1713526500000,1713737100000,1,dip_unconfirmed,2375.275,2361.418140220435,3703.6041181769483,2383.761,13.856859779565184,7.2166422689411025,61.2404262942333,0.612404262942333,timeout,3510,1.903750230546671,2024-04-19 11:35:00+00:00,2024-04-21 22:05:00+00:00,2024-04-03 00:00:00+00:00
1713546000000,1713546300000,1713737100000,1,breakout_24,2400.075,2385.5647286086396,3798.0918677446207,2383.761,14.51027139136022,6.8916698594309205,-112.430702086755,-1.12430702086755,timeout,3180,0.10888838377903487,2024-04-19 17:05:00+00:00,2024-04-21 22:05:00+00:00,2024-04-03 00:00:00+00:00
1713740400000,1713740700000,1713755100000,1,dip_unconfirmed,2384.5475,2371.8547777894855,3568.376998840915,2371.8047777894853,12.692722210514603,7.878530573777183,-100.3939265286903,-1.003939265286903,stop,240,0.2365528804776642,2024-04-21 23:05:00+00:00,2024-04-22 03:05:00+00:00,2024-04-03 00:00:00+00:00
1713742200000,1713742500000,1713752100000,1,pullback_ema50,2387.395,2375.2401508045223,3548.725070352277,2375.190150804522,12.15484919547771,8.227169123349194,-100.41135845616895,-1.0041135845616895,stop,160,0.012752112141207712,2024-04-21 23:35:00+00:00,2024-04-22 02:15:00+00:00,2024-04-03 00:00:00+00:00
1713745800000,1713746100000,1713752700000,1,dip_unconfirmed,2384.292,2372.976686152879,3467.3080708649695,2372.926686152879,11.315313847120706,8.837580764535842,-100.44187903822841,-1.004418790382284,stop,110,0.0,2024-04-22 00:35:00+00:00,2024-04-22 02:25:00+00:00,2024-04-03 00:00:00+00:00
1713747600000,1713747900000,1713755100000,1,dip_unconfirmed,2382.565,2371.5983514276736,3436.7632086603267,2371.5483514276734,10.966648572326449,9.118556078503586,-100.45592780392684,-1.0045592780392685,stop,120,0.12993942411869266,2024-04-22 01:05:00+00:00,2024-04-22 03:05:00+00:00,2024-04-03 00:00:00+00:00
1713749400000,1713749700000,1713755700000,1,dip_unconfirmed,2379.5649999999996,2368.464897754268,3436.9751223274516,2368.4148977542677,11.100102245731705,9.008926024843849,-100.45044630124383,-1.0045044630124382,stop,100,0.0,2024-04-22 01:35:00+00:00,2024-04-22 03:15:00+00:00,2024-04-03 00:00:00+00:00
1714032000000,1714032300000,1714051200000,1,breakout_24,2326.1535,2317.3002946965453,3163.1208250420036,2317.250294696545,8.853205303454615,11.295344067191001,-100.5647672033616,-1.005647672033616,stop,315,0.9305104442552782,2024-04-25 08:05:00+00:00,2024-04-25 13:20:00+00:00,2024-04-03 00:00:00+00:00
1714050000000,1714050300000,1714050600000,1,breakout_24,2331.2719999999995,2321.8045850545395,3217.846079600586,2321.7545850545393,9.46741494545995,10.56254538076991,-100.52812726904043,-1.0052812726904043,stop,5,0.0,2024-04-25 13:05:00+00:00,2024-04-25 13:10:00+00:00,2024-04-03 00:00:00+00:00
1714105800000,1714106100000,1714139400000,1,breakout_24,2337.9,2329.5150000000003,3129.5150000000003,2337.85,8.384999999999764,11.926058437686681,-0.5963029218865034,-0.005963029218865034,breakeven,555,1.7035778175313787,2024-04-26 04:35:00+00:00,2024-04-26 13:50:00+00:00,2024-04-03 00:00:00+00:00
1714113000000,1714113300000,1714143300000,1,breakout_24,2339.7000000000003,2331.38,3131.38,2331.33,8.320000000000164,12.019230769230532,-100.60096153846371,-1.0060096153846372,stop,500,1.5005408653845889,2024-04-26 06:35:00+00:00,2024-04-26 14:55:00+00:00,2024-04-03 00:00:00+00:00
1714116600000,1714116900000,1714142400000,1,breakout_24,2344.7135,2335.7174416768707,3199.473273989777,2335.6674416768706,8.996058323129091,11.11597951103735,-100.5557989755539,-1.005557989755539,stop,425,0.8304748292696514,2024-04-26 07:35:00+00:00,2024-04-26 14:40:00+00:00,2024-04-03 00:00:00+00:00
1714132800000,1714133100000,1714139400000,1,dip_unconfirmed,2345.3949999999995,2336.856522208307,3149.2043013775956,2336.806522208307,8.538477791692458,11.711689418141411,-100.5855844709092,-1.005855844709092,stop,105,0.6823815839480238,2024-04-26 12:05:00+00:00,2024-04-26 13:50:00+00:00,2024-04-03 00:00:00+00:00
1714134600000,1714134900000,1714142400000,1,dip_unconfirmed,2343.6455,2335.1082706219995,3143.93120842206,2335.0582706219993,8.537229378000575,11.713402038568638,-100.58567010193056,-1.0058567010193056,stop,125,0.8874073384419093,2024-04-26 12:35:00+00:00,2024-04-26 14:40:00+00:00,2024-04-03 00:00:00+00:00
1714165200000,1714341900000,1714352700000,1,dip_unconfirmed,2337.2550000000006,2328.879141128246,3220.965028303663,2328.8291411282457,8.375858871754644,11.939074133307498,-100.59695370666755,-1.0059695370666755,stop,180,0.0,2024-04-28 22:05:00+00:00,2024-04-29 01:05:00+00:00,2024-04-03 00:00:00+00:00
1714343400000,1714343700000,1714352700000,1,dip_unconfirmed,2335.765,2326.2392024762285,3228.3189548533996,2326.1892024762283,9.525797523771416,10.497808687456585,-100.52489043437474,-1.0052489043437474,stop,150,0.08240779819651892,2024-04-28 22:35:00+00:00,2024-04-29 01:05:00+00:00,2024-04-03 00:00:00+00:00
1714345200000,1714345500000,1714352700000,1,dip_unconfirmed,2335.3185,2326.1385451564975,3194.284029506731,2326.0885451564973,9.1799548435024,10.893299771597492,-100.54466498858186,-1.0054466498858186,stop,120,0.13415098668720885,2024-04-28 23:05:00+00:00,2024-04-29 01:05:00+00:00,2024-04-03 00:00:00+00:00
1714350600000,1714350900000,1714352700000,1,dip_unconfirmed,2334.7935,2326.295,3126.295,2326.245,8.49850000000015,11.766782373359797,-100.58833911867012,-1.0058833911867011,stop,30,0.0,2024-04-29 00:35:00+00:00,2024-04-29 01:05:00+00:00,2024-04-03 00:00:00+00:00
1714352400000,1714352700000,1714352700000,1,dip_unconfirmed,2332.56,2324.1585,3124.1585,2324.1085,8.401499999999942,11.902636433970207,-100.59513182170068,-1.0059513182170068,stop,0,0.0,2024-04-29 01:05:00+00:00,2024-04-29 01:05:00+00:00,2024-04-03 00:00:00+00:00
1714384800000,1714385100000,1714393200000,1,breakout_24,2343.636,2334.441173831234,3215.823790707831,2334.391173831234,9.194826168765758,10.875681406538567,-100.5437840703289,-1.005437840703289,stop,135,0.020174389009134184,2024-04-29 10:05:00+00:00,2024-04-29 12:20:00+00:00,2024-04-03 00:00:00+00:00
1714388400000,1714388700000,1714394100000,1,dip_unconfirmed,2341.732,2332.9434355993803,3169.59987566135,2332.89343559938,8.788564400619634,11.378422623033806,-100.56892113115376,-1.0056892113115377,stop,90,0.10860704393683782,2024-04-29 11:05:00+00:00,2024-04-29 12:35:00+00:00,2024-04-03 00:00:00+00:00
1714435200000,1714435500000,1714451700000,1,dip_unconfirmed,2333.58,2325.205,3125.205,2325.1549999999997,8.375,11.940298507462687,-100.59701492537532,-1.0059701492537532,stop,270,0.2746268656716092,2024-04-30 00:05:00+00:00,2024-04-30 04:35:00+00:00,2024-04-03 00:00:00+00:00
1714563000000,1714563300000,1714593900000,1,breakout_24,2295.2520000000004,2286.8334999999997,3086.8334999999997,2307.8297500000012,8.418500000000677,11.878600700836486,149.406069964956,1.49406069964956,ladder_lock_1.50R,510,3.9001009681055456,2024-05-01 11:35:00+00:00,2024-05-01 20:05:00+00:00,2024-04-03 00:00:00+00:00
1714570200000,1714570500000,1714642500000,1,breakout_24,2301.4835000000003,2292.971090461177,3106.5120443434434,2301.4335,8.512409538823249,11.74755508929895,-0.5873777544670844,-0.005873777544670844,breakeven,1200,3.125025867079779,2024-05-01 13:35:00+00:00,2024-05-02 09:35:00+00:00,2024-04-03 00:00:00+00:00
1714572000000,1714572300000,1714640100000,1,breakout_24,2303.7845,2295.057548285379,3107.7527197474888,2303.7345,8.72695171462101,11.458754817270439,-0.5729377408656062,-0.005729377408656062,breakeven,1130,2.7845347143707313,2024-05-01 14:05:00+00:00,2024-05-02 08:55:00+00:00,2024-04-03 00:00:00+00:00
1714573800000,1714574100000,1714575000000,1,breakout_24,2306.364,2297.2569019792804,3162.5667040512417,2297.2069019792802,9.107098020719604,10.980446215961384,-100.54902231080005,-1.0054902231080005,stop,15,0.0,2024-05-01 14:35:00+00:00,2024-05-01 14:50:00+00:00,2024-04-03 00:00:00+00:00
1714588200000,1714588500000,1714642200000,1,breakout_24,2313.9649999999997,2302.2326000561766,3430.9725944385,2302.1826000561764,11.732399943823111,8.523405311685451,-100.42617026558582,-1.0042617026558582,stop,895,1.2035048300099764,2024-05-01 18:35:00+00:00,2024-05-02 09:30:00+00:00,2024-04-03 00:00:00+00:00
1714590000000,1714590300000,1714593600000,1,breakout_24,2325.8095000000003,2311.8124857664498,3661.7139091214644,2311.7624857664496,13.997014233550544,7.144380818039188,-100.35721904090326,-1.0035721904090327,stop,55,0.12506238621975077,2024-05-01 19:05:00+00:00,2024-05-01 20:00:00+00:00,2024-04-03 00:00:00+00:00
1714962600000,1714962900000,1715136000000,1,breakout_24,2314.36,2302.397294430119,3448.167851418236,2311.3880000000004,11.96270556988111,8.359312984495183,-24.843878189917618,-0.24843878189917618,timeout,2885,1.458658319229463,2024-05-06 02:35:00+00:00,2024-05-08 02:40:00+00:00,2024-04-03 00:00:00+00:00
1714980600000,1714980900000,1715132400000,1,breakout_24,2317.0750000000003,2307.5966628147294,3212.7803813418022,2307.546662814729,9.478337185270902,10.550373767605302,-100.52751868838219,-1.005275186883822,stop,2525,1.5545448227877579,2024-05-06 07:35:00+00:00,2024-05-08 01:40:00+00:00,2024-04-03 00:00:00+00:00
1714982400000,1714982700000,1715069700000,1,breakout_24,2323.2435,2313.327008327963,3266.4761755316727,2313.277008327963,9.916491672036955,10.084211564659029,-100.50421057823479,-1.005042105782348,stop,1450,0.8638135626286725,2024-05-06 08:05:00+00:00,2024-05-07 08:15:00+00:00,2024-04-03 00:00:00+00:00
1714998600000,1714998900000,1715132400000,1,dip_unconfirmed,2317.11,2308.099419972896,3172.6574226832568,2308.049419972896,9.01058002710397,11.09806468609106,-100.55490323430656,-1.0055490323430656,stop,2225,1.631360018531924,2024-05-06 12:35:00+00:00,2024-05-08 01:40:00+00:00,2024-04-03 00:00:00+00:00
1715000400000,1715000700000,1715069700000,1,pullback_ema20,2323.8865,2313.3093185462612,3324.8774639201665,2313.259318546261,10.577181453738831,9.454314501208819,-100.47271572506216,-1.0047271572506216,stop,1150,0.7490653379307534,2024-05-06 13:05:00+00:00,2024-05-07 08:15:00+00:00,2024-04-03 00:00:00+00:00
1715070600000,1715070900000,1715132400000,1,dip_unconfirmed,2316.0205,2307.6185,3107.6185,2307.5685,8.402000000000044,11.90192811235414,-100.59509640561987,-1.0059509640561988,stop,1025,0.8695548678885981,2024-05-07 08:35:00+00:00,2024-05-08 01:40:00+00:00,2024-04-03 00:00:00+00:00
1715076000000,1715076300000,1715155200000,1,dip_unconfirmed,2314.3065,2305.8734999999997,3105.8734999999997,2305.8234999999995,8.433000000000447,11.858176212497888,-100.59290881062705,-1.0059290881062706,stop,1315,1.0696074943673073,2024-05-07 10:05:00+00:00,2024-05-08 08:00:00+00:00,2024-04-03 00:00:00+00:00
1715144400000,1715144700000,1715153400000,1,breakout_24,2319.8299999999995,2311.395,3111.395,2311.345,8.43499999999949,11.855364552460705,-100.5927682276252,-1.005927682276252,stop,145,0.1564908120925007,2024-05-08 05:05:00+00:00,2024-05-08 07:30:00+00:00,2024-04-03 00:00:00+00:00
1715146200000,1715146500000,1715153400000,1,breakout_24,2319.965,2311.54,3111.54,2311.49,8.425000000000182,11.86943620178016,-100.59347181009116,-1.0059347181009115,stop,115,0.14065281899103443,2024-05-08 05:35:00+00:00,2024-05-08 07:30:00+00:00,2024-04-03 00:00:00+00:00
1715187600000,1715187900000,1715197200000,1,dip_unconfirmed,2317.525,2308.45165776545,3173.2858812204904,2308.4016577654497,9.073342234550182,11.021297049637583,-100.55106485248389,-1.0055106485248388,stop,155,0.0,2024-05-08 17:05:00+00:00,2024-05-08 19:40:00+00:00,2024-04-03 00:00:00+00:00
1715189400000,1715189700000,1715362800000,1,dip_unconfirmed,2315.0449999999996,2306.094396496489,3164.1547468476033,2368.9579999999996,8.950603503510592,11.172430994265152,602.3392721938172,6.023392721938173,timeout,2885,7.053155686679602,2024-05-08 17:35:00+00:00,2024-05-10 17:40:00+00:00,2024-04-03 00:00:00+00:00
1715259600000,1715259900000,1715260500000,1,breakout_24,2327.24,2318.795,3118.795,2318.745,8.444999999999709,11.841326228538005,-100.59206631142906,-1.0059206631142907,stop,10,0.0,2024-05-09 13:05:00+00:00,2024-05-09 13:15:00+00:00,2024-04-03 00:00:00+00:00
1715265000000,1715265300000,1715551500000,1,breakout_24,2335.49,2323.6451802801234,3460.627152267797,2360.91,11.844819719876341,8.442509245809273,214.60858502847233,2.1460858502847233,timeout,4770,3.603685071573683,2024-05-09 14:35:00+00:00,2024-05-12 22:05:00+00:00,2024-04-03 00:00:00+00:00
1715284800000,1715285100000,1715353200000,1,breakout_24,2344.2994999999996,2333.9729733825434,3324.6756351282165,2359.739289926184,10.326526617456238,9.683798212552642,149.5158100893728,1.495158100893728,ladder_lock_1.50R,1135,3.28043506349328,2024-05-09 20:05:00+00:00,2024-05-10 15:00:00+00:00,2024-04-03 00:00:00+00:00
1715286600000,1715286900000,1715346300000,1,breakout_24,2344.842,2334.66297528379,3307.365446904777,2360.060537074315,10.179024716210279,9.82412390066685,149.50879380496264,1.4950879380496263,ladder_lock_1.50R,990,3.274675219809245,2024-05-09 20:35:00+00:00,2024-05-10 13:05:00+00:00,2024-04-03 00:00:00+00:00
1715301000000,1715301300000,1715345700000,1,breakout_24,2348.9534999999996,2340.5415000000003,3140.5415000000003,2361.5214999999985,8.411999999999352,11.887779362815941,149.40561103185703,1.4940561103185703,ladder_lock_1.50R,740,3.473787446505273,2024-05-10 00:35:00+00:00,2024-05-10 12:55:00+00:00,2024-04-03 00:00:00+00:00
1715346000000,1715346300000,1715551500000,1,dip_unconfirmed,2365.2174999999997,2355.1286059927893,3333.2680067138544,2360.91,10.088894007210456,9.91188924460211,-42.695462921122505,-0.42695462921122507,timeout,3420,0.7396251754322084,2024-05-10 13:05:00+00:00,2024-05-12 22:05:00+00:00,2024-04-03 00:00:00+00:00
1715347800000,1715348100000,1715353200000,1,pullback_ema20,2369.237,2358.034348421876,3435.949506234287,2357.984348421876,11.202651578124005,8.926458107049866,-100.44632290535412,-1.0044632290535411,stop,85,0.30729332033516077,2024-05-10 13:35:00+00:00,2024-05-10 15:00:00+00:00,2024-04-03 00:00:00+00:00
1715353200000,1715353500000,1715551500000,1,dip_unconfirmed,2361.2,2348.6151344689724,3565.1016875716864,2360.91,12.58486553102739,7.946052323996211,-2.304355173958612,-0.02304355173958612,timeout,3300,0.750345720954979,2024-05-10 15:05:00+00:00,2024-05-12 22:05:00+00:00,2024-04-03 00:00:00+00:00
1715360400000,1715360700000,1715551500000,1,pullback_ema20,2368.7984999999994,2356.362155731162,3560.296582614922,2360.91,12.436344268837274,8.040948194927175,-63.43101983567954,-0.6343101983567955,timeout,3180,0.1483152894554806,2024-05-10 17:05:00+00:00,2024-05-12 22:05:00+00:00,2024-04-03 00:00:00+00:00
1715367600000,1715367900000,1715551500000,1,dip_unconfirmed,2367.7965,2357.0545085469003,3392.1036538568587,2360.91,10.741991453099672,9.309260804815139,-64.1082245323601,-0.6410822453236009,timeout,3060,0.0,2024-05-10 19:05:00+00:00,2024-05-12 22:05:00+00:00,2024-04-03 00:00:00+00:00
1715553000000,1715553300000,1715578200000,1,dip_unconfirmed,2361.7149999999997,2351.8313717459696,3284.6941971490155,2351.7813717459694,9.8836282540301,10.11774192935924,-100.5058870964698,-1.0050588709646981,stop,415,0.2481882095272256,2024-05-12 22:35:00+00:00,2024-05-13 05:30:00+00:00,2024-04-03 00:00:00+00:00
1715558400000,1715558700000,1715577900000,1,dip_unconfirmed,2360.892,2352.335066955501,3166.4783714053865,2352.285066955501,8.556933044498692,11.686430112280785,-100.58432150561617,-1.0058432150561618,stop,320,0.38284745047835295,2024-05-13 00:05:00+00:00,2024-05-13 05:25:00+00:00,2024-04-03 00:00:00+00:00
1715565600000,1715565900000,1715580900000,1,pullback_ema50,2359.6065000000003,2350.666427395254,3205.6736878698775,2350.6164273952536,8.940072604746547,11.18559148467173,-100.55927957423562,-1.0055927957423563,stop,250,0.0,2024-05-13 02:05:00+00:00,2024-05-13 06:15:00+00:00,2024-04-03 00:00:00+00:00
1715569200000,1715569500000,1715578800000,1,pullback_ema50,2359.4415000000004,2351.05,3151.05,2351.0,8.391500000000178,11.916820592265731,-100.59584102961546,-1.0059584102961545,stop,155,0.0,2024-05-13 03:05:00+00:00,2024-05-13 05:40:00+00:00,2024-04-03 00:00:00+00:00
1715576400000,1715576700000,1715586300000,1,dip_unconfirmed,2354.7799999999997,2346.3900000000003,3146.3900000000003,2346.34,8.389999999999418,11.918951132301185,-100.59594755661723,-1.0059594755661723,stop,160,0.0,2024-05-13 05:05:00+00:00,2024-05-13 07:45:00+00:00,2024-04-03 00:00:00+00:00
1715679000000,1715679300000,1715690100000,1,breakout_24,2347.23,2338.7799999999997,3138.7799999999997,2338.7299999999996,8.450000000000273,11.834319526626837,-100.5917159763335,-1.005917159763335,stop,180,0.09461538461539103,2024-05-14 09:35:00+00:00,2024-05-14 12:35:00+00:00,2024-04-03 00:00:00+00:00
1715695200000,1715695500000,1715781300000,1,breakout_24,2354.3115,2344.4931038170444,3289.182722112601,2354.2614999999996,9.81839618295544,10.184962812317375,-0.5092481406177214,-0.005092481406177214,breakeven,1430,2.4805476929399446,2024-05-14 14:05:00+00:00,2024-05-15 13:55:00+00:00,2024-04-03 00:00:00+00:00
1715702400000,1715702700000,1715875800000,1,dip_unconfirmed,2348.4115,2337.878855219664,3351.6433332532733,2380.6915,10.53264478033634,9.494291517994846,306.4757302008712,3.0647573020087124,timeout,2885,4.620871681808098,2024-05-14 16:05:00+00:00,2024-05-16 16:10:00+00:00,2024-04-03 00:00:00+00:00
1715704200000,1715704500000,1715877600000,1,pullback_ema20,2349.4605,2339.023186989688,3336.8544880209047,2381.29,10.43731301031221,9.581009968868292,304.95875680409165,3.0495875680409164,timeout,2885,4.562572757274778,2024-05-14 16:35:00+00:00,2024-05-16 16:40:00+00:00,2024-04-03 00:00:00+00:00
1715711400000,1715711700000,1715781000000,1,breakout_24,2358.9585,2348.8799933650685,3312.0306568582128,2358.9085,10.078506634931728,9.922104893338437,-0.4961052446687267,-0.004961052446687267,breakeven,1155,1.9554484323791474,2024-05-14 18:35:00+00:00,2024-05-15 13:50:00+00:00,2024-04-03 00:00:00+00:00
1715715000000,1715715300000,1715781300000,1,dip_unconfirmed,2356.582,2347.150762136207,3250.9245485155047,2356.5319999999997,9.43123786379283,10.603062020512372,-0.5301531010275473,-0.005301531010275473,breakeven,1100,2.3416332319200963,2024-05-14 19:35:00+00:00,2024-05-15 13:55:00+00:00,2024-04-03 00:00:00+00:00
1715781600000,1715781900000,1715864700000,1,dip_unconfirmed,2358.6000000000004,2346.31366285081,3536.9473777698176,2376.9795057237857,12.28633714919033,8.139122244955649,149.59304388775072,1.4959304388775072,ladder_lock_1.50R,1380,3.132056326692598,2024-05-15 14:05:00+00:00,2024-05-16 13:05:00+00:00,2024-04-03 00:00:00+00:00
1715783400000,1715783700000,1715956800000,1,pullback_ema50,2367.1310000000003,2353.7034012186095,3655.3632793576926,2407.0550000000003,13.42759878139077,7.44734793078487,297.327918788655,2.9732791878865497,timeout,2885,3.0156545976127127,2024-05-15 14:35:00+00:00,2024-05-17 14:40:00+00:00,2024-04-03 00:00:00+00:00
1715787000000,1715787300000,1715960400000,1,breakout_24,2384.6259999999997,2370.189723499719,3772.217373527806,2408.1915000000004,14.436276500280655,6.926993951525929,163.2380759646885,1.6323807596468851,timeout,2885,2.367577262692085,2024-05-15 15:35:00+00:00,2024-05-17 15:40:00+00:00,2024-04-03 00:00:00+00:00
1715864400000,1715864700000,1716156300000,1,dip_unconfirmed,2379.5970000000007,2370.678186718416,3225.85951487681,2424.7695,8.91881328158479,11.212254012142626,506.485544363504,5.06485544363504,timeout,4860,4.799012901007128,2024-05-16 13:05:00+00:00,2024-05-19 22:05:00+00:00,2024-04-03 00:00:00+00:00
1715878800000,1715879100000,1716156300000,1,pullback_ema50,2382.4534999999996,2372.1861048666437,3358.2256182022647,2424.7695,10.267395133355876,9.739568673570199,412.13958799079904,4.121395879907991,timeout,4620,3.8904707066576316,2024-05-16 17:05:00+00:00,2024-05-19 22:05:00+00:00,2024-04-03 00:00:00+00:00
1715882400000,1715882700000,1716156300000,1,pullback_ema50,2381.974,2372.332649094198,3288.4177396744,2424.7695,9.641350905802028,10.371990499777517,443.8745194332258,4.438745194332259,timeout,4560,4.192825299582524,2024-05-16 18:05:00+00:00,2024-05-19 22:05:00+00:00,2024-04-03 00:00:00+00:00
1715958000000,1715958300000,1716156300000,1,breakout_24,2413.8269999999993,2403.044783116728,3447.416471443918,2424.7695,10.782216883271303,9.274530561071426,101.4865506645293,1.014865506645293,timeout,3300,0.7949663870422808,2024-05-17 15:05:00+00:00,2024-05-19 22:05:00+00:00,2024-04-03 00:00:00+00:00
1715977800000,1715978100000,1716156300000,1,dip_unconfirmed,2416.3550000000005,2405.839212525818,3419.9179599440454,2424.7695,10.515787474182616,9.509511317674564,80.01778298256698,0.8001778298256699,timeout,2970,0.5747073164835969,2024-05-17 20:35:00+00:00,2024-05-19 22:05:00+00:00,2024-04-03 00:00:00+00:00
1715979600000,1716156300000,1716207900000,1,dip_unconfirmed,2418.5570000000002,2404.4725544882594,3478.217105662332,2418.507,14.084445511740796,7.1000310176669705,-0.35500155088464,-0.0035500155088464005,breakeven,860,2.213470169912722,2024-05-19 22:05:00+00:00,2024-05-20 12:25:00+00:00,2024-04-03 00:00:00+00:00
1716166800000,1716167100000,1716206700000,1,breakout_24,2426.0185,2414.931988588795,3472.0831297093036,2425.9685,11.086511411205265,9.01996996989773,-0.45099849849652723,-0.004509984984965272,breakeven,660,2.1389956786615016,2024-05-20 01:05:00+00:00,2024-05-20 12:05:00+00:00,2024-04-03 00:00:00+00:00
1716168600000,1716168900000,1716207300000,1,breakout_24,2433.705,2421.3362394038804,3619.7122990157873,2421.2862394038802,12.3687605961195,8.08488443307516,-100.40424422165522,-1.0040424422165521,stop,640,1.2958048525110966,2024-05-20 01:35:00+00:00,2024-05-20 12:15:00+00:00,2024-04-03 00:00:00+00:00
1716184800000,1716185100000,1716186300000,1,breakout_24,2450.0950000000007,2438.209567778309,3583.752789947398,2438.159567778309,11.885432221691644,8.413661205984067,-100.42068306030073,-1.0042068306030074,stop,20,0.0,2024-05-20 06:05:00+00:00,2024-05-20 06:25:00+00:00,2024-04-03 00:00:00+00:00
1716188400000,1716188700000,1716206700000,1,dip_unconfirmed,2439.2120000000004,2425.9442803802767,3715.3662423525943,2425.8942803802765,13.26771961972372,7.537090236014675,-100.37685451180211,-1.0037685451180212,stop,300,0.5740247923748423,2024-05-20 07:05:00+00:00,2024-05-20 12:05:00+00:00,2024-04-03 00:00:00+00:00
1716190200000,1716190500000,1716206700000,1,dip_unconfirmed,2438.045,2424.6400817816857,3723.1319036131154,2424.5900817816855,13.404918218314378,7.459948533171629,-100.37299742665994,-1.0037299742665993,stop,270,0.6552072796684569,2024-05-20 07:35:00+00:00,2024-05-20 12:05:00+00:00,2024-04-03 00:00:00+00:00
1716249600000,1716249900000,1716258900000,1,dip_unconfirmed,2426.7305,2415.552524607828,3489.1500638250386,2415.502524607828,11.177975392171902,8.946163906393231,-100.44730819532128,-1.0044730819532128,stop,150,0.5398562609313181,2024-05-21 00:05:00+00:00,2024-05-21 02:35:00+00:00,2024-04-03 00:00:00+00:00
1716251400000,1716251700000,1716258900000,1,dip_unconfirmed,2426.39,2415.616522850126,3450.314237837535,2415.5665228501257,10.773477149873997,9.28205430882355,-100.46410271544286,-1.0046410271544286,stop,120,0.5917309621875435,2024-05-21 00:35:00+00:00,2024-05-21 02:35:00+00:00,2024-04-03 00:00:00+00:00
1716253200000,1716253500000,1716257100000,1,pullback_ema50,2429.392,2418.604164075117,3458.5377565634253,2418.5541640751167,10.787835924882984,9.269699752231327,-100.46348498761326,-1.0046348498761326,stop,60,0.3126669726428092,2024-05-21 01:05:00+00:00,2024-05-21 02:05:00+00:00,2024-04-03 00:00:00+00:00
1716255000000,1716255300000,1716256800000,1,pullback_ema20,2431.12,2420.1291880697513,3479.7103810946132,2420.079188069751,10.990811930248583,9.098508884933514,-100.45492544424833,-1.0045492544424832,stop,25,0.0,2024-05-21 01:35:00+00:00,2024-05-21 02:00:00+00:00,2024-04-03 00:00:00+00:00
1716345000000,1716345300000,1716346800000,1,pullback_ema20,2424.822,2416.19,3216.19,2416.14,8.632000000000062,11.584800741427165,-100.57924003707346,-1.0057924003707346,stop,25,0.0,2024-05-22 02:35:00+00:00,2024-05-22 03:00:00+00:00,2024-04-03 00:00:00+00:00
1716546600000,1716546900000,1716560400000,1,breakout_24,2344.312,2335.4165849474243,3184.9080902049914,2335.366584947424,8.895415052575572,11.241746383834679,-100.56208731919378,-1.0056208731919378,stop,225,0.3179165877348418,2024-05-24 10:35:00+00:00,2024-05-24 14:20:00+00:00,2024-04-03 00:00:00+00:00
1716557400000,1716557700000,1716560400000,1,breakout_24,2345.255,2336.098715208878,3201.227194321087,2336.0487152088776,9.156284791122289,10.921460208070151,-100.5460730104055,-1.005460730104055,stop,45,0.20586952492209654,2024-05-24 13:35:00+00:00,2024-05-24 14:20:00+00:00,2024-04-03 00:00:00+00:00
1716780600000,1716780900000,1716793500000,1,breakout_24,2347.857,2339.4584999999997,3139.4584999999997,2339.4084999999995,8.39850000000024,11.906888134785634,-100.59534440674145,-1.0059534440674145,stop,210,0.0,2024-05-27 03:35:00+00:00,2024-05-27 07:05:00+00:00,2024-04-03 00:00:00+00:00
1716813000000,1716813300000,1716879600000,1,breakout_24,2349.5285,2341.0965,3141.0965,2341.0465,8.431999999999789,11.859582542694794,-100.5929791271369,-1.005929791271369,stop,1105,1.0226518026565776,2024-05-27 12:35:00+00:00,2024-05-28 07:00:00+00:00,2024-04-03 00:00:00+00:00
1716816600000,1716816900000,1716877500000,1,breakout_24,2350.9115,2342.4865,3142.4865,2342.4365,8.425000000000182,11.86943620178016,-100.59347181009116,-1.0059347181009115,stop,1010,0.8593471810088577,2024-05-27 13:35:00+00:00,2024-05-28 06:25:00+00:00,2024-04-03 00:00:00+00:00
1716818400000,1716818700000,1716876900000,1,breakout_24,2355.4815,2347.0065,3147.0065,2346.9565,8.474999999999909,11.799410029498652,-100.58997050147708,-1.0058997050147709,stop,970,0.3150442477876226,2024-05-27 14:05:00+00:00,2024-05-28 06:15:00+00:00,2024-04-03 00:00:00+00:00
1716903000000,1716903300000,1716905100000,1,breakout_24,2361.31,2352.3636554536256,3202.4981100910395,2352.3136554536254,8.946344546374348,11.177749692250186,-100.55888748461454,-1.0055888748461455,stop,30,0.1218933603939651,2024-05-28 13:35:00+00:00,2024-05-28 14:05:00+00:00,2024-04-03 00:00:00+00:00
1717066800000,1717067100000,1717071300000,1,breakout_24,2341.167,2331.9611174320034,3208.69937423167,2331.9111174320033,9.205882567996468,10.862619554548978,-100.54313097772942,-1.0054313097772942,stop,70,0.0,2024-05-30 11:05:00+00:00,2024-05-30 12:15:00+00:00,2024-04-03 00:00:00+00:00
1717077600000,1717077900000,1717124700000,1,breakout_24,2349.1549999999993,2338.631969823951,3345.9349874288746,2338.5819698239507,10.52303017604845,9.502966191963486,-100.4751483095999,-1.004751483095999,stop,780,0.22536284324247596,2024-05-30 14:05:00+00:00,2024-05-31 03:05:00+00:00,2024-04-03 00:00:00+00:00
1717160400000,1717160700000,1717163700000,1,breakout_24,2355.157,2346.865,3146.865,2346.8149999999996,8.292000000000371,12.05981669078576,-100.60299083454149,-1.006029908345415,stop,50,0.5110347322720137,2024-05-31 13:05:00+00:00,2024-05-31 13:55:00+00:00,2024-04-03 00:00:00+00:00
1717419600000,1717419900000,1717490100000,1,breakout_24,2334.477,2325.695789356015,3166.2668537544537,2334.4269999999997,8.78121064398465,11.387951394663617,-0.5693975697352522,-0.0056939756973525225,breakeven,1170,2.266316207051988,2024-06-03 13:05:00+00:00,2024-06-04 08:35:00+00:00,2024-04-03 00:00:00+00:00
1717425000000,1717425300000,1717492500000,1,breakout_24,2339.9765,2329.9046216163138,3295.092459984892,2329.8546216163136,10.071878383686453,9.928634579421773,-100.4964317289729,-1.004964317289729,stop,1120,1.4298723089553758,2024-06-03 14:35:00+00:00,2024-06-04 09:15:00+00:00,2024-04-03 00:00:00+00:00
1717434000000,1717434300000,1717488000000,1,breakout_24,2349.6645,2339.1130585773153,3352.657200845761,2339.063058577315,10.551441422684547,9.477378113004539,-100.47386890565195,-1.0047386890565195,stop,895,0.4467162173564538,2024-06-03 17:05:00+00:00,2024-06-04 08:00:00+00:00,2024-04-03 00:00:00+00:00
1717480800000,1717481100000,1717488000000,1,dip_unconfirmed,2348.22,2339.81,3139.81,2339.7599999999998,8.409999999999854,11.890606420927673,-100.59453032104855,-1.0059453032104855,stop,115,0.38347205707496074,2024-06-04 06:05:00+00:00,2024-06-04 08:00:00+00:00,2024-04-03 00:00:00+00:00
1717482600000,1717482900000,1717487100000,1,pullback_ema20,2349.557,2341.05,3141.05,2341.0,8.506999999999607,11.75502527330488,-100.58775126366739,-1.005877512636674,stop,70,0.0,2024-06-04 06:35:00+00:00,2024-06-04 07:45:00+00:00,2024-04-03 00:00:00+00:00
1717488000000,1717488300000,1717491900000,1,dip_unconfirmed,2340.195,2331.7799999999997,3131.7799999999997,2331.7299999999996,8.415000000000418,11.88354129530541,-100.59417706476742,-1.0059417706476743,stop,60,0.0,2024-06-04 08:05:00+00:00,2024-06-04 09:05:00+00:00,2024-04-03 00:00:00+00:00
1717489800000,1717490100000,1717492500000,1,dip_unconfirmed,2335.655,2327.25,3127.25,2327.2,8.4050000000002,11.897679952408996,-100.5948839976226,-1.005948839976226,stop,40,0.0,2024-06-04 08:35:00+00:00,2024-06-04 09:15:00+00:00,2024-04-03 00:00:00+00:00
1717558200000,1717558500000,1717731600000,1,breakout_24,2335.4115,2326.9615000000003,3126.9615000000003,2379.128,8.449999999999818,11.834319526627473,517.3550295858099,5.1735502958580994,timeout,2885,5.23905325443798,2024-06-05 03:35:00+00:00,2024-06-07 03:40:00+00:00,2024-04-03 00:00:00+00:00
1717560000000,1717560300000,1717568400000,1,breakout_24,2337.6834999999996,2329.2565,3129.2565,2329.2065,8.42699999999968,11.866619200190316,-100.59333096001167,-1.0059333096001166,stop,135,0.4333096000949425,2024-06-05 04:05:00+00:00,2024-06-05 06:20:00+00:00,2024-04-03 00:00:00+00:00
1717563600000,1717563900000,1717568400000,1,breakout_24,2338.5225,2330.0834999999997,3130.0834999999997,2330.0334999999995,8.439000000000306,11.849745230477115,-100.592487261526,-1.00592487261526,stop,75,0.333274084607115,2024-06-05 05:05:00+00:00,2024-06-05 06:20:00+00:00,2024-04-03 00:00:00+00:00
1717565400000,1717565700000,1717568400000,1,breakout_24,2340.797,2332.395,3132.395,2332.345,8.402000000000044,11.90192811235414,-100.59509640561987,-1.0059509640561988,stop,45,0.0,2024-06-05 05:35:00+00:00,2024-06-05 06:20:00+00:00,2024-04-03 00:00:00+00:00
1717592400000,1717592700000,1717597200000,1,breakout_24,2342.5615000000003,2334.0220434892058,3153.167694568635,2333.9720434892056,8.53945651079448,11.710347124971348,-100.58551735625069,-1.005855173562507,stop,75,0.3551748283003695,2024-06-05 13:05:00+00:00,2024-06-05 14:20:00+00:00,2024-04-03 00:00:00+00:00
1717596000000,1717596300000,1717596600000,1,breakout_24,2345.5485000000003,2336.481402294264,3227.5411728678487,2336.431402294264,9.06709770573616,11.028887439553733,-100.5514443719797,-1.005514443719797,stop,5,0.0,2024-06-05 14:05:00+00:00,2024-06-05 14:10:00+00:00,2024-04-03 00:00:00+00:00
1717599600000,1717599900000,1717747500000,1,breakout_24,2349.4815000000003,2338.950127488422,3349.587378646256,2365.2285587673678,10.531372511578411,9.495438499593279,149.52522807501862,1.4952522807501862,ladder_lock_1.50R,2460,3.6031865702481216,2024-06-05 15:05:00+00:00,2024-06-07 08:05:00+00:00,2024-04-03 00:00:00+00:00
1717601400000,1717601700000,1717747500000,1,breakout_24,2352.1000000000004,2341.630511239249,3353.5793873143807,2367.7542331411278,10.469488760751574,9.551564769321296,149.52242176153436,1.4952242176153436,ladder_lock_1.50R,2430,3.374376801705781,2024-06-05 15:35:00+00:00,2024-06-07 08:05:00+00:00,2024-04-03 00:00:00+00:00
1717617600000,1717617900000,1717679100000,1,dip_unconfirmed,2354.452,2345.921072668861,3162.8138057827723,2354.402,8.530927331139083,11.72205507307347,-0.5861027536558058,-0.005861027536558058,breakeven,1020,2.3611735533691394,2024-06-05 20:05:00+00:00,2024-06-06 13:05:00+00:00,2024-04-03 00:00:00+00:00
1717619400000,1717619700000,1717679400000,1,dip_unconfirmed,2353.6420000000003,2345.3415,3145.3415,2353.592,8.300500000000284,12.04746702005862,-0.6023733510051225,-0.006023733510051224,breakeven,995,2.524305764712825,2024-06-05 20:35:00+00:00,2024-06-06 13:10:00+00:00,2024-04-03 00:00:00+00:00
1717680600000,1717680900000,1717747500000,1,pullback_ema50,2361.4500000000003,2352.596425742435,3197.453851498955,2361.4,8.85357425756547,11.294873357452103,-0.5647436678746597,-0.005647436678746597,breakeven,1110,2.934182200798863,2024-06-06 13:35:00+00:00,2024-06-07 08:05:00+00:00,2024-04-03 00:00:00+00:00
1717684200000,1717684500000,1717747500000,1,pullback_ema20,2363.7914999999994,2354.08072933914,3285.657795425119,2363.741499999999,9.710770660859453,10.297843857343192,-0.5148921928690328,-0.005148921928690328,breakeven,1050,2.4340498633409773,2024-06-06 14:35:00+00:00,2024-06-07 08:05:00+00:00,2024-04-03 00:00:00+00:00
1717732800000,1717733100000,1717747500000,1,breakout_24,2380.6355,2372.2785000000003,3172.2785000000003,2372.2285,8.356999999999516,11.966016513103481,-100.59830082565735,-1.0059830082565735,stop,240,0.8127916716525562,2024-06-07 04:05:00+00:00,2024-06-07 08:05:00+00:00,2024-04-03 00:00:00+00:00
1717747200000,1717747500000,1717747500000,1,dip_unconfirmed,2374.042,2364.8952077003996,3241.8744376604136,2364.8452077003994,9.146792299600293,10.932794440338382,-100.54663972201891,-1.0054663972201892,stop,0,0.0,2024-06-07 08:05:00+00:00,2024-06-07 08:05:00+00:00,2024-04-03 00:00:00+00:00
1717749000000,1717749300000,1717751700000,1,dip_unconfirmed,2353.0595,2341.1644785789426,3484.2166206846728,2341.1144785789425,11.895021421057208,8.406878513305962,-100.42034392566683,-1.0042034392566683,stop,40,0.0,2024-06-07 08:35:00+00:00,2024-06-07 09:15:00+00:00,2024-04-03 00:00:00+00:00
1717750800000,1717751100000,1717754700000,1,dip_unconfirmed,2347.7799999999997,2335.3573015375896,3539.127147778622,2335.3073015375894,12.422698462410153,8.0497808348637,-100.40248904174466,-1.0040248904174467,stop,60,0.0,2024-06-07 09:05:00+00:00,2024-06-07 10:05:00+00:00,2024-04-03 00:00:00+00:00
1718020800000,1718021100000,1718194200000,1,breakout_24,2305.5335,2296.456319467723,3165.174372695454,2312.1279999999997,9.077180532276998,11.016636679684407,72.64921058417549,0.7264921058417549,timeout,2885,1.5542271027698953,2024-06-10 12:05:00+00:00,2024-06-12 12:10:00+00:00,2024-04-03 00:00:00+00:00
1718022600000,1718022900000,1718084400000,1,breakout_24,2307.6455,2298.3461895057426,3184.727238931492,2298.2961895057424,9.299310494257497,10.75348543978093,-100.537674271991,-1.0053767427199098,stop,1025,0.6236483880801036,2024-06-10 12:35:00+00:00,2024-06-11 05:40:00+00:00,2024-04-03 00:00:00+00:00
1718037000000,1718037300000,1718067900000,1,breakout_24,2313.1185,2303.446398996138,3228.456499382324,2303.396398996138,9.672101003861826,10.339015272904255,-100.51695076364709,-1.0051695076364708,stop,510,0.03375688486604518,2024-06-10 16:35:00+00:00,2024-06-11 01:05:00+00:00,2024-04-03 00:00:00+00:00
1718109000000,1718109300000,1718123100000,1,breakout_24,2314.9615,2306.565,3106.565,2306.515,8.396499999999833,11.909724289882927,-100.59548621449632,-1.0059548621449632,stop,230,0.5573750967665556,2024-06-11 12:35:00+00:00,2024-06-11 16:25:00+00:00,2024-04-03 00:00:00+00:00
1718110800000,1718111100000,1718113200000,1,breakout_24,2318.422,2310.0,3110.0,2309.95,8.422000000000025,11.873664212776026,-100.59368321064095,-1.0059368321064095,stop,35,0.09653289004988119,2024-06-11 13:05:00+00:00,2024-06-11 13:40:00+00:00,2024-04-03 00:00:00+00:00
1718197200000,1718197500000,1718199600000,1,breakout_24,2336.4415,2327.3432765709154,3194.665619479355,2327.293276570915,9.098223429084555,10.991156765872235,-100.54955783829561,-1.0054955783829562,stop,35,0.5293890656282259,2024-06-12 13:05:00+00:00,2024-06-12 13:40:00+00:00,2024-04-03 00:00:00+00:00
1718199000000,1718199300000,1718199600000,1,breakout_24,2340.987,2331.624935387279,3219.2813966593985,2331.574935387279,9.362064612721042,10.681404597883398,-100.53407022989612,-1.005340702298961,stop,5,0.0,2024-06-12 13:35:00+00:00,2024-06-12 13:40:00+00:00,2024-04-03 00:00:00+00:00
1718283600000,1718283900000,1718286900000,1,breakout_24,2323.8585000000003,2312.3940769565725,3415.136381299348,2312.3440769565723,11.464423043427814,8.722636945722863,-100.43613184728773,-1.0043613184728772,stop,50,0.04880315371126611,2024-06-13 13:05:00+00:00,2024-06-13 13:55:00+00:00,2024-04-03 00:00:00+00:00
1718344800000,1718345100000,1718575500000,1,breakout_24,2310.3399999999997,2301.9735,3101.9735,2330.831,8.366499999999633,11.952429331262104,244.91722942689705,2.4491722942689704,timeout,3840,3.104643518795375,2024-06-14 06:05:00+00:00,2024-06-16 22:05:00+00:00,2024-04-03 00:00:00+00:00
1718348400000,1718348700000,1718575500000,1,breakout_24,2313.1249999999995,2304.7435,3104.7435,2330.831,8.381499999999505,11.931038596910565,211.25096939690545,2.1125096939690544,timeout,3780,2.766807850623621,2024-06-14 07:05:00+00:00,2024-06-16 22:05:00+00:00,2024-04-03 00:00:00+00:00
1718352000000,1718352300000,1718575500000,1,breakout_24,2315.79,2307.38,3107.38,2330.831,8.409999999999854,11.890606420927673,178.84661117717513,1.7884661117717513,timeout,3720,2.4405469678954157,2024-06-14 08:05:00+00:00,2024-06-16 22:05:00+00:00,2024-04-03 00:00:00+00:00
1718353800000,1718354100000,1718575500000,1,breakout_24,2319.1585,2310.8035,3110.8035,2330.831,8.355000000000018,11.968880909634922,139.70676241771517,1.3970676241771516,timeout,3690,2.0534410532615217,2024-06-14 08:35:00+00:00,2024-06-16 22:05:00+00:00,2024-04-03 00:00:00+00:00
1718359200000,1718359500000,1718575500000,1,breakout_24,2323.0735,2314.665,3114.665,2330.831,8.408500000000004,11.892727597074384,92.25783433430648,0.9225783433430648,timeout,3600,1.5747755247666149,2024-06-14 10:05:00+00:00,2024-06-16 22:05:00+00:00,2024-04-03 00:00:00+00:00
1718578800000,1718579100000,1718601300000,1,dip_unconfirmed,2329.449,2320.8644999999997,3120.8644999999997,2320.8144999999995,8.58450000000039,11.648902090977398,-100.582445104551,-1.0058244510455099,stop,370,0.0,2024-06-16 23:05:00+00:00,2024-06-17 05:15:00+00:00,2024-04-03 00:00:00+00:00
1718580600000,1718580900000,1718602500000,1,dip_unconfirmed,2328.567,2320.0665,3120.0665,2320.0164999999997,8.500500000000102,11.76401388153624,-100.58820069407896,-1.0058820069407897,stop,360,0.07887771307572103,2024-06-16 23:35:00+00:00,2024-06-17 05:35:00+00:00,2024-04-03 00:00:00+00:00
1718587800000,1718588100000,1718602800000,1,pullback_ema50,2326.9755000000005,2318.5150000000003,3118.5150000000003,2318.465,8.460500000000138,11.819632409431874,-100.59098162047374,-1.0059098162047375,stop,245,0.1447313988534705,2024-06-17 01:35:00+00:00,2024-06-17 05:40:00+00:00,2024-04-03 00:00:00+00:00
1718591400000,1718591700000,1718604000000,1,dip_unconfirmed,2326.0335,2317.6,3117.6,2317.5499999999997,8.433500000000095,11.857473172466815,-100.5928736586255,-1.005928736586255,stop,205,0.0,2024-06-17 02:35:00+00:00,2024-06-17 06:00:00+00:00,2024-04-03 00:00:00+00:00
1718593200000,1718593500000,1718638500000,1,dip_unconfirmed,2323.0099999999998,2314.6665,3114.6665,2314.6164999999996,8.343499999999949,11.985377839036449,-100.599268891954,-1.00599268891954,stop,750,0.5157308084137789,2024-06-17 03:05:00+00:00,2024-06-17 15:35:00+00:00,2024-04-03 00:00:00+00:00
1718602200000,1718602500000,1718638500000,1,dip_unconfirmed,2322.207,2313.7685,3113.7685,2313.7185,8.438499999999749,11.850447354387981,-100.59252236772156,-1.0059252236772156,stop,600,0.6050838419150766,2024-06-17 05:35:00+00:00,2024-06-17 15:35:00+00:00,2024-04-03 00:00:00+00:00
1718688600000,1718688900000,1718698800000,1,dip_unconfirmed,2321.1315000000004,2312.7805,3112.7805,2312.7304999999997,8.351000000000568,11.974613818703533,-100.59873069093736,-1.0059873069093737,stop,165,0.2847563166087343,2024-06-18 05:35:00+00:00,2024-06-18 08:20:00+00:00,2024-04-03 00:00:00+00:00
1718690400000,1718690700000,1718697900000,1,pullback_ema50,2322.6705,2314.2535,3114.2535,2314.2034999999996,8.417000000000371,11.880717595342235,-100.59403587976927,-1.0059403587976927,stop,120,0.0,2024-06-18 06:05:00+00:00,2024-06-18 08:05:00+00:00,2024-04-03 00:00:00+00:00
1718694000000,1718694300000,1718699400000,1,dip_unconfirmed,2320.54,2312.1800000000003,3112.1800000000003,2312.13,8.359999999999673,11.961722488038745,-100.5980861244041,-1.005980861244041,stop,85,0.0,2024-06-18 07:05:00+00:00,2024-06-18 08:30:00+00:00,2024-04-03 00:00:00+00:00
1718695800000,1718696100000,1718706300000,1,dip_unconfirmed,2318.6605000000004,2310.2884999999997,3110.2884999999997,2310.2384999999995,8.372000000000753,11.944577161967391,-100.59722885810054,-1.0059722885810054,stop,170,0.0,2024-06-18 07:35:00+00:00,2024-06-18 10:25:00+00:00,2024-04-03 00:00:00+00:00
1718757000000,1718757300000,1718930400000,1,dip_unconfirmed,2328.6035,2320.2214999999997,3120.2214999999997,2362.648,8.382000000000517,11.930326890956078,406.1620138391538,4.061620138391538,timeout,2885,4.364650441421818,2024-06-19 00:35:00+00:00,2024-06-21 00:40:00+00:00,2024-04-03 00:00:00+00:00
1718767800000,1718768100000,1718941200000,1,dip_unconfirmed,2330.0570000000002,2321.62,3121.62,2360.701,8.437000000000353,11.852554225435085,363.2096716842301,3.632096716842301,timeout,2885,4.163920824937583,2024-06-19 03:35:00+00:00,2024-06-21 03:40:00+00:00,2024-04-03 00:00:00+00:00
1718769600000,1718769900000,1718943000000,1,dip_unconfirmed,2328.7355000000002,2320.3435,3120.3435,2361.6294999999996,8.39200000000028,11.916110581505798,391.96854146804367,3.9196854146804365,timeout,2885,4.3437202097233865,2024-06-19 04:05:00+00:00,2024-06-21 04:10:00+00:00,2024-04-03 00:00:00+00:00
1718771400000,1718771700000,1718944800000,1,dip_unconfirmed,2328.2870000000003,2319.855,3119.855,2361.5595,8.432000000000244,11.859582542694154,394.59796015178625,3.9459796015178625,timeout,2885,4.376304554079551,2024-06-19 04:35:00+00:00,2024-06-21 04:40:00+00:00,2024-04-03 00:00:00+00:00
1718776800000,1718777100000,1718950200000,1,pullback_ema20,2329.79,2321.385,3121.385,2361.9994999999994,8.404999999999745,11.897679952409641,383.21832242713214,3.832183224271321,timeout,2885,4.224033313503959,2024-06-19 06:05:00+00:00,2024-06-21 06:10:00+00:00,2024-04-03 00:00:00+00:00
1718935200000,1718935500000,1718976900000,1,dip_unconfirmed,2360.1385,2351.7065000000002,3151.7065000000002,2351.6565,8.431999999999789,11.859582542694794,-100.5929791271369,-1.005929791271369,stop,690,0.9773481973434762,2024-06-21 02:05:00+00:00,2024-06-21 13:35:00+00:00,2024-04-03 00:00:00+00:00
1718953200000,1718953500000,1718976900000,1,dip_unconfirmed,2358.8885,2350.5115,3150.5115,2350.4615,8.376999999999953,11.937447773666058,-100.59687238868548,-1.0059687238868549,stop,390,1.1329831681986438,2024-06-21 07:05:00+00:00,2024-06-21 13:35:00+00:00,2024-04-03 00:00:00+00:00
1718955000000,1718955300000,1718977500000,1,dip_unconfirmed,2357.375,2348.8999999999996,3148.8999999999996,2348.8499999999995,8.475000000000364,11.799410029498018,-100.58997050147704,-1.0058997050147704,stop,370,1.2984660766961102,2024-06-21 07:35:00+00:00,2024-06-21 13:45:00+00:00,2024-04-03 00:00:00+00:00
1718958600000,1718958900000,1718975100000,1,breakout_24,2368.1549999999997,2359.715,3159.715,2359.665,8.4399999999996,11.84834123222805,-100.59241706161356,-1.0059241706161357,stop,270,0.02659952606638301,2024-06-21 08:35:00+00:00,2024-06-21 13:05:00+00:00,2024-04-03 00:00:00+00:00
1719214200000,1719214500000,1719324900000,1,breakout_24,2327.9719999999998,2319.5834999999997,3119.5834999999997,2319.5334999999995,8.388500000000022,11.921082434285003,-100.59605412171642,-1.0059605412171642,stop,1840,1.050545389521366,2024-06-24 07:35:00+00:00,2024-06-25 14:15:00+00:00,2024-04-03 00:00:00+00:00
1719216000000,1719216300000,1719221700000,1,breakout_24,2331.2670000000003,2322.8715,3122.8715,2322.8215,8.395500000000084,11.911142874158656,-100.5955571437101,-1.005955571437101,stop,90,0.14287415877549928,2024-06-24 08:05:00+00:00,2024-06-24 09:35:00+00:00,2024-04-03 00:00:00+00:00
1719311400000,1719311700000,1719315900000,1,breakout_24,2336.2135000000003,2327.7915000000003,3127.7915000000003,2327.7415,8.422000000000025,11.873664212776026,-100.59368321064095,-1.0059368321064095,stop,70,0.0,2024-06-25 10:35:00+00:00,2024-06-25 11:45:00+00:00,2024-04-03 00:00:00+00:00
1719477000000,1719477300000,1719785100000,1,breakout_24,2304.025,2295.6549999999997,3095.6549999999997,2322.52,8.370000000000346,11.947431302269518,220.96774193547344,2.2096774193547346,timeout,5130,4.234946236558967,2024-06-27 08:35:00+00:00,2024-06-30 22:05:00+00:00,2024-04-03 00:00:00+00:00
1719478800000,1719479100000,1719785100000,1,breakout_24,2308.04,2299.66,3099.66,2322.52,8.38000000000011,11.93317422434352,172.7923627684944,1.727923627684944,timeout,5100,3.7507756563245502,2024-06-27 09:05:00+00:00,2024-06-30 22:05:00+00:00,2024-04-03 00:00:00+00:00
1719480600000,1719480900000,1719585600000,1,breakout_24,2312.42,2304.0384999999997,3104.0384999999997,2324.9422500000005,8.381500000000415,11.931038596909271,149.40344807015236,1.4940344807015236,ladder_lock_1.50R,1745,3.227524906042915,2024-06-27 09:35:00+00:00,2024-06-28 14:40:00+00:00,2024-04-03 00:00:00+00:00
1719486000000,1719486300000,1719785100000,1,breakout_24,2315.6684999999998,2307.2515000000003,3107.2515000000003,2322.52,8.416999999999462,11.88071759534352,81.40073660449868,0.8140073660449868,timeout,4980,2.827967209219658,2024-06-27 11:05:00+00:00,2024-06-30 22:05:00+00:00,2024-04-03 00:00:00+00:00
1719489600000,1719489900000,1719785100000,1,breakout_24,2317.5564999999992,2309.115,3109.115,2322.52,8.44149999999945,11.846235858556716,58.79879168395514,0.5879879168395514,timeout,4920,2.5961025884028075,2024-06-27 12:05:00+00:00,2024-06-30 22:05:00+00:00,2024-04-03 00:00:00+00:00
1719586800000,1719587100000,1719785100000,1,dip_unconfirmed,2326.9455000000003,2318.037878045261,3169.1000735191537,2322.52,8.90762195473917,11.226340824533585,-49.682171318976565,-0.49682171318976565,timeout,3300,0.6156525308174132,2024-06-28 15:05:00+00:00,2024-06-30 22:05:00+00:00,2024-04-03 00:00:00+00:00
1719608400000,1719785100000,1719812100000,1,pullback_ema50,2327.65,2318.65,3118.65,2318.6,9.0,11.11111111111111,-100.55555555555758,-1.0055555555555757,stop,450,0.057611111111125664,2024-06-30 22:05:00+00:00,2024-07-01 05:35:00+00:00,2024-04-03 00:00:00+00:00
1719788400000,1719788700000,1719842400000,1,dip_unconfirmed,2325.137,2316.6085000000003,3116.6085000000003,2325.087,8.528499999999894,11.72539133493595,-0.5862695667489303,-0.005862695667489303,breakeven,895,1.5286978952922103,2024-06-30 23:05:00+00:00,2024-07-01 14:00:00+00:00,2024-04-03 00:00:00+00:00
1719793800000,1719794100000,1719843900000,1,dip_unconfirmed,2323.31,2314.8835,3114.8835,2323.2599999999998,8.426500000000033,11.86732332522395,-0.5933661662633561,-0.0059336616626335615,breakeven,830,1.764018275677876,2024-07-01 00:35:00+00:00,2024-07-01 14:25:00+00:00,2024-04-03 00:00:00+00:00
1719797400000,1719797700000,1719812100000,1,pullback_ema50,2328.22,2319.7785,3119.7785,2319.7284999999997,8.441499999999905,11.846235858556076,-100.59231179292995,-1.0059231179292996,stop,240,0.0,2024-07-01 01:35:00+00:00,2024-07-01 05:35:00+00:00,2024-04-03 00:00:00+00:00
1719799200000,1719799500000,1719812100000,1,pullback_ema20,2328.3165,2319.9435000000003,3119.9435000000003,2319.8935,8.372999999999593,11.943150603129686,-100.59715753015865,-1.0059715753015865,stop,210,0.0,2024-07-01 02:05:00+00:00,2024-07-01 05:35:00+00:00,2024-04-03 00:00:00+00:00
1719831600000,1719831900000,1719842400000,1,breakout_24,2333.1785,2324.7535,3124.7535,2324.7034999999996,8.425000000000182,11.86943620178016,-100.59347181009116,-1.0059347181009115,stop,175,0.592997032640894,2024-07-01 11:05:00+00:00,2024-07-01 14:00:00+00:00,2024-04-03 00:00:00+00:00
1719833400000,1719833700000,1719838200000,1,breakout_24,2336.229,2327.8265,3127.8265,2327.7765,8.40249999999969,11.90121987503763,-100.59506099375405,-1.0059506099375404,stop,75,0.23153823266883455,2024-07-01 11:35:00+00:00,2024-07-01 12:50:00+00:00,2024-04-03 00:00:00+00:00
1719889200000,1719889500000,1719905100000,1,dip_unconfirmed,2332.8685,2324.4235,3124.4235,2324.3734999999997,8.445000000000164,11.841326228537367,-100.59206631142902,-1.0059206631142903,stop,260,0.0,2024-07-02 03:05:00+00:00,2024-07-02 07:25:00+00:00,2024-04-03 00:00:00+00:00
1719891000000,1719891300000,1719920700000,1,dip_unconfirmed,2330.2500000000005,2321.81,3121.81,2321.7599999999998,8.44000000000051,11.848341232226772,-100.59241706161349,-1.0059241706161348,stop,490,0.2227488151658224,2024-07-02 03:35:00+00:00,2024-07-02 11:45:00+00:00,2024-04-03 00:00:00+00:00
1719892800000,1719893100000,1720066200000,1,dip_unconfirmed,2326.5085,2318.0865,3118.0865,2357.9795,8.422000000000025,11.873664212776026,373.67608644027433,3.7367608644027435,timeout,2885,4.525765851341709,2024-07-02 04:05:00+00:00,2024-07-04 04:10:00+00:00,2024-04-03 00:00:00+00:00
1719900000000,1719900300000,1719920700000,1,pullback_ema50,2330.3685,2321.975,3121.975,2321.9249999999997,8.393500000000131,11.913981056769934,-100.59569905284067,-1.0059569905284067,stop,340,0.20986477631501063,2024-07-02 06:05:00+00:00,2024-07-02 11:45:00+00:00,2024-04-03 00:00:00+00:00
1719903600000,1719903900000,1719919500000,1,pullback_ema20,2330.8785,2322.4965,3122.4965,2322.4465,8.381999999999607,11.930326890957371,-100.59651634455004,-1.0059651634455005,stop,260,0.14930804104036796,2024-07-02 07:05:00+00:00,2024-07-02 11:25:00+00:00,2024-04-03 00:00:00+00:00
1719907200000,1719907500000,1719915000000,1,pullback_ema50,2331.2749999999996,2322.8615,3122.8615,2322.8115,8.413499999999658,11.885659951269277,-100.59428299756563,-1.0059428299756563,stop,125,0.10162239258340854,2024-07-02 08:05:00+00:00,2024-07-02 10:10:00+00:00,2024-04-03 00:00:00+00:00
1719928800000,1719929100000,1719929400000,1,breakout_24,2335.0,2325.959279907701,3184.0312891376275,2325.9092799077007,9.040720092299125,11.061065819876436,-100.55305329099582,-1.0055305329099582,stop,5,0.043138156697554324,2024-07-02 14:05:00+00:00,2024-07-02 14:10:00+00:00,2024-04-03 00:00:00+00:00
1719963000000,1719963300000,1720136400000,1,dip_unconfirmed,2330.4785,2322.0665,3122.0665,2356.4150000000004,8.412000000000262,11.887779362814657,308.3273894436453,3.083273894436453,timeout,2885,4.05920114122666,2024-07-02 23:35:00+00:00,2024-07-04 23:40:00+00:00,2024-04-03 00:00:00+00:00
1719970200000,1719970500000,1720010400000,1,dip_unconfirmed,2330.3705,2321.95,3121.95,2355.6320000000005,8.420500000000175,11.875779348019467,300.0,3.0,target,665,2.705718187755962,2024-07-03 01:35:00+00:00,2024-07-03 12:40:00+00:00,2024-07-03 00:00:00+00:00
1719972000000,1719972300000,1720010400000,1,dip_unconfirmed,2329.6065000000003,2321.1515,3121.1515,2354.9715000000015,8.455000000000382,11.82732111176765,300.0,3.0,target,635,2.785038438793395,2024-07-03 02:05:00+00:00,2024-07-03 12:40:00+00:00,2024-07-03 00:00:00+00:00
1719973800000,1719974100000,1720010400000,1,dip_unconfirmed,2328.952,2320.5200000000004,3120.5200000000004,2354.2479999999996,8.431999999999789,11.859582542694794,300.0,3.0,target,605,2.8702561669829127,2024-07-03 02:35:00+00:00,2024-07-03 12:40:00+00:00,2024-07-03 00:00:00+00:00
1719975600000,1719975900000,1720010400000,1,pullback_ema50,2329.4055000000003,2320.9885,3120.9885,2354.6565000000014,8.417000000000371,11.880717595342235,300.0,3.0,target,575,2.82149221812976,2024-07-03 03:05:00+00:00,2024-07-03 12:40:00+00:00,2024-07-03 00:00:00+00:00
1719977400000,1719977700000,1720010400000,1,pullback_ema50,2329.7290000000003,2321.285,3121.285,2355.0610000000015,8.444000000000415,11.842728564660716,300.0,3.0,target,545,2.7741591662716867,2024-07-03 03:35:00+00:00,2024-07-03 12:40:00+00:00,2024-07-03 00:00:00+00:00
1720011600000,1720011900000,1720185000000,1,breakout_24,2350.9184999999998,2342.5635,3142.5635,2375.795,8.354999999999563,11.968880909635574,297.74386594855304,2.9774386594855304,timeout,2885,2.9764213046082215,2024-07-03 13:05:00+00:00,2024-07-05 13:10:00+00:00,2024-07-03 00:00:00+00:00
1720026000000,1720026300000,1720193700000,1,dip_unconfirmed,2357.0170000000003,2347.1962821211414,3294.9180700069724,2386.479153636577,9.820717878858886,10.182555006011379,300.0,3.0,target,2790,2.9526863878680976,2024-07-03 17:05:00+00:00,2024-07-05 15:35:00+00:00,2024-07-03 00:00:00+00:00
1720031400000,1720031700000,1720193700000,1,dip_unconfirmed,2357.089,2347.35240645778,3282.111760679776,2386.2987806266597,9.736593542219907,10.270532457412243,300.0,3.0,target,2700,2.9708028659687606,2024-07-03 18:35:00+00:00,2024-07-05 15:35:00+00:00,2024-07-03 00:00:00+00:00
1720033200000,1720033500000,1720187400000,1,dip_unconfirmed,2356.774,2347.415948853653,3239.671063488363,2384.8481534390407,9.358051146346952,10.68598562202093,300.0,3.0,target,2565,2.9870001309953866,2024-07-03 19:05:00+00:00,2024-07-05 13:50:00+00:00,2024-07-03 00:00:00+00:00
1720035000000,1720035300000,1720187100000,1,dip_unconfirmed,2355.3135,2346.4040596498203,3201.4980946677742,2382.04182105054,8.90944035017992,11.224049555254114,300.0,3.0,target,2530,2.7964719466915584,2024-07-03 19:35:00+00:00,2024-07-05 13:45:00+00:00,2024-07-03 00:00:00+00:00
1720188000000,1720188300000,1720389900000,1,breakout_24,2383.606,2372.8885728014,3409.0312926614015,2389.015,10.717427198600035,9.330597553586603,50.46920216734668,0.5046920216734668,timeout,3360,0.8427862240276912,2024-07-05 14:05:00+00:00,2024-07-07 22:05:00+00:00,2024-07-03 00:00:00+00:00
1720200600000,1720200900000,1720389900000,1,breakout_24,2390.1135000000004,2379.35199186616,3415.3028052501877,2389.015,10.76150813384038,9.29237786714507,-10.207677087063626,-0.10207677087063625,timeout,3150,0.23463254114537924,2024-07-05 17:35:00+00:00,2024-07-07 22:05:00+00:00,2024-07-03 00:00:00+00:00
1720204200000,1720204500000,1720389900000,1,breakout_24,2390.5285000000003,2379.6577047213314,3429.037232588177,2389.015,10.870795278668993,9.198958993940678,-13.922624437333601,-0.139226244373336,timeout,3090,0.1940980347721182,2024-07-05 18:35:00+00:00,2024-07-07 22:05:00+00:00,2024-07-03 00:00:00+00:00
1720209600000,1720209900000,1720389900000,1,dip_unconfirmed,2389.1785,2379.271444523603,3337.1269921633457,2389.015,9.90705547639709,10.093816496560803,-1.6503389971888298,-0.0165033899718883,timeout,3000,0.21676470926364694,2024-07-05 20:05:00+00:00,2024-07-07 22:05:00+00:00,2024-07-03 00:00:00+00:00
1720402200000,1720402500000,1720410600000,1,pullback_ema20,2389.2799999999997,2380.87,3180.87,2380.8199999999997,8.409999999999854,11.890606420927673,-100.59453032104855,-1.0059453032104855,stop,135,0.0,2024-07-08 01:35:00+00:00,2024-07-08 03:50:00+00:00,2024-07-03 00:00:00+00:00
1720418400000,1720418700000,1720427700000,1,dip_unconfirmed,2383.285,2374.8565,3174.8565,2374.8064999999997,8.428499999999985,11.864507326333294,-100.59322536631882,-1.0059322536631883,stop,150,0.06994127068879391,2024-07-08 06:05:00+00:00,2024-07-08 08:35:00+00:00,2024-07-03 00:00:00+00:00
1720420200000,1720420500000,1720428000000,1,dip_unconfirmed,2382.1519999999996,2373.7865,3173.7865,2373.7365,8.365499999999429,11.953858107705077,-100.59769290538742,-1.0059769290538743,stop,125,0.0,2024-07-08 06:35:00+00:00,2024-07-08 08:40:00+00:00,2024-07-03 00:00:00+00:00
1720422000000,1720422300000,1720432200000,1,dip_unconfirmed,2377.4049999999997,2369.0215,3169.0215,2368.9714999999997,8.383499999999913,11.928192282459717,-100.59640961412515,-1.0059640961412515,stop,165,0.4047235641439159,2024-07-08 07:05:00+00:00,2024-07-08 09:50:00+00:00,2024-07-03 00:00:00+00:00
1720575000000,1720575300000,1720701300000,1,pullback_ema20,2367.7019999999998,2359.24,3159.24,2393.0879999999997,8.461999999999989,11.817537225242274,300.0,3.0,target,2100,2.2039116048215566,2024-07-10 01:35:00+00:00,2024-07-11 12:35:00+00:00,2024-07-03 00:00:00+00:00
1720594800000,1720595100000,1720701300000,1,breakout_24,2372.3849999999998,2364.0015000000003,3164.0015000000003,2397.535499999998,8.383499999999458,11.928192282460364,300.0,3.0,target,1770,1.6659509751298265,2024-07-10 07:05:00+00:00,2024-07-11 12:35:00+00:00,2024-07-03 00:00:00+00:00
1720596600000,1720596900000,1720701300000,1,breakout_24,2375.3554999999997,2366.9885,3166.9885,2400.456499999999,8.366999999999734,11.951715071113084,300.0,3.0,target,1740,1.314210589219606,2024-07-10 07:35:00+00:00,2024-07-11 12:35:00+00:00,2024-07-03 00:00:00+00:00
1720603800000,1720604100000,1720701300000,1,dip_unconfirmed,2372.2019999999998,2363.7835,3163.7835,2397.457499999999,8.418499999999767,11.87860070083777,300.0,3.0,target,1620,1.680762606165039,2024-07-10 09:35:00+00:00,2024-07-11 12:35:00+00:00,2024-07-03 00:00:00+00:00
1720612800000,1720613100000,1720633500000,1,breakout_24,2378.8170000000005,2370.4049999999997,3170.4049999999997,2370.3549999999996,8.412000000000717,11.887779362814014,-100.59438896814287,-1.0059438896814286,stop,340,0.8956847360911384,2024-07-10 12:05:00+00:00,2024-07-10 17:45:00+00:00,2024-07-03 00:00:00+00:00
1720634400000,1720634700000,1720701300000,1,dip_unconfirmed,2373.4605,2365.0834999999997,3165.0834999999997,2398.5915000000014,8.377000000000407,11.93744777366541,300.0,3.0,target,1110,1.2919302853049108,2024-07-10 18:05:00+00:00,2024-07-11 12:35:00+00:00,2024-07-03 00:00:00+00:00
1720701000000,1720701300000,1720701900000,1,dip_unconfirmed,2380.375,2372.205,3172.205,2404.885,8.170000000000073,12.239902080783244,300.0,3.0,target,10,2.7758261933904262,2024-07-11 12:35:00+00:00,2024-07-11 12:45:00+00:00,2024-07-03 00:00:00+00:00
1720702800000,1720703100000,1720705500000,1,pullback_ema20,2406.8255,2396.8657680358574,3353.2889644501174,2396.815768035857,9.95973196414252,10.040430842920728,-100.50202154214786,-1.0050202154214787,stop,40,0.5885700560120211,2024-07-11 13:05:00+00:00,2024-07-11 13:45:00+00:00,2024-07-03 00:00:00+00:00
1720710000000,1720710300000,1720762800000,1,breakout_24,2418.232,2405.248325486051,3658.7657768809913,2405.1983254860506,12.983674513949154,7.701979889634779,-100.38509899448313,-1.0038509899448314,stop,875,0.4602703182045831,2024-07-11 15:05:00+00:00,2024-07-12 05:40:00+00:00,2024-07-03 00:00:00+00:00
1720711800000,1720712100000,1720748400000,1,breakout_24,2420.967,2407.304052237047,3735.048828532347,2407.254052237047,13.662947762953081,7.319064797360113,-100.36595323986934,-1.0036595323986934,stop,605,0.2372108900824402,2024-07-11 15:35:00+00:00,2024-07-12 01:40:00+00:00,2024-07-03 00:00:00+00:00
1720715400000,1720715700000,1720769400000,1,dip_unconfirmed,2413.8235,2400.1960884084747,3731.237247561057,2400.1460884084745,13.627411591525288,7.338150706638134,-100.36690753533324,-1.0036690753533324,stop,895,0.3353167965398341,2024-07-11 16:35:00+00:00,2024-07-12 07:30:00+00:00,2024-07-03 00:00:00+00:00
1720717200000,1720717500000,1720782300000,1,dip_unconfirmed,2412.104,2398.8404035221547,3688.950051306695,2398.7904035221545,13.263596477845113,7.539433227408214,-100.37697166137178,-1.0037697166137178,stop,1080,0.4741549556717188,2024-07-11 17:05:00+00:00,2024-07-12 11:05:00+00:00,2024-07-03 00:00:00+00:00
1720749600000,1720749900000,1720782300000,1,dip_unconfirmed,2408.5620000000004,2399.0415102934303,3298.8904809503965,2398.99151029343,9.52048970657006,10.503661374791498,-100.52518306874148,-1.0052518306874147,stop,540,0.22787693352605076,2024-07-12 02:05:00+00:00,2024-07-12 11:05:00+00:00,2024-07-03 00:00:00+00:00
1720751400000,1720751700000,1720782300000,1,dip_unconfirmed,2408.2084999999997,2398.962830986757,3284.679732311079,2398.912830986757,9.245669013242605,10.815874963376867,-100.5407937481708,-1.005407937481708,stop,510,0.2728845253260133,2024-07-12 02:35:00+00:00,2024-07-12 11:05:00+00:00,2024-07-03 00:00:00+00:00
1720764000000,1720764300000,1720769400000,1,dip_unconfirmed,2408.5269999999996,2400.12,3200.12,2400.0699999999997,8.406999999999698,11.89484953015387,-100.59474247650985,-1.0059474247650986,stop,85,0.0,2024-07-12 06:05:00+00:00,2024-07-12 07:30:00+00:00,2024-07-03 00:00:00+00:00
1720769400000,1720769700000,1720787700000,1,dip_unconfirmed,2401.62,2393.21,3193.21,2393.16,8.409999999999854,11.890606420927673,-100.59453032104855,-1.0059453032104855,stop,300,0.7516052318668819,2024-07-12 07:35:00+00:00,2024-07-12 12:35:00+00:00,2024-07-03 00:00:00+00:00
1720818000000,1720994700000,1721025600000,1,dip_unconfirmed,2413.65,2403.215,3203.215,2403.165,10.434999999999945,9.583133684714952,-100.47915668423748,-1.0047915668423748,stop,515,0.08481073310970466,2024-07-14 22:05:00+00:00,2024-07-15 06:40:00+00:00,2024-07-03 00:00:00+00:00
1720996200000,1720996500000,1721025900000,1,dip_unconfirmed,2410.8585,2402.4255000000003,3202.4255000000003,2402.3755,8.432999999999538,11.858176212499167,-100.59290881062711,-1.005929088106271,stop,490,0.3284121902051502,2024-07-14 22:35:00+00:00,2024-07-15 06:45:00+00:00,2024-07-03 00:00:00+00:00
1720998000000,1720998300000,1721055900000,1,dip_unconfirmed,2408.1099999999997,2399.59,3199.59,2433.6699999999983,8.519999999999527,11.737089201878586,300.0,3.0,target,960,2.7708920187795703,2024-07-14 23:05:00+00:00,2024-07-15 15:05:00+00:00,2024-07-03 00:00:00+00:00
1720999800000,1721000100000,1721055900000,1,dip_unconfirmed,2407.4399999999996,2398.9035000000003,3198.9035000000003,2433.0494999999974,8.53649999999925,11.714402858315326,300.0,3.0,target,930,2.844022725941877,2024-07-14 23:35:00+00:00,2024-07-15 15:05:00+00:00,2024-07-03 00:00:00+00:00
1721001600000,1721001900000,1721056200000,1,pullback_ema50,2409.2270000000003,2400.735,3200.735,2434.703000000001,8.49200000000019,11.775788977861254,300.0,3.0,target,905,2.9020843146490027,2024-07-15 00:05:00+00:00,2024-07-15 15:10:00+00:00,2024-07-03 00:00:00+00:00
1721026800000,1721027100000,1721055300000,1,dip_unconfirmed,2403.71,2395.2884999999997,3195.2884999999997,2428.974500000001,8.421500000000378,11.87436917413709,300.0,3.0,target,470,2.4823368758533286,2024-07-15 07:05:00+00:00,2024-07-15 14:55:00+00:00,2024-07-03 00:00:00+00:00
1721030400000,1721030700000,1721055900000,1,pullback_ema50,2408.3804999999998,2399.9934999999996,3199.9934999999996,2433.5415000000003,8.387000000000171,11.923214498628587,300.0,3.0,target,420,2.7825801836175117,2024-07-15 08:05:00+00:00,2024-07-15 15:05:00+00:00,2024-07-03 00:00:00+00:00
1721055600000,1721055900000,1721064600000,1,breakout_24,2431.9845,2422.422983179445,3344.474665234969,2422.372983179445,9.56151682055497,10.458591652009016,-100.52292958260236,-1.0052292958260236,stop,145,0.7753476921216526,2024-07-15 15:05:00+00:00,2024-07-15 17:30:00+00:00,2024-07-03 00:00:00+00:00
1721057400000,1721057700000,1721063100000,1,breakout_24,2436.6169999999997,2426.815448666627,3369.770582003899,2426.765448666627,9.801551333372572,10.20246658909161,-100.51012332945643,-1.0051012332945644,stop,90,0.2837305958426325,2024-07-15 15:35:00+00:00,2024-07-15 17:05:00+00:00,2024-07-03 00:00:00+00:00
1721061000000,1721061300000,1721064000000,1,dip_unconfirmed,2433.045,2423.4842542074493,3340.0588334625427,2423.434254207449,9.560745792550733,10.45943508694846,-100.52297175434933,-1.0052297175434932,stop,45,0.6644879110737949,2024-07-15 16:35:00+00:00,2024-07-15 17:20:00+00:00,2024-07-03 00:00:00+00:00
1721062800000,1721063100000,1721065200000,1,dip_unconfirmed,2430.7599999999998,2420.3196646212027,3416.353202500926,2420.2696646212025,10.440335378797045,9.578236366150355,-100.47891181830926,-1.0047891181830926,stop,35,0.0,2024-07-15 17:05:00+00:00,2024-07-15 17:40:00+00:00,2024-07-03 00:00:00+00:00
1721064600000,1721064900000,1721142600000,1,dip_unconfirmed,2424.9195,2414.2975457196885,3448.0429737508584,2456.7853628409343,10.621954280311456,9.414463418031941,300.0,3.0,target,1295,2.7523654525787067,2024-07-15 17:35:00+00:00,2024-07-16 15:10:00+00:00,2024-07-03 00:00:00+00:00
1721066400000,1721066700000,1721142000000,1,dip_unconfirmed,2422.0,2411.455935311139,3429.862404197229,2453.632194066583,10.544064688860999,9.484008582159248,300.0,3.0,target,1255,2.7351406550518207,2024-07-15 18:05:00+00:00,2024-07-16 15:00:00+00:00,2024-07-03 00:00:00+00:00
1721068200000,1721068500000,1721142600000,1,pullback_ema20,2423.3935000000006,2412.9555113603437,3417.9043753260003,2454.707465918971,10.43798863965685,9.580389809974683,300.0,3.0,target,1235,2.9470716113952817,2024-07-15 18:35:00+00:00,2024-07-16 15:10:00+00:00,2024-07-03 00:00:00+00:00
1721071800000,1721072100000,1721142000000,1,dip_unconfirmed,2422.1569999999997,2412.344696019888,3358.375094031102,2451.5939119403347,9.812303980111665,10.191286389281021,300.0,3.0,target,1165,2.923115718605564,2024-07-15 19:35:00+00:00,2024-07-16 15:00:00+00:00,2024-07-03 00:00:00+00:00
1721073600000,1721073900000,1721141700000,1,dip_unconfirmed,2421.5824999999995,2412.066932018467,3322.023730171736,2450.129203944597,9.515567981532513,10.509094170109085,300.0,3.0,target,1130,2.898670899470384,2024-07-15 20:05:00+00:00,2024-07-16 14:55:00+00:00,2024-07-03 00:00:00+00:00
1721142000000,1721142300000,1721315400000,1,breakout_24,2452.5615,2441.048594601193,3549.689134481885,2467.348,11.512905398806652,8.685904776944081,128.43413098428505,1.2843413098428504,timeout,2885,2.675649537013756,2024-07-16 15:05:00+00:00,2024-07-18 15:10:00+00:00,2024-07-03 00:00:00+00:00
1721143800000,1721144100000,1721317200000,1,breakout_24,2460.525,2448.2985521296796,3627.443339161753,2465.6744999999996,12.226447870320499,8.178990419837994,42.11771116695194,0.42117711166951943,timeout,2885,1.8681632017951875,2024-07-16 15:35:00+00:00,2024-07-18 15:40:00+00:00,2024-07-03 00:00:00+00:00
1721145600000,1721145900000,1721239500000,1,breakout_24,2463.6475,2451.4580126918445,3627.8067435073453,2451.4080126918443,12.189487308155549,8.203790485354833,-100.41018952426923,-1.0041018952426923,stop,1560,1.6176644268546887,2024-07-16 16:05:00+00:00,2024-07-17 18:05:00+00:00,2024-07-03 00:00:00+00:00
1721149200000,1721149500000,1721322600000,1,dip_unconfirmed,2459.6135,2447.5146971679683,3617.044980371131,2454.1065000000003,12.098802832031652,8.265280572657106,-45.516900113619435,-0.45516900113619435,timeout,2885,1.9632107680203839,2024-07-16 17:05:00+00:00,2024-07-18 17:10:00+00:00,2024-07-03 00:00:00+00:00
1721160000000,1721160300000,1721229300000,1,breakout_24,2469.082,2458.450490169331,3477.401473236225,2458.4004901693306,10.631509830669074,9.406001743188595,-100.47030008716114,-1.0047030008716114,stop,1150,1.343553288997069,2024-07-16 20:05:00+00:00,2024-07-17 15:15:00+00:00,2024-07-03 00:00:00+00:00
1721230200000,1721230500000,1721329500000,1,pullback_ema50,2465.2419999999997,2450.508457515125,3887.162706002613,2450.458457515125,14.73354248487476,6.787233966485558,-100.33936169832552,-1.0033936169832551,stop,1650,0.6365068013770262,2024-07-17 15:35:00+00:00,2024-07-18 19:05:00+00:00,2024-07-03 00:00:00+00:00
1721239200000,1721239500000,1721347500000,1,dip_unconfirmed,2453.072,2438.729109718353,3832.4681378830796,2438.6791097183527,14.342890281647215,6.972095444943713,-100.34860477224845,-1.0034860477224845,stop,1800,1.5023471264764556,2024-07-17 18:05:00+00:00,2024-07-19 00:05:00+00:00,2024-07-03 00:00:00+00:00
1721318400000,1721318700000,1721323800000,1,dip_unconfirmed,2461.7835000000005,2451.921687718629,3395.902915855707,2451.871687718629,9.861812281371385,10.140124061060913,-100.50700620305489,-1.0050700620305488,stop,85,0.0,2024-07-18 16:05:00+00:00,2024-07-18 17:30:00+00:00,2024-07-03 00:00:00+00:00
1721320200000,1721320500000,1721327700000,1,dip_unconfirmed,2461.6185,2451.6196743101555,3411.502243294586,2451.5696743101553,9.99882568984458,10.00117444807205,-100.50005872240541,-1.0050005872240542,stop,120,0.0,2024-07-18 16:35:00+00:00,2024-07-18 18:35:00+00:00,2024-07-03 00:00:00+00:00
1721698200000,1721698500000,1721711100000,1,breakout_24,2403.86,2395.3599999999997,3195.3599999999997,2395.3099999999995,8.500000000000455,11.764705882352311,-100.58823529411976,-1.0058823529411975,stop,210,0.0,2024-07-23 01:35:00+00:00,2024-07-23 05:05:00+00:00,2024-07-03 00:00:00+00:00
1721725200000,1721725500000,1721859300000,1,breakout_24,2404.5565,2395.367222939952,3268.2949289446833,2395.317222939952,9.18927706004797,10.88224888057494,-100.54411244403073,-1.0054411244403072,stop,2230,2.952735000010841,2024-07-23 09:05:00+00:00,2024-07-24 22:15:00+00:00,2024-07-03 00:00:00+00:00
1721734200000,1721734500000,1721741700000,1,breakout_24,2410.3300000000004,2401.50768163478,3247.73951815679,2401.45768163478,8.822318365220326,11.334889068866948,-100.56674445344541,-1.005667444534454,stop,120,0.0,2024-07-23 11:35:00+00:00,2024-07-23 13:35:00+00:00,2024-07-03 00:00:00+00:00
1721788200000,1721788500000,1721849700000,1,breakout_24,2413.49,2405.0699999999997,3205.0699999999997,2405.0199999999995,8.420000000000073,11.876484560569969,-100.59382422803066,-1.0059382422803065,stop,1020,2.1615201900238206,2024-07-24 02:35:00+00:00,2024-07-24 19:35:00+00:00,2024-07-03 00:00:00+00:00
1721791800000,1721792100000,1721844000000,1,breakout_24,2417.7019999999998,2409.2704999999996,3209.2704999999996,2409.2204999999994,8.431500000000142,11.860285832888373,-100.59301429164657,-1.0059301429164658,stop,865,1.6590167823045132,2024-07-24 03:35:00+00:00,2024-07-24 18:00:00+00:00,2024-07-03 00:00:00+00:00
1721826000000,1721826300000,1721827500000,1,breakout_24,2421.93,2413.48,3213.48,2413.43,8.449999999999818,11.834319526627473,-100.59171597633352,-1.0059171597633352,stop,20,0.09704142011836465,2024-07-24 13:05:00+00:00,2024-07-24 13:25:00+00:00,2024-07-03 00:00:00+00:00
1721833200000,1721833500000,1721837700000,1,breakout_24,2430.8015,2419.980091487955,3464.1209426924497,2419.930091487955,10.821408512044854,9.240941222087145,-100.46204706110605,-1.0046204706110604,stop,70,0.02014525186409383,2024-07-24 15:05:00+00:00,2024-07-24 16:15:00+00:00,2024-07-03 00:00:00+00:00
1721962800000,1721963100000,1722204300000,1,breakout_24,2374.7619999999993,2363.919480012391,3404.1214787732742,2387.57,10.842519987608284,9.222948181261197,118.12752030560173,1.1812752030560174,timeout,4020,1.4487407003126422,2024-07-26 03:05:00+00:00,2024-07-28 22:05:00+00:00,2024-07-03 00:00:00+00:00
1722002400000,1722002700000,1722204300000,1,breakout_24,2382.2,2372.615836342071,3301.0322021349693,2387.57,9.584163657928912,10.433878590676057,56.029928031934034,0.5602992803193403,timeout,3360,0.8628817594490029,2024-07-26 14:05:00+00:00,2024-07-28 22:05:00+00:00,2024-07-03 00:00:00+00:00
1722004200000,1722004500000,1722204300000,1,breakout_24,2385.395,2374.9104194604943,3383.368473411048,2387.57,10.484580539505714,9.537815997807616,20.7447497952333,0.207447497952333,timeout,3330,0.4403132755387969,2024-07-26 14:35:00+00:00,2024-07-28 22:05:00+00:00,2024-07-03 00:00:00+00:00
1722205800000,1722206100000,1722241800000,1,breakout_24,2397.74,2387.0455356768625,3411.491967990598,2386.9955356768623,10.694464323137254,9.350631969817512,-100.46753159849257,-1.0046753159849258,stop,595,0.4117550787909468,2024-07-28 22:35:00+00:00,2024-07-29 08:30:00+00:00,2024-07-03 00:00:00+00:00
1722313800000,1722314100000,1722395700000,1,breakout_24,2387.2870000000003,2378.8585000000003,3178.8585000000003,2412.5725,8.428499999999985,11.864507326333294,300.0,3.0,target,1360,2.9908050068220526,2024-07-30 04:35:00+00:00,2024-07-31 03:15:00+00:00,2024-07-03 00:00:00+00:00
1722319200000,1722319500000,1722395700000,1,breakout_24,2389.26,2380.8085,3180.8085,2414.6145000000006,8.451500000000124,11.832219132698164,300.0,3.0,target,1270,2.7492161154823798,2024-07-30 06:05:00+00:00,2024-07-31 03:15:00+00:00,2024-07-03 00:00:00+00:00
1722322800000,1722323100000,1722396000000,1,breakout_24,2390.9300000000003,2382.395,3182.395,2416.535000000001,8.53500000000031,11.716461628587743,300.0,3.0,target,1215,2.8787346221440275,2024-07-30 07:05:00+00:00,2024-07-31 03:20:00+00:00,2024-07-03 00:00:00+00:00
1722346200000,1722346500000,1722353100000,1,breakout_24,2394.9714999999997,2386.5565,3186.5565,2386.5065,8.414999999999509,11.883541295306694,-100.59417706476749,-1.005941770647675,stop,110,0.29393939393947205,2024-07-30 13:35:00+00:00,2024-07-30 15:25:00+00:00,2024-07-03 00:00:00+00:00
1722358800000,1722359100000,1722451500000,1,breakout_24,2400.3645,2390.1236299026305,3371.1106396396103,2431.087110292109,10.24087009736968,9.764795280987359,300.0,3.0,target,1540,2.8038633169827487,2024-07-30 17:05:00+00:00,2024-07-31 18:45:00+00:00,2024-07-03 00:00:00+00:00
1722360600000,1722360900000,1722454200000,1,breakout_24,2407.1755000000003,2396.0919063381566,3465.5512725224944,2440.4262809855313,11.083593661843679,9.022344471564262,300.0,3.0,target,1555,2.9714640399873176,2024-07-30 17:35:00+00:00,2024-07-31 19:30:00+00:00,2024-07-03 00:00:00+00:00
1722396600000,1722396900000,1722454800000,1,breakout_24,2418.44,2409.0941438610575,3301.6797577553016,2446.4775684168276,9.345856138942509,10.69992930699178,300.0,3.0,target,965,2.8713260295311995,2024-07-31 03:35:00+00:00,2024-07-31 19:40:00+00:00,2024-07-03 00:00:00+00:00
1722402000000,1722402300000,1722454800000,1,breakout_24,2421.6535,2412.507229250271,3280.784304223179,2449.0923122491868,9.146270749728956,10.933417863555311,300.0,3.0,target,875,2.5826373006396897,2024-07-31 05:05:00+00:00,2024-07-31 19:40:00+00:00,2024-07-03 00:00:00+00:00
1722405600000,1722405900000,1722454800000,1,dip_unconfirmed,2418.285,2409.224039506611,3273.320088845495,2445.4678814801664,9.060960493388848,11.036357577429351,300.0,3.0,target,815,2.9787129101481575,2024-07-31 06:05:00+00:00,2024-07-31 19:40:00+00:00,2024-07-03 00:00:00+00:00
1722452400000,1722452700000,1722578100000,1,breakout_24,2434.14,2424.2610206030186,3385.158960301172,2463.776938190944,9.878979396981322,10.122503143447853,300.0,3.0,target,2090,2.9198360317275127,2024-07-31 19:05:00+00:00,2024-08-02 05:55:00+00:00,2024-07-03 00:00:00+00:00
1722454200000,1722454500000,1722503100000,1,breakout_24,2442.5750000000003,2431.4566619885177,3508.290463136804,2431.4066619885175,11.118338011482592,8.994150015651966,-100.44970750078424,-1.0044970750078424,stop,810,1.3918447149221336,2024-07-31 19:35:00+00:00,2024-08-01 09:05:00+00:00,2024-07-03 00:00:00+00:00
1722456000000,1722456300000,1722480900000,1,breakout_24,2450.3244999999997,2438.656114703623,3568.6946443413153,2438.606114703623,11.668385296376528,8.57016609068041,-100.42850830453557,-1.0042850830453558,stop,410,0.6620881813355549,2024-07-31 20:05:00+00:00,2024-08-01 02:55:00+00:00,2024-07-03 00:00:00+00:00
1722459600000,1722463500000,1722501000000,1,dip_unconfirmed,2449.7400000000002,2436.9179841066953,3500.619573437156,2436.867984106695,12.822015893304979,7.799085637712791,-100.38995428188706,-1.0038995428188706,stop,625,0.6481040164939287,2024-07-31 22:05:00+00:00,2024-08-01 08:30:00+00:00,2024-07-03 00:00:00+00:00
1722465000000,1722465300000,1722480900000,1,dip_unconfirmed,2447.945,2437.2217709562174,3463.0446753345013,2437.171770956217,10.723229043782794,9.325549197140283,-100.46627745985872,-1.0046627745985872,stop,260,0.9423467463710273,2024-07-31 22:35:00+00:00,2024-08-01 02:55:00+00:00,2024-07-03 00:00:00+00:00
1722481200000,1722481500000,1722506100000,1,dip_unconfirmed,2441.8634999999995,2430.3361928290497,3534.7169099240905,2430.2861928290495,11.527307170949825,8.675052943154999,-100.43375264715932,-1.0043375264715932,stop,410,0.5788862828967923,2024-08-01 03:05:00+00:00,2024-08-01 09:55:00+00:00,2024-07-03 00:00:00+00:00
1722483000000,1722483300000,1722503100000,1,pullback_ema20,2443.802,2432.4941076269747,3518.083344929516,2432.4441076269745,11.307892373025425,8.843380950330447,-100.44216904751812,-1.0044216904751813,stop,330,0.4186898710933973,2024-08-01 03:35:00+00:00,2024-08-01 09:05:00+00:00,2024-07-03 00:00:00+00:00
1722501000000,1722501300000,1722578400000,1,dip_unconfirmed,2437.1200000000003,2427.6415328197972,3338.9882508400715,2465.5554015406096,9.478467180203097,10.550229071728165,300.0,3.0,target,1285,2.9245234986829782,2024-08-01 08:35:00+00:00,2024-08-02 06:00:00+00:00,2024-07-03 00:00:00+00:00
1722502800000,1722503100000,1722577800000,1,dip_unconfirmed,2434.3244999999997,2424.8147090469542,3334.9938043515,2462.853872859136,9.509790953045467,10.5154782574874,300.0,3.0,target,1245,2.9049534460222404,2024-08-01 09:05:00+00:00,2024-08-02 05:50:00+00:00,2024-07-03 00:00:00+00:00
1722504600000,1722504900000,1722521100000,1,dip_unconfirmed,2433.355,2423.9911941150294,3318.8717826121074,2461.446417654912,9.363805884970589,10.679418307945209,300.0,3.0,target,270,2.528352284406048,2024-08-01 09:35:00+00:00,2024-08-01 14:05:00+00:00,2024-07-03 00:00:00+00:00
1722508200000,1722508500000,1722578100000,1,pullback_ema50,2436.242,2426.872213293061,3323.1508839869675,2464.3513601208174,9.369786706939067,10.672601535949811,300.0,3.0,target,1160,2.8541738287590026,2024-08-01 10:35:00+00:00,2024-08-02 05:55:00+00:00,2024-07-03 00:00:00+00:00
1722524400000,1722524700000,1722537000000,1,pullback_ema20,2448.9955,2435.5311274891305,3743.7683785760505,2435.4811274891304,13.464372510869453,7.427007825227094,-100.37135039126271,-1.003713503912627,stop,205,0.18140466613114611,2024-08-01 15:05:00+00:00,2024-08-01 18:30:00+00:00,2024-07-03 00:00:00+00:00
1722537000000,1722537300000,1722611400000,1,dip_unconfirmed,2436.495,2422.8742848205397,3744.9458027665896,2422.8242848205396,13.620715179460149,7.341758393920359,-100.36708791969735,-1.0036708791969735,stop,1235,2.9965019796866885,2024-08-01 18:35:00+00:00,2024-08-02 15:10:00+00:00,2024-07-03 00:00:00+00:00
1722578400000,1722578700000,1722604800000,1,breakout_24,2467.267,2455.493854933658,3593.6083615678735,2455.443854933658,11.77314506634184,8.493907060220407,-100.42469535301257,-1.0042469535301257,stop,435,0.8530006165227131,2024-08-02 06:05:00+00:00,2024-08-02 13:20:00+00:00,2024-07-03 00:00:00+00:00
1722585600000,1722585900000,1722609300000,1,dip_unconfirmed,2462.1,2450.482261499381,3570.256111561337,2450.4322614993807,11.617738500618998,8.607527187384356,-100.43037635937077,-1.0043037635937078,stop,390,1.3091618475652964,2024-08-02 08:05:00+00:00,2024-08-02 14:35:00+00:00,2024-07-03 00:00:00+00:00
1722591000000,1722591300000,1722609300000,1,dip_unconfirmed,2461.845,2451.0059276655024,3494.913161115246,2450.9559276655023,10.83907233449736,9.225881783418997,-100.46129408917264,-1.0046129408917264,stop,300,1.4267364883969187,2024-08-02 09:35:00+00:00,2024-08-02 14:35:00+00:00,2024-07-03 00:00:00+00:00
1722596400000,1722596700000,1722609300000,1,dip_unconfirmed,2464.0350000000003,2453.889283192824,3427.110963910416,2453.839283192824,10.145716807176086,9.856376035379757,-100.49281880177078,-1.004928188017708,stop,210,1.3083846368165295,2024-08-02 11:05:00+00:00,2024-08-02 14:35:00+00:00,2024-07-03 00:00:00+00:00
1722832200000,1722832500000,1722837300000,1,breakout_24,2454.717,2435.1136972838776,4350.743968896135,2435.0636972838774,19.60330271612247,5.101181237065545,-100.2550590618542,-1.002550590618542,stop,80,0.01800716976682152,2024-08-05 04:35:00+00:00,2024-08-05 05:55:00+00:00,2024-07-03 00:00:00+00:00
1722906000000,1722906300000,1722924000000,1,breakout_24,2416.3895,2401.3509834711826,3860.252636352917,2401.3009834711825,15.038516528817581,6.649592053070849,-100.33247960265476,-1.0033247960265477,stop,295,0.06486677047767662,2024-08-06 01:05:00+00:00,2024-08-06 06:00:00+00:00,2024-07-03 00:00:00+00:00
1723012200000,1723012500000,1723056000000,1,breakout_24,2397.4369999999994,2386.178510184191,3468.677491765061,2386.128510184191,11.258489815808389,8.882185944653692,-100.4441092972343,-1.004441092972343,stop,725,0.8228901168425017,2024-08-07 06:35:00+00:00,2024-08-07 18:40:00+00:00,2024-07-03 00:00:00+00:00
1723032000000,1723032300000,1723045800000,1,breakout_24,2401.587,2391.700714556136,3338.779258942546,2391.650714556136,9.886285443863926,10.115022529727435,-100.50575112648822,-1.0050575112648823,stop,225,0.5173328272829233,2024-08-07 12:05:00+00:00,2024-08-07 15:50:00+00:00,2024-07-03 00:00:00+00:00
1723114800000,1723115100000,1723201500000,1,breakout_24,2405.6170000000006,2396.9832638043636,3230.656883367973,2431.518208586912,8.633736195637084,11.58247110336002,300.0,3.0,target,1440,2.962506546461842,2024-08-08 11:05:00+00:00,2024-08-09 11:05:00+00:00,2024-07-03 00:00:00+00:00
1723116600000,1723116900000,1723413900000,1,breakout_24,2411.21,2401.9539592469096,3286.0580345559683,2427.555,9.256040753090474,10.803755370957207,176.58738153829339,1.7658738153829339,timeout,4950,2.7541473379412973,2024-08-08 11:35:00+00:00,2024-08-11 22:05:00+00:00,2024-07-03 00:00:00+00:00
1723120200000,1723120500000,1723122300000,1,breakout_24,2414.5814999999993,2404.7029342486103,3341.4095093875485,2404.65293424861,9.878565751389033,10.12292700344065,-100.50614635017388,-1.0050614635017387,stop,30,0.0,2024-08-08 12:35:00+00:00,2024-08-08 13:05:00+00:00,2024-07-03 00:00:00+00:00
1723127400000,1723127700000,1723129500000,1,breakout_24,2424.27,2411.846644290779,3614.1822152128752,2411.7966442907787,12.423355709221141,8.049354968221328,-100.40246774841252,-1.0040246774841253,stop,30,0.0,2024-08-08 14:35:00+00:00,2024-08-08 15:05:00+00:00,2024-07-03 00:00:00+00:00
1723141800000,1723142100000,1723413900000,1,breakout_24,2425.882,2413.3311234433995,3627.218779103465,2427.555,12.550876556600542,7.967570993868927,13.329746272740918,0.13329746272740917,timeout,4530,0.8621310193916084,2024-08-08 18:35:00+00:00,2024-08-11 22:05:00+00:00,2024-07-03 00:00:00+00:00
1723150800000,1723154700000,1723182900000,1,breakout_24,2428.0009999999993,2417.3231417334855,3440.0089683849337,2417.2731417334853,10.677858266513795,9.365173942569001,-100.46825869713015,-1.0046825869713016,stop,470,0.05736169039833735,2024-08-08 22:05:00+00:00,2024-08-09 05:55:00+00:00,2024-07-03 00:00:00+00:00
1723172400000,1723172700000,1723413900000,1,dip_unconfirmed,2422.955,2414.1194090360464,3256.3285054314224,2427.555,8.835590963953564,11.317862088452102,52.062165606878644,0.5206216560687864,timeout,4020,1.555923090609998,2024-08-09 03:05:00+00:00,2024-08-11 22:05:00+00:00,2024-07-03 00:00:00+00:00
1723183200000,1723183500000,1723413900000,1,dip_unconfirmed,2417.6,2409.2115,3209.2115,2427.555,8.388500000000022,11.921082434285003,118.67437563330634,1.1867437563330634,timeout,3840,2.2772247720093426,2024-08-09 06:05:00+00:00,2024-08-11 22:05:00+00:00,2024-07-03 00:00:00+00:00
1723201200000,1723201500000,1723211100000,1,breakout_24,2430.9550000000004,2422.5365,3222.5365,2422.4865,8.418500000000222,11.878600700837127,-100.59393003504401,-1.0059393003504402,stop,160,0.22112015204602653,2024-08-09 11:05:00+00:00,2024-08-09 13:45:00+00:00,2024-07-03 00:00:00+00:00
1723213800000,1723214100000,1723413900000,1,pullback_ema20,2432.586,2422.720629073417,3365.657721731707,2427.555,9.865370926582727,10.136466306659091,-50.996561988801375,-0.5099656198880137,timeout,3330,0.41726763551367646,2024-08-09 14:35:00+00:00,2024-08-11 22:05:00+00:00,2024-07-03 00:00:00+00:00
1723415400000,1723415700000,1723427400000,1,pullback_ema20,2433.0449999999996,2424.4165404827504,3253.762492207707,2424.36654048275,8.628459517249212,11.589554288351161,-100.57947771441965,-1.0057947771441966,stop,195,0.0,2024-08-11 22:35:00+00:00,2024-08-12 01:50:00+00:00,2024-07-03 00:00:00+00:00
1723419000000,1723419300000,1723470300000,1,dip_unconfirmed,2427.9800000000005,2419.646455824412,3220.000873383183,2452.980632526766,8.333544175588486,11.999696394834116,300.0,3.0,target,850,2.9009266034510603,2024-08-11 23:35:00+00:00,2024-08-12 13:45:00+00:00,2024-07-03 00:00:00+00:00
1723429800000,1723430100000,1723470300000,1,pullback_ema50,2427.29,2418.8450000000003,3218.8450000000003,2452.624999999999,8.444999999999709,11.841326228538005,300.0,3.0,target,670,2.9443457667259487,2024-08-12 02:35:00+00:00,2024-08-12 13:45:00+00:00,2024-07-03 00:00:00+00:00
1723433400000,1723433700000,1723470300000,1,pullback_ema50,2427.82,2419.4300000000003,3219.4300000000003,2452.99,8.389999999999873,11.918951132300538,300.0,3.0,target,610,2.9004767580452864,2024-08-12 03:35:00+00:00,2024-08-12 13:45:00+00:00,2024-07-03 00:00:00+00:00
1723437000000,1723437300000,1723470900000,1,pullback_ema20,2430.7320000000004,2422.37,3222.37,2455.818000000002,8.362000000000535,11.958861516382875,300.0,3.0,target,560,2.960834728533589,2024-08-12 04:35:00+00:00,2024-08-12 13:55:00+00:00,2024-07-03 00:00:00+00:00
1723442400000,1723442700000,1723478700000,1,pullback_ema20,2435.13,2426.7200000000003,3226.7200000000003,2460.3599999999997,8.409999999999854,11.890606420927673,300.0,3.0,target,600,2.9728299643282146,2024-08-12 06:05:00+00:00,2024-08-12 16:05:00+00:00,2024-07-03 00:00:00+00:00
1723471200000,1723471500000,1723472700000,1,breakout_24,2454.6465000000003,2446.2315,3246.2315,2446.1814999999997,8.415000000000418,11.88354129530541,-100.59417706476742,-1.0059417706476743,stop,20,0.0,2024-08-12 14:05:00+00:00,2024-08-12 14:25:00+00:00,2024-07-03 00:00:00+00:00
1723480200000,1723480500000,1723641900000,1,breakout_24,2464.167,2453.7034542508304,3452.5080291677723,2453.6534542508302,10.463545749169498,9.556989800320517,-100.47784949001776,-1.0047784949001777,stop,2690,1.4642264073071416,2024-08-12 16:35:00+00:00,2024-08-14 13:25:00+00:00,2024-07-03 00:00:00+00:00
1723485600000,1723485900000,1723602900000,1,breakout_24,2467.625,2457.7711554260477,3407.6556128212856,2457.7211554260475,9.853844573952301,10.148323250839622,-100.50741616254382,-1.0050741616254382,stop,1950,0.9099494042865345,2024-08-12 18:05:00+00:00,2024-08-14 02:35:00+00:00,2024-07-03 00:00:00+00:00
1723487400000,1723487700000,1723524900000,1,breakout_24,2469.9635,2460.2332157527585,3398.9116404769097,2460.1832157527583,9.730284247241343,10.277192059250607,-100.5138596029644,-1.005138596029644,stop,620,0.6811722896871463,2024-08-12 18:35:00+00:00,2024-08-13 04:55:00+00:00,2024-07-03 00:00:00+00:00
1723496400000,1723500300000,1723512000000,1,breakout_24,2471.521,2464.695,3264.695,2464.645,6.826000000000022,14.649868151186592,-100.73249340756199,-1.0073249340756198,stop,195,0.7428215646058884,2024-08-12 22:05:00+00:00,2024-08-13 01:20:00+00:00,2024-07-03 00:00:00+00:00
1723503600000,1723503900000,1723511700000,1,breakout_24,2474.3405,2465.84,3265.84,2465.79,8.500499999999647,11.764013881536869,-100.58820069407898,-1.0058820069407899,stop,130,0.2648079524734189,2024-08-12 23:05:00+00:00,2024-08-13 01:15:00+00:00,2024-07-03 00:00:00+00:00
1723512600000,1723512900000,1723602900000,1,dip_unconfirmed,2464.7499999999995,2455.8198529696715,3305.3345560025055,2455.7698529696713,8.930147030328044,11.198023913871276,-100.5599011956956,-1.005599011956956,stop,1500,1.1789839477720274,2024-08-13 01:35:00+00:00,2024-08-14 02:35:00+00:00,2024-07-03 00:00:00+00:00
1723514400000,1723514700000,1723602900000,1,pullback_ema20,2466.8714999999997,2457.954649186124,3314.3397305737576,2457.9046491861236,8.916850813875953,11.214721664333,-100.56073608321869,-1.005607360832187,stop,1470,0.9428216503205434,2024-08-13 02:05:00+00:00,2024-08-14 02:35:00+00:00,2024-07-03 00:00:00+00:00
1723525200000,1723525500000,1723641900000,1,dip_unconfirmed,2462.5099999999998,2454.0635,3254.0635,2454.0135,8.44649999999956,11.839223346949057,-100.5919611673496,-1.0059196116734959,stop,1940,2.0100633398450727,2024-08-13 05:05:00+00:00,2024-08-14 13:25:00+00:00,2024-07-03 00:00:00+00:00
1723602600000,1723602900000,1723641900000,1,dip_unconfirmed,2461.1094999999996,2452.6695,3252.6695,2452.6195,8.4399999999996,11.84834123222805,-100.59241706161356,-1.0059241706161357,stop,650,2.1775473933651166,2024-08-14 02:35:00+00:00,2024-08-14 13:25:00+00:00,2024-07-03 00:00:00+00:00
1723604400000,1723604700000,1723641900000,1,dip_unconfirmed,2460.417,2451.563245742491,3296.238671493426,2451.5132457424907,8.853754257509081,11.294643728697078,-100.56473218643691,-1.0056473218643691,stop,620,2.154001505499861,2024-08-14 03:05:00+00:00,2024-08-14 13:25:00+00:00,2024-07-03 00:00:00+00:00
1723606200000,1723606500000,1723641900000,1,dip_unconfirmed,2460.397,2451.7180853323125,3276.059552101041,2451.6680853323123,8.678914667687422,11.522178040568974,-100.57610890203054,-1.0057610890203055,stop,590,2.1996990097250633,2024-08-14 03:35:00+00:00,2024-08-14 13:25:00+00:00,2024-07-03 00:00:00+00:00
1723642200000,1723642500000,1723652700000,1,dip_unconfirmed,2451.4410000000007,2439.277292618533,3605.898030765234,2439.227292618533,12.163707381467702,8.221177710371208,-100.41105888552006,-1.0041105888552007,stop,170,0.7602534087665356,2024-08-14 13:35:00+00:00,2024-08-14 16:25:00+00:00,2024-07-03 00:00:00+00:00
1723703400000,1723703700000,1723726200000,1,breakout_24,2457.915,2449.49,3249.49,2449.4399999999996,8.425000000000182,11.86943620178016,-100.59347181009116,-1.0059347181009115,stop,375,1.40593471810089,2024-08-15 06:35:00+00:00,2024-08-15 12:50:00+00:00,2024-07-03 00:00:00+00:00
1723717800000,1723718100000,1723725900000,1,breakout_24,2460.0685,2451.6585,3251.6585,2451.6085,8.409999999999854,11.890606420927673,-100.59453032104855,-1.0059453032104855,stop,130,1.1523781212842483,2024-08-15 10:35:00+00:00,2024-08-15 12:45:00+00:00,2024-07-03 00:00:00+00:00
1723723200000,1723723500000,1723725600000,1,breakout_24,2464.0065,2455.6115,3255.6115,2455.5615,8.394999999999982,11.911852293031592,-100.59559261465374,-1.0059559261465374,stop,35,0.6853484216796034,2024-08-15 12:05:00+00:00,2024-08-15 12:40:00+00:00,2024-07-03 00:00:00+00:00
1723725000000,1723725300000,1723725300000,1,breakout_24,2467.9964999999997,2459.71,3259.71,2459.66,8.286499999999705,12.067821154890913,-100.60339105774673,-1.0060339105774674,stop,0,0.0,2024-08-15 12:35:00+00:00,2024-08-15 12:35:00+00:00,2024-07-03 00:00:00+00:00
1723771800000,1723772100000,1723812900000,1,dip_unconfirmed,2458.6755000000003,2450.23,3250.23,2484.012000000001,8.445500000000266,11.840625185009396,300.0,3.0,target,680,2.257355988396057,2024-08-16 01:35:00+00:00,2024-08-16 12:55:00+00:00,2024-07-03 00:00:00+00:00
1723773600000,1723773900000,1723812900000,1,dip_unconfirmed,2457.79,2449.375,3249.375,2483.035,8.414999999999964,11.883541295306053,300.0,3.0,target,650,2.370766488413536,2024-08-16 02:05:00+00:00,2024-08-16 12:55:00+00:00,2024-07-03 00:00:00+00:00
1723775400000,1723775700000,1723812900000,1,dip_unconfirmed,2455.4635,2447.005,3247.005,2480.838999999999,8.45849999999973,11.8224271442931,300.0,3.0,target,620,2.6336229827984456,2024-08-16 02:35:00+00:00,2024-08-16 12:55:00+00:00,2024-07-03 00:00:00+00:00
1723795200000,1723795500000,1723813200000,1,pullback_ema20,2462.515,2454.07,3254.07,2487.849999999999,8.444999999999709,11.841326228538005,300.0,3.0,target,295,2.780757844878755,2024-08-16 08:05:00+00:00,2024-08-16 13:00:00+00:00,2024-07-03 00:00:00+00:00
1723804200000,1723804500000,1723813200000,1,breakout_24,2466.6235,2458.2015,3258.2015,2491.8895,8.422000000000025,11.873664212776026,300.0,3.0,target,145,2.3005224412253553,2024-08-16 10:35:00+00:00,2024-08-16 13:00:00+00:00,2024-07-03 00:00:00+00:00
1723813200000,1723813500000,1723818300000,1,breakout_24,2492.1134999999995,2481.117669242083,3541.3507450337997,2481.067669242083,10.995830757916337,9.0943560519978,-100.45471780260154,-1.0045471780260153,stop,80,0.7037212713036569,2024-08-16 13:05:00+00:00,2024-08-16 14:25:00+00:00,2024-07-03 00:00:00+00:00
1723816800000,1723817100000,1723818300000,1,breakout_24,2495.245,2482.5640158260817,3715.662433217927,2482.5140158260815,12.680984173918205,7.88582326328239,-100.39429116316555,-1.0039429116316554,stop,20,0.0,2024-08-16 14:05:00+00:00,2024-08-16 14:25:00+00:00,2024-07-03 00:00:00+00:00
1723834800000,1723835100000,1724018700000,1,breakout_24,2503.7515000000003,2491.129488450409,3714.830643409515,2506.1605,12.622011549591207,7.922667445446818,19.085705876078617,0.19085705876078618,timeout,3060,0.44969060420351986,2024-08-16 19:05:00+00:00,2024-08-18 22:05:00+00:00,2024-07-03 00:00:00+00:00
1723838400000,1723838700000,1724018700000,1,breakout_24,2508.375,2496.0545155516284,3688.05296038882,2506.1605,12.320484448371644,8.116563956477917,-17.974130881620702,-0.17974130881620703,timeout,3000,0.08542683564191236,2024-08-16 20:05:00+00:00,2024-08-18 22:05:00+00:00,2024-07-03 00:00:00+00:00
1724029200000,1724029500000,1724064000000,1,dip_unconfirmed,2502.616,2492.3181059352432,3470.6575124108917,2492.268105935243,10.297894064756747,9.710723315967822,-100.48553616580016,-1.0048553616580016,stop,575,0.4160073868560718,2024-08-19 01:05:00+00:00,2024-08-19 10:40:00+00:00,2024-07-03 00:00:00+00:00
1724031000000,1724031300000,1724066700000,1,dip_unconfirmed,2498.6420000000003,2487.571134082726,3554.3077258101116,2487.521134082726,11.070865917274205,9.032717110589063,-100.45163585553108,-1.0045163585553107,stop,590,0.7459217789924278,2024-08-19 01:35:00+00:00,2024-08-19 11:25:00+00:00,2024-07-03 00:00:00+00:00
1724032800000,1724033100000,1724066700000,1,pullback_ema20,2498.675,2487.58144593396,3551.7868525379617,2487.5314459339597,11.09355406604027,9.014243713484147,-100.45071218567584,-1.0045071218567585,stop,560,0.7414215454340629,2024-08-19 02:05:00+00:00,2024-08-19 11:25:00+00:00,2024-07-03 00:00:00+00:00
1724034600000,1724034900000,1724065800000,1,pullback_ema20,2499.332,2488.4858783672485,3533.2480416423937,2488.4358783672483,10.84612163275142,9.21988553936512,-100.46099427696994,-1.0046099427696995,stop,515,0.6977609376191716,2024-08-19 02:35:00+00:00,2024-08-19 11:10:00+00:00,2024-07-03 00:00:00+00:00
1724119200000,1724119500000,1724157000000,1,dip_unconfirmed,2502.4400000000005,2494.04,3294.04,2527.640000000002,8.400000000000546,11.90476190476113,300.0,3.0,target,625,2.9765476190473903,2024-08-20 02:05:00+00:00,2024-08-20 12:30:00+00:00,2024-07-03 00:00:00+00:00
1724121000000,1724121300000,1724155200000,1,dip_unconfirmed,2501.04,2492.61,3292.61,2526.3299999999995,8.429999999999836,11.862396204033445,300.0,3.0,target,565,2.944839857651281,2024-08-20 02:35:00+00:00,2024-08-20 12:00:00+00:00,2024-07-03 00:00:00+00:00
1724122800000,1724123100000,1724153400000,1,dip_unconfirmed,2500.13,2491.695,3291.695,2525.435,8.434999999999945,11.855364552460065,300.0,3.0,target,505,2.9521636040307824,2024-08-20 03:05:00+00:00,2024-08-20 11:30:00+00:00,2024-07-03 00:00:00+00:00
1724124600000,1724124900000,1724156700000,1,pullback_ema50,2501.79,2493.3135,3293.3135,2527.2194999999992,8.47649999999976,11.79732200790454,300.0,3.0,target,530,2.950215301126747,2024-08-20 03:35:00+00:00,2024-08-20 12:25:00+00:00,2024-07-03 00:00:00+00:00
1724135400000,1724135700000,1724160900000,1,pullback_ema20,2505.5550000000003,2497.1549999999997,3297.1549999999997,2530.755000000002,8.400000000000546,11.90476190476113,300.0,3.0,target,420,2.774999999999759,2024-08-20 06:35:00+00:00,2024-08-20 13:35:00+00:00,2024-07-03 00:00:00+00:00
1724153400000,1724153700000,1724166300000,1,breakout_24,2525.6065,2516.4507974769926,3391.371049777731,2516.4007974769925,9.155702523007221,10.92215477170775,-100.54610773858738,-1.0054610773858739,stop,210,0.6284061747902335,2024-08-20 11:35:00+00:00,2024-08-20 15:05:00+00:00,2024-07-03 00:00:00+00:00
1724155200000,1724155500000,1724166300000,1,breakout_24,2526.782,2517.6715262286357,3386.1689033650387,2517.6215262286355,9.110473771364468,10.976377574821017,-100.54881887874305,-1.0054881887874305,stop,180,0.5024985653753034,2024-08-20 12:05:00+00:00,2024-08-20 15:05:00+00:00,2024-07-03 00:00:00+00:00
1724162400000,1724162700000,1724166300000,1,breakout_24,2530.4805000000006,2519.428697863288,3580.2589115344877,2519.378697863288,11.051802136712467,9.048298075099865,-100.45241490375663,-1.0045241490375663,stop,60,0.0,2024-08-20 14:05:00+00:00,2024-08-20 15:05:00+00:00,2024-07-03 00:00:00+00:00
1724169600000,1724169900000,1724249100000,1,dip_unconfirmed,2509.0384999999997,2495.3386396468495,3818.124674961909,2495.2886396468493,13.699860353150143,7.2993444766760724,-100.36496722383514,-1.0036496722383514,stop,1320,0.7701903324565114,2024-08-20 16:05:00+00:00,2024-08-21 14:05:00+00:00,2024-07-03 00:00:00+00:00
1724171400000,1724171700000,1724333100000,1,dip_unconfirmed,2506.0065,2491.940558243503,3859.334733893201,2491.8905582435027,14.065941756497068,7.109371112944495,-100.35546855564853,-1.0035546855564852,stop,2690,0.9657014251268287,2024-08-20 16:35:00+00:00,2024-08-22 13:25:00+00:00,2024-07-03 00:00:00+00:00
1724175000000,1724175300000,1724247900000,1,pullback_ema50,2512.9734999999996,2499.014631852817,3857.051446571172,2498.9646318528166,13.958868147182784,7.163904619314158,-100.35819523096701,-1.00358195230967,stop,1210,0.4739997491369601,2024-08-20 17:35:00+00:00,2024-08-21 13:45:00+00:00,2024-07-03 00:00:00+00:00
1724178600000,1724178900000,1724247300000,1,pullback_ema50,2514.7930000000006,2501.489468281255,3787.042640155755,2501.439468281255,13.30353171874549,7.5168009603866235,-100.3758400480207,-1.0037584004802071,stop,1140,0.360580942069714,2024-08-20 18:35:00+00:00,2024-08-21 13:35:00+00:00,2024-07-03 00:00:00+00:00
1724182200000,1724182500000,1724247900000,1,dip_unconfirmed,2513.4320000000002,2501.0896282629187,3692.626801971035,2501.0396282629185,12.342371737081521,8.102170484750447,-100.405108524239,-1.00405108524239,stop,1090,0.4989316584509245,2024-08-20 19:35:00+00:00,2024-08-21 13:45:00+00:00,2024-07-03 00:00:00+00:00
1724284800000,1724285100000,1724293800000,1,dip_unconfirmed,2513.27,2504.729969707888,3309.2329989190903,2504.6799697078877,8.540030292112078,11.709560338721994,-100.58547801693823,-1.0058547801693822,stop,145,0.12470681760734238,2024-08-22 00:05:00+00:00,2024-08-22 02:30:00+00:00,2024-07-03 00:00:00+00:00
1724286600000,1724286900000,1724293800000,1,dip_unconfirmed,2512.5249999999996,2504.06,3304.06,2504.0099999999998,8.46499999999969,11.813349084465877,-100.59066745422544,-1.0059066745422545,stop,115,0.21382161842882594,2024-08-22 00:35:00+00:00,2024-08-22 02:30:00+00:00,2024-07-03 00:00:00+00:00
1724288400000,1724288700000,1724293200000,1,pullback_ema20,2514.1765,2505.795,3305.795,2505.745,8.38149999999996,11.931038596909918,-100.59655192984766,-1.0059655192984767,stop,75,0.0,2024-08-22 01:05:00+00:00,2024-08-22 02:20:00+00:00,2024-07-03 00:00:00+00:00
1724292000000,1724292300000,1724295600000,1,dip_unconfirmed,2508.1000000000004,2499.6800000000003,3299.6800000000003,2499.63,8.420000000000073,11.876484560569969,-100.59382422803066,-1.0059382422803065,stop,55,0.02535629453679787,2024-08-22 02:05:00+00:00,2024-08-22 03:00:00+00:00,2024-07-03 00:00:00+00:00
1724383800000,1724384100000,1724623500000,1,breakout_24,2493.5655,2485.1255,3285.1255,2511.44,8.440000000000055,11.848341232227412,211.78317535544767,2.117831753554477,timeout,3990,2.893661137440701,2024-08-23 03:35:00+00:00,2024-08-25 22:05:00+00:00,2024-07-03 00:00:00+00:00
1724385600000,1724385900000,1724623500000,1,breakout_24,2493.731,2485.29,3285.29,2511.44,8.441000000000258,11.846937566638662,209.79741736760207,2.0979741736760205,timeout,3960,2.8737116455394935,2024-08-23 04:05:00+00:00,2024-08-25 22:05:00+00:00,2024-07-03 00:00:00+00:00
1724391000000,1724391300000,1724623500000,1,breakout_24,2495.285,2486.88,3286.88,2511.44,8.404999999999745,11.897679952409641,192.20701963118015,1.9220701963118014,timeout,3870,2.701130279595558,2024-08-23 05:35:00+00:00,2024-08-25 22:05:00+00:00,2024-07-03 00:00:00+00:00
1724401800000,1724402100000,1724623500000,1,breakout_24,2497.0085,2488.5865,3288.5865,2511.44,8.422000000000025,11.873664212776026,171.3547850866789,1.713547850866789,timeout,3690,2.4910353835193364,2024-08-23 08:35:00+00:00,2024-08-25 22:05:00+00:00,2024-07-03 00:00:00+00:00
1724403600000,1724403900000,1724623500000,1,breakout_24,2499.45,2491.035,3291.035,2511.44,8.414999999999964,11.883541295306053,142.48366013072237,1.4248366013072238,timeout,3660,2.2029708853238374,2024-08-23 09:05:00+00:00,2024-08-25 22:05:00+00:00,2024-07-03 00:00:00+00:00
1724643000000,1724643300000,1724745900000,1,dip_unconfirmed,2512.0885,2503.6485000000002,3303.6485000000002,2503.5985,8.4399999999996,11.84834123222805,-100.59241706161356,-1.0059241706161357,stop,1710,1.7120260663507585,2024-08-26 03:35:00+00:00,2024-08-27 08:05:00+00:00,2024-07-03 00:00:00+00:00
1724644800000,1724645100000,1724818200000,1,dip_unconfirmed,2510.3635,2501.9435,3301.9435,2514.5924999999997,8.420000000000073,11.876484560569969,50.2256532066482,0.502256532066482,timeout,2885,2.169952494061761,2024-08-26 04:05:00+00:00,2024-08-28 04:10:00+00:00,2024-07-03 00:00:00+00:00
1724653800000,1724654100000,1724724600000,1,pullback_ema20,2514.196,2505.8,3305.8,2505.75,8.39599999999973,11.91043353978123,-100.59552167699124,-1.0059552167699124,stop,1175,1.4699857074797569,2024-08-26 06:35:00+00:00,2024-08-27 02:10:00+00:00,2024-07-03 00:00:00+00:00
1724657400000,1724657700000,1724721300000,1,breakout_24,2518.567,2510.145,3310.145,2510.095,8.422000000000025,11.873664212776026,-100.59368321064095,-1.0059368321064095,stop,1060,0.9464497744003235,2024-08-26 07:35:00+00:00,2024-08-27 01:15:00+00:00,2024-07-03 00:00:00+00:00
1724659200000,1724659500000,1724681100000,1,breakout_24,2521.9100000000003,2513.5035,3313.5035,2513.4534999999996,8.406500000000506,11.895557009456253,-100.59477785047498,-1.00594777850475,stop,360,0.5505263783975458,2024-08-26 08:05:00+00:00,2024-08-26 14:05:00+00:00,2024-07-03 00:00:00+00:00
1724682600000,1724682900000,1724723400000,1,pullback_ema50,2517.63,2508.3777277050654,3391.6049571985122,2508.327727705065,9.252272294934755,10.808155749452592,-100.54040778747459,-1.005404077874746,stop,675,0.5883419582214365,2024-08-26 14:35:00+00:00,2024-08-27 01:50:00+00:00,2024-07-03 00:00:00+00:00
1724722200000,1724722500000,1724745600000,1,dip_unconfirmed,2512.96,2504.5415000000003,3304.5415000000003,2504.4915,8.418499999999767,11.87860070083777,-100.59393003504405,-1.0059393003504404,stop,385,0.5046029577715401,2024-08-27 01:35:00+00:00,2024-08-27 08:00:00+00:00,2024-07-03 00:00:00+00:00
1724724000000,1724724300000,1724843400000,1,dip_unconfirmed,2510.2215000000006,2501.8015,3301.8015,2501.7515,8.420000000000528,11.876484560569327,-100.59382422803063,-1.0059382422803063,stop,1985,2.1868171021375775,2024-08-27 02:05:00+00:00,2024-08-28 11:10:00+00:00,2024-07-03 00:00:00+00:00
1724725800000,1724726100000,1724847300000,1,dip_unconfirmed,2507.4900000000002,2499.045,3299.045,2498.995,8.445000000000164,11.841326228537367,-100.59206631142902,-1.0059206631142903,stop,2020,2.5037892243930693,2024-08-27 02:35:00+00:00,2024-08-28 12:15:00+00:00,2024-07-03 00:00:00+00:00
1724783400000,1724783700000,1724812500000,1,breakout_24,2524.4399999999996,2514.775503067989,3440.3751962690735,2514.725503067989,9.66449693201048,10.347150058973352,-100.51735750295056,-1.0051735750295057,stop,480,0.4340112092236907,2024-08-27 18:35:00+00:00,2024-08-28 02:35:00+00:00,2024-07-03 00:00:00+00:00
1724805000000,1724805300000,1724810100000,1,dip_unconfirmed,2525.052,2516.6499999999996,3316.6499999999996,2516.5999999999995,8.402000000000498,11.901928112353495,-100.59509640561984,-1.0059509640561983,stop,80,0.052487502975455534,2024-08-28 00:35:00+00:00,2024-08-28 01:55:00+00:00,2024-07-03 00:00:00+00:00
1724810400000,1724810700000,1724821800000,1,dip_unconfirmed,2517.5935,2509.1715,3309.1715,2509.1214999999997,8.422000000000025,11.873664212776026,-100.59368321064095,-1.0059368321064095,stop,185,0.07023272381862376,2024-08-28 02:05:00+00:00,2024-08-28 05:10:00+00:00,2024-07-03 00:00:00+00:00
1724812200000,1724812500000,1724822700000,1,dip_unconfirmed,2516.4599999999996,2507.96,3307.96,2507.91,8.499999999999545,11.76470588235357,-100.58823529411983,-1.0058823529411982,stop,170,0.15647058823540091,2024-08-28 02:35:00+00:00,2024-08-28 05:25:00+00:00,2024-07-03 00:00:00+00:00
1724821200000,1724821500000,1724825100000,1,dip_unconfirmed,2512.0035,2503.59,3303.59,2503.54,8.413499999999658,11.885659951269277,-100.59428299756563,-1.0059428299756563,stop,60,0.0,2024-08-28 05:05:00+00:00,2024-08-28 06:05:00+00:00,2024-07-03 00:00:00+00:00
1724891400000,1724891700000,1724935500000,1,breakout_24,2514.746,2506.255,3306.255,2506.205,8.490999999999985,11.77717583323521,-100.5888587916639,-1.005888587916639,stop,730,1.1010481686491786,2024-08-29 00:35:00+00:00,2024-08-29 12:45:00+00:00,2024-07-03 00:00:00+00:00
1724904000000,1724904300000,1724934900000,1,breakout_24,2517.1155000000003,2508.6785,3308.6785,2508.6285,8.437000000000353,11.852554225435085,-100.5926277112739,-1.005926277112739,stop,510,0.8272490221642319,2024-08-29 04:05:00+00:00,2024-08-29 12:35:00+00:00,2024-07-03 00:00:00+00:00
1724905800000,1724906100000,1724934900000,1,breakout_24,2517.815,2509.38,3309.38,2509.33,8.434999999999945,11.855364552460065,-100.59276822762516,-1.0059276822762515,stop,480,0.7445168938945158,2024-08-29 04:35:00+00:00,2024-08-29 12:35:00+00:00,2024-07-03 00:00:00+00:00
1724911200000,1724911500000,1724934900000,1,breakout_24,2519.27,2510.855,3310.855,2510.805,8.414999999999964,11.883541295306053,-100.59417706476746,-1.0059417706476745,stop,390,0.5733808674985494,2024-08-29 06:05:00+00:00,2024-08-29 12:35:00+00:00,2024-07-03 00:00:00+00:00
1724976000000,1724976300000,1725027000000,1,dip_unconfirmed,2520.1049999999996,2511.6499999999996,3311.6499999999996,2511.5999999999995,8.454999999999927,11.827321111768287,-100.59136605559057,-1.0059136605559056,stop,845,0.7616794795979379,2024-08-30 00:05:00+00:00,2024-08-30 14:10:00+00:00,2024-07-03 00:00:00+00:00
1724977800000,1724978100000,1725028200000,1,dip_unconfirmed,2519.4149999999995,2510.9565000000002,3310.9565000000002,2510.9065,8.458499999999276,11.822427144293735,-100.59112135721684,-1.0059112135721684,stop,835,0.84293905538821,2024-08-30 00:35:00+00:00,2024-08-30 14:30:00+00:00,2024-07-03 00:00:00+00:00
1724979600000,1724979900000,1725028200000,1,dip_unconfirmed,2518.25,2509.815,3309.815,2509.765,8.434999999999945,11.855364552460065,-100.59276822762516,-1.0059276822762515,stop,805,0.983402489626571,2024-08-30 01:05:00+00:00,2024-08-30 14:30:00+00:00,2024-07-03 00:00:00+00:00
1724981400000,1724981700000,1725028200000,1,pullback_ema50,2519.1600000000003,2510.73,3310.73,2510.68,8.430000000000291,11.862396204032805,-100.5931198102038,-1.005931198102038,stop,775,0.8760379596677946,2024-08-30 01:35:00+00:00,2024-08-30 14:30:00+00:00,2024-07-03 00:00:00+00:00
1725267600000,1725267900000,1725270900000,1,breakout_24,2506.7215000000006,2498.244970081165,3311.397961964642,2498.1949700811647,8.476529918835695,11.7972803679711,-100.5898640184007,-1.005898640184007,stop,50,0.0,2024-09-02 09:05:00+00:00,2024-09-02 09:55:00+00:00,2024-07-03 00:00:00+00:00
1725352200000,1725352500000,1725359100000,1,breakout_24,2505.075,2496.71,3296.71,2496.66,8.364999999999782,11.954572624029003,-100.59772863120362,-1.0059772863120362,stop,110,0.10759115361632626,2024-09-03 08:35:00+00:00,2024-09-03 10:25:00+00:00,2024-07-03 00:00:00+00:00
1725418800000,1725419100000,1725431700000,1,breakout_24,2495.7835,2487.375,3287.375,2487.325,8.408500000000004,11.892727597074384,-100.59463637985588,-1.0059463637985588,stop,210,0.07575667479338416,2024-09-04 03:05:00+00:00,2024-09-04 06:35:00+00:00,2024-07-03 00:00:00+00:00
1725516000000,1725516300000,1725626100000,1,breakout_24,2502.4100000000003,2494.0,3294.0,2527.6400000000012,8.41000000000031,11.89060642092703,300.0,3.0,target,1830,2.4697384066586046,2024-09-05 06:05:00+00:00,2024-09-06 12:35:00+00:00,2024-07-03 00:00:00+00:00
1725517800000,1725518100000,1725638700000,1,breakout_24,2506.857,2498.455,3298.455,2498.4049999999997,8.402000000000044,11.90192811235414,-100.59509640561987,-1.0059509640561988,stop,2010,2.6231254463223284,2024-09-05 06:35:00+00:00,2024-09-06 16:05:00+00:00,2024-07-03 00:00:00+00:00
1725525000000,1725525300000,1725549000000,1,breakout_24,2514.4799999999996,2506.015,3306.015,2505.9649999999997,8.46499999999969,11.813349084465877,-100.59066745422544,-1.0059066745422545,stop,395,1.0278204370939978,2024-09-05 08:35:00+00:00,2024-09-05 15:10:00+00:00,2024-07-03 00:00:00+00:00
1725535800000,1725536100000,1725545400000,1,dip_unconfirmed,2516.12,2507.69,3307.69,2507.64,8.429999999999836,11.862396204033445,-100.59311981020383,-1.0059311981020382,stop,155,0.837544483985787,2024-09-05 11:35:00+00:00,2024-09-05 14:10:00+00:00,2024-07-03 00:00:00+00:00
1725537600000,1725537900000,1725548700000,1,dip_unconfirmed,2515.697,2507.265,3307.265,2507.2149999999997,8.432000000000244,11.859582542694154,-100.59297912713686,-1.0059297912713685,stop,180,0.8875118595824959,2024-09-05 12:05:00+00:00,2024-09-05 15:05:00+00:00,2024-07-03 00:00:00+00:00
1725546600000,1725546900000,1725548700000,1,pullback_ema20,2517.672,2507.5190360970405,3481.115426393024,2507.4690360970403,10.152963902959527,9.849340641391487,-100.49246703207137,-1.0049246703207138,stop,30,0.0628387932920698,2024-09-05 14:35:00+00:00,2024-09-05 15:05:00+00:00,2024-07-03 00:00:00+00:00
1725550200000,1725550500000,1725639000000,1,dip_unconfirmed,2506.5115,2495.5927811244887,3547.464668675615,2495.5427811244886,10.918718875511331,9.15858363422851,-100.45792918171308,-1.0045792918171308,stop,1475,2.050148946522072,2024-09-05 15:35:00+00:00,2024-09-06 16:10:00+00:00,2024-07-03 00:00:00+00:00
1725557400000,1725557700000,1725630000000,1,pullback_ema20,2513.183,2502.881498417236,3500.581656693683,2502.8314984172357,10.301501582764104,9.707322684618562,-100.4853661342327,-1.0048536613423271,stop,1205,1.5253601500475662,2024-09-05 17:35:00+00:00,2024-09-06 13:40:00+00:00,2024-07-03 00:00:00+00:00
1725582600000,1725582900000,1725626100000,1,dip_unconfirmed,2516.7114999999994,2508.255,3308.255,2508.205,8.456499999999323,11.825223201088868,-100.5912611600566,-1.005912611600566,stop,720,0.562466741559841,2024-09-06 00:35:00+00:00,2024-09-06 12:35:00+00:00,2024-07-03 00:00:00+00:00
1725625800000,1725626100000,1725626100000,1,pullback_ema50,2516.9535,2508.3514999999998,3308.3514999999998,2508.3014999999996,8.602000000000317,11.62520344105979,-100.5812601720551,-1.0058126017205509,stop,0,0.0,2024-09-06 12:35:00+00:00,2024-09-06 12:35:00+00:00,2024-07-03 00:00:00+00:00
1725627600000,1725627900000,1725628200000,1,pullback_ema20,2522.7799999999997,2514.1120590209125,3333.556156929639,2514.0620590209123,8.667940979087234,11.536765218091086,-100.57683826090664,-1.0057683826090664,stop,5,0.0,2024-09-06 13:05:00+00:00,2024-09-06 13:10:00+00:00,2024-07-03 00:00:00+00:00
1725636600000,1725636900000,1725638700000,1,pullback_ema50,2515.7934999999998,2502.1536444423305,3826.639200209327,2502.1036444423303,13.639855557669307,7.331455936406366,-100.36657279682166,-1.0036657279682166,stop,30,0.0,2024-09-06 15:35:00+00:00,2024-09-06 16:05:00+00:00,2024-07-03 00:00:00+00:00
1725885000000,1725885300000,1725893100000,1,breakout_24,2502.7975,2493.942922666461,3336.700656020335,2493.892922666461,8.854577333539055,11.2935938366277,-100.56467969183345,-1.0056467969183345,stop,130,0.23264803303452444,2024-09-09 12:35:00+00:00,2024-09-09 14:45:00+00:00,2024-07-03 00:00:00+00:00
1725964200000,1725964500000,1726137600000,1,breakout_24,2508.3770000000004,2499.9849999999997,3299.9849999999997,2517.3415,8.392000000000735,11.916110581505153,106.82197330789805,1.0682197330789804,timeout,2885,2.4246901811246633,2024-09-10 10:35:00+00:00,2024-09-12 10:40:00+00:00,2024-07-03 00:00:00+00:00
1725967800000,1725968100000,1726141200000,1,dip_unconfirmed,2505.331,2497.0,3297.0,2517.5965,8.331000000000131,12.00336094106331,147.22722362261172,1.4722722362261171,timeout,2885,2.8080662585523783,2024-09-10 11:35:00+00:00,2024-09-12 11:40:00+00:00,2024-07-03 00:00:00+00:00
1725969600000,1725969900000,1726143000000,1,dip_unconfirmed,2505.0119999999997,2496.6565,3296.6565,2520.3714999999997,8.355499999999665,11.968164681946503,183.82502543235762,1.8382502543235761,timeout,2885,2.8380108910300517,2024-09-10 12:05:00+00:00,2024-09-12 12:10:00+00:00,2024-07-03 00:00:00+00:00
1725973200000,1725973500000,1725977100000,1,breakout_24,2514.315,2505.8985000000002,3305.8985000000002,2505.8485,8.416499999999814,11.881423394522926,-100.59407116972831,-1.0059407116972832,stop,60,0.08691261213091964,2024-09-10 13:05:00+00:00,2024-09-10 14:05:00+00:00,2024-07-03 00:00:00+00:00
1725975000000,1725975300000,1725976500000,1,breakout_24,2515.3465,2506.9365,3306.9365,2506.8864999999996,8.41000000000031,11.89060642092703,-100.59453032104851,-1.005945303210485,stop,20,0.0,2024-09-10 13:35:00+00:00,2024-09-10 13:55:00+00:00,2024-07-03 00:00:00+00:00
1725978600000,1725978900000,1726037100000,1,dip_unconfirmed,2502.2250000000004,2493.8284999999996,3293.8284999999996,2527.4145000000026,8.396500000000742,11.909724289881636,300.0,3.0,target,970,2.970702078246609,2024-09-10 14:35:00+00:00,2024-09-11 06:45:00+00:00,2024-07-03 00:00:00+00:00
1725980400000,1725980700000,1726063800000,1,pullback_ema50,2509.595,2500.9607447853596,3318.386266249444,2500.9107447853594,8.634255214640234,11.581774862345984,-100.5790887431194,-1.005790887431194,stop,1385,2.2155935311668524,2024-09-10 15:05:00+00:00,2024-09-11 14:10:00+00:00,2024-07-03 00:00:00+00:00
1726038000000,1726038300000,1726056900000,1,breakout_24,2527.0535000000004,2518.6485000000002,3318.6485000000002,2518.5985,8.4050000000002,11.897679952408996,-100.5948839976226,-1.005948839976226,stop,310,0.048958953004182064,2024-09-11 07:05:00+00:00,2024-09-11 12:15:00+00:00,2024-07-03 00:00:00+00:00
1726059600000,1726059900000,1726146600000,1,dip_unconfirmed,2508.5915,2498.994862248173,3423.458637430894,2537.381413255481,9.596637751827075,10.42031621762125,300.0,3.0,target,1445,2.7529433415333444,2024-09-11 13:05:00+00:00,2024-09-12 13:10:00+00:00,2024-07-03 00:00:00+00:00
1726072200000,1726072500000,1726148700000,1,pullback_ema50,2516.4105,2505.7007075630236,3531.9799512606573,2548.539877310929,10.709792436976386,9.337249119295933,300.0,3.0,target,1270,2.618164653050576,2024-09-11 16:35:00+00:00,2024-09-12 13:45:00+00:00,2024-07-03 00:00:00+00:00
1726138800000,1726139100000,1726146600000,1,dip_unconfirmed,2513.6300000000006,2505.2765,3305.2765,2538.6905000000024,8.353500000000622,11.971030107139828,300.0,3.0,target,125,2.5594660920569474,2024-09-12 11:05:00+00:00,2024-09-12 13:10:00+00:00,2024-07-03 00:00:00+00:00
1726142400000,1726142700000,1726148700000,1,pullback_ema50,2520.017,2511.615,3311.615,2545.223,8.402000000000044,11.90192811235414,300.0,3.0,target,100,2.90805760533206,2024-09-12 12:05:00+00:00,2024-09-12 13:45:00+00:00,2024-07-03 00:00:00+00:00
1726146000000,1726146300000,1726166400000,1,breakout_24,2529.0385,2520.121307917625,3367.9905161551246,2555.7900762471254,8.917192082375095,11.214292467429386,300.0,3.0,target,335,2.8965396014123566,2024-09-12 13:05:00+00:00,2024-09-12 18:40:00+00:00,2024-07-03 00:00:00+00:00
1726147800000,1726148100000,1726232400000,1,breakout_24,2540.047,2528.815428780652,3606.422550715478,2573.7417136580443,11.231571219348098,8.903473792494387,300.0,3.0,target,1405,2.956710094380555,2024-09-12 13:35:00+00:00,2024-09-13 13:00:00+00:00,2024-07-03 00:00:00+00:00
1726149600000,1726149900000,1726243800000,1,breakout_24,2545.8965,2533.468076724891,3737.310404235805,2583.1817698253262,12.428423275108798,8.046072923849996,300.0,3.0,target,1565,2.987506876625476,2024-09-12 14:05:00+00:00,2024-09-13 16:10:00+00:00,2024-07-03 00:00:00+00:00
1726153200000,1726153500000,1726437900000,1,breakout_24,2553.8835,2540.357257482176,3848.1315092645473,2578.227,13.526242517823903,7.393036156806093,179.97237568320875,1.7997237568320876,timeout,4740,2.3570108223321315,2024-09-12 15:05:00+00:00,2024-09-15 22:05:00+00:00,2024-07-03 00:00:00+00:00
1726158600000,1726158900000,1726437900000,1,dip_unconfirmed,2546.161,2532.7625468980837,3822.657857089729,2578.227,13.398453101916402,7.463548160324332,239.32613530895856,2.3932613530895854,timeout,4650,2.9558636134148344,2024-09-12 16:35:00+00:00,2024-09-15 22:05:00+00:00,2024-07-03 00:00:00+00:00
1726167600000,1726167900000,1726437900000,1,breakout_24,2556.439,2544.373125276912,3704.710597585671,2578.227,12.065874723087745,8.287836754069104,180.57538719765773,1.8057538719765773,timeout,4500,2.4304910064983076,2024-09-12 19:05:00+00:00,2024-09-15 22:05:00+00:00,2024-07-03 00:00:00+00:00
1726232400000,1726232700000,1726437900000,1,breakout_24,2576.3104999999996,2567.272164907921,3428.8556741158395,2578.227,9.038335092078796,11.063984570304333,21.204126428991234,0.21204126428991235,timeout,3420,1.0460444211994542,2024-09-13 13:05:00+00:00,2024-09-15 22:05:00+00:00,2024-07-03 00:00:00+00:00
1726255800000,1726256100000,1726437900000,1,dip_unconfirmed,2582.1035,2573.274837893531,3423.7910485404136,2578.227,8.828662106468983,11.326744504892478,-43.90812507321915,-0.4390812507321915,timeout,3030,0.06359967039489668,2024-09-13 19:35:00+00:00,2024-09-15 22:05:00+00:00,2024-07-03 00:00:00+00:00
1726261200000,1726437900000,1726569900000,1,dip_unconfirmed,2579.621,2570.015,3370.015,2569.9649999999997,9.606000000000222,10.410160316468634,-100.52050801582533,-1.0052050801582533,stop,2200,1.0102019571100873,2024-09-15 22:05:00+00:00,2024-09-17 10:45:00+00:00,2024-07-03 00:00:00+00:00
1726439400000,1726439700000,1726569600000,1,dip_unconfirmed,2578.9649999999997,2570.5405,3370.5405,2570.4905,8.424499999999625,11.870140661167364,-100.59350703306053,-1.0059350703306054,stop,2165,1.2297465724969538,2024-09-15 22:35:00+00:00,2024-09-17 10:40:00+00:00,2024-07-03 00:00:00+00:00
1726441200000,1726441500000,1726566300000,1,pullback_ema20,2580.7219999999998,2572.12,3372.12,2572.0699999999997,8.601999999999862,11.625203441060405,-100.58126017205514,-1.0058126017205513,stop,2080,1.0001162520344342,2024-09-15 23:05:00+00:00,2024-09-17 09:45:00+00:00,2024-07-03 00:00:00+00:00
1726444800000,1726445100000,1726569300000,1,dip_unconfirmed,2579.6399999999994,2571.205,3371.205,2571.1549999999997,8.43499999999949,11.855364552460705,-100.5927682276252,-1.005927682276252,stop,2070,1.1481920569058666,2024-09-16 00:05:00+00:00,2024-09-17 10:35:00+00:00,2024-07-03 00:00:00+00:00
1726446600000,1726446900000,1726550400000,1,pullback_ema20,2582.7704999999996,2574.3235,3374.3235,2574.2735,8.446999999999662,11.838522552385937,-100.59192612762146,-1.0059192612762147,stop,1725,0.7759559606961586,2024-09-16 00:35:00+00:00,2024-09-17 05:20:00+00:00,2024-07-03 00:00:00+00:00
1726554600000,1726554900000,1726563900000,1,pullback_ema50,2585.6879999999996,2577.26,3377.26,2577.21,8.427999999999429,11.865211200760177,-100.59326056004016,-1.0059326056004017,stop,150,0.11532985287135958,2024-09-17 06:35:00+00:00,2024-09-17 09:05:00+00:00,2024-07-03 00:00:00+00:00
1726563600000,1726563900000,1726566300000,1,dip_unconfirmed,2580.4900000000002,2572.1949999999997,3372.1949999999997,2572.1449999999995,8.295000000000528,12.05545509342901,-100.60277275467365,-1.0060277275467364,stop,40,0.0,2024-09-17 09:05:00+00:00,2024-09-17 09:45:00+00:00,2024-07-03 00:00:00+00:00
1726684200000,1726684500000,1726685100000,1,pullback_ema20,2594.8059999999996,2582.2757944254076,3799.6963518846405,2582.2257944254075,12.530205574591946,7.980715033341068,-100.3990357516685,-1.003990357516685,stop,10,0.40769482747828684,2024-09-18 18:35:00+00:00,2024-09-18 18:45:00+00:00,2024-07-03 00:00:00+00:00
1726687800000,1726688100000,1726689000000,1,dip_unconfirmed,2566.24,2548.1954911117036,4298.496379941356,2548.1454911117034,18.04450888829615,5.541852129035277,-100.27709260645277,-1.0027709260645277,stop,15,0.0,2024-09-18 19:35:00+00:00,2024-09-18 19:50:00+00:00,2024-07-03 00:00:00+00:00
1726738200000,1726738500000,1726749900000,1,breakout_24,2591.2965,2579.670701431314,3692.600558299976,2579.6207014313136,11.62579856868615,8.601559661402353,-100.43007798307168,-1.0043007798307169,stop,190,0.27684119770223037,2024-09-19 09:35:00+00:00,2024-09-19 12:45:00+00:00,2024-07-03 00:00:00+00:00
1726752600000,1726752900000,1726835100000,1,pullback_ema50,2578.9934999999996,2566.419322225929,3771.837099633015,2616.716033322211,12.57417777407045,7.952806282587534,300.0,3.0,target,1370,2.99860560884966,2024-09-19 13:35:00+00:00,2024-09-20 12:25:00+00:00,2024-07-03 00:00:00+00:00
1726756200000,1726756500000,1726847100000,1,pullback_ema50,2580.67,2567.0684793682753,3884.7205425407146,2621.4745618951742,13.601520631724725,7.3521191275302,300.0,3.0,target,1510,2.832330372689726,2024-09-19 14:35:00+00:00,2024-09-20 15:45:00+00:00,2024-07-03 00:00:00+00:00
1726772400000,1726772700000,1726847100000,1,dip_unconfirmed,2588.762,2577.851584585725,3628.1931260132037,2621.4932462428255,10.910415414275121,9.165553849504263,300.0,3.0,target,1240,2.7892613474811183,2024-09-19 19:05:00+00:00,2024-09-20 15:45:00+00:00,2024-07-03 00:00:00+00:00
1726774200000,1726774500000,1726835400000,1,dip_unconfirmed,2587.7250000000004,2577.328828543888,3587.7959741551194,2618.9135143683375,10.39617145611237,9.618925622971096,300.0,3.0,target,1015,2.8822148736670536,2024-09-19 19:35:00+00:00,2024-09-20 12:30:00+00:00,2024-07-03 00:00:00+00:00
1726779600000,1726783500000,1726834800000,1,dip_unconfirmed,2587.4550000000004,2577.8463202663706,3479.714293629293,2616.2810392008896,9.608679733629742,10.407257060510263,300.0,3.0,target,855,2.9858420506603998,2024-09-19 22:05:00+00:00,2024-09-20 12:20:00+00:00,2024-07-03 00:00:00+00:00
1726835400000,1726835700000,1726838100000,1,breakout_24,2617.91,2609.3074600981145,3431.7114502866643,2609.2574600981143,8.602539901885393,11.624473834533832,-100.5812236917288,-1.005812236917288,stop,40,0.025573842436004034,2024-09-20 12:35:00+00:00,2024-09-20 13:15:00+00:00,2024-07-03 00:00:00+00:00
1726839000000,1726839300000,1727042700000,1,dip_unconfirmed,2609.89,2600.7825931458233,3467.0232785635008,2620.5624999999995,9.107406854176588,10.980073867474225,117.18483835061507,1.1718483835061506,timeout,3390,1.701746748350559,2024-09-20 13:35:00+00:00,2024-09-22 22:05:00+00:00,2024-07-03 00:00:00+00:00
1726840800000,1726841100000,1727042700000,1,dip_unconfirmed,2607.215,2597.4279793496935,3531.1300443803934,2620.5624999999995,9.787020650306658,10.217614080222328,136.3796039357614,1.3637960393576138,timeout,3360,1.8568980948692386,2024-09-20 14:05:00+00:00,2024-09-22 22:05:00+00:00,2024-07-03 00:00:00+00:00
1726842600000,1726842900000,1727042700000,1,pullback_ema20,2613.976,2603.5981236818584,3596.635755496075,2620.5624999999995,10.377876318141716,9.635882808237804,63.46674211645283,0.6346674211645282,timeout,3330,1.0996951254901743,2024-09-20 14:35:00+00:00,2024-09-22 22:05:00+00:00,2024-07-03 00:00:00+00:00
1726848000000,1726848300000,1727042700000,1,breakout_24,2623.2884999999997,2611.638062401254,3733.9818222758395,2620.5624999999995,11.650437598745611,8.58336857756887,-23.398262742453706,-0.23398262742453707,timeout,3240,0.18025074012901654,2024-09-20 16:05:00+00:00,2024-09-22 22:05:00+00:00,2024-07-03 00:00:00+00:00
1726849800000,1726850100000,1727042700000,1,breakout_24,2623.713,2612.0403079440216,3730.809513541857,2620.5624999999995,11.672692055978587,8.567004039893387,-26.990346227689663,-0.26990346227689666,timeout,3210,0.143540152688438,2024-09-20 16:35:00+00:00,2024-09-22 22:05:00+00:00,2024-07-03 00:00:00+00:00
1727053200000,1727053500000,1727189700000,1,dip_unconfirmed,2618.797,2610.4,3410.4,2643.988,8.396999999999935,11.9090151244493,300.0,3.0,target,2270,2.9666547576515723,2024-09-23 01:05:00+00:00,2024-09-24 14:55:00+00:00,2024-07-03 00:00:00+00:00
1727055000000,1727055300000,1727189700000,1,pullback_ema20,2619.3205000000003,2610.9404999999997,3410.9404999999997,2644.460500000002,8.380000000000564,11.933174224342872,300.0,3.0,target,2240,2.9102028639615964,2024-09-23 01:35:00+00:00,2024-09-24 14:55:00+00:00,2024-07-03 00:00:00+00:00
1727056800000,1727057100000,1727189700000,1,pullback_ema20,2620.5645,2612.23,3412.23,2645.5679999999998,8.334499999999935,11.99832023516717,300.0,3.0,target,2210,2.7768312436259297,2024-09-23 02:05:00+00:00,2024-09-24 14:55:00+00:00,2024-07-03 00:00:00+00:00
1727062200000,1727062500000,1727075100000,1,breakout_24,2631.3309999999997,2622.9449999999997,3422.9449999999997,2622.8949999999995,8.385999999999967,11.92463629859294,-100.59623181493183,-1.0059623181493182,stop,210,0.0,2024-09-23 03:35:00+00:00,2024-09-23 07:05:00+00:00,2024-07-03 00:00:00+00:00
1727069400000,1727069700000,1727075400000,1,dip_unconfirmed,2629.2,2620.7635,3420.7635,2620.7135,8.436499999999796,11.853256682273742,-100.59266283411584,-1.0059266283411583,stop,95,0.2150180762164819,2024-09-23 05:35:00+00:00,2024-09-23 07:10:00+00:00,2024-07-03 00:00:00+00:00
1727074800000,1727075100000,1727077200000,1,dip_unconfirmed,2624.8595000000005,2616.5265,3416.5265,2616.4764999999998,8.333000000000538,12.000480019199992,-100.60002400096218,-1.0060002400096217,stop,35,0.0,2024-09-23 07:05:00+00:00,2024-09-23 07:40:00+00:00,2024-07-03 00:00:00+00:00
1727076600000,1727076900000,1727189700000,1,dip_unconfirmed,2619.8900000000003,2611.4465,3411.4465,2645.2205000000013,8.443500000000313,11.843429857286232,300.0,3.0,target,1880,2.8208681234084056,2024-09-23 07:35:00+00:00,2024-09-24 14:55:00+00:00,2024-07-03 00:00:00+00:00
1727078400000,1727078700000,1727189100000,1,dip_unconfirmed,2615.6185,2607.0048853280177,3429.1663525262325,2641.459344015947,8.613614671982305,11.60952791692345,300.0,3.0,target,1840,2.8017273721911673,2024-09-23 08:05:00+00:00,2024-09-24 14:45:00+00:00,2024-07-03 00:00:00+00:00
1727190000000,1727190300000,1727348700000,1,breakout_24,2644.0474999999997,2633.3569936278764,3661.6076308402735,2676.1190191163696,10.69050637212331,9.354093858524903,300.0,3.0,target,2640,2.929000639450653,2024-09-24 15:05:00+00:00,2024-09-26 11:05:00+00:00,2024-07-03 00:00:00+00:00
1727197200000,1727197500000,1727370600000,1,breakout_24,2654.0,2642.2066151474846,3781.8951003990246,2669.8419999999996,11.793384852515373,8.479329831983845,134.32954319828505,1.3432954319828505,timeout,2885,2.6455509075789827,2024-09-24 17:05:00+00:00,2024-09-26 17:10:00+00:00,2024-07-03 00:00:00+00:00
1727202600000,1727202900000,1727376000000,1,breakout_24,2656.642,2645.43540779119,3720.394628672245,2674.7630000000004,11.20659220880998,8.923319251447888,161.69946815549207,1.6169946815549208,timeout,2885,2.5483215118285276,2024-09-24 18:35:00+00:00,2024-09-26 18:40:00+00:00,2024-07-03 00:00:00+00:00
1727204400000,1727204700000,1727377800000,1,breakout_24,2657.7800000000007,2647.1194500918186,3672.1744409099465,2677.228,10.66054990818202,9.38037914190989,182.429613551858,1.82429613551858,timeout,2885,2.5720999607116557,2024-09-24 19:05:00+00:00,2024-09-26 19:10:00+00:00,2024-07-03 00:00:00+00:00
1727206200000,1727206500000,1727283000000,1,breakout_24,2660.7885,2650.1236322281175,3670.4104094163768,2650.0736322281173,10.664867771882655,9.376581326553769,-100.46882906632939,-1.004688290663294,stop,1275,0.877741777978644,2024-09-24 19:35:00+00:00,2024-09-25 16:50:00+00:00,2024-07-03 00:00:00+00:00
1727283600000,1727283900000,1727457000000,1,dip_unconfirmed,2654.1290000000004,2643.619308452332,3663.538463219164,2648.5285000000003,10.509691547668353,9.515027110589719,-53.28890933285782,-0.5328890933285781,timeout,2885,2.9564140735313233,2024-09-25 17:05:00+00:00,2024-09-27 17:10:00+00:00,2024-07-03 00:00:00+00:00
1727350200000,1727350500000,1727354400000,1,breakout_24,2678.5600000000004,2670.0658390583644,3479.9819332219176,2670.0158390583642,8.494160941635982,11.772793179586248,-100.58863965898145,-1.0058863965898146,stop,65,0.781713467124512,2024-09-26 11:35:00+00:00,2024-09-26 12:40:00+00:00,2024-07-03 00:00:00+00:00
1727355600000,1727355900000,1727356500000,1,dip_unconfirmed,2677.8019999999997,2666.867713342284,3714.5963791139015,2666.8177133422837,10.934286657715802,9.145544024075388,-100.45727720120543,-1.0045727720120543,stop,10,0.14061273937019236,2024-09-26 13:05:00+00:00,2024-09-26 13:15:00+00:00,2024-07-03 00:00:00+00:00
1727357400000,1727357700000,1727358900000,1,dip_unconfirmed,2668.4325,2655.2881623892636,3917.821923462903,2655.2381623892634,13.14433761073633,7.607838672548987,-100.38039193362883,-1.0038039193362882,stop,20,0.04671212944948787,2024-09-26 13:35:00+00:00,2024-09-26 13:55:00+00:00,2024-07-03 00:00:00+00:00
1727359200000,1727359500000,1727449500000,1,dip_unconfirmed,2661.4225,2647.0993293614592,4028.6663932155525,2647.049329361459,14.323170638540887,6.981694383429274,-100.34908471917274,-1.0034908471917274,stop,1500,1.124611331282768,2024-09-26 14:05:00+00:00,2024-09-27 15:05:00+00:00,2024-07-03 00:00:00+00:00
1727398800000,1727399100000,1727422200000,1,dip_unconfirmed,2670.2,2661.8464999999997,3461.8464999999997,2661.7964999999995,8.353500000000167,11.97103010714048,-100.59855150535921,-1.0059855150535921,stop,385,0.41383851080388645,2024-09-27 01:05:00+00:00,2024-09-27 07:30:00+00:00,2024-07-03 00:00:00+00:00
1727404200000,1727404500000,1727422200000,1,dip_unconfirmed,2669.8415000000005,2661.4555,3461.4555,2661.4055,8.386000000000422,11.924636298592294,-100.59623181493178,-1.0059623181493178,stop,295,0.45498449797275337,2024-09-27 02:35:00+00:00,2024-09-27 07:30:00+00:00,2024-07-03 00:00:00+00:00
1727406000000,1727406300000,1727422200000,1,dip_unconfirmed,2669.4570000000003,2661.0145,3461.0145,2660.9645,8.44250000000011,11.844832691738077,-100.59224163458906,-1.0059224163458906,stop,265,0.4974829730529777,2024-09-27 03:05:00+00:00,2024-09-27 07:30:00+00:00,2024-07-03 00:00:00+00:00
1727422200000,1727422500000,1727448600000,1,dip_unconfirmed,2662.7645,2654.1111590954242,3482.495249553019,2654.061159095424,8.653340904575998,11.556230258664456,-100.57781151293533,-1.0057781151293532,stop,435,1.291813199464752,2024-09-27 07:35:00+00:00,2024-09-27 14:50:00+00:00,2024-07-03 00:00:00+00:00
1727760600000,1727760900000,1727790900000,1,breakout_24,2643.31,2634.8795,3434.8795,2668.6014999999998,8.430499999999938,11.861692663543174,300.0,3.0,target,500,2.919992882984392,2024-10-01 05:35:00+00:00,2024-10-01 13:55:00+00:00,2024-07-03 00:00:00+00:00
1727764200000,1727764500000,1727790900000,1,breakout_24,2645.065,2636.7,3436.7,2670.1600000000008,8.365000000000236,11.954572624028353,300.0,3.0,target,440,2.7330543933053173,2024-10-01 06:35:00+00:00,2024-10-01 13:55:00+00:00,2024-07-03 00:00:00+00:00
1727776800000,1727777100000,1727882400000,1,breakout_24,2649.185,2640.7650000000003,3440.7650000000003,2640.715,8.419999999999618,11.87648456057061,-100.59382422803068,-1.005938242280307,stop,1755,2.7968527315915854,2024-10-01 10:05:00+00:00,2024-10-02 15:20:00+00:00,2024-07-03 00:00:00+00:00
1727785800000,1727786100000,1727788200000,1,breakout_24,2656.3469999999993,2647.925,3447.925,2647.875,8.421999999999116,11.873664212777308,-100.59368321064102,-1.0059368321064102,stop,35,0.0,2024-10-01 12:35:00+00:00,2024-10-01 13:10:00+00:00,2024-07-03 00:00:00+00:00
1727791200000,1727791500000,1727792400000,1,breakout_24,2668.9789999999994,2658.3344393780353,3654.540501574507,2658.284439378035,10.644560621964047,9.394469490235176,-100.46972347451347,-1.0046972347451346,stop,15,0.04809968379006288,2024-10-01 14:05:00+00:00,2024-10-01 14:20:00+00:00,2024-07-03 00:00:00+00:00
1727807400000,1727807700000,1727847000000,1,dip_unconfirmed,2662.2565,2648.8595284616968,3946.4066822920367,2648.8095284616966,13.396971538303205,7.4643735499542245,-100.37321867749907,-1.0037321867749907,stop,655,0.1779506654309098,2024-10-01 18:35:00+00:00,2024-10-02 05:30:00+00:00,2024-07-03 00:00:00+00:00
1727809200000,1727809500000,1727847000000,1,dip_unconfirmed,2661.5065,2648.4249907144326,3919.7759192711706,2648.3749907144324,13.081509285567336,7.644377863212522,-100.38221889316202,-1.0038221889316201,stop,625,0.19172099680939036,2024-10-01 19:05:00+00:00,2024-10-02 05:30:00+00:00,2024-07-03 00:00:00+00:00
1727814600000,1727814900000,1727847000000,1,pullback_ema20,2660.2190000000005,2648.189047412394,3812.7843061730186,2648.1390474123937,12.029952587606658,8.312584714840913,-100.41562923574355,-1.0041562923574354,stop,535,0.28670104681483105,2024-10-01 20:35:00+00:00,2024-10-02 05:30:00+00:00,2024-07-03 00:00:00+00:00
1727823600000,1727823900000,1727847000000,1,dip_unconfirmed,2662.68,2651.806716896877,3685.135027209239,2651.7567168968767,10.873283103122958,9.196854257503754,-100.45984271287686,-1.0045984271287687,stop,385,0.0,2024-10-01 23:05:00+00:00,2024-10-02 05:30:00+00:00,2024-07-03 00:00:00+00:00
1727847000000,1727847300000,1727882400000,1,dip_unconfirmed,2649.9455,2641.1634593845724,3473.3175209273168,2641.1134593845723,8.782040615427377,11.386875144295095,-100.56934375721683,-1.0056934375721682,stop,585,1.4843361094345822,2024-10-02 05:35:00+00:00,2024-10-02 15:20:00+00:00,2024-07-03 00:00:00+00:00
1727848800000,1727849100000,1727964300000,1,dip_unconfirmed,2648.5099999999998,2639.554283714246,3493.6259122896477,2639.504283714246,8.955716285753624,11.166052698551402,-100.55830263492959,-1.005583026349296,stop,1920,1.615839486007374,2024-10-02 06:05:00+00:00,2024-10-03 14:05:00+00:00,2024-07-03 00:00:00+00:00
1727856000000,1727856300000,1727871600000,1,pullback_ema50,2655.87,2647.4617169450903,3449.290022436073,2647.41171694509,8.408283054909589,11.893034445553077,-100.5946517222798,-1.0059465172227982,stop,255,0.0,2024-10-02 08:05:00+00:00,2024-10-02 12:20:00+00:00,2024-07-03 00:00:00+00:00
1727915400000,1727915700000,1727940300000,1,dip_unconfirmed,2659.0225000000005,2650.5699999999997,3450.5699999999997,2650.5199999999995,8.452500000000782,11.83081928423434,-100.59154096421388,-1.0059154096421388,stop,410,0.0,2024-10-03 00:35:00+00:00,2024-10-03 07:25:00+00:00,2024-10-03 00:00:00+00:00
1727917200000,1727917500000,1727940600000,1,dip_unconfirmed,2658.3235,2649.87,3449.87,2649.8199999999997,8.453500000000076,11.829419766960324,-100.59147098835017,-1.0059147098835017,stop,385,0.02874549003370627,2024-10-03 01:05:00+00:00,2024-10-03 07:30:00+00:00,2024-10-03 00:00:00+00:00
1727919000000,1727919300000,1727940600000,1,dip_unconfirmed,2657.75,2649.3055,3449.3055,2649.2554999999998,8.444500000000062,11.842027355083104,-100.59210136775631,-1.0059210136775631,stop,355,0.06572325182069184,2024-10-03 01:35:00+00:00,2024-10-03 07:30:00+00:00,2024-10-03 00:00:00+00:00
1727920800000,1727921100000,1727940300000,1,pullback_ema20,2658.7749999999996,2650.3199999999997,3450.3199999999997,2650.2699999999995,8.454999999999927,11.827321111768287,-100.59136605559057,-1.0059136605559056,stop,320,0.0,2024-10-03 02:05:00+00:00,2024-10-03 07:25:00+00:00,2024-10-03 00:00:00+00:00
1728000000000,1728000300000,1728045300000,1,pullback_ema20,2656.317,2647.84,3447.84,2647.79,8.476999999999862,11.796626164917026,-100.589831308248,-1.00589831308248,stop,750,1.3156777161732252,2024-10-04 00:05:00+00:00,2024-10-04 12:35:00+00:00,2024-10-03 00:00:00+00:00
1728012600000,1728012900000,1728045000000,1,breakout_24,2664.065,2655.62,3455.62,2655.5699999999997,8.445000000000164,11.841326228537367,-100.59206631142902,-1.0059206631142903,stop,535,0.403197158081721,2024-10-04 03:35:00+00:00,2024-10-04 12:30:00+00:00,2024-10-03 00:00:00+00:00
1728018000000,1728018300000,1728043800000,1,breakout_24,2664.5445,2656.115,3456.115,2656.0649999999996,8.42950000000019,11.863099827984787,-100.5931549914014,-1.005931549914014,stop,425,0.34705498546772856,2024-10-04 05:05:00+00:00,2024-10-04 12:10:00+00:00,2024-10-03 00:00:00+00:00
1728019800000,1728020100000,1728025500000,1,breakout_24,2667.2185000000004,2658.8295,3458.8295,2658.7794999999996,8.389000000000578,11.920371915602946,-100.59601859578233,-1.0059601859578233,stop,90,0.029979735367723626,2024-10-04 05:35:00+00:00,2024-10-04 07:05:00+00:00,2024-10-03 00:00:00+00:00
1728295200000,1728295500000,1728304200000,1,breakout_24,2657.0545,2648.3480849462208,3479.3395903241963,2648.2980849462206,8.706415053779438,11.48578368735019,-100.57428918436959,-1.005742891843696,stop,145,0.256534978656946,2024-10-07 10:05:00+00:00,2024-10-07 12:30:00+00:00,2024-10-03 00:00:00+00:00
1728297000000,1728297300000,1728303900000,1,breakout_24,2658.7850000000003,2650.225078878633,3462.7171910153197,2650.175078878633,8.559921121367097,11.6823506411037,-100.58411753205732,-1.0058411753205732,stop,110,0.058762223724716754,2024-10-07 10:35:00+00:00,2024-10-07 12:25:00+00:00,2024-10-03 00:00:00+00:00
1728387000000,1728387300000,1728394200000,1,breakout_24,2648.9390000000003,2638.7813570332128,3611.6456537119493,2638.7313570332126,10.157642966787535,9.844803595378396,-100.4922401797707,-1.004922401797707,stop,115,0.36189498016605826,2024-10-08 11:35:00+00:00,2024-10-08 13:30:00+00:00,2024-10-03 00:00:00+00:00
1728388800000,1728389100000,1728390900000,1,breakout_24,2651.2949999999996,2641.240474387983,3598.1930355896684,2641.1904743879827,10.054525612016732,9.945770079941349,-100.49728850399887,-1.0049728850399888,stop,30,0.1312841650552421,2024-10-08 12:05:00+00:00,2024-10-08 12:35:00+00:00,2024-10-03 00:00:00+00:00
1728565200000,1728565500000,1728567300000,1,breakout_24,2625.559,2615.699939337509,3555.20600558661,2615.649939337509,9.859060662491174,10.142954123454205,-100.50714770617455,-1.0050714770617455,stop,30,0.18394247302881656,2024-10-10 13:05:00+00:00,2024-10-10 13:35:00+00:00,2024-10-03 00:00:00+00:00
1728588600000,1728588900000,1728857100000,1,breakout_24,2631.0965,2619.9444675229893,3701.64771522408,2649.217,11.152032477010835,8.966975320968915,162.48607630361715,1.6248607630361716,timeout,4470,2.6873128339411787,2024-10-10 19:35:00+00:00,2024-10-13 22:05:00+00:00,2024-10-03 00:00:00+00:00
1728603000000,1728603300000,1728857100000,1,breakout_24,2632.9420000000005,2623.7388678744182,3496.85208043264,2649.217,9.203132125582215,10.865865950356953,176.84196834205545,1.7684196834205546,timeout,4230,3.0558618105486044,2024-10-10 23:35:00+00:00,2024-10-13 22:05:00+00:00,2024-10-03 00:00:00+00:00
1728604800000,1728605100000,1728857100000,1,breakout_24,2633.69,2624.5655915976736,3489.5064318303116,2649.217,9.12440840232648,10.95961465014024,170.169936672728,1.70169936672728,timeout,4200,3.0002493085491526,2024-10-11 00:05:00+00:00,2024-10-13 22:05:00+00:00,2024-10-03 00:00:00+00:00
1728612000000,1728612300000,1728857100000,1,breakout_24,2638.3199999999997,2629.7684649786847,3440.2719671102004,2649.217,8.551535021314976,11.693806989124969,127.42741476049933,1.2742741476049932,timeout,4080,2.659814868711472,2024-10-11 02:05:00+00:00,2024-10-13 22:05:00+00:00,2024-10-03 00:00:00+00:00
1728613800000,1728614100000,1728857100000,1,breakout_24,2641.021,2632.3138960516358,3461.4242908880437,2649.217,8.70710394836442,11.484874947287661,94.13003506796866,0.9413003506796866,timeout,4050,2.302085758809072,2024-10-11 02:35:00+00:00,2024-10-13 22:05:00+00:00,2024-10-03 00:00:00+00:00
1728864000000,1728864300000,1728911700000,1,dip_unconfirmed,2648.575,2640.085,3440.085,2648.5249999999996,8.489999999999782,11.778563015312434,-0.5889281507677642,-0.005889281507677642,breakeven,790,2.114075382803402,2024-10-14 00:05:00+00:00,2024-10-14 13:15:00+00:00,2024-10-03 00:00:00+00:00
1728865800000,1728866100000,1728912000000,1,dip_unconfirmed,2647.7594999999997,2639.37,3439.37,2647.7094999999995,8.38949999999977,11.919661481614249,-0.5959830740828806,-0.0059598307408288064,breakeven,765,2.2366052804101666,2024-10-14 00:35:00+00:00,2024-10-14 13:20:00+00:00,2024-10-03 00:00:00+00:00
1728867600000,1728867900000,1728915900000,1,dip_unconfirmed,2647.1995000000006,2638.7795,3438.7795,2647.1495000000004,8.420000000000528,11.876484560569327,-0.5938242280306267,-0.005938242280306268,breakeven,800,2.295011876484371,2024-10-14 01:05:00+00:00,2024-10-14 14:25:00+00:00,2024-10-03 00:00:00+00:00
1728869400000,1728869700000,1728911700000,1,pullback_ema50,2648.4449999999997,2640.02,3440.02,2648.3949999999995,8.424999999999727,11.8694362017808,-0.5934718100911991,-0.005934718100911991,breakeven,700,2.145816023739005,2024-10-14 01:35:00+00:00,2024-10-14 13:15:00+00:00,2024-10-03 00:00:00+00:00
1728873000000,1728873300000,1728911700000,1,pullback_ema50,2648.605,2640.23,3440.23,2648.555,8.375,11.940298507462687,-0.5970149253753063,-0.005970149253753063,breakeven,640,2.139522388059728,2024-10-14 02:35:00+00:00,2024-10-14 13:15:00+00:00,2024-10-03 00:00:00+00:00
1728912600000,1728912900000,1728917700000,1,pullback_ema50,2653.8194999999996,2645.1811782045597,3474.563357748584,2645.1311782045595,8.638321795439879,11.576322620070652,-100.57881613100564,-1.0057881613100563,stop,80,0.8157834550364345,2024-10-14 13:35:00+00:00,2024-10-14 14:55:00+00:00,2024-10-03 00:00:00+00:00
1728918000000,1728918300000,1729091400000,1,dip_unconfirmed,2646.2255,2635.684473948768,3639.237079072028,2669.3935,10.541026051232166,9.486742515763991,219.78885060522128,2.197888506052213,timeout,2885,3.682373974918975,2024-10-14 15:05:00+00:00,2024-10-16 15:10:00+00:00,2024-10-03 00:00:00+00:00
1728919800000,1728920100000,1729093200000,1,dip_unconfirmed,2646.175,2635.9598686667127,3616.973001995455,2673.8665,10.215131333287445,9.789399346647253,271.08315200768146,2.7108315200768147,timeout,2885,3.804796897064663,2024-10-14 15:35:00+00:00,2024-10-16 15:40:00+00:00,2024-10-03 00:00:00+00:00
1728981000000,1728981300000,1728993300000,1,breakout_24,2655.195,2646.81,3446.81,2646.7599999999998,8.385000000000218,11.926058437686034,-100.59630292188648,-1.0059630292188648,stop,200,0.15146094215861047,2024-10-15 08:35:00+00:00,2024-10-15 11:55:00+00:00,2024-10-03 00:00:00+00:00
1728988200000,1728988500000,1728993300000,1,breakout_24,2656.3899999999994,2647.9049999999997,3447.9049999999997,2647.8549999999996,8.484999999999673,11.7855038302892,-100.5892751915166,-1.0058927519151661,stop,80,0.0,2024-10-15 10:35:00+00:00,2024-10-15 11:55:00+00:00,2024-10-03 00:00:00+00:00
1728991800000,1728992100000,1729165200000,1,dip_unconfirmed,2651.3649999999993,2642.95,3442.95,2687.003,8.414999999999509,11.883541295306694,423.5056446821498,4.235056446821498,timeout,2885,4.41194295900213,2024-10-15 11:35:00+00:00,2024-10-17 11:40:00+00:00,2024-10-03 00:00:00+00:00
1728993600000,1728993900000,1729167000000,1,dip_unconfirmed,2648.1749999999997,2639.7510963581635,3443.6414605418213,2679.9750000000004,8.423903641836205,11.870980990732516,377.4971955053016,3.774971955053016,timeout,2885,4.785964051128717,2024-10-15 12:05:00+00:00,2024-10-17 12:10:00+00:00,2024-10-03 00:00:00+00:00
1728995400000,1728995700000,1728997200000,1,pullback_ema20,2656.3055,2646.9922323325804,3523.3189990745504,2646.9422323325803,9.313267667419495,10.737369908289969,-100.53686849541646,-1.0053686849541645,stop,25,0.08423466693050824,2024-10-15 12:35:00+00:00,2024-10-15 13:00:00+00:00,2024-10-03 00:00:00+00:00
1728999000000,1728999300000,1729091400000,1,pullback_ema20,2652.3044999999997,2642.0421926745207,3624.672925222439,2667.647960988218,10.262307325479014,9.744397320057095,149.51278013399536,1.4951278013399536,ladder_lock_1.50R,1535,3.1900233506671434,2024-10-15 13:35:00+00:00,2024-10-16 15:10:00+00:00,2024-10-03 00:00:00+00:00
1729092600000,1729092900000,1729266000000,1,pullback_ema50,2675.2070000000003,2663.9284472119716,3752.583726014821,2713.9735,11.278552788028719,8.866385774790361,343.71874413840806,3.4371874413840806,timeout,2885,3.9534770850501517,2024-10-16 15:35:00+00:00,2024-10-18 15:40:00+00:00,2024-10-03 00:00:00+00:00
1729096200000,1729096500000,1729269600000,1,dip_unconfirmed,2668.5285000000003,2657.1696662184854,3749.3530443699274,2714.9790000000003,11.358833781514932,8.803720692060605,408.9372280065604,4.0893722800656045,timeout,2885,4.513491524405633,2024-10-16 16:35:00+00:00,2024-10-18 16:40:00+00:00,2024-10-03 00:00:00+00:00
1729098000000,1729098300000,1729271400000,1,pullback_ema50,2674.6544999999996,2663.005154345736,3777.489719772074,2718.5745,11.64934565426347,8.584173134514351,377.01688406787486,3.7701688406787484,timeout,2885,3.875067436382532,2024-10-16 17:05:00+00:00,2024-10-18 17:10:00+00:00,2024-10-03 00:00:00+00:00
1729166400000,1729166700000,1729168500000,1,dip_unconfirmed,2681.7819999999997,2672.8843045376957,3522.6038507681346,2672.8343045376955,8.897695462304,11.238865212195703,-100.56194326061183,-1.0056194326061183,stop,30,0.015284856688633587,2024-10-17 12:05:00+00:00,2024-10-17 12:35:00+00:00,2024-10-03 00:00:00+00:00
1729168200000,1729168500000,1729461900000,1,dip_unconfirmed,2680.1274999999996,2670.7869613564317,3531.7908257132694,2722.3799999999997,9.340538643567925,10.706020692806826,452.356139322821,4.52356139322821,timeout,4890,4.50782354280984,2024-10-17 12:35:00+00:00,2024-10-20 22:05:00+00:00,2024-10-03 00:00:00+00:00
1729170000000,1729170300000,1729461900000,1,pullback_ema50,2681.1705,2671.5230355452577,3592.2694810194653,2722.3799999999997,9.647464454742476,10.365417822383606,427.1536857515118,4.271536857515118,timeout,4860,4.256299693316269,2024-10-17 13:05:00+00:00,2024-10-20 22:05:00+00:00,2024-10-03 00:00:00+00:00
1729278000000,1729278300000,1729461900000,1,breakout_24,2720.7605,2711.0584816647356,3634.2103151911806,2722.3799999999997,9.702018335264256,10.30713368542364,16.69240300354141,0.16692403003541412,timeout,3060,0.15177254351789496,2024-10-18 19:05:00+00:00,2024-10-20 22:05:00+00:00,2024-10-03 00:00:00+00:00
1729281600000,1729281900000,1729461900000,1,dip_unconfirmed,2720.152,2711.148650006838,3571.2836493230097,2722.3799999999997,9.003349993161919,11.106976855942555,24.74634443503569,0.24746344435035691,timeout,3000,0.23113618837217914,2024-10-18 20:05:00+00:00,2024-10-20 22:05:00+00:00,2024-10-03 00:00:00+00:00
1729283400000,1729283700000,1729461900000,1,breakout_24,2722.1040000000003,2713.3478178634928,3553.066031514226,2722.3799999999997,8.756182136507505,11.42050250223393,3.152058690609543,0.03152058690609543,timeout,2970,0.014732448227870967,2024-10-18 20:35:00+00:00,2024-10-20 22:05:00+00:00,2024-10-03 00:00:00+00:00
1729465200000,1729465500000,1729522200000,1,breakout_24,2724.1914999999995,2715.67,3515.67,2724.1414999999993,8.521499999999378,11.73502317667163,-0.586751158835716,-0.0058675115883571605,breakeven,945,1.8805374640617463,2024-10-20 23:05:00+00:00,2024-10-21 14:50:00+00:00,2024-10-03 00:00:00+00:00
1729472400000,1729472700000,1729522500000,1,dip_unconfirmed,2722.18,2713.7065000000002,3513.7065000000002,2722.1299999999997,8.473499999999603,11.801498790346926,-0.590074939519493,-0.00590074939519493,breakeven,830,2.1285773293209957,2024-10-21 01:05:00+00:00,2024-10-21 14:55:00+00:00,2024-10-03 00:00:00+00:00
1729474200000,1729474500000,1729523400000,1,breakout_24,2727.8505,2719.375,3519.375,2719.325,8.475500000000011,11.798713940180505,-100.58993569701117,-1.0058993569701118,stop,815,1.4590289658427733,2024-10-21 01:35:00+00:00,2024-10-21 15:10:00+00:00,2024-10-03 00:00:00+00:00
1729477800000,1729478100000,1729523400000,1,breakout_24,2729.76,2721.2979104085325,3527.0068695553036,2721.2479104085323,8.462089591467702,11.817412108331927,-100.59087060541874,-1.0059087060541874,stop,755,1.2356876971077555,2024-10-21 02:35:00+00:00,2024-10-21 15:10:00+00:00,2024-10-03 00:00:00+00:00
1729479600000,1729479900000,1729522500000,1,breakout_24,2731.172,2722.572345379351,3544.687807444212,2722.522345379351,8.599654620648835,11.628373976774327,-100.58141869884084,-1.0058141869884083,stop,710,1.0517282843294034,2024-10-21 03:05:00+00:00,2024-10-21 14:55:00+00:00,2024-10-03 00:00:00+00:00
1729522800000,1729523100000,1729537200000,1,dip_unconfirmed,2725.6870000000004,2715.1364611868976,3732.1403424971713,2715.0864611868974,10.550538813102776,9.47818891257093,-100.47390944563026,-1.0047390944563026,stop,235,0.11084741933247118,2024-10-21 15:05:00+00:00,2024-10-21 19:00:00+00:00,2024-10-03 00:00:00+00:00
1729571400000,1729571700000,1729689600000,1,breakout_24,2734.2635,2725.8500000000004,3525.8500000000004,2734.2135,8.413499999999658,11.885659951269277,-0.5942829975656259,-0.005942829975656258,breakeven,1965,2.8399001604564864,2024-10-22 04:35:00+00:00,2024-10-23 13:20:00+00:00,2024-10-03 00:00:00+00:00
1729576800000,1729577100000,1729686300000,1,dip_unconfirmed,2730.8705,2722.5,3522.5,2743.37625,8.370499999999993,11.946717639328606,149.4026641180314,1.494026641180314,ladder_lock_1.50R,1820,3.2598411086553645,2024-10-22 06:05:00+00:00,2024-10-23 12:25:00+00:00,2024-10-03 00:00:00+00:00
1729582200000,1729582500000,1729689600000,1,dip_unconfirmed,2734.56,2726.1285,3526.1285,2734.5099999999998,8.431500000000142,11.860285832888373,-0.593014291646576,-0.00593014291646576,breakeven,1785,2.79867164798664,2024-10-22 07:35:00+00:00,2024-10-23 13:20:00+00:00,2024-10-03 00:00:00+00:00
1729584000000,1729584300000,1729689600000,1,dip_unconfirmed,2734.1065000000003,2725.7485,3525.7485,2734.0565,8.358000000000175,11.964584828906187,-0.5982292414474857,-0.0059822924144748565,breakeven,1755,2.877542474276008,2024-10-22 08:05:00+00:00,2024-10-23 13:20:00+00:00,2024-10-03 00:00:00+00:00
1729589400000,1729589700000,1729689600000,1,dip_unconfirmed,2733.2665,2724.8595,3524.8595,2733.2165,8.407000000000153,11.894849530153227,-0.594742476509825,-0.00594742476509825,breakeven,1665,2.960687522302732,2024-10-22 09:35:00+00:00,2024-10-23 13:20:00+00:00,2024-10-03 00:00:00+00:00
1729686600000,1729686900000,1729689600000,1,dip_unconfirmed,2744.225,2735.7799999999997,3535.7799999999997,2735.7299999999996,8.445000000000164,11.841326228537367,-100.59206631142902,-1.0059206631142903,stop,45,0.3433984606275944,2024-10-23 12:35:00+00:00,2024-10-23 13:20:00+00:00,2024-10-03 00:00:00+00:00
1729690200000,1729690500000,1729692900000,1,dip_unconfirmed,2739.882,2730.500615150856,3627.4391000652745,2730.450615150856,9.38138484914407,10.65940707134765,-100.53297035356931,-1.0053297035356932,stop,40,0.05111185690710306,2024-10-23 13:35:00+00:00,2024-10-23 14:15:00+00:00,2024-10-03 00:00:00+00:00
1729692000000,1729692300000,1729692900000,1,dip_unconfirmed,2737.9049999999997,2727.9012854972234,3689.772735774894,2727.851285497223,10.003714502776347,9.99628687646442,-100.49981434382504,-1.0049981434382504,stop,10,0.0419844048812033,2024-10-23 14:05:00+00:00,2024-10-23 14:15:00+00:00,2024-10-03 00:00:00+00:00
1729693800000,1729694100000,1729696500000,1,dip_unconfirmed,2725.5205,2714.058836533136,3820.725183219547,2714.0088365331358,11.461663466864138,8.724737058377405,-100.43623685292044,-1.0043623685292045,stop,40,0.24062824807003236,2024-10-23 14:35:00+00:00,2024-10-23 15:15:00+00:00,2024-10-03 00:00:00+00:00
1729747800000,1729748100000,1729779900000,1,breakout_24,2728.3085,2719.8835,3519.8835,2728.2585,8.425000000000182,11.86943620178016,-0.593471810091167,-0.00593471810091167,breakeven,530,1.743026706231464,2024-10-24 05:35:00+00:00,2024-10-24 14:25:00+00:00,2024-10-03 00:00:00+00:00
1729749600000,1729749900000,1729778100000,1,breakout_24,2729.2999999999997,2720.9849999999997,3520.9849999999997,2729.2499999999995,8.315000000000055,12.026458208057647,-0.60132291040507,-0.0060132291040507005,breakeven,470,1.6468430547204664,2024-10-24 06:05:00+00:00,2024-10-24 13:55:00+00:00,2024-10-03 00:00:00+00:00
1729751400000,1729751700000,1729780200000,1,breakout_24,2733.685,2725.2749999999996,3525.2749999999996,2725.2249999999995,8.41000000000031,11.89060642092703,-100.59453032104851,-1.005945303210485,stop,475,1.106837098692058,2024-10-24 06:35:00+00:00,2024-10-24 14:30:00+00:00,2024-10-03 00:00:00+00:00
1729753200000,1729753500000,1729779900000,1,breakout_24,2735.6150000000002,2727.235,3527.235,2727.185,8.38000000000011,11.93317422434352,-100.59665871121935,-1.0059665871121934,stop,440,0.8804892601432175,2024-10-24 07:05:00+00:00,2024-10-24 14:25:00+00:00,2024-10-03 00:00:00+00:00
1729764000000,1729764300000,1729779900000,1,dip_unconfirmed,2736.9950000000003,2728.5885,3528.5885,2728.5384999999997,8.406500000000506,11.895557009456253,-100.59477785047498,-1.00594777850475,stop,260,0.7135549872122511,2024-10-24 10:05:00+00:00,2024-10-24 14:25:00+00:00,2024-10-03 00:00:00+00:00
1729780200000,1729780500000,1730066700000,1,dip_unconfirmed,2726.3669999999997,2716.019320761241,3702.0872446371554,2733.3625,10.347679238758701,9.664002690133243,67.60453081883142,0.6760453081883142,timeout,4770,2.0438399289362685,2024-10-24 14:35:00+00:00,2024-10-27 22:05:00+00:00,2024-10-03 00:00:00+00:00
1729782000000,1729782300000,1729844700000,1,pullback_ema50,2732.86,2721.8040835640095,3784.245727163072,2721.7540835640093,11.055916435990639,9.044930881936404,-100.45224654409846,-1.0045224654409846,stop,1040,0.4140769357750463,2024-10-24 15:05:00+00:00,2024-10-25 08:25:00+00:00,2024-10-03 00:00:00+00:00
1729785600000,1729785900000,1729845000000,1,dip_unconfirmed,2731.5770000000007,2720.527824603661,3784.2453642375467,2720.477824603661,11.049175396339706,9.050449143302341,-100.45252245716676,-1.0045252245716676,stop,985,0.5304468242888979,2024-10-24 16:05:00+00:00,2024-10-25 08:30:00+00:00,2024-10-03 00:00:00+00:00
1729816200000,1729816500000,1729826100000,1,dip_unconfirmed,2733.27,2724.8199999999997,3524.8199999999997,2724.7699999999995,8.450000000000273,11.834319526626837,-100.5917159763335,-1.005917159763335,stop,160,0.18005917159766133,2024-10-25 00:35:00+00:00,2024-10-25 03:15:00+00:00,2024-10-03 00:00:00+00:00
1729818000000,1729818300000,1729826100000,1,dip_unconfirmed,2732.885,2724.5550000000003,3524.5550000000003,2724.505,8.329999999999927,12.004801920768411,-100.6002400960406,-1.0060024009604058,stop,130,0.22887154861945588,2024-10-25 01:05:00+00:00,2024-10-25 03:15:00+00:00,2024-10-03 00:00:00+00:00
1729866600000,1729866900000,1730066700000,1,breakout_24,2735.3625,2725.073400486721,3712.883351814661,2733.3625,10.289099513279325,9.719023503557132,-19.438047007114264,-0.19438047007114265,timeout,3330,1.1812015215047615,2024-10-25 14:35:00+00:00,2024-10-27 22:05:00+00:00,2024-10-03 00:00:00+00:00
1729870200000,1729870500000,1730066700000,1,breakout_24,2741.97,2731.502852970693,3737.2175559014136,2733.3625,10.467147029306943,9.553701664838586,-82.23348708009448,-0.8223348708009448,timeout,3270,0.5298482943319309,2024-10-25 15:35:00+00:00,2024-10-27 22:05:00+00:00,2024-10-03 00:00:00+00:00
1729873800000,1729874100000,1730066700000,1,dip_unconfirmed,2737.3650000000002,2726.9105211839133,3730.858402792547,2733.3625,10.454478816086976,9.565278361473515,-38.28502664179827,-0.3828502664179827,timeout,3210,0.9709714064731177,2024-10-25 16:35:00+00:00,2024-10-27 22:05:00+00:00,2024-10-03 00:00:00+00:00
1729879200000,1729879500000,1730066700000,1,breakout_24,2744.7455000000004,2734.9174814289568,3679.6693385332433,2733.3625,9.828018571043685,10.174990948290455,-115.82192196439296,-1.1582192196439296,timeout,3120,0.28189812422230304,2024-10-25 18:05:00+00:00,2024-10-27 22:05:00+00:00,2024-10-03 00:00:00+00:00
1729890000000,1730066700000,1730066700000,1,breakout_24,2737.041,2739.288699719694,3552.4187277503224,2739.2386997196936,2.247699719693628,44.489928580687135,97.77550357095755,0.9777550357095756,ladder_lock_1.00R,0,0.0,2024-10-27 22:05:00+00:00,2024-10-27 22:05:00+00:00,2024-10-03 00:00:00+00:00
1730070000000,1730070300000,1730078400000,1,pullback_ema50,2735.177,2724.7459808807566,3715.147892805124,2724.6959808807565,10.431019119243501,9.586790979561775,-100.47933954897984,-1.0047933954897983,stop,135,0.45134611931768914,2024-10-27 23:05:00+00:00,2024-10-28 01:20:00+00:00,2024-10-03 00:00:00+00:00
1730075400000,1730075700000,1730078400000,1,dip_unconfirmed,2734.6135,2724.7087416162617,3670.834579990105,2724.6587416162615,9.904758383738226,10.096157435216332,-100.50480787176265,-1.0050480787176266,stop,45,0.13422841310122943,2024-10-28 00:35:00+00:00,2024-10-28 01:20:00+00:00,2024-10-03 00:00:00+00:00
1730077200000,1730077500000,1730250600000,1,dip_unconfirmed,2732.935,2723.141688643672,3660.472824276523,2778.87,9.793311356328104,10.211050824538873,469.0446196251926,4.6904461962519255,timeout,2885,4.747117528328147,2024-10-28 01:05:00+00:00,2024-10-30 01:10:00+00:00,2024-10-03 00:00:00+00:00
1730079000000,1730079300000,1730110800000,1,dip_unconfirmed,2727.8299999999995,2717.5519251691235,3700.3594082567765,2727.7799999999993,10.278074830875994,9.729448524697798,-0.48647242623665965,-0.004864724262366596,breakeven,525,1.593683668345554,2024-10-28 01:35:00+00:00,2024-10-28 10:20:00+00:00,2024-10-03 00:00:00+00:00
1730082600000,1730082900000,1730256000000,1,pullback_ema50,2734.78,2724.30231813052,3721.570505078549,2777.9094999999993,10.47768186948042,9.544095845406586,411.63208176445477,4.116320817644548,timeout,2885,4.4879201893855525,2024-10-28 02:35:00+00:00,2024-10-30 02:40:00+00:00,2024-10-03 00:00:00+00:00
1730086200000,1730086500000,1730259600000,1,dip_unconfirmed,2733.425,2723.6146365513155,3663.20098141976,2777.1749999999997,9.810363448684711,10.193302268878442,445.95697426342724,4.459569742634272,timeout,2885,4.931315771638029,2024-10-28 03:35:00+00:00,2024-10-30 03:40:00+00:00,2024-10-03 00:00:00+00:00
1730088000000,1730088300000,1730261400000,1,dip_unconfirmed,2730.155,2720.497412511936,3645.7561613183443,2778.3065,9.65758748806411,10.354552844961622,498.58725131416895,4.98587251314169,timeout,2885,5.347919453365793,2024-10-28 04:05:00+00:00,2024-10-30 04:10:00+00:00,2024-10-03 00:00:00+00:00
1730122200000,1730122500000,1730295600000,1,pullback_ema20,2739.6105000000007,2730.2967955036797,3614.1172451357447,2774.6565,9.313704496320952,10.736866307010432,376.2842165954808,3.762842165954808,timeout,2885,5.352435222707685,2024-10-28 13:35:00+00:00,2024-10-30 13:40:00+00:00,2024-10-03 00:00:00+00:00
1730253600000,1730253900000,1730290800000,1,breakout_24,2782.2185,2773.7685,3573.7685,2773.7185,8.449999999999818,11.834319526627473,-100.59171597633352,-1.0059171597633352,stop,615,0.8571597633136206,2024-10-30 02:05:00+00:00,2024-10-30 12:20:00+00:00,2024-10-03 00:00:00+00:00
1730268000000,1730268300000,1730290800000,1,breakout_24,2783.66,2775.1850000000004,3575.1850000000004,2775.135,8.474999999999454,11.799410029499285,-100.58997050147711,-1.005899705014771,stop,375,0.6845427728614049,2024-10-30 06:05:00+00:00,2024-10-30 12:20:00+00:00,2024-10-03 00:00:00+00:00
1730269800000,1730270100000,1730289600000,1,breakout_24,2786.7799999999997,2778.39,3578.39,2778.3399999999997,8.389999999999873,11.918951132300538,-100.59594755661719,-1.0059594755661718,stop,325,0.31960667461265585,2024-10-30 06:35:00+00:00,2024-10-30 12:00:00+00:00,2024-10-03 00:00:00+00:00
1730271600000,1730271900000,1730286900000,1,breakout_24,2787.6749999999993,2779.1764999999996,3579.1764999999996,2779.1264999999994,8.498499999999694,11.766782373360428,-100.58833911867016,-1.0058833911867016,stop,250,0.010001765017414153,2024-10-30 07:05:00+00:00,2024-10-30 11:15:00+00:00,2024-10-03 00:00:00+00:00
1730332800000,1730333100000,1730363700000,1,dip_unconfirmed,2785.8689999999997,2777.41,3577.41,2777.3599999999997,8.458999999999833,11.821728336683057,-100.5910864168363,-1.005910864168363,stop,510,0.4570280174961653,2024-10-31 00:05:00+00:00,2024-10-31 08:35:00+00:00,2024-10-03 00:00:00+00:00
1730334600000,1730334900000,1730358300000,1,pullback_ema20,2786.6499999999996,2778.25,3578.25,2778.2,8.399999999999636,11.90476190476242,-100.59523809524029,-1.005952380952403,stop,390,0.367261904761925,2024-10-31 00:35:00+00:00,2024-10-31 07:05:00+00:00,2024-10-03 00:00:00+00:00
1730347200000,1730347500000,1730369100000,1,dip_unconfirmed,2785.1150000000002,2776.6165,3576.6165,2776.5665,8.49850000000015,11.766782373359797,-100.58833911867012,-1.0058833911867011,stop,360,0.13649467553090303,2024-10-31 04:05:00+00:00,2024-10-31 10:05:00+00:00,2024-10-03 00:00:00+00:00
1730349000000,1730349300000,1730370000000,1,dip_unconfirmed,2782.695,2774.1845000000003,3574.1845000000003,2774.1345,8.510499999999865,11.750190940602971,-100.5875095470323,-1.005875095470323,stop,345,0.42065683567352435,2024-10-31 04:35:00+00:00,2024-10-31 10:20:00+00:00,2024-10-03 00:00:00+00:00
1730437200000,1730437500000,1730472300000,1,breakout_24,2752.793,2744.3235,3544.3235,2744.2735,8.469500000000153,11.807072436389184,-100.5903536218216,-1.005903536218216,stop,580,1.0795796682211531,2024-11-01 05:05:00+00:00,2024-11-01 14:45:00+00:00,2024-10-03 00:00:00+00:00
1730440800000,1730441100000,1730447100000,1,breakout_24,2755.474,2747.02,3547.02,2746.97,8.454000000000178,11.828720132481417,-100.59143600662622,-1.0059143600662623,stop,100,0.2175893068370008,2024-11-01 06:05:00+00:00,2024-11-01 07:45:00+00:00,2024-10-03 00:00:00+00:00
1730728800000,1730729100000,1730736300000,1,breakout_24,2747.2000000000003,2737.3464138358663,3682.5550302492024,2737.296413835866,9.853586164133958,10.148589390123743,-100.50742946950803,-1.0050742946950804,stop,120,0.06545840156625014,2024-11-04 14:05:00+00:00,2024-11-04 16:05:00+00:00,2024-10-03 00:00:00+00:00
1730791800000,1730792100000,1730794200000,1,breakout_24,2741.287,2732.885,3532.885,2732.835,8.401999999999589,11.901928112354783,-100.5950964056199,-1.005950964056199,stop,35,0.0,2024-11-05 07:35:00+00:00,2024-11-05 08:10:00+00:00,2024-10-03 00:00:00+00:00
1730797200000,1730797500000,1730820600000,1,breakout_24,2742.95,2734.3796185393835,3555.9177646010485,2734.3296185393833,8.570381460616318,11.66809207495984,-100.58340460375011,-1.005834046037501,stop,385,0.7887630242673107,2024-11-05 09:05:00+00:00,2024-11-05 15:30:00+00:00,2024-10-03 00:00:00+00:00
1730817000000,1730817300000,1730819400000,1,breakout_24,2748.1565000000005,2739.5676665263195,3555.4510138943256,2739.5176665263193,8.588833473681007,11.64302466760273,-100.58215123338225,-1.0058215123338226,stop,35,0.18087438821115376,2024-11-05 14:35:00+00:00,2024-11-05 15:10:00+00:00,2024-10-03 00:00:00+00:00
1730984400000,1730984700000,1731046200000,1,breakout_24,2674.1,2662.2403838258333,3810.2020012425373,2691.8394242612494,11.859616174166604,8.43197608855391,149.57840119556886,1.4957840119556887,ladder_lock_1.50R,1025,3.0328131595310954,2024-11-07 13:05:00+00:00,2024-11-08 06:10:00+00:00,2024-10-03 00:00:00+00:00
1730986200000,1730986500000,1731050400000,1,breakout_24,2682.25,2669.543427838274,3889.0506440109284,2682.2,12.706572161725944,7.869943107175249,-0.393497155360194,-0.00393497155360194,breakeven,1065,2.1892607735540275,2024-11-07 13:35:00+00:00,2024-11-08 07:20:00+00:00,2024-10-03 00:00:00+00:00
1730988000000,1730988300000,1731049500000,1,breakout_24,2685.0150000000003,2672.3136472783967,3904.9489194387215,2684.965,12.701352721603598,7.873177148282092,-0.3936588574155367,-0.003936588574155367,breakeven,1020,1.9724670709591032,2024-11-07 14:05:00+00:00,2024-11-08 07:05:00+00:00,2024-10-03 00:00:00+00:00
1730989800000,1730990100000,1731279900000,1,breakout_24,2690.5550000000003,2677.427172472797,3944.709925193103,2682.8615,13.127827527203408,7.617406596238455,-58.60451764816294,-0.5860451764816293,timeout,4830,1.4863845491240035,2024-11-07 14:35:00+00:00,2024-11-10 23:05:00+00:00,2024-10-03 00:00:00+00:00
1730991600000,1730991900000,1731279900000,1,breakout_24,2692.27,2679.135231581883,3954.112073393596,2682.8615,13.134768418116892,7.613381280637517,-71.63049777887811,-0.7163049777887811,timeout,4800,1.3550296003278828,2024-11-07 15:05:00+00:00,2024-11-10 23:05:00+00:00,2024-10-03 00:00:00+00:00
1731598200000,1731598500000,1731651300000,1,breakout_24,2571.025,2556.3177431180575,3985.543431312311,2556.2677431180573,14.707256881942612,6.799364477190764,-100.33996822386077,-1.0033996822386078,stop,880,0.4144212648847944,2024-11-14 15:35:00+00:00,2024-11-15 06:15:00+00:00,2024-10-03 00:00:00+00:00
1731601800000,1731602100000,1731650400000,1,breakout_24,2576.13,2561.3749111579173,3995.3837953662255,2561.324911157917,14.755088842082841,6.777322798273569,-100.33886613991491,-1.0033886613991492,stop,805,0.06709549570292436,2024-11-14 16:35:00+00:00,2024-11-15 06:00:00+00:00,2024-10-03 00:00:00+00:00
1731891600000,1731891900000,1732065000000,1,breakout_24,2577.042,2566.3422012948618,3599.122071808698,2639.41,10.699798705138164,9.345970214559165,582.8894703416254,5.828894703416254,timeout,2885,5.993383779192473,2024-11-18 01:05:00+00:00,2024-11-20 01:10:00+00:00,2024-10-03 00:00:00+00:00
1731893400000,1731893700000,1731909900000,1,breakout_24,2594.33,2581.8944012023717,3789.4542809652166,2581.8444012023715,12.435598797628245,8.041430222006865,-100.4020715111018,-1.0040207151110179,stop,270,0.21595260861203472,2024-11-18 01:35:00+00:00,2024-11-18 06:05:00+00:00,2024-10-03 00:00:00+00:00
1731936600000,1731936900000,1732110000000,1,breakout_24,2599.5665,2588.1661171700357,3685.054400166469,2637.3700000000003,11.400382829964201,8.771635259226993,331.5985135221915,3.3159851352219154,timeout,2885,3.6786922531909307,2024-11-18 13:35:00+00:00,2024-11-20 13:40:00+00:00,2024-10-03 00:00:00+00:00
1731938400000,1731938700000,1732030800000,1,breakout_24,2604.355,2592.965537372176,3697.4118001545853,2621.3891939417354,11.389462627823832,8.780045491848359,149.56099772540398,1.4956099772540399,ladder_lock_1.50R,1535,3.055016828888643,2024-11-18 14:05:00+00:00,2024-11-19 15:40:00+00:00,2024-10-03 00:00:00+00:00
1731943800000,1731944100000,1732117200000,1,breakout_24,2611.9814999999994,2600.374372305638,3718.437141741848,2643.6999999999994,11.607127694361225,8.615395869951554,273.2674339010579,2.7326743390105794,timeout,2885,3.146687187541096,2024-11-18 15:35:00+00:00,2024-11-20 15:40:00+00:00,2024-10-03 00:00:00+00:00
1731945600000,1731945900000,1732119000000,1,breakout_24,2613.45,2602.0849171409495,3696.0932030460017,2648.2000000000007,11.36508285905029,8.798879976521032,305.7610791841139,3.057610791841139,timeout,2885,3.1628893907601343,2024-11-18 16:05:00+00:00,2024-11-20 16:10:00+00:00,2024-10-03 00:00:00+00:00
1732033800000,1732034100000,1732207200000,1,dip_unconfirmed,2624.6800000000003,2612.4211141211754,3804.8097020036503,2666.9900000000002,12.258885878824913,8.157348146354193,345.1374000722455,3.451374000722455,timeout,2885,3.9563138509817466,2024-11-19 16:35:00+00:00,2024-11-21 16:40:00+00:00,2024-10-03 00:00:00+00:00
1732077000000,1732077300000,1732083900000,1,dip_unconfirmed,2637.45,2628.995,3428.995,2628.9449999999997,8.454999999999927,11.827321111768287,-100.59136605559057,-1.0059136605559056,stop,110,0.07924305144885613,2024-11-20 04:35:00+00:00,2024-11-20 06:25:00+00:00,2024-10-03 00:00:00+00:00
1732084200000,1732084500000,1732088400000,1,dip_unconfirmed,2631.7185,2623.275,3423.275,2623.225,8.443499999999858,11.84342985728687,-100.5921714928665,-1.005921714928665,stop,65,0.0,2024-11-20 06:35:00+00:00,2024-11-20 07:40:00+00:00,2024-10-03 00:00:00+00:00
1732089600000,1732089900000,1732263000000,1,dip_unconfirmed,2622.0200000000004,2613.61,3413.61,2695.908,8.41000000000031,11.89060642092703,878.57312722945,8.7857312722945,timeout,2885,9.112960760998407,2024-11-20 08:05:00+00:00,2024-11-22 08:10:00+00:00,2024-10-03 00:00:00+00:00
1732114800000,1732115100000,1732288200000,1,breakout_24,2643.5550000000003,2632.8767977124967,3665.697026462835,2694.693,10.67820228750361,9.364872223578972,478.90083576938076,4.789008357693808,timeout,2885,6.2024953467596955,2024-11-20 15:05:00+00:00,2024-11-22 15:10:00+00:00,2024-10-03 00:00:00+00:00
1732118400000,1732118700000,1732286100000,1,breakout_24,2649.3195000000005,2638.1445857827143,3714.8360075113064,2685.029225495316,11.174914217286187,8.948614553596535,319.5525692723177,3.1955256927231774,ladder_lock_3.20R,2790,5.410958762123185,2024-11-20 16:05:00+00:00,2024-11-22 14:35:00+00:00,2024-10-03 00:00:00+00:00
1732120200000,1732120500000,1732286100000,1,breakout_24,2650.2149999999997,2639.2855082268056,3693.23468554621,2685.1393736742207,10.929491773194059,9.149556271707205,319.54252218641466,3.195425221864147,ladder_lock_3.20R,2760,5.450527914400101,2024-11-20 16:35:00+00:00,2024-11-22 14:35:00+00:00,2024-10-03 00:00:00+00:00
1732210200000,1732210500000,1732489500000,1,pullback_ema20,2666.16,2655.162814896456,3717.3813252508635,2709.9444999999996,10.99718510354387,9.093236047083971,398.1427937035459,3.981427937035459,timeout,4650,4.529659138314234,2024-11-21 17:35:00+00:00,2024-11-24 23:05:00+00:00,2024-10-03 00:00:00+00:00
1732269600000,1732269900000,1732282200000,1,breakout_24,2703.855,2692.998071749318,3737.6908968174776,2692.948071749318,10.856928250681904,9.210708378193361,-100.46053541891135,-1.0046053541891136,stop,205,0.5463331674525522,2024-11-22 10:05:00+00:00,2024-11-22 13:30:00+00:00,2024-10-03 00:00:00+00:00
1732302000000,1732302300000,1732489500000,1,breakout_24,2711.3599999999997,2699.6561340963854,3831.5427244578837,2709.9444999999996,11.703865903614314,8.54418538485806,-12.094294412267145,-0.12094294412267144,timeout,3120,0.3941859927304984,2024-11-22 19:05:00+00:00,2024-11-24 23:05:00+00:00,2024-10-03 00:00:00+00:00
1732305600000,1732305900000,1732489500000,1,dip_unconfirmed,2708.6804999999995,2697.53290644025,3771.7922624152193,2709.9444999999996,11.147593559749566,8.970545926707299,11.338770051359136,0.11338770051359136,timeout,3060,0.6542219144348558,2024-11-22 20:05:00+00:00,2024-11-24 23:05:00+00:00,2024-10-03 00:00:00+00:00
1732307400000,1732307700000,1732489500000,1,dip_unconfirmed,2708.225,2697.3775916945183,3748.1184222427028,2709.9444999999996,10.847408305481622,9.218791916357207,15.851712700173433,0.15851712700173434,timeout,3030,0.7143180916389938,2024-11-22 20:35:00+00:00,2024-11-24 23:05:00+00:00,2024-10-03 00:00:00+00:00
1732309200000,1732309500000,1732489500000,1,dip_unconfirmed,2706.3535,2695.742906573481,3712.002249225362,2709.9444999999996,10.610593426519245,9.424543565119386,33.843535942338434,0.3384353594233843,timeout,3000,0.9066410909645175,2024-11-22 21:05:00+00:00,2024-11-24 23:05:00+00:00,2024-10-03 00:00:00+00:00
1732312800000,1732489500000,1732489500000,1,breakout_24,2715.1195000000002,2705.8221362801955,3756.658508260649,2705.7721362801954,9.297363719804707,10.755737111476641,-100.53778685557579,-1.005377868555758,stop,0,0.0,2024-11-24 23:05:00+00:00,2024-11-24 23:05:00+00:00,2024-10-03 00:00:00+00:00
1732491000000,1732491300000,1732496700000,1,pullback_ema20,2718.4725,2704.290376545896,4064.902721956307,2704.2403765458957,14.18212345410393,7.051130271402528,-100.35255651357141,-1.0035255651357142,stop,90,0.1742686846577209,2024-11-24 23:35:00+00:00,2024-11-25 01:05:00+00:00,2024-10-03 00:00:00+00:00
1732492800000,1732493100000,1732496700000,1,breakout_24,2720.3849999999998,2706.444528221189,4053.991706102285,2706.394528221189,13.940471778810661,7.173358376005519,-100.35866791880159,-1.003586679188016,stop,60,0.0,2024-11-25 00:05:00+00:00,2024-11-25 01:05:00+00:00,2024-10-03 00:00:00+00:00
1732496400000,1732496700000,1732498500000,1,dip_unconfirmed,2711.155,2697.5068074968417,4014.8260578126856,2697.4568074968415,13.648192503158498,7.326977544964856,-100.36634887724958,-1.0036634887724958,stop,30,0.0,2024-11-25 01:05:00+00:00,2024-11-25 01:35:00+00:00,2024-10-03 00:00:00+00:00
1732498200000,1732498500000,1732505100000,1,dip_unconfirmed,2702.445,2688.237749818496,4070.9627679689215,2688.187749818496,14.20725018150415,7.038659749244508,-100.3519329874635,-1.003519329874635,stop,110,0.11367435495028344,2024-11-25 01:35:00+00:00,2024-11-25 03:25:00+00:00,2024-10-03 00:00:00+00:00
1732500000000,1732500300000,1732505100000,1,dip_unconfirmed,2701.7450000000003,2687.372553402889,4080.6172131140065,2687.322553402889,14.37244659711132,6.957757631891201,-100.34788788159584,-1.0034788788159583,stop,80,0.16107208917825344,2024-11-25 02:05:00+00:00,2024-11-25 03:25:00+00:00,2024-10-03 00:00:00+00:00
1732622400000,1732622700000,1732632300000,1,breakout_24,2633.71,2621.4268687179474,3808.739996923243,2621.376868717947,12.283131282052636,8.141246535898702,-100.40706232679642,-1.0040706232679641,stop,160,0.6376631349242643,2024-11-26 12:05:00+00:00,2024-11-26 14:45:00+00:00,2024-10-03 00:00:00+00:00
1732687200000,1732687500000,1732719900000,1,breakout_24,2642.5404999999996,2633.5796451446063,3485.065130684015,2642.4904999999994,8.960854855393336,11.15964956622551,-0.5579824783133055,-0.005579824783133055,breakeven,540,1.7131178049112907,2024-11-27 06:05:00+00:00,2024-11-27 15:05:00+00:00,2024-10-03 00:00:00+00:00
1732690800000,1732691100000,1732720800000,1,breakout_24,2648.31,2638.9659414767266,3531.7217938040744,2638.9159414767264,9.344058523273361,10.701987765908013,-100.53509938829735,-1.0053509938829734,stop,495,1.0254109577904524,2024-11-27 07:05:00+00:00,2024-11-27 15:20:00+00:00,2024-10-03 00:00:00+00:00
1732698000000,1732698300000,1732706100000,1,breakout_24,2654.016,2644.5968546183044,3537.911392787846,2644.546854618304,9.419145381695671,10.616674437824381,-100.53083372189315,-1.0053083372189315,stop,130,0.0,2024-11-27 09:05:00+00:00,2024-11-27 11:15:00+00:00,2024-10-03 00:00:00+00:00
1732716000000,1732716300000,1732719900000,1,breakout_24,2656.765,2646.261908906629,3654.071018243763,2646.2119089066287,10.50309109337104,9.521006636142989,-100.47605033180888,-1.0047605033180889,stop,60,0.0,2024-11-27 14:05:00+00:00,2024-11-27 15:05:00+00:00,2024-10-03 00:00:00+00:00
1732784400000,1732784700000,1732842300000,1,breakout_24,2644.5849999999996,2634.8917351470454,3561.068220442482,2634.8417351470453,9.693264852954144,10.31644152068369,-100.51582207603607,-1.0051582207603607,stop,960,0.4869360397763433,2024-11-28 09:05:00+00:00,2024-11-29 01:05:00+00:00,2024-10-03 00:00:00+00:00
1732847400000,1732847700000,1732892700000,1,breakout_24,2661.17,2651.1925616170715,3603.886399909941,2651.1425616170714,9.97743838292854,10.022612634832267,-100.50113063174345,-1.0050113063174344,stop,750,0.4840921902624368,2024-11-29 02:35:00+00:00,2024-11-29 15:05:00+00:00,2024-10-03 00:00:00+00:00
1732867200000,1732867500000,1732891800000,1,dip_unconfirmed,2661.0305000000003,2652.1085660931185,3503.751956781259,2652.0585660931183,8.921933906881804,11.208332301460612,-100.56041661507507,-1.0056041661507507,stop,405,0.509810994731922,2024-11-29 08:05:00+00:00,2024-11-29 14:50:00+00:00,2024-10-03 00:00:00+00:00
1732869000000,1732869300000,1732892700000,1,dip_unconfirmed,2660.3300000000004,2651.1361685150387,3529.019317011166,2651.0861685150385,9.19383148496172,10.876858050266556,-100.54384290251531,-1.005438429025153,stop,390,0.5709262790584693,2024-11-29 08:35:00+00:00,2024-11-29 15:05:00+00:00,2024-10-03 00:00:00+00:00
1732870800000,1732871100000,1732909200000,1,dip_unconfirmed,2657.7675000000004,2648.318442192536,3550.474222938938,2648.268442192536,9.449057807464214,10.583065744502667,-100.52915328722706,-1.0052915328722707,stop,635,0.8266961806318043,2024-11-29 09:05:00+00:00,2024-11-29 19:40:00+00:00,2024-10-03 00:00:00+00:00
1733097600000,1733097900000,1733100300000,1,dip_unconfirmed,2646.3215,2635.753159107499,3640.9372483575726,2635.703159107499,10.568340892501055,9.46222316418244,-100.47311115821086,-1.0047311115821085,stop,40,0.0963727429271675,2024-12-02 00:05:00+00:00,2024-12-02 00:45:00+00:00,2024-10-03 00:00:00+00:00
1733099400000,1733099700000,1733100300000,1,dip_unconfirmed,2644.632,2634.175362028392,3633.1391591891784,2634.125362028392,10.456637971607961,9.563303259759177,-100.4781651629897,-1.004781651629897,stop,10,0.0,2024-12-02 00:35:00+00:00,2024-12-02 00:45:00+00:00,2024-10-03 00:00:00+00:00
1733207400000,1733207700000,1733213400000,1,breakout_24,2649.7484999999997,2640.2325965094465,3549.322945564798,2640.1825965094463,9.515903490553228,10.508723643453669,-100.5254361821746,-1.005254361821746,stop,95,0.0,2024-12-03 06:35:00+00:00,2024-12-03 08:10:00+00:00,2024-10-03 00:00:00+00:00
1733234400000,1733234700000,1733238300000,1,breakout_24,2653.3234999999995,2643.363447699856,3601.168677714244,2643.3134476998557,9.960052300143616,10.04010792177849,-100.50200539609075,-1.0050200539609075,stop,60,0.19608330771237703,2024-12-03 14:05:00+00:00,2024-12-03 15:05:00+00:00,2024-10-03 00:00:00+00:00
1733290200000,1733290500000,1733298300000,1,breakout_24,2650.08,2641.63,3441.63,2641.58,8.449999999999818,11.834319526627473,-100.59171597633352,-1.0059171597633352,stop,130,0.11526627218937054,2024-12-04 05:35:00+00:00,2024-12-04 07:45:00+00:00,2024-10-03 00:00:00+00:00
1733295600000,1733295900000,1733298300000,1,dip_unconfirmed,2649.73,2641.3199999999997,3441.3199999999997,2641.2699999999995,8.41000000000031,11.89060642092703,-100.59453032104851,-1.005945303210485,stop,40,0.0,2024-12-04 07:05:00+00:00,2024-12-04 07:45:00+00:00,2024-10-03 00:00:00+00:00
1733297400000,1733297700000,1733301600000,1,dip_unconfirmed,2645.3450000000003,2636.955,3436.955,2636.9049999999997,8.390000000000327,11.918951132299892,-100.59594755661716,-1.0059594755661716,stop,65,0.0,2024-12-04 07:35:00+00:00,2024-12-04 08:40:00+00:00,2024-10-03 00:00:00+00:00
1733299200000,1733299500000,1733317500000,1,dip_unconfirmed,2641.925,2633.5235000000002,3433.5235000000002,2633.4735,8.401499999999942,11.902636433970207,-100.59513182170068,-1.0059513182170068,stop,300,0.650479081116435,2024-12-04 08:05:00+00:00,2024-12-04 13:05:00+00:00,2024-10-03 00:00:00+00:00
1733358600000,1733358900000,1733410800000,1,dip_unconfirmed,2648.975,2640.565,3440.565,2640.515,8.409999999999854,11.890606420927673,-100.59453032104855,-1.0059453032104855,stop,865,0.7439357907253351,2024-12-05 00:35:00+00:00,2024-12-05 15:00:00+00:00,2024-10-03 00:00:00+00:00
1733360400000,1733360700000,1733410800000,1,dip_unconfirmed,2648.8849999999998,2640.445,3440.445,2640.395,8.4399999999996,11.84834123222805,-100.59241706161356,-1.0059241706161357,stop,835,0.7519549763033657,2024-12-05 01:05:00+00:00,2024-12-05 15:00:00+00:00,2024-10-03 00:00:00+00:00
1733362200000,1733362500000,1733389200000,1,pullback_ema50,2650.275,2641.865,3441.865,2641.8149999999996,8.41000000000031,11.89060642092703,-100.59453032104851,-1.005945303210485,stop,445,0.5893579072532219,2024-12-05 01:35:00+00:00,2024-12-05 09:00:00+00:00,2024-10-03 00:00:00+00:00
1733365800000,1733366100000,1733411100000,1,dip_unconfirmed,2646.437,2637.99,3437.99,2637.9399999999996,8.447000000000116,11.8385225523853,-100.59192612762142,-1.0059192612762142,stop,750,1.0411388658695218,2024-12-05 02:35:00+00:00,2024-12-05 15:05:00+00:00,2024-10-03 00:00:00+00:00
1733965200000,1733965500000,1733966400000,1,breakout_24,2725.75,2715.517537072825,3553.813829790307,2715.4675370728246,10.23246292717522,9.772818207278476,-100.4886409103657,-1.0048864091036571,stop,15,0.0,2024-12-12 01:05:00+00:00,2024-12-12 01:20:00+00:00,2024-10-03 00:00:00+00:00
1733968800000,1733969100000,1734012000000,1,dip_unconfirmed,2711.955,2700.277281965854,3792.049085380424,2700.2272819658538,11.677718034145983,8.563316883281232,-100.42816584416562,-1.0042816584416563,stop,715,0.6922585368444404,2024-12-12 02:05:00+00:00,2024-12-12 14:00:00+00:00,2024-10-03 00:00:00+00:00
1733970600000,1733970900000,1734012000000,1,dip_unconfirmed,2709.4804999999997,2697.4140475397217,3804.5092935675375,2697.3640475397215,12.066452460278015,8.287439935572909,-100.41437199678015,-1.0041437199678014,stop,685,0.8750293455974735,2024-12-12 02:35:00+00:00,2024-12-12 14:00:00+00:00,2024-10-03 00:00:00+00:00
1733972400000,1733972700000,1734012900000,1,dip_unconfirmed,2706.655,2694.957615572599,3795.196058312713,2694.907615572599,11.697384427401175,8.548919685476827,-100.42744598427538,-1.0042744598427538,stop,670,1.144187410704181,2024-12-12 03:05:00+00:00,2024-12-12 14:15:00+00:00,2024-10-03 00:00:00+00:00
1734337800000,1734338100000,1734362700000,1,breakout_24,2659.0375000000004,2650.55,3450.55,2650.5,8.487500000000182,11.782032400588848,-100.58910162003158,-1.0058910162003158,stop,410,0.5844477172311726,2024-12-16 08:35:00+00:00,2024-12-16 15:25:00+00:00,2024-10-03 00:00:00+00:00
1734348600000,1734348900000,1734360600000,1,breakout_24,2663.2285000000006,2654.6855,3454.6855,2654.6355,8.543000000000575,11.705489874750471,-100.58527449373966,-1.0058527449373966,stop,195,0.0900737445861376,2024-12-16 11:35:00+00:00,2024-12-16 14:50:00+00:00,2024-10-03 00:00:00+00:00
1734350400000,1734350700000,1734360300000,1,breakout_24,2664.1810000000005,2655.63,3455.63,2655.58,8.551000000000386,11.694538650449712,-100.5847269325246,-1.005847269325246,stop,160,0.0,2024-12-16 12:05:00+00:00,2024-12-16 14:45:00+00:00,2024-10-03 00:00:00+00:00
1734483600000,1734483900000,1734509100000,1,breakout_24,2650.6650000000004,2642.21,3442.21,2642.16,8.455000000000382,11.82732111176765,-100.59136605559054,-1.0059136605559054,stop,420,0.0774689532819942,2024-12-18 01:05:00+00:00,2024-12-18 08:05:00+00:00,2024-10-03 00:00:00+00:00
1734678000000,1734678300000,1734908700000,1,breakout_24,2605.4030000000002,2596.4328282312276,3441.500005108465,2621.5539999999996,8.970171768772616,11.148058540877077,180.0522934936988,1.8005229349369882,timeout,3840,2.905462757215987,2024-12-20 07:05:00+00:00,2024-12-22 23:05:00+00:00,2024-10-03 00:00:00+00:00
1734679800000,1734680100000,1734908700000,1,breakout_24,2606.77,2597.882447643283,3438.6376833150016,2621.5539999999996,8.887552356717151,11.25169180290912,166.3450116142045,1.6634501161420452,timeout,3810,2.7786615491873494,2024-12-20 07:35:00+00:00,2024-12-22 23:05:00+00:00,2024-10-03 00:00:00+00:00
1734703200000,1734703500000,1734908700000,1,breakout_24,2610.03,2600.434907331306,3518.4441742006898,2621.5539999999996,9.595092668694178,10.42199418524316,120.10306099073625,1.2010306099073624,timeout,3420,2.2340065635777075,2024-12-20 14:05:00+00:00,2024-12-22 23:05:00+00:00,2024-10-03 00:00:00+00:00
1734705000000,1734705300000,1734908700000,1,breakout_24,2615.645,2605.549913950498,3570.058518900631,2621.5539999999996,10.095086049501788,9.90580957008635,58.533428749636776,0.5853342874963677,timeout,3390,1.567148603035447,2024-12-20 14:35:00+00:00,2024-12-22 23:05:00+00:00,2024-10-03 00:00:00+00:00
1734706800000,1734707100000,1734908700000,1,breakout_24,2617.382,2607.0431343826062,3582.229696122011,2621.5539999999996,10.338865617393822,9.672241007926708,40.352589485066076,0.40352589485066076,timeout,3360,1.362190062351288,2024-12-20 15:05:00+00:00,2024-12-22 23:05:00+00:00,2024-10-03 00:00:00+00:00
1736730000000,1736730300000,1736731500000,1,dip_unconfirmed,2690.255,2680.093181353567,3643.7750459968506,2680.043181353567,10.161818646432948,9.840758183093781,-100.49203790915648,-1.0049203790915648,stop,20,0.0,2025-01-13 01:05:00+00:00,2025-01-13 01:25:00+00:00,2025-01-03 00:00:00+00:00
1736731800000,1736732100000,1736770800000,1,dip_unconfirmed,2681.29,2670.2350969711692,3716.725399854222,2670.185096971169,11.054903028830722,9.045760034186117,-100.45228800171095,-1.0045228800171095,stop,645,0.870337801689235,2025-01-13 01:35:00+00:00,2025-01-13 12:20:00+00:00,2025-01-03 00:00:00+00:00
1736733600000,1736733900000,1736769600000,1,pullback_ema50,2686.3799999999997,2675.0604471875145,3746.015728436059,2675.0104471875143,11.319552812485199,8.834271252279716,-100.4417135626156,-1.004417135626156,stop,595,0.4003250017971,2025-01-13 02:05:00+00:00,2025-01-13 12:00:00+00:00,2025-01-03 00:00:00+00:00
1736739000000,1736739300000,1736764200000,1,dip_unconfirmed,2687.778,2677.256962999624,3687.5606630371826,2677.206962999624,10.5210370003756,9.504766497487843,-100.47523832487612,-1.0047523832487613,stop,415,0.2978318581988165,2025-01-13 03:35:00+00:00,2025-01-13 10:30:00+00:00,2025-01-03 00:00:00+00:00
1736830800000,1736831100000,1736847900000,1,breakout_24,2674.2300000000005,2665.67,3465.67,2665.62,8.5600000000004,11.68224299065366,-100.5841121495348,-1.005841121495348,stop,280,0.0815420560746937,2025-01-14 05:05:00+00:00,2025-01-14 09:45:00+00:00,2025-01-03 00:00:00+00:00
1736888400000,1736888700000,1737015900000,1,breakout_24,2677.009,2668.5765,3468.5765,2702.3064999999997,8.43249999999989,11.85887933590291,300.0,3.0,target,2120,2.953572487400027,2025-01-14 21:05:00+00:00,2025-01-16 08:25:00+00:00,2025-01-03 00:00:00+00:00
1736890200000,1736890500000,1737015900000,1,breakout_24,2677.1685000000007,2668.752,3468.752,2702.418000000003,8.416500000000724,11.881423394521642,300.0,3.0,target,2090,2.9402364403252674,2025-01-14 21:35:00+00:00,2025-01-16 08:25:00+00:00,2025-01-03 00:00:00+00:00
1736902800000,1736903100000,1736989800000,1,dip_unconfirmed,2673.1899999999996,2664.785,3464.785,2698.404999999999,8.404999999999745,11.897679952409641,300.0,3.0,target,1445,2.9464604402142864,2025-01-15 01:05:00+00:00,2025-01-16 01:10:00+00:00,2025-01-03 00:00:00+00:00
1736904600000,1736904900000,1736989800000,1,pullback_ema20,2673.331,2664.96,3464.96,2698.4440000000004,8.371000000000095,11.946004061641245,300.0,3.0,target,1415,2.9415840401385163,2025-01-15 01:35:00+00:00,2025-01-16 01:10:00+00:00,2025-01-03 00:00:00+00:00
1736908200000,1736908500000,1736989800000,1,pullback_ema50,2672.629,2664.072,3464.072,2698.2999999999993,8.556999999999789,11.686338670094948,300.0,3.0,target,1355,2.959682131588249,2025-01-15 02:35:00+00:00,2025-01-16 01:10:00+00:00,2025-01-03 00:00:00+00:00
1736991000000,1736991300000,1737008100000,1,breakout_24,2700.5450000000005,2691.95,3491.95,2691.8999999999996,8.59500000000071,11.634671320534235,-100.58173356602883,-1.0058173356602884,stop,280,0.1328097731238132,2025-01-16 01:35:00+00:00,2025-01-16 06:15:00+00:00,2025-01-03 00:00:00+00:00
1737019800000,1737020100000,1737328200000,1,breakout_24,2705.7585,2697.0458645704175,3515.6094075286455,2700.108,8.712635429582406,11.47758342561488,-64.85408514643387,-0.6485408514643387,timeout,5135,2.1220330116448514,2025-01-16 09:35:00+00:00,2025-01-19 23:10:00+00:00,2025-01-03 00:00:00+00:00
1737023400000,1737023700000,1737148500000,1,breakout_24,2708.1055,2699.4855,3499.4855,2699.4354999999996,8.620000000000346,11.600928074245475,-100.58004640371439,-1.0058004640371438,stop,2080,1.872563805104354,2025-01-16 10:35:00+00:00,2025-01-17 21:15:00+00:00,2025-01-03 00:00:00+00:00
1737027000000,1737027300000,1737030900000,1,breakout_24,2709.7339999999995,2701.2535,3501.2535,2701.2034999999996,8.480499999999665,11.791757561465001,-100.58958787807539,-1.005895878780754,stop,60,0.12351866045641453,2025-01-16 11:35:00+00:00,2025-01-16 12:35:00+00:00,2025-01-03 00:00:00+00:00
1737030600000,1737030900000,1737328200000,1,dip_unconfirmed,2703.1905,2694.414807923327,3500.1340155906664,2700.108,8.775692076673295,11.395112673313873,-35.125434815489804,-0.35125434815489803,timeout,4955,2.399411900056352,2025-01-16 12:35:00+00:00,2025-01-19 23:10:00+00:00,2025-01-03 00:00:00+00:00
1737072000000,1737072300000,1737106200000,1,pullback_ema20,2715.1404999999995,2706.66,3506.66,2706.6099999999997,8.480499999999665,11.791757561465001,-100.58958787807539,-1.005895878780754,stop,565,0.24438417546144153,2025-01-17 00:05:00+00:00,2025-01-17 09:30:00+00:00,2025-01-03 00:00:00+00:00
1737086400000,1737086700000,1737105900000,1,dip_unconfirmed,2716.082,2707.49,3507.49,2707.4399999999996,8.592000000000098,11.63873370577268,-100.58193668529076,-1.0058193668529076,stop,320,0.009310986964609675,2025-01-17 04:05:00+00:00,2025-01-17 09:25:00+00:00,2025-01-03 00:00:00+00:00
1737108000000,1737108300000,1737328200000,1,dip_unconfirmed,2705.799,2697.188,3497.188,2700.108,8.610999999999876,11.613053071652704,-66.08988503077326,-0.6608988503077327,timeout,3665,1.2925328068749586,2025-01-17 10:05:00+00:00,2025-01-19 23:10:00+00:00,2025-01-03 00:00:00+00:00
1737117000000,1737117300000,1737144300000,1,pullback_ema50,2710.5719999999997,2701.92,3501.92,2701.87,8.651999999999589,11.55802126675968,-100.57790106334008,-1.0057790106334008,stop,450,0.7347434119279621,2025-01-17 12:35:00+00:00,2025-01-17 20:05:00+00:00,2025-01-03 00:00:00+00:00
1737372600000,1737372900000,1737471000000,1,dip_unconfirmed,2708.989,2700.30219840398,3506.732358005959,2735.0494047880597,8.686801596019905,11.511716814830644,300.0,3.0,target,1635,2.8843757651239703,2025-01-20 11:35:00+00:00,2025-01-21 14:50:00+00:00,2025-01-03 00:00:00+00:00
1737374400000,1737374700000,1737471000000,1,pullback_ema20,2708.9480000000003,2700.3525770894103,3505.0948681483874,2734.7342687317705,8.59542291059006,11.634098873342719,300.0,3.0,target,1605,2.919809794242793,2025-01-20 12:05:00+00:00,2025-01-21 14:50:00+00:00,2025-01-03 00:00:00+00:00
1737378000000,1737378300000,1737471000000,1,pullback_ema20,2708.7195000000006,2700.2385000000004,3500.2385000000004,2734.1625000000013,8.481000000000222,11.791062374719655,300.0,3.0,target,1545,2.986145501709563,2025-01-20 13:05:00+00:00,2025-01-21 14:50:00+00:00,2025-01-03 00:00:00+00:00
1737383400000,1737383700000,1737474900000,1,pullback_ema20,2711.03,2701.580665398454,3576.5141255530125,2739.3780038046384,9.44933460154607,10.58275574066753,300.0,3.0,target,1520,2.988411479828393,2025-01-20 14:35:00+00:00,2025-01-21 15:55:00+00:00,2025-01-03 00:00:00+00:00
1737388800000,1737389100000,1737471300000,1,dip_unconfirmed,2707.7185,2698.337271822305,3572.46008959181,2735.862184533085,9.381228177694993,10.659585089057115,300.0,3.0,target,1370,2.9581947559896693,2025-01-20 16:05:00+00:00,2025-01-21 14:55:00+00:00,2025-01-03 00:00:00+00:00
1737471600000,1737471900000,1737645000000,1,breakout_24,2738.66,2728.279982144117,3719.7817677324365,2742.695,10.38001785588267,9.633894795597772,38.87276550023999,0.3887276550023999,timeout,2885,2.34103643533032,2025-01-21 15:05:00+00:00,2025-01-23 15:10:00+00:00,2025-01-03 00:00:00+00:00
1737477000000,1737477300000,1737650400000,1,breakout_24,2741.69,2730.897825353726,3759.6152899811113,2752.6549999999997,10.792174646273907,9.265973103439897,101.6013950792156,1.0160139507921562,timeout,2885,1.9708724791017065,2025-01-21 16:35:00+00:00,2025-01-23 16:40:00+00:00,2025-01-03 00:00:00+00:00
1737507600000,1737507900000,1737638400000,1,breakout_24,2748.8734999999997,2740.295,3540.295,2740.245,8.578499999999622,11.657049600746566,-100.58285248003945,-1.0058285248003944,stop,2175,1.6420702920092578,2025-01-22 01:05:00+00:00,2025-01-23 13:20:00+00:00,2025-01-03 00:00:00+00:00
1737518400000,1737518700000,1737624600000,1,breakout_24,2750.87,2742.4015,3542.4015,2742.3514999999998,8.468499999999949,11.808466670602893,-100.5904233335323,-1.005904233335323,stop,1765,1.4276436204759606,2025-01-22 04:05:00+00:00,2025-01-23 09:30:00+00:00,2025-01-03 00:00:00+00:00
1737520200000,1737520500000,1737624600000,1,breakout_24,2752.345,2743.885,3543.885,2743.835,8.459999999999582,11.820330969267724,-100.59101654846553,-1.0059101654846554,stop,1735,1.2547281323878505,2025-01-22 04:35:00+00:00,2025-01-23 09:30:00+00:00,2025-01-03 00:00:00+00:00
1737624600000,1737624900000,1737639600000,1,dip_unconfirmed,2744.34,2735.905,3535.905,2735.855,8.434999999999945,11.855364552460065,-100.59276822762516,-1.0059276822762515,stop,245,1.1465915826911122,2025-01-23 09:35:00+00:00,2025-01-23 13:40:00+00:00,2025-01-03 00:00:00+00:00
1737631800000,1737632100000,1737635100000,1,pullback_ema50,2754.5885,2746.0,3546.0,2745.95,8.58849999999984,11.643476742155425,-100.58217383710989,-1.005821738371099,stop,50,0.0,2025-01-23 11:35:00+00:00,2025-01-23 12:25:00+00:00,2025-01-03 00:00:00+00:00
1737655200000,1737655500000,1737932700000,1,breakout_24,2758.315,2747.9032881487724,3738.0744732715566,2764.5429999999997,10.411711851227665,9.604568530986459,59.81725281097993,0.5981725281097993,timeout,4620,2.616572604896635,2025-01-23 18:05:00+00:00,2025-01-26 23:05:00+00:00,2025-01-03 00:00:00+00:00
1737658800000,1737659100000,1737932700000,1,dip_unconfirmed,2756.454,2746.5322484548087,3681.807402973941,2764.5429999999997,9.921751545191455,10.078865565673702,81.52794356072941,0.8152794356072941,timeout,4560,2.9333530342336553,2025-01-23 19:05:00+00:00,2025-01-26 23:05:00+00:00,2025-01-03 00:00:00+00:00
1737664200000,1737664500000,1737725100000,1,dip_unconfirmed,2754.4215,2745.079808620705,3629.948946550202,2782.4465741378845,9.341691379294844,10.704699603076428,300.0,3.0,target,1010,2.991267733585695,2025-01-23 20:35:00+00:00,2025-01-24 13:25:00+00:00,2025-01-03 00:00:00+00:00
1737666000000,1737666300000,1737724800000,1,pullback_ema20,2754.609,2745.4662151477974,3598.344700368037,2782.0373545566076,9.142784852202567,10.937586481203178,300.0,3.0,target,975,2.9734922607799623,2025-01-23 21:05:00+00:00,2025-01-24 13:20:00+00:00,2025-01-03 00:00:00+00:00
1737680400000,1737680700000,1737932700000,1,breakout_24,2760.4,2751.87,3551.87,2764.5429999999997,8.5300000000002,11.723329425556583,48.56975381007594,0.4856975381007594,timeout,4200,2.949355216881514,2025-01-24 01:05:00+00:00,2025-01-26 23:05:00+00:00,2025-01-03 00:00:00+00:00
1737725400000,1737725700000,1737729000000,1,breakout_24,2782.5015,2773.9540346504323,3574.70056960725,2773.904034650432,8.547465349567574,11.699374716395793,-100.58496873582192,-1.0058496873582192,stop,55,0.2086583480669726,2025-01-24 13:35:00+00:00,2025-01-24 14:30:00+00:00,2025-01-03 00:00:00+00:00
1737730800000,1737731100000,1737932700000,1,pullback_ema20,2778.94,2768.899102998177,3720.4888031804494,2764.5429999999997,10.040897001822941,9.959269573410108,-143.3836040483892,-1.4338360404838921,timeout,3360,0.6591044603682749,2025-01-24 15:05:00+00:00,2025-01-26 23:05:00+00:00,2025-01-03 00:00:00+00:00
1737732600000,1737732900000,1737734700000,1,breakout_24,2785.5199999999995,2774.7873813554506,3797.0492458104163,2774.7373813554505,10.732618644548893,9.317390593281733,-100.46586952966578,-1.0046586952966579,stop,30,0.003540608425490446,2025-01-24 15:35:00+00:00,2025-01-24 16:05:00+00:00,2025-01-03 00:00:00+00:00
1737736200000,1737736500000,1737932700000,1,dip_unconfirmed,2776.18,2764.9130482095466,3838.108227254901,2764.5429999999997,11.266951790453277,8.875515033687469,-103.28436844702259,-1.0328436844702258,timeout,3270,0.0865362715784851,2025-01-24 16:35:00+00:00,2025-01-26 23:05:00+00:00,2025-01-03 00:00:00+00:00
1737934200000,1737934500000,1737944100000,1,dip_unconfirmed,2769.505,2760.449791352711,3576.4706560815584,2760.399791352711,9.055208647288964,11.04336784442167,-100.5521683922231,-1.005521683922231,stop,160,0.30093177376048047,2025-01-26 23:35:00+00:00,2025-01-27 02:15:00+00:00,2025-01-03 00:00:00+00:00
1737936000000,1737936300000,1737944100000,1,dip_unconfirmed,2768.265,2759.58,3559.58,2759.5299999999997,8.684999999999945,11.514104778353556,-100.57570523891977,-1.0057570523891977,stop,130,0.45653425446173523,2025-01-27 00:05:00+00:00,2025-01-27 02:15:00+00:00,2025-01-03 00:00:00+00:00
1737937800000,1737938100000,1737944100000,1,dip_unconfirmed,2767.832,2759.45,3559.45,2759.3999999999996,8.382000000000062,11.930326890956724,-100.59651634455001,-1.0059651634455,stop,100,0.5246957766642932,2025-01-27 00:35:00+00:00,2025-01-27 02:15:00+00:00,2025-01-03 00:00:00+00:00
1737943200000,1737943500000,1737944700000,1,dip_unconfirmed,2763.5415,2754.7907660883902,3579.71415724937,2754.74076608839,8.750733911609586,11.42761293053719,-100.57138064652894,-1.0057138064652893,stop,20,0.0,2025-01-27 02:05:00+00:00,2025-01-27 02:25:00+00:00,2025-01-03 00:00:00+00:00
1737945000000,1737945300000,1737963000000,1,dip_unconfirmed,2758.4849999999997,2748.8371399392195,3654.6231460172767,2748.7871399392193,9.647860060780204,10.364992793221878,-100.51824963966298,-1.0051824963966298,stop,295,0.3840229829889102,2025-01-27 02:35:00+00:00,2025-01-27 07:30:00+00:00,2025-01-03 00:00:00+00:00
1738069200000,1738069500000,1738225500000,1,breakout_24,2746.1385,2737.6435,3537.6435,2771.6234999999997,8.49499999999989,11.771630370806507,300.0,3.0,target,2600,2.9989994114185454,2025-01-28 13:05:00+00:00,2025-01-30 08:25:00+00:00,2025-01-03 00:00:00+00:00
1738071000000,1738071300000,1738226100000,1,breakout_24,2747.085,2738.55,3538.55,2772.6899999999996,8.534999999999854,11.716461628588366,300.0,3.0,target,2580,2.9958992384300642,2025-01-28 13:35:00+00:00,2025-01-30 08:35:00+00:00,2025-01-03 00:00:00+00:00
1738072800000,1738073100000,1738227600000,1,breakout_24,2749.63,2740.965,3540.965,2775.625,8.664999999999964,11.54068090017316,300.0,3.0,target,2575,2.8987882285054867,2025-01-28 14:05:00+00:00,2025-01-30 09:00:00+00:00,2025-01-03 00:00:00+00:00
1738074600000,1738074900000,1738177500000,1,breakout_24,2754.5570000000002,2745.9965,3545.9965,2745.9465,8.560500000000047,11.681560656503644,-100.5840780328273,-1.0058407803282732,stop,1710,1.3082763857251456,2025-01-28 14:35:00+00:00,2025-01-29 19:05:00+00:00,2025-01-03 00:00:00+00:00
1738081800000,1738082100000,1738164900000,1,breakout_24,2757.8965000000003,2749.4350000000004,3549.4350000000004,2749.385,8.461499999999887,11.818235537434418,-100.59091177687387,-1.0059091177687387,stop,1380,0.9289133132423604,2025-01-28 16:35:00+00:00,2025-01-29 15:35:00+00:00,2025-01-03 00:00:00+00:00
1738197000000,1738197300000,1738247400000,1,breakout_24,2761.7235000000005,2753.1481166813355,3557.836448547786,2787.4496499559955,8.57538331866499,11.661286298694334,300.0,3.0,target,835,2.794219116461577,2025-01-30 00:35:00+00:00,2025-01-30 14:30:00+00:00,2025-01-03 00:00:00+00:00
1738198800000,1738199100000,1738249200000,1,breakout_24,2762.772,2754.1315,3554.1315,2788.6935,8.640499999999975,11.573404316879845,300.0,3.0,target,835,2.9012209941554112,2025-01-30 01:05:00+00:00,2025-01-30 15:00:00+00:00,2025-01-03 00:00:00+00:00
1738225800000,1738226100000,1738282200000,1,breakout_24,2773.12,2764.71,3564.71,2798.3499999999995,8.409999999999854,11.890606420927673,300.0,3.0,target,935,2.9482758620690253,2025-01-30 08:35:00+00:00,2025-01-31 00:10:00+00:00,2025-01-03 00:00:00+00:00
1738227600000,1738227900000,1738326000000,1,breakout_24,2777.0,2768.3199999999997,3568.3199999999997,2803.040000000001,8.680000000000291,11.520737327188554,300.0,3.0,target,1635,2.9081797235021996,2025-01-30 09:05:00+00:00,2025-01-31 12:20:00+00:00,2025-01-03 00:00:00+00:00
1738231200000,1738231500000,1738308900000,1,dip_unconfirmed,2774.7549999999997,2766.35,3566.35,2799.969999999999,8.404999999999745,11.897679952409641,300.0,3.0,target,1290,2.940690065437437,2025-01-30 10:05:00+00:00,2025-01-31 07:35:00+00:00,2025-01-03 00:00:00+00:00
1738247400000,1738247700000,1738335900000,1,breakout_24,2787.38,2778.9049999999997,3578.9049999999997,2812.805000000001,8.475000000000364,11.799410029498018,300.0,3.0,target,1470,2.9346902654865694,2025-01-30 14:35:00+00:00,2025-01-31 15:05:00+00:00,2025-01-03 00:00:00+00:00
1738251000000,1738251300000,1738537500000,1,breakout_24,2790.465,2781.6064142804566,3611.46498623482,2800.8954999999996,8.858585719543498,11.288483643544087,117.74452864398077,1.1774452864398077,timeout,4770,2.9607434900287504,2025-01-30 15:35:00+00:00,2025-02-02 23:05:00+00:00,2025-01-03 00:00:00+00:00
1738287000000,1738287300000,1738537500000,1,dip_unconfirmed,2795.5999999999995,2786.7193610121794,3628.2832597942497,2800.8954999999996,8.88063898782002,11.260450980740469,59.62971816851312,0.5962971816851312,timeout,4170,2.3751669253676724,2025-01-31 01:35:00+00:00,2025-02-02 23:05:00+00:00,2025-01-03 00:00:00+00:00
1738308600000,1738308900000,1738312800000,1,pullback_ema20,2800.77,2791.91,3591.91,2791.8599999999997,8.860000000000127,11.286681715575458,-100.56433408578083,-1.0056433408578083,stop,65,0.0,2025-01-31 07:35:00+00:00,2025-01-31 08:40:00+00:00,2025-01-03 00:00:00+00:00
1738314000000,1738314300000,1738537500000,1,dip_unconfirmed,2794.0135,2785.3950000000004,3585.3950000000004,2800.8954999999996,8.618499999999585,11.602947148576296,79.85148227649752,0.7985148227649752,timeout,3720,2.6314903985613833,2025-01-31 09:05:00+00:00,2025-02-02 23:05:00+00:00,2025-01-03 00:00:00+00:00
1738326600000,1738326900000,1738348500000,1,breakout_24,2806.0099999999998,2797.405,3597.405,2797.355,8.604999999999563,11.621150493899485,-100.58105752469709,-1.0058105752469708,stop,360,1.241487507263334,2025-01-31 12:35:00+00:00,2025-01-31 18:35:00+00:00,2025-01-03 00:00:00+00:00
1738335600000,1738335900000,1738343700000,1,breakout_24,2812.9550000000004,2804.222089380347,3624.513151345683,2804.1720893803467,8.732910619653467,11.450935931366274,-100.57254679657039,-1.005725467965704,stop,130,0.4280359851144518,2025-01-31 15:05:00+00:00,2025-01-31 17:15:00+00:00,2025-01-03 00:00:00+00:00
1738344600000,1738344900000,1738347900000,1,pullback_ema20,2808.49,2798.534860637117,3740.5487969253754,2798.484860637117,9.955139362882619,10.04506279167185,-100.50225313958542,-1.0050225313958543,stop,50,0.7573977344920538,2025-01-31 17:35:00+00:00,2025-01-31 18:25:00+00:00,2025-01-03 00:00:00+00:00
1738350000000,1738350300000,1738537500000,1,dip_unconfirmed,2799.5485,2787.848165386205,3906.381626765691,2800.8954999999996,11.700334613794894,8.546764114087669,11.512491261673976,0.11512491261673975,timeout,3120,0.2287541415135204,2025-01-31 19:05:00+00:00,2025-02-02 23:05:00+00:00,2025-01-03 00:00:00+00:00
1738351800000,1738352100000,1738537500000,1,pullback_ema50,2802.4385,2790.772332144333,3897.389117711004,2800.8954999999996,11.666167855667027,8.571795060485385,-13.226279778333877,-0.13226279778333877,timeout,3090,0.0,2025-01-31 19:35:00+00:00,2025-02-02 23:05:00+00:00,2025-01-03 00:00:00+00:00
1738539000000,1738539300000,1738546500000,1,dip_unconfirmed,2795.3855,2780.5571024779956,3969.6968546784324,2780.5071024779954,14.828397522004252,6.743817047769818,-100.33719085238972,-1.0033719085238972,stop,120,0.0,2025-02-02 23:35:00+00:00,2025-02-03 01:35:00+00:00,2025-01-03 00:00:00+00:00
1738546200000,1738546500000,1738594200000,1,dip_unconfirmed,2783.0465,2769.2901188924934,4080.428229643136,2824.3156433225195,13.756381107506513,7.269353707090341,300.0,3.0,target,795,2.5949048460515045,2025-02-03 01:35:00+00:00,2025-02-03 14:50:00+00:00,2025-01-03 00:00:00+00:00
1738548000000,1738548300000,1738594200000,1,dip_unconfirmed,2782.9249999999997,2769.244217543029,4080.322463240055,2823.9673473709113,13.680782456970519,7.3095234365815696,300.0,3.0,target,765,2.618125104514802,2025-02-03 02:05:00+00:00,2025-02-03 14:50:00+00:00,2025-01-03 00:00:00+00:00
1738587600000,1738587900000,1738716000000,1,breakout_24,2811.3370000000004,2799.2908798285257,3925.702896975991,2847.4753605144247,12.04612017147474,8.30142805953409,300.0,3.0,target,2135,2.9620325459223618,2025-02-03 13:05:00+00:00,2025-02-05 00:40:00+00:00,2025-01-03 00:00:00+00:00
1738593000000,1738593300000,1738721400000,1,breakout_24,2814.935,2803.652059760667,3882.9460836939634,2848.7838207179993,11.28294023933313,8.862938017822067,300.0,3.0,target,2135,2.960664444853479,2025-02-03 14:35:00+00:00,2025-02-05 02:10:00+00:00,2025-01-03 00:00:00+00:00
1738594800000,1738595100000,1738596600000,1,breakout_24,2830.5924999999997,2818.146769777762,4060.4697920015387,2818.096769777762,12.445730222237671,8.034884109999659,-100.40174420550143,-1.0040174420550143,stop,25,0.0,2025-02-03 15:05:00+00:00,2025-02-03 15:30:00+00:00,2025-01-03 00:00:00+00:00
1738598400000,1738598700000,1738742400000,1,dip_unconfirmed,2818.387,2803.432219859397,4219.060233919691,2863.2513404218103,14.954780140603361,6.686825152881547,300.0,3.0,target,2395,2.8686145564604186,2025-02-03 16:05:00+00:00,2025-02-05 08:00:00+00:00,2025-01-03 00:00:00+00:00
1738614600000,1738614900000,1738728900000,1,dip_unconfirmed,2816.9534999999996,2804.0935437686157,4044.589166907037,2855.5333686941512,12.859956231383876,7.776076232355798,300.0,3.0,target,1900,2.8702663785060585,2025-02-03 20:35:00+00:00,2025-02-05 04:15:00+00:00,2025-01-03 00:00:00+00:00
1738620000000,1738623900000,1738717500000,1,pullback_ema20,2814.6240000000003,2803.5505773176565,3921.492845552034,2847.8442680470316,11.07342268234379,9.030631528176626,300.0,3.0,target,1560,2.972658133287501,2025-02-03 23:05:00+00:00,2025-02-05 01:05:00+00:00,2025-01-03 00:00:00+00:00
1738720800000,1738721100000,1738751700000,1,pullback_ema20,2845.3669999999997,2836.0808995619245,3688.340943369485,2873.2253013142254,9.28610043807521,10.768782942512267,300.0,3.0,target,510,2.8516814110066973,2025-02-05 02:05:00+00:00,2025-02-05 10:35:00+00:00,2025-01-03 00:00:00+00:00
1738722600000,1738722900000,1738770900000,1,breakout_24,2851.635,2841.6640853075014,3775.905554557379,2881.5477440774966,9.970914692498809,10.029170149778809,300.0,3.0,target,800,2.8242143141776976,2025-02-05 02:35:00+00:00,2025-02-05 15:55:00+00:00,2025-01-03 00:00:00+00:00
1738729800000,1738730100000,1738853400000,1,breakout_24,2857.4500000000003,2847.751078794449,3754.1431993495676,2847.7010787944487,9.698921205551414,10.310425033947338,-100.51552125169924,-1.0051552125169925,stop,2055,2.5248168823130066,2025-02-05 04:35:00+00:00,2025-02-06 14:50:00+00:00,2025-01-03 00:00:00+00:00
1738735200000,1738735500000,1738830300000,1,breakout_24,2859.9985,2850.6421775187337,3728.9244256454026,2850.5921775187335,9.356322481266488,10.68795995437556,-100.53439799772072,-1.0053439799772073,stop,1580,2.344884974190221,2025-02-05 06:05:00+00:00,2025-02-06 08:25:00+00:00,2025-01-03 00:00:00+00:00
1738742400000,1738742700000,1738828200000,1,breakout_24,2864.6650000000004,2855.2893759921008,3747.8517767820304,2855.2393759921006,9.37562400789966,10.665956731599152,-100.5332978365819,-1.005332978365819,stop,1425,1.842330706249088,2025-02-05 08:05:00+00:00,2025-02-06 07:50:00+00:00,2025-01-03 00:00:00+00:00
1738764000000,1738764300000,1738830300000,1,dip_unconfirmed,2862.402,2852.15600357206,3813.055646366102,2852.1060035720598,10.2459964279401,9.759909707493861,-100.48799548537647,-1.0048799548537648,stop,1100,1.9066959604560063,2025-02-05 14:05:00+00:00,2025-02-06 08:25:00+00:00,2025-01-03 00:00:00+00:00
1738771200000,1738771500000,1738771800000,1,breakout_24,2880.7415000000005,2869.33681020985,3958.155789224881,2869.2868102098496,11.40468979015077,8.76832266725582,-100.4384161333644,-1.004384161333644,stop,5,0.0,2025-02-05 16:05:00+00:00,2025-02-05 16:10:00+00:00,2025-01-03 00:00:00+00:00
1738774800000,1738775100000,1738785900000,1,pullback_ema20,2875.5799999999995,2862.0236016605336,4163.1634356071645,2861.9736016605334,13.556398339465886,7.376590558635056,-100.3688295279331,-1.0036882952793311,stop,180,0.04953380560122876,2025-02-05 17:05:00+00:00,2025-02-05 20:05:00+00:00,2025-01-03 00:00:00+00:00
1738803600000,1738803900000,1738824900000,1,pullback_ema20,2870.385,2859.7419921180176,3866.042780316234,2859.6919921180174,10.643007881982612,9.395840077248133,-100.46979200386411,-1.0046979200386412,stop,350,0.22625182906012584,2025-02-06 01:05:00+00:00,2025-02-06 06:55:00+00:00,2025-01-03 00:00:00+00:00
1738830600000,1738830900000,1738854000000,1,dip_unconfirmed,2851.995,2840.9744884085962,3897.5256475489805,2840.924488408596,11.020511591403647,9.07398891336435,-100.45369944566987,-1.0045369944566986,stop,385,1.6156237260245077,2025-02-06 08:35:00+00:00,2025-02-06 15:00:00+00:00,2025-01-03 00:00:00+00:00
1738843200000,1738843500000,1738850400000,1,pullback_ema50,2866.585,2855.4123401885213,3916.678321336344,2855.362340188521,11.172659811478752,8.950420194237038,-100.44752100971348,-1.0044752100971348,stop,115,0.2877560092446931,2025-02-06 12:05:00+00:00,2025-02-06 14:00:00+00:00,2025-01-03 00:00:00+00:00
1738848600000,1738848900000,1738853400000,1,dip_unconfirmed,2861.9855000000002,2850.7884585984625,3909.2925987521676,2850.7384585984623,11.197041401537717,8.930930628359269,-100.44654653141959,-1.0044654653141958,stop,75,0.13333879428135775,2025-02-06 13:35:00+00:00,2025-02-06 14:50:00+00:00,2025-01-03 00:00:00+00:00
1738895400000,1738895700000,1738911300000,1,breakout_24,2869.0735,2859.758684215608,3733.890262654798,2859.7086842156077,9.314815784392067,10.735585363648338,-100.53677926818436,-1.0053677926818436,stop,260,0.11020078375784395,2025-02-07 02:35:00+00:00,2025-02-07 06:55:00+00:00,2025-01-03 00:00:00+00:00
1738900800000,1738901100000,1738911300000,1,dip_unconfirmed,2867.8349999999996,2859.2528852848727,3667.46435679759,2859.2028852848725,8.582114715126863,11.652139748696166,-100.58260698743693,-1.0058260698743693,stop,170,0.1442534900888916,2025-02-07 04:05:00+00:00,2025-02-07 06:55:00+00:00,2025-01-03 00:00:00+00:00
1738906200000,1738906500000,1738935300000,1,dip_unconfirmed,2865.78,2857.3199999999997,3657.3199999999997,2857.2699999999995,8.460000000000491,11.820330969266454,-100.59101654846548,-1.0059101654846547,stop,480,0.5342789598107878,2025-02-07 05:35:00+00:00,2025-02-07 13:35:00+00:00,2025-01-03 00:00:00+00:00
1738908000000,1738908300000,1738935300000,1,dip_unconfirmed,2862.7149999999997,2854.1850000000004,3654.1850000000004,2854.135,8.52999999999929,11.723329425557834,-100.58616647128004,-1.0058616647128005,stop,450,0.8892145369285659,2025-02-07 06:05:00+00:00,2025-02-07 13:35:00+00:00,2025-01-03 00:00:00+00:00
1739143800000,1739144100000,1739193900000,1,pullback_ema20,2870.4174999999996,2857.4285703595874,4087.8215344008663,2909.384288921236,12.988929640412152,7.698863783885035,300.0,3.0,target,830,2.9348838630548566,2025-02-09 23:35:00+00:00,2025-02-10 13:25:00+00:00,2025-01-03 00:00:00+00:00
1739147400000,1739147700000,1739182500000,1,dip_unconfirmed,2867.95,2855.7210147488277,4012.6195398660593,2904.6369557535163,12.228985251172162,8.17729336867218,300.0,3.0,target,580,2.9609979287962362,2025-02-10 00:35:00+00:00,2025-02-10 10:15:00+00:00,2025-01-03 00:00:00+00:00
1739152800000,1739153100000,1739193900000,1,pullback_ema20,2872.5835,2860.3114323626733,4027.0181960953855,2909.399702911981,12.272067637326927,8.14858611892248,300.0,3.0,target,680,2.9298241390585718,2025-02-10 02:05:00+00:00,2025-02-10 13:25:00+00:00,2025-01-03 00:00:00+00:00
1739158200000,1739158500000,1739193600000,1,dip_unconfirmed,2874.1150000000002,2862.9089567787146,3922.5132789072754,2907.733129663857,11.206043221285654,8.923756407618704,300.0,3.0,target,585,2.8935280151703404,2025-02-10 03:35:00+00:00,2025-02-10 13:20:00+00:00,2025-01-03 00:00:00+00:00
1739169000000,1739169300000,1739230800000,1,breakout_24,2885.4649999999997,2875.415529564253,3823.3625731389166,2915.6134113072394,10.04947043574657,9.950773091912783,300.0,3.0,target,1025,2.9926950073928418,2025-02-10 06:35:00+00:00,2025-02-10 23:40:00+00:00,2025-01-03 00:00:00+00:00
1739192400000,1739192700000,1739238900000,1,dip_unconfirmed,2903.4649999999997,2893.262818900096,3870.9809288904844,2934.0715432997104,10.202181099903555,9.801825611676835,300.0,3.0,target,770,2.7871491126803023,2025-02-10 13:05:00+00:00,2025-02-11 01:55:00+00:00,2025-01-03 00:00:00+00:00
1739206800000,1739207100000,1739240100000,1,dip_unconfirmed,2901.6349999999998,2889.269624782015,4073.3071465805306,2938.731125653954,12.36537521798482,8.087097903390347,300.0,3.0,target,550,2.9525994445278703,2025-02-10 17:05:00+00:00,2025-02-11 02:15:00+00:00,2025-01-03 00:00:00+00:00
1739208600000,1739208900000,1739239500000,1,dip_unconfirmed,2899.897,2887.613508726157,4057.7626361104844,2936.747473821529,12.283491273843083,8.14100794071012,300.0,3.0,target,510,2.914318022615427,2025-02-10 17:35:00+00:00,2025-02-11 02:05:00+00:00,2025-01-03 00:00:00+00:00
1739210400000,1739210700000,1739240100000,1,pullback_ema20,2903.755,2891.2000438171453,4090.6956621025884,2941.4198685485644,12.554956182854767,7.964981999424377,300.0,3.0,target,490,2.7391573096020694,2025-02-10 18:05:00+00:00,2025-02-11 02:15:00+00:00,2025-01-03 00:00:00+00:00
1739232000000,1739232300000,1739241900000,1,breakout_24,2918.572,2907.5568822734485,3944.368654928626,2907.5068822734484,11.01511772655158,9.078432249430552,-100.45392161247318,-1.0045392161247317,stop,160,2.152450894178772,2025-02-11 00:05:00+00:00,2025-02-11 02:45:00+00:00,2025-01-03 00:00:00+00:00
1739239200000,1739239500000,1739241600000,1,breakout_24,2934.6364999999996,2922.1444908270505,4111.845408122042,2922.0944908270503,12.49200917294911,8.005117400693681,-100.40025587003615,-1.0040025587003614,stop,35,0.6119912252831032,2025-02-11 02:05:00+00:00,2025-02-11 02:40:00+00:00,2025-01-03 00:00:00+00:00
1739241000000,1739241300000,1739241600000,1,breakout_24,2940.53,2927.5667771965464,4162.389057541895,2927.516777196546,12.963222803453846,7.714131085778806,-100.38570655429034,-1.0038570655429033,stop,5,0.04088489475460803,2025-02-11 02:35:00+00:00,2025-02-11 02:40:00+00:00,2025-01-03 00:00:00+00:00
1739244600000,1739244900000,1739264700000,1,pullback_ema20,2923.5855,2905.5244711541654,4613.427355737655,2905.4744711541653,18.0610288458347,5.536783139741365,-100.27683915698807,-1.0027683915698808,stop,330,0.28400929115300855,2025-02-11 03:35:00+00:00,2025-02-11 09:05:00+00:00,2025-01-03 00:00:00+00:00
1739379600000,1739379900000,1739553000000,1,breakout_24,2903.11,2887.659482937702,4376.211189167525,2894.77,15.450517062298331,6.472275302942164,-53.97877602653858,-0.5397877602653858,timeout,2885,2.365713707354907,2025-02-12 17:05:00+00:00,2025-02-14 17:10:00+00:00,2025-01-03 00:00:00+00:00
1739381400000,1739381700000,1739550900000,1,breakout_24,2906.2385,2890.892234156437,4371.168818512694,2890.842234156437,15.346265843562833,6.516243170774091,-100.32581215853989,-1.0032581215853988,stop,2820,2.1779239549678393,2025-02-12 17:35:00+00:00,2025-02-14 16:35:00+00:00,2025-01-03 00:00:00+00:00
1739386800000,1739387100000,1739555100000,1,dip_unconfirmed,2901.7115,2887.8073365312293,4211.7236834083005,2887.757336531229,13.904163468770548,7.192090356575931,-100.3596045178301,-1.003596045178301,stop,2800,2.729398290320585,2025-02-12 19:05:00+00:00,2025-02-14 17:45:00+00:00,2025-01-03 00:00:00+00:00
1739388600000,1739388900000,1739521500000,1,dip_unconfirmed,2895.58,2881.6057767789985,4228.52809887913,2937.5026696630043,13.974223221001466,7.1560328197500676,300.0,3.0,target,2210,2.958661769325684,2025-02-12 19:35:00+00:00,2025-02-14 08:25:00+00:00,2025-01-03 00:00:00+00:00
1739390400000,1739390700000,1739556600000,1,pullback_ema20,2898.4900000000002,2884.7050070090704,4208.704306102045,2884.6550070090702,13.784992990929823,7.254265567330899,-100.36271327836786,-1.0036271327836785,stop,2765,2.9866899480536357,2025-02-12 20:05:00+00:00,2025-02-14 18:10:00+00:00,2025-01-03 00:00:00+00:00
1739529000000,1739529300000,1739533800000,1,breakout_24,2939.7299999999996,2930.3341869762016,3807.7654893560343,2930.2841869762015,9.395813023797928,10.643038526492358,-100.53215192632655,-1.0053215192632654,stop,75,0.0,2025-02-14 10:35:00+00:00,2025-02-14 11:50:00+00:00,2025-01-03 00:00:00+00:00
1739534400000,1739534700000,1739540700000,1,dip_unconfirmed,2931.625,2922.1873922327677,3821.9481689559816,2922.1373922327675,9.437607767232294,10.595905494950058,-100.52979527474943,-1.0052979527474943,stop,100,0.1329786139616348,2025-02-14 12:05:00+00:00,2025-02-14 13:45:00+00:00,2025-01-03 00:00:00+00:00
1739541600000,1739541900000,1739546400000,1,dip_unconfirmed,2921.215,2909.91193056435,3980.218874129323,2909.8619305643497,11.303069435650286,8.847154356549948,-100.44235771782911,-1.004423577178291,stop,75,0.6117807237553855,2025-02-14 14:05:00+00:00,2025-02-14 15:20:00+00:00,2025-01-03 00:00:00+00:00
1739547000000,1739547300000,1739555700000,1,dip_unconfirmed,2900.86,2885.2659680939782,4390.669158696113,2885.215968093978,15.594031906021883,6.412709721427684,-100.32063548607256,-1.0032063548607255,stop,140,0.37610542516171963,2025-02-14 15:35:00+00:00,2025-02-14 17:55:00+00:00,2025-01-03 00:00:00+00:00
1739849400000,1739849700000,1739908500000,1,breakout_24,2909.9,2901.049777599612,3735.4220176384224,2936.450667201165,8.850222400388247,11.299151080724608,300.0,3.0,target,980,2.980151097541064,2025-02-18 03:35:00+00:00,2025-02-18 19:55:00+00:00,2025-01-03 00:00:00+00:00
1739856600000,1739856900000,1739956800000,1,breakout_24,2913.8100000000004,2905.1059468586664,3714.861260992055,2939.9221594240025,8.704053141334043,11.488900443991696,300.0,3.0,target,1665,2.976199660015967,2025-02-18 05:35:00+00:00,2025-02-19 09:20:00+00:00,2025-01-03 00:00:00+00:00
1739865600000,1739865900000,1739930100000,1,dip_unconfirmed,2911.9950000000003,2903.384354364058,3720.9489179583375,2937.826936907828,8.610645635942547,11.613530997325,300.0,3.0,target,1070,2.980612730463457,2025-02-18 08:05:00+00:00,2025-02-19 01:55:00+00:00,2025-01-03 00:00:00+00:00
1739867400000,1739867700000,1739929800000,1,dip_unconfirmed,2911.1050000000005,2902.40190048091,3729.211852389886,2937.2142985572714,8.703099519090301,11.490159314006394,300.0,3.0,target,1035,2.919994186468394,2025-02-18 08:35:00+00:00,2025-02-19 01:50:00+00:00,2025-01-03 00:00:00+00:00
1739876400000,1739876700000,1739929800000,1,pullback_ema20,2911.8450000000003,2903.3599999999997,3703.3599999999997,2937.300000000002,8.485000000000582,11.785503830287936,300.0,3.0,target,885,2.907837360046916,2025-02-18 11:05:00+00:00,2025-02-19 01:50:00+00:00,2025-01-03 00:00:00+00:00
1739908800000,1739909100000,1739927100000,1,breakout_24,2936.2749999999996,2927.559986369337,3753.5613494356066,2927.5099863693367,8.715013630662725,11.47445135922244,-100.5737225679632,-1.005737225679632,stop,300,0.009753283655395429,2025-02-18 20:05:00+00:00,2025-02-19 01:05:00+00:00,2025-01-03 00:00:00+00:00
1739926800000,1739927100000,1739987400000,1,dip_unconfirmed,2929.982,2921.33,3721.33,2921.2799999999997,8.652000000000044,11.558021266759072,-100.57790106334005,-1.0057790106334006,stop,1005,1.9247572815533645,2025-02-19 01:05:00+00:00,2025-02-19 17:50:00+00:00,2025-01-03 00:00:00+00:00
1739930400000,1739930700000,1739933400000,1,breakout_24,2939.245,2930.57,3730.57,2930.52,8.674999999999727,11.527377521614195,-100.5763688760828,-1.005763688760828,stop,45,0.0,2025-02-19 02:05:00+00:00,2025-02-19 02:50:00+00:00,2025-01-03 00:00:00+00:00
1739934000000,1739934300000,1739988900000,1,dip_unconfirmed,2929.77,2920.2257087933117,3825.154829462123,2920.1757087933115,9.544291206688285,10.47746740270495,-100.52387337013715,-1.0052387337013715,stop,910,1.767024877466167,2025-02-19 03:05:00+00:00,2025-02-19 18:15:00+00:00,2025-01-03 00:00:00+00:00
1739935800000,1739936100000,1739989500000,1,dip_unconfirmed,2928.91,2919.1751581652184,3840.1593416433975,2919.125158165218,9.734841834781491,10.272380558121785,-100.51361902790796,-1.0051361902790796,stop,890,1.8207794539270772,2025-02-19 03:35:00+00:00,2025-02-19 18:25:00+00:00,2025-01-03 00:00:00+00:00
1740018600000,1740018900000,1740060600000,1,pullback_ema20,2938.9035,2928.570565451429,3894.664020308506,2928.520565451429,10.332934548570847,9.677792840934142,-100.48388964204847,-1.0048388964204846,stop,695,1.5048967867653207,2025-02-20 02:35:00+00:00,2025-02-20 14:10:00+00:00,2025-01-03 00:00:00+00:00
1740022200000,1740022500000,1740059700000,1,breakout_24,2943.7599999999998,2933.5379288841405,3888.745040470095,2933.4879288841403,10.222071115859308,9.782753305722194,-100.48913766528788,-1.0048913766528789,stop,620,1.046118724747478,2025-02-20 03:35:00+00:00,2025-02-20 13:55:00+00:00,2025-01-03 00:00:00+00:00
1740025800000,1740026100000,1740060300000,1,dip_unconfirmed,2941.425,2931.7728519460193,3833.9876573441093,2931.722851946019,9.652148053980909,10.360388116793985,-100.51801940584157,-1.0051801940584157,stop,570,1.3498031657965406,2025-02-20 04:35:00+00:00,2025-02-20 14:05:00+00:00,2025-01-03 00:00:00+00:00
1740027600000,1740027900000,1740060300000,1,dip_unconfirmed,2940.715,2931.3008625213038,3797.71461039096,2931.2508625213036,9.414137478696375,10.622322037073918,-100.53111610185563,-1.0053111610185563,stop,540,1.4593477130634411,2025-02-20 05:05:00+00:00,2025-02-20 14:05:00+00:00,2025-01-03 00:00:00+00:00
1740101400000,1740101700000,1740102300000,1,pullback_ema20,2946.1449999999995,2935.7680849699295,3918.4595879770045,2935.7180849699294,10.376915030069995,9.636775449179472,-100.48183877246072,-1.0048183877246073,stop,10,0.0,2025-02-21 01:35:00+00:00,2025-02-21 01:45:00+00:00,2025-01-03 00:00:00+00:00
1740164400000,1740164700000,1740351900000,1,breakout_24,2942.34,2930.276606313211,4090.1159749921476,2938.151,12.063393686789368,8.28954128468095,-34.724888441531036,-0.3472488844153104,timeout,3120,0.0,2025-02-21 19:05:00+00:00,2025-02-23 23:05:00+00:00,2025-01-03 00:00:00+00:00
1740168000000,1740168300000,1740351900000,1,dip_unconfirmed,2933.85,2921.8540891170032,4078.9451774167064,2938.151,11.995910882996668,8.336173965892222,35.85388422730187,0.3585388422730187,timeout,3060,0.3359478108254732,2025-02-21 20:05:00+00:00,2025-02-23 23:05:00+00:00,2025-01-03 00:00:00+00:00
1740171600000,1740171900000,1740351900000,1,pullback_ema50,2935.2349999999997,2923.6775819427216,4030.419387670532,2938.151,11.557418057278028,8.652451568715836,25.230548774376828,0.25230548774376826,timeout,3000,0.22885734399257163,2025-02-21 21:05:00+00:00,2025-02-23 23:05:00+00:00,2025-01-03 00:00:00+00:00
1740173400000,1740173700000,1740351900000,1,pullback_ema20,2936.665,2925.3373975182417,4015.597645694067,2938.151,11.327602481758277,8.827993404697756,13.118398199379772,0.13118398199379772,timeout,2970,0.10726011986709058,2025-02-21 21:35:00+00:00,2025-02-23 23:05:00+00:00,2025-01-03 00:00:00+00:00
1740353400000,1740353700000,1740359100000,1,pullback_ema20,2939.53,2928.0006029621577,3999.4403067464164,2927.9506029621575,11.5293970378425,8.673480466651796,-100.43367402333416,-1.0043367402333416,stop,90,0.0,2025-02-23 23:35:00+00:00,2025-02-24 01:05:00+00:00,2025-01-03 00:00:00+00:00
1740357000000,1740357300000,1740359100000,1,dip_unconfirmed,2936.475,2925.661565819411,3942.5049838782893,2925.6115658194108,10.813434180588956,9.247755923784934,-100.46238779619094,-1.0046238779619094,stop,30,0.0,2025-02-24 00:35:00+00:00,2025-02-24 01:05:00+00:00,2025-01-03 00:00:00+00:00
1740358800000,1740359100000,1740496800000,1,dip_unconfirmed,2931.0885,2919.9720968323104,3953.6124136012722,2919.92209683231,11.116403167689441,8.99571547482702,-100.44978577374299,-1.00449785773743,stop,2295,2.2229762295618687,2025-02-24 01:05:00+00:00,2025-02-25 15:20:00+00:00,2025-01-03 00:00:00+00:00
1740375000000,1740375300000,1740470700000,1,dip_unconfirmed,2941.3635,2929.627465478242,4017.530917654027,2929.5774654782417,11.736034521758029,8.520765665319486,-100.42603828326753,-1.0042603828326753,stop,1590,1.2301003352738302,2025-02-24 05:35:00+00:00,2025-02-25 08:05:00+00:00,2025-01-03 00:00:00+00:00
1740376800000,1740377100000,1740486900000,1,dip_unconfirmed,2937.09,2925.665682229796,4012.097459250166,2925.6156822297958,11.424317770204198,8.753257919769208,-100.43766289599004,-1.0043766289599005,stop,1830,1.6377345567887824,2025-02-24 06:05:00+00:00,2025-02-25 12:35:00+00:00,2025-01-03 00:00:00+00:00
1740441600000,1740441900000,1740455400000,1,dip_unconfirmed,2950.595,2940.8763276861982,3858.7435590663963,2940.826327686198,9.718672313801562,10.289471315746413,-100.51447356578919,-1.005144735657892,stop,225,0.15588549043363864,2025-02-25 00:05:00+00:00,2025-02-25 03:50:00+00:00,2025-01-03 00:00:00+00:00
1740443400000,1740443700000,1740455400000,1,dip_unconfirmed,2949.4400000000005,2939.7419471371836,3855.0472334188007,2939.6919471371834,9.698052862816894,10.311348207165167,-100.51556741036013,-1.0051556741036014,stop,195,0.2572681377687597,2025-02-25 00:35:00+00:00,2025-02-25 03:50:00+00:00,2025-01-03 00:00:00+00:00
1740456000000,1740456300000,1740470700000,1,dip_unconfirmed,2940.172,2930.3205607677805,3855.764483989715,2930.2705607677804,9.85143923221949,10.150801080206266,-100.50754005401215,-1.0050754005401215,stop,240,0.04699820900137459,2025-02-25 04:05:00+00:00,2025-02-25 08:05:00+00:00,2025-01-03 00:00:00+00:00
1740457800000,1740458100000,1740486900000,1,dip_unconfirmed,2937.8905,2928.0802349986534,3854.406735133311,2928.030234998653,9.810265001346579,10.193404560047437,-100.50967022800423,-1.0050967022800423,stop,480,0.4215992126035587,2025-02-25 04:35:00+00:00,2025-02-25 12:35:00+00:00,2025-01-03 00:00:00+00:00
1740614400000,1740614700000,1740624600000,1,breakout_24,2919.7749999999996,2909.8671212367503,3847.654997561721,2909.81712123675,9.9078787632493,10.092977759369038,-100.50464888797029,-1.0050464888797028,stop,165,0.0,2025-02-27 00:05:00+00:00,2025-02-27 02:50:00+00:00,2025-01-03 00:00:00+00:00
1740958200000,1740958500000,1741077600000,1,breakout_24,2871.7499999999995,2856.545546235131,4322.490922722014,2917.363361294605,15.204453764868504,6.57702023015523,300.0,3.0,target,1985,2.871527032485794,2025-03-02 23:35:00+00:00,2025-03-04 08:40:00+00:00,2025-01-03 00:00:00+00:00
1741005000000,1741005300000,1741076400000,1,breakout_24,2876.6349999999998,2866.250220127742,3859.7282073535666,2907.789339616773,10.384779872257695,9.629477103038447,300.0,3.0,target,1185,2.838143933964042,2025-03-03 12:35:00+00:00,2025-03-04 08:20:00+00:00,2025-01-03 00:00:00+00:00
1741015800000,1741016100000,1741189200000,1,breakout_24,2889.862,2877.2691509525375,4081.3540556987837,2922.5265,12.59284904746255,7.9410147475840605,259.3892762224584,2.593892762224584,timeout,2885,2.9799451941783817,2025-03-03 15:35:00+00:00,2025-03-05 15:40:00+00:00,2025-01-03 00:00:00+00:00
1741021200000,1741021500000,1741032000000,1,breakout_24,2891.945,2879.7742983391854,4048.8444644206393,2879.724298339185,12.170701660814757,8.216453150105858,-100.4108226575068,-1.004108226575068,stop,175,0.04790192186512402,2025-03-03 17:05:00+00:00,2025-03-03 20:00:00+00:00,2025-01-03 00:00:00+00:00
1741037400000,1741037700000,1741050900000,1,breakout_24,2895.27,2882.603393027104,4091.91409031667,2882.553393027104,12.666606972895806,7.894774047539446,-100.3947387023784,-1.003947387023784,stop,220,0.0,2025-03-03 21:35:00+00:00,2025-03-04 01:15:00+00:00,2025-01-03 00:00:00+00:00
1741073400000,1741073700000,1741246800000,1,breakout_24,2900.0350000000003,2888.5516269152463,3986.888935390588,2914.2200000000003,11.483373084754021,8.708242714221807,123.52642290123586,1.2352642290123586,timeout,2885,2.5620956301647624,2025-03-04 07:35:00+00:00,2025-03-06 07:40:00+00:00,2025-01-03 00:00:00+00:00
1741077000000,1741077300000,1741100700000,1,breakout_24,2914.6835,2901.6308670850854,4152.04415857657,2901.580867085085,13.052632914914739,7.661289538429743,-100.38306447692288,-1.003830644769229,stop,390,0.9733285294097932,2025-03-04 08:35:00+00:00,2025-03-04 15:05:00+00:00,2025-01-03 00:00:00+00:00
1741080600000,1741080900000,1741099800000,1,breakout_24,2920.5335,2906.9245027417314,4209.4742285685725,2906.8745027417312,13.608997258268573,7.348079957855959,-100.36740399789414,-1.0036740399789414,stop,315,0.5036741407112305,2025-03-04 09:35:00+00:00,2025-03-04 14:50:00+00:00,2025-01-03 00:00:00+00:00
1741084200000,1741084500000,1741100700000,1,dip_unconfirmed,2915.9449999999997,2902.673372262003,4163.336146061681,2902.6233722620027,13.271627737996823,7.534870776528703,-100.37674353882781,-1.0037674353882782,stop,270,0.8622152629581954,2025-03-04 10:35:00+00:00,2025-03-04 15:05:00+00:00,2025-01-03 00:00:00+00:00
1741100400000,1741100700000,1741273800000,1,dip_unconfirmed,2904.2295,2889.7989502684445,4270.553923424,2919.823,14.430549731555402,6.929742931506564,108.05894640244726,1.0805894640244726,timeout,2885,1.748166249331183,2025-03-04 15:05:00+00:00,2025-03-06 15:10:00+00:00,2025-01-03 00:00:00+00:00
1741111200000,1741111500000,1741182300000,1,dip_unconfirmed,2912.325,2898.0855181218044,4259.533705941348,2898.035518121804,14.23948187819542,7.022727431756321,-100.35113637158909,-1.003511363715891,stop,1180,0.6837678563929527,2025-03-04 18:05:00+00:00,2025-03-05 13:45:00+00:00,2025-01-03 00:00:00+00:00
1741113000000,1741113300000,1741182600000,1,dip_unconfirmed,2910.6685,2896.4801239702474,4244.967726945539,2896.430123970247,14.188376029752817,7.048022958392241,-100.3524011479209,-1.003524011479209,stop,1155,0.802981255649598,2025-03-04 18:35:00+00:00,2025-03-05 13:50:00+00:00,2025-01-03 00:00:00+00:00
1741183200000,1741183500000,1741356600000,1,dip_unconfirmed,2900.62,2886.9041980307607,4198.984394954655,2912.4695,13.715801969239237,7.290860587246187,86.39305252857561,0.8639305252857561,timeout,2885,2.102429013241272,2025-03-05 14:05:00+00:00,2025-03-07 14:10:00+00:00,2025-01-03 00:00:00+00:00
1741186800000,1741187100000,1741254000000,1,pullback_ema50,2913.2335,2897.4947727918297,4319.467493608859,2897.4447727918296,15.738727208170076,6.353753939396659,-100.31768769697099,-1.00317687696971,stop,1115,1.030769501588346,2025-03-05 15:05:00+00:00,2025-03-06 09:40:00+00:00,2025-01-03 00:00:00+00:00
1741192200000,1741192500000,1741198200000,1,breakout_24,2929.2549999999997,2912.505898441563,4527.916054285235,2912.455898441563,16.74910155843645,5.970469499579243,-100.29852347498004,-1.0029852347498005,stop,95,0.012030496041686711,2025-03-05 16:35:00+00:00,2025-03-05 18:10:00+00:00,2025-01-03 00:00:00+00:00
1741199400000,1741199700000,1741251300000,1,pullback_ema20,2917.1650000000004,2900.729304518677,4478.298852650989,2900.679304518677,16.435695481323364,6.084318130232736,-100.30421590651275,-1.0030421590651275,stop,860,0.5468889351359376,2025-03-05 18:35:00+00:00,2025-03-06 08:55:00+00:00,2025-01-03 00:00:00+00:00
1741248000000,1741248300000,1741251300000,1,dip_unconfirmed,2910.655,2900.993540220833,3823.1395181375588,2900.943540220833,9.661459779167217,10.350402763734285,-100.5175201381886,-1.005175201381886,stop,50,0.04761185271313441,2025-03-06 08:05:00+00:00,2025-03-06 08:55:00+00:00,2025-01-03 00:00:00+00:00
1741251600000,1741251900000,1741254900000,1,dip_unconfirmed,2905.3149999999996,2894.990271925106,3881.4630794145246,2894.9402719251057,10.324728074893756,9.685485106689265,-100.48427425533622,-1.0048427425533621,stop,50,0.0,2025-03-06 09:05:00+00:00,2025-03-06 09:55:00+00:00,2025-01-03 00:00:00+00:00
1741289400000,1741289700000,1741306500000,1,dip_unconfirmed,2914.3135,2901.273904929745,4133.033411955223,2901.223904929745,13.039595070255018,7.668949799531181,-100.38344748997795,-1.0038344748997796,stop,280,0.21496066288085008,2025-03-06 19:35:00+00:00,2025-03-07 00:15:00+00:00,2025-01-03 00:00:00+00:00
1741291200000,1741291500000,1741306200000,1,pullback_ema20,2914.6485000000002,2901.897161720478,4119.030989672704,2901.8471617204777,12.751338279522315,7.842314101304366,-100.39211570506664,-1.0039211570506665,stop,245,0.10442041225885022,2025-03-06 20:05:00+00:00,2025-03-07 00:10:00+00:00,2025-01-03 00:00:00+00:00
1741336200000,1741336500000,1741354200000,1,breakout_24,2920.7705,2910.286707359106,3894.465971448495,2910.236707359106,10.48379264089408,9.538532802521338,-100.4769266401278,-1.004769266401278,stop,295,0.17193205376538293,2025-03-07 08:35:00+00:00,2025-03-07 13:30:00+00:00,2025-01-03 00:00:00+00:00
1741338000000,1741338300000,1741353900000,1,breakout_24,2922.9735,2912.7951925477414,3881.1259377736005,2912.745192547741,10.17830745225865,9.824816205351429,-100.49124081026936,-1.0049124081026937,stop,260,0.0,2025-03-07 09:05:00+00:00,2025-03-07 13:25:00+00:00,2025-01-03 00:00:00+00:00
1741343400000,1741343700000,1741354200000,1,dip_unconfirmed,2919.8205,2910.288420381701,3810.9463822115904,2910.238420381701,9.532079618298667,10.49089013147044,-100.52454450657544,-1.0052454450657544,stop,175,0.2630590700466385,2025-03-07 10:35:00+00:00,2025-03-07 13:30:00+00:00,2025-01-03 00:00:00+00:00
1741345200000,1741345500000,1741356300000,1,dip_unconfirmed,2918.5935000000004,2908.979176068723,3807.211569196473,2908.929176068723,9.61432393127734,10.401147362497301,-100.52005736812676,-1.0052005736812675,stop,180,0.7483105469948276,2025-03-07 11:05:00+00:00,2025-03-07 14:05:00+00:00,2025-01-03 00:00:00+00:00
1741676400000,1741676700000,1741795800000,1,breakout_24,2903.08,2892.6898535562755,3869.2044979287384,2934.2504393311733,10.390146443724461,9.624503421739444,300.0,3.0,target,1985,2.5185400554007895,2025-03-11 07:05:00+00:00,2025-03-12 16:10:00+00:00,2025-01-03 00:00:00+00:00
1741681800000,1741682100000,1741801800000,1,breakout_24,2907.9100000000003,2897.303329177528,3907.8204114247137,2939.7300124674166,10.606670822472097,9.428028989844053,300.0,3.0,target,1995,2.9649265567261454,2025-03-11 08:35:00+00:00,2025-03-12 17:50:00+00:00,2025-01-03 00:00:00+00:00
1741683600000,1741683900000,1741833900000,1,breakout_24,2910.6,2900.1659128077044,3895.0746320372346,2941.9022615768863,10.434087192295465,9.58397204825354,300.0,3.0,target,2500,2.930778652355926,2025-03-11 09:05:00+00:00,2025-03-13 02:45:00+00:00,2025-01-03 00:00:00+00:00
1741685400000,1741685700000,1741834200000,1,breakout_24,2911.5899999999997,2901.4551333214404,3864.441801177429,2941.9946000356776,10.13486667855932,9.866928019048702,300.0,3.0,target,2475,2.9931326145784722,2025-03-11 09:35:00+00:00,2025-03-13 02:50:00+00:00,2025-01-03 00:00:00+00:00
1741689000000,1741689300000,1741834200000,1,breakout_24,2913.395,2903.585783323079,3830.0074510152385,2942.8226500307633,9.809216676921096,10.194493943158351,300.0,3.0,target,2415,2.9084891219830977,2025-03-11 10:35:00+00:00,2025-03-13 02:50:00+00:00,2025-01-03 00:00:00+00:00
1741797000000,1741797300000,1741880400000,1,breakout_24,2938.4514999999997,2926.30383062701,4071.070767925983,2974.8945081189686,12.14766937298964,8.232031752720415,300.0,3.0,target,1385,2.975344396544476,2025-03-12 16:35:00+00:00,2025-03-13 15:40:00+00:00,2025-01-03 00:00:00+00:00
1741804200000,1741804500000,1741877700000,1,dip_unconfirmed,2936.4455000000003,2925.071687084497,3998.752978634788,2970.5669387465095,11.373812915503095,8.792126329394327,300.0,3.0,target,1220,2.935075532541651,2025-03-12 18:35:00+00:00,2025-03-13 14:55:00+00:00,2025-01-03 00:00:00+00:00
1741834800000,1741835100000,1741846200000,1,breakout_24,2944.9554999999996,2935.913534055596,3779.560128495996,2935.8635340555957,9.041965944403728,11.059541765017618,-100.55297708825289,-1.0055297708825288,stop,185,0.18889697334656047,2025-03-13 03:05:00+00:00,2025-03-13 06:10:00+00:00,2025-01-03 00:00:00+00:00
1741845600000,1741845900000,1741877400000,1,dip_unconfirmed,2940.705,2932.17,3732.17,2966.3099999999995,8.534999999999854,11.716461628588366,300.0,3.0,target,525,2.931458699472807,2025-03-13 06:05:00+00:00,2025-03-13 14:50:00+00:00,2025-01-03 00:00:00+00:00
1741847400000,1741847700000,1741877100000,1,dip_unconfirmed,2938.9900000000002,2930.38,3730.38,2964.8200000000006,8.610000000000127,11.614401858304126,300.0,3.0,target,490,2.1871660859465156,2025-03-13 06:35:00+00:00,2025-03-13 14:45:00+00:00,2025-01-03 00:00:00+00:00
1741849200000,1741849500000,1741877100000,1,dip_unconfirmed,2937.4885,2928.92,3728.92,2963.1939999999995,8.568499999999858,11.67065414016475,300.0,3.0,target,460,2.3729941063197084,2025-03-13 07:05:00+00:00,2025-03-13 14:45:00+00:00,2025-01-03 00:00:00+00:00
1741878000000,1741878300000,1742162700000,1,breakout_24,2970.5345,2958.2907401614207,4127.216724019367,2986.9315000000006,12.243759838579535,8.167425800439544,133.9212808498104,1.3392128084981039,timeout,4740,2.7678180923819196,2025-03-13 15:05:00+00:00,2025-03-16 22:05:00+00:00,2025-01-03 00:00:00+00:00
1741879800000,1741880100000,1742162700000,1,breakout_24,2972.1800000000003,2959.7073301498904,4163.4743151608345,2986.9315000000006,12.472669850109924,8.017529622907375,118.27058823232059,1.182705882323206,timeout,4710,2.5850920763139835,2025-03-13 15:35:00+00:00,2025-03-16 22:05:00+00:00,2025-01-03 00:00:00+00:00
1741881600000,1741881900000,1742162700000,1,breakout_24,2978.4149999999995,2965.4085922820414,4214.549364077913,2986.9315000000006,13.006407717958155,7.6885180111591005,65.47926364204484,0.6547926364204484,timeout,4680,1.9996297643422791,2025-03-13 16:05:00+00:00,2025-03-16 22:05:00+00:00,2025-01-03 00:00:00+00:00
1741883400000,1741883700000,1742162700000,1,breakout_24,2979.84,2967.248692833324,4177.379409500918,2986.9315000000006,12.59130716667596,7.94198717228177,56.320602032239755,0.5632060203223975,timeout,4650,1.9523787065619982,2025-03-13 16:35:00+00:00,2025-03-16 22:05:00+00:00,2025-01-03 00:00:00+00:00
1741885200000,1741885500000,1742162700000,1,breakout_24,2980.745,2967.838786202373,4201.960165965139,2986.9315000000006,12.90621379762706,7.74820575329273,47.93427489275094,0.47934274892750944,timeout,4620,1.8346201582646435,2025-03-13 17:05:00+00:00,2025-03-16 22:05:00+00:00,2025-01-03 00:00:00+00:00
1741986000000,1742162700000,1742286000000,1,pullback_ema50,2986.0119999999997,2974.7613763529494,3970.6237410580484,3019.763870941151,11.25062364705036,8.88839615804032,300.0,3.0,target,2055,2.9601914564737153,2025-03-16 22:05:00+00:00,2025-03-18 08:20:00+00:00,2025-01-03 00:00:00+00:00
1742171400000,1742171700000,1742286300000,1,dip_unconfirmed,2989.9849999999997,2979.356847919051,3981.6720560139834,3021.8694562428464,10.628152080948894,9.408973379224724,300.0,3.0,target,1910,2.872277303475936,2025-03-17 00:35:00+00:00,2025-03-18 08:25:00+00:00,2025-01-03 00:00:00+00:00
1742178600000,1742178900000,1742285400000,1,dip_unconfirmed,2989.4185,2979.641681393586,3901.1235420349667,3018.7489558192424,9.776818606414054,10.22827609120162,300.0,3.0,target,1775,2.969831104460888,2025-03-17 02:35:00+00:00,2025-03-18 08:10:00+00:00,2025-01-03 00:00:00+00:00
1742180400000,1742180700000,1742282100000,1,dip_unconfirmed,2988.8699999999994,2979.3650970083304,3863.5053961753274,3017.3847089750066,9.504902991669042,10.520885914106547,300.0,3.0,target,1690,2.9755169542276776,2025-03-17 03:05:00+00:00,2025-03-18 07:15:00+00:00,2025-01-03 00:00:00+00:00
1742182200000,1742182500000,1742268300000,1,dip_unconfirmed,2987.04,2977.95012579345,3834.437546448514,3014.3096226196503,9.089874206550121,11.00125235263877,300.0,3.0,target,1430,2.9206674808403905,2025-03-17 03:35:00+00:00,2025-03-18 03:25:00+00:00,2025-01-03 00:00:00+00:00
1742268600000,1742268900000,1742362800000,1,breakout_24,3013.45,3004.5451434324264,3831.6808001897944,3040.16456970272,8.90485656757346,11.229827144453335,300.0,3.0,target,1565,2.901675035855342,2025-03-18 03:35:00+00:00,2025-03-19 05:40:00+00:00,2025-01-03 00:00:00+00:00
1742286600000,1742286900000,1742445900000,1,breakout_24,3025.0465000000004,3014.6711669680262,3999.754470165388,3056.172499095923,10.37533303197415,9.638244834341732,300.0,3.0,target,2650,2.9618326375932162,2025-03-18 08:35:00+00:00,2025-03-20 04:45:00+00:00,2025-01-03 00:00:00+00:00
1742288400000,1742288700000,1742461800000,1,breakout_24,3027.1655000000005,3017.065297898881,3979.5355080107197,3042.61,10.100202101119521,9.900791984045137,152.91278179758123,1.5291278179758123,timeout,2885,2.948059821169219,2025-03-18 09:05:00+00:00,2025-03-20 09:10:00+00:00,2025-01-03 00:00:00+00:00
1742292000000,1742292300000,1742429100000,1,dip_unconfirmed,3020.699,3010.4102109434234,3994.089116601089,3051.56536716973,10.288789056576661,9.719316767999956,300.0,3.0,target,2280,2.99359816112781,2025-03-18 10:05:00+00:00,2025-03-20 00:05:00+00:00,2025-01-03 00:00:00+00:00
1742302800000,1742303100000,1742375100000,1,breakout_24,3034.9100000000003,3024.057015532778,4054.0054622549296,3024.007015532778,10.852984467222086,9.214055387439052,-100.46070276937364,-1.0046070276937364,stop,1200,0.9117307805871343,2025-03-18 13:05:00+00:00,2025-03-19 09:05:00+00:00,2025-01-03 00:00:00+00:00
1742364000000,1742364300000,1742364900000,1,breakout_24,3045.16,3036.58,3836.58,3036.5299999999997,8.579999999999927,11.655011655011753,-100.58275058275271,-1.005827505827527,stop,10,0.0,2025-03-19 06:05:00+00:00,2025-03-19 06:15:00+00:00,2025-01-03 00:00:00+00:00
1742367600000,1742367900000,1742371800000,1,pullback_ema20,3042.952,3032.9315800732693,3972.7735727463373,3032.881580073269,10.020419926730938,9.97962168563768,-100.4989810842837,-1.004989810842837,stop,65,0.0,2025-03-19 07:05:00+00:00,2025-03-19 08:10:00+00:00,2025-01-03 00:00:00+00:00
1742373000000,1742373300000,1742375400000,1,dip_unconfirmed,3034.042,3023.601345998897,4000.616746109213,3023.551345998897,10.440654001102757,9.577944062645678,-100.47889720313401,-1.00478897203134,stop,35,0.0,2025-03-19 08:35:00+00:00,2025-03-19 09:10:00+00:00,2025-01-03 00:00:00+00:00
1742374800000,1742375100000,1742548200000,1,dip_unconfirmed,3025.7935,3014.759642713261,4054.4453713871253,3030.6215000000007,11.033857286739021,9.063013722334839,43.75623025143649,0.4375623025143649,timeout,2885,2.822947514232827,2025-03-19 09:05:00+00:00,2025-03-21 09:10:00+00:00,2025-01-03 00:00:00+00:00
1742378400000,1742378700000,1742551800000,1,pullback_ema50,3031.3535,3020.3494852986796,4050.2509554307408,3032.2150000000006,11.004014701320557,9.087592366447794,7.828960823698709,0.0782896082369871,timeout,2885,2.325333134726638,2025-03-19 10:05:00+00:00,2025-03-21 10:10:00+00:00,2025-01-03 00:00:00+00:00
1742430600000,1742430900000,1742457000000,1,breakout_24,3054.462,3043.826138178764,4054.2123203024157,3043.7761381787636,10.635861821236176,9.402152987765808,-100.47010764939,-1.0047010764939,stop,435,0.23312638333164534,2025-03-20 00:35:00+00:00,2025-03-20 07:50:00+00:00,2025-01-03 00:00:00+00:00
1742448600000,1742448900000,1742459400000,1,dip_unconfirmed,3049.5035,3038.9528176003787,4046.671057562475,3038.9028176003785,10.55068239962111,9.478059921848386,-100.47390299609414,-1.0047390299609413,stop,175,0.14828424747731353,2025-03-20 05:35:00+00:00,2025-03-20 08:30:00+00:00,2025-01-03 00:00:00+00:00
1742457600000,1742457900000,1742466000000,1,dip_unconfirmed,3042.902,3032.159497611296,4050.2097364817064,3032.109497611296,10.742502388703997,9.308818037141181,-100.46544090185874,-1.0046544090185874,stop,135,0.2753548375386439,2025-03-20 08:05:00+00:00,2025-03-20 10:20:00+00:00,2025-01-03 00:00:00+00:00
1742459400000,1742459700000,1742466600000,1,dip_unconfirmed,3040.747,3029.9864620676317,4050.8402553044434,3029.9364620676315,10.760537932368152,9.293215695025411,-100.46466078475297,-1.0046466078475296,stop,115,0.47516211848667567,2025-03-20 08:35:00+00:00,2025-03-20 10:30:00+00:00,2025-01-03 00:00:00+00:00
1742515200000,1742515500000,1742521500000,1,breakout_24,3047.1304999999998,3038.520737987421,3839.2969392452947,3038.4707379874208,8.609762012578813,11.614722898716664,-100.58073614493796,-1.0058073614493797,stop,100,0.0,2025-03-21 00:05:00+00:00,2025-03-21 01:45:00+00:00,2025-01-03 00:00:00+00:00
1742518800000,1742519100000,1742522700000,1,dip_unconfirmed,3043.5555000000004,3034.935,3834.935,3034.8849999999998,8.620500000000447,11.600255205613921,-100.5800127602828,-1.0058001276028279,stop,60,0.06507743170345864,2025-03-21 01:05:00+00:00,2025-03-21 02:05:00+00:00,2025-01-03 00:00:00+00:00
1742520600000,1742520900000,1742522700000,1,dip_unconfirmed,3042.7500000000005,3034.16,3834.16,3034.1099999999997,8.5900000000006,11.641443538998022,-100.58207217695201,-1.00582072176952,stop,30,0.006402793946429854,2025-03-21 01:35:00+00:00,2025-03-21 02:05:00+00:00,2025-01-03 00:00:00+00:00
1742522400000,1742522700000,1742532900000,1,dip_unconfirmed,3036.575,3027.577462103258,3866.83125177751,3027.5274621032577,8.99753789674196,11.114151576534104,-100.55570757882873,-1.0055570757882872,stop,170,0.0,2025-03-21 02:05:00+00:00,2025-03-21 04:55:00+00:00,2025-01-03 00:00:00+00:00
1742808600000,1742808900000,1742823600000,1,breakout_24,3029.91,3020.5365673654655,3896.529830818914,3020.4865673654654,9.37343263453431,10.668450278457481,-100.53342251392482,-1.005334225139248,stop,245,0.3118388016393366,2025-03-24 09:35:00+00:00,2025-03-24 13:40:00+00:00,2025-01-03 00:00:00+00:00
1742812200000,1742812500000,1742820900000,1,breakout_24,3033.3355,3022.8840478814477,4010.9792597367173,3022.8340478814475,10.451452118552425,9.56804842673388,-100.47840242133843,-1.0047840242133843,stop,140,0.0,2025-03-24 10:35:00+00:00,2025-03-24 12:55:00+00:00,2025-01-03 00:00:00+00:00
1742880600000,1742880900000,1742888700000,1,breakout_24,3020.8455,3012.21,3812.21,3012.16,8.635499999999865,11.580105378959129,-100.57900526895006,-1.0057900526895005,stop,130,0.0,2025-03-25 05:35:00+00:00,2025-03-25 07:45:00+00:00,2025-01-03 00:00:00+00:00
1742893200000,1742893500000,1742966100000,1,breakout_24,3021.882,3012.803653397479,3872.938313649605,3012.753653397479,9.078346602520924,11.015221645341397,-100.55076108226908,-1.0055076108226908,stop,1210,1.5125551602300895,2025-03-25 09:05:00+00:00,2025-03-26 05:15:00+00:00,2025-01-03 00:00:00+00:00
1742896800000,1742897100000,1742905500000,1,breakout_24,3023.895,3015.051094000887,3850.4416939121566,3015.001094000887,8.843905999112849,11.307221041249331,-100.56536105206452,-1.0056536105206453,stop,140,0.23649052807767795,2025-03-25 10:05:00+00:00,2025-03-25 12:25:00+00:00,2025-01-03 00:00:00+00:00
1742902200000,1742902500000,1742904600000,1,breakout_24,3025.8305,3017.2385000000004,3817.2385000000004,3017.1885,8.591999999999643,11.638733705773294,-100.58193668529077,-1.0058193668529076,stop,35,0.018156424580947485,2025-03-25 11:35:00+00:00,2025-03-25 12:10:00+00:00,2025-01-03 00:00:00+00:00
1742959800000,1742960100000,1743070200000,1,dip_unconfirmed,3019.325,3010.805,3810.805,3044.8849999999998,8.519999999999982,11.737089201877959,300.0,3.0,target,1835,2.7548708920187974,2025-03-26 03:35:00+00:00,2025-03-27 10:10:00+00:00,2025-01-03 00:00:00+00:00
1742961600000,1742961900000,1743070200000,1,dip_unconfirmed,3018.2634999999996,3009.675,3809.675,3044.0289999999977,8.588499999999385,11.643476742156041,300.0,3.0,target,1805,2.8564941491531832,2025-03-26 04:05:00+00:00,2025-03-27 10:10:00+00:00,2025-01-03 00:00:00+00:00
1742976000000,1742976300000,1742979900000,1,breakout_24,3031.015,3022.5649999999996,3822.5649999999996,3022.5149999999994,8.450000000000273,11.834319526626837,-100.5917159763335,-1.005917159763335,stop,60,0.0757396449704505,2025-03-26 08:05:00+00:00,2025-03-26 09:05:00+00:00,2025-01-03 00:00:00+00:00
1742979600000,1742979900000,1742997600000,1,dip_unconfirmed,3024.565,3016.12,3816.12,3016.0699999999997,8.445000000000164,11.841326228537367,-100.59206631142902,-1.0059206631142903,stop,295,0.6489046773238498,2025-03-26 09:05:00+00:00,2025-03-26 14:00:00+00:00,2025-01-03 00:00:00+00:00
1742981400000,1742981700000,1743070500000,1,dip_unconfirmed,3020.3699999999994,3011.84,3811.84,3045.9599999999973,8.52999999999929,11.723329425557834,300.0,3.0,target,1480,2.9722157092617385,2025-03-26 09:35:00+00:00,2025-03-27 10:15:00+00:00,2025-01-03 00:00:00+00:00
1742983200000,1742983500000,1743070200000,1,dip_unconfirmed,3019.0685000000003,3010.75,3810.75,3044.0240000000013,8.318500000000313,12.021398088597252,300.0,3.0,target,1445,2.852437338462309,2025-03-26 10:05:00+00:00,2025-03-27 10:10:00+00:00,2025-01-03 00:00:00+00:00
1742997600000,1742997900000,1743070800000,1,dip_unconfirmed,3017.3435,3007.577391057413,3925.988285316108,3046.6418268277607,9.766108942586925,10.239492574563807,300.0,3.0,target,1215,2.9596741312147588,2025-03-26 14:05:00+00:00,2025-03-27 10:20:00+00:00,2025-01-03 00:00:00+00:00
1743071400000,1743071700000,1743081600000,1,breakout_24,3052.93,3041.9534408795607,4071.6093529234954,3041.9034408795605,10.976559120439106,9.110323089664151,-100.45551615448487,-1.0045551615448487,stop,165,0.23582071317598338,2025-03-27 10:35:00+00:00,2025-03-27 13:20:00+00:00,2025-01-03 00:00:00+00:00
1743075000000,1743075300000,1743081900000,1,dip_unconfirmed,3050.5099999999998,3039.392977084927,4091.0952685921984,3039.342977084927,11.117022915072539,8.99521398524953,-100.4497606992641,-1.004497606992641,stop,110,0.4505252924512558,2025-03-27 11:35:00+00:00,2025-03-27 13:25:00+00:00,2025-01-03 00:00:00+00:00
1743080400000,1743080700000,1743081900000,1,dip_unconfirmed,3050.6019999999994,3039.3620851514524,4113.153570006218,3039.3120851514523,11.23991484854696,8.89686455346479,-100.44484322767487,-1.0044484322767486,stop,20,0.09501851343106318,2025-03-27 13:05:00+00:00,2025-03-27 13:25:00+00:00,2025-01-03 00:00:00+00:00
1743082200000,1743082500000,1743141600000,1,dip_unconfirmed,3042.9600000000005,3030.4507219263487,4224.878529291491,3080.487834220956,12.509278073651785,7.994066437025601,300.0,3.0,target,985,2.9201125584488516,2025-03-27 13:35:00+00:00,2025-03-28 06:00:00+00:00,2025-01-03 00:00:00+00:00
1743084000000,1743084300000,1743141600000,1,dip_unconfirmed,3041.2435,3028.1771703601808,4277.810134342103,3080.442488919458,13.066329639819287,7.6532586240020075,300.0,3.0,target,955,2.9269887607495595,2025-03-27 14:05:00+00:00,2025-03-28 06:00:00+00:00,2025-01-03 00:00:00+00:00
1743085800000,1743086100000,1743372300000,1,pullback_ema20,3051.4235,3037.7174796201675,4347.969517603383,3091.7165,13.706020379832353,7.2960638630849,293.98030123528076,2.9398030123528076,timeout,4770,2.5527103440968095,2025-03-27 14:35:00+00:00,2025-03-30 22:05:00+00:00,2025-01-03 00:00:00+00:00
1743087600000,1743087900000,1743372300000,1,breakout_24,3058.3849999999998,3044.1520882187274,4400.4432663459975,3091.7165,14.232911781272378,7.0259692139439585,234.1860928545747,2.341860928545747,timeout,4740,1.9690981318999226,2025-03-27 15:05:00+00:00,2025-03-30 22:05:00+00:00,2025-01-03 00:00:00+00:00
1743091200000,1743091500000,1743372300000,1,dip_unconfirmed,3052.7985,3038.6299587192084,4394.284086798336,3091.7165,14.168541280791487,7.0578895892106805,274.6789470329021,2.746789470329021,timeout,4680,2.372333138173421,2025-03-27 16:05:00+00:00,2025-03-30 22:05:00+00:00,2025-01-03 00:00:00+00:00
1743141600000,1743141900000,1743150600000,1,breakout_24,3078.4285,3068.684286062603,3989.9056798022993,3068.6342860626028,9.744213937397035,10.262500458473404,-100.51312502292555,-1.0051312502292555,stop,145,0.7334095952647847,2025-03-28 06:05:00+00:00,2025-03-28 08:30:00+00:00,2025-01-03 00:00:00+00:00
1743145200000,1743145500000,1743149400000,1,breakout_24,3085.3050000000003,3075.420524717244,4019.3680529927983,3075.370524717244,9.884475282756284,10.116874911352403,-100.50584374556946,-1.0050584374556946,stop,65,0.02731556226060364,2025-03-28 07:05:00+00:00,2025-03-28 08:10:00+00:00,2025-01-03 00:00:00+00:00
1743150600000,1743150900000,1743372300000,1,dip_unconfirmed,3066.7999999999997,3055.335205467852,4149.314658682646,3091.7165,11.464794532147607,8.72235430993527,217.3305411635045,2.173305411635045,timeout,3690,1.710540903721395,2025-03-28 08:35:00+00:00,2025-03-30 22:05:00+00:00,2025-01-03 00:00:00+00:00
1743152400000,1743152700000,1743372300000,1,pullback_ema20,3073.5449999999996,3061.6861907915772,4192.717111633889,3091.7165,11.858809208422372,8.432549865881807,153.23207988787445,1.5323207988787444,timeout,3660,1.084931865744352,2025-03-28 09:05:00+00:00,2025-03-30 22:05:00+00:00,2025-01-03 00:00:00+00:00
1743373800000,1743374100000,1743382800000,1,breakout_24,3089.7650000000003,3077.1236523391212,4299.758418427015,3077.073652339121,12.641347660879092,7.910548992293588,-100.39552744961613,-1.0039552744961613,stop,145,0.0451692347459535,2025-03-30 22:35:00+00:00,2025-03-31 01:00:00+00:00,2025-01-03 00:00:00+00:00
1743379200000,1743379500000,1743382800000,1,dip_unconfirmed,3089.747,3078.467145112627,4150.402633849909,3078.4171451126267,11.279854887372949,8.865362276241992,-100.44326811381372,-1.0044326811381372,stop,55,0.0,2025-03-31 00:05:00+00:00,2025-03-31 01:00:00+00:00,2025-01-03 00:00:00+00:00
1743381000000,1743381300000,1743400800000,1,dip_unconfirmed,3084.8235,3073.300099033154,4170.140195717773,3119.3937029005383,11.523400966846111,8.677993613839286,300.0,3.0,target,325,2.9747728208560464,2025-03-31 00:35:00+00:00,2025-03-31 06:00:00+00:00,2025-01-03 00:00:00+00:00
1743382800000,1743383100000,1743396900000,1,dip_unconfirmed,3079.708,3067.8822705307857,4187.305217452219,3115.185188407643,11.825729469214366,8.456137971050968,300.0,3.0,target,230,2.7496823840465896,2025-03-31 01:05:00+00:00,2025-03-31 04:55:00+00:00,2025-01-03 00:00:00+00:00
1743384600000,1743384900000,1743469500000,1,pullback_ema20,3092.2435,3079.096929778587,4333.253951919916,3131.6832106642396,13.146570221413185,7.60654667459347,300.0,3.0,target,1410,2.6913103116712853,2025-03-31 01:35:00+00:00,2025-04-01 01:05:00+00:00,2025-01-03 00:00:00+00:00
1743388200000,1743388500000,1743474600000,1,breakout_24,3099.425,3085.416936900924,4419.873246808498,3141.4491892972283,14.008063099076026,7.138745684733246,300.0,3.0,target,1435,2.869311746793247,2025-03-31 02:35:00+00:00,2025-04-01 02:30:00+00:00,2025-01-03 00:00:00+00:00
1743391800000,1743392100000,1743565200000,1,breakout_24,3108.9320000000002,3094.5659073278375,4461.325174544061,3126.4979999999996,14.366092672162722,6.960834952274163,122.2740267716434,1.222740267716434,timeout,2885,2.757291137120047,2025-03-31 03:35:00+00:00,2025-04-02 03:40:00+00:00,2025-01-03 00:00:00+00:00
1743397200000,1743397500000,1743429000000,1,breakout_24,3114.06,3100.4093501819457,4403.974331987361,3100.3593501819455,13.650649818054262,7.325658582768758,-100.36628292913977,-1.0036628292913976,stop,525,0.9937255867525862,2025-03-31 05:05:00+00:00,2025-03-31 13:50:00+00:00,2025-01-03 00:00:00+00:00
1743400800000,1743401100000,1743428700000,1,breakout_24,3117.2315,3103.254358065045,4442.968551560524,3103.2043580650447,13.977141934954943,7.154538493303378,-100.35772692466648,-1.003577269246665,stop,460,0.7436069583014959,2025-03-31 06:05:00+00:00,2025-03-31 13:45:00+00:00,2025-01-03 00:00:00+00:00
1743429600000,1743429900000,1743603000000,1,dip_unconfirmed,3114.0614999999993,3097.9389255194274,4664.696373576663,3121.535,16.122574480571984,6.202483363962868,46.35425942057967,0.46354259420579674,timeout,2885,2.1387403135617022,2025-03-31 14:05:00+00:00,2025-04-02 14:10:00+00:00,2025-01-03 00:00:00+00:00
1743431400000,1743431700000,1743604800000,1,dip_unconfirmed,3113.1884999999997,3097.319180839469,4633.901096892618,3124.7215,15.869319160530722,6.301467566971264,72.67482544988184,0.7267482544988184,timeout,2885,2.227883858302692,2025-03-31 14:35:00+00:00,2025-04-02 14:40:00+00:00,2025-01-03 00:00:00+00:00
1743471000000,1743471300000,1743522300000,1,breakout_24,3133.9485,3122.849456173528,4184.753838820714,3122.7994561735277,11.099043826472098,9.009785127750563,-100.45048925638918,-1.0045048925638917,stop,850,1.3149781393951765,2025-04-01 01:35:00+00:00,2025-04-01 15:45:00+00:00,2025-01-03 00:00:00+00:00
1743474600000,1743474900000,1743487200000,1,breakout_24,3143.2909999999997,3130.9069775169705,4309.359225819903,3130.8569775169703,12.384022483029185,8.074920740578273,-100.40374603703039,-1.004037460370304,stop,205,0.42413521189887815,2025-04-01 02:35:00+00:00,2025-04-01 06:00:00+00:00,2025-01-03 00:00:00+00:00
1743489000000,1743489300000,1743517500000,1,pullback_ema20,3136.799,3123.324780669583,4423.646713711289,3123.274780669583,13.474219330416872,7.4215802450431205,-100.3710790122535,-1.003710790122535,stop,470,0.12920971206619963,2025-04-01 06:35:00+00:00,2025-04-01 14:25:00+00:00,2025-01-03 00:00:00+00:00
1743519600000,1743519900000,1743523200000,1,pullback_ema50,3129.2699999999995,3115.1672637092406,4473.940892785191,3115.1172637092404,14.102736290758912,7.090822514034167,-100.354541125703,-1.00354541125703,stop,55,0.23257897846036713,2025-04-01 15:05:00+00:00,2025-04-01 16:00:00+00:00,2025-01-03 00:00:00+00:00
1743562800000,1743563100000,1743569700000,1,dip_unconfirmed,3129.192,3116.229197020967,4356.459494924239,3116.179197020967,12.962802979032858,7.714380922224037,-100.3857190461126,-1.003857190461126,stop,110,0.19177950972648003,2025-04-02 03:05:00+00:00,2025-04-02 04:55:00+00:00,2025-01-03 00:00:00+00:00
1743568200000,1743568500000,1743571800000,1,dip_unconfirmed,3124.9405,3112.7767657999507,4265.750185804869,3112.7267657999505,12.163734200049475,8.221159584331698,-100.41105797921809,-1.0041105797921808,stop,55,0.0,2025-04-02 04:35:00+00:00,2025-04-02 05:30:00+00:00,2025-01-03 00:00:00+00:00
1743570000000,1743570300000,1743635700000,1,dip_unconfirmed,3116.9134999999997,3104.1722468142398,4305.597565390237,3155.1372595572793,12.741253185759888,7.848521534111247,300.0,3.0,target,1090,2.7901101627689195,2025-04-02 05:05:00+00:00,2025-04-02 23:15:00+00:00,2025-01-03 00:00:00+00:00
1743591600000,1743591900000,1743636000000,1,dip_unconfirmed,3115.0869999999995,3100.723363198477,4477.887043350787,3158.1779104045677,14.363636801522716,6.962025104213079,300.0,3.0,target,735,2.873993583270229,2025-04-02 11:05:00+00:00,2025-04-02 23:20:00+00:00,2025-01-03 00:00:00+00:00
1743597000000,1743597300000,1743624900000,1,pullback_ema20,3126.545,3111.905981030267,4524.307878003524,3111.855981030267,14.639018969733115,6.831058843953606,-100.34155294219893,-1.0034155294219893,stop,460,0.49443203912535033,2025-04-02 12:35:00+00:00,2025-04-02 20:15:00+00:00,2025-01-03 00:00:00+00:00
1743604200000,1743604500000,1743624900000,1,pullback_ema20,3127.522,3111.603788817302,4636.7249070871285,3111.5537888173017,15.918211182698087,6.282112911574673,-100.31410564557989,-1.0031410564557988,stop,340,0.3933230893936882,2025-04-02 14:35:00+00:00,2025-04-02 20:15:00+00:00,2025-01-03 00:00:00+00:00
1743607800000,1743608100000,1743624900000,1,dip_unconfirmed,3125.4249999999997,3109.8402209700203,4600.31812396798,3109.79022097002,15.584779029979472,6.416517026493363,-100.32082585132584,-1.0032082585132585,stop,280,0.5362924930743265,2025-04-02 15:35:00+00:00,2025-04-02 20:15:00+00:00,2025-01-03 00:00:00+00:00
1743625800000,1743626100000,1743675000000,1,pullback_ema20,3134.1254999999996,3115.8174251864957,4869.524906536964,3115.7674251864955,18.308074813503936,5.462070753951723,-100.27310353769857,-1.0027310353769858,stop,815,1.8062794879780686,2025-04-02 20:35:00+00:00,2025-04-03 10:10:00+00:00,2025-01-03 00:00:00+00:00
1743627600000,1743631500000,1743675000000,1,pullback_ema20,3144.3639999999996,3114.767216244603,4944.695591784328,3114.7172162446027,29.5967837553967,3.378745502432031,-100.16893727512222,-1.0016893727512222,stop,725,0.7714013856602614,2025-04-02 22:05:00+00:00,2025-04-03 10:10:00+00:00,2025-01-03 00:00:00+00:00
1743636600000,1743636900000,1743656100000,1,breakout_24,3160.9970000000003,3138.800508596717,5248.749648924984,3138.750508596717,22.19649140328329,4.505216530987779,-100.22526082655021,-1.002252608265502,stop,320,0.27923332059059597,2025-04-02 23:35:00+00:00,2025-04-03 04:55:00+00:00,2025-01-03 00:00:00+00:00
1743638400000,1743638700000,1743639900000,1,breakout_24,3163.4550000000004,3141.72347226838,5251.226245430338,3141.67347226838,21.73152773162019,4.601609294798738,-100.23008046474078,-1.0023008046474078,stop,20,0.03582352835998239,2025-04-03 00:05:00+00:00,2025-04-03 00:25:00+00:00,2025-04-03 00:00:00+00:00
1743649200000,1743649500000,1743661800000,1,dip_unconfirmed,3145.967,3123.3346332474894,5308.22130849854,3123.284633247489,22.632366752510734,4.418450844912472,-100.22092254224643,-1.0022092254224644,stop,205,0.2588107582407312,2025-04-03 03:05:00+00:00,2025-04-03 06:30:00+00:00,2025-04-03 00:00:00+00:00
1743658200000,1743658500000,1743675600000,1,dip_unconfirmed,3131.2749999999996,3110.8426849840475,5090.574186579349,3110.7926849840474,20.4323150159521,4.894208019107336,-100.24471040095625,-1.0024471040095626,stop,285,0.1164821508547822,2025-04-03 05:35:00+00:00,2025-04-03 10:20:00+00:00,2025-04-03 00:00:00+00:00
1743674400000,1743674700000,1743676500000,1,dip_unconfirmed,3122.1935,3103.6904622161787,4903.1442405983025,3103.6404622161785,18.503037783821128,5.404517959069349,-100.27022589795446,-1.0027022589795447,stop,30,0.022050433272997633,2025-04-03 10:05:00+00:00,2025-04-03 10:35:00+00:00,2025-04-03 00:00:00+00:00
1743766200000,1743766500000,1743767400000,1,breakout_24,3128.0564999999997,3105.7588824681907,5270.52063564914,3105.7088824681905,22.29761753180901,4.484784074233199,-100.22423920371249,-1.0022423920371248,stop,15,0.02601174763056968,2025-04-04 11:35:00+00:00,2025-04-04 11:50:00+00:00,2025-04-03 00:00:00+00:00
1744092000000,1744092300000,1744130700000,1,breakout_24,3006.165,2986.4093789612807,4922.97148283317,2986.3593789612805,19.755621038719255,5.0618504882235245,-100.25309252441208,-1.0025309252441208,stop,640,0.810655355689014,2025-04-08 06:05:00+00:00,2025-04-08 16:45:00+00:00,2025-04-03 00:00:00+00:00
1744093800000,1744094100000,1744129800000,1,breakout_24,3012.515,2992.2654947497613,4949.21601977366,2992.215494749761,20.2495052502386,4.938392260167527,-100.24691961300927,-1.0024691961300927,stop,595,0.47729561194521214,2025-04-08 06:35:00+00:00,2025-04-08 16:30:00+00:00,2025-04-03 00:00:00+00:00
1744113600000,1744113900000,1744128300000,1,breakout_24,3018.095,3000.1863031178063,4732.055991337185,3000.136303117806,17.908696882193453,5.583879198906404,-100.27919395994633,-1.0027919395994633,stop,240,0.22810146527535405,2025-04-08 12:05:00+00:00,2025-04-08 16:05:00+00:00,2025-04-03 00:00:00+00:00
1744176600000,1744176900000,1744220100000,1,breakout_24,3018.32,2996.4022234029026,5116.1798831126525,3051.1466648956466,21.9177765970976,4.562506582590235,149.7718746708707,1.497718746708707,ladder_lock_1.50R,720,3.638370874286557,2025-04-09 05:35:00+00:00,2025-04-09 17:35:00+00:00,2025-04-03 00:00:00+00:00
1744180200000,1744180500000,1744353600000,1,breakout_24,3030.3700000000003,3007.6323252810744,5186.899797173661,3206.03,22.737674718925973,4.397987095697337,772.5504132301935,7.725504132301935,timeout,2885,8.32253088054284,2025-04-09 06:35:00+00:00,2025-04-11 06:40:00+00:00,2025-04-03 00:00:00+00:00
1744182000000,1744182300000,1744355400000,1,breakout_24,3039.8059999999996,3017.034659189569,5226.568740232684,3207.5,22.7713408104305,4.391484929784838,736.4256738153404,7.364256738153403,timeout,2885,7.89584598890386,2025-04-09 07:05:00+00:00,2025-04-11 07:10:00+00:00,2025-04-03 00:00:00+00:00
1744183800000,1744184100000,1744357200000,1,breakout_24,3044.1299999999997,3020.0311835331713,5334.912830216064,3209.695,24.09881646682834,4.149581376232667,687.0254405559635,6.870254405559636,timeout,2885,7.281477919944288,2025-04-09 07:35:00+00:00,2025-04-11 07:40:00+00:00,2025-04-03 00:00:00+00:00
1744198200000,1744198500000,1744371600000,1,breakout_24,3061.097,3037.2183858925646,5358.379796636138,3214.835,23.878614107435624,4.18784773480052,643.8313350527616,6.438313350527616,timeout,2885,7.380788483244476,2025-04-09 11:35:00+00:00,2025-04-11 11:40:00+00:00,2025-04-03 00:00:00+00:00
1744227000000,1744227300000,1744400400000,1,pullback_ema20,3092.215,3058.241949743855,6389.546975358384,3227.3750000000005,33.97305025614514,2.9435096126498594,397.84475924575594,3.9784475924575595,timeout,2885,4.486938878042812,2025-04-09 19:35:00+00:00,2025-04-11 19:40:00+00:00,2025-04-03 00:00:00+00:00
1744356600000,1744356900000,1744581900000,1,pullback_ema20,3206.5899999999997,3180.00100993165,5762.4000167666345,3220.74,26.58899006834963,3.760955182688026,53.21751583503591,0.5321751583503591,timeout,3750,1.4314195425310778,2025-04-11 07:35:00+00:00,2025-04-13 22:05:00+00:00,2025-04-03 00:00:00+00:00
1744363800000,1744364100000,1744581900000,1,dip_unconfirmed,3216.115,3190.321971461314,5685.62482532986,3220.74,25.793028538685576,3.877016607414495,17.931201809292038,0.17931201809292038,timeout,3630,1.106306688925738,2025-04-11 09:35:00+00:00,2025-04-13 22:05:00+00:00,2025-04-03 00:00:00+00:00
1744365600000,1744365900000,1744581900000,1,breakout_24,3228.615,3202.089330642649,5782.656266377723,3220.74,26.52566935735058,3.769933141094847,-29.68822348612192,-0.29688223486121923,timeout,3600,0.6045087791745704,2025-04-11 10:05:00+00:00,2025-04-13 22:05:00+00:00,2025-04-03 00:00:00+00:00
1744374600000,1744374900000,1744581900000,1,pullback_ema20,3225.97,3198.969231862656,5824.546045597045,3220.74,27.000768137343584,3.7035983380670703,-19.369819308090843,-0.19369819308090844,timeout,3450,0.6918321695509395,2025-04-11 12:35:00+00:00,2025-04-13 22:05:00+00:00,2025-04-03 00:00:00+00:00
1744401600000,1744401900000,1744581900000,1,dip_unconfirmed,3231.8900000000003,3209.741402175262,5351.60118464904,3220.74,22.148597824738317,4.514958499463453,-50.34178726901996,-0.5034178726901996,timeout,3000,0.24448500274592377,2025-04-11 20:05:00+00:00,2025-04-13 22:05:00+00:00,2025-04-03 00:00:00+00:00
1744596000000,1744596300000,1744618500000,1,pullback_ema20,3240.3900000000003,3218.118162397813,5378.301922616484,3218.068162397813,22.271837602187134,4.489975267697705,-100.2244987633857,-1.002244987633857,stop,370,0.20923284747468612,2025-04-14 02:05:00+00:00,2025-04-14 08:15:00+00:00,2025-04-03 00:00:00+00:00
1744599600000,1744599900000,1744626300000,1,dip_unconfirmed,3232.9349999999995,3210.6344359450536,5353.190841439729,3210.5844359450534,22.30056405494588,4.484191509847561,-100.2242095754932,-1.002242095754932,stop,440,0.19842547431078308,2025-04-14 03:05:00+00:00,2025-04-14 10:25:00+00:00,2025-04-03 00:00:00+00:00
1744601400000,1744601700000,1744626300000,1,pullback_ema20,3233.785,3212.094119091835,5301.682209908315,3212.044119091835,21.690880908164672,4.610232310222079,-100.23051161551194,-1.0023051161551195,stop,410,0.1648158050904519,2025-04-14 03:35:00+00:00,2025-04-14 10:25:00+00:00,2025-04-03 00:00:00+00:00
1744605000000,1744605300000,1744626300000,1,pullback_ema20,3233.495,3213.2421741148983,5158.024762625031,3213.192174114898,20.25282588510163,4.937582565876001,-100.2468791282947,-1.0024687912829469,stop,350,0.19083756617111913,2025-04-14 04:35:00+00:00,2025-04-14 10:25:00+00:00,2025-04-03 00:00:00+00:00
1744689600000,1744689900000,1744720200000,1,breakout_24,3229.0499999999997,3215.340591323393,4532.281458984148,3215.2905913233926,13.709408676606927,7.294260632162434,-100.36471303160944,-1.0036471303160943,stop,505,0.23159277507113737,2025-04-15 04:05:00+00:00,2025-04-15 12:30:00+00:00,2025-04-03 00:00:00+00:00
1744693200000,1744693500000,1744702200000,1,breakout_24,3232.565,3219.3396935390474,4476.870339634292,3219.289693539047,13.225306460952652,7.561261456983791,-100.37806307285057,-1.0037806307285058,stop,145,0.0,2025-04-15 05:05:00+00:00,2025-04-15 07:30:00+00:00,2025-04-03 00:00:00+00:00
1744702200000,1744702500000,1744875600000,1,dip_unconfirmed,3221.125,3208.1059825299603,4454.507729533878,3322.0,13.019017470039671,7.681071189137538,774.8280562042492,7.748280562042492,timeout,2885,10.441264120954107,2025-04-15 07:35:00+00:00,2025-04-17 07:40:00+00:00,2025-04-03 00:00:00+00:00
1744704000000,1744704300000,1744725300000,1,pullback_ema20,3226.61,3213.0484123492492,4490.707177424316,3212.998412349249,13.56158765075088,7.373767922700642,-100.36868839613638,-1.0036868839613637,stop,350,0.3797490480191233,2025-04-15 08:05:00+00:00,2025-04-15 13:55:00+00:00,2025-04-03 00:00:00+00:00
1744713000000,1744713300000,1744725300000,1,pullback_ema20,3225.0350000000003,3211.957567329442,4456.200834385252,3211.907567329442,13.07743267055821,7.64676083747954,-100.38233804187537,-1.0038233804187537,stop,200,0.061556424741697785,2025-04-15 10:35:00+00:00,2025-04-15 13:55:00+00:00,2025-04-03 00:00:00+00:00
1744716600000,1744716900000,1744890000000,1,pullback_ema50,3221.18,3208.277902442223,4421.48765821993,3324.465,12.90209755777687,7.750677713619053,800.5287476511463,8.005287476511462,timeout,2885,10.531620877265578,2025-04-15 11:35:00+00:00,2025-04-17 11:40:00+00:00,2025-04-03 00:00:00+00:00
1744720200000,1744720500000,1744893600000,1,pullback_ema50,3221.0650000000005,3207.5465077180393,4479.395735914125,3325.8849999999998,13.518492281961244,7.397274630502814,775.3823267692994,7.753823267692995,timeout,2885,10.059923633752259,2025-04-15 12:35:00+00:00,2025-04-17 12:40:00+00:00,2025-04-03 00:00:00+00:00
1744725600000,1744725900000,1744899000000,1,dip_unconfirmed,3213.8300000000004,3199.168371886491,4595.331183237376,3308.84,14.661628113509323,6.820524925731769,648.0180731937738,6.480180731937739,timeout,2885,9.769037851125583,2025-04-15 14:05:00+00:00,2025-04-17 14:10:00+00:00,2025-04-03 00:00:00+00:00
1744727400000,1744727700000,1744900800000,1,pullback_ema50,3224.9849999999997,3209.6692024660274,4704.748955863273,3292.065,15.315797533972273,6.529206185847523,437.9791509466544,4.379791509466544,timeout,2885,8.623449069958134,2025-04-15 14:35:00+00:00,2025-04-17 14:40:00+00:00,2025-04-03 00:00:00+00:00
1744876800000,1744877100000,1744898700000,1,pullback_ema50,3324.2949999999996,3304.923084025357,5168.6146814896865,3304.873084025357,19.371915974642434,5.162112004352001,-100.25810560021854,-1.0025810560021855,stop,360,0.8992399111581458,2025-04-17 08:05:00+00:00,2025-04-17 14:05:00+00:00,2025-04-03 00:00:00+00:00
1744898400000,1744898700000,1744900500000,1,dip_unconfirmed,3316.145,3295.1770308733358,5308.473943539756,3295.1270308733356,20.96796912666423,4.769179093879603,-100.23845895469485,-1.0023845895469485,stop,30,0.0,2025-04-17 14:05:00+00:00,2025-04-17 14:35:00+00:00,2025-04-03 00:00:00+00:00
1744900200000,1744900500000,1745186700000,1,dip_unconfirmed,3304.4129999999996,3282.982957239526,5345.687233286918,3330.8250000000003,21.430042760473498,4.666346265274111,123.24753755842316,1.2324753755842317,timeout,4770,1.110917055373819,2025-04-17 14:35:00+00:00,2025-04-20 22:05:00+00:00,2025-04-03 00:00:00+00:00
1744902000000,1744902300000,1745186700000,1,dip_unconfirmed,3292.025,3269.237746008131,5480.463145194989,3330.8250000000003,22.787253991868965,4.388418193595524,170.27062591150712,1.7027062591150712,timeout,4740,1.588387965171887,2025-04-17 15:05:00+00:00,2025-04-20 22:05:00+00:00,2025-04-03 00:00:00+00:00
1745188200000,1745188500000,1745329500000,1,breakout_24,3344.1650000000004,3322.8912994696493,5389.261352504719,3412.1908416971237,21.273700530351107,4.700639639884485,319.7649680180045,3.197649680180045,ladder_lock_3.20R,2350,7.305264064344471,2025-04-20 22:35:00+00:00,2025-04-22 13:45:00+00:00,2025-04-03 00:00:00+00:00
1745195400000,1745195700000,1745327400000,1,breakout_24,3356.3149999999996,3336.2399898259227,5280.741007233636,3420.5050325570455,20.07501017407685,4.981317525264891,319.7509341237368,3.197509341237368,ladder_lock_3.20R,2195,7.136235486694516,2025-04-21 00:35:00+00:00,2025-04-22 13:10:00+00:00,2025-04-03 00:00:00+00:00
1745197200000,1745197500000,1745326200000,1,breakout_24,3369.485,3348.529919124071,5377.538006716946,3436.491258802973,20.95508087592907,4.772112338390886,319.76139438307916,3.197613943830792,ladder_lock_3.20R,2145,6.20804094101271,2025-04-21 01:05:00+00:00,2025-04-22 12:50:00+00:00,2025-04-03 00:00:00+00:00
1745199000000,1745199300000,1745326200000,1,breakout_24,3371.965,3350.996353472352,5369.361006237173,3439.0146688884743,20.96864652764816,4.769025023534315,319.7615487488233,3.197615487488233,ladder_lock_3.20R,2115,6.085752832532145,2025-04-21 01:35:00+00:00,2025-04-22 12:50:00+00:00,2025-04-03 00:00:00+00:00
1745200800000,1745201100000,1745312400000,1,breakout_24,3378.4300000000003,3357.820185367184,5347.801648648803,3444.3314068250124,20.609814632816324,4.852057225239344,319.7573971387376,3.197573971387376,ladder_lock_3.20R,1855,5.878024725516203,2025-04-21 02:05:00+00:00,2025-04-22 09:00:00+00:00,2025-04-03 00:00:00+00:00
1745312400000,1745312700000,1745329500000,1,dip_unconfirmed,3444.81,3415.8012256186526,6245.178663753444,3415.7512256186524,29.008774381347394,3.447232850495741,-100.17236164252542,-1.001723616425254,stop,280,0.7821771337774855,2025-04-22 09:05:00+00:00,2025-04-22 13:45:00+00:00,2025-04-03 00:00:00+00:00
1745326800000,1745327100000,1745338800000,1,dip_unconfirmed,3432.39,3402.5587207178755,6320.686648930292,3402.5087207178753,29.831279282124342,3.352186108221062,-100.16760930541166,-1.0016760930541166,stop,195,0.5621616103486715,2025-04-22 13:05:00+00:00,2025-04-22 16:20:00+00:00,2025-04-03 00:00:00+00:00
1745328600000,1745328900000,1745329500000,1,pullback_ema50,3444.47,3412.4845263808847,6541.031888292409,3412.4345263808846,31.985473619115055,3.1264192361446956,-100.15632096180781,-1.001563209618078,stop,10,0.0009379257708496643,2025-04-22 13:35:00+00:00,2025-04-22 13:45:00+00:00,2025-04-03 00:00:00+00:00
1745335800000,1745336100000,1745340000000,1,dip_unconfirmed,3413.275,3378.1992330790413,6828.775925174912,3378.149233079041,35.07576692095881,2.850971162664644,-100.14254855813375,-1.0014254855813376,stop,65,0.4621424254679398,2025-04-22 15:35:00+00:00,2025-04-22 16:40:00+00:00,2025-04-03 00:00:00+00:00
1745458200000,1745458500000,1745465100000,1,breakout_24,3360.2,3329.62343322433,6316.280110791326,3329.5734332243296,30.576566775670017,3.2704783612125703,-100.16352391806123,-1.0016352391806123,stop,110,0.21650566751226857,2025-04-24 01:35:00+00:00,2025-04-24 03:25:00+00:00,2025-04-03 00:00:00+00:00
1745528400000,1745532300000,1745553600000,1,breakout_24,3352.9750000000004,3331.2274402864477,5149.9834116416805,3331.1774402864476,21.74755971355262,4.59821705594316,-100.229910852798,-1.00229910852798,stop,355,0.7458308064739714,2025-04-24 22:05:00+00:00,2025-04-25 04:00:00+00:00,2025-04-03 00:00:00+00:00
1745533800000,1745534100000,1745546100000,1,breakout_24,3365.05,3344.5509088374156,5242.460025095841,3344.5009088374154,20.49909116258459,4.878265051209796,-100.24391325256138,-1.002439132525614,stop,200,0.20220408637264517,2025-04-24 22:35:00+00:00,2025-04-25 01:55:00+00:00,2025-04-03 00:00:00+00:00
1745535600000,1745535900000,1745538000000,1,breakout_24,3368.3399999999997,3348.1779867776004,5240.3793090175695,3348.1279867776,20.16201322239931,4.959822161454761,-100.24799110807365,-1.0024799110807365,stop,35,0.0,2025-04-24 23:05:00+00:00,2025-04-24 23:40:00+00:00,2025-04-03 00:00:00+00:00
1745614800000,1745791500000,1745798400000,1,breakout_24,3325.7849999999994,3298.396556558562,5423.24090070234,3298.346556558562,27.388443441437175,3.6511750006466457,-100.182558750033,-1.00182558750033,stop,115,0.35489421006287986,2025-04-27 22:05:00+00:00,2025-04-28 00:00:00+00:00,2025-04-03 00:00:00+00:00
1745850600000,1745850900000,1745896800000,1,breakout_24,3312.055,3289.315096339909,5484.30546234905,3312.0049999999997,22.73990366009093,4.397556009681007,-0.21987780048485026,-0.0021987780048485024,breakeven,765,1.776392750110662,2025-04-28 14:35:00+00:00,2025-04-29 03:20:00+00:00,2025-04-03 00:00:00+00:00
1745852400000,1745852700000,1745904000000,1,breakout_24,3329.3349999999996,3305.0622323156294,5661.339000752694,3305.0122323156293,24.272767684370137,4.119843328142286,-100.20599216640787,-1.0020599216640786,stop,855,0.9523017853001179,2025-04-28 15:05:00+00:00,2025-04-29 05:20:00+00:00,2025-04-03 00:00:00+00:00
1745865000000,1745865300000,1745889000000,1,breakout_24,3349.06,3325.954805753068,5550.9742304462925,3325.9048057530676,23.105194246932115,4.328031131496672,-100.21640155657563,-1.0021640155657563,stop,395,0.14672025535775135,2025-04-28 18:35:00+00:00,2025-04-29 01:10:00+00:00,2025-04-03 00:00:00+00:00
1745868600000,1745868900000,1745888100000,1,breakout_24,3350.6949999999997,3329.3623835319822,5390.124030333796,3329.312383531982,21.332616468017477,4.6876575196447705,-100.23438287598309,-1.002343828759831,stop,320,0.08226838946979216,2025-04-28 19:35:00+00:00,2025-04-29 00:55:00+00:00,2025-04-03 00:00:00+00:00
1745870400000,1745870700000,1745878800000,1,breakout_24,3352.925,3332.2100704225545,5339.7030281671,3332.1600704225543,20.714929577445673,4.8274361554614975,-100.24137180777396,-1.0024137180777395,stop,135,0.0,2025-04-28 20:05:00+00:00,2025-04-28 22:20:00+00:00,2025-04-03 00:00:00+00:00
1745946000000,1745946300000,1745975100000,1,breakout_24,3329.488,3309.131087908011,5278.522297106901,3309.081087908011,20.35691209198876,4.912336387175042,-100.24561681935964,-1.0024561681935964,stop,480,0.0,2025-04-29 17:05:00+00:00,2025-04-30 01:05:00+00:00,2025-04-03 00:00:00+00:00
1746133200000,1746137100000,1746396300000,1,breakout_24,3240.025,3220.2375271080514,5102.4848163029,3237.1749999999997,19.78747289194871,5.053702438207196,-14.403051948892347,-0.14403051948892348,timeout,4320,1.4281763090373647,2025-05-01 22:05:00+00:00,2025-05-04 22:05:00+00:00,2025-04-03 00:00:00+00:00
1746145800000,1746146100000,1746201900000,1,breakout_24,3244.37,3226.513173719525,4921.695801767039,3226.463173719525,17.856826280474706,5.6000992802032,-100.28000496401117,-1.0028000496401117,stop,930,1.3392637428606189,2025-05-02 00:35:00+00:00,2025-05-02 16:05:00+00:00,2025-04-03 00:00:00+00:00
1746153000000,1746153300000,1746201900000,1,breakout_24,3247.12,3228.5364210121656,5005.894319795623,3228.4864210121655,18.583578987834244,5.381094786180051,-100.26905473930998,-1.0026905473930998,stop,810,1.1389087114950303,2025-05-02 02:35:00+00:00,2025-05-02 16:05:00+00:00,2025-04-03 00:00:00+00:00
1746154800000,1746155100000,1746201300000,1,breakout_24,3249.175,3230.9302480827246,4965.905439810223,3230.8802480827244,18.244751917275607,5.4810282131220385,-100.27405141065711,-1.002740514106571,stop,770,1.0474244915276285,2025-05-02 03:05:00+00:00,2025-05-02 15:55:00+00:00,2025-04-03 00:00:00+00:00
1746156600000,1746156900000,1746200400000,1,breakout_24,3255.09,3236.899516076816,4966.9479083952065,3236.8495160768157,18.190483923184274,5.497379862035844,-100.2748689931028,-1.002748689931028,stop,725,0.7253792727956386,2025-05-02 03:35:00+00:00,2025-05-02 15:40:00+00:00,2025-04-03 00:00:00+00:00
1746408600000,1746408900000,1746582000000,1,breakout_24,3266.21,3246.8110473072693,5104.206316580376,3368.3500000000004,19.398952692730745,5.1549174630170835,526.5232696725666,5.265232696725666,timeout,2885,8.793515954287694,2025-05-05 01:35:00+00:00,2025-05-07 01:40:00+00:00,2025-04-03 00:00:00+00:00
1746435600000,1746435900000,1746609000000,1,breakout_24,3283.5150000000003,3265.7018756320567,4984.014312426424,3379.3700000000003,17.8131243679436,5.613838310137184,538.1144712181998,5.381144712181998,timeout,2885,8.604891361778261,2025-05-05 09:05:00+00:00,2025-05-07 09:10:00+00:00,2025-04-03 00:00:00+00:00
1746437400000,1746437700000,1746578700000,1,breakout_24,3303.0299999999997,3283.5270988011953,5164.817218681686,3365.389283836174,19.502901198804466,5.127442270287973,319.7436278864851,3.197436278864851,ladder_lock_3.20R,2350,6.8587231528507235,2025-05-05 09:35:00+00:00,2025-05-07 00:45:00+00:00,2025-04-03 00:00:00+00:00
1746439200000,1746439500000,1746578700000,1,breakout_24,3309.5280000000002,3289.883734601109,5170.510274490139,3372.3396492764514,19.644265398891093,5.090544134353069,319.7454727932805,3.197454727932805,ladder_lock_3.20R,2320,6.478582803467111,2025-05-05 10:05:00+00:00,2025-05-07 00:45:00+00:00,2025-04-03 00:00:00+00:00
1746441000000,1746441300000,1746572700000,1,breakout_24,3315.2200000000003,3295.4163249867447,5185.283826312275,3378.541760042418,19.803675013255543,5.04956781673428,319.7475216091633,3.197475216091633,ladder_lock_3.20R,2190,6.139012073194691,2025-05-05 10:35:00+00:00,2025-05-06 23:05:00+00:00,2025-04-03 00:00:00+00:00
1746572400000,1746572700000,1746684000000,1,dip_unconfirmed,3383.19,3356.075409333253,5921.034476007944,3356.025409333253,27.114590666747063,3.6880512499360183,-100.18440256249747,-1.0018440256249748,stop,1855,1.1408986541676884,2025-05-06 23:05:00+00:00,2025-05-08 06:00:00+00:00,2025-04-03 00:00:00+00:00
1746579600000,1746579900000,1746684900000,1,dip_unconfirmed,3380.5339999999997,3349.7972404978923,6328.573190708645,3349.747240497892,30.73675950210736,3.2534334009134516,-100.16267167004627,-1.0016267167004627,stop,1750,1.092860813700834,2025-05-07 01:05:00+00:00,2025-05-08 06:15:00+00:00,2025-04-03 00:00:00+00:00
1746581400000,1746581700000,1746686100000,1,dip_unconfirmed,3366.42,3334.7756518909,6423.210462800887,3334.7256518909,31.644348109100065,3.1601219799260987,-100.15800609899688,-1.0015800609899688,stop,1740,1.5075361905237288,2025-05-07 01:35:00+00:00,2025-05-08 06:35:00+00:00,2025-04-03 00:00:00+00:00
1746585000000,1746585300000,1746684300000,1,pullback_ema50,3386.6650000000004,3353.6124243345002,6562.369990884445,3353.5624243345,33.05257566550017,3.0254828250610024,-100.1512741412536,-1.001512741412536,stop,1650,0.8307975837617249,2025-05-07 02:35:00+00:00,2025-05-08 06:05:00+00:00,2025-04-03 00:00:00+00:00
1746610200000,1746610500000,1746681300000,1,dip_unconfirmed,3374.79,3350.84561873243,5694.2837454894025,3374.74,23.944381267569952,4.176345125920588,-0.20881725629678907,-0.0020881725629678907,breakeven,1180,1.6427653552808459,2025-05-07 09:35:00+00:00,2025-05-08 05:15:00+00:00,2025-04-03 00:00:00+00:00
1746682200000,1746682500000,1746684300000,1,dip_unconfirmed,3374.5899999999997,3352.18695539426,5511.4914159682185,3352.13695539426,22.403044605739524,4.463679011484921,-100.22318395057506,-1.0022318395057506,stop,30,0.14975643083534024,2025-05-08 05:35:00+00:00,2025-05-08 06:05:00+00:00,2025-04-03 00:00:00+00:00
1746684000000,1746684300000,1746686100000,1,dip_unconfirmed,3356.12,3332.017172866099,5676.299886256202,3331.9671728660987,24.102827133900973,4.14889089335701,-100.2074445446686,-1.0020744454466861,stop,30,0.21263065828454678,2025-05-08 06:05:00+00:00,2025-05-08 06:35:00+00:00,2025-04-03 00:00:00+00:00
1746790200000,1746790500000,1747001100000,1,breakout_24,3334.9199999999996,3313.8993649684394,5330.962868124454,3282.705,21.020635031560232,4.757230209737275,-248.39877540143036,-2.4839877540143034,timeout,3510,0.5777656089725912,2025-05-09 11:35:00+00:00,2025-05-11 22:05:00+00:00,2025-04-03 00:00:00+00:00
1746797400000,1746797700000,1746800100000,1,breakout_24,3340.5800000000004,3320.802134601822,5235.5886744195905,3320.752134601822,19.777865398178164,5.056157375265153,-100.25280786876418,-1.0025280786876418,stop,40,0.0,2025-05-09 13:35:00+00:00,2025-05-09 14:15:00+00:00,2025-04-03 00:00:00+00:00
1746806400000,1746806700000,1746820200000,1,breakout_24,3345.7450000000003,3325.8863836733103,5250.248016342293,3325.83638367331,19.858616326690026,5.035597564045777,-100.2517798782032,-1.002517798782032,stop,225,0.06646988784536671,2025-05-09 16:05:00+00:00,2025-05-09 19:50:00+00:00,2025-04-03 00:00:00+00:00
1747112400000,1747112700000,1747143900000,1,breakout_24,3253.5350000000003,3234.3257956168786,5059.246233929011,3234.2757956168784,19.209204383121687,5.205837681016386,-100.26029188405177,-1.0026029188405177,stop,520,0.5978904576647149,2025-05-13 05:05:00+00:00,2025-05-13 13:45:00+00:00,2025-04-03 00:00:00+00:00
1747114200000,1747114500000,1747138800000,1,breakout_24,3258.455,3239.7378816442447,5071.449717219796,3239.6878816442445,18.717118355755247,5.342702765420695,-100.26713513827201,-1.0026713513827201,stop,405,0.35074843654987153,2025-05-13 05:35:00+00:00,2025-05-13 12:20:00+00:00,2025-04-03 00:00:00+00:00
1747119600000,1747119900000,1747137900000,1,breakout_24,3262.9030000000002,3243.1356016663285,5140.075435033484,3243.0856016663283,19.767398333671736,5.058834668680716,-100.25294173343495,-1.0025294173343495,stop,300,0.07962605768501496,2025-05-13 07:05:00+00:00,2025-05-13 12:05:00+00:00,2025-04-03 00:00:00+00:00
1747319400000,1747319700000,1747365300000,1,breakout_24,3206.7899999999995,3184.3887744966646,5345.011324830213,3206.7399999999993,22.4012255033349,4.464041486708523,-0.22320207433623818,-0.0022320207433623816,breakeven,760,1.992301715518039,2025-05-15 14:35:00+00:00,2025-05-16 03:15:00+00:00,2025-04-03 00:00:00+00:00
1747323000000,1747323300000,1747360200000,1,breakout_24,3217.09,3194.763254540491,5341.437800491354,3217.04,22.32674545950931,4.478933133418621,-0.22394665667174574,-0.0022394665667174575,breakeven,615,1.5376177447026091,2025-05-15 15:35:00+00:00,2025-05-16 01:50:00+00:00,2025-04-03 00:00:00+00:00
1747324800000,1747325100000,1747383300000,1,breakout_24,3220.715,3198.7937363590277,5301.9201004562565,3198.7437363590275,21.921263640972484,4.561780818743155,-100.22808904093799,-1.0022808904093798,stop,970,1.4006948003950823,2025-05-15 16:05:00+00:00,2025-05-16 08:15:00+00:00,2025-04-03 00:00:00+00:00
1747328400000,1747328700000,1747383300000,1,breakout_24,3223.3250000000003,3203.1255941054883,5145.566183556676,3203.075594105488,20.199405894511983,4.9506406536030445,-100.24753203268105,-1.0024753203268104,stop,910,1.3908824916297655,2025-05-15 17:05:00+00:00,2025-05-16 08:15:00+00:00,2025-04-03 00:00:00+00:00
1747330200000,1747330500000,1747383000000,1,breakout_24,3224.12,3204.255194526525,5105.235741874056,3204.205194526525,19.864805473474917,5.034028656033306,-100.25170143280258,-1.0025170143280258,stop,875,1.3742898230971017,2025-05-15 17:35:00+00:00,2025-05-16 08:10:00+00:00,2025-04-03 00:00:00+00:00
1747607400000,1747607700000,1747626600000,1,breakout_24,3236.495,3212.7057930220317,5529.626490818848,3212.6557930220315,23.789206977968206,4.203586949855561,-100.21017934749354,-1.0021017934749354,stop,315,0.5248178306894722,2025-05-18 22:35:00+00:00,2025-05-19 03:50:00+00:00,2025-04-03 00:00:00+00:00
1747609200000,1747609500000,1747620000000,1,breakout_24,3240.885,3216.706450663315,5524.561384331784,3216.656450663315,24.178549336685137,4.135897427405789,-100.20679487137105,-1.0020679487137105,stop,175,0.33480089674849034,2025-05-18 23:05:00+00:00,2025-05-19 02:00:00+00:00,2025-04-03 00:00:00+00:00
1747611000000,1747611300000,1747618800000,1,breakout_24,3244.42,3220.9899184730784,5471.998071165228,3220.9399184730783,23.43008152692164,4.268017586071903,-100.21340087930436,-1.0021340087930435,stop,125,0.1946216019248765,2025-05-18 23:35:00+00:00,2025-05-19 01:40:00+00:00,2025-04-03 00:00:00+00:00
1747614600000,1747614900000,1747617900000,1,breakout_24,3248.55,3223.659266438522,5639.732622586345,3223.609266438522,24.8907335614781,4.017559376183433,-100.2008779688099,-1.002008779688099,stop,50,0.00040175593760884306,2025-05-19 00:35:00+00:00,2025-05-19 01:25:00+00:00,2025-04-03 00:00:00+00:00
1747668600000,1747668900000,1747701300000,1,pullback_ema20,3235.5399999999995,3215.1059655837294,5173.509407210748,3215.055965583729,20.43403441627015,4.893796201124982,-100.24468981005714,-1.0024468981005714,stop,540,0.1810704594416377,2025-05-19 15:35:00+00:00,2025-05-20 00:35:00+00:00,2025-04-03 00:00:00+00:00
1747672200000,1747672500000,1747707900000,1,dip_unconfirmed,3229.715,3210.24667440638,5091.579233768444,3210.1966744063798,19.468325593620193,5.136548570605897,-100.25682742853124,-1.0025682742853124,stop,590,0.28995816681070197,2025-05-19 16:35:00+00:00,2025-05-20 02:25:00+00:00,2025-04-03 00:00:00+00:00
1747677600000,1747677900000,1747709100000,1,dip_unconfirmed,3227.0749999999994,3208.994459063708,4957.048552692899,3208.9444590637077,18.080540936291527,5.530807974847618,-100.27654039874338,-1.0027654039874339,stop,520,0.45822744071616744,2025-05-19 18:05:00+00:00,2025-05-20 02:45:00+00:00,2025-04-03 00:00:00+00:00
1747708200000,1747708500000,1747881600000,1,dip_unconfirmed,3211.8250000000003,3195.7041063283086,4725.793473497477,3339.1894999999995,16.120893671691647,6.2031300520020425,790.0585575082093,7.9005855750820935,timeout,2885,8.095146749163142,2025-05-20 02:35:00+00:00,2025-05-22 02:40:00+00:00,2025-04-03 00:00:00+00:00
1747731600000,1747731900000,1747905000000,1,breakout_24,3236.6099999999997,3219.5326180349202,4858.270814542885,3310.4094999999998,17.07738196507944,5.85569850252716,432.1476216372536,4.321476216372536,timeout,2885,6.335836501241911,2025-05-20 09:05:00+00:00,2025-05-22 09:10:00+00:00,2025-04-03 00:00:00+00:00
1747740600000,1747740900000,1747830600000,1,breakout_24,3240.55,3224.784853312681,4732.799522044526,3290.948469399421,15.765146687318975,6.343106219267664,319.68284468903664,3.1968284468903665,ladder_lock_3.20R,1495,5.0440380655616455,2025-05-20 11:35:00+00:00,2025-05-21 12:30:00+00:00,2025-04-03 00:00:00+00:00
1747742400000,1747742700000,1747830600000,1,breakout_24,3241.85,3226.6691495046325,4692.254199041348,3290.3787215851753,15.180850495367395,6.587246217233752,319.6706376891365,3.196706376891365,ladder_lock_3.20R,1465,5.1525439911202575,2025-05-20 12:05:00+00:00,2025-05-21 12:30:00+00:00,2025-04-03 00:00:00+00:00
1747746000000,1747746300000,1747910100000,1,breakout_24,3243.2349999999997,3227.747914623893,4736.456452234624,3292.743673203541,15.487085376106734,6.456992879646589,319.67715035601765,3.1967715035601767,ladder_lock_3.20R,2730,6.558658232536665,2025-05-20 13:05:00+00:00,2025-05-22 10:35:00+00:00,2025-04-03 00:00:00+00:00
1747830600000,1747830900000,1747910100000,1,dip_unconfirmed,3296.6420000000003,3277.846983099048,5090.998673194247,3296.592,18.795016900952305,5.320559195396797,-0.2660279597708076,-0.0026602795977080764,breakeven,1320,2.562780350442753,2025-05-21 12:35:00+00:00,2025-05-22 10:35:00+00:00,2025-04-03 00:00:00+00:00
1747841400000,1747841700000,1747902900000,1,pullback_ema20,3312.4655,3292.4653398968853,5227.281350208374,3312.4154999999996,20.000160103114467,4.9999599745417935,-0.24999799872799916,-0.0024999799872799915,breakeven,1020,1.6171870541658229,2025-05-21 15:35:00+00:00,2025-05-22 08:35:00+00:00,2025-04-03 00:00:00+00:00
1747886400000,1747886700000,1747902600000,1,dip_unconfirmed,3336.229,3320.189698678649,4851.2198308137395,3320.139698678649,16.03930132135065,6.2346855387575655,-100.31173427693902,-1.0031173427693902,stop,265,0.15923386865984532,2025-05-22 04:05:00+00:00,2025-05-22 08:30:00+00:00,2025-04-03 00:00:00+00:00
1747902600000,1747902900000,1747908600000,1,dip_unconfirmed,3319.2900000000004,3303.3063310279545,4841.823228232492,3303.2563310279543,15.983668972045962,6.256385825738211,-100.31281929128805,-1.0031281929128806,stop,95,0.0,2025-05-22 08:35:00+00:00,2025-05-22 10:10:00+00:00,2025-04-03 00:00:00+00:00
1747904400000,1747904700000,1747910100000,1,dip_unconfirmed,3311.982,3295.8135573831005,4846.95781907303,3295.7635573831003,16.168442616899483,6.184887584378633,-100.30924437922005,-1.0030924437922004,stop,90,0.08498035540937796,2025-05-22 09:05:00+00:00,2025-05-22 10:35:00+00:00,2025-04-03 00:00:00+00:00
1747906200000,1747906500000,1747910100000,1,dip_unconfirmed,3307.3434999999995,3290.872446141451,4868.127831996388,3290.8224461414507,16.471053858548657,6.071256937096281,-100.30356284685591,-1.003035628468559,stop,60,0.1275874645331466,2025-05-22 09:35:00+00:00,2025-05-22 10:35:00+00:00,2025-04-03 00:00:00+00:00
1747974600000,1747974900000,1748210700000,1,breakout_24,3312.7305,3294.8148432556095,5010.18051769466,3351.2765,17.915656744390617,5.581709977297368,215.15259278490336,2.1515259278490335,timeout,3930,2.945077635321381,2025-05-23 04:35:00+00:00,2025-05-25 22:05:00+00:00,2025-04-03 00:00:00+00:00
1747976400000,1747976700000,1748210700000,1,breakout_24,3314.4335,3297.1886044516377,4950.478159287897,3351.2765,17.244895548362365,5.798817378716819,213.64582868406288,2.1364582868406288,timeout,3900,2.9608761535727783,2025-05-23 05:05:00+00:00,2025-05-25 22:05:00+00:00,2025-04-03 00:00:00+00:00
1747978200000,1747978500000,1748210700000,1,breakout_24,3321.052,3303.6201684193775,4974.1033264816215,3351.2765,17.431831580622656,5.736631835702261,173.3868289181819,1.733868289181819,timeout,3870,2.5494452372635887,2025-05-23 05:35:00+00:00,2025-05-25 22:05:00+00:00,2025-04-03 00:00:00+00:00
1747980000000,1747980300000,1748210700000,1,breakout_24,3324.5085,3307.0661563894223,4989.800517447221,3351.2765,17.44234361057761,5.733174522451026,153.46561561696925,1.5346561561696925,timeout,3840,2.3497415780265345,2025-05-23 06:05:00+00:00,2025-05-25 22:05:00+00:00,2025-04-03 00:00:00+00:00
1747981800000,1747982100000,1748210700000,1,breakout_24,3326.672,3309.3259666473205,4974.079301915279,3351.2765,17.34603335267957,5.765006786669891,141.84510948261885,1.4184510948261886,timeout,3810,2.2380621096870263,2025-05-23 06:35:00+00:00,2025-05-25 22:05:00+00:00,2025-04-03 00:00:00+00:00
1748212200000,1748212500000,1748251800000,1,dip_unconfirmed,3343.827,3326.559991252488,4996.210866003674,3326.509991252488,17.267008747512136,5.791391054597583,-100.28956955273094,-1.0028956955273094,stop,655,0.7160475899904207,2025-05-25 22:35:00+00:00,2025-05-26 09:30:00+00:00,2025-04-03 00:00:00+00:00
1748219400000,1748219700000,1748325000000,1,dip_unconfirmed,3336.4134999999997,3318.3795077223635,5049.578735486018,3318.3295077223634,18.033992277636116,5.545083887166216,-100.27725419435932,-1.002772541943593,stop,1755,1.0966789657843066,2025-05-26 00:35:00+00:00,2025-05-27 05:50:00+00:00,2025-04-03 00:00:00+00:00
1748221200000,1748221500000,1748251800000,1,pullback_ema50,3342.8635,3324.559650027909,5070.744647237022,3324.5096500279087,18.30384997209103,5.463331493236448,-100.27316657466282,-1.0027316657466283,stop,505,0.7281255047610806,2025-05-26 01:05:00+00:00,2025-05-26 09:30:00+00:00,2025-04-03 00:00:00+00:00
1748235600000,1748235900000,1748243100000,1,pullback_ema20,3350.6205,3334.5859396236424,4866.491977259398,3334.535939623642,16.034560376357604,6.2365289507685215,-100.31182644753956,-1.0031182644753955,stop,120,0.037263260480832845,2025-05-26 05:05:00+00:00,2025-05-26 07:05:00+00:00,2025-04-03 00:00:00+00:00
1748242800000,1748243100000,1748325000000,1,dip_unconfirmed,3338.0105,3322.3021117917233,4824.09093261937,3322.252111791723,15.708388208276574,6.366025506506843,-100.3183012753265,-1.003183012753265,stop,1365,0.7259815487620401,2025-05-26 07:05:00+00:00,2025-05-27 05:50:00+00:00,2025-04-03 00:00:00+00:00
1748304000000,1748304300000,1748309400000,1,dip_unconfirmed,3346.9325,3337.2750317266673,4237.121859059971,3337.225031726667,9.657468273332597,10.354680664717527,-100.51773403323777,-1.0051773403323778,stop,85,0.257003174098286,2025-05-27 00:05:00+00:00,2025-05-27 01:30:00+00:00,2025-04-03 00:00:00+00:00
1748305800000,1748306100000,1748310000000,1,dip_unconfirmed,3344.9384999999997,3335.1768508890477,4259.8417619842585,3335.1268508890475,9.761649110952021,10.244170719863883,-100.51220853599506,-1.0051220853599505,stop,65,0.1829608890568215,2025-05-27 00:35:00+00:00,2025-05-27 01:40:00+00:00,2025-04-03 00:00:00+00:00
1748311200000,1748311500000,1748324100000,1,dip_unconfirmed,3336.7185,3325.4603611163407,4384.424249482301,3325.4103611163405,11.258138883659285,8.882462814981418,-100.44412314075069,-1.0044412314075069,stop,210,0.8852706564551226,2025-05-27 02:05:00+00:00,2025-05-27 05:35:00+00:00,2025-04-03 00:00:00+00:00
1748313000000,1748313300000,1748322000000,1,pullback_ema50,3341.9705,3330.4412638937442,4411.664874519281,3330.391263893744,11.529236106255667,8.673601535989087,-100.43368007680102,-1.0043368007680102,stop,145,0.40891694441420934,2025-05-27 02:35:00+00:00,2025-05-27 05:00:00+00:00,2025-04-03 00:00:00+00:00
1748392200000,1748392500000,1748396700000,1,breakout_24,3312.7690000000002,3300.320838384941,4483.236999890821,3300.270838384941,12.448161615059234,8.033314724884711,-100.40166573624569,-1.004016657362457,stop,70,0.19577187984543223,2025-05-28 00:35:00+00:00,2025-05-28 01:45:00+00:00,2025-04-03 00:00:00+00:00
1748419200000,1748419500000,1748439300000,1,breakout_24,3319.925,3303.6343259959713,4864.851726398883,3303.584325995971,16.290674004028915,6.138481438844616,-100.30692407194334,-1.0030692407194335,stop,330,0.3036092919652494,2025-05-28 08:05:00+00:00,2025-05-28 13:35:00+00:00,2025-04-03 00:00:00+00:00
1748426400000,1748426700000,1748430900000,1,breakout_24,3324.8869999999997,3309.5937937908925,4770.714414701647,3309.5437937908923,15.293206209107211,6.538851214891047,-100.32694256074574,-1.0032694256074572,stop,70,0.0,2025-05-28 10:05:00+00:00,2025-05-28 11:15:00+00:00,2025-04-03 00:00:00+00:00
1748514600000,1748514900000,1748572200000,1,breakout_24,3299.085,3280.533894206358,5071.6444735705045,3299.035,18.55110579364191,5.390514242782949,-0.269525712140128,-0.00269525712140128,breakeven,955,1.6949393933582295,2025-05-29 10:35:00+00:00,2025-05-30 02:30:00+00:00,2025-04-03 00:00:00+00:00
1748518200000,1748518500000,1748607300000,1,breakout_24,3303.0449999999996,3285.2238169432376,4999.492122619469,3285.1738169432374,17.821183056762038,5.611299748254153,-100.28056498741373,-1.0028056498741373,stop,1480,1.5421535098126986,2025-05-29 11:35:00+00:00,2025-05-30 12:15:00+00:00,2025-04-03 00:00:00+00:00
1748521800000,1748522100000,1748577000000,1,breakout_24,3310.409,3292.192013078608,5038.990705217819,3292.1420130786078,18.216986921392163,5.489381994481769,-100.2744690997251,-1.002744690997251,stop,915,1.10440876346977,2025-05-29 12:35:00+00:00,2025-05-30 03:50:00+00:00,2025-04-03 00:00:00+00:00
1748523600000,1748523900000,1748572200000,1,breakout_24,3317.207,3299.2218692872784,5034.534940559402,3299.1718692872782,17.985130712721457,5.560148635965532,-100.27800743179928,-1.0027800743179929,stop,805,0.7406673997969636,2025-05-29 13:05:00+00:00,2025-05-30 02:30:00+00:00,2025-04-03 00:00:00+00:00
1748525400000,1748525700000,1748571900000,1,breakout_24,3319.7259999999997,3301.731450052473,5039.236444805158,3301.681450052473,17.994549947526593,5.557238179982674,-100.27786190900015,-1.0027786190900014,stop,770,0.6002928682017359,2025-05-29 13:35:00+00:00,2025-05-30 02:25:00+00:00,2025-04-03 00:00:00+00:00
1748572200000,1748572500000,1748589300000,1,dip_unconfirmed,3302.8255000000004,3288.014950753071,4687.019875445989,3287.9649507530708,14.81054924692944,6.751944059112612,-100.33759720295686,-1.0033759720295685,stop,280,0.10749094942104871,2025-05-30 02:35:00+00:00,2025-05-30 07:15:00+00:00,2025-04-03 00:00:00+00:00
1748574000000,1748574300000,1748607300000,1,dip_unconfirmed,3298.0785,3283.102239984994,4710.728241485556,3283.052239984994,14.976260015006119,6.677234496449756,-100.3338617248237,-1.003338617248237,stop,550,0.42326989472994614,2025-05-30 03:05:00+00:00,2025-05-30 12:15:00+00:00,2025-04-03 00:00:00+00:00
1748575800000,1748576100000,1748607300000,1,dip_unconfirmed,3297.5225,3282.669401414638,4696.579259950872,3282.6194014146377,14.853098585362204,6.73260191638063,-100.33663009582025,-1.0033663009582026,stop,520,0.4642129021344432,2025-05-30 03:35:00+00:00,2025-05-30 12:15:00+00:00,2025-04-03 00:00:00+00:00
1748577600000,1748577900000,1748613300000,1,dip_unconfirmed,3295.032,3280.254479885021,4709.956491382955,3280.2044798850206,14.777520114979325,6.7670352820994895,-100.33835176410619,-1.003383517641062,stop,590,0.8569773481250631,2025-05-30 04:05:00+00:00,2025-05-30 13:55:00+00:00,2025-04-03 00:00:00+00:00
1748818800000,1748819100000,1748959500000,1,breakout_24,3313.7940000000003,3296.282509029741,4988.031606055613,3340.011236455389,17.511490970259274,5.710536022879804,149.71447319885368,1.497144731988537,ladder_lock_1.50R,2340,4.445309661650532,2025-06-01 23:05:00+00:00,2025-06-03 14:05:00+00:00,2025-04-03 00:00:00+00:00
1748844000000,1748844300000,1748958600000,1,breakout_24,3324.482,3309.615197281079,4727.245469173222,3346.732204078381,14.866802718921008,6.726395842512244,149.66368020787164,1.4966368020787164,ladder_lock_1.50R,1905,4.517178391997519,2025-06-02 06:05:00+00:00,2025-06-03 13:50:00+00:00,2025-04-03 00:00:00+00:00
1748845800000,1748846100000,1748922300000,1,breakout_24,3338.3019999999997,3322.360076046716,4842.852471375129,3362.164885929925,15.941923953283549,6.272768600141457,149.6863615699918,1.496863615699918,ladder_lock_1.50R,1270,3.345643860571462,2025-06-02 06:35:00+00:00,2025-06-03 03:45:00+00:00,2025-04-03 00:00:00+00:00
1748847600000,1748847900000,1748958600000,1,breakout_24,3345.276,3329.057142043379,4874.842937705472,3345.2259999999997,16.218857956620923,6.165662235125355,-0.30828311175738926,-0.0030828311175738927,breakeven,1845,2.8585243254488217,2025-06-02 07:05:00+00:00,2025-06-03 13:50:00+00:00,2025-04-03 00:00:00+00:00
1748849400000,1748849700000,1748933100000,1,breakout_24,3354.1539999999995,3336.8968461831378,4995.912227869363,3354.1039999999994,17.257153816861774,5.794698306640294,-0.2897349153330687,-0.002897349153330687,breakeven,1390,2.1720847132610697,2025-06-02 07:35:00+00:00,2025-06-03 06:45:00+00:00,2025-04-03 00:00:00+00:00
1748923200000,1748923500000,1748958600000,1,dip_unconfirmed,3361.8050000000003,3346.0684857812203,4848.869907659171,3346.01848578122,15.73651421878003,6.354647453033755,-100.31773237265284,-1.0031773237265285,stop,585,0.34407238634444615,2025-06-03 04:05:00+00:00,2025-06-03 13:50:00+00:00,2025-04-03 00:00:00+00:00
1748934000000,1748934300000,1748958600000,1,dip_unconfirmed,3359.6075,3343.3371805129386,4902.119129219116,3343.2871805129384,16.270319487061442,6.1461608101501914,-100.30730804050863,-1.0030730804050862,stop,405,0.28548916963147525,2025-06-03 07:05:00+00:00,2025-06-03 13:50:00+00:00,2025-04-03 00:00:00+00:00
1749000600000,1749000900000,1749013500000,1,breakout_24,3364.717,3351.3972914877986,4613.0181427079515,3351.3472914877984,13.319708512201487,7.507671801405807,-100.37538359007165,-1.0037538359007165,stop,210,0.5550421762779335,2025-06-04 01:35:00+00:00,2025-06-04 05:05:00+00:00,2025-04-03 00:00:00+00:00
1749002400000,1749002700000,1749009000000,1,breakout_24,3371.6620000000003,3357.86644923867,4666.371525371671,3357.81644923867,13.795550761330105,7.248713859276065,-100.36243569296512,-1.0036243569296512,stop,105,0.03247423808954701,2025-06-04 02:05:00+00:00,2025-06-04 03:50:00+00:00,2025-04-03 00:00:00+00:00
1749006000000,1749006300000,1749012600000,1,dip_unconfirmed,3366.155,3352.8785276598733,4623.3757616725115,3352.828527659873,13.27647234012693,7.532121292322442,-100.37660606461749,-1.003766060646175,stop,105,0.06903189164415546,2025-06-04 03:05:00+00:00,2025-06-04 04:50:00+00:00,2025-04-03 00:00:00+00:00
1749011400000,1749011700000,1749015600000,1,pullback_ema20,3360.7705,3347.7385225104745,4583.736271463019,3347.6885225104743,13.031977489525616,7.673432530126336,-100.38367162650772,-1.0038367162650772,stop,65,0.0,2025-06-04 04:35:00+00:00,2025-06-04 05:40:00+00:00,2025-04-03 00:00:00+00:00
1749087000000,1749087300000,1749097200000,1,dip_unconfirmed,3378.5585,3365.171310198665,4634.1902903321225,3365.121310198665,13.387189801334898,7.469827610125356,-100.37349138050763,-1.0037349138050764,stop,165,0.0,2025-06-05 01:35:00+00:00,2025-06-05 04:20:00+00:00,2025-04-03 00:00:00+00:00
1749088800000,1749089100000,1749102900000,1,dip_unconfirmed,3374.557,3361.1221094701896,4643.2611624512565,3361.0721094701894,13.434890529810218,7.443305903990318,-100.37216529520087,-1.0037216529520088,stop,230,0.16814428037114235,2025-06-05 02:05:00+00:00,2025-06-05 05:55:00+00:00,2025-04-03 00:00:00+00:00
1749090600000,1749090900000,1749128700000,1,dip_unconfirmed,3372.6455,3358.9902802223182,4647.812257990456,3372.5955,13.65521977768185,7.3232069221939895,-0.36616034611103154,-0.0036616034611103155,breakeven,630,2.218016296559498,2025-06-05 02:35:00+00:00,2025-06-05 13:05:00+00:00,2025-04-03 00:00:00+00:00
1749092400000,1749092700000,1749128700000,1,dip_unconfirmed,3371.635,3358.258724492153,4628.736275276857,3371.585,13.376275507847367,7.475922572119099,-0.3737961286073148,-0.003737961286073148,breakeven,600,2.3398142466218186,2025-06-05 03:05:00+00:00,2025-06-05 13:05:00+00:00,2025-04-03 00:00:00+00:00
1749097800000,1749098100000,1749132600000,1,dip_unconfirmed,3368.2585000000004,3354.519218370722,4654.597381298559,3368.2085,13.739281629278594,7.278400916311276,-0.36392004581688775,-0.0036392004581688774,breakeven,575,2.5237491257263263,2025-06-05 04:35:00+00:00,2025-06-05 14:10:00+00:00,2025-04-03 00:00:00+00:00
1749099600000,1749099900000,1749132600000,1,pullback_ema50,3369.1879999999996,3356.0199884870985,4606.0211397772255,3369.1379999999995,13.168011512901103,7.5941610395789025,-0.3797080519803265,-0.0037970805198032647,breakeven,545,2.562649642805927,2025-06-05 05:05:00+00:00,2025-06-05 14:10:00+00:00,2025-04-03 00:00:00+00:00
1749103200000,1749103500000,1749135000000,1,dip_unconfirmed,3364.8145,3351.9948166036716,4582.363156236483,3364.7644999999998,12.8196833963284,7.800504654322456,-0.3900252327175417,-0.003900252327175417,breakeven,525,2.9734353666579083,2025-06-05 06:05:00+00:00,2025-06-05 14:50:00+00:00,2025-04-03 00:00:00+00:00
1749130200000,1749130500000,1749136800000,1,dip_unconfirmed,3379.624,3361.985302557598,5052.605046797742,3361.935302557598,17.638697442401735,5.669352871806146,-100.28346764359135,-1.0028346764359135,stop,105,0.46604915282684445,2025-06-05 13:35:00+00:00,2025-06-05 15:20:00+00:00,2025-04-03 00:00:00+00:00
1749132000000,1749132300000,1749136800000,1,dip_unconfirmed,3379.1375000000003,3360.726602374913,5110.916364883613,3360.676602374913,18.410897625087273,5.431565697466962,-100.27157828487434,-1.0027157828487434,stop,75,0.1890184862718266,2025-06-05 14:05:00+00:00,2025-06-05 15:20:00+00:00,2025-04-03 00:00:00+00:00
1749454200000,1749454500000,1749475500000,1,breakout_24,3326.212,3310.9150072513185,4786.414282119473,3310.8650072513183,15.296992748681532,6.537232621007755,-100.32686163105157,-1.0032686163105158,stop,350,0.03840624164842651,2025-06-09 07:35:00+00:00,2025-06-09 13:25:00+00:00,2025-04-03 00:00:00+00:00
1749483000000,1749483300000,1749516300000,1,breakout_24,3331.2915,3316.1745242573347,4773.722098523875,3316.1245242573345,15.11697574266509,6.615079742290452,-100.33075398711573,-1.0033075398711573,stop,550,0.43219623496257703,2025-06-09 15:35:00+00:00,2025-06-10 00:45:00+00:00,2025-04-03 00:00:00+00:00
1749486600000,1749486900000,1749515400000,1,breakout_24,3333.6855000000005,3318.9030540790286,4742.747646176202,3318.8530540790284,14.782445920971895,6.76478037089449,-100.33823901854596,-1.0033823901854597,stop,475,0.28002808345316194,2025-06-09 16:35:00+00:00,2025-06-10 00:30:00+00:00,2025-04-03 00:00:00+00:00
1749488400000,1749488700000,1749506700000,1,breakout_24,3338.215,3323.665014501955,4732.663564306472,3323.6150145019546,14.549985498045316,6.872859083841305,-100.34364295419331,-1.0034364295419331,stop,300,0.0,2025-06-09 17:05:00+00:00,2025-06-09 22:05:00+00:00,2025-04-03 00:00:00+00:00
1749555000000,1749555300000,1749558000000,1,breakout_24,3341.145,3328.6391978153592,4527.219416279427,3328.589197815359,12.505802184640743,7.99628832469596,-100.39981441623625,-1.0039981441623624,stop,45,0.06928783833346111,2025-06-10 11:35:00+00:00,2025-06-10 12:20:00+00:00,2025-04-03 00:00:00+00:00
1749562200000,1749562500000,1749565200000,1,breakout_24,3346.5170000000003,3332.4417923210244,4682.262560218574,3332.3917923210242,14.075207678975858,7.1046909062215855,-100.35523454531237,-1.0035523454531237,stop,45,0.14713814866784283,2025-06-10 13:35:00+00:00,2025-06-10 14:20:00+00:00,2025-04-03 00:00:00+00:00
1749628800000,1749629100000,1749635700000,1,breakout_24,3346.262,3332.4619960736136,4658.262388712294,3332.4119960736134,13.80000392638658,7.246374749850103,-100.36231873749382,-1.0036231873749382,stop,110,0.000688405601211243,2025-06-11 08:05:00+00:00,2025-06-11 09:55:00+00:00,2025-04-03 00:00:00+00:00
1749681000000,1749681300000,1749714300000,1,breakout_24,3364.5385,3347.405567399023,4997.34882749672,3347.3555673990227,17.132932600977256,5.836712390632766,-100.2918356195327,-1.002918356195327,stop,550,0.7413500242962013,2025-06-11 22:35:00+00:00,2025-06-12 07:45:00+00:00,2025-04-03 00:00:00+00:00
1749682800000,1749683100000,1749714000000,1,breakout_24,3369.909,3352.765026870521,4983.762339818381,3352.715026870521,17.143973129479036,5.832953612605129,-100.29164768063133,-1.0029164768063132,stop,515,0.4276138293400631,2025-06-11 23:05:00+00:00,2025-06-12 07:40:00+00:00,2025-04-03 00:00:00+00:00
1749691800000,1749692100000,1749714000000,1,breakout_24,3376.1620000000003,3358.0433041642555,5111.062887738708,3357.9933041642553,18.118695835744802,5.519161031596915,-100.27595805158086,-1.0027595805158085,stop,365,0.05949655592058824,2025-06-12 01:35:00+00:00,2025-06-12 07:40:00+00:00,2025-04-03 00:00:00+00:00
1749702600000,1749702900000,1749714000000,1,dip_unconfirmed,3372.5285,3357.098929255171,4837.2060037380415,3357.0489292551706,15.429570744829107,6.481061699886426,-100.3240530849955,-1.003240530849955,stop,185,0.17787273835336928,2025-06-12 04:35:00+00:00,2025-06-12 07:40:00+00:00,2025-04-03 00:00:00+00:00
1749704400000,1749704700000,1749714000000,1,dip_unconfirmed,3371.1265000000003,3356.279005736945,4778.37843204247,3356.2290057369446,14.847494263055523,6.73514319846052,-100.33675715992425,-1.0033675715992425,stop,155,0.2792727127241236,2025-06-12 05:05:00+00:00,2025-06-12 07:40:00+00:00,2025-04-03 00:00:00+00:00
1749715200000,1749715500000,1750025100000,1,dip_unconfirmed,3346.885,3328.8092858194896,5075.380703870524,3440.0565,18.07571418051066,5.5322848658350985,515.4512793771545,5.154512793771545,timeout,5160,5.5002805978862135,2025-06-12 08:05:00+00:00,2025-06-15 22:05:00+00:00,2025-04-03 00:00:00+00:00
1749717000000,1749717300000,1750025100000,1,pullback_ema50,3359.6455,3340.780336832383,5163.596653594053,3440.0565,18.865163167617084,5.30077577975337,426.2406812257486,4.262406812257486,timeout,5130,4.593705298492047,2025-06-12 08:35:00+00:00,2025-06-15 22:05:00+00:00,2025-04-03 00:00:00+00:00
1749724200000,1749724500000,1749797400000,1,pullback_ema20,3380.2135,3360.5610793880073,5264.45314058725,3409.6421309179887,19.65242061199251,5.088431698789152,149.74557841506078,1.4974557841506078,ladder_lock_1.50R,1215,3.237514668354621,2025-06-12 10:35:00+00:00,2025-06-13 06:50:00+00:00,2025-04-03 00:00:00+00:00
1749726000000,1749726300000,1749797400000,1,breakout_24,3383.2035,3363.987502288864,5227.387273402453,3411.977496566704,19.21599771113597,5.203997289302779,149.7398001355339,1.497398001355339,ladder_lock_1.50R,1185,3.1554437563687516,2025-06-12 11:05:00+00:00,2025-06-13 06:50:00+00:00,2025-04-03 00:00:00+00:00
1749729600000,1749729900000,1749797400000,1,dip_unconfirmed,3379.805,3360.815185647031,5218.296620943954,3408.239721529453,18.989814352969006,5.26598091699434,149.73670095414934,1.4973670095414935,ladder_lock_1.50R,1125,3.371991890483595,2025-06-12 12:05:00+00:00,2025-06-13 06:50:00+00:00,2025-04-03 00:00:00+00:00
1749798000000,1749798300000,1750025100000,1,dip_unconfirmed,3417.0620000000004,3395.9569699359486,5442.2599763411,3440.0565,21.10503006405179,4.738206943866432,108.95269957073567,1.0895269957073568,timeout,3780,1.3856649296989871,2025-06-13 07:05:00+00:00,2025-06-15 22:05:00+00:00,2025-04-03 00:00:00+00:00
1749799800000,1749800100000,1750025100000,1,dip_unconfirmed,3416.8049999999994,3395.8206149405232,5440.409120888164,3440.0565,20.984385059476153,4.76544819953358,110.80381881145865,1.1080381881145867,timeout,3750,1.4058787005854139,2025-06-13 07:35:00+00:00,2025-06-15 22:05:00+00:00,2025-04-03 00:00:00+00:00
1749801600000,1749801900000,1750025100000,1,dip_unconfirmed,3415.527,3395.3254638733433,5362.779076539008,3440.0565,20.20153612665672,4.95011861340812,121.42393452759495,1.2142393452759495,timeout,3720,1.5236217586139347,2025-06-13 08:05:00+00:00,2025-06-15 22:05:00+00:00,2025-04-03 00:00:00+00:00
1750026600000,1750026900000,1750046100000,1,dip_unconfirmed,3447.892,3430.1767108307827,5137.005627752515,3430.1267108307825,17.715289169217158,5.644841528963821,-100.28224207644921,-1.002822420764492,stop,320,0.16209162450423287,2025-06-15 22:35:00+00:00,2025-06-16 03:55:00+00:00,2025-04-03 00:00:00+00:00
1750032000000,1750032300000,1750049700000,1,dip_unconfirmed,3444.9215000000004,3427.001185020127,5155.232683007394,3426.951185020127,17.920314979873183,5.580259058633336,-100.27901295293269,-1.002790129529327,stop,290,0.32599873420536496,2025-06-16 00:05:00+00:00,2025-06-16 04:55:00+00:00,2025-04-03 00:00:00+00:00
1750037400000,1750037700000,1750054200000,1,dip_unconfirmed,3436.7805000000008,3417.061203713273,5323.940832386024,3417.0112037132726,19.719296286727968,5.071174880987249,-100.25355874405028,-1.0025355874405029,stop,275,0.4572931948929754,2025-06-16 01:35:00+00:00,2025-06-16 06:10:00+00:00,2025-04-03 00:00:00+00:00
1750039200000,1750039500000,1750050300000,1,pullback_ema20,3442.3105,3422.9434034480387,5291.453058644166,3422.8934034480385,19.367096551961367,5.163396574788733,-100.25816982874038,-1.0025816982874038,stop,180,0.18007345554574297,2025-06-16 02:05:00+00:00,2025-06-16 05:05:00+00:00,2025-04-03 00:00:00+00:00
1750044600000,1750044900000,1750052700000,1,dip_unconfirmed,3437.972,3419.9878884385353,5146.04904458499,3419.937888438535,17.984111561464942,5.560463727008499,-100.27802318635143,-1.0027802318635144,stop,130,0.0,2025-06-16 03:35:00+00:00,2025-06-16 05:45:00+00:00,2025-04-03 00:00:00+00:00
1750428000000,1750428300000,1750629900000,1,breakout_24,3370.9334999999996,3355.484719691986,4839.6627504934095,3382.7715000000003,15.448780308013738,6.473002917138193,76.62740853308613,0.7662740853308613,timeout,3360,0.19904483970204653,2025-06-20 14:05:00+00:00,2025-06-22 22:05:00+00:00,2025-04-03 00:00:00+00:00
1750692600000,1750692900000,1750710900000,1,breakout_24,3388.83,3370.751517549104,5125.599762638728,3370.7015175491038,18.07848245089599,5.531437733870405,-100.27657188669453,-1.0027657188669452,stop,300,0.2325692995205715,2025-06-23 15:35:00+00:00,2025-06-23 20:35:00+00:00,2025-04-03 00:00:00+00:00
1750696200000,1750696500000,1750709100000,1,breakout_24,3391.9069999999997,3374.798976866319,5030.551290234406,3374.748976866319,17.10802313368049,5.845210707199152,-100.29226053536101,-1.00292260535361,stop,210,0.005231463582972374,2025-06-23 16:35:00+00:00,2025-06-23 20:05:00+00:00,2025-04-03 00:00:00+00:00
1750816800000,1750817100000,1750842600000,1,breakout_24,3335.3904999999995,3323.848623020745,4420.3363209462605,3323.798623020745,11.541876979254539,8.66410205027664,-100.4332051025154,-1.004332051025154,stop,425,0.10344937848033901,2025-06-25 02:05:00+00:00,2025-06-25 09:10:00+00:00,2025-04-03 00:00:00+00:00
1750894200000,1750894500000,1750942500000,1,breakout_24,3337.6834999999996,3327.5345401115133,4278.230528960221,3327.484540111513,10.148959888486388,9.853226448697095,-100.49266132243665,-1.0049266132243664,stop,800,1.1857865369684724,2025-06-25 23:35:00+00:00,2025-06-26 12:55:00+00:00,2025-04-03 00:00:00+00:00
1750896000000,1750896300000,1750901400000,1,breakout_24,3339.7305,3329.7288943892618,4264.689455463056,3329.6788943892616,10.001605610738352,9.998394647018847,-100.49991973235277,-1.0049991973235277,stop,85,0.0,2025-06-26 00:05:00+00:00,2025-06-26 01:30:00+00:00,2025-04-03 00:00:00+00:00
1750923000000,1750923300000,1750938000000,1,breakout_24,3346.1655,3335.418770256749,4344.8917445818515,3335.368770256749,10.746729743250853,9.30515630234415,-100.4652578151189,-1.004652578151189,stop,245,0.3305656776407556,2025-06-26 07:35:00+00:00,2025-06-26 11:40:00+00:00,2025-04-03 00:00:00+00:00
1750924800000,1750925100000,1750937700000,1,breakout_24,3346.772,3336.4407509526955,4306.715655683148,3336.3907509526953,10.331249047304482,9.67937173347795,-100.48396858667566,-1.0048396858667565,stop,210,0.2851542912682519,2025-06-26 08:05:00+00:00,2025-06-26 11:35:00+00:00,2025-04-03 00:00:00+00:00
1750928400000,1750928700000,1750929900000,1,breakout_24,3348.8520000000008,3338.718701076559,4289.998593420669,3338.6687010765586,10.133298923441998,9.86845456307064,-100.49342272815532,-1.0049342272815531,stop,20,0.0,2025-06-26 09:05:00+00:00,2025-06-26 09:25:00+00:00,2025-04-03 00:00:00+00:00
1751259600000,1751259900000,1751433000000,1,breakout_24,3286.2214999999997,3269.8732857796163,4845.194707817965,3339.033,16.348214220383397,6.116876048474902,323.0413994340338,3.230413994340338,timeout,2885,4.3674494986110854,2025-06-30 05:05:00+00:00,2025-07-02 05:10:00+00:00,2025-04-03 00:00:00+00:00
1751261400000,1751261700000,1751434800000,1,breakout_24,3288.807,3272.896086795358,4795.287407259544,3337.7180000000003,15.910913204641929,6.284994375484715,307.4053598993361,3.074053598993361,timeout,2885,4.324987454517926,2025-06-30 05:35:00+00:00,2025-07-02 05:40:00+00:00,2025-04-03 00:00:00+00:00
1751263200000,1751263500000,1751283000000,1,breakout_24,3289.715,3274.3099377385465,4759.316163883861,3274.2599377385463,15.405062261453622,6.491372660675244,-100.32456863303494,-1.0032456863303494,stop,325,0.4289499054174315,2025-06-30 06:05:00+00:00,2025-06-30 11:30:00+00:00,2025-04-03 00:00:00+00:00
1751266800000,1751267100000,1751276100000,1,breakout_24,3292.6335,3277.934053458237,4696.178707634558,3277.884053458237,14.699446541762882,6.8029772220258815,-100.34014886110253,-1.0034014886110254,stop,150,0.2509958446066726,2025-06-30 07:05:00+00:00,2025-06-30 09:35:00+00:00,2025-04-03 00:00:00+00:00
1751302800000,1751303100000,1751476200000,1,breakout_24,3297.8595000000005,3284.016393419442,4619.87705147523,3348.7329999999997,13.84310658055847,7.223812040892755,367.5006018623521,3.6750060186235207,timeout,2885,4.317094551878275,2025-06-30 17:05:00+00:00,2025-07-02 17:10:00+00:00,2025-04-03 00:00:00+00:00
1751308200000,1751308500000,1751481600000,1,breakout_24,3299.5215000000003,3286.3684374426075,4561.174693181882,3351.51,13.153062557392786,7.602792092233621,395.25775668708707,3.9525775668708705,timeout,2885,4.417222205587692,2025-06-30 18:35:00+00:00,2025-07-02 18:40:00+00:00,2025-04-03 00:00:00+00:00
1751311800000,1751312100000,1751485200000,1,breakout_24,3306.69,3293.6392878969423,4547.210498202741,3355.663,13.050712103057776,7.662417131749465,375.2515541931662,3.752515541931662,timeout,2885,3.902583981456955,2025-06-30 19:35:00+00:00,2025-07-02 19:40:00+00:00,2025-04-03 00:00:00+00:00
1751434200000,1751434500000,1751437500000,1,pullback_ema20,3343.6065,3332.9118682193343,4335.375046285882,3332.861868219334,10.694631780665532,9.350485556761914,-100.4675242778398,-1.004675242778398,stop,50,0.0,2025-07-02 05:35:00+00:00,2025-07-02 06:25:00+00:00,2025-04-03 00:00:00+00:00
1751437800000,1751438100000,1751546100000,1,dip_unconfirmed,3336.3399999999997,3325.3048736176916,4377.8175118485415,3336.2899999999995,11.035126382308135,9.061971429735792,-0.45309857148843796,-0.0045309857148843795,breakeven,1800,2.6187285037650616,2025-07-02 06:35:00+00:00,2025-07-03 12:35:00+00:00,2025-04-03 00:00:00+00:00
1751439600000,1751439900000,1751546100000,1,dip_unconfirmed,3334.0465,3322.9145255021417,4384.461975287924,3333.9964999999997,11.13197449785821,8.983132329241322,-0.4491566164637001,-0.004491566164637001,breakeven,1770,2.801973720475298,2025-07-02 07:05:00+00:00,2025-07-03 12:35:00+00:00,2025-04-03 00:00:00+00:00
1751481000000,1751481300000,1751505000000,1,breakout_24,3352.62,3341.3579477899566,4431.06316879432,3341.3079477899564,11.262052210043294,8.87937634588675,-100.44396881729597,-1.0044396881729596,stop,395,1.1203997073239844,2025-07-02 18:35:00+00:00,2025-07-03 01:10:00+00:00,2025-04-03 00:00:00+00:00
1751482800000,1751483100000,1751501400000,1,breakout_24,3355.645,3344.437737233531,4409.664013880435,3344.387737233531,11.20726276646883,8.922785347657898,-100.44613926738451,-1.004461392673845,stop,305,0.8559627984008086,2025-07-02 19:05:00+00:00,2025-07-03 00:10:00+00:00,2025-04-03 00:00:00+00:00
1751486400000,1751486700000,1751501100000,1,breakout_24,3358.9249999999997,3348.1813142472793,4360.049889519362,3348.131314247279,10.743685752720467,9.307792716729308,-100.46538963583815,-1.0046538963583815,stop,240,0.5876009542071308,2025-07-02 20:05:00+00:00,2025-07-03 00:05:00+00:00,2025-04-03 00:00:00+00:00
1751502600000,1751502900000,1751546100000,1,dip_unconfirmed,3347.1419999999994,3335.834037917796,4406.430246138193,3335.784037917796,11.307962082203176,8.843326434334541,-100.44216632171833,-1.0044216632171834,stop,720,1.4212552078941574,2025-07-03 00:35:00+00:00,2025-07-03 12:35:00+00:00,2025-07-03 00:00:00+00:00
1751504400000,1751504700000,1751535600000,1,dip_unconfirmed,3345.4255000000003,3334.391320923668,4372.109228556894,3345.3755,11.034179076332293,9.062749417806215,-0.4531374708919592,-0.004531374708919592,breakeven,515,1.6120818664393703,2025-07-03 01:05:00+00:00,2025-07-03 09:40:00+00:00,2025-07-03 00:00:00+00:00
1751506200000,1751506500000,1751536200000,1,dip_unconfirmed,3344.2285,3333.1695480005487,4373.364747945689,3344.1785,11.058951999451438,9.042448145625404,-0.452122407282915,-0.00452122407282915,breakeven,495,1.7167087804469943,2025-07-03 01:35:00+00:00,2025-07-03 09:50:00+00:00,2025-07-03 00:00:00+00:00
1751508000000,1751508300000,1751535600000,1,pullback_ema50,3346.752,3335.6429731433664,4382.345658806711,3346.7019999999998,11.10902685663359,9.001688562872317,-0.4500844281452533,-0.004500844281452533,breakeven,455,1.4818129627772572,2025-07-03 02:05:00+00:00,2025-07-03 09:40:00+00:00,2025-07-03 00:00:00+00:00
1751518800000,1751519100000,1751546100000,1,pullback_ema20,3351.4050000000007,3341.408678402515,4281.690838151006,3341.3586784025147,9.996321597485803,10.003679756076597,-100.50018398780564,-1.0050018398780565,stop,450,1.181284523996269,2025-07-03 05:05:00+00:00,2025-07-03 12:35:00+00:00,2025-07-03 00:00:00+00:00
1751536800000,1751537100000,1751546100000,1,dip_unconfirmed,3346.3585,3334.684407468786,4437.743660590189,3334.634407468786,11.674092531213773,8.565976304592718,-100.4282988152312,-1.004282988152312,stop,150,0.7479382210355019,2025-07-03 10:05:00+00:00,2025-07-03 12:35:00+00:00,2025-07-03 00:00:00+00:00
1751538600000,1751538900000,1751546100000,1,pullback_ema50,3350.0650000000005,3338.612306935301,4432.88161340517,3338.562306935301,11.45269306469936,8.731570769868096,-100.436578538495,-1.00436578538495,stop,120,0.43876143118580035,2025-07-03 10:35:00+00:00,2025-07-03 12:35:00+00:00,2025-07-03 00:00:00+00:00
1751601600000,1751601900000,1751839500000,1,breakout_24,3339.1005,3328.4747857233297,4330.146213390393,3340.5429999999997,10.625714276670351,9.411132032747991,13.575557957235725,0.13575557957235726,timeout,3960,0.5218002155557097,2025-07-04 04:05:00+00:00,2025-07-06 22:05:00+00:00,2025-07-03 00:00:00+00:00
1751603400000,1751603700000,1751633400000,1,breakout_24,3341.355,3330.891479600234,4322.393519576793,3330.841479600234,10.463520399765912,9.557012953521568,-100.47785064767781,-1.004778506476778,stop,495,0.3144257261708561,2025-07-04 04:35:00+00:00,2025-07-04 12:50:00+00:00,2025-07-03 00:00:00+00:00
1751610600000,1751610900000,1751621700000,1,breakout_24,3344.675,3335.1561424761117,4238.541894864972,3335.1061424761115,9.518857523888528,10.505462420152835,-100.52527312100955,-1.0052527312100954,stop,180,0.0,2025-07-04 06:35:00+00:00,2025-07-04 09:35:00+00:00,2025-07-03 00:00:00+00:00
1751619600000,1751619900000,1751621700000,1,dip_unconfirmed,3343.415,3334.033814958765,4218.152319082268,3333.983814958765,9.381185041234858,10.659634103842052,-100.53298170519403,-1.0053298170519402,stop,30,0.0,2025-07-04 09:05:00+00:00,2025-07-04 09:35:00+00:00,2025-07-03 00:00:00+00:00
1751621400000,1751621700000,1751839500000,1,dip_unconfirmed,3338.8419999999996,3329.390328175996,4219.357510576391,3340.5429999999997,9.451671824003824,10.580138822217272,17.99681613659181,0.17996816136591812,timeout,3630,0.0,2025-07-04 09:35:00+00:00,2025-07-06 22:05:00+00:00,2025-07-03 00:00:00+00:00
1751623200000,1751623500000,1751839500000,1,dip_unconfirmed,3335.1805000000004,3325.456733306282,4231.783402678081,3340.5429999999997,9.723766693718517,10.28408055744481,55.14838198929031,0.5514838198929031,timeout,3600,0.2436298684057886,2025-07-04 10:05:00+00:00,2025-07-06 22:05:00+00:00,2025-07-03 00:00:00+00:00
1751905800000,1751906100000,1751983500000,1,breakout_24,3325.379,3311.746040515948,4615.791988921166,3311.696040515948,13.632959484051753,7.335164467919311,-100.3667582233973,-1.003667582233973,stop,1290,1.4549665480341452,2025-07-07 16:35:00+00:00,2025-07-08 14:05:00+00:00,2025-07-03 00:00:00+00:00
1751907600000,1751907900000,1751982600000,1,breakout_24,3328.097,3314.751001907666,4590.150811141081,3314.7010019076656,13.345998092334412,7.492882833351921,-100.37464414166895,-1.0037464414166894,stop,1245,1.2825942189990027,2025-07-07 17:05:00+00:00,2025-07-08 13:50:00+00:00,2025-07-03 00:00:00+00:00
1751909400000,1751909700000,1751975100000,1,breakout_24,3333.0454999999997,3319.7022160571178,4597.98061034529,3319.6522160571176,13.343283942881953,7.494406956193534,-100.37472034781104,-1.0037472034781103,stop,1090,0.9119943824992155,2025-07-07 17:35:00+00:00,2025-07-08 11:45:00+00:00,2025-07-03 00:00:00+00:00
1751916600000,1751916900000,1751962200000,1,breakout_24,3338.9000000000005,3326.552823271745,4530.270496097251,3326.502823271745,12.347176728255363,8.09901746778754,-100.40495087339085,-1.0040495087339085,stop,755,0.5114124580034036,2025-07-07 19:35:00+00:00,2025-07-08 08:10:00+00:00,2025-07-03 00:00:00+00:00
1751961600000,1751961900000,1751963100000,1,pullback_ema20,3334.5705000000003,3324.3100576128963,4296.654296323281,3324.260057612896,10.260442387103922,9.746168462062352,-100.48730842310488,-1.0048730842310487,stop,20,0.0,2025-07-08 08:05:00+00:00,2025-07-08 08:25:00+00:00,2025-07-03 00:00:00+00:00
1752071400000,1752071700000,1752244800000,1,breakout_24,3307.8579999999997,3293.669460718726,4652.073388846109,3356.486,14.188539281273734,7.047941864740202,342.72731699858764,3.4272731699858765,timeout,2885,3.577746728798063,2025-07-09 14:35:00+00:00,2025-07-11 14:40:00+00:00,2025-07-03 00:00:00+00:00
1752073200000,1752073500000,1752246600000,1,breakout_24,3313.0434999999998,3298.9431778102457,4648.12539678567,3363.0305000000003,14.100322189754024,7.092036526134476,354.5096298318878,3.545096298318878,timeout,2885,3.56261362853842,2025-07-09 15:05:00+00:00,2025-07-11 15:10:00+00:00,2025-07-03 00:00:00+00:00
1752100200000,1752100500000,1752444300000,1,breakout_24,3320.9005,3309.5646602670354,4386.948633563504,3360.0295,11.335839732964814,8.82157849402178,345.17954489257744,3.4517954489257745,timeout,5730,4.158403886296898,2025-07-09 22:35:00+00:00,2025-07-13 22:05:00+00:00,2025-07-03 00:00:00+00:00
1752111000000,1752111300000,1752156000000,1,breakout_24,3324.7985,3314.1597478960684,4314.834958289258,3314.1097478960683,10.638752103931438,9.399598658102585,-100.46997993290684,-1.0046997993290683,stop,745,0.4748207262140552,2025-07-10 01:35:00+00:00,2025-07-10 14:00:00+00:00,2025-07-03 00:00:00+00:00
1752181200000,1752185100000,1752444300000,1,dip_unconfirmed,3324.4784999999997,3314.6638041005826,4239.783394042314,3360.0295,9.814695899417075,10.18880269188364,362.2221244991592,3.6222212449915916,timeout,4320,4.438344340611447,2025-07-10 22:05:00+00:00,2025-07-13 22:05:00+00:00,2025-07-03 00:00:00+00:00
1752195600000,1752195900000,1752444300000,1,breakout_24,3331.2464999999997,3321.3159806903013,4237.867911660162,3360.0295,9.930519309698411,10.069966824628931,289.8438551132981,2.898438551132981,timeout,4140,3.705042893785735,2025-07-11 01:05:00+00:00,2025-07-13 22:05:00+00:00,2025-07-03 00:00:00+00:00
1752246000000,1752246300000,1752444300000,1,breakout_24,3361.9359999999997,3348.3315161979745,4642.979896400552,3360.0295,13.604483802025243,7.350517774523236,-14.01376213712558,-0.1401376213712558,timeout,3300,0.448638852368038,2025-07-11 15:05:00+00:00,2025-07-13 22:05:00+00:00,2025-07-03 00:00:00+00:00
1752247800000,1752248100000,1752251100000,1,breakout_24,3366.631,3352.88347932669,4662.735546657661,3352.83347932669,13.747520673309737,7.274038888637281,-100.36370194443319,-1.0036370194443318,stop,50,0.0,2025-07-11 15:35:00+00:00,2025-07-11 16:25:00+00:00,2025-07-03 00:00:00+00:00
1752251400000,1752251700000,1752444300000,1,dip_unconfirmed,3355.9244999999996,3341.825403092911,4686.835093801766,3360.0295,14.099096907088551,7.092652859895116,29.115339989872805,0.29115339989872807,timeout,3210,0.22912815063892025,2025-07-11 16:35:00+00:00,2025-07-13 22:05:00+00:00,2025-07-03 00:00:00+00:00
1752445800000,1752446100000,1752457200000,1,breakout_24,3371.9004999999997,3358.630778103478,4575.052967755709,3358.5807781034778,13.269721896521787,7.535952959663129,-100.37679764798452,-1.0037679764798453,stop,185,0.09728915270929789,2025-07-13 22:35:00+00:00,2025-07-14 01:40:00+00:00,2025-07-03 00:00:00+00:00
1752449400000,1752449700000,1752458700000,1,dip_unconfirmed,3369.285,3356.032803568815,4600.752446687323,3355.9828035688147,13.252196431184984,7.545918936477627,-100.37729594682526,-1.0037729594682525,stop,150,0.26108879520212863,2025-07-13 23:35:00+00:00,2025-07-14 02:05:00+00:00,2025-07-03 00:00:00+00:00
1752451200000,1752451500000,1752458700000,1,dip_unconfirmed,3368.5215000000003,3355.7460318853277,4561.792843352517,3355.6960318853276,12.775468114672549,7.8275018263440845,-100.39137509131862,-1.0039137509131861,stop,120,0.33059453963561136,2025-07-14 00:05:00+00:00,2025-07-14 02:05:00+00:00,2025-07-03 00:00:00+00:00
1752456600000,1752456900000,1752498300000,1,dip_unconfirmed,3361.82,3348.437304865913,4619.706818274596,3348.387304865913,13.382695134087044,7.472336401454005,-100.37361682007406,-1.0037361682007406,stop,690,0.942747322089417,2025-07-14 01:35:00+00:00,2025-07-14 13:05:00+00:00,2025-07-03 00:00:00+00:00
1752458400000,1752458700000,1752503100000,1,dip_unconfirmed,3359.3549999999996,3346.183425946919,4594.340831254975,3346.133425946919,13.171574053080349,7.592107032690877,-100.37960535163592,-1.0037960535163593,stop,740,1.1450036221352924,2025-07-14 02:05:00+00:00,2025-07-14 14:25:00+00:00,2025-07-03 00:00:00+00:00
1752463800000,1752464100000,1752503100000,1,dip_unconfirmed,3357.75,3345.238805322661,4537.358273056548,3345.1888053226608,12.511194677339063,7.992841817186754,-100.3996420908608,-1.0039964209086079,stop,650,1.3337255498248515,2025-07-14 03:35:00+00:00,2025-07-14 14:25:00+00:00,2025-07-03 00:00:00+00:00
1752552000000,1752552300000,1752582000000,1,breakout_24,3358.5399999999995,3349.320962738811,4214.724688857689,3349.270962738811,9.219037261188532,10.84711962506027,-100.542355981255,-1.00542355981255,stop,495,0.7970463500495225,2025-07-15 04:05:00+00:00,2025-07-15 12:20:00+00:00,2025-07-03 00:00:00+00:00
1752553800000,1752554100000,1752582000000,1,breakout_24,3361.02,3351.827679686039,4204.059711082136,3351.777679686039,9.192320313960863,10.878646150757465,-100.54393230753985,-1.0054393230753984,stop,465,0.5295724946189162,2025-07-15 04:35:00+00:00,2025-07-15 12:20:00+00:00,2025-07-03 00:00:00+00:00
1752557400000,1752557700000,1752580200000,1,breakout_24,3364.1415,3355.298785035411,4180.070281494287,3355.248785035411,8.84271496458905,11.308744022673283,-100.56543720113572,-1.0056543720113573,stop,375,0.1975072143560111,2025-07-15 05:35:00+00:00,2025-07-15 11:50:00+00:00,2025-07-03 00:00:00+00:00
1752561000000,1752561300000,1752582000000,1,dip_unconfirmed,3360.56,3351.605291688697,4184.576122819053,3351.555291688697,8.954708311302966,11.167309589947925,-100.55836547949943,-1.0055836547949943,stop,345,0.5949942549524734,2025-07-15 06:35:00+00:00,2025-07-15 12:20:00+00:00,2025-07-03 00:00:00+00:00
1752642000000,1752642300000,1752673200000,1,breakout_24,3338.9114999999997,3329.048424399436,4255.705984455859,3328.998424399436,9.863075600563661,10.138825255915624,-100.50694126279762,-1.0050694126279762,stop,515,0.36869838043137865,2025-07-16 05:05:00+00:00,2025-07-16 13:40:00+00:00,2025-07-03 00:00:00+00:00
1752643800000,1752644100000,1752672900000,1,breakout_24,3340.0270000000005,3330.464965513762,4226.318414137581,3330.4149655137617,9.562034486238645,10.45802544886411,-100.52290127244511,-1.0052290127244512,stop,480,0.2636468215657885,2025-07-16 05:35:00+00:00,2025-07-16 13:35:00+00:00,2025-07-03 00:00:00+00:00
1752647400000,1752647700000,1752670200000,1,breakout_24,3340.5620000000004,3331.114977917478,4223.617186169656,3331.064977917478,9.44702208252238,10.585346273828094,-100.52926731369332,-1.0052926731369332,stop,375,0.21022497699816473,2025-07-16 06:35:00+00:00,2025-07-16 12:50:00+00:00,2025-07-03 00:00:00+00:00
1752679800000,1752680100000,1752681600000,1,breakout_24,3364.1825000000003,3346.006288754527,5085.377413301801,3345.9562887545267,18.176211245473496,5.501696621450933,-100.27508483107354,-1.0027508483107355,stop,25,0.6950568426709739,2025-07-16 15:35:00+00:00,2025-07-16 16:00:00+00:00,2025-07-03 00:00:00+00:00
1752710400000,1752710700000,1752732900000,1,dip_unconfirmed,3347.1414999999997,3333.102826078331,4680.32021824523,3333.052826078331,14.03867392166876,7.123179907017395,-100.35615899535217,-1.0035615899535217,stop,370,0.0,2025-07-17 00:05:00+00:00,2025-07-17 06:15:00+00:00,2025-07-03 00:00:00+00:00
1752712200000,1752712500000,1752733500000,1,dip_unconfirmed,3344.8665,3331.166624215593,4645.154202656282,3331.1166242155928,13.69987578440714,7.299336254845283,-100.36496681274359,-1.0036496681274358,stop,350,0.0,2025-07-17 00:35:00+00:00,2025-07-17 06:25:00+00:00,2025-07-03 00:00:00+00:00
1752714000000,1752714300000,1752734700000,1,dip_unconfirmed,3341.4600000000005,3327.9086867716223,4621.0400096094145,3327.858686771622,13.551313228378149,7.379358613790099,-100.36896793069084,-1.0036896793069083,stop,340,0.2028954650861177,2025-07-17 01:05:00+00:00,2025-07-17 06:45:00+00:00,2025-07-03 00:00:00+00:00
1752715800000,1752716100000,1752734700000,1,dip_unconfirmed,3341.6525,3328.1769234307917,4593.634580351603,3328.1269234307915,13.475576569208442,7.420832755200917,-100.3710416377614,-1.003710416377614,stop,310,0.18975069355047178,2025-07-17 01:35:00+00:00,2025-07-17 06:45:00+00:00,2025-07-03 00:00:00+00:00
1752823800000,1752824100000,1753049100000,1,breakout_24,3345.815,3336.325933197147,4249.7326134824225,3347.871,9.489066802852903,10.538444093357509,21.66704105594346,0.21667041055943462,timeout,3750,1.57760508077555,2025-07-18 07:35:00+00:00,2025-07-20 22:05:00+00:00,2025-07-03 00:00:00+00:00
1752825600000,1752825900000,1753049100000,1,breakout_24,3350.5069999999996,3340.5935808259223,4273.23549823368,3347.871,9.913419174077262,10.087336996854868,-26.590220323704514,-0.26590220323704516,timeout,3720,1.0367764965367225,2025-07-18 08:05:00+00:00,2025-07-20 22:05:00+00:00,2025-07-03 00:00:00+00:00
1752831000000,1752831300000,1753049100000,1,breakout_24,3352.7785,3342.817364094224,4279.580954671795,3347.871,9.961135905775791,10.039015725306664,-49.26646967194044,-0.49266469671940444,timeout,3630,0.8037737940466283,2025-07-18 09:35:00+00:00,2025-07-20 22:05:00+00:00,2025-07-03 00:00:00+00:00
1752841800000,1752842100000,1752867300000,1,breakout_24,3358.5570000000002,3348.828106600098,4265.017446590251,3348.778106600098,9.728893399902063,10.278661291633297,-100.51393306458353,-1.0051393306458352,stop,420,0.22900857357750312,2025-07-18 12:35:00+00:00,2025-07-18 19:35:00+00:00,2025-07-03 00:00:00+00:00
1752847200000,1752847500000,1753049100000,1,dip_unconfirmed,3356.2234999999996,3346.3373852771197,4275.948857565152,3347.871,9.886114722879938,10.115197203666362,-84.48718464361832,-0.8448718464361832,timeout,3360,0.24797405944789336,2025-07-18 14:05:00+00:00,2025-07-20 22:05:00+00:00,2025-07-03 00:00:00+00:00
1752867000000,1752867300000,1753049100000,1,dip_unconfirmed,3351.2335,3342.7799999999997,4142.78,3347.871,8.453500000000076,11.829419766960324,-39.77642396640086,-0.39776423966400865,timeout,3030,0.031347962382483587,2025-07-18 19:35:00+00:00,2025-07-20 22:05:00+00:00,2025-07-03 00:00:00+00:00
1753052400000,1753052700000,1753225800000,1,dip_unconfirmed,3348.4289999999996,3339.8,4139.8,3428.4195,8.62899999999945,11.588828369452585,926.9961756867009,9.269961756867009,timeout,2885,9.800788040329842,2025-07-20 23:05:00+00:00,2025-07-22 23:10:00+00:00,2025-07-03 00:00:00+00:00
1753054200000,1753054500000,1753227600000,1,dip_unconfirmed,3347.085,3338.435,4138.4349999999995,3428.2214999999997,8.650000000000091,11.560693641618375,937.9942196531648,9.379942196531648,timeout,2885,9.932369942196475,2025-07-20 23:35:00+00:00,2025-07-22 23:40:00+00:00,2025-07-03 00:00:00+00:00
1753056000000,1753056300000,1753229400000,1,pullback_ema50,3349.7349999999997,3341.1765,4141.1765,3431.4650000000006,8.55849999999964,11.684290471461612,954.9570602325683,9.549570602325684,timeout,2885,9.728924461062602,2025-07-21 00:05:00+00:00,2025-07-23 00:10:00+00:00,2025-07-03 00:00:00+00:00
1753072200000,1753072500000,1753169700000,1,pullback_ema20,3355.3849999999998,3346.8115,4146.8115,3382.7701999999995,8.573499999999967,11.663847903423385,319.4168076048267,3.194168076048267,ladder_lock_3.20R,1620,5.459672245873999,2025-07-21 04:35:00+00:00,2025-07-22 07:35:00+00:00,2025-07-03 00:00:00+00:00
1753075800000,1753076100000,1753249200000,1,breakout_24,3367.6250000000005,3358.1852172467475,4245.013492571985,3420.323,9.439782753252985,10.593464130892167,558.2543727697492,5.582543727697493,timeout,2885,7.504780761568587,2025-07-21 05:35:00+00:00,2025-07-23 05:40:00+00:00,2025-07-03 00:00:00+00:00
1753171200000,1753171500000,1753249500000,1,pullback_ema50,3388.1800000000003,3379.0623871024923,4234.823676853236,3417.3063612720257,9.117612897508025,10.967783028749931,319.4516108485595,3.194516108485595,ladder_lock_3.20R,1300,5.515533568412922,2025-07-22 08:05:00+00:00,2025-07-23 05:45:00+00:00,2025-07-03 00:00:00+00:00
1753234200000,1753234500000,1753275900000,1,dip_unconfirmed,3425.6135,3414.2128898452183,4484.573905323392,3414.162889845218,11.400610154781589,8.771460355396723,-100.43857301777143,-1.0043857301777144,stop,690,0.682945903271194,2025-07-23 01:35:00+00:00,2025-07-23 13:05:00+00:00,2025-07-03 00:00:00+00:00
1753236000000,1753236300000,1753277100000,1,dip_unconfirmed,3421.77,3410.366647713417,4487.701876371722,3410.316647713417,11.403352286582958,8.769351107187905,-100.43846755536099,-1.0043846755536099,stop,680,1.019831687010418,2025-07-23 02:05:00+00:00,2025-07-23 13:25:00+00:00,2025-07-03 00:00:00+00:00
1753250400000,1753250700000,1753277100000,1,dip_unconfirmed,3420.95,3410.495841321509,4402.911709170607,3410.445841321509,10.454158678490785,9.565571278896687,-100.47827856394657,-1.0047827856394658,stop,440,1.1908657963662594,2025-07-23 06:05:00+00:00,2025-07-23 13:25:00+00:00,2025-07-03 00:00:00+00:00
1753255800000,1753256100000,1753275900000,1,pullback_ema20,3427.605,3416.9153255770243,4436.882767874572,3416.865325577024,10.689674422975713,9.354821862962103,-100.46774109314981,-1.0046774109314982,stop,330,0.5420651528493363,2025-07-23 07:35:00+00:00,2025-07-23 13:05:00+00:00,2025-07-03 00:00:00+00:00
1753675200000,1753675500000,1753705200000,1,breakout_24,3343.9549999999995,3331.531211120495,4513.260099071011,3331.4812111204947,12.423788879504627,8.049074317816908,-100.4024537158923,-1.0040245371589231,stop,495,0.07606375230341957,2025-07-28 04:05:00+00:00,2025-07-28 12:20:00+00:00,2025-07-03 00:00:00+00:00
1753770600000,1753770900000,1753773300000,1,breakout_24,3321.7050000000004,3311.529004040271,4275.128600013161,3311.479004040271,10.175995959729335,9.827047926880255,-100.4913523963458,-1.0049135239634581,stop,40,0.018818796779921702,2025-07-29 06:35:00+00:00,2025-07-29 07:15:00+00:00,2025-07-03 00:00:00+00:00
1753777800000,1753778100000,1753789200000,1,breakout_24,3328.1235,3316.213677280148,4451.8459492653055,3316.163677280148,11.909822719851945,8.396430606251974,-100.41982153031412,-1.0041982153031412,stop,185,0.007976609075922575,2025-07-29 08:35:00+00:00,2025-07-29 11:40:00+00:00,2025-07-03 00:00:00+00:00
1753950600000,1753950900000,1753959300000,1,breakout_24,3311.2985000000003,3297.7357020021554,4600.31550178662,3297.6857020021553,13.562797997844882,7.373109886019826,-100.36865549430233,-1.0036865549430234,stop,140,0.13452238987037726,2025-07-31 08:35:00+00:00,2025-07-31 10:55:00+00:00,2025-07-03 00:00:00+00:00
1754053200000,1754053500000,1754258700000,1,breakout_24,3342.1555,3325.6513774855703,4894.013628928551,3363.3329999999996,16.504122514429582,6.05909220030146,128.31642507188283,1.2831642507188283,timeout,3420,1.2707431117082424,2025-08-01 13:05:00+00:00,2025-08-03 22:05:00+00:00,2025-07-03 00:00:00+00:00
1754055000000,1754055300000,1754258700000,1,breakout_24,3352.5815000000002,3335.1882790937434,5006.8603697193685,3363.3329999999996,17.39322090625683,5.749366407692045,61.81431293229755,0.6181431293229754,timeout,3390,0.6063569281872371,2025-08-01 13:35:00+00:00,2025-08-03 22:05:00+00:00,2025-07-03 00:00:00+00:00
1754078400000,1754078700000,1754258700000,1,breakout_24,3357.817,3342.667416855771,4798.425731278633,3363.3329999999996,15.149583144228927,6.600841689699821,36.41024276038171,0.3641024276038171,timeout,3000,0.3505707021399673,2025-08-01 20:05:00+00:00,2025-08-03 22:05:00+00:00,2025-07-03 00:00:00+00:00
1754082000000,1754258700000,1754270100000,1,breakout_24,3366.6435,3349.55041045217,4703.0093652351625,3349.50041045217,17.093089547830004,5.8503174467189965,-100.292515872337,-1.00292515872337,stop,190,0.10080096960693916,2025-08-03 22:05:00+00:00,2025-08-04 01:15:00+00:00,2025-07-03 00:00:00+00:00
1754262000000,1754262300000,1754270700000,1,dip_unconfirmed,3360.1890000000008,3345.7469100327385,4691.055906758887,3345.6969100327383,14.44208996726229,6.924205584280574,-100.3462102792153,-1.003462102792153,stop,140,0.1162574117600139,2025-08-03 23:05:00+00:00,2025-08-04 01:25:00+00:00,2025-07-03 00:00:00+00:00
1754263800000,1754264100000,1754388600000,1,dip_unconfirmed,3356.92,3342.984987887543,4660.986199133247,3356.87,13.935012112457116,7.176168861066553,-0.358808443054633,-0.00358808443054633,breakeven,2075,2.007425596350456,2025-08-03 23:35:00+00:00,2025-08-05 10:10:00+00:00,2025-07-03 00:00:00+00:00
1754269200000,1754269500000,1754391600000,1,dip_unconfirmed,3352.795,3339.18166960238,4650.864709364336,3352.745,13.613330397619848,7.34574105521482,-0.3672870527620772,-0.0036728705276207717,breakeven,2035,2.357872692608133,2025-08-04 01:05:00+00:00,2025-08-05 11:00:00+00:00,2025-07-03 00:00:00+00:00
1754271000000,1754271300000,1754444400000,1,dip_unconfirmed,3348.2635000000005,3334.2558717736392,4676.31869440974,3380.8945,14.007628226361248,7.138967310098073,232.95164229580595,2.3295164229580596,timeout,2885,2.9841954201305834,2025-08-04 01:35:00+00:00,2025-08-06 01:40:00+00:00,2025-07-03 00:00:00+00:00
1754272800000,1754273100000,1754391600000,1,pullback_ema20,3352.8765000000003,3338.908345218379,4679.223823380469,3352.8265,13.968154781621251,7.159141745162795,-0.357957087259442,-0.0035795708725944197,breakeven,1975,2.2921424125487593,2025-08-04 02:05:00+00:00,2025-08-05 11:00:00+00:00,2025-07-03 00:00:00+00:00
1754285400000,1754285700000,1754388000000,1,dip_unconfirmed,3359.4735,3348.190416696763,4421.2987470205235,3359.4235,11.283083303237163,8.862825640160752,-0.44314128200964975,-0.004431412820096498,breakeven,1705,2.25293027772887,2025-08-04 05:35:00+00:00,2025-08-05 10:00:00+00:00,2025-07-03 00:00:00+00:00
1754388000000,1754388300000,1754393700000,1,dip_unconfirmed,3360.2900000000004,3350.779164759488,4247.362688810645,3350.729164759488,9.510835240512279,10.514323660454215,-100.52571618302463,-1.0052571618302464,stop,90,0.10304037187235758,2025-08-05 10:05:00+00:00,2025-08-05 11:35:00+00:00,2025-07-03 00:00:00+00:00
1754389800000,1754390100000,1754456400000,1,dip_unconfirmed,3356.9049999999997,3346.9297958480965,4283.450211038455,3371.8178062278544,9.975204151903199,10.024857484337371,149.4987571257813,1.4949875712578131,ladder_lock_1.50R,1105,3.3242427418062577,2025-08-05 10:35:00+00:00,2025-08-06 05:00:00+00:00,2025-07-03 00:00:00+00:00
1754391600000,1754391900000,1754465100000,1,dip_unconfirmed,3353.8050000000003,3343.8478104303754,4285.066767392846,3368.6907843544377,9.957189569624916,10.042994491644189,149.49785027541824,1.4949785027541824,ladder_lock_1.50R,1220,3.6415898026701132,2025-08-05 11:05:00+00:00,2025-08-06 07:25:00+00:00,2025-07-03 00:00:00+00:00
1754406000000,1754406300000,1754445600000,1,breakout_24,3385.8235000000004,3373.0469303369873,4603.50389663825,3372.996930336987,12.776569663013106,7.826826968234676,-100.39134134841316,-1.0039134134841317,stop,655,0.33197486585760944,2025-08-05 15:05:00+00:00,2025-08-06 02:00:00+00:00,2025-07-03 00:00:00+00:00
1754409600000,1754409900000,1754411700000,1,breakout_24,3390.0080000000003,3377.270340443627,4606.886296080938,3377.220340443627,12.737659556373274,7.850735808837434,-100.3925367904433,-1.003925367904433,stop,30,0.004474919410985071,2025-08-05 16:05:00+00:00,2025-08-05 16:35:00+00:00,2025-07-03 00:00:00+00:00
1754413200000,1754413500000,1754465100000,1,dip_unconfirmed,3382.6155,3369.478122627413,4635.815859886108,3369.428122627413,13.137377372586798,7.611869337685748,-100.38059346688567,-1.0038059346688568,stop,860,0.16966856753696657,2025-08-05 17:05:00+00:00,2025-08-06 07:25:00+00:00,2025-07-03 00:00:00+00:00
1754445600000,1754445900000,1754468400000,1,dip_unconfirmed,3376.7214999999997,3366.8796794502555,4301.261734424718,3366.8296794502553,9.84182054974417,10.16072173786987,-100.50803608689533,-1.0050803608689534,stop,375,0.15073430698132764,2025-08-06 02:05:00+00:00,2025-08-06 08:20:00+00:00,2025-07-03 00:00:00+00:00
1754447400000,1754447700000,1754468400000,1,dip_unconfirmed,3376.1385,3366.340380918094,4285.65228910867,3366.290380918094,9.798119081905952,10.206040482266499,-100.51030202411519,-1.005103020241152,stop,345,0.21090782656602752,2025-08-06 02:35:00+00:00,2025-08-06 08:20:00+00:00,2025-07-03 00:00:00+00:00
1754458200000,1754458500000,1754472600000,1,dip_unconfirmed,3372.4249999999997,3363.726603514398,4172.0662520746055,3363.676603514398,8.698396485601734,11.49637179283881,-100.57481858964404,-1.0057481858964403,stop,235,0.6644902896261061,2025-08-06 05:35:00+00:00,2025-08-06 09:30:00+00:00,2025-07-03 00:00:00+00:00
1754465400000,1754465700000,1754473800000,1,dip_unconfirmed,3370.825,3361.7482309187503,4217.925139043702,3361.69823091875,9.076769081249495,11.017136065142042,-100.55085680325911,-1.005508568032591,stop,135,0.6456041734173377,2025-08-06 07:35:00+00:00,2025-08-06 09:50:00+00:00,2025-07-03 00:00:00+00:00
1754532000000,1754532300000,1754545500000,1,breakout_24,3383.11,3372.6203292024384,4356.087408958613,3372.570329202438,10.489670797561757,9.533187640478118,-100.47665938202563,-1.0047665938202563,stop,220,0.05467283111813889,2025-08-07 02:05:00+00:00,2025-08-07 05:45:00+00:00,2025-07-03 00:00:00+00:00
1754542800000,1754543100000,1754554800000,1,dip_unconfirmed,3378.63,3368.8753268821997,4256.842638662219,3378.58,9.754673117800394,10.251496774148107,-0.5125748387092701,-0.005125748387092701,breakeven,195,1.8755113348303571,2025-08-07 05:05:00+00:00,2025-08-07 08:20:00+00:00,2025-07-03 00:00:00+00:00
1754548200000,1754548500000,1754554200000,1,pullback_ema20,3381.025,3370.971346268292,4318.3367194390985,3380.975,10.053653731707982,9.946632604285181,-0.49733163021606835,-0.004973316302160684,breakeven,95,1.5815145840813076,2025-08-07 06:35:00+00:00,2025-08-07 08:10:00+00:00,2025-07-03 00:00:00+00:00
1754550000000,1754550300000,1754555100000,1,breakout_24,3388.4,3377.9406786777,4368.87281090773,3377.8906786776997,10.459321322300184,9.560849783512367,-100.47804248917735,-1.0047804248917735,stop,80,0.8150624440443945,2025-08-07 07:05:00+00:00,2025-08-07 08:25:00+00:00,2025-07-03 00:00:00+00:00
1754551800000,1754552100000,1754554200000,1,breakout_24,3392.8815,3382.015487343578,4410.116752985751,3381.965487343578,10.866012656421844,9.203007870683798,-100.46015039353587,-1.0046015039353586,stop,35,0.37212362325107795,2025-08-07 07:35:00+00:00,2025-08-07 08:10:00+00:00,2025-07-03 00:00:00+00:00
1754553600000,1754553900000,1754554200000,1,breakout_24,3396.885,3385.927631104751,4417.664520629626,3385.877631104751,10.957368895249147,9.126278484915993,-100.45631392424747,-1.0045631392424748,stop,5,0.0,2025-08-07 08:05:00+00:00,2025-08-07 08:10:00+00:00,2025-07-03 00:00:00+00:00
1754614800000,1754615100000,1754863500000,1,dip_unconfirmed,3391.122,3373.5312590038566,5014.405358618175,3399.3695,17.590740996143268,5.684808844716933,46.885460946802596,0.46885460946802593,timeout,4140,0.6957069064164744,2025-08-08 01:05:00+00:00,2025-08-10 22:05:00+00:00,2025-07-03 00:00:00+00:00
1754616600000,1754616900000,1754863500000,1,dip_unconfirmed,3385.8419999999996,3368.2649547892956,5020.269475859732,3399.3695,17.577045210704,5.689238367498901,76.96117201634222,0.7696117201634222,timeout,4110,0.996640777218485,2025-08-08 01:35:00+00:00,2025-08-10 22:05:00+00:00,2025-07-03 00:00:00+00:00
1754618400000,1754618700000,1754863500000,1,dip_unconfirmed,3384.362,3367.3528865900603,4970.56422758404,3399.3695,17.0091134099398,5.879201201725301,88.23211203489073,0.8823211203489073,timeout,4080,1.1169306443037754,2025-08-08 02:05:00+00:00,2025-08-10 22:05:00+00:00,2025-07-03 00:00:00+00:00
1754620200000,1754620500000,1754863500000,1,pullback_ema50,3388.0469999999996,3371.253037547913,4937.449282756611,3399.3695,16.79396245208636,5.954520875302822,67.4200626106175,0.674200626106175,timeout,4050,0.9118157816351542,2025-08-08 02:35:00+00:00,2025-08-10 22:05:00+00:00,2025-07-03 00:00:00+00:00
1754622000000,1754622300000,1754863500000,1,pullback_ema50,3389.2110000000002,3373.331749151633,4881.15683398828,3399.3695,15.879250848367064,6.297526309957088,63.97342101969624,0.6397342101969624,timeout,4020,0.8910369975958213,2025-08-08 03:05:00+00:00,2025-08-10 22:05:00+00:00,2025-07-03 00:00:00+00:00
1754686800000,1754863500000,1754874300000,1,pullback_ema20,3399.6085000000003,3380.4691477566216,5249.5543720944515,3380.4191477566214,19.139352243378653,5.2248372216774195,-100.26124186108483,-1.0026124186108483,stop,180,0.23334123032008428,2025-08-10 22:05:00+00:00,2025-08-11 01:05:00+00:00,2025-07-03 00:00:00+00:00
1754866800000,1754867100000,1754874600000,1,pullback_ema20,3396.41,3376.800862096271,5232.714652469199,3376.750862096271,19.60913790372888,5.099663253476532,-100.25498316267475,-1.0025498316267474,stop,125,0.0,2025-08-10 23:05:00+00:00,2025-08-11 01:10:00+00:00,2025-07-03 00:00:00+00:00
1754870400000,1754870700000,1754874600000,1,dip_unconfirmed,3392.352,3374.2494168074986,5107.307736057632,3374.1994168074984,18.102583192501243,5.524073494738789,-100.27620367473794,-1.0027620367473795,stop,65,0.0,2025-08-11 00:05:00+00:00,2025-08-11 01:10:00+00:00,2025-07-03 00:00:00+00:00
1754872200000,1754872500000,1754874600000,1,dip_unconfirmed,3388.6749999999997,3371.1066013212485,5059.44646919637,3371.0566013212483,17.568398678751237,5.692038405352719,-100.28460192026867,-1.0028460192026867,stop,35,0.0,2025-08-11 00:35:00+00:00,2025-08-11 01:10:00+00:00,2025-07-03 00:00:00+00:00
1754874000000,1754874300000,1754894100000,1,dip_unconfirmed,3382.51,3365.049701226874,5030.079578539479,3364.9997012268736,17.460298773126397,5.727278856986835,-100.28636394285037,-1.0028636394285038,stop,330,0.04533141215304018,2025-08-11 01:05:00+00:00,2025-08-11 06:35:00+00:00,2025-07-03 00:00:00+00:00
1755066600000,1755066900000,1755142500000,1,breakout_24,3355.6565,3344.9093607367777,4371.823287059009,3355.6065,10.74713926322238,9.304801729164193,-0.4652400864599022,-0.004652400864599022,breakeven,1260,1.729157829339203,2025-08-13 06:35:00+00:00,2025-08-14 03:35:00+00:00,2025-07-03 00:00:00+00:00
1755068400000,1755068700000,1755158100000,1,breakout_24,3357.8305000000005,3347.1698706841507,4357.182802269082,3347.1198706841506,10.660629315849746,9.380309270422195,-100.46901546352282,-1.0046901546352283,stop,1490,1.5392618497298642,2025-08-13 07:05:00+00:00,2025-08-14 07:55:00+00:00,2025-07-03 00:00:00+00:00
1755070200000,1755070500000,1755158100000,1,breakout_24,3359.758,3348.8729513495687,4384.577816392719,3348.8229513495685,10.885048650431145,9.186913463729821,-100.45934567318817,-1.0045934567318817,stop,1460,1.33044880781735,2025-08-13 07:35:00+00:00,2025-08-14 07:55:00+00:00,2025-07-03 00:00:00+00:00
1755079200000,1755079500000,1755091500000,1,breakout_24,3365.242,3353.9781773785385,4427.86043952464,3353.9281773785383,11.263822621461713,8.87798071406623,-100.44389903570493,-1.0044389903570492,stop,200,0.11976395983272727,2025-08-13 10:05:00+00:00,2025-08-13 13:25:00+00:00,2025-07-03 00:00:00+00:00
1755131400000,1755131700000,1755138900000,1,breakout_24,3373.65,3363.9786591882457,4270.112740363691,3363.9286591882455,9.671340811754362,10.339827945930923,-100.51699139729844,-1.0051699139729844,stop,120,0.06100498488096046,2025-08-14 00:35:00+00:00,2025-08-14 02:35:00+00:00,2025-07-03 00:00:00+00:00
1755232200000,1755232500000,1755253800000,1,breakout_24,3346.3755,3337.554483257967,4162.606157461296,3337.504483257967,8.821016742032953,11.336561637332672,-100.56682808186869,-1.005668280818687,stop,355,0.21930578487423436,2025-08-15 04:35:00+00:00,2025-08-15 10:30:00+00:00,2025-07-03 00:00:00+00:00
1755482400000,1755482700000,1755525600000,1,breakout_24,3347.4935000000005,3336.2567630194517,4405.930461074312,3336.2067630194515,11.236736980548812,8.899380680806495,-100.44496903404195,-1.0044496903404194,stop,715,0.9293623244966005,2025-08-18 02:05:00+00:00,2025-08-18 14:00:00+00:00,2025-07-03 00:00:00+00:00
1755491400000,1755491700000,1755522300000,1,breakout_24,3353.0850000000005,3342.2773964610747,4363.037750353587,3342.2273964610745,10.807603538925832,9.252745036383802,-100.46263725182088,-1.0046263725182087,stop,510,0.44889692544013793,2025-08-18 04:35:00+00:00,2025-08-18 13:05:00+00:00,2025-07-03 00:00:00+00:00
1755493200000,1755493500000,1755495600000,1,breakout_24,3358.157,3347.306510999569,4377.15541104262,3347.256510999569,10.850489000431025,9.216174496469938,-100.46080872482517,-1.0046080872482517,stop,35,0.0,2025-08-18 05:05:00+00:00,2025-08-18 05:40:00+00:00,2025-07-03 00:00:00+00:00
1755574200000,1755574500000,1755609000000,1,breakout_24,3341.692,3332.4278765521594,4198.640221336233,3332.3778765521593,9.264123447840575,10.794329389394044,-100.53971646947166,-1.0053971646947166,stop,575,0.3532984009148329,2025-08-19 03:35:00+00:00,2025-08-19 13:10:00+00:00,2025-07-03 00:00:00+00:00
1755599400000,1755599700000,1755606000000,1,breakout_24,3344.4035000000003,3335.7468929146635,4150.557601448294,3335.6968929146633,8.656607085336873,11.551870035707932,-100.57759350178749,-1.005775935017875,stop,105,0.0,2025-08-19 10:35:00+00:00,2025-08-19 12:20:00+00:00,2025-07-03 00:00:00+00:00
1755669600000,1755669900000,1755752700000,1,breakout_24,3324.215,3315.59,4115.59,3337.1025,8.625,11.594202898550725,149.42028985507037,1.4942028985507037,ladder_lock_1.50R,1380,3.1833623188405538,2025-08-20 06:05:00+00:00,2025-08-21 05:05:00+00:00,2025-07-03 00:00:00+00:00
1755689400000,1755689700000,1755773100000,1,breakout_24,3331.47,3322.948,4122.948,3331.4199999999996,8.521999999999935,11.734334663224685,-0.5867167331633687,-0.005867167331633687,breakeven,1390,2.370511616991349,2025-08-20 11:35:00+00:00,2025-08-21 10:45:00+00:00,2025-07-03 00:00:00+00:00
1755691200000,1755691500000,1755772800000,1,breakout_24,3333.073,3324.3734999999997,4124.3735,3333.0229999999997,8.699500000000171,11.49491350077568,-0.5747456750408749,-0.00574745675040875,breakeven,1355,2.1378814874417715,2025-08-20 12:05:00+00:00,2025-08-21 10:40:00+00:00,2025-07-03 00:00:00+00:00
1755693000000,1755693300000,1755750300000,1,breakout_24,3338.602,3330.0299999999997,4130.03,3338.5519999999997,8.572000000000116,11.665888940737126,-0.5832944470389784,-0.005832944470389784,breakeven,950,1.5246733551096459,2025-08-20 12:35:00+00:00,2025-08-21 04:25:00+00:00,2025-07-03 00:00:00+00:00
1755694800000,1755695100000,1755757800000,1,breakout_24,3343.435,3334.7245208286204,4154.772437966622,3334.67452082862,8.710479171379575,11.480424673831337,-100.57402123369366,-1.0057402123369366,stop,1045,0.9455851782601155,2025-08-20 13:05:00+00:00,2025-08-21 06:30:00+00:00,2025-07-03 00:00:00+00:00
1755750600000,1755750900000,1755773100000,1,pullback_ema50,3340.6235,3332.0299999999997,4132.03,3331.9799999999996,8.593500000000404,11.636702158607704,-100.5818351079325,-1.005818351079325,stop,370,0.13399662535636092,2025-08-21 04:35:00+00:00,2025-08-21 10:45:00+00:00,2025-07-03 00:00:00+00:00
1755754200000,1755754500000,1755773100000,1,pullback_ema50,3339.6435,3330.99,4130.99,3330.9399999999996,8.65350000000035,11.55601779626694,-100.57780088981545,-1.0057780088981545,stop,310,0.2463165193274252,2025-08-21 05:35:00+00:00,2025-08-21 10:45:00+00:00,2025-07-03 00:00:00+00:00
1755757800000,1755758100000,1755774300000,1,dip_unconfirmed,3335.1164999999996,3326.5665,4126.5665,3326.5164999999997,8.549999999999727,11.695906432748911,-100.58479532163958,-1.0058479532163958,stop,270,0.7787719298246398,2025-08-21 06:35:00+00:00,2025-08-21 11:05:00+00:00,2025-07-03 00:00:00+00:00
1755774000000,1755774300000,1755836700000,1,dip_unconfirmed,3329.1870000000004,3320.4815,4120.4815,3329.137,8.705500000000484,11.48699098271144,-0.5743495491376615,-0.005743495491376614,breakeven,1040,2.1229682384697477,2025-08-21 11:05:00+00:00,2025-08-22 04:25:00+00:00,2025-07-03 00:00:00+00:00
1755786600000,1755786900000,1755827700000,1,pullback_ema20,3345.3765000000003,3333.6581545128506,4456.492703227807,3333.6081545128504,11.71834548714969,8.53362790076976,-100.42668139504005,-1.0042668139504005,stop,680,0.19559075148559693,2025-08-21 14:35:00+00:00,2025-08-22 01:55:00+00:00,2025-07-03 00:00:00+00:00
1755824400000,1755824700000,1755831900000,1,pullback_ema50,3340.2599999999998,3331.675,4131.675,3331.625,8.584999999999582,11.64822364589457,-100.58241118229685,-1.0058241118229685,stop,120,0.0,2025-08-22 01:05:00+00:00,2025-08-22 03:05:00+00:00,2025-07-03 00:00:00+00:00
1755873000000,1755873300000,1756073100000,1,breakout_24,3366.692,3353.303645749876,4625.789070762269,3367.7945,13.388354250123939,7.469177923722349,8.234768660903617,0.08234768660903617,timeout,3330,0.8691882349835824,2025-08-22 14:35:00+00:00,2025-08-24 22:05:00+00:00,2025-07-03 00:00:00+00:00
1755874800000,1755875100000,1756073100000,1,breakout_24,3374.4620000000004,3360.5387781963136,4695.510958564964,3367.7945,13.923221803686829,7.182245705050844,-47.8876232384299,-0.47887623238429905,timeout,3300,0.27773744141429707,2025-08-22 15:05:00+00:00,2025-08-24 22:05:00+00:00,2025-07-03 00:00:00+00:00
1755876600000,1755876900000,1756073100000,1,breakout_24,3377.4359999999997,3363.774544039434,4675.320140096042,3367.7945,13.66145596056549,7.319864023911891,-70.57446898654447,-0.7057446898654447,timeout,3270,0.06536638573356861,2025-08-22 15:35:00+00:00,2025-08-24 22:05:00+00:00,2025-07-03 00:00:00+00:00
1756076400000,1756076700000,1756164000000,1,dip_unconfirmed,3367.9270000000006,3357.6191801332975,4331.851166803541,3357.5691801332973,10.307819866703085,9.70137248158806,-100.48506862408117,-1.0048506862408118,stop,1455,0.7730053593328776,2025-08-24 23:05:00+00:00,2025-08-25 23:20:00+00:00,2025-07-03 00:00:00+00:00
1756083600000,1756083900000,1756164000000,1,dip_unconfirmed,3365.4900000000002,3355.8669446399185,4260.322480648061,3355.8169446399183,9.623055360081707,10.391709935995934,-100.5195854968017,-1.0051958549680169,stop,1335,1.0812574188403503,2025-08-25 01:05:00+00:00,2025-08-25 23:20:00+00:00,2025-07-03 00:00:00+00:00
1756085400000,1756085700000,1756164000000,1,dip_unconfirmed,3365.345,3355.8736271656385,4251.010910601775,3355.8236271656383,9.471372834361318,10.558131513650132,-100.52790657568443,-1.0052790657568442,stop,1305,1.113882874690108,2025-08-25 01:35:00+00:00,2025-08-25 23:20:00+00:00,2025-07-03 00:00:00+00:00
1756087200000,1756087500000,1756164300000,1,dip_unconfirmed,3363.5315000000005,3353.9860823680933,4249.377845558786,3353.936082368093,9.545417631907185,10.476230989174635,-100.52381154946065,-1.0052381154946064,stop,1280,1.295228818346551,2025-08-25 02:05:00+00:00,2025-08-25 23:25:00+00:00,2025-07-03 00:00:00+00:00
1756089000000,1756089300000,1756164300000,1,dip_unconfirmed,3362.9935,3353.7568621989435,4231.070642304585,3353.7068621989433,9.236637801056531,10.826450290013701,-100.54132251450265,-1.0054132251450265,stop,1250,1.3967744841661114,2025-08-25 02:35:00+00:00,2025-08-25 23:25:00+00:00,2025-07-03 00:00:00+00:00
1756166400000,1756166700000,1756192800000,1,dip_unconfirmed,3355.6,3346.9115,4146.9115,3368.5827499999996,8.688499999999749,11.509466536226379,149.4245266731892,1.494245266731892,ladder_lock_1.50R,435,3.5125165448583147,2025-08-26 00:05:00+00:00,2025-08-26 07:20:00+00:00,2025-07-03 00:00:00+00:00
1756168200000,1756168500000,1756341600000,1,pullback_ema50,3378.0105000000003,3366.632350491821,4440.397301309697,3395.4714999999997,11.378149508179376,8.78877535649477,153.4608064997493,1.5346080649974931,timeout,2885,1.8280213302740969,2025-08-26 00:35:00+00:00,2025-08-28 00:40:00+00:00,2025-07-03 00:00:00+00:00
1756170000000,1756170300000,1756171500000,1,breakout_24,3384.007,3372.0052540281195,4502.979851216155,3371.9552540281193,12.00174597188061,8.332121029248091,-100.41660605146392,-1.0041660605146392,stop,20,0.01108172096892209,2025-08-26 01:05:00+00:00,2025-08-26 01:25:00+00:00,2025-07-03 00:00:00+00:00
1756179000000,1756179300000,1756352400000,1,dip_unconfirmed,3372.85,3360.5958186541743,4535.013953236754,3390.97,12.2541813458256,8.160479854010411,147.86789495466778,1.4786789495466777,timeout,2885,2.1184605701011057,2025-08-26 03:35:00+00:00,2025-08-28 03:40:00+00:00,2025-07-03 00:00:00+00:00
1756188000000,1756188300000,1756361400000,1,pullback_ema20,3377.155,3365.81359298314,4450.454294669129,3391.0200000000004,11.341407016860103,8.817248146666484,122.2511455535329,1.222511455535329,timeout,2885,1.9093750861606047,2025-08-26 06:05:00+00:00,2025-08-28 06:10:00+00:00,2025-07-03 00:00:00+00:00
1756195200000,1756195500000,1756368600000,1,pullback_ema20,3377.4429999999998,3365.231057090573,4528.625348033249,3395.115,12.211942909426853,8.188705166874493,144.71079770900624,1.4471079770900623,timeout,2885,1.7496806330060886,2025-08-26 08:05:00+00:00,2025-08-28 08:10:00+00:00,2025-07-03 00:00:00+00:00
1756200600000,1756200900000,1756269600000,1,dip_unconfirmed,3375.8499999999995,3364.4548788002876,4447.466998771524,3375.7999999999993,11.395121199711866,8.77568551026281,-0.4387842755147368,-0.004387842755147368,breakeven,1145,1.5563678252451605,2025-08-26 09:35:00+00:00,2025-08-27 04:40:00+00:00,2025-07-03 00:00:00+00:00
1756270800000,1756271100000,1756444200000,1,dip_unconfirmed,3375.6399999999994,3367.02,4167.02,3408.085,8.619999999999436,11.6009280742467,376.3921113689413,3.763921113689413,timeout,2885,5.468387470998122,2025-08-27 05:05:00+00:00,2025-08-29 05:10:00+00:00,2025-07-03 00:00:00+00:00
1756342800000,1756343100000,1756348800000,1,dip_unconfirmed,3392.653,3384.0299999999997,4184.03,3383.9799999999996,8.623000000000047,11.59689203293511,-100.57984460164886,-1.0057984460164886,stop,95,0.0,2025-08-28 01:05:00+00:00,2025-08-28 02:40:00+00:00,2025-07-03 00:00:00+00:00
1756350000000,1756350300000,1756463100000,1,pullback_ema50,3392.107,3383.116836806795,4218.7831561272815,3405.5422447898072,8.990163193204808,11.123268604910837,149.44383656975495,1.4944383656975495,ladder_lock_1.50R,1880,3.411562097469198,2025-08-28 03:05:00+00:00,2025-08-29 10:25:00+00:00,2025-07-03 00:00:00+00:00
1756353600000,1756353900000,1756677900000,1,dip_unconfirmed,3390.9505,3382.3235,4182.3235,3444.4715,8.626999999999953,11.591515011012003,620.3894749043756,6.203894749043756,timeout,5400,7.22800510026667,2025-08-28 04:05:00+00:00,2025-08-31 22:05:00+00:00,2025-07-03 00:00:00+00:00
1756364400000,1756364700000,1756431600000,1,pullback_ema20,3396.0905,3387.5035,4187.5035,3408.9209999999994,8.586999999999989,11.645510655642264,149.4177244672131,1.494177244672131,ladder_lock_1.50R,1115,3.107837428671292,2025-08-28 07:05:00+00:00,2025-08-29 01:40:00+00:00,2025-07-03 00:00:00+00:00
1756371600000,1756371900000,1756677900000,1,breakout_24,3401.33,3392.785,4192.785,3444.4715,8.545000000000073,11.702750146284277,504.87419543592523,5.048741954359253,timeout,5100,6.082679929783472,2025-08-28 09:05:00+00:00,2025-08-31 22:05:00+00:00,2025-07-03 00:00:00+00:00
1756432800000,1756433100000,1756677900000,1,dip_unconfirmed,3410.5170000000003,3401.965,4201.965,3444.4715,8.552000000000135,11.693171188026009,397.03578110382705,3.9703578110382707,timeout,4080,5.003449485500373,2025-08-29 02:05:00+00:00,2025-08-31 22:05:00+00:00,2025-07-03 00:00:00+00:00
1756452600000,1756452900000,1756677900000,1,dip_unconfirmed,3407.85,3399.295,4199.295,3444.4715,8.554999999999836,11.689070718878073,428.07130333139565,4.2807130333139565,timeout,3750,5.3134424313268385,2025-08-29 07:35:00+00:00,2025-08-31 22:05:00+00:00,2025-07-03 00:00:00+00:00
1756463400000,1756463700000,1756677900000,1,dip_unconfirmed,3407.075,3398.605,4198.605,3444.4715,8.4699999999998,11.806375442739357,441.51711924440576,4.415171192444058,timeout,3570,5.458264462810084,2025-08-29 10:35:00+00:00,2025-08-31 22:05:00+00:00,2025-07-03 00:00:00+00:00
1756501200000,1756677900000,1756690200000,1,dip_unconfirmed,3448.0434999999998,3437.095428002189,4490.55262778334,3437.0454280021886,10.948071997810985,9.134028349465963,-100.45670141747495,-1.0045670141747494,stop,205,0.3470474071379666,2025-08-31 22:05:00+00:00,2025-09-01 01:30:00+00:00,2025-07-03 00:00:00+00:00
1756688400000,1756688700000,1756799700000,1,dip_unconfirmed,3444.7400000000007,3433.9357877038924,4447.357017314644,3479.263479347547,10.80421229610829,9.255649302265219,319.53721753488674,3.1953721753488673,ladder_lock_3.20R,1850,5.819304385813174,2025-09-01 01:05:00+00:00,2025-09-02 07:55:00+00:00,2025-07-03 00:00:00+00:00
1756690200000,1756690500000,1756799700000,1,dip_unconfirmed,3439.61,3428.4118028679004,4489.731516077884,3475.3942308227192,11.198197132099722,8.930008895213069,319.55349955523934,3.1955349955523933,ladder_lock_3.20R,1820,6.072673949011758,2025-09-01 01:35:00+00:00,2025-09-02 07:55:00+00:00,2025-07-03 00:00:00+00:00
1756692000000,1756692300000,1756799700000,1,pullback_ema20,3458.257,3444.4498169487642,4729.8181220723245,3478.917774576854,13.807183051235825,7.242606955301386,149.63786965223525,1.4963786965223524,ladder_lock_1.50R,1790,3.5746610888585684,2025-09-01 02:05:00+00:00,2025-09-02 07:55:00+00:00,2025-07-03 00:00:00+00:00
1756693800000,1756694100000,1756867200000,1,breakout_24,3467.3935,3452.1720800238527,4877.464077638582,3537.23,15.221419976147445,6.569689303409529,458.8041070375588,4.5880410703755885,timeout,2885,5.145577753109467,2025-09-01 02:35:00+00:00,2025-09-03 02:40:00+00:00,2025-07-03 00:00:00+00:00
1756695600000,1756695900000,1756712700000,1,breakout_24,3484.4399999999996,3467.529217165006,5068.107500664395,3467.4792171650056,16.910782834993825,5.913386800347762,-100.29566934001846,-1.0029566934001846,stop,280,0.2865035904768642,2025-09-01 03:05:00+00:00,2025-09-01 07:45:00+00:00,2025-07-03 00:00:00+00:00
1756719000000,1756719300000,1756799700000,1,dip_unconfirmed,3472.1899999999996,3456.0109453395157,4997.416411387978,3472.1399999999994,16.17905466048387,6.1808308395324545,-0.309041541977747,-0.00309041541977747,breakeven,1340,2.1894357082876237,2025-09-01 09:35:00+00:00,2025-09-02 07:55:00+00:00,2025-07-03 00:00:00+00:00
1756800000000,1756800300000,1756954500000,1,dip_unconfirmed,3477.675,3462.122725283073,4945.850196975782,3527.3922790941665,15.552274716927059,6.429927571377082,319.6785036214294,3.196785036214294,ladder_lock_3.20R,2570,6.4460023903054955,2025-09-02 08:05:00+00:00,2025-09-04 02:55:00+00:00,2025-07-03 00:00:00+00:00
1756801800000,1756802100000,1756954500000,1,pullback_ema50,3477.75,3462.253744905711,4958.379254334657,3527.2880163017253,15.496255094289154,6.45317203360011,319.67734139832,3.1967734139832,ladder_lock_3.20R,2540,6.464465084658892,2025-09-02 08:35:00+00:00,2025-09-04 02:55:00+00:00,2025-07-03 00:00:00+00:00
1756803600000,1756803900000,1756954500000,1,pullback_ema50,3478.4249999999997,3462.9059774124453,4949.308236167898,3528.035872280174,15.519022587554446,6.443704778173045,319.67781476109076,3.1967781476109076,ladder_lock_3.20R,2510,6.41148625428218,2025-09-02 09:05:00+00:00,2025-09-04 02:55:00+00:00,2025-07-03 00:00:00+00:00
1756805400000,1756805700000,1756954500000,1,pullback_ema50,3480.4750000000004,3465.448407597271,4909.107647870192,3528.5100956887345,15.02659240272942,6.654868736696156,319.66725656316515,3.1966725656316517,ladder_lock_3.20R,2480,6.485169583910362,2025-09-02 09:35:00+00:00,2025-09-04 02:55:00+00:00,2025-07-03 00:00:00+00:00
1756870200000,1756870500000,1756954200000,1,dip_unconfirmed,3531.75,3515.875425845928,5049.832841253161,3531.7,15.87457415407198,6.29938157896028,-0.3149690789491599,-0.003149690789491599,breakeven,1395,2.908739444084892,2025-09-03 03:35:00+00:00,2025-09-04 02:50:00+00:00,2025-07-03 00:00:00+00:00
1756954800000,1756955100000,1756955700000,1,dip_unconfirmed,3531.485,3514.5595035170445,5138.609151812607,3514.5095035170443,16.925496482955623,5.908246183543412,-100.29541230917825,-1.0029541230917824,stop,10,0.0,2025-09-04 03:05:00+00:00,2025-09-04 03:15:00+00:00,2025-07-03 00:00:00+00:00
1756956600000,1756956900000,1757282700000,1,dip_unconfirmed,3530.657,3511.933110408684,5313.622069540275,3590.9450000000006,18.723889591316038,5.3407706509003905,321.98438100148525,3.2198438100148525,timeout,5430,3.6844908566431522,2025-09-04 03:35:00+00:00,2025-09-07 22:05:00+00:00,2025-07-03 00:00:00+00:00
1756958400000,1756958700000,1757282700000,1,dip_unconfirmed,3529.71,3511.6286025223494,5261.2683502874015,3590.9450000000006,18.081397477650626,5.53054597265528,338.66298263554927,3.3866298263554926,timeout,5400,3.867787325976467,2025-09-04 04:05:00+00:00,2025-09-07 22:05:00+00:00,2025-07-03 00:00:00+00:00
1756992600000,1756992900000,1756994700000,1,pullback_ema20,3553.2615,3536.778398114912,5144.938586623732,3536.7283981149117,16.483101885088217,6.066819261152968,-100.30334096305874,-1.0030334096305875,stop,30,0.29648545729255593,2025-09-04 13:35:00+00:00,2025-09-04 14:05:00+00:00,2025-07-03 00:00:00+00:00
1756996200000,1756996500000,1757282700000,1,dip_unconfirmed,3542.495,3524.1080167419395,5293.306342548008,3590.9450000000006,18.386983258060354,5.438630067613876,263.5016267758962,2.6350162677589624,timeout,4770,3.108177083641335,2025-09-04 14:35:00+00:00,2025-09-07 22:05:00+00:00,2025-07-03 00:00:00+00:00
1756998000000,1756998300000,1757282700000,1,pullback_ema20,3546.7049999999995,3528.593872688944,5261.706603794581,3590.9450000000006,18.111127311055498,5.521467453820913,244.2697201570435,2.442697201570435,timeout,4740,2.9230648700528197,2025-09-04 15:05:00+00:00,2025-09-07 22:05:00+00:00,2025-07-03 00:00:00+00:00
1757001600000,1757001900000,1757282700000,1,pullback_ema20,3553.4384999999997,3535.7707167573035,5249.849041026955,3590.9450000000006,17.66778324269626,5.660019631570888,212.28752631151843,2.1228752631151844,timeout,4680,2.6152969710618157,2025-09-04 16:05:00+00:00,2025-09-07 22:05:00+00:00,2025-07-03 00:00:00+00:00
1757106000000,1757282700000,1757455500000,1,dip_unconfirmed,3583.4339999999997,3571.837448290901,5050.092619200761,3620.492965469115,11.596551709098549,8.623253059057282,319.5688373470464,3.195688373470464,ladder_lock_3.20R,2880,7.739887015687441,2025-09-07 22:05:00+00:00,2025-09-09 22:05:00+00:00,2025-07-03 00:00:00+00:00
1757284200000,1757284500000,1757455500000,1,pullback_ema20,3594.6784999999995,3577.352416270123,5215.110789257851,3620.6176255948144,17.3260837298767,5.771644738595041,149.7114177630692,1.497114177630692,ladder_lock_1.50R,2850,4.531404858942049,2025-09-07 22:35:00+00:00,2025-09-09 22:05:00+00:00,2025-07-03 00:00:00+00:00
1757287800000,1757288100000,1757461200000,1,dip_unconfirmed,3590.5655,3574.2040017839327,5137.153823390697,3635.7,16.361498216067503,6.111909721189034,275.85798931100436,2.758579893110044,timeout,2885,5.049934847583799,2025-09-07 23:35:00+00:00,2025-09-09 23:40:00+00:00,2025-07-03 00:00:00+00:00
1757293200000,1757293500000,1757304300000,1,pullback_ema20,3595.2650000000003,3579.632113490998,5053.420764391176,3579.582113490998,15.632886509002219,6.396771315547827,-100.31983856577855,-1.0031983856577855,stop,180,0.06684626024745036,2025-09-08 01:05:00+00:00,2025-09-08 04:05:00+00:00,2025-07-03 00:00:00+00:00
1757296800000,1757297100000,1757470200000,1,pullback_ema20,3590.3549999999996,3574.439638673361,5089.975771337288,3632.8385,15.915361326638504,6.283237807025087,266.93393337475203,2.66933933374752,timeout,2885,5.204720037449234,2025-09-08 02:05:00+00:00,2025-09-10 02:10:00+00:00,2025-07-03 00:00:00+00:00
1757304000000,1757304300000,1757431200000,1,dip_unconfirmed,3584.1349999999998,3568.9461771696656,5021.828460203141,3632.689233057069,15.188822830334175,6.583788692319605,319.6708105653834,3.1967081056538342,ladder_lock_3.20R,2115,5.863193019945213,2025-09-08 04:05:00+00:00,2025-09-09 15:20:00+00:00,2025-07-03 00:00:00+00:00
1757431800000,1757432100000,1757455500000,1,dip_unconfirmed,3640.75,3618.937419945236,5736.845425421633,3618.8874199452357,21.812580054764112,4.584510394869995,-100.22922551974433,-1.0022922551974434,stop,390,0.37278946275885183,2025-09-09 15:35:00+00:00,2025-09-09 22:05:00+00:00,2025-07-03 00:00:00+00:00
1757489400000,1757489700000,1757562300000,1,dip_unconfirmed,3644.3300000000004,3630.38448010229,4964.936469873268,3630.33448010229,13.945519897710255,7.1707617022165815,-100.35853808511213,-1.0035853808511213,stop,1210,0.9081411157771765,2025-09-10 07:35:00+00:00,2025-09-11 03:45:00+00:00,2025-07-03 00:00:00+00:00
1757498400000,1757498700000,1757508000000,1,breakout_24,3655.935,3642.605317010062,4913.423616003858,3642.555317010062,13.329682989937737,7.502053880462697,-100.3751026940245,-1.003751026940245,stop,155,0.07948426086349053,2025-09-10 10:05:00+00:00,2025-09-10 12:40:00+00:00,2025-07-03 00:00:00+00:00
1757505600000,1757505900000,1757532900000,1,dip_unconfirmed,3649.8235000000004,3637.0229512344954,4854.377827784943,3636.972951234495,12.800548765505027,7.8121650744755895,-100.3906082537252,-1.003906082537252,stop,450,0.5483749274028047,2025-09-10 12:05:00+00:00,2025-09-10 19:35:00+00:00,2025-07-03 00:00:00+00:00
1757507400000,1757507700000,1757533200000,1,dip_unconfirmed,3648.902,3636.3564904320315,4812.207447228879,3636.3064904320313,12.545509567968566,7.970979533212577,-100.39854897666207,-1.0039854897666207,stop,425,0.6329754847324314,2025-09-10 12:35:00+00:00,2025-09-10 19:40:00+00:00,2025-07-03 00:00:00+00:00
1757548800000,1757549100000,1757559000000,1,pullback_ema50,3645.535,3633.9597824126663,4733.4815411460195,3633.909782412666,11.575217587333555,8.639146456255585,-100.43195732281434,-1.0043195732281434,stop,165,0.26811591026990655,2025-09-11 00:05:00+00:00,2025-09-11 02:50:00+00:00,2025-07-03 00:00:00+00:00
1757554200000,1757554500000,1757557800000,1,pullback_ema20,3649.2385,3637.957350568742,4694.572293694537,3637.907350568742,11.281149431257745,8.864344950783169,-100.44321724754077,-1.0044321724754077,stop,55,0.0,2025-09-11 01:35:00+00:00,2025-09-11 02:30:00+00:00,2025-07-03 00:00:00+00:00
1757557800000,1757558100000,1757568900000,1,dip_unconfirmed,3638.66,3626.7924987046804,4750.542628236617,3626.74249870468,11.867501295319471,8.42637363262306,-100.42131868163268,-1.0042131868163269,stop,180,0.0,2025-09-11 02:35:00+00:00,2025-09-11 05:35:00+00:00,2025-07-03 00:00:00+00:00
1757642400000,1757642700000,1757887500000,1,breakout_24,3647.1255000000006,3634.881813775648,4794.700436210841,3643.4245000000005,12.243686224352587,8.167474906462472,-30.227824628817785,-0.30227824628817784,timeout,4080,0.7385439184167962,2025-09-12 02:05:00+00:00,2025-09-14 22:05:00+00:00,2025-07-03 00:00:00+00:00
1757644200000,1757644500000,1757668200000,1,breakout_24,3650.58,3638.5064699345303,4791.359476481492,3638.45646993453,12.07353006546964,8.282581768359572,-100.41412908841947,-1.0041412908841947,stop,395,0.4628306692159112,2025-09-12 02:35:00+00:00,2025-09-12 09:10:00+00:00,2025-07-03 00:00:00+00:00
1757649600000,1757649900000,1757667000000,1,breakout_24,3653.565,3641.939394841896,4747.499910652284,3641.889394841896,11.625605158104008,8.601702762138943,-100.43008513810851,-1.0043008513810852,stop,285,0.22390232289844322,2025-09-12 04:05:00+00:00,2025-09-12 08:50:00+00:00,2025-07-03 00:00:00+00:00
1757651400000,1757651700000,1757664900000,1,breakout_24,3655.435,3644.032438067475,4717.788631319979,3643.982438067475,11.402561932524804,8.769958943591334,-100.43849794718115,-1.0043849794718114,stop,220,0.06428379905649992,2025-09-12 04:35:00+00:00,2025-09-12 08:15:00+00:00,2025-07-03 00:00:00+00:00
1757653200000,1757653500000,1757664900000,1,breakout_24,3655.602,3644.664621062655,4676.702514797123,3644.614621062655,10.937378937344874,9.142958342474298,-100.45714791712537,-1.0045714791712537,stop,190,0.05174914421838657,2025-09-12 05:05:00+00:00,2025-09-12 08:15:00+00:00,2025-07-03 00:00:00+00:00
1757890800000,1757891100000,1757896800000,1,dip_unconfirmed,3643.207,3633.7363134736406,4477.604966109611,3633.6863134736404,9.470686526359259,10.558896625041417,-100.52794483125399,-1.0052794483125398,stop,95,0.0,2025-09-14 23:05:00+00:00,2025-09-15 00:40:00+00:00,2025-07-03 00:00:00+00:00
1757892600000,1757892900000,1757898300000,1,dip_unconfirmed,3640.0055,3630.8712196540946,4479.749254244635,3630.8212196540944,9.134280345905609,10.947769962504431,-100.54738849812722,-1.005473884981272,stop,90,0.23915403483089215,2025-09-14 23:35:00+00:00,2025-09-15 01:05:00+00:00,2025-07-03 00:00:00+00:00
1757894400000,1757894700000,1757898300000,1,dip_unconfirmed,3638.847,3630.003775393088,4455.626236084306,3629.9537753930877,8.843224606912372,11.30809229043377,-100.56540461452374,-1.0056540461452375,stop,60,0.37802952526918365,2025-09-15 00:05:00+00:00,2025-09-15 01:05:00+00:00,2025-07-03 00:00:00+00:00
1757941200000,1757941500000,1758092700000,1,breakout_24,3651.0750000000003,3638.5486075516083,4831.187852390809,3669.814588672588,12.526392448392016,7.983144421827273,149.60084277890536,1.4960084277890535,ladder_lock_1.50R,2520,4.105850923312069,2025-09-15 13:05:00+00:00,2025-09-17 07:05:00+00:00,2025-07-03 00:00:00+00:00
1757943000000,1757943300000,1758091200000,1,breakout_24,3654.4385,3641.7904212979215,4848.598291505749,3673.360618053118,12.648078702078692,7.906339164664208,149.60468304176356,1.4960468304176358,ladder_lock_1.50R,2465,3.800419109670772,2025-09-15 13:35:00+00:00,2025-09-17 06:40:00+00:00,2025-07-03 00:00:00+00:00
1757944800000,1757945100000,1758073200000,1,breakout_24,3657.7899999999995,3644.3794269194987,4929.436734969626,3677.8558596207504,13.410573080500853,7.456802882301972,149.62715985588184,1.4962715985588184,ladder_lock_1.50R,2135,3.334421260864595,2025-09-15 14:05:00+00:00,2025-09-17 01:40:00+00:00,2025-07-03 00:00:00+00:00
1757950200000,1757950500000,1758094200000,1,breakout_24,3667.9115,3654.5660998331405,4931.1061165190495,3667.8615,13.34540016685969,7.493218543444473,-0.3746609271735867,-0.0037466092717358666,breakeven,2395,2.5922789551046006,2025-09-15 15:35:00+00:00,2025-09-17 07:30:00+00:00,2025-07-03 00:00:00+00:00
1757952000000,1757952300000,1758094500000,1,breakout_24,3681.1,3666.369485559345,5078.920929624831,3666.3194855593447,14.730514440655043,6.788629168578661,-100.33943145843017,-1.0033943145843016,stop,2370,1.4532079029717946,2025-09-15 16:05:00+00:00,2025-09-17 07:35:00+00:00,2025-07-03 00:00:00+00:00
1758074400000,1758074700000,1758091500000,1,dip_unconfirmed,3680.27,3669.9767087841624,4619.955830367911,3669.926708784162,10.293291215837598,9.715065658118823,-100.48575328290771,-1.0048575328290772,stop,280,0.5008116346760447,2025-09-17 02:05:00+00:00,2025-09-17 06:45:00+00:00,2025-07-03 00:00:00+00:00
1758126600000,1758126900000,1758132300000,1,breakout_24,3688.57,3676.715130972262,4809.202033746025,3676.665130972262,11.854869027738005,8.435352576736204,-100.42176762883834,-1.0042176762883834,stop,90,0.0,2025-09-17 16:35:00+00:00,2025-09-17 18:05:00+00:00,2025-07-03 00:00:00+00:00
1758252600000,1758252900000,1758492300000,1,breakout_24,3654.732,3640.5946190350537,4990.1327155297,3687.1944999999996,14.13738096494626,7.073445940797007,229.62173885312026,2.2962173885312027,timeout,3990,2.133280561284977,2025-09-19 03:35:00+00:00,2025-09-21 22:05:00+00:00,2025-07-03 00:00:00+00:00
1758256200000,1758256500000,1758263100000,1,breakout_24,3659.9750000000004,3646.4283347802248,4945.094856757753,3646.3783347802246,13.546665219775605,7.381890552223779,-100.36909452761253,-1.0036909452761253,stop,110,0.05573327366923045,2025-09-19 04:35:00+00:00,2025-09-19 06:25:00+00:00,2025-07-03 00:00:00+00:00
1758290400000,1758290700000,1758492300000,1,breakout_24,3663.9700000000003,3650.722640828059,4909.958558022188,3687.1944999999996,13.247359171941298,7.548674320826599,175.31418676403246,1.7531418676403245,timeout,3360,1.5792581546601194,2025-09-19 14:05:00+00:00,2025-09-21 22:05:00+00:00,2025-07-03 00:00:00+00:00
1758294000000,1758294300000,1758492300000,1,breakout_24,3667.7700000000004,3654.207812754806,4942.926537274226,3687.1944999999996,13.562187245194309,7.373441922904765,143.2254226314575,1.432254226314575,timeout,3300,1.2624069916204983,2025-09-19 15:05:00+00:00,2025-09-21 22:05:00+00:00,2025-07-03 00:00:00+00:00
1758295800000,1758296100000,1758492300000,1,breakout_24,3672.1785,3658.0671832723197,5005.998856040356,3687.1944999999996,14.111316727680332,7.0865109138853795,106.41104788290018,1.0641104788290017,timeout,3270,0.9008726999276854,2025-09-19 15:35:00+00:00,2025-09-21 22:05:00+00:00,2025-07-03 00:00:00+00:00
1758304800000,1758305100000,1758492300000,1,breakout_24,3679.1949999999997,3666.108032624482,4921.80477017629,3687.1944999999996,13.086967375517816,7.641189676003397,61.1256968131884,0.611256968131884,timeout,3120,0.43524216394518156,2025-09-19 18:05:00+00:00,2025-09-21 22:05:00+00:00,2025-07-03 00:00:00+00:00
1758493800000,1758494100000,1758667200000,1,breakout_24,3692.0985,3680.4881890812667,4767.6692809545975,3765.025,11.610310918733376,8.613033767997445,628.1184070818659,6.281184070818659,timeout,2885,8.482546306412294,2025-09-21 22:35:00+00:00,2025-09-23 22:40:00+00:00,2025-07-03 00:00:00+00:00
1758506400000,1758506700000,1758679800000,1,dip_unconfirmed,3690.0055,3678.5559892655124,4769.307062714245,3753.7794999999996,11.44951073448783,8.733997663217465,557.0019669740257,5.570019669740256,timeout,2885,8.78448016971086,2025-09-22 02:05:00+00:00,2025-09-24 02:10:00+00:00,2025-07-03 00:00:00+00:00
1758522600000,1758522900000,1758696000000,1,breakout_24,3706.872,3694.778530803134,4844.92545048971,3771.96,12.093469196865954,8.268925845192147,538.207845411868,5.38207845411868,timeout,2885,6.922041858898052,2025-09-22 06:35:00+00:00,2025-09-24 06:40:00+00:00,2025-07-03 00:00:00+00:00
1758524400000,1758524700000,1758654000000,1,breakout_24,3715.065,3701.6791357457673,4982.765561169021,3757.8497656135446,13.385864254232729,7.470567316441978,319.62647163417654,3.1962647163417652,ladder_lock_3.20R,2155,5.641660378867245,2025-09-22 07:05:00+00:00,2025-09-23 19:00:00+00:00,2025-07-03 00:00:00+00:00
1758528000000,1758528300000,1758654300000,1,dip_unconfirmed,3713.8100000000004,3700.876601739973,4943.216427742674,3755.1468744320878,12.933398260027388,7.731919947834981,319.6134040026061,3.196134040026061,ladder_lock_3.20R,2100,5.936065561151072,2025-09-22 08:05:00+00:00,2025-09-23 19:05:00+00:00,2025-07-03 00:00:00+00:00
1758657600000,1758657900000,1758728400000,1,pullback_ema50,3764.9,3745.0563546989006,5680.420884808842,3745.0063546989004,19.843645301099514,5.0393966674287975,-100.25196983337237,-1.0025196983337237,stop,1175,0.6963438315052989,2025-09-23 20:05:00+00:00,2025-09-24 15:40:00+00:00,2025-07-03 00:00:00+00:00
1758666600000,1758666900000,1758728400000,1,dip_unconfirmed,3762.735,3744.7405576798415,5479.6847896957115,3744.6905576798413,17.99444232015867,5.557271418629785,-100.27786357093251,-1.0027786357093251,stop,1025,0.8882186908395829,2025-09-23 22:35:00+00:00,2025-09-24 15:40:00+00:00,2025-07-03 00:00:00+00:00
1758673800000,1758674100000,1758728100000,1,pullback_ema50,3764.529,3747.9562237581727,5342.333847940937,3747.9062237581725,16.57277624182734,6.033992044592635,-100.30169960223073,-1.0030169960223072,stop,900,0.85616313120724,2025-09-24 00:35:00+00:00,2025-09-24 15:35:00+00:00,2025-07-03 00:00:00+00:00
1758681000000,1758681300000,1758724200000,1,dip_unconfirmed,3753.41,3737.374977112587,5278.37726585384,3753.3599999999997,16.03502288741265,6.2363490655507015,-0.31181745327866944,-0.0031181745327866946,breakeven,715,1.5782952215095711,2025-09-24 02:35:00+00:00,2025-09-24 14:30:00+00:00,2025-07-03 00:00:00+00:00
1758697200000,1758697500000,1758723000000,1,dip_unconfirmed,3771.7799999999997,3757.5218498165714,5131.336868159444,3757.471849816571,14.25815018342837,7.013532520945506,-100.35067662604855,-1.0035067662604855,stop,425,0.48659888630320636,2025-09-24 07:05:00+00:00,2025-09-24 14:10:00+00:00,2025-07-03 00:00:00+00:00
1758724200000,1758724500000,1758728400000,1,dip_unconfirmed,3759.49,3744.995648310457,5137.930817264756,3744.945648310457,14.494351689542782,6.899239244494588,-100.34496196222598,-1.0034496196222598,stop,65,0.012763592602311222,2025-09-24 14:35:00+00:00,2025-09-24 15:40:00+00:00,2025-07-03 00:00:00+00:00
1758726000000,1758726300000,1758730800000,1,dip_unconfirmed,3753.535,3738.4063162882817,5181.774687460129,3738.3563162882815,15.128683711718168,6.609960384229818,-100.3304980192127,-1.003304980192127,stop,75,0.17602324503204075,2025-09-24 15:05:00+00:00,2025-09-24 16:20:00+00:00,2025-07-03 00:00:00+00:00
1758787200000,1758787500000,1758804000000,1,breakout_24,3752.9505,3737.98810229662,5177.027872634571,3737.93810229662,14.962397703379793,6.683420798085819,-100.3341710399055,-1.003341710399055,stop,275,0.5465701528674809,2025-09-25 08:05:00+00:00,2025-09-25 12:40:00+00:00,2025-07-03 00:00:00+00:00
1758789000000,1758789300000,1758798900000,1,breakout_24,3758.0665,3742.659702132576,5228.339488874959,3742.609702132576,15.406797867423847,6.490641394824821,-100.32453206974242,-1.0032453206974241,stop,160,0.16833478457480794,2025-09-25 08:35:00+00:00,2025-09-25 11:15:00+00:00,2025-07-03 00:00:00+00:00
1758884400000,1758884700000,1759097100000,1,dip_unconfirmed,3745.2520000000004,3731.340544422332,5059.936102189138,3763.5065,13.911455577668221,7.188320405560435,131.21919484329973,1.3121919484329974,timeout,3540,2.737528060049554,2025-09-26 11:05:00+00:00,2025-09-28 22:05:00+00:00,2025-07-03 00:00:00+00:00
1758886200000,1758886500000,1759097100000,1,pullback_ema20,3751.8435,3737.8346841064513,5073.866273461338,3763.5065,14.008815893548672,7.138362068563691,83.2547168056584,0.832547168056584,timeout,3510,2.247977290821741,2025-09-26 11:35:00+00:00,2025-09-28 22:05:00+00:00,2025-07-03 00:00:00+00:00
1758891600000,1758891900000,1759097100000,1,pullback_ema20,3752.635,3738.65077841905,5080.572936514041,3763.5065,13.984221580950361,7.150916439726783,77.74118807448787,0.7774118807448787,timeout,3420,2.195331346996109,2025-09-26 13:05:00+00:00,2025-09-28 22:05:00+00:00,2025-07-03 00:00:00+00:00
1758893400000,1758893700000,1759097100000,1,breakout_24,3758.4100000000003,3743.2709371034034,5205.177226763036,3763.5065,15.139062896596897,6.605428663783341,33.66456718496949,0.3366456718496949,timeout,3390,1.6464030944479797,2025-09-26 13:35:00+00:00,2025-09-28 22:05:00+00:00,2025-07-03 00:00:00+00:00
1758897000000,1758897300000,1758920100000,1,breakout_24,3778.3570000000004,3760.6672876044654,5476.938527157924,3760.617287604465,17.689712395535025,5.653003155960891,-100.28265015779907,-1.0028265015779907,stop,380,0.25172823053488563,2025-09-26 14:35:00+00:00,2025-09-26 20:55:00+00:00,2025-07-03 00:00:00+00:00
1758920400000,1759097100000,1759223700000,1,dip_unconfirmed,3758.4235000000003,3745.573091781502,5219.763913631288,3799.4948062991944,12.85040821849816,7.78185395356157,319.6109073023212,3.1961090730232122,ladder_lock_3.20R,2110,8.782600371989563,2025-09-28 22:05:00+00:00,2025-09-30 09:15:00+00:00,2025-07-03 00:00:00+00:00
1759098600000,1759098900000,1759220700000,1,pullback_ema50,3768.2754999999997,3751.957656654252,5326.541991229057,3820.442598706393,16.31784334574786,6.128260817386645,319.69358695913013,3.1969358695913015,ladder_lock_3.20R,2030,6.312598902773651,2025-09-28 22:35:00+00:00,2025-09-30 08:25:00+00:00,2025-07-03 00:00:00+00:00
1759104000000,1759104300000,1759221300000,1,dip_unconfirmed,3767.5285000000003,3752.3117788518193,5213.783893669912,3816.1720076741794,15.216721148181023,6.571717982224692,319.67141410088755,3.1967141410088753,ladder_lock_3.20R,1950,6.818485992457207,2025-09-29 00:05:00+00:00,2025-09-30 08:35:00+00:00,2025-07-03 00:00:00+00:00
1759105800000,1759106100000,1759220700000,1,pullback_ema20,3778.1285000000003,3761.926473219546,5315.629151264918,3829.9249856974534,16.202026780454162,6.172067319419459,319.6913966340279,3.1969139663402792,ladder_lock_3.20R,1910,5.749589311405181,2025-09-29 00:35:00+00:00,2025-09-30 08:25:00+00:00,2025-07-03 00:00:00+00:00
1759107600000,1759107900000,1759109100000,1,breakout_24,3787.815,3771.2091894181503,5363.290247603144,3771.15918941815,16.60581058184971,6.021988478496849,-100.30109942392595,-1.0030109942392595,stop,20,0.01996289180620369,2025-09-29 01:05:00+00:00,2025-09-29 01:25:00+00:00,2025-07-03 00:00:00+00:00
1759111200000,1759111500000,1759221600000,1,pullback_ema20,3779.3250000000003,3760.769872508507,5558.282621657819,3807.10769123724,18.555127491493295,5.389345885434933,149.73053270572726,1.4973053270572725,ladder_lock_1.50R,1835,4.955961636057668,2025-09-29 02:05:00+00:00,2025-09-30 08:40:00+00:00,2025-07-03 00:00:00+00:00
1759221000000,1759221300000,1759223700000,1,dip_unconfirmed,3824.41,3803.7373219624833,5818.3551257141435,3803.687321962483,20.67267803751656,4.837302637738615,-100.2418651318878,-1.002418651318878,stop,40,0.0,2025-09-30 08:35:00+00:00,2025-09-30 09:15:00+00:00,2025-07-03 00:00:00+00:00
1759222800000,1759223100000,1759225800000,1,dip_unconfirmed,3816.9619999999995,3795.353763250878,5898.477438163136,3795.3037632508776,21.608236749121716,4.627864881389018,-100.23139324407029,-1.0023139324407029,stop,45,0.18555424241931914,2025-09-30 09:05:00+00:00,2025-09-30 09:50:00+00:00,2025-07-03 00:00:00+00:00
1759224600000,1759224900000,1759398000000,1,dip_unconfirmed,3802.4415000000004,3778.7252801615286,6075.697264008626,3876.625,23.716219838471716,4.21652357252074,312.79647644209075,3.1279647644209074,timeout,2885,3.895224476294645,2025-09-30 09:35:00+00:00,2025-10-02 09:40:00+00:00,2025-07-03 00:00:00+00:00
1759226400000,1759226700000,1759399800000,1,dip_unconfirmed,3799.495,3775.553974435705,6103.506530865157,3878.735,23.941025564294705,4.176930504979642,330.9799732145878,3.309799732145878,timeout,2885,3.9817216578294237,2025-09-30 10:05:00+00:00,2025-10-02 10:10:00+00:00,2025-07-03 00:00:00+00:00
1759242600000,1759242900000,1759416000000,1,pullback_ema20,3844.715,3818.416999256824,6387.217073574404,3844.3050000000003,26.29800074317609,3.802570430223613,-1.559053876391128,-0.015590538763911279,timeout,2885,1.9811391941464989,2025-09-30 14:35:00+00:00,2025-10-02 14:40:00+00:00,2025-07-03 00:00:00+00:00
1759255200000,1759255500000,1759416000000,1,dip_unconfirmed,3844.645,3821.6540233741002,6064.251685964062,3844.595,22.990976625899748,4.349532498212721,-0.21747662491142722,-0.002174766249114272,breakeven,2675,2.2691511043175794,2025-09-30 18:05:00+00:00,2025-10-02 14:40:00+00:00,2025-07-03 00:00:00+00:00
1759262400000,1759262700000,1759330200000,1,breakout_24,3859.7115000000003,3838.8946637491586,5855.578288833292,3859.6615,20.81683625084179,4.803803939993822,-0.2401901970005649,-0.002401901970005649,breakeven,1125,1.6866155633318152,2025-09-30 20:05:00+00:00,2025-10-01 14:50:00+00:00,2025-07-03 00:00:00+00:00
1759332600000,1759332900000,1759415400000,1,dip_unconfirmed,3860.38,3838.6492915358817,5944.720137947703,3860.33,21.73070846411838,4.601782779660379,-0.230089138983856,-0.00230089138983856,breakeven,1375,1.6766595557692565,2025-10-01 15:35:00+00:00,2025-10-02 14:30:00+00:00,2025-07-03 00:00:00+00:00
1759399200000,1759399500000,1759415100000,1,breakout_24,3879.9049999999997,3865.2347342174758,5263.26131246993,3865.1847342174756,14.670265782523984,6.816509085958444,-100.34082545429916,-1.0034082545429917,stop,260,1.152671686435594,2025-10-02 10:05:00+00:00,2025-10-02 14:25:00+00:00,2025-07-03 00:00:00+00:00
1759401000000,1759401300000,1759414800000,1,breakout_24,3882.9815000000003,3868.2321103447985,5282.021075864934,3868.1821103447983,14.749389655201867,6.779941566241804,-100.33899707831333,-1.0033899707831333,stop,225,0.9379032165660417,2025-10-02 10:35:00+00:00,2025-10-02 14:20:00+00:00,2025-07-03 00:00:00+00:00
1759415400000,1759415700000,1759416000000,1,dip_unconfirmed,3864.7185,3845.7412807512337,5678.463205627854,3845.6912807512335,18.977219248766232,5.269475927380737,-100.26347379637001,-1.0026347379637002,stop,5,0.043552218539808306,2025-10-02 14:35:00+00:00,2025-10-02 14:40:00+00:00,2025-07-03 00:00:00+00:00
1759417200000,1759417500000,1759701900000,1,dip_unconfirmed,3840.625,3817.183082126145,6101.374869511581,3886.5695,23.44191787385489,4.2658625688443115,195.99292279426774,1.9599292279426774,timeout,4740,2.1545378783333504,2025-10-02 15:05:00+00:00,2025-10-05 22:05:00+00:00,2025-07-03 00:00:00+00:00
1759419000000,1759419300000,1759701900000,1,dip_unconfirmed,3836.545,3812.490361974278,6150.954164546472,3886.5695,24.054638025721943,4.157202444412952,207.96197368053566,2.079619736805357,timeout,4710,2.2692713123194714,2025-10-02 15:35:00+00:00,2025-10-05 22:05:00+00:00,2025-07-03 00:00:00+00:00
1759478400000,1759478700000,1759701900000,1,breakout_24,3864.9199999999996,3849.8958899000895,5299.306899891151,3886.5695,15.024110099910104,6.655968262679222,144.09838490287677,1.4409838490287676,timeout,3720,1.744629121172187,2025-10-03 08:05:00+00:00,2025-10-05 22:05:00+00:00,2025-10-03 00:00:00+00:00
1759492800000,1759493100000,1759701900000,1,pullback_ema20,3862.735,3847.9205405540806,5270.866485146013,3886.5695,14.81445944591951,6.750161918836935,160.88673425451847,1.6088673425451847,timeout,3480,1.916809729282519,2025-10-03 12:05:00+00:00,2025-10-05 22:05:00+00:00,2025-10-03 00:00:00+00:00
1759496400000,1759496700000,1759701900000,1,breakout_24,3874.4700000000003,3859.3391191512223,5319.077204028956,3886.5695,15.130880848777906,6.609000559810556,79.96560227342655,0.7996560227342655,timeout,3420,1.1011586282728163,2025-10-03 13:05:00+00:00,2025-10-05 22:05:00+00:00,2025-10-03 00:00:00+00:00
1759498200000,1759498500000,1759701900000,1,breakout_24,3881.6415,3865.4960749261354,5426.5385823126,3886.5695,16.14542507386477,6.193704999558909,30.52257823782558,0.3052257823782558,timeout,3390,0.5877826044581269,2025-10-03 13:35:00+00:00,2025-10-05 22:05:00+00:00,2025-10-03 00:00:00+00:00
1759514400000,1759514700000,1759701900000,1,dip_unconfirmed,3882.612,3864.2461699160485,5633.129178311182,3886.5695,18.36583008395155,5.4448941073119315,21.54816842968687,0.2154816842968687,timeout,3120,0.33137625537099247,2025-10-03 18:05:00+00:00,2025-10-05 22:05:00+00:00,2025-10-03 00:00:00+00:00
1759703400000,1759703700000,1759821900000,1,breakout_24,3894.7255,3878.87082324241,5381.638499001416,3945.4104656242876,15.854676757589914,6.307287214299606,319.6846356392839,3.196846356392839,ladder_lock_3.20R,1970,5.178566630864643,2025-10-05 22:35:00+00:00,2025-10-07 07:25:00+00:00,2025-10-03 00:00:00+00:00
1759705200000,1759705500000,1759878600000,1,breakout_24,3900.9255,3883.8533715822377,5474.016213358457,3989.5745,17.072128417762087,5.857500456472584,519.2615579658401,5.192615579658401,timeout,2885,5.296586212760741,2025-10-05 23:05:00+00:00,2025-10-07 23:10:00+00:00,2025-10-03 00:00:00+00:00
1759707000000,1759707300000,1759880400000,1,breakout_24,3911.3765000000003,3892.5678450406494,5693.433340975707,3989.535,18.80865495935086,5.316701285451795,415.5453974189817,4.155453974189816,timeout,2885,4.262585505091688,2025-10-05 23:35:00+00:00,2025-10-07 23:40:00+00:00,2025-10-03 00:00:00+00:00
1759710600000,1759710900000,1759884000000,1,dip_unconfirmed,3903.115,3884.799593427907,5648.340250637214,3993.285,18.315406572092797,5.459884256807604,492.3177634363421,4.923177634363421,timeout,2885,5.221178117099985,2025-10-06 00:35:00+00:00,2025-10-08 00:40:00+00:00,2025-10-03 00:00:00+00:00
1759712400000,1759712700000,1759885800000,1,dip_unconfirmed,3901.25,3883.1148367544847,5615.781161305986,3985.133,18.135163245515287,5.514149425962811,462.54339629803746,4.625433962980375,timeout,2885,5.375909699853921,2025-10-06 01:05:00+00:00,2025-10-08 01:10:00+00:00,2025-10-03 00:00:00+00:00
1759822200000,1759822500000,1759967100000,1,dip_unconfirmed,3951.8804999999998,3933.4083433784394,5724.724005534501,4010.9414011889926,18.472156621560316,5.413553059813389,319.72932234700835,3.1972932234700835,ladder_lock_3.20R,2410,5.7862220524509675,2025-10-07 07:35:00+00:00,2025-10-08 23:45:00+00:00,2025-10-03 00:00:00+00:00
1759879800000,1759880100000,1759964700000,1,dip_unconfirmed,3989.77,3973.5843589563137,5523.148463324938,4013.9984615655294,16.185641043686246,6.178315689202089,149.69108421554017,1.4969108421554018,ladder_lock_1.50R,1410,4.26269801818655,2025-10-07 23:35:00+00:00,2025-10-08 23:05:00+00:00,2025-10-03 00:00:00+00:00
1759881600000,1759881900000,1759961400000,1,breakout_24,3994.9035,3978.9685476022914,5525.6137873731595,4018.7559285965626,15.934952397708457,6.275512941876162,149.6862243529065,1.4968622435290648,ladder_lock_1.50R,1325,4.007605319811557,2025-10-08 00:05:00+00:00,2025-10-08 22:10:00+00:00,2025-10-03 00:00:00+00:00
1759887000000,1759887300000,1759961400000,1,pullback_ema20,3994.775,3978.2637587763243,5560.88788114389,4019.4918618355136,16.511241223675825,6.056479863949165,149.69717600680144,1.4969717600680144,ladder_lock_1.50R,1235,3.875511182541759,2025-10-08 01:35:00+00:00,2025-10-08 22:10:00+00:00,2025-10-03 00:00:00+00:00
1759888800000,1759889100000,1759961400000,1,breakout_24,4001.3949999999995,3984.5754188637297,5593.03353249075,4026.5743717044043,16.81958113626979,5.945451268364807,149.70272743658202,1.4970272743658202,ladder_lock_1.50R,1205,3.4108756654045895,2025-10-08 02:05:00+00:00,2025-10-08 22:10:00+00:00,2025-10-03 00:00:00+00:00
1759962600000,1759962900000,1759967700000,1,dip_unconfirmed,4026.67,4003.2533228001203,6274.071042788075,4003.20332280012,23.416677199879814,4.270460712526424,-100.2135230356271,-1.002135230356271,stop,80,0.026113867257098147,2025-10-08 22:35:00+00:00,2025-10-08 23:55:00+00:00,2025-10-03 00:00:00+00:00
1759964400000,1759964700000,1760017800000,1,dip_unconfirmed,4022.4535,3999.2231211715402,6215.911004017492,4022.4035,23.230378828459834,4.304708103919886,-0.2152354051967773,-0.002152354051967773,breakeven,885,1.5051196649950704,2025-10-08 23:05:00+00:00,2025-10-09 13:50:00+00:00,2025-10-03 00:00:00+00:00
1759966200000,1759966500000,1760018700000,1,dip_unconfirmed,4014.6205,3991.945969659287,6191.34900373053,4014.5705,22.674530340712863,4.410234677295464,-0.22051173386557543,-0.0022051173386557544,breakeven,870,1.8874701860155318,2025-10-08 23:35:00+00:00,2025-10-09 14:05:00+00:00,2025-10-03 00:00:00+00:00
1759968000000,1759968300000,1760018700000,1,dip_unconfirmed,4012.4714999999997,3988.776471826481,6290.129289178349,4012.4214999999995,23.695028173518494,4.2202946233151035,-0.21101473116652283,-0.0021101473116652285,breakeven,840,1.896874722868343,2025-10-09 00:05:00+00:00,2025-10-09 14:05:00+00:00,2025-10-03 00:00:00+00:00
1759969800000,1759970100000,1759976400000,1,pullback_ema50,4028.1269999999995,4003.23193812459,6415.038125665609,4003.18193812459,24.895061875409283,4.016860873873846,-100.20084304369442,-1.002008430436944,stop,105,0.3064664003722236,2025-10-09 00:35:00+00:00,2025-10-09 02:20:00+00:00,2025-10-03 00:00:00+00:00
1759973400000,1759973700000,1759976400000,1,pullback_ema50,4032.0170000000003,4005.8705435870183,6546.816184885139,4005.820543587018,26.146456412981934,3.824610051186484,-100.19123050256002,-1.0019123050256002,stop,45,0.1430212928641063,2025-10-09 01:35:00+00:00,2025-10-09 02:20:00+00:00,2025-10-03 00:00:00+00:00
1759977000000,1759977300000,1760018700000,1,dip_unconfirmed,4013.715,3986.0135503377865,6695.158516559124,4013.665,27.70144966221369,3.609919380371112,-0.18049596901921225,-0.0018049596901921225,breakeven,690,1.5776430668035863,2025-10-09 02:35:00+00:00,2025-10-09 14:05:00+00:00,2025-10-03 00:00:00+00:00
1759980600000,1759980900000,1760027700000,1,pullback_ema50,4025.2,3998.0449541177854,6652.3995423392425,3997.9949541177853,27.15504588221438,3.682556841691678,-100.18412784208525,-1.0018412784208524,stop,780,1.186446163256236,2025-10-09 03:35:00+00:00,2025-10-09 16:35:00+00:00,2025-10-03 00:00:00+00:00
1760020200000,1760020500000,1760028300000,1,dip_unconfirmed,4007.6985,3982.2879165032487,6469.996266178371,3982.2379165032485,25.410583496751315,3.935368111983134,-100.19676840559987,-1.0019676840559988,stop,130,0.8097019890405405,2025-10-09 14:35:00+00:00,2025-10-09 16:45:00+00:00,2025-10-03 00:00:00+00:00
1760088600000,1760088900000,1760105400000,1,breakout_24,3997.1350000000007,3970.2110513282323,6588.75591850499,3970.161051328232,26.923948671768358,3.714165452441862,-100.18570827262276,-1.0018570827262276,stop,275,0.3307464335399215,2025-10-10 09:35:00+00:00,2025-10-10 14:10:00+00:00,2025-10-03 00:00:00+00:00
1760110200000,1760110500000,1760112600000,1,breakout_24,4017.4785,3987.901002643135,6890.950738329591,3987.851002643135,29.577497356865024,3.380948658145673,-100.16904743290789,-1.0016904743290789,stop,35,0.15944553871814637,2025-10-10 15:35:00+00:00,2025-10-10 16:10:00+00:00,2025-10-03 00:00:00+00:00
1760308200000,1760308500000,1760423100000,1,pullback_ema20,4042.1805,4006.2302873113554,7437.051556175771,4096.055819032967,35.95021268864457,2.7816247115441,149.86091876442228,1.498609187644223,ladder_lock_1.50R,1910,3.806222265917797,2025-10-12 22:35:00+00:00,2025-10-14 06:25:00+00:00,2025-10-03 00:00:00+00:00
1760311800000,1760312100000,1760423100000,1,breakout_24,4050.5485,4015.402893140914,7386.2635790495215,4103.216910288628,35.145606859086,2.845305827295668,149.85773470863342,1.4985773470863342,ladder_lock_1.50R,1850,3.6552648106227763,2025-10-12 23:35:00+00:00,2025-10-14 06:25:00+00:00,2025-10-03 00:00:00+00:00
1760333400000,1760333700000,1760421000000,1,breakout_24,4072.3520000000003,4043.364570801393,6852.257490662099,4115.783143797911,28.987429198607515,3.449771254803229,149.82751143725844,1.4982751143725843,ladder_lock_1.50R,1455,3.679629513510737,2025-10-13 05:35:00+00:00,2025-10-14 05:50:00+00:00,2025-10-03 00:00:00+00:00
1760353200000,1760353500000,1760421000000,1,breakout_24,4081.6,4058.0167523472105,6361.341517626182,4116.924871479184,23.583247652789396,4.240298090927784,149.78798509545285,1.4978798509545286,ladder_lock_1.50R,1125,4.130686385277279,2025-10-13 11:05:00+00:00,2025-10-14 05:50:00+00:00,2025-10-03 00:00:00+00:00
1760362200000,1760362500000,1760420700000,1,breakout_24,4092.0385,4068.882806485491,6321.952157936383,4126.722040271764,23.15569351450904,4.318592312397872,149.78407038438127,1.4978407038438126,ladder_lock_1.50R,970,3.756160442592705,2025-10-13 13:35:00+00:00,2025-10-14 05:45:00+00:00,2025-10-03 00:00:00+00:00
1760423400000,1760423700000,1760596800000,1,dip_unconfirmed,4115.0145,4079.030884228938,7569.242461335137,4221.876499999999,35.98361577106243,2.7790425686019784,296.9740469659423,2.969740469659423,timeout,2885,3.51596128651816,2025-10-14 06:35:00+00:00,2025-10-16 06:40:00+00:00,2025-10-03 00:00:00+00:00
1760425200000,1760425500000,1760598600000,1,dip_unconfirmed,4112.302500000001,4076.267249641157,7672.342285525484,4228.57,36.03525035884377,2.7750605033734144,322.64934707596575,3.2264934707596575,timeout,2885,3.586182937904412,2025-10-14 07:05:00+00:00,2025-10-16 07:10:00+00:00,2025-10-03 00:00:00+00:00
1760427000000,1760427300000,1760600400000,1,pullback_ema50,4124.751000000001,4086.7915175239314,7785.439765130806,4226.554999999999,37.95948247606975,2.63438786508856,268.1912222174712,2.681912222174712,timeout,2885,3.076451320789718,2025-10-14 07:35:00+00:00,2025-10-16 07:40:00+00:00,2025-10-03 00:00:00+00:00
1760434200000,1760434500000,1760446800000,1,dip_unconfirmed,4140.5825,4105.24072662435,7560.668064189404,4105.19072662435,35.34177337565052,2.829512796007491,-100.14147563980089,-1.001414756398009,stop,205,0.0887193737187982,2025-10-14 09:35:00+00:00,2025-10-14 13:00:00+00:00,2025-10-03 00:00:00+00:00
1760436000000,1760436300000,1760609400000,1,dip_unconfirmed,4128.281000000001,4092.2101747226106,7617.842702461601,4237.345,36.07082527739021,2.7723235947884355,302.3607005420043,3.023607005420043,timeout,2885,3.1697916285732153,2025-10-14 10:05:00+00:00,2025-10-16 10:10:00+00:00,2025-10-03 00:00:00+00:00
1760446800000,1760447100000,1760620200000,1,dip_unconfirmed,4107.3665,4074.1976316073346,7314.084470873824,4241.905,33.168868392665445,3.0148752383157205,405.61679225013853,4.056167922501385,timeout,2885,4.314030201634525,2025-10-14 13:05:00+00:00,2025-10-16 13:10:00+00:00,2025-10-03 00:00:00+00:00
1760608800000,1760609100000,1760664900000,1,pullback_ema20,4240.172000000001,4215.5198496048915,6614.034889115781,4319.008881264353,24.652150395109857,4.056441259576146,319.79717793701974,3.1979717793701976,ladder_lock_3.20R,930,5.627886321329597,2025-10-16 10:05:00+00:00,2025-10-17 01:35:00+00:00,2025-10-03 00:00:00+00:00
1760617800000,1760618100000,1760665200000,1,dip_unconfirmed,4240.1365000000005,4217.389496992229,6408.58979776926,4312.876909624868,22.747003007771127,4.3961835308957715,319.78019082345446,3.1978019082345446,ladder_lock_3.20R,785,6.10080369500059,2025-10-16 12:35:00+00:00,2025-10-17 01:40:00+00:00,2025-10-03 00:00:00+00:00
1760619600000,1760619900000,1760665200000,1,dip_unconfirmed,4236.787,4212.441425778499,6579.298847928592,4314.6428375088035,24.34557422150101,4.107522750959972,319.794623862452,3.19794623862452,ladder_lock_3.20R,755,5.837796172188101,2025-10-16 13:05:00+00:00,2025-10-17 01:40:00+00:00,2025-10-03 00:00:00+00:00
1760621400000,1760621700000,1760665500000,1,breakout_24,4252.305,4226.815109651464,6708.804144505124,4290.489835522804,25.48989034853639,3.923123977100275,149.80384380114248,1.4980384380114247,ladder_lock_1.50R,730,4.966929958067454,2025-10-16 13:35:00+00:00,2025-10-17 01:45:00+00:00,2025-10-03 00:00:00+00:00
1760625000000,1760625300000,1760665500000,1,breakout_24,4263.664,4236.634854750497,6870.649379700849,4304.157717874255,27.029145249503017,3.6997100380685803,149.81501449809758,1.4981501449809758,ladder_lock_1.50R,670,4.263823326123102,2025-10-16 14:35:00+00:00,2025-10-17 01:45:00+00:00,2025-10-03 00:00:00+00:00
1760666400000,1760666700000,1760708400000,1,dip_unconfirmed,4315.4220000000005,4268.477283281008,8839.748955180265,4268.4272832810075,46.94471671899282,2.1301651599815097,-100.10650825799947,-1.0010650825799947,stop,695,1.3323437517878236,2025-10-17 02:05:00+00:00,2025-10-17 13:40:00+00:00,2025-10-03 00:00:00+00:00
1760668200000,1760668500000,1760702400000,1,pullback_ema20,4333.468,4286.989620189507,8867.527601238817,4286.939620189507,46.4783798104927,2.1515379926695415,-100.10757689963387,-1.0010757689963388,stop,565,0.9574451644279115,2025-10-17 02:35:00+00:00,2025-10-17 12:00:00+00:00,2025-10-03 00:00:00+00:00
1760684400000,1760684700000,1760685900000,1,dip_unconfirmed,4360.8150000000005,4317.406648626358,8592.241785990644,4317.356648626358,43.40835137364229,2.303704168334768,-100.11518520841716,-1.0011518520841716,stop,20,0.012094446883749152,2025-10-17 07:05:00+00:00,2025-10-17 07:25:00+00:00,2025-10-03 00:00:00+00:00
1760686200000,1760686500000,1760702400000,1,dip_unconfirmed,4339.632500000001,4291.67445943876,8990.378515562741,4291.62445943876,47.95804056124052,2.0851560828950872,-100.10425780414513,-1.0010425780414514,stop,265,0.19914283169688227,2025-10-17 07:35:00+00:00,2025-10-17 12:00:00+00:00,2025-10-03 00:00:00+00:00
1760961600000,1760961900000,1761033900000,1,breakout_24,4279.975,4246.528896399082,7519.639256490862,4279.925,33.44610360091792,2.989884896405557,-0.14949424482082171,-0.001494942448208217,breakeven,1200,3.019529605153393,2025-10-20 12:05:00+00:00,2025-10-21 08:05:00+00:00,2025-10-03 00:00:00+00:00
1760963400000,1760963700000,1761032400000,1,breakout_24,4294.79,4259.615903799148,7687.525523884387,4294.74,35.174096200851636,2.84300126516339,-0.14215006325868665,-0.0014215006325868666,breakeven,1145,2.449998985273517,2025-10-20 12:35:00+00:00,2025-10-21 07:40:00+00:00,2025-10-03 00:00:00+00:00
1760965200000,1760965500000,1761033900000,1,breakout_24,4324.31,4286.7226963849225,7974.953057892633,4286.672696384922,37.58730361507787,2.6604728294446143,-100.13302364147272,-1.0013302364147272,stop,1140,1.507330788614265,2025-10-20 13:05:00+00:00,2025-10-21 08:05:00+00:00,2025-10-03 00:00:00+00:00
1760968800000,1760969100000,1761032100000,1,dip_unconfirmed,4301.595,4264.511432086999,7902.36822338702,4301.545,37.08356791300139,2.6966121554053677,-0.1348306077707589,-0.001348306077707589,breakeven,1050,2.140341516927552,2025-10-20 14:05:00+00:00,2025-10-21 07:35:00+00:00,2025-10-03 00:00:00+00:00
1760974200000,1760974500000,1761032100000,1,breakout_24,4346.250000000001,4305.545944713972,8300.601473316816,4305.495944713972,40.70405528602896,2.45675766940901,-100.12283788347091,-1.0012283788347092,stop,960,0.8529002763003454,2025-10-20 15:35:00+00:00,2025-10-21 07:35:00+00:00,2025-10-03 00:00:00+00:00
1761033600000,1761033900000,1761034500000,1,dip_unconfirmed,4299.536,4266.462298014118,7470.732496602361,4266.412298014117,33.07370198588251,3.023550252786487,-100.15117751263988,-1.0015117751263987,stop,10,0.03773390715476304,2025-10-21 08:05:00+00:00,2025-10-21 08:15:00+00:00,2025-10-03 00:00:00+00:00
1761035400000,1761035700000,1761048900000,1,dip_unconfirmed,4268.135,4229.57356244168,8017.567318273614,4229.52356244168,38.561437558319994,2.593264316164584,-100.1296632158087,-1.001296632158087,stop,220,0.23931939741722938,2025-10-21 08:35:00+00:00,2025-10-21 12:15:00+00:00,2025-10-03 00:00:00+00:00
1761116400000,1761116700000,1761120600000,1,breakout_24,4156.380000000001,4106.5933546139295,9025.757893220973,4106.543354613929,49.78664538607154,2.008570756767161,-100.10042853783872,-1.0010042853783871,stop,65,0.0,2025-10-22 07:05:00+00:00,2025-10-22 08:10:00+00:00,2025-10-03 00:00:00+00:00
1761201000000,1761201300000,1761286200000,1,breakout_24,4126.090999999999,4087.8623159099197,7843.130724917955,4087.8123159099196,38.228684090079696,2.6158368350939365,-100.13079184175517,-1.0013079184175517,stop,1415,0.7322773636162122,2025-10-23 06:35:00+00:00,2025-10-24 06:10:00+00:00,2025-10-03 00:00:00+00:00
1761226200000,1761226500000,1761249900000,1,breakout_24,4147.973500000001,4112.462388522518,7583.723536270697,4112.412388522518,35.5111114774827,2.8160199959781367,-100.14080099979941,-1.001408009997994,stop,390,0.1721010620541776,2025-10-23 13:35:00+00:00,2025-10-23 20:05:00+00:00,2025-10-03 00:00:00+00:00
1761316200000,1761316500000,1761516300000,1,breakout_24,4124.588500000001,4086.214478321965,7846.266646125407,4082.1780000000003,38.37402167803566,2.605929627053855,-110.51877844816858,-1.1051877844816858,timeout,3330,0.35040632730177323,2025-10-24 14:35:00+00:00,2025-10-26 22:05:00+00:00,2025-10-03 00:00:00+00:00
1761323400000,1761323700000,1761336300000,1,breakout_24,4137.075000000001,4101.282953205791,7615.487632626707,4101.232953205791,35.792046794209455,2.7939167763990045,-100.13969583882046,-1.0013969583882045,stop,210,0.0,2025-10-24 16:35:00+00:00,2025-10-24 20:05:00+00:00,2025-10-03 00:00:00+00:00
1761697800000,1761698100000,1761763200000,1,breakout_24,3971.592,3938.7449558744506,7163.749368429359,3971.542,32.84704412554947,3.0444139697251122,-0.15222069848680939,-0.0015222069848680939,breakeven,1085,1.765957989348596,2025-10-29 00:35:00+00:00,2025-10-29 18:40:00+00:00,2025-10-03 00:00:00+00:00
1761699600000,1761699900000,1761705600000,1,breakout_24,3976.1449999999995,3943.234459026276,7156.788556398684,3943.184459026276,32.91054097372353,3.0385401467524376,-100.15192700733817,-1.0015192700733817,stop,95,0.0922196934539597,2025-10-29 01:05:00+00:00,2025-10-29 02:40:00+00:00,2025-10-03 00:00:00+00:00
1761723000000,1761723300000,1761763200000,1,breakout_24,3997.6234999999997,3966.9742699287194,6929.547277056796,3966.9242699287192,30.64923007128027,3.2627247003409905,-100.16313623501765,-1.0016313623501765,stop,665,1.0432562229340436,2025-10-29 07:35:00+00:00,2025-10-29 18:40:00+00:00,2025-10-03 00:00:00+00:00
1761724800000,1761725100000,1761763200000,1,breakout_24,4002.322,3972.4889649338106,6890.5924715527435,3972.4389649338104,29.833035066189495,3.351988819713903,-100.16759944098631,-1.001675994409863,stop,635,0.9143052304092607,2025-10-29 08:05:00+00:00,2025-10-29 18:40:00+00:00,2025-10-03 00:00:00+00:00
1761726600000,1761726900000,1761761100000,1,breakout_24,4011.03,3981.7842531528245,6845.8589378704055,3981.7342531528243,29.245746847175724,3.4193006088219304,-100.17096503044172,-1.0017096503044172,stop,570,0.6349128335490952,2025-10-29 08:35:00+00:00,2025-10-29 18:05:00+00:00,2025-10-03 00:00:00+00:00
1761816600000,1761816900000,1761823500000,1,breakout_24,4005.22,3966.2353881767926,7795.846570497535,3966.1853881767925,38.98461182320716,2.565114677901473,-100.12825573389553,-1.0012825573389552,stop,110,0.03898974310410193,2025-10-30 09:35:00+00:00,2025-10-30 11:25:00+00:00,2025-10-03 00:00:00+00:00
1761852600000,1761852900000,1761883800000,1,breakout_24,4020.8075,3989.133992591308,7084.884733460512,3989.083992591308,31.673507408691876,3.157212704916851,-100.15786063524641,-1.001578606352464,stop,515,0.7761218131861843,2025-10-30 19:35:00+00:00,2025-10-31 04:10:00+00:00,2025-10-03 00:00:00+00:00
1761865200000,1761865500000,1761876900000,1,breakout_24,4039.2169999999996,4008.7229825718164,6924.4247253901885,4008.672982571816,30.49401742818327,3.2793317651736404,-100.16396658825927,-1.0016396658825928,stop,190,0.10693900886232625,2025-10-30 23:05:00+00:00,2025-10-31 02:15:00+00:00,2025-10-03 00:00:00+00:00
1762155000000,1762155300000,1762163400000,1,breakout_24,4019.6065,3994.3784478799125,6474.033659888672,3994.3284478799123,25.22805212008734,3.9638415016741213,-100.19819207508444,-1.0019819207508442,stop,135,0.31149848440905376,2025-11-03 07:35:00+00:00,2025-11-03 09:50:00+00:00,2025-10-03 00:00:00+00:00
1762156800000,1762157100000,1762162500000,1,breakout_24,4026.1214999999997,4000.8961301742042,6445.433112753768,4000.846130174204,25.225369825795497,3.964262989624829,-100.19821314948197,-1.0019821314948196,stop,90,0.053259873265607556,2025-11-03 08:05:00+00:00,2025-11-03 09:35:00+00:00,2025-10-03 00:00:00+00:00
1762320600000,1762320900000,1762443600000,1,breakout_24,3976.2515,3954.3642427611235,6103.939966648773,3976.2014999999997,21.887257238876373,4.568868493142164,-0.22844342465793926,-0.0022844342465793924,breakeven,2045,1.94901076614705,2025-11-05 05:35:00+00:00,2025-11-06 15:40:00+00:00,2025-10-03 00:00:00+00:00
1762331400000,1762331700000,1762337400000,1,breakout_24,3980.5899999999997,3958.933421960208,6070.591225939421,3958.8834219602077,21.65657803979184,4.617534673126096,-100.23087673365714,-1.0023087673365714,stop,95,0.23734128219871745,2025-11-05 08:35:00+00:00,2025-11-05 10:10:00+00:00,2025-10-03 00:00:00+00:00
1762412400000,1762412700000,1762439400000,1,breakout_24,3992.225,3977.268361922951,5409.932169627858,3992.1749999999997,14.956638077048865,6.685994505239193,-0.3342997252631758,-0.003342997252631758,breakeven,445,1.784157633723075,2025-11-06 07:05:00+00:00,2025-11-06 14:30:00+00:00,2025-10-03 00:00:00+00:00
1762414200000,1762414500000,1762441500000,1,breakout_24,4004.7400000000002,3988.034050357026,5578.12901465444,3987.984050357026,16.705949642974247,5.985891382239105,-100.29929456911304,-1.0029929456911304,stop,450,0.8482008088632583,2025-11-06 07:35:00+00:00,2025-11-06 15:05:00+00:00,2025-10-03 00:00:00+00:00
1762417800000,1762418100000,1762439100000,1,breakout_24,4016.6,3999.7988750527416,5609.411369778578,3999.7488750527414,16.80112494725836,5.951982400816452,-100.2975991200419,-1.002975991200419,stop,350,0.1374907934588568,2025-11-06 08:35:00+00:00,2025-11-06 14:25:00+00:00,2025-10-03 00:00:00+00:00
1762430400000,1762430700000,1762433700000,1,breakout_24,4018.89,4003.823038818042,5437.519157013833,4003.7730388180416,15.06696118195805,6.63703840425003,-100.33185192021371,-1.003318519202137,stop,50,0.0013274076808487988,2025-11-06 12:05:00+00:00,2025-11-06 12:55:00+00:00,2025-10-03 00:00:00+00:00
1762434000000,1762434300000,1762439400000,1,dip_unconfirmed,4006.185,3990.4610742869854,5482.853645588459,3990.4110742869852,15.723925713014523,6.359734955834285,-100.31798674779287,-1.0031798674779286,stop,85,0.5983238646448544,2025-11-06 13:05:00+00:00,2025-11-06 14:30:00+00:00,2025-10-03 00:00:00+00:00
1762479000000,1762479300000,1762729500000,1,pullback_ema20,3998.355,3978.950481031482,5839.902377883269,4004.701,19.404518968518005,5.1534387511610324,32.70372231486793,0.32703722314867933,timeout,4170,1.472337451206692,2025-11-07 01:35:00+00:00,2025-11-09 23:05:00+00:00,2025-10-03 00:00:00+00:00
1762484400000,1762484700000,1762535400000,1,dip_unconfirmed,3996.05,3977.3465965109935,5789.686945411646,3996.0,18.703403489006632,5.346620472513324,-0.26733102362663874,-0.0026733102362663875,breakeven,845,1.6507690708884646,2025-11-07 03:05:00+00:00,2025-11-07 17:10:00+00:00,2025-10-03 00:00:00+00:00
1762486200000,1762486500000,1762536000000,1,dip_unconfirmed,3993.3,3974.6554110459224,5778.114306453678,3993.25,18.64458895407779,5.363486438145842,-0.26817432190826773,-0.0026817432190826772,breakeven,825,1.803472314826515,2025-11-07 03:35:00+00:00,2025-11-07 17:20:00+00:00,2025-10-03 00:00:00+00:00
1762488000000,1762488300000,1762729500000,1,dip_unconfirmed,3991.065,3972.8985959712136,5729.038998849843,4004.701,18.166404028786474,5.504666737651549,75.06163563461634,0.7506163563461634,timeout,4020,1.9739734921218275,2025-11-07 04:05:00+00:00,2025-11-09 23:05:00+00:00,2025-10-03 00:00:00+00:00
1762489800000,1762490100000,1762535400000,1,pullback_ema20,3997.09,3978.350124830413,5786.837641789136,3997.04,18.73987516958732,5.336214841083285,-0.2668107420551349,-0.002668107420551349,breakeven,755,1.5920596978371757,2025-11-07 04:35:00+00:00,2025-11-07 17:10:00+00:00,2025-10-03 00:00:00+00:00
1762536600000,1762536900000,1762729500000,1,dip_unconfirmed,3998.54,3975.0594541378227,6264.11404035552,4004.701,23.480545862177223,4.2588447724753,26.23874264322057,0.2623874264322057,timeout,3210,0.43184685992898997,2025-11-07 17:35:00+00:00,2025-11-09 23:05:00+00:00,2025-10-03 00:00:00+00:00
1762538400000,1762538700000,1762729500000,1,pullback_ema20,4006.3100000000004,3982.5194931279784,6286.070180330127,4004.701,23.79050687202198,4.203357269264473,-6.763201846248128,-0.06763201846248128,timeout,3180,0.09961956728154432,2025-11-07 18:05:00+00:00,2025-11-09 23:05:00+00:00,2025-10-03 00:00:00+00:00
1762545600000,1762545900000,1762729500000,1,pullback_ema20,4007.2870000000003,3986.235628077577,6044.172820319893,4004.701,21.051371922423186,4.750284227009618,-12.284235011048013,-0.12284235011048013,timeout,3060,0.0,2025-11-07 20:05:00+00:00,2025-11-09 23:05:00+00:00,2025-10-03 00:00:00+00:00
1762552800000,1762729500000,1762902600000,1,dip_unconfirmed,4001.7490000000003,3982.078679886601,5868.710691226492,4128.207499999999,19.670320113399157,5.0838013526725145,642.8898933569288,6.428898933569289,timeout,2885,7.458495802519361,2025-11-09 23:05:00+00:00,2025-11-11 23:10:00+00:00,2025-10-03 00:00:00+00:00
1762731000000,1762731300000,1762904400000,1,pullback_ema20,4009.365,3989.1669884661296,5936.968141853173,4141.407999999999,20.198011533870158,4.950982418853927,653.7425715327274,6.537425715327275,timeout,2885,6.8865689955048826,2025-11-09 23:35:00+00:00,2025-11-11 23:40:00+00:00,2025-10-03 00:00:00+00:00
1762738200000,1762738500000,1762911600000,1,breakout_24,4048.5049999999997,4025.354487572395,6273.9057303328855,4128.004999999999,23.150512427604554,4.319558813772109,343.4049256948807,3.434049256948807,timeout,2885,4.317615012305929,2025-11-10 01:35:00+00:00,2025-11-12 01:40:00+00:00,2025-10-03 00:00:00+00:00
1762741800000,1762742100000,1762915200000,1,dip_unconfirmed,4041.75,4018.6635071415044,6262.312792991115,4127.13,23.086492858495603,4.331537085902633,369.8266363943673,3.6982663639436733,timeout,2885,4.622183224366702,2025-11-10 02:35:00+00:00,2025-11-12 02:40:00+00:00,2025-10-03 00:00:00+00:00
1762749000000,1762749300000,1762922400000,1,breakout_24,4054.4849999999997,4033.4412240074053,6079.818823266853,4106.32,21.04377599259442,4.751998882481514,246.31986207342945,2.4631986207342944,timeout,2885,4.4656909498120205,2025-11-10 04:35:00+00:00,2025-11-12 04:40:00+00:00,2025-10-03 00:00:00+00:00
1762909200000,1762909500000,1762919700000,1,dip_unconfirmed,4133.745,4115.617036202253,5865.913415976944,4115.567036202253,18.127963797746816,5.516339348185886,-100.27581696741031,-1.002758169674103,stop,170,0.1569398544559025,2025-11-12 01:05:00+00:00,2025-11-12 03:55:00+00:00,2025-10-03 00:00:00+00:00
1762911000000,1762911300000,1762919700000,1,dip_unconfirmed,4131.7185,4113.487176473521,5875.11952912145,4113.437176473521,18.231323526479173,5.485065297358143,-100.2742532648689,-1.002742532648689,stop,140,0.18300920364632334,2025-11-12 01:35:00+00:00,2025-11-12 03:55:00+00:00,2025-10-03 00:00:00+00:00
1762912800000,1762913100000,1762919700000,1,pullback_ema20,4132.160000000001,4113.880628153984,5882.46781275562,4113.8306281539835,18.279371846017057,5.470647505963903,-100.2735323752992,-1.002735323752992,stop,110,0.1449721589080733,2025-11-12 02:05:00+00:00,2025-11-12 03:55:00+00:00,2025-10-03 00:00:00+00:00
1762918200000,1762918500000,1762925700000,1,dip_unconfirmed,4120.155,4101.843943715124,5872.449572202666,4101.7939437151235,18.31105628487603,5.461181400146464,-100.27305907000832,-1.0027305907000832,stop,120,0.049068714880329094,2025-11-12 03:35:00+00:00,2025-11-12 05:35:00+00:00,2025-10-03 00:00:00+00:00
1762992000000,1762992300000,1763045100000,1,dip_unconfirmed,4191.88,4169.242922608345,6375.450661773869,4191.83,22.63707739165511,4.417531391965988,-0.22087656959910296,-0.0022087656959910297,breakeven,880,2.336211476641182,2025-11-13 00:05:00+00:00,2025-11-13 14:45:00+00:00,2025-10-03 00:00:00+00:00
1762999200000,1762999500000,1763045100000,1,pullback_ema20,4193.095,4167.209664140382,6683.243250102123,4193.045,25.885335859617953,3.8631911342515575,-0.19315955671328058,-0.001931595567132806,breakeven,760,1.9961108590677474,2025-11-13 02:05:00+00:00,2025-11-13 14:45:00+00:00,2025-10-03 00:00:00+00:00
1763002800000,1763003100000,1763045100000,1,pullback_ema20,4191.005,4165.641797141453,6627.46208299621,4190.955,25.363202858547083,3.9427197171315154,-0.19713598585729294,-0.0019713598585729296,breakeven,700,2.1196061199298755,2025-11-13 03:05:00+00:00,2025-11-13 14:45:00+00:00,2025-10-03 00:00:00+00:00
1763006400000,1763006700000,1763045100000,1,breakout_24,4213.6900000000005,4187.780075086252,6703.772566461006,4187.730075086251,25.90992491374891,3.8595248860383897,-100.19297624430261,-1.0019297624430261,stop,640,1.1993473583363876,2025-11-13 04:05:00+00:00,2025-11-13 14:45:00+00:00,2025-10-03 00:00:00+00:00
1763010000000,1763010300000,1763045100000,1,dip_unconfirmed,4210.117000000001,4185.0346565794725,6627.068998632181,4184.984656579472,25.08234342052856,3.9868683050625697,-100.19934341525385,-1.0019934341525385,stop,580,1.3813701303380121,2025-11-13 05:05:00+00:00,2025-11-13 14:45:00+00:00,2025-10-03 00:00:00+00:00
1763046000000,1763046300000,1763058900000,1,dip_unconfirmed,4196.1415,4166.691311254412,7052.060185813215,4166.641311254411,29.450188745588093,3.395563976308332,-100.16977819881603,-1.0016977819881603,stop,210,0.4800308793307302,2025-11-13 15:05:00+00:00,2025-11-13 18:35:00+00:00,2025-10-03 00:00:00+00:00
1763047800000,1763048100000,1763058900000,1,dip_unconfirmed,4195.575000000001,4165.7614318790975,7072.118243969411,4165.711431879097,29.813568120903255,3.3541775205996482,-100.16770887603059,-1.001677088760306,stop,180,0.4931814917413566,2025-11-13 15:35:00+00:00,2025-11-13 18:35:00+00:00,2025-10-03 00:00:00+00:00
1763094600000,1763094900000,1763103000000,1,dip_unconfirmed,4198.51,4171.407896937054,6807.618203231708,4171.357896937054,27.1021030629463,3.6897505617089514,-100.18448752808612,-1.0018448752808613,stop,135,0.1870703534786331,2025-11-14 04:35:00+00:00,2025-11-14 06:50:00+00:00,2025-10-03 00:00:00+00:00
1763474400000,1763474700000,1763571900000,1,breakout_24,4065.89,4036.8755937828473,6876.816215498129,4065.8399999999997,29.014406217152555,3.4465637260183746,-0.17232818630154564,-0.0017232818630154565,breakeven,1620,2.2935158314789454,2025-11-18 14:05:00+00:00,2025-11-19 17:05:00+00:00,2025-10-03 00:00:00+00:00
1763476200000,1763476500000,1763481900000,1,breakout_24,4075.345,4046.0076942269293,6927.738271533977,4045.957694226929,29.33730577307051,3.4086292985974413,-100.1704314649305,-1.001704314649305,stop,90,0.2060516411002178,2025-11-18 14:35:00+00:00,2025-11-18 16:05:00+00:00,2025-10-03 00:00:00+00:00
1763530200000,1763530500000,1763568300000,1,breakout_24,4089.4749999999995,4066.071862150029,6346.885647147141,4089.4249999999993,23.403137849970335,4.272931289858072,-0.21364656449368083,-0.002136465644936808,breakeven,630,1.835651282123068,2025-11-19 05:35:00+00:00,2025-11-19 16:05:00+00:00,2025-10-03 00:00:00+00:00
1763532000000,1763532300000,1763569800000,1,breakout_24,4096.185,4073.040300567884,6328.510243779476,4072.990300567884,23.14469943211634,4.320643709083417,-100.21603218545496,-1.0021603218545496,stop,625,1.5662333445427388,2025-11-19 06:05:00+00:00,2025-11-19 16:30:00+00:00,2025-10-03 00:00:00+00:00
1763546400000,1763546700000,1763567700000,1,breakout_24,4114.125,4089.9116150428113,6439.750110761692,4089.861615042811,24.213384957188737,4.1299471419137905,-100.20649735709644,-1.0020649735709644,stop,350,0.7561933216844317,2025-11-19 10:05:00+00:00,2025-11-19 15:55:00+00:00,2025-10-03 00:00:00+00:00
1763564400000,1763564700000,1763567400000,1,breakout_24,4128.595,4103.581312297918,6539.450082506057,4103.531312297918,25.01368770208228,3.9978111660711044,-100.19989055830429,-1.001998905583043,stop,45,0.15351594877713623,2025-11-19 15:05:00+00:00,2025-11-19 15:50:00+00:00,2025-10-03 00:00:00+00:00
1763744400000,1763744700000,1763757000000,1,breakout_24,4100.517,4068.282995020764,7238.483492944437,4068.2329950207636,32.23400497923603,3.1023138472683223,-100.15511569236398,-1.0015511569236397,stop,205,0.00015511569236680196,2025-11-21 17:05:00+00:00,2025-11-21 20:30:00+00:00,2025-10-03 00:00:00+00:00
1763989200000,1763989500000,1764060900000,1,breakout_24,4081.2599999999998,4060.8768801040105,6019.188869702962,4111.784679843983,20.38311989598924,4.906020300634982,149.75469898496624,1.4975469898496625,ladder_lock_1.50R,1190,3.628002012319582,2025-11-24 13:05:00+00:00,2025-11-25 08:55:00+00:00,2025-10-03 00:00:00+00:00
1763998200000,1763998500000,1764060000000,1,breakout_24,4088.895,4066.9607381865785,6183.386919528733,4121.7463927201325,21.93426181342147,4.559077522217341,149.77204612389036,1.4977204612389037,ladder_lock_1.50R,1025,3.023352258858432,2025-11-24 15:35:00+00:00,2025-11-25 08:40:00+00:00,2025-10-03 00:00:00+00:00
1764003600000,1764003900000,1764177000000,1,breakout_24,4098.050000000001,4077.830218220085,6028.8083962115925,4165.8715,20.219781779916048,4.945651792312034,335.42152303228613,3.354215230322861,timeout,2885,3.6953910192155193,2025-11-24 17:05:00+00:00,2025-11-26 17:10:00+00:00,2025-10-03 00:00:00+00:00
1764010800000,1764011100000,1764184200000,1,breakout_24,4121.31,4098.503617674506,6306.141850223865,4163.89,22.80638232549427,4.3847375078078175,186.70212308245655,1.8670212308245655,timeout,2885,2.2563859215179045,2025-11-24 19:05:00+00:00,2025-11-26 19:10:00+00:00,2025-10-03 00:00:00+00:00
1764014400000,1764014700000,1764060900000,1,dip_unconfirmed,4119.294000000001,4097.2813846275085,6228.142921876697,4119.244000000001,22.01261537249229,4.542849557302644,-0.22714247786595856,-0.0022714247786595858,breakeven,770,1.6316098470007843,2025-11-24 20:05:00+00:00,2025-11-25 08:55:00+00:00,2025-10-03 00:00:00+00:00
1764063000000,1764063300000,1764236400000,1,pullback_ema50,4125.530000000001,4102.19947006114,6369.2524639471285,4154.419999999999,23.33052993886031,4.286229256774653,123.82916322821332,1.2382916322821331,timeout,2885,2.0248147009003366,2025-11-25 09:35:00+00:00,2025-11-27 09:40:00+00:00,2025-10-03 00:00:00+00:00
1764072000000,1764072300000,1764082200000,1,pullback_ema20,4134.098500000001,4112.788949099354,6190.244039163981,4112.738949099354,21.309550900647082,4.692731464226373,-100.23463657321219,-1.0023463657321219,stop,165,0.7533241819522115,2025-11-25 12:05:00+00:00,2025-11-25 14:50:00+00:00,2025-10-03 00:00:00+00:00
1764075600000,1764075900000,1764249000000,1,dip_unconfirmed,4130.84,4108.278729070362,6281.405822034238,4149.759999999999,22.56127092963834,4.432374413297426,83.86052389958358,0.8386052389958358,timeout,2885,1.8584945914956235,2025-11-25 13:05:00+00:00,2025-11-27 13:10:00+00:00,2025-10-03 00:00:00+00:00
1764082800000,1764083100000,1764256200000,1,dip_unconfirmed,4126.345000000001,4100.515290425307,6607.986247894625,4157.189999999999,25.82970957469388,3.871510816287804,119.41675112838773,1.1941675112838772,timeout,2885,1.7973488964615847,2025-11-25 15:05:00+00:00,2025-11-27 15:10:00+00:00,2025-10-03 00:00:00+00:00
1764189000000,1764189300000,1764212100000,1,pullback_ema20,4165.955,4147.531024261695,5925.92859809226,4147.481024261695,18.42397573830476,5.4277101435871336,-100.27138550718034,-1.0027138550718033,stop,380,0.10014125214919643,2025-11-26 20:35:00+00:00,2025-11-27 02:55:00+00:00,2025-10-03 00:00:00+00:00
1764192600000,1764192900000,1764212100000,1,dip_unconfirmed,4164.6255,4147.509163776665,5794.942786110174,4147.459163776665,17.116336223334656,5.84237179587944,-100.29211858979504,-1.0029211858979503,stop,320,0.18546609266019748,2025-11-26 21:35:00+00:00,2025-11-27 02:55:00+00:00,2025-10-03 00:00:00+00:00
1764212400000,1764212700000,1764318600000,1,dip_unconfirmed,4146.1585000000005,4129.514983528191,5735.016630709112,4146.1085,16.643516471809562,6.0083456623711635,-0.3004172831196511,-0.003004172831196511,breakeven,1765,2.796975031018687,2025-11-27 03:05:00+00:00,2025-11-28 08:30:00+00:00,2025-10-03 00:00:00+00:00
1764225000000,1764225300000,1764318600000,1,pullback_ema50,4157.45,4141.846281748546,5639.718106894022,4157.4,15.603718251453756,6.408728893235641,-0.3204364446629478,-0.003204364446629478,breakeven,1555,2.259717807754901,2025-11-27 06:35:00+00:00,2025-11-28 08:30:00+00:00,2025-10-03 00:00:00+00:00
1764237600000,1764237900000,1764318300000,1,pullback_ema20,4159.255,4143.462931022845,5657.669828738345,4159.205,15.792068977155395,6.332292503576239,-0.3166146251799638,-0.003166146251799638,breakeven,1340,2.1184684570714265,2025-11-27 10:05:00+00:00,2025-11-28 08:25:00+00:00,2025-10-03 00:00:00+00:00
1764250200000,1764250500000,1764318600000,1,dip_unconfirmed,4153.060000000001,4139.366254953519,5440.740759601604,4153.010000000001,13.693745046482036,7.302604193415322,-0.3651302096720944,-0.003651302096720944,breakeven,1135,2.895482562689082,2025-11-27 13:35:00+00:00,2025-11-28 08:30:00+00:00,2025-10-03 00:00:00+00:00
1764257400000,1764257700000,1764318300000,1,pullback_ema20,4161.72,4147.848716621394,5477.977054482031,4161.67,13.871283378606677,7.209138280184472,-0.360456914010535,-0.00360456914010535,breakeven,1010,2.2341119530291524,2025-11-27 15:35:00+00:00,2025-11-28 08:25:00+00:00,2025-10-03 00:00:00+00:00
1764318600000,1764318900000,1764319500000,1,dip_unconfirmed,4171.309,4149.116378829722,5717.9784958576165,4149.0663788297215,22.19262117027847,4.50600220824412,-100.22530011041303,-1.0022530011041304,stop,10,0.0,2025-11-28 08:35:00+00:00,2025-11-28 08:45:00+00:00,2025-10-03 00:00:00+00:00
1764320400000,1764320700000,1764321600000,1,pullback_ema50,4176.110000000001,4153.463423199027,5837.62110329637,4153.4134231990265,22.64657680097389,4.415678399381739,-100.2207839199699,-1.0022078391996991,stop,15,0.0,2025-11-28 09:05:00+00:00,2025-11-28 09:20:00+00:00,2025-10-03 00:00:00+00:00
1764329400000,1764329700000,1764543900000,1,pullback_ema50,4176.307500000001,4154.915700029816,6058.495697048149,4223.670999999999,21.391799970184366,4.674688438531531,221.40960585838147,2.2140960585838148,timeout,3570,2.3412008372274893,2025-11-28 11:35:00+00:00,2025-11-30 23:05:00+00:00,2025-10-03 00:00:00+00:00
1764333000000,1764333300000,1764543900000,1,pullback_ema20,4177.1435,4156.663575535913,6009.656021944578,4223.670999999999,20.479924464087162,4.882830509231433,227.18589651826179,2.2718589651826178,timeout,3510,2.4046231267286227,2025-11-28 12:35:00+00:00,2025-11-30 23:05:00+00:00,2025-10-03 00:00:00+00:00
1764338400000,1764338700000,1764543900000,1,pullback_ema20,4183.4,4164.065121338338,6027.052987504487,4223.670999999999,19.334878661661605,5.172000391100783,208.28162775001823,2.082816277500182,timeout,3420,2.2234429681342154,2025-11-28 14:05:00+00:00,2025-11-30 23:05:00+00:00,2025-10-03 00:00:00+00:00
1764340200000,1764340500000,1764543900000,1,breakout_24,4197.556500000001,4176.915184099886,6150.546774111315,4223.670999999999,20.641315900114932,4.844652370222346,126.5156743221655,1.265156743221655,timeout,3390,1.396882841168003,2025-11-28 14:35:00+00:00,2025-11-30 23:05:00+00:00,2025-10-03 00:00:00+00:00
1764347400000,1764347700000,1764543900000,1,breakout_24,4210.115000000002,4188.405672156831,6306.838456473684,4223.670999999999,21.709327843170286,4.606314885583148,62.44320458895487,0.6244320458895487,timeout,3270,0.7496777476285569,2025-11-28 16:35:00+00:00,2025-11-30 23:05:00+00:00,2025-10-03 00:00:00+00:00
1764547200000,1764547500000,1764566700000,1,dip_unconfirmed,4222.585,4201.598397870489,6245.758610821563,4222.535,20.986602129511084,4.764944767279945,-0.238247238364864,-0.00238247238364864,breakeven,320,1.5837723417485219,2025-12-01 00:05:00+00:00,2025-12-01 05:25:00+00:00,2025-10-03 00:00:00+00:00
1764552600000,1764552900000,1764567000000,1,breakout_24,4239.4980000000005,4216.749005146306,6408.848490515645,4216.699005146306,22.748994853694057,4.395798611900502,-100.21978993059582,-1.0021978993059582,stop,235,0.717614123392749,2025-12-01 01:35:00+00:00,2025-12-01 05:30:00+00:00,2025-10-03 00:00:00+00:00
1764554400000,1764554700000,1764558900000,1,breakout_24,4256.385,4232.200504778713,6575.650026907389,4232.150504778713,24.184495221286852,4.13488059539822,-100.20674402977066,-1.0020674402977066,stop,70,0.0,2025-12-01 02:05:00+00:00,2025-12-01 03:15:00+00:00,2025-10-03 00:00:00+00:00
1764568800000,1764569100000,1764637800000,1,pullback_ema20,4230.4400000000005,4205.313153803388,6642.997773464604,4205.2631538033875,25.12684619661286,3.979807064424988,-100.19899035322197,-1.0019899035322197,stop,1145,1.3380111350596766,2025-12-01 06:05:00+00:00,2025-12-02 01:10:00+00:00,2025-10-03 00:00:00+00:00
1764570600000,1764570900000,1764637800000,1,pullback_ema20,4232.425000000001,4207.977214246002,6582.255789645703,4207.927214246002,24.447785753998687,4.090349981230671,-100.20451749906226,-1.0020451749906227,stop,1115,1.2939822165622945,2025-12-01 06:35:00+00:00,2025-12-02 01:10:00+00:00,2025-10-03 00:00:00+00:00
1764635400000,1764635700000,1764637800000,1,dip_unconfirmed,4226.01,4204.509518178379,6280.057700340487,4204.459518178379,21.50048182162118,4.651058559043018,-100.232552927953,-1.00232552927953,stop,35,0.14720600339370982,2025-12-02 00:35:00+00:00,2025-12-02 01:10:00+00:00,2025-10-03 00:00:00+00:00
1764685800000,1764686100000,1764688500000,1,breakout_24,4228.32,4205.586022540538,6422.9837684867525,4205.5360225405375,22.73397745946204,4.3987023466665445,-100.21993511733413,-1.0021993511733414,stop,40,0.0290314354880328,2025-12-02 14:35:00+00:00,2025-12-02 15:15:00+00:00,2025-10-03 00:00:00+00:00
1764734400000,1764734700000,1764741000000,1,dip_unconfirmed,4221.865,4203.0798866600435,6017.591220655776,4203.029886660043,18.785113339956297,5.323364208151892,-100.26616821040855,-1.0026616821040855,stop,105,0.1579175992348499,2025-12-03 04:05:00+00:00,2025-12-03 05:50:00+00:00,2025-10-03 00:00:00+00:00
1764739800000,1764740100000,1764741000000,1,dip_unconfirmed,4221.1935,4203.737483962141,5887.839087748076,4203.6874839621405,17.456016037859627,5.728684012612853,-100.28643420063169,-1.0028643420063168,stop,15,0.0,2025-12-03 05:35:00+00:00,2025-12-03 05:50:00+00:00,2025-10-03 00:00:00+00:00
1764741600000,1764741900000,1764773700000,1,dip_unconfirmed,4208.458500000002,4189.59434225056,6006.310117194651,4208.408500000001,18.8641577494418,5.30105829945994,-0.2650529149739613,-0.0026505291497396126,breakeven,530,1.7255739923486317,2025-12-03 06:05:00+00:00,2025-12-03 14:55:00+00:00,2025-10-03 00:00:00+00:00
1764747000000,1764747300000,1764781200000,1,dip_unconfirmed,4203.14,4185.5195752275795,5897.562052469619,4203.09,17.620424772420847,5.675232083877915,-0.2837616041949281,-0.0028376160419492807,breakeven,565,2.1492103901645603,2025-12-03 07:35:00+00:00,2025-12-03 17:00:00+00:00,2025-10-03 00:00:00+00:00
1764770400000,1764770700000,1764771000000,1,breakout_24,4237.905000000001,4219.6557224079015,5987.58348161771,4219.605722407901,18.249277592099133,5.479668961980946,-100.27398344810004,-1.0027398344810003,stop,5,0.1306901047432077,2025-12-03 14:05:00+00:00,2025-12-03 14:10:00+00:00,2025-10-03 00:00:00+00:00
1764774000000,1764774300000,1764817500000,1,dip_unconfirmed,4211.844999999999,4189.132867790487,6528.3460887418005,4189.0828677904865,22.712132209512674,4.402933158257873,-100.22014665791369,-1.0022014665791368,stop,720,0.7533418633779477,2025-12-03 15:05:00+00:00,2025-12-04 03:05:00+00:00,2025-10-03 00:00:00+00:00
1764865800000,1764866100000,1764897300000,1,breakout_24,4216.910000000001,4195.969491144135,6227.520376730668,4195.919491144135,20.940508855866028,4.7754331419690965,-100.23877165709932,-1.0023877165709931,stop,520,0.011699811197775642,2025-12-04 16:35:00+00:00,2025-12-05 01:15:00+00:00,2025-10-03 00:00:00+00:00
1764869400000,1764869700000,1764951300000,1,dip_unconfirmed,4211.81,4191.3370357314225,6182.633462589194,4211.76,20.472964268577925,4.884490525560132,-0.24422452627889507,-0.0024422452627889508,breakeven,1360,2.2957105470132175,2025-12-04 17:35:00+00:00,2025-12-05 16:15:00+00:00,2025-10-03 00:00:00+00:00
1764874800000,1764875100000,1764951300000,1,dip_unconfirmed,4208.625000000001,4189.274973579422,6062.777615637175,4208.575000000001,19.350026420578615,5.167951599985968,-0.25839758000023844,-0.0025839758000023843,breakeven,1270,2.5935365104528847,2025-12-04 19:05:00+00:00,2025-12-05 16:15:00+00:00,2025-10-03 00:00:00+00:00
1764876600000,1764876900000,1764951300000,1,dip_unconfirmed,4205.485000000001,4186.060332609463,6071.0270716630785,4205.435,19.424667390537252,5.148093297531319,-0.25740466487750235,-0.0025740466487750237,breakeven,1240,2.7452207509085196,2025-12-04 19:35:00+00:00,2025-12-05 16:15:00+00:00,2025-10-03 00:00:00+00:00
1764878400000,1764878700000,1764951300000,1,pullback_ema20,4209.44,4190.692451708788,6025.44728083,4209.389999999999,18.747548291211388,5.33403079947679,-0.2667015399748098,-0.002667015399748098,breakeven,1210,2.633411005701685,2025-12-04 20:05:00+00:00,2025-12-05 16:15:00+00:00,2025-10-03 00:00:00+00:00
1764898200000,1764898500000,1764951300000,1,dip_unconfirmed,4200.478500000001,4185.467755377257,5618.1922176515745,4222.944616934116,15.010744622743914,6.661894696981417,149.66690526514668,1.4966690526514668,ladder_lock_1.50R,880,3.8859831051696094,2025-12-05 01:35:00+00:00,2025-12-05 16:15:00+00:00,2025-10-03 00:00:00+00:00
1764952200000,1764952500000,1764969900000,1,dip_unconfirmed,4217.365000000001,4192.764133158104,6581.850817347722,4192.714133158104,24.600866841896277,4.064897413683648,-100.20324487068493,-1.0020324487068493,stop,290,0.0768265611185973,2025-12-05 16:35:00+00:00,2025-12-05 21:25:00+00:00,2025-10-03 00:00:00+00:00
1764954000000,1764954300000,1765148700000,1,dip_unconfirmed,4214.775000000001,4190.451337932525,6553.817544680032,4193.88,24.323662067475198,4.111223043742115,-85.90400549899329,-0.8590400549899329,timeout,3240,0.18418279235962878,2025-12-05 17:05:00+00:00,2025-12-07 23:05:00+00:00,2025-10-03 00:00:00+00:00
1764961200000,1764961500000,1765148700000,1,dip_unconfirmed,4209.652,4186.352161018608,6447.136059157801,4193.88,23.299838981391986,4.291875153294548,-67.69145491776133,-0.6769145491776133,timeout,3120,0.029871451066965336,2025-12-05 19:05:00+00:00,2025-12-07 23:05:00+00:00,2025-10-03 00:00:00+00:00
1764966600000,1764966900000,1765148700000,1,dip_unconfirmed,4203.665,4182.289803483193,6261.309455163888,4193.88,21.37519651680668,4.6783195617113025,-45.77735691134441,-0.45777356911344413,timeout,3030,0.0591807424556633,2025-12-05 20:35:00+00:00,2025-12-07 23:05:00+00:00,2025-10-03 00:00:00+00:00
1764968400000,1764968700000,1765148700000,1,dip_unconfirmed,4202.72,4182.038388948679,6199.199494080748,4193.88,20.681611051320942,4.835213260313827,-42.743285221174936,-0.42743285221174937,timeout,3000,0.0,2025-12-05 21:05:00+00:00,2025-12-07 23:05:00+00:00,2025-10-03 00:00:00+00:00
1765272600000,1765272900000,1765289700000,1,breakout_24,4207.835000000001,4191.139560398382,5800.18352056012,4191.089560398382,16.695439601619,5.989659594845453,-100.29948297974336,-1.0029948297974336,stop,280,0.045521412920729566,2025-12-09 09:35:00+00:00,2025-12-09 14:15:00+00:00,2025-10-03 00:00:00+00:00
1765328400000,1765328700000,1765357500000,1,dip_unconfirmed,4209.017,4194.858142002445,5544.5439417579655,4194.808142002445,14.15885799755506,7.0627164999654575,-100.35313582499955,-1.0035313582499956,stop,480,0.6566913801668366,2025-12-10 01:05:00+00:00,2025-12-10 09:05:00+00:00,2025-10-03 00:00:00+00:00
1765330200000,1765330500000,1765343700000,1,pullback_ema20,4217.58,4202.766489002271,5615.617588775256,4202.7164890022705,14.813510997729281,6.75059410394529,-100.33752970519849,-1.003375297051985,stop,220,0.049616866664037175,2025-12-10 01:35:00+00:00,2025-12-10 05:15:00+00:00,2025-10-03 00:00:00+00:00
1765333800000,1765334100000,1765354500000,1,dip_unconfirmed,4214.465,4199.757834905019,5591.824344403144,4199.707834905019,14.707165094981065,6.799406911813738,-100.33997034559192,-1.0033997034559192,stop,340,0.26177716610485363,2025-12-10 02:35:00+00:00,2025-12-10 08:15:00+00:00,2025-10-03 00:00:00+00:00
1765339200000,1765339500000,1765360800000,1,dip_unconfirmed,4206.974999999999,4192.3871861466205,5593.1685714845935,4192.33718614662,14.587813853378975,6.855036745402191,-100.34275183727135,-1.0034275183727135,stop,355,0.4728604346978526,2025-12-10 04:05:00+00:00,2025-12-10 10:00:00+00:00,2025-10-03 00:00:00+00:00
1765413000000,1765413300000,1765421100000,1,breakout_24,4241.727000000001,4219.996222343762,6332.023987967504,4219.946222343762,21.730777656238388,4.601768127303644,-100.23008840636601,-1.00230088406366,stop,130,0.24840344351177338,2025-12-11 00:35:00+00:00,2025-12-11 02:45:00+00:00,2025-10-03 00:00:00+00:00
1765416600000,1765416900000,1765422600000,1,dip_unconfirmed,4236.825000000001,4215.091138143347,6327.4773238087,4215.041138143347,21.733861856653675,4.601115101382025,-100.23005575506993,-1.0023005575506994,stop,95,0.1575881922223009,2025-12-11 01:35:00+00:00,2025-12-11 03:10:00+00:00,2025-10-03 00:00:00+00:00
1765422000000,1765422300000,1765555200000,1,dip_unconfirmed,4222.858500000001,4201.598988156316,6274.700172524669,4290.838937899793,21.259511843684777,4.703776866339732,319.76481115668383,3.1976481115668385,ladder_lock_3.20R,2215,6.114510105207974,2025-12-11 03:05:00+00:00,2025-12-12 16:00:00+00:00,2025-10-03 00:00:00+00:00
1765423800000,1765424100000,1765555200000,1,dip_unconfirmed,4213.69,4191.569131859436,6338.805945915768,4284.426778049802,22.12086814056329,4.520618239960884,319.773969088002,3.1977396908800197,ladder_lock_3.20R,2185,6.290892342729601,2025-12-11 03:35:00+00:00,2025-12-12 16:00:00+00:00,2025-10-03 00:00:00+00:00
1765425600000,1765425900000,1765555200000,1,pullback_ema50,4217.352,4196.003943869477,6283.609556921783,4285.615779617674,21.34805613052322,4.6842672414103825,319.7657866379286,3.197657866379286,ladder_lock_3.20R,2155,6.3470884267662635,2025-12-11 04:05:00+00:00,2025-12-12 16:00:00+00:00,2025-10-03 00:00:00+00:00
1765429200000,1765429500000,1765555500000,1,pullback_ema50,4214.185,4193.477635275212,6204.214107754001,4280.398567119322,20.70736472478802,4.829199723337741,319.758540013834,3.1975854001383404,ladder_lock_3.20R,2100,6.696409796366276,2025-12-11 05:05:00+00:00,2025-12-12 16:05:00+00:00,2025-10-03 00:00:00+00:00
1765432800000,1765433100000,1765556700000,1,dip_unconfirmed,4208.12,4188.259884497505,6105.27143474708,4271.622369607985,19.86011550249532,5.035217443092692,319.7482391278463,3.1974823912784633,ladder_lock_3.20R,2060,7.287470205388076,2025-12-11 06:05:00+00:00,2025-12-12 16:25:00+00:00,2025-10-03 00:00:00+00:00
1765555200000,1765555500000,1765557900000,1,dip_unconfirmed,4291.238,4259.243990501213,7382.6449403799215,4259.193990501213,31.99400949878691,3.1255851194202973,-100.15627925597158,-1.001562792559716,stop,40,0.14508966124348474,2025-12-12 16:05:00+00:00,2025-12-12 16:45:00+00:00,2025-10-03 00:00:00+00:00
1765557000000,1765557300000,1765557900000,1,dip_unconfirmed,4290.670000000001,4257.429134036841,7505.01573035279,4257.379134036841,33.240865963160104,3.0083452131128934,-100.1504172606562,-1.0015041726065619,stop,10,0.0,2025-12-12 16:35:00+00:00,2025-12-12 16:45:00+00:00,2025-10-03 00:00:00+00:00
1765558800000,1765559100000,1765753500000,1,dip_unconfirmed,4282.679999999999,4247.059553034209,7728.104249613303,4301.163,35.62044696579051,2.807376339102059,51.88873687562385,0.5188873687562385,timeout,3240,0.5807057957432722,2025-12-12 17:05:00+00:00,2025-12-14 23:05:00+00:00,2025-10-03 00:00:00+00:00
1765562400000,1765562700000,1765753500000,1,pullback_ema50,4294.935,4259.326043177455,7761.221725431886,4301.163,35.608956822545224,2.808282211083663,17.489981610626685,0.17489981610626684,timeout,3180,0.23673819039433544,2025-12-12 18:05:00+00:00,2025-12-14 23:05:00+00:00,2025-10-03 00:00:00+00:00
1765573200000,1765573500000,1765753500000,1,pullback_ema50,4299.950000000001,4269.343305147532,7272.012790394267,4301.163,30.606694852468536,3.2672590255832428,3.963185198028646,0.03963185198028646,timeout,3000,0.11157689572363684,2025-12-12 21:05:00+00:00,2025-12-14 23:05:00+00:00,2025-10-03 00:00:00+00:00
1765755000000,1765755300000,1765815000000,1,pullback_ema20,4305.740000000001,4277.583057364844,7003.277320880536,4305.6900000000005,28.156942635157066,3.55152195661822,-0.177576097831557,-0.00177576097831557,breakeven,995,1.5623145087163148,2025-12-14 23:35:00+00:00,2025-12-15 16:10:00+00:00,2025-10-03 00:00:00+00:00
1765758600000,1765758900000,1765815000000,1,dip_unconfirmed,4302.820000000001,4276.830748442135,6814.255904228605,4302.77,25.989251557865828,3.847744509969711,-0.19238722549918544,-0.0019238722549918543,breakeven,935,1.804976949626751,2025-12-15 00:35:00+00:00,2025-12-15 16:10:00+00:00,2025-10-03 00:00:00+00:00
1765760400000,1765760700000,1765814700000,1,pullback_ema20,4308.301500000001,4283.178266410555,6724.501625355134,4308.251500000001,25.1232335894465,3.9803793426498624,-0.19901896713321715,-0.0019901896713321716,breakeven,900,1.6490114559696252,2025-12-15 01:05:00+00:00,2025-12-15 16:05:00+00:00,2025-10-03 00:00:00+00:00
1765778400000,1765778700000,1765808700000,1,breakout_24,4344.260000000001,4323.717039274228,6314.013111851352,4323.667039274228,20.5429607257729,4.867847499437676,-100.24339237497277,-1.0024339237497277,stop,500,0.26627125821916475,2025-12-15 06:05:00+00:00,2025-12-15 14:25:00+00:00,2025-10-03 00:00:00+00:00
1765805400000,1765805700000,1765808700000,1,dip_unconfirmed,4340.35,4324.147355650532,5882.411790597333,4324.097355650531,16.202644349468756,6.17183206908314,-100.30859160345528,-1.0030859160345529,stop,50,0.22558046212497307,2025-12-15 13:35:00+00:00,2025-12-15 14:25:00+00:00,2025-10-03 00:00:00+00:00
1765809000000,1765809300000,1765814700000,1,dip_unconfirmed,4325.598,4307.808276045612,6052.980671484434,4307.758276045612,17.789723954388137,5.621222693302855,-100.28106113466616,-1.0028106113466615,stop,90,0.5110815672750756,2025-12-15 14:35:00+00:00,2025-12-15 16:05:00+00:00,2025-10-03 00:00:00+00:00
1765810800000,1765811100000,1765815000000,1,dip_unconfirmed,4324.527,4305.042684899497,6179.7741949498195,4304.992684899496,19.48431510050341,5.1323333401345135,-100.25661666700766,-1.0025661666700767,stop,65,0.14514238685902608,2025-12-15 15:05:00+00:00,2025-12-15 16:10:00+00:00,2025-10-03 00:00:00+00:00
1765895400000,1765895700000,1765902000000,1,breakout_24,4326.3150000000005,4305.512488708107,6336.763617897338,4305.462488708107,20.802511291893097,4.807111920134892,-100.24035559600762,-1.0024035559600761,stop,105,0.3958656666230489,2025-12-16 14:35:00+00:00,2025-12-16 16:20:00+00:00,2025-10-03 00:00:00+00:00
1765902600000,1765902900000,1766069400000,1,dip_unconfirmed,4308.335,4284.456796829246,6617.777113904778,4308.285,23.878203170754205,4.187919806398123,-0.20939599032066794,-0.0020939599032066794,breakeven,2775,1.6917102057945401,2025-12-16 16:35:00+00:00,2025-12-18 14:50:00+00:00,2025-10-03 00:00:00+00:00
1765904400000,1765904700000,1766077800000,1,dip_unconfirmed,4301.175000000001,4276.624882770013,6677.636605768732,4329.08,24.550117229988246,4.073300304971614,113.66544501022814,1.1366544501022815,timeout,2885,2.968824927278496,2025-12-16 17:05:00+00:00,2025-12-18 17:10:00+00:00,2025-10-03 00:00:00+00:00
1765906200000,1765906500000,1766079600000,1,pullback_ema20,4303.57,4279.235605429298,6662.175062499534,4336.595,24.33439457070199,4.10940981948232,135.71325928840585,1.3571325928840585,timeout,2885,2.8967229817530784,2025-12-16 17:35:00+00:00,2025-12-18 17:40:00+00:00,2025-10-03 00:00:00+00:00
1765908000000,1765908300000,1766081400000,1,pullback_ema20,4304.0650000000005,4280.345562184348,6613.289343749579,4337.3285,23.719437815652782,4.215951523691199,140.23730350829845,1.4023730350829846,timeout,2885,2.950955269007612,2025-12-16 18:05:00+00:00,2025-12-18 18:10:00+00:00,2025-10-03 00:00:00+00:00
1765911600000,1765911900000,1766069100000,1,pullback_ema20,4311.950000000001,4288.527423516096,6577.785071906534,4311.900000000001,23.422576483904777,4.269385140815602,-0.21346925704155667,-0.002134692570415567,breakeven,2620,1.5702798547919674,2025-12-16 19:05:00+00:00,2025-12-18 14:45:00+00:00,2025-10-03 00:00:00+00:00
1766071800000,1766072100000,1766077800000,1,pullback_ema20,4333.625,4313.83704757151,6238.132290420466,4333.575,19.787952428489916,5.053579967982131,-0.2526789984000258,-0.0025267899840002578,breakeven,95,2.043415060053549,2025-12-18 15:35:00+00:00,2025-12-18 17:10:00+00:00,2025-10-03 00:00:00+00:00
1766075400000,1766075700000,1766077800000,1,breakout_24,4368.040000000001,4344.09296448768,6667.79651571969,4344.0429644876795,23.947035512321236,4.1758822276163565,-100.20879411138158,-1.0020879411138157,stop,35,0.13258426072678894,2025-12-18 16:35:00+00:00,2025-12-18 17:10:00+00:00,2025-10-03 00:00:00+00:00
1766079000000,1766079300000,1766358300000,1,dip_unconfirmed,4328.710000000001,4299.989545910296,7099.534954880764,4339.064499999999,28.720454089704617,3.4818390993284076,36.05270295398779,0.3605270295398779,timeout,4650,0.9536757293059989,2025-12-18 17:35:00+00:00,2025-12-21 23:05:00+00:00,2025-10-03 00:00:00+00:00
1766080800000,1766081100000,1766358300000,1,pullback_ema50,4334.175,4305.049935488131,7141.556386674995,4339.064499999999,29.125064511868914,3.433468789717134,16.787945647316455,0.16787945647316455,timeout,4620,0.7527880321454565,2025-12-18 18:05:00+00:00,2025-12-21 23:05:00+00:00,2025-10-03 00:00:00+00:00
1766084400000,1766084700000,1766358300000,1,dip_unconfirmed,4332.522,4304.018163762726,7087.551787490176,4339.064499999999,28.5038362372743,3.5082996957872843,22.953050759683585,0.22953050759683585,timeout,4560,0.8271869022727091,2025-12-18 19:05:00+00:00,2025-12-21 23:05:00+00:00,2025-10-03 00:00:00+00:00
1766086200000,1766086500000,1766358300000,1,pullback_ema50,4334.4745,4306.797116351103,7004.935481240873,4339.064499999999,27.677383648897376,3.613058274169056,16.58393747842992,0.1658393747842992,timeout,4530,0.7813419170804,2025-12-18 19:35:00+00:00,2025-12-21 23:05:00+00:00,2025-10-03 00:00:00+00:00
1766089800000,1766090100000,1766358300000,1,pullback_ema50,4333.150000000001,4306.015230425185,6954.492187906663,4339.064499999999,27.134769574815436,3.685308612047802,21.79675778594951,0.21796757785949508,timeout,4470,0.8457783264649303,2025-12-18 20:35:00+00:00,2025-12-21 23:05:00+00:00,2025-10-03 00:00:00+00:00
1766359800000,1766360100000,1766533200000,1,pullback_ema20,4349.662,4333.666877337279,5854.829143609322,4504.49,15.99512266272086,6.251905790823703,967.9700697816493,9.679700697816493,timeout,2885,9.352726024956384,2025-12-21 23:35:00+00:00,2025-12-23 23:40:00+00:00,2025-10-03 00:00:00+00:00
1766363400000,1766363700000,1766536800000,1,breakout_24,4364.6165,4347.606503928572,5923.456111071293,4514.8814999999995,17.00999607142785,5.87889612555365,883.3923263063158,8.833923263063157,timeout,2885,8.849032026105808,2025-12-22 00:35:00+00:00,2025-12-24 00:40:00+00:00,2025-10-03 00:00:00+00:00
1766367000000,1766367300000,1766540400000,1,breakout_24,4369.015,4352.31036818331,5933.773549852294,4521.04,16.70463181669038,5.986363608450521,910.0769275746883,9.100769275746883,timeout,2885,9.355309456378222,2025-12-22 01:35:00+00:00,2025-12-24 01:40:00+00:00,2025-10-03 00:00:00+00:00
1766368800000,1766369100000,1766502300000,1,breakout_24,4383.652,4365.822627598788,6075.059867719984,4440.655991683878,17.829372401211913,5.60872237954953,319.71956388102046,3.1971956388102045,ladder_lock_3.20R,2220,6.3582159511287495,2025-12-22 02:05:00+00:00,2025-12-23 15:05:00+00:00,2025-10-03 00:00:00+00:00
1766372400000,1766372700000,1766502000000,1,breakout_24,4386.9400000000005,4369.093882980588,6060.705584921826,4443.99757446212,17.846117019412304,5.603459838979198,319.71982700805,3.1971982700805,ladder_lock_3.20R,2155,6.168008417756342,2025-12-22 03:05:00+00:00,2025-12-23 15:00:00+00:00,2025-10-03 00:00:00+00:00
1766502000000,1766502300000,1766545200000,1,dip_unconfirmed,4447.265,4424.243589421611,6657.384647260444,4481.7471158675835,23.021410578388895,4.343782482810759,149.78281087585867,1.4978281087585867,ladder_lock_1.50R,715,3.389323157862753,2025-12-23 15:05:00+00:00,2025-12-24 03:00:00+00:00,2025-10-03 00:00:00+00:00
1766503800000,1766504100000,1766545200000,1,dip_unconfirmed,4443.4085000000005,4418.916261605782,6804.140101027553,4480.0968575913275,24.492238394218475,4.082926125021123,149.79585369374635,1.4979585369374635,ladder_lock_1.50R,685,3.3432428135816674,2025-12-23 15:35:00+00:00,2025-12-24 03:00:00+00:00,2025-10-03 00:00:00+00:00
1766534400000,1766534700000,1766545200000,1,breakout_24,4504.300000000001,4480.486294766728,6778.356818093966,4480.436294766728,23.81370523327314,4.1992625263655885,-100.20996312631904,-1.0020996312631905,stop,175,0.8815091895346341,2025-12-24 00:05:00+00:00,2025-12-24 03:00:00+00:00,2025-10-03 00:00:00+00:00
1766539800000,1766540100000,1766545200000,1,breakout_24,4522.457,4497.600778280795,6905.022950201323,4497.5507782807945,24.856221719205678,4.023137592256546,-100.20115687961356,-1.0020115687961357,stop,85,0.016555211192105537,2025-12-24 01:35:00+00:00,2025-12-24 03:00:00+00:00,2025-10-03 00:00:00+00:00
1766543400000,1766543700000,1766545200000,1,dip_unconfirmed,4507.856000000001,4483.516614946196,6835.855120326645,4483.4666149461955,24.339385053805017,4.10856723696751,-100.20542836184912,-1.0020542836184911,stop,25,0.15195535925922335,2025-12-24 02:35:00+00:00,2025-12-24 03:00:00+00:00,2025-10-03 00:00:00+00:00
1766545200000,1766545500000,1766591100000,1,dip_unconfirmed,4478.880000000001,4450.72521387861,7169.703826017592,4450.67521387861,28.154786121391226,3.5517939851804727,-100.17758969925967,-1.0017758969925967,stop,760,0.777789605844722,2025-12-24 03:05:00+00:00,2025-12-24 15:45:00+00:00,2025-10-03 00:00:00+00:00
1766709000000,1766709300000,1766963100000,1,breakout_24,4508.0650000000005,4483.168868411784,6890.782027233327,4539.825999999999,24.89613158821612,4.016688281296367,127.5740365022483,1.275740365022483,timeout,4230,1.6588119264097645,2025-12-26 00:35:00+00:00,2025-12-28 23:05:00+00:00,2025-10-03 00:00:00+00:00
1766710800000,1766711100000,1766716500000,1,breakout_24,4518.958500000001,4493.5852349538,6926.061739573809,4493.5352349538,25.373265046200686,3.9411561664577217,-100.1970578083236,-1.001970578083236,stop,90,0.45329207648511105,2025-12-26 01:05:00+00:00,2025-12-26 02:35:00+00:00,2025-10-03 00:00:00+00:00
1766714400000,1766714700000,1766963100000,1,dip_unconfirmed,4504.860500000001,4477.373182179553,7162.0549642243495,4539.825999999999,27.48731782044797,3.6380413925148214,127.20593630997126,1.2720593630997126,timeout,4140,1.6190193707038938,2025-12-26 02:05:00+00:00,2025-12-28 23:05:00+00:00,2025-10-03 00:00:00+00:00
1766716200000,1766716500000,1766963100000,1,dip_unconfirmed,4503.160000000001,4475.576526309584,7133.923895351194,4539.825999999999,27.583473690417122,3.6253591959573015,132.92742027896443,1.3292742027896443,timeout,4110,1.6750247093081347,2025-12-26 02:35:00+00:00,2025-12-28 23:05:00+00:00,2025-10-03 00:00:00+00:00
1766718000000,1766718300000,1766963100000,1,pullback_ema20,4509.968500000001,4481.818274430328,7190.14083139755,4539.825999999999,28.15022556967324,3.5523694029554016,106.0648694487347,1.060648694487347,timeout,4080,1.3994381644472451,2025-12-26 03:05:00+00:00,2025-12-28 23:05:00+00:00,2025-10-03 00:00:00+00:00
1766721600000,1766721900000,1766963100000,1,dip_unconfirmed,4502.982500000001,4475.816999381252,7094.467061256045,4539.825999999999,27.16550061874932,3.6811395969997744,135.62606674205432,1.3562606674205433,timeout,4020,1.7073309507864547,2025-12-26 04:05:00+00:00,2025-12-28 23:05:00+00:00,2025-10-03 00:00:00+00:00
1766966400000,1766966700000,1766967900000,1,dip_unconfirmed,4528.428500000001,4501.849414119617,7033.058002157917,4501.799414119617,26.5790858803839,3.7623566306997325,-100.18811783153568,-1.0018811783153567,stop,20,0.0,2025-12-29 00:05:00+00:00,2025-12-29 00:25:00+00:00,2025-10-03 00:00:00+00:00
1766968200000,1766968500000,1766991900000,1,dip_unconfirmed,4488.734000000001,4457.124205968215,7455.203609146631,4457.074205968215,31.609794031785896,3.1635764503698725,-100.15817882251908,-1.0015817882251907,stop,390,0.9862765941672661,2025-12-29 00:35:00+00:00,2025-12-29 07:05:00+00:00,2025-10-03 00:00:00+00:00
1766980800000,1766981100000,1766990100000,1,pullback_ema50,4517.155500000001,4486.0650363540235,7523.911400951596,4486.015036354023,31.090463645977252,3.2164203512268577,-100.16082101756193,-1.0016082101756192,stop,150,0.05601396041658928,2025-12-29 04:05:00+00:00,2025-12-29 06:35:00+00:00,2025-10-03 00:00:00+00:00
1766984400000,1766984700000,1766990100000,1,pullback_ema50,4516.482,4487.427319611378,7321.495358473587,4487.377319611378,29.05468038862182,3.44178626859586,-100.17208931343042,-1.0017208931343042,stop,90,0.07661416233893208,2025-12-29 05:05:00+00:00,2025-12-29 06:35:00+00:00,2025-10-03 00:00:00+00:00
1767072600000,1767072900000,1767124500000,1,breakout_24,4373.21,4341.926046114474,7393.321434667059,4341.876046114474,31.28395388552599,3.1965268957344475,-100.1598263447873,-1.001598263447873,stop,860,0.970034034414043,2025-12-30 05:35:00+00:00,2025-12-30 19:55:00+00:00,2025-10-03 00:00:00+00:00
1767074400000,1767074700000,1767124200000,1,breakout_24,4378.517,4348.223542820582,7297.019260762279,4348.173542820582,30.2934571794176,3.3010428426090432,-100.16505214213106,-1.0016505214213105,stop,825,0.8265646225750868,2025-12-30 06:05:00+00:00,2025-12-30 19:50:00+00:00,2025-10-03 00:00:00+00:00
1767092400000,1767092700000,1767106200000,1,breakout_24,4386.490000000001,4356.513927759501,7195.121151809402,4356.463927759501,29.97607224049989,3.335994095480348,-100.16679970477462,-1.0016679970477462,stop,225,0.5693374323051201,2025-12-30 11:05:00+00:00,2025-12-30 14:50:00+00:00,2025-10-03 00:00:00+00:00
1767097800000,1767098100000,1767105900000,1,breakout_24,4394.6900000000005,4367.127038005694,7043.423237436316,4367.077038005694,27.562961994306534,3.6280571014340266,-100.18140285507236,-1.0018140285507235,stop,130,0.32168168289861815,2025-12-30 12:35:00+00:00,2025-12-30 14:45:00+00:00,2025-10-03 00:00:00+00:00
1767315600000,1767315900000,1767364500000,1,breakout_24,4354.947,4326.444872919228,7094.807580996443,4354.897,28.50212708077197,3.5085100742344855,-0.17542550371236246,-0.0017542550371236246,breakeven,810,1.632141343983523,2026-01-02 01:05:00+00:00,2026-01-02 14:35:00+00:00,2025-10-03 00:00:00+00:00
1767322800000,1767323100000,1767366900000,1,breakout_24,4363.81,4336.60091066082,6976.509844578826,4336.55091066082,27.209089339180537,3.6752424439285454,-100.1837621221971,-1.0018376212219708,stop,730,1.3839676708979545,2026-01-02 03:05:00+00:00,2026-01-02 15:15:00+00:00,2025-10-03 00:00:00+00:00
1767324600000,1767324900000,1767366300000,1,breakout_24,4370.197,4343.32041704219,6934.428712823202,4343.270417042189,26.87658295781057,3.7207110798636376,-100.18603555399386,-1.0018603555399386,stop,690,1.1634477511179726,2026-01-02 03:35:00+00:00,2026-01-02 15:05:00+00:00,2025-10-03 00:00:00+00:00
1767326400000,1767326700000,1767364800000,1,breakout_24,4375.897500000001,4350.029280110604,6865.601269050124,4349.979280110604,25.86821988939664,3.865747253872305,-100.19328736269432,-1.0019328736269433,stop,635,0.9884329153425905,2026-01-02 04:05:00+00:00,2026-01-02 14:40:00+00:00,2025-10-03 00:00:00+00:00
1767331800000,1767332100000,1767364500000,1,breakout_24,4379.47,4355.757130613338,6645.3940692795695,4355.7071306133375,23.712869386662533,4.217119335893011,-100.21085596679542,-1.0021085596679542,stop,540,0.9276186547197144,2026-01-02 05:35:00+00:00,2026-01-02 14:35:00+00:00,2025-10-03 00:00:00+00:00
1767594600000,1767594900000,1767619800000,1,breakout_24,4425.0285,4398.2244377572915,6981.13066202812,4398.174437757291,26.804062242708824,3.730777786385784,-100.18653888931996,-1.0018653888931996,stop,415,0.5372879629063805,2026-01-05 06:35:00+00:00,2026-01-05 13:30:00+00:00,2026-01-03 00:00:00+00:00
1767601800000,1767602100000,1767619500000,1,breakout_24,4427.447,4403.037234154675,6767.463818687135,4402.987234154675,24.409765845324728,4.09672098592266,-100.20483604929687,-1.0020483604929686,stop,290,0.4909100757431568,2026-01-05 08:35:00+00:00,2026-01-05 13:25:00+00:00,2026-01-03 00:00:00+00:00
1767607200000,1767607500000,1767612600000,1,breakout_24,4435.692,4412.588780954016,6647.710685552333,4412.538780954016,23.10321904598368,4.328401154876478,-100.21642005774461,-1.002164200577446,stop,85,0.1617956351693344,2026-01-05 10:05:00+00:00,2026-01-05 11:30:00+00:00,2026-01-03 00:00:00+00:00
1767618000000,1767618300000,1767765000000,1,dip_unconfirmed,4410.370000000001,4386.982989717543,6661.6840179631545,4445.400515423687,23.387010282457595,4.275877882304998,149.78620610588203,1.4978620610588202,ladder_lock_1.50R,2445,3.826055529086494,2026-01-05 13:05:00+00:00,2026-01-07 05:50:00+00:00,2026-01-03 00:00:00+00:00
1767619800000,1767620100000,1767791400000,1,dip_unconfirmed,4400.532,4375.404919023433,6803.413016680065,4438.172621464851,25.127080976567413,3.979769878294112,149.80101150608274,1.4980101150608274,ladder_lock_1.50R,2855,3.952627847724155,2026-01-05 13:35:00+00:00,2026-01-07 13:10:00+00:00,2026-01-03 00:00:00+00:00
1767627000000,1767627300000,1767765000000,1,breakout_24,4445.3865000000005,4416.560064145884,7224.703649557444,4445.3365,28.826435854116426,3.469037952040816,-0.17345189760267182,-0.0017345189760267182,breakeven,2295,1.8893594850097444,2026-01-05 15:35:00+00:00,2026-01-07 05:50:00+00:00,2026-01-03 00:00:00+00:00
1767637800000,1767638100000,1767768600000,1,dip_unconfirmed,4441.85,4414.298285226664,7119.469762560291,4441.8,27.551714773336244,3.6295381548003363,-0.181476907740677,-0.0018147690774067702,breakeven,2175,2.105132129784195,2026-01-05 18:35:00+00:00,2026-01-07 06:50:00+00:00,2026-01-03 00:00:00+00:00
1767643200000,1767643500000,1767788400000,1,dip_unconfirmed,4440.471500000001,4414.263212697879,6970.441942909958,4440.4215,26.20828730212179,3.8155869877046156,-0.19077934938592483,-0.0019077934938592483,breakeven,2415,2.2656383194941774,2026-01-05 20:05:00+00:00,2026-01-07 12:20:00+00:00,2026-01-03 00:00:00+00:00
1767776400000,1767776700000,1767787200000,1,pullback_ema50,4468.925000000001,4446.351789203164,6652.172868886768,4446.301789203164,22.573210796836975,4.430029954534084,-100.2215014977275,-1.002215014977275,stop,175,0.0,2026-01-07 09:05:00+00:00,2026-01-07 12:00:00+00:00,2026-01-03 00:00:00+00:00
1767886200000,1767886500000,1768172700000,1,breakout_24,4448.52,4422.873725551129,6909.651170438308,4519.358,25.646274448871736,3.8992018197169114,276.21165850510556,2.7621165850510554,timeout,4770,2.6500730207614662,2026-01-08 15:35:00+00:00,2026-01-11 23:05:00+00:00,2026-01-03 00:00:00+00:00
1767888000000,1767888300000,1768172700000,1,breakout_24,4455.06,4429.85299515462,6879.553479692713,4519.358,25.207004845380652,3.967151219012268,255.07988908004992,2.550798890800499,timeout,4740,2.4368028005221576,2026-01-08 16:05:00+00:00,2026-01-11 23:05:00+00:00,2026-01-03 00:00:00+00:00
1767891600000,1767891900000,1768172700000,1,breakout_24,4463.97,4438.866766230259,6879.190143204434,4519.358,25.103233769741564,3.9835505225042365,220.64089634046434,2.2064089634046433,timeout,4680,2.09194163914046,2026-01-08 17:05:00+00:00,2026-01-11 23:05:00+00:00,2026-01-03 00:00:00+00:00
1767898800000,1767899100000,1768172700000,1,dip_unconfirmed,4450.2215,4426.9940109928775,6684.592911705091,4519.358,23.22748900712213,4.305243669229054,297.6494789376568,2.976494789376568,timeout,4560,2.8527836125412445,2026-01-08 19:05:00+00:00,2026-01-11 23:05:00+00:00,2026-01-03 00:00:00+00:00
1767900600000,1767900900000,1768172700000,1,dip_unconfirmed,4448.530000000001,4425.9922959219575,6613.762703726165,4519.358,22.537704078043134,4.437009184862926,314.26448654546914,3.1426448654546912,timeout,4530,3.0151474065276287,2026-01-08 19:35:00+00:00,2026-01-11 23:05:00+00:00,2026-01-03 00:00:00+00:00
1768174200000,1768174500000,1768268100000,1,breakout_24,4538.990500000001,4513.808880114122,6925.920868701958,4576.712929828819,25.181619885878717,3.97115040466788,149.8014424797677,1.498014424797677,ladder_lock_1.50R,1560,3.601217888721019,2026-01-11 23:35:00+00:00,2026-01-13 01:35:00+00:00,2026-01-03 00:00:00+00:00
1768176000000,1768176300000,1768259700000,1,breakout_24,4541.122,4516.206817248828,6922.525092366101,4578.444774126759,24.915182751172324,4.013616957928785,149.79931915210284,1.4979931915210285,ladder_lock_1.50R,1390,3.5541782247546725,2026-01-12 00:05:00+00:00,2026-01-12 23:15:00+00:00,2026-01-03 00:00:00+00:00
1768177800000,1768178100000,1768351200000,1,breakout_24,4565.795,4538.24418744534,7197.325442911371,4607.464999999999,27.550812554660297,3.6296570128957857,151.24780772736435,1.5124780772736435,timeout,2885,2.470634935537878,2026-01-12 00:35:00+00:00,2026-01-14 00:40:00+00:00,2026-01-03 00:00:00+00:00
1768179600000,1768179900000,1768353000000,1,breakout_24,4589.9265000000005,4558.655245484958,7585.780696989131,4610.745,31.27125451504253,3.197825016962355,66.57392011562888,0.6657392011562888,timeout,2885,1.4050123885776296,2026-01-12 01:05:00+00:00,2026-01-14 01:10:00+00:00,2026-01-03 00:00:00+00:00
1768183200000,1768183500000,1768336500000,1,dip_unconfirmed,4571.167000000001,4539.358658096724,7628.492848424305,4571.117000000001,31.808341903277324,3.1438293861427797,-0.15719146930771086,-0.0015719146930771085,breakeven,2550,1.971055271936017,2026-01-12 02:05:00+00:00,2026-01-13 20:35:00+00:00,2026-01-03 00:00:00+00:00
1768266000000,1768266300000,1768327200000,1,dip_unconfirmed,4588.0650000000005,4561.211219910429,7175.589228867555,4588.015,26.853780089571956,3.7238705190273262,-0.1861935259520437,-0.001861935259520437,breakeven,1015,1.7054582203040927,2026-01-13 01:05:00+00:00,2026-01-13 18:00:00+00:00,2026-01-03 00:00:00+00:00
1768267800000,1768268100000,1768328700000,1,dip_unconfirmed,4582.389999999999,4555.355775631112,7187.928212519865,4582.339999999999,27.034224368887408,3.6990149462207595,-0.18495074731171082,-0.0018495074731171082,breakeven,1010,1.90399396326821,2026-01-13 01:35:00+00:00,2026-01-13 18:25:00+00:00,2026-01-03 00:00:00+00:00
1768327200000,1768327500000,1768440900000,1,dip_unconfirmed,4591.580000000001,4560.118246750762,7601.643571674499,4591.530000000001,31.461753249238427,3.1784624082391413,-0.15892312041253523,-0.0015892312041253522,breakeven,1890,1.6149767496262915,2026-01-13 18:05:00+00:00,2026-01-15 01:35:00+00:00,2026-01-03 00:00:00+00:00
1768330800000,1768331100000,1768504200000,1,pullback_ema50,4595.0235,4564.354526535096,7545.551873025472,4620.494499999999,30.66897346490441,3.2606242955745985,83.05136143257616,0.8305136143257615,timeout,2885,1.5444436069633452,2026-01-13 19:05:00+00:00,2026-01-15 19:10:00+00:00,2026-01-03 00:00:00+00:00
1768338000000,1768338300000,1768440900000,1,dip_unconfirmed,4587.168000000001,4557.272104197961,7441.211684401824,4587.118,29.895895802039377,3.344940745785527,-0.1672470372898848,-0.001672470372898848,breakeven,1710,1.8471431786376755,2026-01-13 21:05:00+00:00,2026-01-15 01:35:00+00:00,2026-01-03 00:00:00+00:00
1768368600000,1768368900000,1768402200000,1,breakout_24,4634.8875,4613.4935778737645,6687.7857904973225,4613.443577873764,21.39392212623534,4.67422473588282,-100.23371123679499,-1.0023371123679499,stop,555,0.3005993927646048,2026-01-14 05:35:00+00:00,2026-01-14 14:50:00+00:00,2026-01-03 00:00:00+00:00
1768377600000,1768377900000,1768402200000,1,dip_unconfirmed,4633.0650000000005,4610.613689461577,6797.2447433037905,4610.563689461577,22.45131053842306,4.454082973413089,-100.22270414867147,-1.0022270414867147,stop,405,0.36761773821060006,2026-01-14 08:05:00+00:00,2026-01-14 14:50:00+00:00,2026-01-03 00:00:00+00:00
1768402800000,1768403100000,1768440900000,1,dip_unconfirmed,4618.0765,4594.3625720319405,6914.105368837847,4594.31257203194,23.71392796805958,4.216931085170308,-100.21084655425928,-1.0021084655425927,stop,630,1.0252835393928914,2026-01-14 15:05:00+00:00,2026-01-15 01:35:00+00:00,2026-01-03 00:00:00+00:00
1768404600000,1768404900000,1768440900000,1,dip_unconfirmed,4616.0650000000005,4590.202388315373,7131.963556778019,4590.152388315373,25.862611684627154,3.866585525832274,-100.19332927629232,-1.0019332927629232,stop,600,1.0178786396753392,2026-01-14 15:35:00+00:00,2026-01-15 01:35:00+00:00,2026-01-03 00:00:00+00:00
1768440600000,1768440900000,1768577400000,1,dip_unconfirmed,4601.712000000001,4574.699730015204,7181.226728494774,4574.649730015204,27.012269984797058,3.7020213427557778,-100.18510106713846,-1.0018510106713847,stop,2275,0.8292527807772471,2026-01-15 01:35:00+00:00,2026-01-16 15:30:00+00:00,2026-01-03 00:00:00+00:00
1768509000000,1768509300000,1768569600000,1,dip_unconfirmed,4606.0415,4583.887647073409,6706.972939732488,4583.837647073409,22.153852926590844,4.513887508929516,-100.2256943754473,-1.002256943754473,stop,1005,0.6174772417840627,2026-01-15 20:35:00+00:00,2026-01-16 13:20:00+00:00,2026-01-03 00:00:00+00:00
1768779000000,1768779300000,1768952400000,1,breakout_24,4680.3150000000005,4641.067187550217,8424.348432528494,4762.615,39.24781244978385,2.5479127054010045,209.69321565450082,2.0969321565450083,timeout,2885,2.1772296254557193,2026-01-18 23:35:00+00:00,2026-01-20 23:40:00+00:00,2026-01-03 00:00:00+00:00
1768786200000,1768786500000,1768959600000,1,dip_unconfirmed,4663.125000000001,4624.533644096777,8411.51923441917,4818.6849999999995,38.59135590322421,2.591253861376901,403.09545067578705,4.030954506757871,timeout,2885,4.48014836362758,2026-01-19 01:35:00+00:00,2026-01-21 01:40:00+00:00,2026-01-03 00:00:00+00:00
1768788000000,1768788300000,1768961400000,1,dip_unconfirmed,4658.075,4620.594419518436,8300.652467674954,4829.482499999999,37.480580481564175,2.6680483256972947,457.3234933869573,4.573234933869573,timeout,2885,4.950296863498759,2026-01-19 02:05:00+00:00,2026-01-21 02:10:00+00:00,2026-01-03 00:00:00+00:00
1768809600000,1768809900000,1768983000000,1,dip_unconfirmed,4665.835000000001,4639.364299700716,7227.434329629044,4859.275000000001,26.470700299284545,3.777761784515494,730.7702395966757,7.307702395966756,timeout,2885,8.382985621502318,2026-01-19 08:05:00+00:00,2026-01-21 08:10:00+00:00,2026-01-03 00:00:00+00:00
1768820400000,1768820700000,1768993800000,1,dip_unconfirmed,4664.465,4641.709199567028,6855.7892428643045,4863.57,22.755800432972137,4.3944839600150685,874.9637288587983,8.749637288587984,timeout,2885,9.811718144464253,2026-01-19 11:05:00+00:00,2026-01-21 11:10:00+00:00,2026-01-03 00:00:00+00:00
1768953600000,1768953900000,1769009100000,1,breakout_24,4776.594999999999,4752.6933110228,7077.862208742741,4812.397533465798,23.90168897719923,4.183804755195082,149.7908097622395,1.4979080976223949,ladder_lock_1.50R,920,4.650027038090289,2026-01-21 00:05:00+00:00,2026-01-21 15:25:00+00:00,2026-01-03 00:00:00+00:00
1768960800000,1768961100000,1768979100000,1,breakout_24,4836.224999999999,4805.661264580441,7779.0348065363905,4836.174999999999,30.563735419558725,3.2718513829303326,-0.1635925691471118,-0.0016359256914711179,breakeven,300,1.6854451621458473,2026-01-21 02:05:00+00:00,2026-01-21 07:05:00+00:00,2026-01-03 00:00:00+00:00
1768969800000,1768970100000,1769009100000,1,breakout_24,4850.56,4817.623282079018,8048.295074177247,4817.573282079018,32.93671792098212,3.0361252217026657,-100.15180626108568,-1.0015180626108569,stop,650,1.128785815550725,2026-01-21 04:35:00+00:00,2026-01-21 15:25:00+00:00,2026-01-03 00:00:00+00:00
1769007600000,1769007900000,1769009100000,1,dip_unconfirmed,4852.740000000001,4816.213804368355,8398.833367532794,4816.163804368355,36.52619563164535,2.7377611675868754,-100.13688805837984,-1.0013688805837984,stop,20,0.4249005332094452,2026-01-21 15:05:00+00:00,2026-01-21 15:25:00+00:00,2026-01-03 00:00:00+00:00
1769009400000,1769009700000,1769024400000,1,dip_unconfirmed,4831.866500000001,4789.861461199187,8915.865341280449,4789.811461199187,42.00503880081396,2.3806667689130245,-100.11903333844609,-1.001190333384461,stop,245,0.5539454471245085,2026-01-21 15:35:00+00:00,2026-01-21 19:40:00+00:00,2026-01-03 00:00:00+00:00
1769014800000,1769015100000,1769024400000,1,dip_unconfirmed,4834.259999999999,4789.573205814365,9188.752624377968,4789.523205814365,44.686794185634426,2.2377975825383163,-100.11188987912733,-1.0011188987912734,stop,155,0.4314026179617421,2026-01-21 17:05:00+00:00,2026-01-21 19:40:00+00:00,2026-01-03 00:00:00+00:00
1769016600000,1769016900000,1769024400000,1,dip_unconfirmed,4822.013500000001,4777.672048256194,9146.817222636688,4777.622048256194,44.34145174380683,2.255226116135609,-100.1127613058072,-1.001127613058072,stop,125,0.710948756981139,2026-01-21 17:35:00+00:00,2026-01-21 19:40:00+00:00,2026-01-03 00:00:00+00:00
1769018400000,1769018700000,1769024400000,1,pullback_ema50,4827.07,4782.258651952181,9198.89345673407,4782.208651952181,44.81134804781868,2.2315775881879047,-100.11157887940979,-1.001115788794098,stop,95,0.5906539560415712,2026-01-21 18:05:00+00:00,2026-01-21 19:40:00+00:00,2026-01-03 00:00:00+00:00
1769040000000,1769040300000,1769382300000,1,dip_unconfirmed,4779.005,4723.604752159128,10191.62953624631,5011.6759999999995,55.400247840872,1.8050460764585996,419.9818756556977,4.199818756556977,timeout,5700,3.7971851787421453,2026-01-22 00:05:00+00:00,2026-01-25 23:05:00+00:00,2026-01-03 00:00:00+00:00
1769070600000,1769070900000,1769382300000,1,dip_unconfirmed,4826.8815,4793.103373352974,8121.416038055655,5011.6759999999995,33.77812664702651,2.9604957387061903,547.0833297863383,5.470833297863383,timeout,5190,4.8104651183876195,2026-01-22 08:35:00+00:00,2026-01-25 23:05:00+00:00,2026-01-03 00:00:00+00:00
1769076000000,1769076300000,1769382300000,1,dip_unconfirmed,4823.725,4791.555386573063,7955.016729266872,5011.6759999999995,32.16961342693776,3.1085235210275592,584.250104300648,5.84250104300648,timeout,5100,5.149113786406113,2026-01-22 10:05:00+00:00,2026-01-25 23:05:00+00:00,2026-01-03 00:00:00+00:00
1769088600000,1769088900000,1769382300000,1,pullback_ema20,4828.8265,4800.048436912935,7613.3547456194865,5011.6759999999995,28.778063087064766,3.4748690242794082,635.3780636549754,6.353780636549755,timeout,4890,5.578676351994035,2026-01-22 13:35:00+00:00,2026-01-25 23:05:00+00:00,2026-01-03 00:00:00+00:00
1769092200000,1769092500000,1769382300000,1,pullback_ema20,4830.050000000001,4801.485062950438,7603.478767906609,5011.6759999999995,28.564937049563014,3.500795392144223,635.8354638935809,6.358354638935809,timeout,4830,5.577467218764166,2026-01-22 14:35:00+00:00,2026-01-25 23:05:00+00:00,2026-01-03 00:00:00+00:00
1769383800000,1769384100000,1769455500000,1,breakout_24,5020.155000000001,4983.855270189292,8485.828251260053,5020.1050000000005,36.29972981070841,2.7548414415608136,-0.13774207207854178,-0.0013774207207854178,breakeven,1190,2.4887237583060178,2026-01-25 23:35:00+00:00,2026-01-26 19:25:00+00:00,2026-01-03 00:00:00+00:00
1769385600000,1769385900000,1769454300000,1,breakout_24,5040.629999999999,5003.9402508900575,8590.415161884337,5040.579999999999,36.68974910994166,2.725556931456461,-0.13627784657331882,-0.0013627784657331882,breakeven,1140,1.904210350162075,2026-01-26 00:05:00+00:00,2026-01-26 19:05:00+00:00,2026-01-03 00:00:00+00:00
1769387400000,1769387700000,1769454300000,1,breakout_24,5043.603500000001,5007.80480439791,8527.674364606879,5043.553500000001,35.79869560209136,2.793397868780392,-0.13966989343952774,-0.0013966989343952773,breakeven,1110,1.868545735395203,2026-01-26 00:35:00+00:00,2026-01-26 19:05:00+00:00,2026-01-03 00:00:00+00:00
1769391000000,1769391300000,1769454300000,1,breakout_24,5075.135,5035.66759920024,8921.907679176325,5035.61759920024,39.46740079976007,2.533736652873475,-100.12668683264413,-1.0012668683264412,stop,1050,0.8959292804560526,2026-01-26 01:35:00+00:00,2026-01-26 19:05:00+00:00,2026-01-03 00:00:00+00:00
1769394600000,1769394900000,1769454300000,1,breakout_24,5088.625,5048.9286952287775,8949.559172351013,5048.878695228777,39.69630477122246,2.519126164924405,-100.12595630824667,-1.0012595630824668,stop,990,0.5509328922689647,2026-01-26 02:35:00+00:00,2026-01-26 19:05:00+00:00,2026-01-03 00:00:00+00:00
1769454000000,1769454300000,1769455500000,1,dip_unconfirmed,5069.535000000001,5028.014133773446,9121.100756428848,5027.964133773446,41.52086622655497,2.4084275952808585,-100.12042137976448,-1.001204213797645,stop,20,0.0,2026-01-26 19:05:00+00:00,2026-01-26 19:25:00+00:00,2026-01-03 00:00:00+00:00
1769455800000,1769456100000,1769629200000,1,dip_unconfirmed,5028.315,4982.4861242182005,9487.873702398232,5300.169499999999,45.82887578179907,2.1820303966460157,593.1947824650031,5.931947824650031,timeout,2885,6.483903323633667,2026-01-26 19:35:00+00:00,2026-01-28 19:40:00+00:00,2026-01-03 00:00:00+00:00
1769459400000,1769459700000,1769463300000,1,pullback_ema50,5057.128000000001,5008.33767343304,9798.070330129096,5008.28767343304,48.790326566960175,2.049586609402159,-100.10247933047047,-1.0010247933047047,stop,60,0.0942194964342122,2026-01-26 20:35:00+00:00,2026-01-26 21:35:00+00:00,2026-01-03 00:00:00+00:00
1769463000000,1769463300000,1769636400000,1,dip_unconfirmed,5021.513000000001,4968.815805153999,10135.935289754176,5383.249999999999,52.697194846002276,1.8976342154877759,686.4445082078983,6.864445082078983,timeout,2885,7.092312998674769,2026-01-26 21:35:00+00:00,2026-01-28 21:40:00+00:00,2026-01-03 00:00:00+00:00
1769464800000,1769468700000,1769641800000,1,dip_unconfirmed,5015.723,4958.390961928712,10195.09476905744,5450.7795,57.33203807128757,1.744225451669072,758.8366202140651,7.588366202140651,timeout,2885,7.605372400294431,2026-01-26 23:05:00+00:00,2026-01-28 23:10:00+00:00,2026-01-03 00:00:00+00:00
1769477400000,1769477700000,1769650800000,1,pullback_ema50,5067.6100000000015,5009.2182703587,10768.3912344887,5523.632,58.391729641301936,1.7125712941592244,780.9701867050746,7.809701867050746,timeout,2885,9.06583865989067,2026-01-27 01:35:00+00:00,2026-01-29 01:40:00+00:00,2026-01-03 00:00:00+00:00
1769481000000,1769481300000,1769654400000,1,pullback_ema20,5068.875000000001,5013.510447401123,10489.965707288735,5535.576499999999,55.36455259887771,1.8062098455759417,842.9608442450573,8.429608442450572,timeout,2885,9.538684504978818,2026-01-27 02:35:00+00:00,2026-01-29 02:40:00+00:00,2026-01-03 00:00:00+00:00
1769630400000,1769630700000,1769699400000,1,pullback_ema20,5326.1105,5270.72308636958,10749.91444941151,5409.141620445628,55.38741363041936,1.8054643364874314,149.90972678317448,1.4990972678317447,ladder_lock_1.50R,1145,4.890452220921835,2026-01-28 20:05:00+00:00,2026-01-29 15:10:00+00:00,2026-01-03 00:00:00+00:00
1769637600000,1769641500000,1769699400000,1,breakout_24,5421.269,5357.665723729738,11104.893350755996,5421.219,63.60327627026254,1.5722460518398578,-0.07861230259227887,-0.0007861230259227888,breakeven,965,2.7626092601483365,2026-01-28 23:05:00+00:00,2026-01-29 15:10:00+00:00,2026-01-03 00:00:00+00:00
1769643000000,1769643300000,1769699400000,1,breakout_24,5491.407000000001,5425.407100606185,11922.197039987712,5425.357100606185,65.99989939381612,1.5151538247552165,-100.07575769123802,-1.0007575769123802,stop,935,1.599593347408816,2026-01-28 23:35:00+00:00,2026-01-29 15:10:00+00:00,2026-01-03 00:00:00+00:00
1769671800000,1769672100000,1769699100000,1,dip_unconfirmed,5542.898,5468.0093187198945,12836.5774467304,5467.959318719894,74.88868128010563,1.3353152744934935,-100.06676576372492,-1.000667657637249,stop,450,0.1901088356296276,2026-01-29 07:35:00+00:00,2026-01-29 15:05:00+00:00,2026-01-03 00:00:00+00:00
1769677200000,1769677500000,1769699400000,1,dip_unconfirmed,5510.6,5436.605395855542,12771.565810301283,5436.555395855542,73.99460414445821,1.3514498949784497,-100.06757249474917,-1.0006757249474918,stop,365,0.5198554738518791,2026-01-29 09:05:00+00:00,2026-01-29 15:10:00+00:00,2026-01-03 00:00:00+00:00
1769700600000,1769700900000,1769739300000,1,dip_unconfirmed,5193.9035,5071.475387216128,16992.58666560328,5193.8535,122.42811278387217,0.8168058604034392,-0.04084029302032054,-0.00040840293020320535,breakeven,640,2.0933631514228614,2026-01-29 15:35:00+00:00,2026-01-30 02:15:00+00:00,2026-01-03 00:00:00+00:00
1769702400000,1769702700000,1769739600000,1,dip_unconfirmed,5184.530500000002,5050.202538129262,18312.44872520304,5184.4805000000015,134.32796187073927,0.744446640947532,-0.03722233204751201,-0.0003722233204751201,breakeven,615,1.977693224108,2026-01-29 16:05:00+00:00,2026-01-30 02:20:00+00:00,2026-01-03 00:00:00+00:00
1770078600000,1770078900000,1770252000000,1,breakout_24,4821.975,4693.607492972587,17326.358195713787,5015.413,128.367507027413,0.7790133369081079,150.69078186482994,1.5069078186482994,timeout,2885,2.0950317274804453,2026-02-03 00:35:00+00:00,2026-02-05 00:40:00+00:00,2026-01-03 00:00:00+00:00
1770082200000,1770082500000,1770223800000,1,breakout_24,4855.64,4724.510522001874,17657.95832181445,4855.59,131.12947799812628,0.762605033792851,-0.03813025168978127,-0.0003813025168978127,breakeven,2355,1.7941732369540975,2026-02-03 01:35:00+00:00,2026-02-04 16:50:00+00:00,2026-01-03 00:00:00+00:00
1770100200000,1770100500000,1770223800000,1,breakout_24,4872.76,4768.43735142201,15083.702209221028,4872.71,104.32264857799055,0.9585646200809503,-0.04792823100422188,-0.0004792823100422188,breakeven,2055,2.091099133060387,2026-02-03 06:35:00+00:00,2026-02-04 16:50:00+00:00,2026-01-03 00:00:00+00:00
1770102000000,1770102300000,1770223800000,1,breakout_24,4882.545,4781.471826320438,14775.28919427668,4882.495,101.07317367956239,0.9893822105263586,-0.0494691105264979,-0.0004946911052649789,breakeven,2025,2.0615163491411375,2026-02-03 07:05:00+00:00,2026-02-04 16:50:00+00:00,2026-01-03 00:00:00+00:00
1770103800000,1770104100000,1770219600000,1,breakout_24,4901.280000000001,4803.2974101546915,14506.556394685504,4901.2300000000005,97.98258984530912,1.0205894757208998,-0.051029473786230635,-0.0005102947378623063,breakeven,1925,1.9353336169147748,2026-02-03 07:35:00+00:00,2026-02-04 15:40:00+00:00,2026-01-03 00:00:00+00:00
1770220800000,1770221100000,1770223800000,1,dip_unconfirmed,4922.037499999999,4848.380620664365,12068.168554227803,4848.330620664365,73.65687933563459,1.357646439843411,-100.06788232199241,-1.0006788232199242,stop,45,0.22815927244788978,2026-02-04 16:05:00+00:00,2026-02-04 16:50:00+00:00,2026-01-03 00:00:00+00:00
1770384600000,1770384900000,1770591900000,1,breakout_24,4910.161000000001,4841.72138118293,11598.083262889919,4984.506,68.43961881707128,1.461141977825517,108.6286003414371,1.086286003414371,timeout,3450,0.8806083529057603,2026-02-06 13:35:00+00:00,2026-02-08 23:05:00+00:00,2026-01-03 00:00:00+00:00
1770386400000,1770386700000,1770591900000,1,breakout_24,4929.825,4862.07449681272,11555.12481554063,4984.506,67.75050318727972,1.4760037976924603,80.70936366162215,0.8070936366162215,timeout,3420,0.5993239620340405,2026-02-06 14:05:00+00:00,2026-02-08 23:05:00+00:00,2026-01-03 00:00:00+00:00
1770390000000,1770390300000,1770591900000,1,breakout_24,4949.2235,4877.85428041505,11900.576238910027,4984.506,71.36921958494986,1.4011642635516182,49.436578128760324,0.4943657812876032,timeout,3360,0.297130893728758,2026-02-06 15:05:00+00:00,2026-02-08 23:05:00+00:00,2026-01-03 00:00:00+00:00
1770391800000,1770392100000,1770591900000,1,breakout_24,4956.655000000001,4886.365653242547,11822.800328987876,4984.506,70.28934675745404,1.4226907008407388,39.62335870911493,0.3962335870911493,timeout,3330,0.19596853058730093,2026-02-06 15:35:00+00:00,2026-02-08 23:05:00+00:00,2026-01-03 00:00:00+00:00
1770593400000,1770593700000,1770602700000,1,breakout_24,5025.92,4971.421787130243,10301.593074105967,4971.371787130242,54.49821286975748,1.8349225549649661,-100.09174612774858,-1.0009174612774858,stop,150,0.36970937098712064,2026-02-08 23:35:00+00:00,2026-02-09 02:05:00+00:00,2026-01-03 00:00:00+00:00
1770595200000,1770595500000,1770601200000,1,breakout_24,5037.81,4982.76576662094,10320.689104526962,4982.71576662094,55.04423337906064,1.8167207327850798,-100.09083603663959,-1.000908360366396,stop,95,0.09794849830810255,2026-02-09 00:05:00+00:00,2026-02-09 01:40:00+00:00,2026-01-03 00:00:00+00:00
1770598800000,1770599100000,1770772200000,1,dip_unconfirmed,5022.1885,4967.200099790504,10238.190120740084,5041.074999999999,54.98840020949592,1.8185653632223882,34.346334732497276,0.34346334732497275,timeout,2885,1.159908267143672,2026-02-09 01:05:00+00:00,2026-02-11 01:10:00+00:00,2026-01-03 00:00:00+00:00
1770600600000,1770600900000,1770774000000,1,dip_unconfirmed,5018.423000000001,4962.80102123404,10377.19889783008,5041.08,55.6219787659611,1.797850458013494,40.73389782721037,0.4073389782721037,timeout,2885,1.2143940488743505,2026-02-09 01:35:00+00:00,2026-02-11 01:40:00+00:00,2026-01-03 00:00:00+00:00
1770602400000,1770602700000,1770775800000,1,dip_unconfirmed,4984.21,4925.802019717323,10616.600047985077,5040.038499999999,58.40798028267727,1.7120948116341244,95.5836851913135,0.955836851913135,timeout,2885,1.7422276803188732,2026-02-09 02:05:00+00:00,2026-02-11 02:10:00+00:00,2026-01-03 00:00:00+00:00
1770604200000,1770604500000,1770777600000,1,pullback_ema20,5002.365000000001,4943.778304023228,10699.947901700438,5047.5435,58.58669597677272,1.7068721547234205,77.11392364217048,0.7711392364217048,timeout,2885,1.4270304649564927,2026-02-09 02:35:00+00:00,2026-02-11 02:40:00+00:00,2026-01-03 00:00:00+00:00
1770624000000,1770624300000,1770797400000,1,dip_unconfirmed,5007.170000000001,4956.638391785418,9935.799213243627,5052.8665,50.531608214582775,1.978959378758527,90.43151725143726,0.9043151725143725,timeout,2885,1.5594199904616868,2026-02-09 08:05:00+00:00,2026-02-11 08:10:00+00:00,2026-01-03 00:00:00+00:00
1770773400000,1770773700000,1770816900000,1,dip_unconfirmed,5038.5585,5002.6551121002,8515.643902080195,5038.5085,35.90338789979978,2.7852524747548313,-0.1392626237382482,-0.0013926262373824818,breakeven,720,2.2216009314386937,2026-02-11 01:35:00+00:00,2026-02-11 13:35:00+00:00,2026-01-03 00:00:00+00:00
1770775200000,1770775500000,1770813900000,1,pullback_ema20,5053.490000000001,5017.131032664471,8571.527766217321,5053.4400000000005,36.35896733553,2.7503531405931865,-0.1375176570301596,-0.0013751765703015962,breakeven,640,1.783095196343653,2026-02-11 02:05:00+00:00,2026-02-11 12:45:00+00:00,2026-01-03 00:00:00+00:00
1770787800000,1770788100000,1770813900000,1,pullback_ema20,5054.145,5021.846435033514,8166.202931682057,5054.095,32.29856496648608,3.0961127871706644,-0.1548056393590964,-0.0015480563935909638,breakeven,430,1.9869768228585682,2026-02-11 05:35:00+00:00,2026-02-11 12:45:00+00:00,2026-01-03 00:00:00+00:00
1770793200000,1770793500000,1770813900000,1,breakout_24,5064.990000000001,5033.520424113933,8109.4780127206595,5064.9400000000005,31.469575886068014,3.177672313158541,-0.15888361565850506,-0.0015888361565850506,breakeven,340,1.694700309692126,2026-02-11 07:05:00+00:00,2026-02-11 12:45:00+00:00,2026-01-03 00:00:00+00:00
1770798600000,1770798900000,1770813900000,1,dip_unconfirmed,5052.785000000001,5021.903035633495,8011.09947228399,5052.735000000001,30.8819643665056,3.2381359816754216,-0.1619067990843601,-0.0016190679908436008,breakeven,250,2.1221609876306884,2026-02-11 08:35:00+00:00,2026-02-11 12:45:00+00:00,2026-01-03 00:00:00+00:00
1770814800000,1770815100000,1770816900000,1,dip_unconfirmed,5084.540000000001,5044.020519852328,8996.968534619544,5043.970519852328,40.519480147672766,2.4679487405946765,-100.12339743703018,-1.0012339743703018,stop,30,0.11624038568196526,2026-02-11 13:05:00+00:00,2026-02-11 13:35:00+00:00,2026-01-03 00:00:00+00:00
1770816600000,1770816900000,1770816900000,1,dip_unconfirmed,5085.168500000001,5042.871982720018,9087.823710718149,5042.821982720018,42.296517279982254,2.3642608524491253,-100.11821304262288,-1.001182130426229,stop,0,0.0,2026-02-11 13:35:00+00:00,2026-02-11 13:35:00+00:00,2026-01-03 00:00:00+00:00
1770818400000,1770818700000,1770912900000,1,dip_unconfirmed,5066.775000000001,5018.789305382874,9729.858767095424,5018.739305382874,47.98569461712668,2.083954411786482,-100.1041977205897,-1.001041977205897,stop,1570,0.6632184915510442,2026-02-11 14:05:00+00:00,2026-02-12 16:15:00+00:00,2026-01-03 00:00:00+00:00
1770823800000,1770824100000,1770912900000,1,dip_unconfirmed,5049.84,4998.00404771362,10111.599276351546,4997.95404771362,51.835952286380234,1.9291629764516691,-100.09645814882293,-1.0009645814882293,stop,1480,0.9406598673178381,2026-02-11 15:35:00+00:00,2026-02-12 16:15:00+00:00,2026-01-03 00:00:00+00:00
1770854400000,1770854700000,1770912900000,1,dip_unconfirmed,5062.483499999999,5019.145859564464,9243.55990311798,5019.095859564464,43.33764043553492,2.3074629581818322,-100.11537314790951,-1.001153731479095,stop,970,0.47532583207069357,2026-02-12 00:05:00+00:00,2026-02-12 16:15:00+00:00,2026-01-03 00:00:00+00:00
1770856200000,1770856500000,1770912900000,1,dip_unconfirmed,5061.905500000001,5019.033298167003,9198.20348146671,5018.983298167002,42.872201832998144,2.3325137437431867,-100.1166256871876,-1.001166256871876,stop,940,0.49396809808120823,2026-02-12 00:35:00+00:00,2026-02-12 16:15:00+00:00,2026-01-03 00:00:00+00:00
1770863400000,1770863700000,1770912900000,1,pullback_ema50,5067.970000000001,5029.415228601306,8771.892368470724,5029.365228601306,38.554771398695266,2.593712694231773,-100.12968563471206,-1.0012968563471205,stop,820,0.3919877994792316,2026-02-12 02:35:00+00:00,2026-02-12 16:15:00+00:00,2026-01-03 00:00:00+00:00
1770993000000,1770993300000,1771196700000,1,breakout_24,5003.6,4959.358099723259,9287.6981273973,5012.075999999999,44.241900276741035,2.260300741479955,19.158309084781273,0.19158309084781272,timeout,3390,0.9484221911250106,2026-02-13 14:35:00+00:00,2026-02-15 23:05:00+00:00,2026-01-03 00:00:00+00:00
1771000200000,1771000500000,1771196700000,1,breakout_24,5028.627,4973.516358384424,10414.030519942084,5012.075999999999,55.11064161557624,1.8145315871578678,-30.03231229905222,-0.30032312299052216,timeout,3270,0.3072546336534581,2026-02-13 16:35:00+00:00,2026-02-15 23:05:00+00:00,2026-01-03 00:00:00+00:00
1771011000000,1771011300000,1771196700000,1,breakout_24,5042.3015000000005,4995.035099984735,9637.17510151125,5012.075999999999,47.26640001526539,2.1156677886977535,-63.947116747286856,-0.6394711674728686,timeout,3090,0.0689390348947337,2026-02-13 19:35:00+00:00,2026-02-15 23:05:00+00:00,2026-01-03 00:00:00+00:00
1771385400000,1771385700000,1771558800000,1,breakout_24,4920.245000000002,4884.209166887604,8405.292478127241,4996.9235,36.035833112397995,2.7750156264763968,212.7840357147653,2.127840357147653,timeout,2885,2.814420848372313,2026-02-18 03:35:00+00:00,2026-02-20 03:40:00+00:00,2026-01-03 00:00:00+00:00
1771387200000,1771387500000,1771560600000,1,breakout_24,4921.72,4887.345154967061,8237.829658261018,4991.005,34.37484503293945,2.9091040237178007,201.5572722832874,2.015572722832874,timeout,2885,2.907504016504747,2026-02-18 04:05:00+00:00,2026-02-20 04:10:00+00:00,2026-01-03 00:00:00+00:00
1771389000000,1771389300000,1771562400000,1,breakout_24,4934.070000000001,4899.87192961227,8227.67896838523,4995.094999999999,34.198070387730695,2.924141592382861,178.44574067516038,1.7844574067516037,timeout,2885,2.561401827847748,2026-02-18 04:35:00+00:00,2026-02-20 04:40:00+00:00,2026-01-03 00:00:00+00:00
1771390800000,1771391100000,1771564200000,1,breakout_24,4935.0650000000005,4901.957006068536,8116.756399214859,5000.054999999999,33.10799393146408,3.0204185794828633,196.29700348058788,1.9629700348058787,timeout,2885,2.6156824898321434,2026-02-18 05:05:00+00:00,2026-02-20 05:10:00+00:00,2026-01-03 00:00:00+00:00
1771419600000,1771419900000,1771593000000,1,breakout_24,4944.087,4916.491006732226,7578.890333509556,5025.924999999999,27.595993267774247,3.6237144657074882,296.55754444456517,2.9655754444456517,timeout,2885,3.5451160989462647,2026-02-18 13:05:00+00:00,2026-02-20 13:10:00+00:00,2026-01-03 00:00:00+00:00
1771560000000,1771560300000,1771600200000,1,dip_unconfirmed,4989.330000000001,4960.72601839203,7699.124179189067,4989.280000000001,28.603981607971036,3.496016791317371,-0.17480083956650447,-0.0017480083956650447,breakeven,665,2.5858288196978667,2026-02-20 04:05:00+00:00,2026-02-20 15:10:00+00:00,2026-01-03 00:00:00+00:00
1771561800000,1771562100000,1771600200000,1,pullback_ema50,4995.46,4967.989874221171,7625.5024521041305,4995.41,27.470125778829242,3.6403182426295366,-0.182015912132139,-0.00182015912132139,breakeven,635,2.4694098798877477,2026-02-20 04:35:00+00:00,2026-02-20 15:10:00+00:00,2026-01-03 00:00:00+00:00
1771569000000,1771569300000,1771600200000,1,breakout_24,5023.147,4996.142290520378,7609.413238482548,4996.092290520378,27.00470947962185,3.7030577972135363,-100.18515288986134,-1.0018515288986134,stop,515,1.4867036444252957,2026-02-20 06:35:00+00:00,2026-02-20 15:10:00+00:00,2026-01-03 00:00:00+00:00
1771572600000,1771572900000,1771599900000,1,dip_unconfirmed,5016.2,4988.964454581347,7638.51899644667,5016.15,27.23554541865269,3.671672384850183,-0.183583619243177,-0.0018358361924317701,breakeven,450,1.5993254157549703,2026-02-20 07:35:00+00:00,2026-02-20 15:05:00+00:00,2026-01-03 00:00:00+00:00
1771596000000,1771596300000,1771599900000,1,pullback_ema20,5044.544999999999,5015.115375666841,7874.077808982757,5015.065375666841,29.429624333158245,3.397936679991201,-100.16989683400017,-1.0016989683400017,stop,60,0.5169450968104868,2026-02-20 14:05:00+00:00,2026-02-20 15:05:00+00:00,2026-01-03 00:00:00+00:00
1771599600000,1771599900000,1771599900000,1,breakout_24,5055.52,5025.33471167192,7952.863544480024,5025.2847116719195,30.185288328080787,3.312872115485872,-100.16564360577489,-1.001656436057749,stop,0,0.0,2026-02-20 15:05:00+00:00,2026-02-20 15:05:00+00:00,2026-01-03 00:00:00+00:00
1771603200000,1771603500000,1771801500000,1,pullback_ema20,5043.646500000001,5002.634333023237,9025.351030699612,5114.586,41.01216697676409,2.4383008109924096,172.97184038139483,1.7297184038139484,timeout,3300,1.5331913584479502,2026-02-20 16:05:00+00:00,2026-02-22 23:05:00+00:00,2026-01-03 00:00:00+00:00
1771606800000,1771607100000,1771801500000,1,breakout_24,5067.186500000001,5027.449738678198,8967.975870858349,5114.586,39.73676132180299,2.5165614074625515,119.28375243302004,1.1928375243302005,timeout,3240,0.9900026748887086,2026-02-20 17:05:00+00:00,2026-02-22 23:05:00+00:00,2026-01-03 00:00:00+00:00
1771617600000,1771617900000,1771801500000,1,breakout_24,5080.245,5044.021904201211,8587.98148408002,5114.586,36.22309579878856,2.760669616851036,94.80415531228239,0.9480415531228239,timeout,3060,0.7255315820046194,2026-02-20 20:05:00+00:00,2026-02-22 23:05:00+00:00,2026-01-03 00:00:00+00:00
1771619400000,1771619700000,1771801500000,1,breakout_24,5085.61,5050.596089615411,8479.487128074306,5114.586,35.0139103845886,2.856007766673644,82.75568104713713,0.8275568104713713,timeout,3030,0.5973625844774642,2026-02-20 20:35:00+00:00,2026-02-22 23:05:00+00:00,2026-01-03 00:00:00+00:00
1771621200000,1771621500000,1771801500000,1,breakout_24,5097.748500000001,5062.936940357167,8468.242904640434,5114.586,34.811559642833345,2.872609013385213,48.36755426287248,0.4836755426287248,timeout,3000,0.25214325614986516,2026-02-20 21:05:00+00:00,2026-02-22 23:05:00+00:00,2026-01-03 00:00:00+00:00
1771624800000,1771801500000,1771896000000,1,breakout_24,5110.224,5075.774912858987,8257.28362696036,5161.847630711521,34.44908714101348,2.902834539291599,149.85485827303623,1.4985485827303622,ladder_lock_1.50R,1575,4.021137031381004,2026-02-22 23:05:00+00:00,2026-02-24 01:20:00+00:00,2026-01-03 00:00:00+00:00
1771803000000,1771803300000,1771896000000,1,breakout_24,5147.2635,5109.3854190833445,8820.693510748912,5147.2135,37.87808091665556,2.640049273352402,-0.1320024636681003,-0.0013200246366810032,breakeven,1545,2.6792540050617006,2026-02-22 23:35:00+00:00,2026-02-24 01:20:00+00:00,2026-01-03 00:00:00+00:00
1771804800000,1771805100000,1771831800000,1,breakout_24,5165.700000000001,5127.101424863105,8964.958938552561,5127.051424863105,38.598575136895306,2.590769209623305,-100.12953846048163,-1.0012953846048163,stop,445,0.26555384398638876,2026-02-23 00:05:00+00:00,2026-02-23 07:30:00+00:00,2026-01-03 00:00:00+00:00
1771808400000,1771808700000,1771896000000,1,dip_unconfirmed,5145.63,5102.9648969482905,9275.475202119298,5145.58,42.66510305170959,2.3438358950827145,-0.11719179475456207,-0.0011719179475456207,breakeven,1455,2.4169284174708805,2026-02-23 01:05:00+00:00,2026-02-24 01:20:00+00:00,2026-01-03 00:00:00+00:00
1771815600000,1771815900000,1771831800000,1,breakout_24,5174.715,5135.394504834968,8976.794021338237,5135.344504834968,39.3204951650323,2.543202967823507,-100.12716014839164,-1.0012716014839165,stop,265,0.013695147981744019,2026-02-23 03:05:00+00:00,2026-02-23 07:30:00+00:00,2026-01-03 00:00:00+00:00
1771831800000,1771832100000,1771895700000,1,dip_unconfirmed,5137.400000000001,5103.648542535774,8385.794288958306,5187.97718619634,33.751457464226405,2.962835015524626,149.85185824922323,1.4985185824922322,ladder_lock_1.50R,1060,3.2990723472614403,2026-02-23 07:35:00+00:00,2026-02-24 01:15:00+00:00,2026-01-03 00:00:00+00:00
1771848000000,1771848300000,1771895400000,1,dip_unconfirmed,5150.3550000000005,5120.180773829933,8085.103390836613,5195.566339255101,30.174226170067413,3.314086645880556,149.83429566770536,1.4983429566770536,ladder_lock_1.50R,785,3.2608458439144887,2026-02-23 12:05:00+00:00,2026-02-24 01:10:00+00:00,2026-01-03 00:00:00+00:00
1771896600000,1771896900000,1771941000000,1,dip_unconfirmed,5166.825,5125.3919499517915,9105.346954772713,5125.341949951791,41.433050048208315,2.413532189487563,-100.12067660947481,-1.0012067660947481,stop,735,0.582469790949979,2026-02-24 01:35:00+00:00,2026-02-24 13:50:00+00:00,2026-01-03 00:00:00+00:00
1771898400000,1771898700000,1771940400000,1,pullback_ema50,5178.5700000000015,5137.813274955233,9089.985779431801,5137.763274955233,40.756725044768245,2.4535828109387445,-100.12267914054739,-1.001226791405474,stop,695,0.3039621065331023,2026-02-24 02:05:00+00:00,2026-02-24 13:40:00+00:00,2026-01-03 00:00:00+00:00
1771902000000,1771902300000,1771935600000,1,pullback_ema50,5190.93,5151.267446262421,9036.522820020287,5151.217446262421,39.6625537375794,2.5212698269918055,-100.12606349135005,-1.0012606349135005,stop,555,0.0007185619006785392,2026-02-24 03:05:00+00:00,2026-02-24 12:20:00+00:00,2026-01-03 00:00:00+00:00
1771905600000,1771905900000,1771940400000,1,dip_unconfirmed,5173.093500000001,5134.914956216067,8861.919334609322,5134.864956216067,38.17854378393349,2.6192722427009527,-100.13096361213552,-1.0013096361213552,stop,575,0.3153996671048185,2026-02-24 04:05:00+00:00,2026-02-24 13:40:00+00:00,2026-01-03 00:00:00+00:00
1771983000000,1771983300000,1772053200000,1,breakout_24,5186.23,5148.193519307731,8878.341588534719,5148.1435193077305,38.036480692268924,2.6290550066669396,-100.13145275033382,-1.0013145275033382,stop,1165,0.8110634695567844,2026-02-25 01:35:00+00:00,2026-02-25 21:00:00+00:00,2026-01-03 00:00:00+00:00
1771997400000,1771997700000,1772018100000,1,breakout_24,5196.370000000001,5163.1044035319765,8406.664050334286,5163.054403531976,33.26559646802434,3.0061087314674277,-100.15030543657392,-1.001503054365739,stop,340,0.40627559505780536,2026-02-25 05:35:00+00:00,2026-02-25 11:15:00+00:00,2026-01-03 00:00:00+00:00
1771999200000,1771999500000,1772017800000,1,breakout_24,5202.6565,5169.026946136835,8440.832332453276,5168.976946136835,33.6295538631648,2.9735749813063155,-100.14867874906587,-1.0014867874906586,stop,305,0.0,2026-02-25 06:05:00+00:00,2026-02-25 11:10:00+00:00,2026-01-03 00:00:00+00:00
1772006400000,1772006700000,1772053200000,1,dip_unconfirmed,5185.490000000001,5154.361258397911,8198.235418606782,5154.311258397911,31.128741602089576,3.2124652283819692,-100.16062326141969,-1.0016062326141968,stop,775,1.0148177656458688,2026-02-25 08:05:00+00:00,2026-02-25 21:00:00+00:00,2026-01-03 00:00:00+00:00
1772065800000,1772066100000,1772116500000,1,pullback_ema50,5186.355,5149.074313537161,8788.142959821063,5149.024313537161,37.280686462838275,2.6823540414064238,-100.13411770207081,-1.0013411770207081,stop,840,0.4936872613208699,2026-02-26 00:35:00+00:00,2026-02-26 14:35:00+00:00,2026-01-03 00:00:00+00:00
1772067600000,1772067900000,1772116500000,1,pullback_ema50,5189.2699999999995,5153.067219713078,8687.845248405267,5153.017219713078,36.20278028692155,2.7622187911386886,-100.13811093955744,-1.0013811093955745,stop,810,0.427867690747402,2026-02-26 01:05:00+00:00,2026-02-26 14:35:00+00:00,2026-01-03 00:00:00+00:00
1772071200000,1772071500000,1772116500000,1,pullback_ema20,5192.495,5156.328031283215,8690.024902961688,5156.278031283215,36.16696871678505,2.764953866691905,-100.13824769333509,-1.0013824769333508,stop,750,0.33912159174977125,2026-02-26 02:05:00+00:00,2026-02-26 14:35:00+00:00,2026-01-03 00:00:00+00:00
1772074800000,1772075100000,1772116500000,1,pullback_ema20,5185.33,5150.25451166767,8574.80334490063,5150.20451166767,35.07548833232977,2.8509938066301426,-100.14254969033202,-1.0014254969033203,stop,690,0.553948096628245,2026-02-26 03:05:00+00:00,2026-02-26 14:35:00+00:00,2026-01-03 00:00:00+00:00
1772150400000,1772150700000,1772406300000,1,pullback_ema20,5185.660000000001,5154.286369557077,8203.149413849367,5333.365999999999,31.373630442923968,3.1873901294886346,470.79664646624286,4.707966464662428,timeout,4260,3.0169125684129043,2026-02-27 00:05:00+00:00,2026-03-01 23:05:00+00:00,2026-01-03 00:00:00+00:00
1772152200000,1772152500000,1772406300000,1,pullback_ema20,5188.786499999999,5157.333700302999,8220.113670002982,5333.365999999999,31.452799697000046,3.179367209385114,459.67132144929457,4.5967132144929455,timeout,4230,2.909915838389743,2026-02-27 00:35:00+00:00,2026-03-01 23:05:00+00:00,2026-01-03 00:00:00+00:00
1772155800000,1772156100000,1772406300000,1,dip_unconfirmed,5175.73,5144.044555363301,8231.5890190332,5333.365999999999,31.685444636698776,3.1560232512621207,497.50288123595413,4.975028812359541,timeout,4170,3.300616456518702,2026-02-27 01:35:00+00:00,2026-03-01 23:05:00+00:00,2026-01-03 00:00:00+00:00
1772157600000,1772157900000,1772406300000,1,pullback_ema50,5195.075000000001,5162.523015694494,8336.721446245097,5333.365999999999,32.551984305507176,3.0720093454665958,424.83124439391594,4.2483124439391595,timeout,4140,2.618473245748606,2026-02-27 02:05:00+00:00,2026-03-01 23:05:00+00:00,2026-01-03 00:00:00+00:00
1772161200000,1772161500000,1772406300000,1,dip_unconfirmed,5184.555,5152.501651287599,8279.836522527678,5333.365999999999,32.0533487124012,3.119798835911043,464.2603845707544,4.642603845707544,timeout,4080,2.9874101723091426,2026-02-27 03:05:00+00:00,2026-03-01 23:05:00+00:00,2026-01-03 00:00:00+00:00
1772229600000,1772406300000,1772530200000,1,breakout_24,5380.769000000001,5248.42273573665,8278.149162071615,5248.37273573665,132.34626426335126,0.7555936735850243,-100.03777968367939,-1.000377796836794,stop,2065,0.28520638803139714,2026-03-01 23:05:00+00:00,2026-03-03 09:30:00+00:00,2026-01-03 00:00:00+00:00
1772409600000,1772409900000,1772413200000,1,breakout_24,5388.655000000001,5341.703379283133,9880.86545096993,5341.653379283132,46.95162071686809,2.1298519299904264,-100.1064925964999,-1.001064925964999,stop,55,0.0,2026-03-02 00:05:00+00:00,2026-03-02 01:00:00+00:00,2026-01-03 00:00:00+00:00
1772413200000,1772413500000,1772467500000,1,dip_unconfirmed,5349.1735,5298.707888259435,10185.419062315905,5298.657888259435,50.46561174056478,1.9815473656414426,-100.09907736828244,-1.0009907736828243,stop,900,1.37403466654627,2026-03-02 01:05:00+00:00,2026-03-02 16:05:00+00:00,2026-01-03 00:00:00+00:00
1772415000000,1772415300000,1772461800000,1,dip_unconfirmed,5309.215,5255.9647533837615,10424.839415007633,5309.165,53.250246616238655,1.8779255750809052,-0.09389627875438686,-0.0009389627875438686,breakeven,775,2.0525726535634328,2026-03-02 01:35:00+00:00,2026-03-02 14:30:00+00:00,2026-01-03 00:00:00+00:00
1772427600000,1772427900000,1772461800000,1,dip_unconfirmed,5357.045,5310.152659065591,9908.38675250653,5310.102659065591,46.89234093440882,2.1325444199912327,-100.10662722099995,-1.0010662722099994,stop,565,1.3108750549686161,2026-03-02 05:05:00+00:00,2026-03-02 14:30:00+00:00,2026-01-03 00:00:00+00:00
1772429400000,1772429700000,1772461800000,1,dip_unconfirmed,5351.725,5306.097111989477,9792.385913041775,5306.047111989476,45.62788801052375,2.1916420934700223,-100.10958210467389,-1.0010958210467389,stop,535,1.4637977542286271,2026-03-02 05:35:00+00:00,2026-03-02 14:30:00+00:00,2026-01-03 00:00:00+00:00
1772496000000,1772496300000,1772518500000,1,pullback_ema20,5347.05,5300.35874206083,9876.484535977828,5300.30874206083,46.6912579391701,2.141728546493246,-100.10708642732506,-1.0010708642732506,stop,370,0.6907824167431948,2026-03-03 00:05:00+00:00,2026-03-03 06:15:00+00:00,2026-01-03 00:00:00+00:00
1772497800000,1772498100000,1772517300000,1,pullback_ema20,5358.9400000000005,5312.408117627914,9876.596354836556,5312.358117627914,46.53188237208633,2.149064144888071,-100.1074532072448,-1.0010745320724481,stop,320,0.437624677144271,2026-03-03 00:35:00+00:00,2026-03-03 05:55:00+00:00,2026-01-03 00:00:00+00:00
1772505000000,1772505300000,1772517300000,1,pullback_ema20,5360.035000000001,5310.132739706654,10204.8587690412,5310.082739706654,49.902260293346444,2.0039172456750056,-100.10019586228412,-1.0010019586228411,stop,200,0.29637936063531434,2026-03-03 02:35:00+00:00,2026-03-03 05:55:00+00:00,2026-01-03 00:00:00+00:00
1772515800000,1772516100000,1772517300000,1,dip_unconfirmed,5359.9,5318.06655477107,9412.411077664143,5318.016554771069,41.83344522893003,2.3904318530964486,-100.11952159265526,-1.0011952159265527,stop,20,0.0,2026-03-03 05:35:00+00:00,2026-03-03 05:55:00+00:00,2026-01-03 00:00:00+00:00
1772811000000,1772811300000,1773007500000,1,breakout_24,5163.014999999999,5111.1939992659845,10163.294072667562,5163.7294999999995,51.82100073401489,1.9297195844070376,1.3787846430589126,0.013787846430589126,timeout,3270,0.22843055580421115,2026-03-06 15:35:00+00:00,2026-03-08 22:05:00+00:00,2026-01-03 00:00:00+00:00
1773084600000,1773084900000,1773258000000,1,breakout_24,5140.910000000001,5098.2913945191585,9266.65194260333,5177.234999999999,42.618605480842234,2.3463930570171203,85.2327277961422,0.852327277961422,timeout,2885,2.2774091011408046,2026-03-09 19:35:00+00:00,2026-03-11 19:40:00+00:00,2026-01-03 00:00:00+00:00
1773097200000,1773097500000,1773237300000,1,breakout_24,5154.7339999999995,5112.060528823931,9222.007646430824,5154.683999999999,42.67347117606823,2.343376276736567,-0.11716881383725461,-0.001171688138372546,breakeven,2330,1.9505326777044676,2026-03-09 23:05:00+00:00,2026-03-11 13:55:00+00:00,2026-01-03 00:00:00+00:00
1773106200000,1773106500000,1773237000000,1,breakout_24,5158.880000000001,5116.63769504266,9265.868190776631,5158.830000000001,42.24230495734082,2.3672950635858263,-0.11836475317972192,-0.0011836475317972192,breakeven,2175,1.8722936657900118,2026-03-10 01:35:00+00:00,2026-03-11 13:50:00+00:00,2026-01-03 00:00:00+00:00
1773108000000,1773108300000,1773270000000,1,breakout_24,5185.05,5141.0250025396135,9472.52474857829,5140.975002539613,44.02499746038666,2.271436814731885,-100.11357184073701,-1.0011357184073701,stop,2695,1.2020443623561152,2026-03-10 02:05:00+00:00,2026-03-11 23:00:00+00:00,2026-01-03 00:00:00+00:00
1773138600000,1773138900000,1773166800000,1,dip_unconfirmed,5174.46,5145.046516401254,8026.3948762759355,5174.41,29.413483598746097,3.3998013075970035,-0.1699900653804686,-0.001699900653804686,breakeven,465,2.1592138104548644,2026-03-10 10:35:00+00:00,2026-03-10 18:20:00+00:00,2026-01-03 00:00:00+00:00
1773167400000,1773167700000,1773234300000,1,dip_unconfirmed,5203.71,5163.57538113777,9098.037267360822,5163.52538113777,40.13461886223013,2.4916145421305584,-100.12458072710697,-1.0012458072710697,stop,1110,0.4722855364608456,2026-03-10 18:35:00+00:00,2026-03-11 13:05:00+00:00,2026-01-03 00:00:00+00:00
1773320400000,1773320700000,1773323100000,1,pullback_ema20,5181.9800000000005,5156.449139004662,7665.035238538423,5156.399139004662,25.530860995338116,3.9168283442638225,-100.19584141721391,-1.0019584141721392,stop,40,0.14374760023448513,2026-03-12 13:05:00+00:00,2026-03-12 13:45:00+00:00,2026-01-03 00:00:00+00:00
1773723600000,1773723900000,1773727500000,1,breakout_24,5038.760000000001,5012.3854332856135,7579.842104724186,5012.335433285613,26.374566714387583,3.791531481176865,-100.18957657405953,-1.0018957657405954,stop,60,0.19905540276171646,2026-03-17 05:05:00+00:00,2026-03-17 06:05:00+00:00,2026-01-03 00:00:00+00:00
1773977400000,1773977700000,1773988800000,1,breakout_24,4734.785,4673.066109099829,10722.955199116932,4673.016109099829,61.71889090017066,1.620249465625499,-100.08101247328156,-1.0008101247328156,stop,185,0.006399985389227795,2026-03-20 03:35:00+00:00,2026-03-20 06:40:00+00:00,2026-01-03 00:00:00+00:00
1774270800000,1774271100000,1774312800000,1,breakout_24,4480.1665,4338.744143967533,18322.32974721419,4338.694143967533,141.42235603246718,0.7071017822460998,-100.03535508911243,-1.0003535508911243,stop,695,0.22658015959402733,2026-03-23 13:05:00+00:00,2026-03-24 00:40:00+00:00,2026-01-03 00:00:00+00:00
