signal_ts,entry_ts,exit_ts,side,tag,entry_px,stop_px,target_px,exit_px,risk_px,qty,pnl,r,reason,hold_min,mfe_r,entry_dt,exit_dt,fold
1672709400000,1672709700000,1672760400000,1,dip_unconfirmed,1828.647,1820.255,2620.255,1828.597,8.391999999999825,11.916110581506445,-0.5958055290747803,-0.005958055290747804,breakeven,845,2.5069709246902465,2023-01-03 01:35:00+00:00,2023-01-03 15:40:00+00:00,2023-01-03 00:00:00+00:00
1672720200000,1672720500000,1672743900000,1,dip_unconfirmed,1841.5400000000002,1833.19,2633.19,1833.14,8.350000000000136,11.976047904191422,-100.59880239520903,-1.0059880239520904,stop,390,0.975508982035895,2023-01-03 04:35:00+00:00,2023-01-03 11:05:00+00:00,2023-01-03 00:00:00+00:00
1672722000000,1672722300000,1672734300000,1,dip_unconfirmed,1840.7735,1832.3765,2632.3765000000003,1840.7235,8.396999999999935,11.9090151244493,-0.5954507562219234,-0.005954507562219234,breakeven,200,1.0613314278909258,2023-01-03 05:05:00+00:00,2023-01-03 08:25:00+00:00,2023-01-03 00:00:00+00:00
1672723800000,1672724100000,1672734600000,1,dip_unconfirmed,1838.6249999999998,1830.2135,2630.2135,1838.5749999999998,8.411499999999705,11.88848600130815,-0.5944243000648669,-0.005944243000648669,breakeven,175,1.3149259941747207,2023-01-03 05:35:00+00:00,2023-01-03 08:30:00+00:00,2023-01-03 00:00:00+00:00
1672736400000,1672736700000,1672759500000,1,dip_unconfirmed,1836.5249999999999,1827.8463650635376,2660.709858709798,1836.475,8.678634936462231,11.522549425355148,-0.5761274712672334,-0.005761274712672334,breakeven,380,1.5054210824226566,2023-01-03 09:05:00+00:00,2023-01-03 15:25:00+00:00,2023-01-03 00:00:00+00:00
1672741800000,1672742100000,1672758900000,1,dip_unconfirmed,1838.405,1829.7411581795157,2663.125340227926,1838.355,8.663841820484322,11.542223654587666,-0.5771111827288584,-0.005771111827288584,breakeven,280,1.290997715765624,2023-01-03 10:35:00+00:00,2023-01-03 15:15:00+00:00,2023-01-03 00:00:00+00:00
1672743600000,1672743900000,1672759800000,1,dip_unconfirmed,1834.905,1826.1480754524075,2665.3405302116453,1834.855,8.756924547592462,11.419534273307512,-0.5709767136648564,-0.005709767136648563,breakeven,265,1.676958608035202,2023-01-03 11:05:00+00:00,2023-01-03 15:30:00+00:00,2023-01-03 00:00:00+00:00
1672745400000,1672745700000,1672759800000,1,dip_unconfirmed,1833.5735,1824.9718557772358,2649.936278053668,1833.5235,8.601644222764207,11.62568427735601,-0.5812842138672718,-0.005812842138672718,breakeven,235,1.8620277222827195,2023-01-03 11:35:00+00:00,2023-01-03 15:30:00+00:00,2023-01-03 00:00:00+00:00
1672761600000,1672761900000,1672927200000,1,dip_unconfirmed,1833.6699999999998,1822.8230030764162,2872.522695434801,1833.62,10.846996923583674,9.219141547148295,-0.46095707735699554,-0.004609570773569955,breakeven,2755,2.8772940768650073,2023-01-03 16:05:00+00:00,2023-01-05 14:00:00+00:00,2023-01-03 00:00:00+00:00
1672763400000,1672763700000,1672820700000,1,dip_unconfirmed,1830.417,1819.4542171423864,2879.0325029037444,1863.3053485728406,10.962782857613547,9.121771478904279,300.0,3.0,target,950,2.9593763209009136,2023-01-03 16:35:00+00:00,2023-01-04 08:25:00+00:00,2023-01-03 00:00:00+00:00
1672774200000,1672774500000,1672926900000,1,dip_unconfirmed,1837.5555000000002,1828.1069580250132,2735.411155523708,1837.5055000000002,9.448541974986938,10.583643515023729,-0.5291821757507051,-0.005291821757507051,breakeven,2540,2.891927672262653,2023-01-03 19:35:00+00:00,2023-01-05 13:55:00+00:00,2023-01-03 00:00:00+00:00
1672779600000,1672779900000,1672820700000,1,dip_unconfirmed,1838.4585,1830.1027273254203,2646.1799947833824,1863.5258180237388,8.355772674579612,11.96777412389706,300.0,3.0,target,680,2.920316402842734,2023-01-03 21:05:00+00:00,2023-01-04 08:25:00+00:00,2023-01-03 00:00:00+00:00
1672788600000,1672788900000,1672820700000,1,dip_unconfirmed,1838.5370000000003,1830.1785,2630.1785,1863.612500000001,8.358500000000276,11.963869115271484,300.0,3.0,target,530,2.9099718849074394,2023-01-03 23:35:00+00:00,2023-01-04 08:25:00+00:00,2023-01-03 00:00:00+00:00
1672828200000,1672828500000,1672845300000,1,dip_unconfirmed,1858.415,1850.0749999999998,2650.075,1850.0249999999999,8.340000000000146,11.990407673860702,-100.5995203836925,-1.0059952038369249,stop,280,0.5043764988009783,2023-01-04 10:35:00+00:00,2023-01-04 15:15:00+00:00,2023-01-03 00:00:00+00:00
1672835400000,1672835700000,1672859100000,1,dip_unconfirmed,1855.6135,1847.239,2647.239,1847.189,8.374499999999898,11.941011403666035,-100.59705057018276,-1.0059705057018276,stop,390,0.8095408681115506,2023-01-04 12:35:00+00:00,2023-01-04 19:05:00+00:00,2023-01-03 00:00:00+00:00
1672837200000,1672837500000,1672906200000,1,dip_unconfirmed,1854.04,1845.67,2645.67,1845.6200000000001,8.36999999999989,11.947431302270168,-100.59737156511297,-1.0059737156511297,stop,1145,0.997968936678635,2023-01-04 13:05:00+00:00,2023-01-05 08:10:00+00:00,2023-01-03 00:00:00+00:00
1672846200000,1672846500000,1672859100000,1,dip_unconfirmed,1856.7859999999998,1848.0851691624773,2687.218252914735,1848.0351691624774,8.700830837522517,11.493155293716077,-100.57465776468528,-1.0057465776468528,stop,210,0.3846759076807009,2023-01-04 15:35:00+00:00,2023-01-04 19:05:00+00:00,2023-01-03 00:00:00+00:00
1672891200000,1672891500000,1672906200000,1,dip_unconfirmed,1853.7920000000001,1845.385,2645.385,1845.335,8.407000000000153,11.894849530153227,-100.59474247650712,-1.0059474247650713,stop,245,0.1938265730938477,2023-01-05 04:05:00+00:00,2023-01-05 08:10:00+00:00,2023-01-03 00:00:00+00:00
1672893000000,1672893300000,1672908600000,1,dip_unconfirmed,1852.0505000000003,1843.6885000000002,2643.6885,1843.6385000000002,8.36200000000008,11.958861516383525,-100.59794307581862,-1.0059794307581862,stop,255,0.4031332217172728,2023-01-05 04:35:00+00:00,2023-01-05 08:50:00+00:00,2023-01-03 00:00:00+00:00
1672907400000,1672907700000,1672926600000,1,dip_unconfirmed,1848.3005,1839.9785000000002,2639.9785,1839.9285000000002,8.321999999999889,12.01634222542674,-100.60081711127079,-1.0060081711127078,stop,315,0.3131458783946202,2023-01-05 08:35:00+00:00,2023-01-05 13:50:00+00:00,2023-01-03 00:00:00+00:00
1672909200000,1672909500000,1672926900000,1,dip_unconfirmed,1846.8455,1838.4835,2638.4835000000003,1838.4335,8.361999999999853,11.958861516383852,-100.59794307581866,-1.0059794307581866,stop,290,0.485649366180366,2023-01-05 09:05:00+00:00,2023-01-05 13:55:00+00:00,2023-01-03 00:00:00+00:00
1673017200000,1673017500000,1673219100000,1,dip_unconfirmed,1844.1829999999998,1834.498936330668,2756.755303263885,1865.8260000000002,9.684063669331863,10.326243549666723,223.49088914544188,2.2349088914544186,timeout,3360,2.6256539473737948,2023-01-06 15:05:00+00:00,2023-01-08 23:05:00+00:00,2023-01-03 00:00:00+00:00
1673038800000,1673039100000,1673219100000,1,dip_unconfirmed,1867.3384999999998,1858.4448170273363,2701.963114293728,1865.8260000000002,8.893682972663555,11.243935758376955,-17.006452834540543,-0.17006452834540542,timeout,3000,0.0,2023-01-06 21:05:00+00:00,2023-01-08 23:05:00+00:00,2023-01-03 00:00:00+00:00
1673040600000,1673040900000,1673219100000,1,dip_unconfirmed,1866.614,1858.0978300968122,2663.3148204156064,1865.8260000000002,8.516169903187802,11.742367888006516,-9.252985895746592,-0.09252985895746592,timeout,2970,0.0,2023-01-06 21:35:00+00:00,2023-01-08 23:05:00+00:00,2023-01-03 00:00:00+00:00
1673042400000,1673219100000,1673310300000,1,dip_unconfirmed,1868.5240000000001,1857.925,2657.925,1868.4740000000002,10.59900000000016,9.434852344560666,-0.47174261722760424,-0.004717426172276043,breakeven,1520,1.2057741296348505,2023-01-08 23:05:00+00:00,2023-01-10 00:25:00+00:00,2023-01-03 00:00:00+00:00
1673236800000,1673237100000,1673285400000,1,dip_unconfirmed,1877.585,1869.2649999999999,2669.265,1869.215,8.320000000000164,12.019230769230532,-100.60096153846098,-1.0060096153846099,stop,805,0.44699519230768964,2023-01-09 04:05:00+00:00,2023-01-09 17:30:00+00:00,2023-01-03 00:00:00+00:00
1673256600000,1673256900000,1673430000000,1,dip_unconfirmed,1872.97,1864.5749999999998,2664.575,1885.382,8.39500000000021,11.91185229303127,147.84991066110453,1.4784991066110453,timeout,2885,1.588385944014274,2023-01-09 09:35:00+00:00,2023-01-11 09:40:00+00:00,2023-01-03 00:00:00+00:00
1673262000000,1673262300000,1673435400000,1,dip_unconfirmed,1872.0200000000002,1863.65,2663.65,1884.6684999999998,8.370000000000118,11.947431302269843,151.11708482675482,1.511170848267548,timeout,2885,1.7066308243727333,2023-01-09 11:05:00+00:00,2023-01-11 11:10:00+00:00,2023-01-03 00:00:00+00:00
1673280000000,1673280300000,1673448000000,1,dip_unconfirmed,1875.1464999999998,1866.79,2666.79,1875.0964999999999,8.356499999999869,11.966732483695514,-0.5983366241842315,-0.005983366241842315,breakeven,2795,1.3352480105307882,2023-01-09 16:05:00+00:00,2023-01-11 14:40:00+00:00,2023-01-03 00:00:00+00:00
1673319600000,1673319900000,1673448600000,1,dip_unconfirmed,1873.2549999999999,1864.875,2664.875,1873.205,8.379999999999882,11.933174224343844,-0.5966587112166496,-0.005966587112166496,breakeven,2145,1.5572195704057865,2023-01-10 03:05:00+00:00,2023-01-11 14:50:00+00:00,2023-01-03 00:00:00+00:00
1673348400000,1673348700000,1673440200000,1,dip_unconfirmed,1875.6460000000002,1867.2185,2667.2185,1875.5960000000002,8.427500000000236,11.865915158706283,-0.5932957579347745,-0.005932957579347745,breakeven,1525,1.2647285671907096,2023-01-10 11:05:00+00:00,2023-01-11 12:30:00+00:00,2023-01-03 00:00:00+00:00
1673433000000,1673433300000,1673439600000,1,dip_unconfirmed,1884.6614999999997,1876.295,2676.295,1876.2450000000001,8.366499999999633,11.952429331262104,-100.59762146656257,-1.0059762146656257,stop,105,0.12400645431186064,2023-01-11 10:35:00+00:00,2023-01-11 12:20:00+00:00,2023-01-03 00:00:00+00:00
1673438400000,1673438700000,1673448000000,1,dip_unconfirmed,1883.4335,1875.0749999999998,2675.075,1875.0249999999999,8.358500000000276,11.963869115271484,-100.59819345576304,-1.0059819345576304,stop,155,0.0,2023-01-11 12:05:00+00:00,2023-01-11 14:40:00+00:00,2023-01-03 00:00:00+00:00
1673440200000,1673440500000,1673451600000,1,dip_unconfirmed,1878.4249999999997,1870.0,2670.0,1869.95,8.424999999999727,11.8694362017808,-100.5934718100885,-1.005934718100885,stop,185,0.206528189911014,2023-01-11 12:35:00+00:00,2023-01-11 15:40:00+00:00,2023-01-03 00:00:00+00:00
1673442000000,1673442300000,1673451600000,1,dip_unconfirmed,1877.6519999999998,1869.2335,2669.2335000000003,1869.1835,8.418499999999767,11.87860070083777,-100.59393003504135,-1.0059393003504136,stop,155,0.29850923561207066,2023-01-11 13:05:00+00:00,2023-01-11 15:40:00+00:00,2023-01-03 00:00:00+00:00
1673505000000,1673505300000,1673530500000,1,dip_unconfirmed,1883.9815000000003,1875.55,2675.55,1875.5,8.43150000000037,11.860285832888053,-100.59301429164385,-1.0059301429164385,stop,420,0.7963588922492196,2023-01-12 06:35:00+00:00,2023-01-12 13:35:00+00:00,2023-01-03 00:00:00+00:00
1673506800000,1673507100000,1673530500000,1,dip_unconfirmed,1883.6399999999999,1875.211,2675.2110000000002,1875.161,8.42899999999986,11.86380353541365,-100.59319017677014,-1.0059319017677013,stop,390,0.8371099774587919,2023-01-12 07:05:00+00:00,2023-01-12 13:35:00+00:00,2023-01-03 00:00:00+00:00
1673508600000,1673508900000,1673535300000,1,dip_unconfirmed,1881.3315,1872.9965,2672.9965,1881.2815,8.335000000000036,11.997600479903967,-0.5998800239946528,-0.005998800239946528,breakeven,440,2.3969406118776067,2023-01-12 07:35:00+00:00,2023-01-12 14:55:00+00:00,2023-01-03 00:00:00+00:00
1673530200000,1673530500000,1673530500000,1,dip_unconfirmed,1887.854,1879.3195,2679.3195,1879.2695,8.53449999999998,11.71714804616559,-100.58585740230774,-1.0058585740230774,stop,0,0.0,2023-01-12 13:35:00+00:00,2023-01-12 13:35:00+00:00,2023-01-03 00:00:00+00:00
1673535600000,1673535900000,1673633400000,1,dip_unconfirmed,1882.8065000000001,1871.19627340984,2999.5689324258447,1917.6371797704808,11.61022659016021,8.613096327056274,300.0,3.0,target,1625,2.9931801700969487,2023-01-12 15:05:00+00:00,2023-01-13 18:10:00+00:00,2023-01-03 00:00:00+00:00
1673560800000,1673564700000,1673613000000,1,dip_unconfirmed,1896.2259999999999,1888.5758802430753,2745.9878559355584,1896.176,7.650119756924596,13.071690794053756,-0.6535845397020934,-0.006535845397020934,breakeven,805,1.717489453430769,2023-01-12 23:05:00+00:00,2023-01-13 12:30:00+00:00,2023-01-03 00:00:00+00:00
1673573400000,1673573700000,1673613000000,1,dip_unconfirmed,1898.3749999999998,1890.05,2690.05,1898.3249999999998,8.324999999999818,12.012012012012274,-0.6006006006000675,-0.006006006006000675,breakeven,655,1.3201201201202046,2023-01-13 01:35:00+00:00,2023-01-13 12:30:00+00:00,2023-01-03 00:00:00+00:00
1673584200000,1673584500000,1673613000000,1,dip_unconfirmed,1897.7949999999998,1889.411,2689.411,1897.745,8.383999999999787,11.927480916030838,-0.5963740458009995,-0.005963740458009995,breakeven,475,1.3800095419848144,2023-01-13 04:35:00+00:00,2023-01-13 12:30:00+00:00,2023-01-03 00:00:00+00:00
1673586000000,1673586300000,1673613000000,1,dip_unconfirmed,1896.3559999999998,1887.975,2687.975,1896.3059999999998,8.380999999999858,11.93175038778209,-0.5965875193885619,-0.005965875193885619,breakeven,445,1.552201407946628,2023-01-13 05:05:00+00:00,2023-01-13 12:30:00+00:00,2023-01-03 00:00:00+00:00
1673613000000,1673613300000,1673823900000,1,dip_unconfirmed,1896.725,1888.385,2688.385,1917.339,8.339999999999918,11.990407673861029,247.17026378897162,2.4717026378897162,timeout,3510,2.980095923261425,2023-01-13 12:35:00+00:00,2023-01-15 23:05:00+00:00,2023-01-03 00:00:00+00:00
1673629200000,1673629500000,1673823900000,1,dip_unconfirmed,1912.6314999999997,1903.607674512537,2770.4902232588242,1917.339,9.023825487462773,11.081774590935376,52.1674538868306,0.521674538868306,timeout,3240,0.9915417815239671,2023-01-13 17:05:00+00:00,2023-01-15 23:05:00+00:00,2023-01-03 00:00:00+00:00
1673827200000,1673827500000,1673848200000,1,dip_unconfirmed,1917.407,1909.0,2709.0,1917.357,8.406999999999925,11.894849530153548,-0.5947424765071365,-0.005947424765071365,breakeven,345,1.347448554775791,2023-01-16 00:05:00+00:00,2023-01-16 05:50:00+00:00,2023-01-03 00:00:00+00:00
1673845200000,1673845500000,1673851200000,1,dip_unconfirmed,1922.7479999999998,1914.3600000000001,2714.36,1914.3100000000002,8.387999999999693,11.921793037673304,-100.59608965188313,-1.0059608965188314,stop,95,0.0,2023-01-16 05:05:00+00:00,2023-01-16 06:40:00+00:00,2023-01-03 00:00:00+00:00
1673847000000,1673847300000,1673858100000,1,dip_unconfirmed,1920.2265000000002,1911.82,2711.8199999999997,1911.77,8.406500000000278,11.895557009456574,-100.5947778504723,-1.005947778504723,stop,180,0.04383512757982519,2023-01-16 05:35:00+00:00,2023-01-16 08:35:00+00:00,2023-01-03 00:00:00+00:00
1673848800000,1673849100000,1673858100000,1,dip_unconfirmed,1920.0185,1911.6235000000001,2711.6235,1911.5735000000002,8.394999999999754,11.911852293031915,-100.59559261465105,-1.0059559261465105,stop,150,0.06867182846934372,2023-01-16 06:05:00+00:00,2023-01-16 08:35:00+00:00,2023-01-03 00:00:00+00:00
1673850600000,1673850900000,1673929200000,1,dip_unconfirmed,1917.003,1908.645,2708.645,1908.595,8.357999999999947,11.964584828906512,-100.59822924144477,-1.0059822924144477,stop,1305,0.24012921751618832,2023-01-16 06:35:00+00:00,2023-01-17 04:20:00+00:00,2023-01-03 00:00:00+00:00
1673920800000,1673921100000,1673950500000,1,dip_unconfirmed,1913.5249999999999,1905.15,2705.15,1905.1000000000001,8.374999999999773,11.94029850746301,-100.5970149253726,-1.005970149253726,stop,490,0.2967164179104439,2023-01-17 02:05:00+00:00,2023-01-17 10:15:00+00:00,2023-01-03 00:00:00+00:00
1673922600000,1673922900000,1673951100000,1,dip_unconfirmed,1912.78,1904.43,2704.4300000000003,1904.38,8.349999999999909,11.976047904191747,-100.59880239520903,-1.0059880239520904,stop,470,0.025149700598834257,2023-01-17 02:35:00+00:00,2023-01-17 10:25:00+00:00,2023-01-03 00:00:00+00:00
1673924400000,1673924700000,1674009900000,1,dip_unconfirmed,1911.0635,1902.7615,2702.7615,1902.7115000000001,8.301999999999907,12.04529029149616,-100.60226451457426,-1.0060226451457426,stop,1420,0.6415923873765579,2023-01-17 03:05:00+00:00,2023-01-18 02:45:00+00:00,2023-01-03 00:00:00+00:00
1674055800000,1674056100000,1674059400000,1,dip_unconfirmed,1918.4105,1909.9376193145913,2722.6756878554766,1909.8876193145913,8.472880685408654,11.80236140610505,-100.59011807030471,-1.0059011807030471,stop,55,0.0,2023-01-18 15:35:00+00:00,2023-01-18 16:30:00+00:00,2023-01-03 00:00:00+00:00
1674057600000,1674057900000,1674062700000,1,dip_unconfirmed,1912.7605,1903.8602179349773,2758.188424437227,1903.8102179349773,8.900282065022793,11.235598969721405,-100.56177994848555,-1.0056177994848554,stop,80,0.0,2023-01-18 16:05:00+00:00,2023-01-18 17:25:00+00:00,2023-01-03 00:00:00+00:00
1674059400000,1674059700000,1674094500000,1,dip_unconfirmed,1909.6599999999999,1900.8298095110506,2747.348858405995,1900.7798095110506,8.830190488949256,11.324784003827244,-100.56623920019085,-1.0056623920019085,stop,580,0.0,2023-01-18 16:35:00+00:00,2023-01-19 02:15:00+00:00,2023-01-03 00:00:00+00:00
1674061200000,1674061500000,1674202200000,1,dip_unconfirmed,1908.8385,1900.07310883169,2739.912225662708,1935.1346735049303,8.765391168310089,11.40850397658629,300.0,3.0,target,2345,2.969006117386698,2023-01-18 17:05:00+00:00,2023-01-20 08:10:00+00:00,2023-01-03 00:00:00+00:00
1674063000000,1674063300000,1674157800000,1,dip_unconfirmed,1903.6360000000002,1894.5692082008547,2768.7983881153696,1930.8363753974365,9.066791799145449,11.029259545744182,300.0,3.0,target,1575,2.9643892344073732,2023-01-18 17:35:00+00:00,2023-01-19 19:50:00+00:00,2023-01-03 00:00:00+00:00
1674068400000,1674068700000,1674157800000,1,dip_unconfirmed,1905.33,1896.8238359756845,2711.0902384072388,1930.8484920729463,8.506164024315467,11.756180543208782,300.0,3.0,target,1485,2.9606177270989944,2023-01-18 19:05:00+00:00,2023-01-19 19:50:00+00:00,2023-01-03 00:00:00+00:00
1674120600000,1674120900000,1674202200000,1,dip_unconfirmed,1910.6799999999998,1902.31,2702.31,1935.7899999999995,8.36999999999989,11.947431302270168,300.0,3.0,target,1355,2.889247311828021,2023-01-19 09:35:00+00:00,2023-01-20 08:10:00+00:00,2023-01-03 00:00:00+00:00
1674129600000,1674129900000,1674159300000,1,dip_unconfirmed,1908.555,1900.205,2700.205,1933.6050000000005,8.350000000000136,11.976047904191422,300.0,3.0,target,490,2.857065868263438,2023-01-19 12:05:00+00:00,2023-01-19 20:15:00+00:00,2023-01-03 00:00:00+00:00
1674165600000,1674169500000,1674190800000,1,dip_unconfirmed,1932.805,1924.1399999999999,2724.14,1924.09,8.665000000000191,11.540680900172855,-100.57703404500812,-1.0057703404500813,stop,355,0.20190421234851236,2023-01-19 23:05:00+00:00,2023-01-20 05:00:00+00:00,2023-01-03 00:00:00+00:00
1674174600000,1674174900000,1674191400000,1,dip_unconfirmed,1931.39,1923.005,2723.005,1922.9550000000002,8.384999999999991,11.926058437686358,-100.59630292188378,-1.0059630292188377,stop,275,0.3774001192605683,2023-01-20 00:35:00+00:00,2023-01-20 05:10:00+00:00,2023-01-03 00:00:00+00:00
1674176400000,1674176700000,1674225300000,1,dip_unconfirmed,1930.846,1922.4965,2722.4965,1922.4465,8.349500000000035,11.97676507575299,-100.59883825378711,-1.005988382537871,stop,810,0.7705850649739436,2023-01-20 01:05:00+00:00,2023-01-20 14:35:00+00:00,2023-01-03 00:00:00+00:00
1674190800000,1674191100000,1674222900000,1,dip_unconfirmed,1924.1715,1915.8165,2715.8165,1924.1215,8.355000000000018,11.968880909634922,-0.5984440454812019,-0.0059844404548120185,breakeven,530,1.5689407540394997,2023-01-20 05:05:00+00:00,2023-01-20 13:55:00+00:00,2023-01-03 00:00:00+00:00
1674192600000,1674192900000,1674223200000,1,dip_unconfirmed,1923.862,1915.519,2715.5190000000002,1923.8120000000001,8.343000000000075,11.986096128490843,-0.5993048064239971,-0.005993048064239971,breakeven,505,1.6082943785208885,2023-01-20 05:35:00+00:00,2023-01-20 14:00:00+00:00,2023-01-03 00:00:00+00:00
1674210600000,1674210900000,1674225300000,1,dip_unconfirmed,1929.2200000000003,1920.825,2720.825,1920.775,8.39500000000021,11.91185229303127,-100.59559261465103,-1.0059559261465103,stop,240,0.2137581893984156,2023-01-20 10:35:00+00:00,2023-01-20 14:35:00+00:00,2023-01-03 00:00:00+00:00
1674216000000,1674216300000,1674428700000,1,dip_unconfirmed,1927.49,1919.135,2719.135,1923.965,8.355000000000018,11.968880909634922,-42.19030520646419,-0.4219030520646419,timeout,3540,0.3865948533812102,2023-01-20 12:05:00+00:00,2023-01-22 23:05:00+00:00,2023-01-03 00:00:00+00:00
1674232200000,1674232500000,1674428700000,1,dip_unconfirmed,1925.61,1917.24,2717.24,1923.965,8.36999999999989,11.947431302270168,-19.653524492234208,-0.1965352449223421,timeout,3270,0.607467144563946,2023-01-20 16:35:00+00:00,2023-01-22 23:05:00+00:00,2023-01-03 00:00:00+00:00
1674234000000,1674234300000,1674428700000,1,dip_unconfirmed,1925.3155000000002,1916.9735,2716.9735,1923.965,8.342000000000098,11.987532965715515,-16.189163270201657,-0.16189163270201656,timeout,3240,0.6448093982258262,2023-01-20 17:05:00+00:00,2023-01-22 23:05:00+00:00,2023-01-03 00:00:00+00:00
1674246600000,1674246900000,1674428700000,1,dip_unconfirmed,1929.5685,1921.2065,2721.2065000000002,1923.965,8.36200000000008,11.958861516383525,-67.01148050705709,-0.6701148050705709,timeout,3030,0.0,2023-01-20 20:35:00+00:00,2023-01-22 23:05:00+00:00,2023-01-03 00:00:00+00:00
1674252000000,1674428700000,1674483000000,1,dip_unconfirmed,1927.565,1918.1,2718.1,1918.05,9.465000000000146,10.56524035921801,-100.52826201796042,-1.0052826201796041,stop,905,0.8133122028525882,2023-01-22 23:05:00+00:00,2023-01-23 14:10:00+00:00,2023-01-03 00:00:00+00:00
1674430200000,1674430500000,1674483000000,1,dip_unconfirmed,1926.6315,1918.17,2718.17,1918.1200000000001,8.461499999999887,11.818235537434418,-100.59091177687118,-1.0059091177687118,stop,875,1.0200910004136472,2023-01-22 23:35:00+00:00,2023-01-23 14:10:00+00:00,2023-01-03 00:00:00+00:00
1674448200000,1674448500000,1674456300000,1,dip_unconfirmed,1929.99,1921.655,2721.6549999999997,1921.605,8.335000000000036,11.997600479903967,-100.59988002399466,-1.0059988002399465,stop,130,0.0,2023-01-23 04:35:00+00:00,2023-01-23 06:45:00+00:00,2023-01-03 00:00:00+00:00
1674450000000,1674450300000,1674456300000,1,dip_unconfirmed,1929.9450000000002,1921.5900000000001,2721.59,1921.5400000000002,8.355000000000018,11.968880909634922,-100.5984440454812,-1.005984440454812,stop,100,0.0,2023-01-23 05:05:00+00:00,2023-01-23 06:45:00+00:00,2023-01-03 00:00:00+00:00
1674451800000,1674452100000,1674459000000,1,dip_unconfirmed,1929.195,1920.83,2720.83,1920.78,8.365000000000009,11.954572624028678,-100.5977286312009,-1.005977286312009,stop,115,0.0,2023-01-23 05:35:00+00:00,2023-01-23 07:30:00+00:00,2023-01-03 00:00:00+00:00
1674457200000,1674457500000,1674485100000,1,dip_unconfirmed,1923.1465,1914.8035,2714.8035,1914.7535,8.343000000000075,11.986096128490843,-100.59930480642399,-1.0059930480642398,stop,460,0.7215629869351466,2023-01-23 07:05:00+00:00,2023-01-23 14:45:00+00:00,2023-01-03 00:00:00+00:00
1674534600000,1674534900000,1674572100000,1,dip_unconfirmed,1933.3519999999999,1925.0214999999998,2725.0215,1924.9714999999999,8.330500000000029,12.004081387671766,-100.60020406938304,-1.0060020406938304,stop,620,1.0590600804273405,2023-01-24 04:35:00+00:00,2023-01-24 14:55:00+00:00,2023-01-03 00:00:00+00:00
1674536400000,1674536700000,1674572400000,1,dip_unconfirmed,1933.1985,1924.7714999999998,2724.7715,1924.7214999999999,8.427000000000135,11.866619200189676,-100.59333096000894,-1.0059333096000893,stop,595,1.0651477394090119,2023-01-24 05:05:00+00:00,2023-01-24 15:00:00+00:00,2023-01-03 00:00:00+00:00
1674550800000,1674551100000,1674568500000,1,dip_unconfirmed,1938.57,1930.2350000000001,2730.235,1930.1850000000002,8.334999999999809,11.997600479904294,-100.59988002399467,-1.0059988002399467,stop,290,0.06472705458909436,2023-01-24 09:05:00+00:00,2023-01-24 13:55:00+00:00,2023-01-03 00:00:00+00:00
1674552600000,1674552900000,1674570000000,1,dip_unconfirmed,1936.3850000000002,1928.0149999999999,2728.015,1927.965,8.370000000000346,11.947431302269518,-100.59737156511292,-1.0059737156511293,stop,285,0.32550776583031,2023-01-24 09:35:00+00:00,2023-01-24 14:20:00+00:00,2023-01-03 00:00:00+00:00
1674617400000,1674617700000,1674641700000,1,dip_unconfirmed,1933.17,1924.845,2724.8450000000003,1924.795,8.325000000000045,12.012012012011946,-100.60060060060005,-1.0060060060060005,stop,400,0.04264264264261728,2023-01-25 03:35:00+00:00,2023-01-25 10:15:00+00:00,2023-01-03 00:00:00+00:00
1674619200000,1674619500000,1674641700000,1,dip_unconfirmed,1932.2285000000002,1923.85,2723.85,1923.8,8.378500000000258,11.935310616458425,-100.59676553082238,-1.0059676553082237,stop,370,0.15474130214234724,2023-01-25 04:05:00+00:00,2023-01-25 10:15:00+00:00,2023-01-03 00:00:00+00:00
1674624600000,1674624900000,1674655200000,1,dip_unconfirmed,1928.4035000000001,1920.0165,2720.0164999999997,1919.9665,8.387000000000171,11.923214498628587,-100.59616072493088,-1.0059616072493087,stop,505,0.6106474305472323,2023-01-25 05:35:00+00:00,2023-01-25 14:00:00+00:00,2023-01-03 00:00:00+00:00
1674684000000,1674687900000,1674717900000,1,dip_unconfirmed,1947.585,1938.2485,2738.2484999999997,1938.1985,9.336500000000115,10.71065174315844,-100.53553258715743,-1.0053553258715744,stop,500,0.1442189257216397,2023-01-25 23:05:00+00:00,2023-01-26 07:25:00+00:00,2023-01-03 00:00:00+00:00
1674694800000,1674695100000,1674724800000,1,dip_unconfirmed,1945.695,1937.3400000000001,2737.34,1937.2900000000002,8.35499999999979,11.96888090963525,-100.59844404548122,-1.0059844404548122,stop,495,0.35846798324358986,2023-01-26 01:05:00+00:00,2023-01-26 09:20:00+00:00,2023-01-03 00:00:00+00:00
1674696600000,1674696900000,1674726600000,1,dip_unconfirmed,1943.595,1935.225,2735.225,1935.175,8.370000000000118,11.947431302269843,-100.59737156511295,-1.0059737156511295,stop,495,0.6087216248506517,2023-01-26 01:35:00+00:00,2023-01-26 09:50:00+00:00,2023-01-03 00:00:00+00:00
1674716400000,1674716700000,1674717900000,1,dip_unconfirmed,1946.1835,1937.8235,2737.8235,1937.7735,8.360000000000127,11.961722488038095,-100.59808612440136,-1.0059808612440135,stop,20,0.0,2023-01-26 07:05:00+00:00,2023-01-26 07:25:00+00:00,2023-01-03 00:00:00+00:00
1674718200000,1674718500000,1674732900000,1,dip_unconfirmed,1941.3899999999999,1933.0549999999998,2733.055,1933.0049999999999,8.335000000000036,11.997600479903967,-100.59988002399466,-1.0059988002399465,stop,240,0.4124775044991106,2023-01-26 07:35:00+00:00,2023-01-26 11:35:00+00:00,2023-01-03 00:00:00+00:00
1675270800000,1675271100000,1675283700000,1,dip_unconfirmed,1925.517,1917.1785,2717.1785,1950.5325000000003,8.338500000000067,11.99256460994174,300.0,3.0,target,210,2.6429213887389618,2023-02-01 17:05:00+00:00,2023-02-01 20:35:00+00:00,2023-01-03 00:00:00+00:00
1675297800000,1675298100000,1675348800000,1,dip_unconfirmed,1951.53,1941.1706607406086,2942.604586679745,1941.1206607406086,10.35933925939139,9.653125310028217,-100.48265626550098,-1.0048265626550097,stop,845,0.7653963058321458,2023-02-02 00:35:00+00:00,2023-02-02 14:40:00+00:00,2023-01-03 00:00:00+00:00
1675308600000,1675308900000,1675346400000,1,dip_unconfirmed,1952.5584999999999,1943.6036989476795,2808.8838041797167,1943.5536989476795,8.954801052320363,11.167193934932598,-100.55835969674612,-1.0055835969674611,stop,625,0.7705922174800455,2023-02-02 03:35:00+00:00,2023-02-02 14:00:00+00:00,2023-01-03 00:00:00+00:00
1675319400000,1675319700000,1675346400000,1,dip_unconfirmed,1952.4184999999998,1944.08,2744.08,1944.03,8.33849999999984,11.992564609942066,-100.59962823049656,-1.0059962823049657,stop,445,0.8443365113630062,2023-02-02 06:35:00+00:00,2023-02-02 14:00:00+00:00,2023-01-03 00:00:00+00:00
1675330200000,1675330500000,1675346100000,1,dip_unconfirmed,1955.212,1946.795,2746.795,1946.7450000000001,8.416999999999916,11.880717595342876,-100.5940358797666,-1.0059403587976659,stop,260,0.2300700962338176,2023-02-02 09:35:00+00:00,2023-02-02 13:55:00+00:00,2023-01-03 00:00:00+00:00
1678930200000,1678930500000,1679058300000,1,dip_unconfirmed,1911.7949999999998,1899.937238164568,3049.213421707762,1947.3682855062953,11.857761835431802,8.433294696575299,300.0,3.0,target,2130,2.8635252142221557,2023-03-16 01:35:00+00:00,2023-03-17 13:05:00+00:00,2023-01-03 00:00:00+00:00
1678932000000,1678932300000,1679058300000,1,dip_unconfirmed,1911.505,1900.0524354385275,3011.308891585779,1945.862693684418,11.452564561472627,8.731668742249074,300.00000000000006,3.0000000000000004,target,2100,2.9901599607831857,2023-03-16 02:05:00+00:00,2023-03-17 13:05:00+00:00,2023-01-03 00:00:00+00:00
1678933800000,1678934100000,1679056500000,1,dip_unconfirmed,1910.73,1899.6864043357755,2965.5459707582204,1943.8607869926736,11.04359566422454,9.055021846186163,300.0,3.0,target,2040,2.733258344271309,2023-03-16 02:35:00+00:00,2023-03-17 12:35:00+00:00,2023-01-03 00:00:00+00:00
1678959000000,1678959300000,1678980000000,1,dip_unconfirmed,1919.1909999999998,1909.792877839968,2811.5050938431577,1919.1409999999998,9.39812216003179,10.640423511973347,-0.5320211755981835,-0.005320211755981835,breakeven,345,1.4906169297923721,2023-03-16 09:35:00+00:00,2023-03-16 15:20:00+00:00,2023-01-03 00:00:00+00:00
1678980600000,1678980900000,1679063700000,1,dip_unconfirmed,1918.9805000000001,1906.9195896480348,3078.81062484456,1955.163231055896,12.060910351965276,8.291248096683299,300.0,3.0,target,1380,2.9478703482947877,2023-03-16 15:35:00+00:00,2023-03-17 14:35:00+00:00,2023-01-03 00:00:00+00:00
1678986000000,1678986300000,1679061300000,1,dip_unconfirmed,1915.3000000000002,1903.1503735265062,3080.6130208759155,1951.7488794204821,12.149626473493981,8.230705710843312,300.0,3.0,target,1250,2.954411814907205,2023-03-16 17:05:00+00:00,2023-03-17 13:55:00+00:00,2023-01-03 00:00:00+00:00
1679068800000,1679069100000,1679263500000,1,dip_unconfirmed,1959.7214999999999,1949.2328071492102,2965.5020922282065,1985.0269999999998,10.488692850789676,9.534076497670648,241.26457281180402,2.41264572811804,timeout,3240,2.767885418421259,2023-03-17 16:05:00+00:00,2023-03-19 22:05:00+00:00,2023-01-03 00:00:00+00:00
1679070600000,1679070900000,1679263500000,1,dip_unconfirmed,1957.6765,1947.2437137814093,2956.922335640479,1985.0269999999998,10.432786218590763,9.585167174402983,262.1591148035067,2.6215911480350673,timeout,3210,2.9787344769533326,2023-03-17 16:35:00+00:00,2023-03-19 22:05:00+00:00,2023-01-03 00:00:00+00:00
1679083200000,1679083500000,1679263500000,1,dip_unconfirmed,1976.7705,1963.447056455854,3246.741410870458,1985.0269999999998,13.32344354414613,7.505567135752725,61.96971505634036,0.6196971505634036,timeout,3000,0.8993545820415586,2023-03-17 20:05:00+00:00,2023-03-19 22:05:00+00:00,2023-01-03 00:00:00+00:00
1679266800000,1679267100000,1679308500000,1,dip_unconfirmed,1977.992,1963.5297950967215,3350.550285424586,1977.942,14.462204903278462,6.914574967564651,-0.3457287483779181,-0.003457287483779181,breakeven,690,2.18037292452217,2023-03-19 23:05:00+00:00,2023-03-20 10:35:00+00:00,2023-01-03 00:00:00+00:00
1679272200000,1679272500000,1679308500000,1,dip_unconfirmed,1976.966,1964.2859183044814,3190.694087856343,1976.916,12.680081695518538,7.886384520325491,-0.3943192260159159,-0.003943192260159159,breakeven,600,2.567727935972792,2023-03-20 00:35:00+00:00,2023-03-20 10:35:00+00:00,2023-01-03 00:00:00+00:00
1679274000000,1679274300000,1679316900000,1,dip_unconfirmed,1972.5400000000002,1960.0105669970185,3172.1038672951704,1972.4900000000002,12.529433002981705,7.981207128543039,-0.399060356426789,-0.00399060356426789,breakeven,710,2.951849456491635,2023-03-20 01:05:00+00:00,2023-03-20 12:55:00+00:00,2023-01-03 00:00:00+00:00
1679275800000,1679276100000,1679297700000,1,dip_unconfirmed,1971.695,1959.5134193543743,3142.6714839169417,2008.239741936877,12.181580645625672,8.209115295387333,300.00000000000006,3.0000000000000004,target,360,2.964845125658554,2023-03-20 01:35:00+00:00,2023-03-20 07:35:00+00:00,2023-01-03 00:00:00+00:00
1679277600000,1679277900000,1679297400000,1,dip_unconfirmed,1970.1550000000002,1958.2813894004903,3106.642449351446,2005.77583179853,11.873610599509902,8.422038028106432,300.0,3.0,target,325,2.7183391041417675,2023-03-20 02:05:00+00:00,2023-03-20 07:30:00+00:00,2023-01-03 00:00:00+00:00
1679304600000,1679304900000,1679308500000,1,dip_unconfirmed,1992.7335000000003,1978.0342609229301,3418.1081686299176,1977.9842609229302,14.69923907707016,6.803073239076258,-100.34015366195351,-1.003401536619535,stop,60,0.0,2023-03-20 09:35:00+00:00,2023-03-20 10:35:00+00:00,2023-01-03 00:00:00+00:00
1679306400000,1679306700000,1679321700000,1,dip_unconfirmed,1985.1799999999998,1970.3656708570065,3432.7985851563517,1970.3156708570066,14.814329142993302,6.750221291478242,-100.3375110645736,-1.003375110645736,stop,250,0.21431952600444645,2023-03-20 10:05:00+00:00,2023-03-20 14:15:00+00:00,2023-01-03 00:00:00+00:00
1679308200000,1679308500000,1679321700000,1,dip_unconfirmed,1983.996,1969.0310515100775,3427.5759005023265,1968.9810515100776,14.964948489922563,6.682281604065679,-100.33411408020298,-1.0033411408020299,stop,220,0.15629856671909234,2023-03-20 10:35:00+00:00,2023-03-20 14:15:00+00:00,2023-01-03 00:00:00+00:00
1679310000000,1679310300000,1679321700000,1,dip_unconfirmed,1981.1799999999998,1965.7032978307861,3474.37351475216,1965.6532978307862,15.476702169213695,6.461324829195222,-100.32306624145947,-1.0032306624145948,stop,190,0.33308129494502664,2023-03-20 11:05:00+00:00,2023-03-20 14:15:00+00:00,2023-01-03 00:00:00+00:00
1679322600000,1679322900000,1679386200000,1,dip_unconfirmed,1967.6585,1951.4033192525994,3546.571393992668,1967.6085,16.255180747400573,6.151884839299088,-0.30759424196467466,-0.0030759424196467465,breakeven,1055,1.0579088763900686,2023-03-20 14:35:00+00:00,2023-03-21 08:10:00+00:00,2023-01-03 00:00:00+00:00
1679342400000,1679342700000,1679386200000,1,dip_unconfirmed,1977.6250000000002,1964.637190053362,3229.9181847171603,1964.587190053362,12.987809946638208,7.699527511632876,-100.3849763755813,-1.003849763755813,stop,725,0.5566758390910408,2023-03-20 20:05:00+00:00,2023-03-21 08:10:00+00:00,2023-01-03 00:00:00+00:00
1679358600000,1679358900000,1679386200000,1,dip_unconfirmed,1976.8315,1967.2458973699954,2884.1561603704404,1967.1958973699955,9.585602630004587,10.432312277058385,-100.52161561385243,-1.0052161561385242,stop,455,0.8370365755497808,2023-03-21 00:35:00+00:00,2023-03-21 08:10:00+00:00,2023-01-03 00:00:00+00:00
1679374800000,1679375100000,1679380500000,1,dip_unconfirmed,1981.7735,1973.4165,2773.4165000000003,1973.3665,8.356999999999971,11.96601651310283,-100.59830082565459,-1.005983008256546,stop,90,0.1431733875792771,2023-03-21 05:05:00+00:00,2023-03-21 06:35:00+00:00,2023-01-03 00:00:00+00:00
1679376600000,1679376900000,1679380500000,1,dip_unconfirmed,1981.1835,1972.8635,2772.8635,1972.8135,8.320000000000164,12.019230769230532,-100.60096153846098,-1.0060096153846099,stop,60,0.21472355769229537,2023-03-21 05:35:00+00:00,2023-03-21 06:35:00+00:00,2023-01-03 00:00:00+00:00
1679382000000,1679382300000,1679386200000,1,dip_unconfirmed,1973.8514999999998,1965.44,2765.44,1965.39,8.411499999999705,11.88848600130815,-100.59442430006487,-1.0059442430006487,stop,65,0.5562028175712,2023-03-21 07:05:00+00:00,2023-03-21 08:10:00+00:00,2023-01-03 00:00:00+00:00
1679526000000,1679526300000,1679868300000,1,dip_unconfirmed,1966.2819999999997,1951.997727803945,3317.424947409436,1976.156,14.284272196054644,7.0007066952714805,69.12497790911236,0.6912497790911236,timeout,5700,2.571429576240183,2023-03-22 23:05:00+00:00,2023-03-26 22:05:00+00:00,2023-01-03 00:00:00+00:00
1679536800000,1679537100000,1679575500000,1,dip_unconfirmed,1969.4350000000002,1957.6796658605037,3107.2130798101525,1969.3850000000002,11.755334139496426,8.506776482347084,-0.42533882411696733,-0.004253388241169673,breakeven,640,1.1845686251668277,2023-03-23 02:05:00+00:00,2023-03-23 12:45:00+00:00,2023-01-03 00:00:00+00:00
1679560200000,1679560500000,1679679600000,1,dip_unconfirmed,1976.145,1965.559724210334,2988.0873031769156,1976.095,10.585275789665957,9.447084987396037,-0.47235424936937226,-0.004723542493693723,breakeven,1985,2.5382427944135615,2023-03-23 08:35:00+00:00,2023-03-24 17:40:00+00:00,2023-01-03 00:00:00+00:00
1679571000000,1679571300000,1679575500000,1,dip_unconfirmed,1977.6954999999998,1968.3970955151763,2859.137543997539,1968.3470955151763,9.29840448482355,10.754533228062474,-100.53772666140263,-1.0053772666140264,stop,70,0.24939762555881337,2023-03-23 11:35:00+00:00,2023-03-23 12:45:00+00:00,2023-01-03 00:00:00+00:00
1679576400000,1679576700000,1679596800000,1,dip_unconfirmed,1972.3265000000001,1962.379667764884,2922.5628912764546,2002.1669967053483,9.946832235116062,10.053451956992133,300.0,3.0,target,335,2.9825073248210523,2023-03-23 13:05:00+00:00,2023-03-23 18:40:00+00:00,2023-01-03 00:00:00+00:00
1679598000000,1679598300000,1679647500000,1,dip_unconfirmed,1993.91,1981.6115204750279,3163.459472972243,1981.561520475028,12.298479524972208,8.131086432021846,-100.40655432160072,-1.0040655432160073,stop,820,0.40858709320910513,2023-03-23 19:05:00+00:00,2023-03-24 08:45:00+00:00,2023-01-03 00:00:00+00:00
1679605200000,1679609100000,1679647500000,1,dip_unconfirmed,1994.366,1981.5194540370487,3144.224050332162,1981.4694540370488,12.846545962951268,7.784193532517962,-100.38920967662554,-1.0038920967662555,stop,640,0.022379556405982062,2023-03-23 22:05:00+00:00,2023-03-24 08:45:00+00:00,2023-01-03 00:00:00+00:00
1679610600000,1679610900000,1679679300000,1,dip_unconfirmed,1991.257,1979.6263858915454,3103.4877967370035,1979.5763858915454,11.630614108454665,8.59799827141602,-100.42989991357041,-1.004298999135704,stop,1140,0.9806017028549753,2023-03-23 22:35:00+00:00,2023-03-24 17:35:00+00:00,2023-01-03 00:00:00+00:00
1679648400000,1679648700000,1679666700000,1,dip_unconfirmed,1985.9199999999998,1977.55,2777.55,1985.87,8.36999999999989,11.947431302270168,-0.5973715651129651,-0.005973715651129651,breakeven,300,2.000238948626067,2023-03-24 09:05:00+00:00,2023-03-24 14:05:00+00:00,2023-01-03 00:00:00+00:00
1679666400000,1679666700000,1679679300000,1,dip_unconfirmed,1989.9950000000001,1979.2246325136987,3021.261381143833,1979.1746325136987,10.770367486301438,9.284734260663576,-100.46423671303276,-1.0046423671303275,stop,210,0.7561951818597338,2023-03-24 14:05:00+00:00,2023-03-24 17:35:00+00:00,2023-01-03 00:00:00+00:00
1679673600000,1679673900000,1679679600000,1,dip_unconfirmed,1987.6695,1975.633449297786,3149.288519519185,1975.583449297786,12.03605070221397,8.308373109595285,-100.41541865547939,-1.0041541865547938,stop,95,0.2227059412026965,2023-03-24 16:05:00+00:00,2023-03-24 17:40:00+00:00,2023-01-03 00:00:00+00:00
1679680800000,1679681100000,1679868300000,1,dip_unconfirmed,1980.2335,1968.1313745156722,3143.043922948447,1976.156,12.102125484327871,8.263011330488927,-33.69242870006943,-0.33692428700069427,timeout,3120,0.0,2023-03-24 18:05:00+00:00,2023-03-26 22:05:00+00:00,2023-01-03 00:00:00+00:00
1679682600000,1679682900000,1679868300000,1,dip_unconfirmed,1977.8200000000002,1965.8750977645527,3123.865321309273,1976.156,11.944902235447444,8.371772160950977,-13.930628875824222,-0.13930628875824222,timeout,3090,0.1279206786193326,2023-03-24 18:35:00+00:00,2023-03-26 22:05:00+00:00,2023-01-03 00:00:00+00:00
1680053400000,1680053700000,1680073800000,1,dip_unconfirmed,1967.809,1959.4099999999999,2759.41,1959.36,8.399000000000115,11.906179307060201,-100.59530896535246,-1.0059530896535245,stop,335,0.259257054411237,2023-03-29 01:35:00+00:00,2023-03-29 07:10:00+00:00,2023-01-03 00:00:00+00:00
1680058800000,1680059100000,1680070800000,1,dip_unconfirmed,1968.8449999999998,1960.4865,2760.4865,1960.4365,8.358499999999822,11.963869115272134,-100.59819345576307,-1.0059819345576306,stop,195,0.006580128013434493,2023-03-29 03:05:00+00:00,2023-03-29 06:20:00+00:00,2023-01-03 00:00:00+00:00
1680060600000,1680060900000,1680073800000,1,dip_unconfirmed,1967.5015,1959.1615000000002,2759.1615,1959.1115000000002,8.339999999999918,11.990407673861029,-100.59952038369251,-1.005995203836925,stop,215,0.1405275779376543,2023-03-29 03:35:00+00:00,2023-03-29 07:10:00+00:00,2023-01-03 00:00:00+00:00
1680062400000,1680062700000,1680073800000,1,dip_unconfirmed,1966.91,1958.5349999999999,2758.535,1958.485,8.375000000000227,11.940298507462362,-100.59701492537258,-1.0059701492537259,stop,185,0.21056716417910137,2023-03-29 04:05:00+00:00,2023-03-29 07:10:00+00:00,2023-01-03 00:00:00+00:00
1680183000000,1680183300000,1680473100000,1,dip_unconfirmed,1966.38,1958.005,2758.005,1965.757,8.375,11.940298507462687,-7.438805970149819,-0.07438805970149819,timeout,4830,2.494746268656678,2023-03-30 13:35:00+00:00,2023-04-02 22:05:00+00:00,2023-01-03 00:00:00+00:00
1680215400000,1680215700000,1680283200000,1,dip_unconfirmed,1980.867,1972.3885,2772.3885,1972.3385,8.47849999999994,11.794539128383642,-100.58972695641864,-1.0058972695641863,stop,1125,0.7556171492598772,2023-03-30 22:35:00+00:00,2023-03-31 17:20:00+00:00,2023-01-03 00:00:00+00:00
1680217200000,1680217500000,1680283800000,1,dip_unconfirmed,1979.808,1971.18,2771.1800000000003,1971.13,8.627999999999929,11.590171534538806,-100.57950857672641,-1.0057950857672642,stop,1105,0.8652642559109706,2023-03-30 23:05:00+00:00,2023-03-31 17:30:00+00:00,2023-01-03 00:00:00+00:00
1680231600000,1680231900000,1680252000000,1,dip_unconfirmed,1982.0949999999998,1973.775,2773.775,1973.7250000000001,8.319999999999709,12.01923076923119,-100.60096153846101,-1.00600961538461,stop,335,0.3245192307692749,2023-03-31 03:05:00+00:00,2023-03-31 08:40:00+00:00,2023-01-03 00:00:00+00:00
1680233400000,1680233700000,1680252000000,1,dip_unconfirmed,1981.8105,1973.4335,2773.4335,1973.3835000000001,8.376999999999953,11.937447773666058,-100.59687238868277,-1.0059687238868278,stop,305,0.3562731288050665,2023-03-31 03:35:00+00:00,2023-03-31 08:40:00+00:00,2023-01-03 00:00:00+00:00
1680265800000,1680266100000,1680283800000,1,dip_unconfirmed,1978.0895,1969.5300000000002,2769.53,1969.4800000000002,8.559499999999844,11.682925404521505,-100.58414627022555,-1.0058414627022554,stop,295,1.072959869151225,2023-03-31 12:35:00+00:00,2023-03-31 17:30:00+00:00,2023-01-03 00:00:00+00:00
1680273000000,1680273300000,1680283800000,1,dip_unconfirmed,1978.485,1970.125,2770.125,1970.075,8.3599999999999,11.96172248803842,-100.59808612440138,-1.0059808612440138,stop,175,0.27811004784689874,2023-03-31 14:35:00+00:00,2023-03-31 17:30:00+00:00,2023-01-03 00:00:00+00:00
1680543000000,1680543300000,1680617700000,1,dip_unconfirmed,1983.8635,1974.2393306076433,2903.456269843321,2012.7360081770698,9.624169392356634,10.39050705813828,300.0,3.0,target,1240,2.842790778571345,2023-04-03 17:35:00+00:00,2023-04-04 14:15:00+00:00,2023-04-03 00:00:00+00:00
1680548400000,1680548700000,1680617400000,1,dip_unconfirmed,1982.827,1974.1029030047348,2808.812602531255,2008.9992909857956,8.7240969952652,11.462504377733612,300.0,3.0,target,1145,2.3549142118834787,2023-04-03 19:05:00+00:00,2023-04-04 14:10:00+00:00,2023-04-03 00:00:00+00:00
1680568200000,1680568500000,1680617400000,1,dip_unconfirmed,1985.052,1976.67,2776.67,2010.1979999999994,8.381999999999834,11.930326890957048,300.0,3.0,target,815,2.1855762347888836,2023-04-04 00:35:00+00:00,2023-04-04 14:10:00+00:00,2023-04-03 00:00:00+00:00
1680570000000,1680570300000,1680617400000,1,dip_unconfirmed,1983.325,1974.9450000000002,2774.945,2008.4649999999997,8.379999999999882,11.933174224343844,300.0,3.0,target,785,2.3921837708830793,2023-04-04 01:05:00+00:00,2023-04-04 14:10:00+00:00,2023-04-03 00:00:00+00:00
1680571800000,1680572100000,1680617400000,1,dip_unconfirmed,1981.8619999999999,1973.5,2773.5,2006.9479999999994,8.361999999999853,11.958861516383852,300.0,3.0,target,755,2.5722913178665983,2023-04-04 01:35:00+00:00,2023-04-04 14:10:00+00:00,2023-04-03 00:00:00+00:00
1680629400000,1680629700000,1680748500000,1,dip_unconfirmed,2020.34,2009.665850973168,3044.7307536563644,2009.615850973168,10.674149026831856,9.368428316733041,-100.46842141583622,-1.0046842141583623,stop,1980,1.0718887258590022,2023-04-04 17:35:00+00:00,2023-04-06 02:35:00+00:00,2023-04-03 00:00:00+00:00
1680631200000,1680631500000,1680749400000,1,dip_unconfirmed,2018.725,2008.3905401893705,3007.786521252335,2008.3405401893706,10.334459810629369,9.676364496298719,-100.4838182248145,-1.004838182248145,stop,1965,1.2633945304592338,2023-04-04 18:05:00+00:00,2023-04-06 02:50:00+00:00,2023-04-03 00:00:00+00:00
1680642000000,1680645900000,1680705300000,1,dip_unconfirmed,2021.231,2012.415,2812.415,2012.365,8.816000000000031,11.343012704174189,-100.5671506352082,-1.005671506352082,stop,990,1.1967445553538785,2023-04-04 22:05:00+00:00,2023-04-05 14:35:00+00:00,2023-04-03 00:00:00+00:00
1680654600000,1680654900000,1680705300000,1,dip_unconfirmed,2021.7169999999999,2013.395,2813.395,2013.345,8.321999999999889,12.01634222542674,-100.60081711127079,-1.0060081711127078,stop,840,1.2093847632780685,2023-04-05 00:35:00+00:00,2023-04-05 14:35:00+00:00,2023-04-03 00:00:00+00:00
1680656400000,1680656700000,1680705300000,1,dip_unconfirmed,2019.9064999999998,2011.5495,2811.5495,2011.4995000000001,8.356999999999744,11.966016513103156,-100.59830082565462,-1.0059830082565462,stop,810,1.4209644609309997,2023-04-05 01:05:00+00:00,2023-04-05 14:35:00+00:00,2023-04-03 00:00:00+00:00
1680705000000,1680705300000,1680705300000,1,dip_unconfirmed,2020.8705,2011.6364115646345,2898.84525510117,2011.5864115646345,9.234088435365493,10.829439278165406,-100.54147196390778,-1.005414719639078,stop,0,0.0,2023-04-05 14:35:00+00:00,2023-04-05 14:35:00+00:00,2023-04-03 00:00:00+00:00
1680706800000,1680707100000,1680749400000,1,dip_unconfirmed,2019.1754999999998,2009.0149893100179,2989.0160583082315,2008.964989310018,10.160510689981948,9.842024977996227,-100.49210124889936,-1.0049210124889936,stop,705,0.4453024201294606,2023-04-05 15:05:00+00:00,2023-04-06 02:50:00+00:00,2023-04-03 00:00:00+00:00
1680741000000,1680741300000,1680747300000,1,dip_unconfirmed,2019.4515000000001,2011.1115,2811.1115,2011.0615,8.340000000000146,11.990407673860702,-100.5995203836925,-1.0059952038369249,stop,100,0.0,2023-04-06 00:35:00+00:00,2023-04-06 02:15:00+00:00,2023-04-03 00:00:00+00:00
1680742800000,1680743100000,1680749400000,1,dip_unconfirmed,2017.4550000000002,2009.1015000000002,2809.1015,2009.0515000000003,8.35349999999994,11.971030107140805,-100.5985515053565,-1.005985515053565,stop,105,0.0,2023-04-06 01:05:00+00:00,2023-04-06 02:50:00+00:00,2023-04-03 00:00:00+00:00
1680748200000,1680748500000,1680789600000,1,dip_unconfirmed,2011.3100000000002,2002.955,2802.955,2002.905,8.355000000000246,11.968880909634597,-100.59844404548119,-1.005984440454812,stop,685,1.1159186116097506,2023-04-06 02:35:00+00:00,2023-04-06 14:00:00+00:00,2023-04-03 00:00:00+00:00
1681239600000,1681239900000,1681389300000,1,dip_unconfirmed,2004.945,1996.5900000000001,2796.59,2030.0099999999993,8.35499999999979,11.96888090963525,300.0,3.0,target,2490,2.991442250149718,2023-04-11 19:05:00+00:00,2023-04-13 12:35:00+00:00,2023-04-03 00:00:00+00:00
1681245000000,1681245300000,1681388700000,1,dip_unconfirmed,2004.276,1995.8784999999998,2795.8785,2029.4685000000009,8.397500000000264,11.908306043464943,300.0,3.0,target,2390,2.9725513545697178,2023-04-11 20:35:00+00:00,2023-04-13 12:25:00+00:00,2023-04-03 00:00:00+00:00
1681246800000,1681250700000,1681388700000,1,dip_unconfirmed,2004.318,1995.7800000000002,2795.78,2029.9319999999993,8.537999999999784,11.712344811431546,300.0,3.0,target,2300,2.9187163270087497,2023-04-11 22:05:00+00:00,2023-04-13 12:25:00+00:00,2023-04-03 00:00:00+00:00
1681279200000,1681279500000,1681287000000,1,dip_unconfirmed,2018.6635,2010.2815,2810.2815,2010.2315,8.382000000000062,11.930326890956724,-100.5965163445473,-1.005965163445473,stop,125,0.0,2023-04-12 06:05:00+00:00,2023-04-12 08:10:00+00:00,2023-04-03 00:00:00+00:00
1681281000000,1681281300000,1681302300000,1,dip_unconfirmed,2015.146,2006.7765,2806.7765,2006.7265,8.369500000000016,11.948145050480889,-100.5974072525235,-1.0059740725252349,stop,350,0.13602963139972754,2023-04-12 06:35:00+00:00,2023-04-12 12:25:00+00:00,2023-04-03 00:00:00+00:00
1681288200000,1681288500000,1681307400000,1,dip_unconfirmed,2011.0305,2002.6985,2802.6985,2002.6485,8.332000000000107,12.001920307249005,-100.6000960153619,-1.006000960153619,stop,315,2.0400864138261916,2023-04-12 08:35:00+00:00,2023-04-12 13:50:00+00:00,2023-04-03 00:00:00+00:00
1681302600000,1681302900000,1681389300000,1,dip_unconfirmed,2008.015,1999.58,2799.58,2033.3200000000006,8.435000000000173,11.855364552459745,300.0,3.0,target,1440,2.5991108476585247,2023-04-12 12:35:00+00:00,2023-04-13 12:35:00+00:00,2023-04-03 00:00:00+00:00
1681308000000,1681308300000,1681390500000,1,dip_unconfirmed,2008.3255,1997.248555366795,3061.393018687283,2041.5563338996146,11.076944633204903,9.02776020927595,300.0,3.0,target,1370,2.821445898205006,2023-04-12 14:05:00+00:00,2023-04-13 12:55:00+00:00,2023-04-03 00:00:00+00:00
1681398000000,1681398300000,1681476300000,1,dip_unconfirmed,2034.615,2024.3910836761906,3011.7827160571237,2024.3410836761907,10.223916323809362,9.780987718680846,-100.4890493859336,-1.004890493859336,stop,1300,1.2280030080803643,2023-04-13 15:05:00+00:00,2023-04-14 12:45:00+00:00,2023-04-03 00:00:00+00:00
1681412400000,1681412700000,1681475700000,1,dip_unconfirmed,2038.7085,2029.8791643894447,2879.46272544498,2029.8291643894447,8.82933561055529,11.325880497786498,-100.56629402488882,-1.0056629402488881,stop,1050,0.9583393783201917,2023-04-13 19:05:00+00:00,2023-04-14 12:35:00+00:00,2023-04-03 00:00:00+00:00
1681428600000,1681428900000,1681460700000,1,dip_unconfirmed,2040.2915,2031.9015,2831.9015,2031.8515,8.3900000000001,11.918951132300215,-100.59594755661446,-1.0059594755661445,stop,530,0.819845053635247,2023-04-13 23:35:00+00:00,2023-04-14 08:25:00+00:00,2023-04-03 00:00:00+00:00
1681430400000,1681430700000,1681460700000,1,dip_unconfirmed,2040.1200000000001,2031.83,2831.83,2031.78,8.290000000000191,12.062726176115524,-100.60313630880522,-1.0060313630880522,stop,500,0.8504221954161115,2023-04-14 00:05:00+00:00,2023-04-14 08:25:00+00:00,2023-04-03 00:00:00+00:00
1681443000000,1681443300000,1681459800000,1,dip_unconfirmed,2043.8419999999999,2035.48,2835.48,2035.43,8.361999999999853,11.958861516383852,-100.59794307581866,-1.0059794307581866,stop,275,0.28079406840471477,2023-04-14 03:35:00+00:00,2023-04-14 08:10:00+00:00,2023-04-03 00:00:00+00:00
1681471800000,1681472100000,1681476300000,1,dip_unconfirmed,2033.98,2025.5684999999999,2825.5685,2025.5185,8.41150000000016,11.888486001307507,-100.59442430006483,-1.0059442430006482,stop,70,0.7109314628781641,2023-04-14 11:35:00+00:00,2023-04-14 12:45:00+00:00,2023-04-03 00:00:00+00:00
1681473600000,1681473900000,1681476300000,1,dip_unconfirmed,2033.757,2025.3805,2825.3805,2025.3305,8.376500000000078,11.938160329493114,-100.59690801647412,-1.0059690801647412,stop,40,0.7405240852384276,2023-04-14 12:05:00+00:00,2023-04-14 12:45:00+00:00,2023-04-03 00:00:00+00:00
1682472600000,1682472900000,1682525400000,1,dip_unconfirmed,1997.0349999999999,1988.665,2788.665,1988.615,8.36999999999989,11.947431302270168,-100.59737156511297,-1.0059737156511297,stop,875,1.4342293906810504,2023-04-26 01:35:00+00:00,2023-04-26 16:10:00+00:00,2023-04-03 00:00:00+00:00
1682481600000,1682481900000,1682526000000,1,dip_unconfirmed,1994.5149999999999,1986.155,2786.1549999999997,1986.105,8.3599999999999,11.96172248803842,-100.59808612440138,-1.0059808612440138,stop,735,1.7373803827751664,2023-04-26 04:05:00+00:00,2023-04-26 16:20:00+00:00,2023-04-03 00:00:00+00:00
1682496000000,1682496300000,1682525100000,1,dip_unconfirmed,1998.4070000000002,1989.99,2789.99,1989.94,8.417000000000144,11.880717595342556,-100.5940358797666,-1.0059403587976659,stop,480,1.2632172983247898,2023-04-26 08:05:00+00:00,2023-04-26 16:05:00+00:00,2023-04-03 00:00:00+00:00
1682497800000,1682498100000,1682525100000,1,dip_unconfirmed,1998.2955,1989.9085,2789.9085,1989.8585,8.386999999999944,11.92321449862891,-100.5961607249309,-1.005961607249309,stop,450,1.281030165732707,2023-04-26 08:35:00+00:00,2023-04-26 16:05:00+00:00,2023-04-03 00:00:00+00:00
1682575200000,1682575500000,1682598900000,1,dip_unconfirmed,1999.4995,1991.1235,2791.1234999999997,1991.0735,8.375999999999976,11.938872970391628,-100.59694364851903,-1.0059694364851903,stop,390,0.4089660936007448,2023-04-27 06:05:00+00:00,2023-04-27 12:35:00+00:00,2023-04-03 00:00:00+00:00
1682582400000,1682582700000,1682598900000,1,dip_unconfirmed,1999.8605,1991.4985000000001,2791.4985,1991.4485000000002,8.361999999999853,11.958861516383852,-100.59794307581866,-1.0059794307581866,stop,270,0.12365462807942164,2023-04-27 08:05:00+00:00,2023-04-27 12:35:00+00:00,2023-04-03 00:00:00+00:00
1682584200000,1682584500000,1682598900000,1,dip_unconfirmed,1998.4634999999998,1990.0715,2790.0715,1990.0215,8.391999999999825,11.916110581506445,-100.59580552907478,-1.0059580552907479,stop,240,0.2896806482364535,2023-04-27 08:35:00+00:00,2023-04-27 12:35:00+00:00,2023-04-03 00:00:00+00:00
1682589600000,1682589900000,1682599200000,1,dip_unconfirmed,1997.4115,1989.05,2789.05,1989.0,8.361499999999978,11.959576630987295,-100.59797883154883,-1.0059797883154884,stop,155,0.682951623512546,2023-04-27 10:05:00+00:00,2023-04-27 12:40:00+00:00,2023-04-03 00:00:00+00:00
1683048600000,1683048900000,1683151500000,1,dip_unconfirmed,2014.5210000000002,2005.3886590733396,2882.522751739377,2041.918022779982,9.132340926660618,10.95009492123358,300.0,3.0,target,1710,2.7904126887778977,2023-05-02 17:35:00+00:00,2023-05-03 22:05:00+00:00,2023-04-03 00:00:00+00:00
1683050400000,1683050700000,1683147600000,1,dip_unconfirmed,2012.71,2003.7652548538153,2863.739769472283,2039.544235438554,8.944745146184687,11.179748373563694,300.0,3.0,target,1615,2.9429010631150354,2023-05-02 18:05:00+00:00,2023-05-03 21:00:00+00:00,2023-04-03 00:00:00+00:00
1683068400000,1683068700000,1683116400000,1,dip_unconfirmed,2016.3419999999996,2007.775,2807.775,2007.7250000000001,8.566999999999553,11.672697560406819,-100.58363487801981,-1.005836348780198,stop,795,0.3446947589588635,2023-05-02 23:05:00+00:00,2023-05-03 12:20:00+00:00,2023-04-03 00:00:00+00:00
1683090000000,1683090300000,1683116400000,1,dip_unconfirmed,2016.3615,2008.0365000000002,2808.0365,2007.9865000000002,8.324999999999818,12.012012012012274,-100.60060060060006,-1.0060060060060005,stop,435,0.25507507507507127,2023-05-03 05:05:00+00:00,2023-05-03 12:20:00+00:00,2023-04-03 00:00:00+00:00
1683131400000,1683131700000,1683151500000,1,dip_unconfirmed,2023.525,2015.1399999999999,2815.14,2048.6800000000007,8.385000000000218,11.926058437686034,300.0,3.0,target,330,1.9652951699462324,2023-05-03 16:35:00+00:00,2023-05-03 22:05:00+00:00,2023-04-03 00:00:00+00:00
1683138600000,1683138900000,1683151500000,1,dip_unconfirmed,2022.6580000000001,2012.5130238940021,2985.760634493783,2053.092928317994,10.144976105998012,9.85709566539807,299.9999999999977,2.9999999999999774,target,210,1.7098118141199048,2023-05-03 18:35:00+00:00,2023-05-03 22:05:00+00:00,2023-04-03 00:00:00+00:00
1683156600000,1683156900000,1683184200000,1,dip_unconfirmed,2053.5944999999997,2036.087956581947,3761.7922983872695,2036.0379565819471,17.506543418052615,5.712149886589305,-100.2856074943292,-1.002856074943292,stop,455,0.18567343206361717,2023-05-03 23:35:00+00:00,2023-05-04 07:10:00+00:00,2023-04-03 00:00:00+00:00
1683158400000,1683158700000,1683184200000,1,dip_unconfirmed,2052.4094999999998,2035.391316826093,3695.2596342167562,2035.3413168260931,17.018183173906664,5.876067907961304,-100.2938033953978,-1.002938033953978,stop,425,0.26063299205765317,2023-05-04 00:05:00+00:00,2023-05-04 07:10:00+00:00,2023-04-03 00:00:00+00:00
1683163800000,1683164100000,1683185100000,1,dip_unconfirmed,2049.815,2033.9222882896963,3586.7434593200496,2033.8722882896964,15.892711710303729,6.292192410132687,-100.31460962050635,-1.0031460962050636,stop,350,0.006606802030640466,2023-05-04 01:35:00+00:00,2023-05-04 07:25:00+00:00,2023-04-03 00:00:00+00:00
1683165600000,1683165900000,1683290100000,1,dip_unconfirmed,2044.9345,2029.2365891261468,3565.07767651148,2029.1865891261468,15.697910873853289,6.370274414448468,-100.31851372072212,-1.0031851372072211,stop,2070,0.9206320583760925,2023-05-04 02:05:00+00:00,2023-05-05 12:35:00+00:00,2023-04-03 00:00:00+00:00
1683167400000,1683167700000,1683290100000,1,dip_unconfirmed,2043.9560000000001,2028.8394756171363,3497.841913903516,2028.7894756171363,15.116524382863872,6.615277259987106,-100.33076386299905,-1.0033076386299904,stop,2040,1.0207703576023064,2023-05-04 02:35:00+00:00,2023-05-05 12:35:00+00:00,2023-04-03 00:00:00+00:00
1683248400000,1683248700000,1683272400000,1,dip_unconfirmed,2049.2935,2040.9144999999999,2840.9145,2040.8645,8.37900000000036,11.934598400763301,-100.59672992003762,-1.005967299200376,stop,395,0.41013247404220654,2023-05-05 01:05:00+00:00,2023-05-05 07:40:00+00:00,2023-04-03 00:00:00+00:00
1683264600000,1683264900000,1683272400000,1,dip_unconfirmed,2048.21,2039.8649999999998,2839.865,2039.8149999999998,8.345000000000255,11.98322348711767,-100.59916117435534,-1.0059916117435534,stop,125,0.002396644697421354,2023-05-05 05:35:00+00:00,2023-05-05 07:40:00+00:00,2023-04-03 00:00:00+00:00
1683266400000,1683266700000,1683279000000,1,dip_unconfirmed,2046.3899999999999,2038.02,2838.02,2037.97,8.36999999999989,11.947431302270168,-100.59737156511297,-1.0059737156511297,stop,205,0.19761051373954813,2023-05-05 06:05:00+00:00,2023-05-05 09:30:00+00:00,2023-04-03 00:00:00+00:00
1683273600000,1683273900000,1683290100000,1,dip_unconfirmed,2040.94,2032.625,2832.625,2032.575,8.315000000000055,12.026458208057647,-100.60132291040233,-1.0060132291040234,stop,270,0.060132291040260896,2023-05-05 08:05:00+00:00,2023-05-05 12:35:00+00:00,2023-04-03 00:00:00+00:00
1683568800000,1683569100000,1683742200000,1,dip_unconfirmed,2024.1955,2015.875,2815.875,2030.8234999999997,8.320500000000038,12.018508503094711,79.65867435850816,0.7965867435850816,timeout,2885,2.862388077639513,2023-05-08 18:05:00+00:00,2023-05-10 18:10:00+00:00,2023-04-03 00:00:00+00:00
1683617400000,1683617700000,1683790800000,1,dip_unconfirmed,2023.2035,2014.8845000000001,2814.8845,2026.007,8.31899999999996,12.020675561966641,33.6999639379733,0.336999639379733,timeout,2885,2.9821492967904506,2023-05-09 07:35:00+00:00,2023-05-11 07:40:00+00:00,2023-04-03 00:00:00+00:00
1683635400000,1683635700000,1683731700000,1,dip_unconfirmed,2029.9455,2021.6399999999999,2821.64,2021.59,8.305500000000166,12.040214315814582,-100.60201071579019,-1.0060201071579018,stop,1600,2.175245319366603,2023-05-09 12:35:00+00:00,2023-05-10 15:15:00+00:00,2023-04-03 00:00:00+00:00
1683637200000,1683637500000,1683810600000,1,dip_unconfirmed,2027.427,2019.0245,2819.0245,2033.5349999999996,8.402499999999918,11.901219875037308,72.69265099672454,0.7269265099672454,timeout,2885,2.449866111276407,2023-05-09 13:05:00+00:00,2023-05-11 13:10:00+00:00,2023-04-03 00:00:00+00:00
1683639000000,1683639300000,1683812400000,1,dip_unconfirmed,2025.1055,2016.8045,2816.8045,2027.2565000000002,8.30099999999993,12.046741356463176,25.91254065775584,0.2591254065775584,timeout,2885,2.7594868088182163,2023-05-09 13:35:00+00:00,2023-05-11 13:40:00+00:00,2023-04-03 00:00:00+00:00
1683732600000,1683732900000,1683813300000,1,dip_unconfirmed,2024.3605,2013.8786608170226,3027.4625791147714,2013.8286608170226,10.48183918297741,9.540310460248312,-100.47701552301199,-1.0047701552301198,stop,1340,1.5938519670413847,2023-05-10 15:35:00+00:00,2023-05-11 13:55:00+00:00,2023-04-03 00:00:00+00:00
1683772200000,1683772500000,1683789000000,1,dip_unconfirmed,2031.8945,2023.5295,2823.5295,2023.4795000000001,8.365000000000009,11.954572624028678,-100.5977286312009,-1.005977286312009,stop,275,0.19169157202629267,2023-05-11 02:35:00+00:00,2023-05-11 07:10:00+00:00,2023-04-03 00:00:00+00:00
1698364800000,1698365100000,1698617100000,1,dip_unconfirmed,1984.885,1976.5085,2776.5085,2002.7810000000002,8.376500000000078,11.938160329493114,213.64531725661098,2.13645317256611,timeout,4200,2.9039575001492053,2023-10-27 00:05:00+00:00,2023-10-29 22:05:00+00:00,2023-10-03 00:00:00+00:00
1698366600000,1698366900000,1698617100000,1,dip_unconfirmed,1983.9434999999999,1975.5785,2775.5785,2002.7810000000002,8.364999999999782,11.954572624029003,225.19426180515015,2.2519426180515016,timeout,4170,3.020502092050309,2023-10-27 00:35:00+00:00,2023-10-29 22:05:00+00:00,2023-10-03 00:00:00+00:00
1698368400000,1698368700000,1698617100000,1,dip_unconfirmed,1983.83,1975.53,2775.5299999999997,2002.7810000000002,8.299999999999955,12.048192771084404,228.32530120482355,2.2832530120482355,timeout,4140,3.0578313253012346,2023-10-27 01:05:00+00:00,2023-10-29 22:05:00+00:00,2023-10-03 00:00:00+00:00
1698384600000,1698384900000,1698411300000,1,dip_unconfirmed,1987.1785000000002,1978.8184999999999,2778.8185,1978.7685,8.360000000000355,11.96172248803777,-100.59808612440135,-1.0059808612440135,stop,440,0.2729066985645334,2023-10-27 05:35:00+00:00,2023-10-27 12:55:00+00:00,2023-10-03 00:00:00+00:00
1698395400000,1698395700000,1698411300000,1,dip_unconfirmed,1987.425,1979.085,2779.085,1979.035,8.339999999999918,11.990407673861029,-100.59952038369251,-1.005995203836925,stop,260,0.029976019184679837,2023-10-27 08:35:00+00:00,2023-10-27 12:55:00+00:00,2023-10-03 00:00:00+00:00
1698620400000,1698620700000,1698653100000,1,dip_unconfirmed,2001.9225,1992.2139753204706,2916.1664432734133,1992.1639753204706,9.708524679529319,10.300226172453643,-100.51501130862222,-1.0051501130862222,stop,540,0.4776729887475423,2023-10-29 23:05:00+00:00,2023-10-30 08:05:00+00:00,2023-10-03 00:00:00+00:00
1698634800000,1698635100000,1698649200000,1,dip_unconfirmed,2003.255,1994.94,2794.94,1994.89,8.315000000000055,12.026458208057647,-100.60132291040233,-1.0060132291040234,stop,235,0.003607937462414013,2023-10-30 03:05:00+00:00,2023-10-30 07:00:00+00:00,2023-10-03 00:00:00+00:00
1698636600000,1698636900000,1698649500000,1,dip_unconfirmed,2002.68,1994.34,2794.34,1994.29,8.340000000000146,11.990407673860702,-100.5995203836925,-1.0059952038369249,stop,210,0.0,2023-10-30 03:35:00+00:00,2023-10-30 07:05:00+00:00,2023-10-03 00:00:00+00:00
1698638400000,1698638700000,1698649800000,1,dip_unconfirmed,2002.42,1994.115,2794.115,1994.065,8.305000000000064,12.040939193256982,-100.6020469596623,-1.006020469596623,stop,185,0.009632751354596824,2023-10-30 04:05:00+00:00,2023-10-30 07:10:00+00:00,2023-10-03 00:00:00+00:00
1698640200000,1698640500000,1698652800000,1,dip_unconfirmed,2001.9399999999998,1993.66,2793.66,1993.6100000000001,8.279999999999745,12.07729468599071,-100.60386473429898,-1.0060386473429899,stop,205,0.058937198067668936,2023-10-30 04:35:00+00:00,2023-10-30 08:00:00+00:00,2023-10-03 00:00:00+00:00
1698719400000,1698719700000,1698765000000,1,dip_unconfirmed,1996.1464999999998,1987.795,2787.795,1996.0964999999999,8.35149999999976,11.973896904747994,-0.5986948452368551,-0.005986948452368551,breakeven,755,1.373166497036509,2023-10-31 02:35:00+00:00,2023-10-31 15:10:00+00:00,2023-10-03 00:00:00+00:00
1698766200000,1698766500000,1698768900000,1,dip_unconfirmed,1997.0049999999999,1988.635,2788.635,1988.585,8.36999999999989,11.947431302270168,-100.59737156511297,-1.0059737156511297,stop,40,0.007765830346509294,2023-10-31 15:35:00+00:00,2023-10-31 16:15:00+00:00,2023-10-03 00:00:00+00:00
1698768000000,1698768300000,1698772800000,1,dip_unconfirmed,1994.63,1986.31,2786.31,1986.26,8.320000000000164,12.019230769230532,-100.60096153846098,-1.0060096153846099,stop,75,0.0,2023-10-31 16:05:00+00:00,2023-10-31 17:20:00+00:00,2023-10-03 00:00:00+00:00
1698769800000,1698770100000,1698776400000,1,dip_unconfirmed,1991.2085000000002,1982.4495729228793,2825.6422806349456,1982.3995729228793,8.758927077120916,11.416923456436663,-100.57084617282132,-1.0057084617282133,stop,105,0.07358207167672058,2023-10-31 16:35:00+00:00,2023-10-31 18:20:00+00:00,2023-10-03 00:00:00+00:00
1698771600000,1698771900000,1698776100000,1,dip_unconfirmed,1991.2269999999999,1982.539853428388,2809.5545105895917,1982.489853428388,8.687146571611947,11.511259672627402,-100.57556298363085,-1.0057556298363084,stop,70,0.0,2023-10-31 17:05:00+00:00,2023-10-31 18:15:00+00:00,2023-10-03 00:00:00+00:00
1699007400000,1699007700000,1699018200000,1,dip_unconfirmed,1988.33,1980.03,2780.0299999999997,1988.28,8.299999999999955,12.048192771084404,-0.6024096385536722,-0.006024096385536723,breakeven,175,1.8634337349397962,2023-11-03 10:35:00+00:00,2023-11-03 13:30:00+00:00,2023-10-03 00:00:00+00:00
1699027200000,1699027500000,1699225500000,1,dip_unconfirmed,1992.199,1981.8952438290205,2970.370860926963,1991.0390000000002,10.303756170979568,9.705198603364572,-11.258030379901491,-0.11258030379901492,timeout,3300,0.2621374142768792,2023-11-03 16:05:00+00:00,2023-11-05 23:05:00+00:00,2023-10-03 00:00:00+00:00
1699029000000,1699029300000,1699225500000,1,dip_unconfirmed,1990.707,1980.6165121269478,2954.965299432181,1991.0390000000002,10.090487873052325,9.91032358971068,3.2902274317850093,0.032902274317850096,timeout,3270,0.4155398681165672,2023-11-03 16:35:00+00:00,2023-11-05 23:05:00+00:00,2023-10-03 00:00:00+00:00
1699041600000,1699041900000,1699225500000,1,dip_unconfirmed,1993.11,1984.7350000000001,2784.735,1991.0390000000002,8.374999999999773,11.94029850746301,-24.728358208952137,-0.24728358208952136,timeout,3060,0.0,2023-11-03 20:05:00+00:00,2023-11-05 23:05:00+00:00,2023-10-03 00:00:00+00:00
1699043400000,1699043700000,1699225500000,1,dip_unconfirmed,1993.1005,1984.7385,2784.7385,1991.0390000000002,8.36200000000008,11.958861516383525,-24.6531930160222,-0.246531930160222,timeout,3030,0.0,2023-11-03 20:35:00+00:00,2023-11-05 23:05:00+00:00,2023-10-03 00:00:00+00:00
1699045200000,1699225500000,1699241100000,1,dip_unconfirmed,1993.031,1984.58,2784.58,1984.53,8.451000000000022,11.832919181161962,-100.59164595905756,-1.0059164595905756,stop,260,0.0,2023-11-05 23:05:00+00:00,2023-11-06 03:25:00+00:00,2023-10-03 00:00:00+00:00
1699227000000,1699227300000,1699286700000,1,dip_unconfirmed,1989.19,1980.77,2780.77,1980.72,8.420000000000073,11.876484560569969,-100.59382422802796,-1.0059382422802796,stop,990,0.4299287410926199,2023-11-05 23:35:00+00:00,2023-11-06 16:05:00+00:00,2023-10-03 00:00:00+00:00
1699228800000,1699229100000,1699286700000,1,dip_unconfirmed,1988.9,1980.595,2780.5950000000003,1980.545,8.305000000000064,12.040939193256982,-100.6020469596623,-1.006020469596623,stop,960,0.4708007224563305,2023-11-06 00:05:00+00:00,2023-11-06 16:05:00+00:00,2023-10-03 00:00:00+00:00
1699237800000,1699238100000,1699242300000,1,dip_unconfirmed,1991.36,1983.06,2783.06,1983.01,8.299999999999955,12.048192771084404,-100.60240963855368,-1.006024096385537,stop,70,0.0,2023-11-06 02:35:00+00:00,2023-11-06 03:45:00+00:00,2023-10-03 00:00:00+00:00
1699239600000,1699239900000,1699298700000,1,dip_unconfirmed,1987.4935,1979.1835,2779.1835,1979.1335000000001,8.309999999999945,12.033694344163738,-100.60168471720765,-1.0060168471720765,stop,980,0.16083032490976215,2023-11-06 03:05:00+00:00,2023-11-06 19:25:00+00:00,2023-10-03 00:00:00+00:00
1699241400000,1699241700000,1699314000000,1,dip_unconfirmed,1984.175,1975.8049999999998,2775.805,1975.7549999999999,8.370000000000118,11.947431302269843,-100.59737156511295,-1.0059737156511295,stop,1205,0.5561529271206851,2023-11-06 03:35:00+00:00,2023-11-06 23:40:00+00:00,2023-10-03 00:00:00+00:00
1699997400000,1699997700000,1700055900000,1,dip_unconfirmed,1963.2469999999998,1954.8885,2754.8885,1963.197,8.358499999999822,11.963869115272134,-0.5981934557630626,-0.005981934557630626,breakeven,970,1.4092839624334927,2023-11-14 21:35:00+00:00,2023-11-15 13:45:00+00:00,2023-10-03 00:00:00+00:00
1700008200000,1700008500000,1700058300000,1,dip_unconfirmed,1962.452,1954.0985,2754.0985,1962.402,8.35349999999994,11.971030107140805,-0.5985515053564959,-0.005985515053564959,breakeven,830,1.5052971808224138,2023-11-15 00:35:00+00:00,2023-11-15 14:25:00+00:00,2023-10-03 00:00:00+00:00
1700013600000,1700013900000,1700057700000,1,dip_unconfirmed,1963.04,1954.71,2754.71,1962.99,8.329999999999927,12.004801920768411,-0.6002400960378746,-0.006002400960378747,breakeven,730,1.4389555822329032,2023-11-15 02:05:00+00:00,2023-11-15 14:15:00+00:00,2023-10-03 00:00:00+00:00
1700033400000,1700033700000,1700059500000,1,dip_unconfirmed,1969.6299999999999,1961.295,2761.295,1961.2450000000001,8.334999999999809,11.997600479904294,-100.59988002399467,-1.0059988002399467,stop,430,0.6474505098980424,2023-11-15 07:35:00+00:00,2023-11-15 14:45:00+00:00,2023-10-03 00:00:00+00:00
1700040600000,1700040900000,1700058300000,1,dip_unconfirmed,1970.8484999999998,1962.5185000000001,2762.5185,1962.4685000000002,8.3299999999997,12.00480192076874,-100.6002400960379,-1.006002400960379,stop,290,0.5015606242497312,2023-11-15 09:35:00+00:00,2023-11-15 14:25:00+00:00,2023-10-03 00:00:00+00:00
1700056800000,1700057100000,1700060100000,1,dip_unconfirmed,1965.99,1957.6750000000002,2757.675,1957.6250000000002,8.314999999999827,12.026458208057976,-100.60132291040235,-1.0060132291040234,stop,50,0.04870715574265887,2023-11-15 14:05:00+00:00,2023-11-15 14:55:00+00:00,2023-10-03 00:00:00+00:00
1700058600000,1700058900000,1700060100000,1,dip_unconfirmed,1963.7825000000003,1955.33,2755.33,1955.28,8.452500000000327,11.830819284234975,-100.5915409642112,-1.0059154096421121,stop,20,0.09837326234841447,2023-11-15 14:35:00+00:00,2023-11-15 14:55:00+00:00,2023-10-03 00:00:00+00:00
1700121600000,1700121900000,1700232000000,1,dip_unconfirmed,1966.84,1958.55,2758.55,1981.712,8.289999999999964,12.062726176115856,179.39686369119588,1.7939686369119587,ladder_lock_1.80R,1835,3.1795536791315038,2023-11-16 08:05:00+00:00,2023-11-17 14:40:00+00:00,2023-10-03 00:00:00+00:00
1700130600000,1700130900000,1700232600000,1,dip_unconfirmed,1966.357,1957.995,2757.995,1981.3586000000003,8.36200000000008,11.958861516383525,179.40205692418243,1.7940205692418243,ladder_lock_1.80R,1695,3.209937813920084,2023-11-16 10:35:00+00:00,2023-11-17 14:50:00+00:00,2023-10-03 00:00:00+00:00
1700132400000,1700132700000,1700232900000,1,dip_unconfirmed,1965.46,1957.17,2757.17,1980.332,8.289999999999964,12.062726176115856,179.39686369119588,1.7939686369119587,ladder_lock_1.80R,1670,3.3460193003618883,2023-11-16 11:05:00+00:00,2023-11-17 14:55:00+00:00,2023-10-03 00:00:00+00:00
1700137800000,1700138100000,1700241300000,1,dip_unconfirmed,1963.81,1955.57,2755.5699999999997,1978.592,8.240000000000009,12.135922330097074,179.3932038834968,1.793932038834968,ladder_lock_1.80R,1720,3.5665655339805813,2023-11-16 12:35:00+00:00,2023-11-17 17:15:00+00:00,2023-10-03 00:00:00+00:00
1700152200000,1700152500000,1700229000000,1,dip_unconfirmed,1983.8965,1975.5465,2775.5465,1983.8465,8.350000000000136,11.976047904191422,-0.5988023952090265,-0.005988023952090265,breakeven,1275,1.1140119760478748,2023-11-16 16:35:00+00:00,2023-11-17 13:50:00+00:00,2023-10-03 00:00:00+00:00
1700231400000,1700231700000,1700435100000,1,dip_unconfirmed,1984.7169999999999,1976.28,2776.2799999999997,1977.2100000000003,8.436999999999898,11.852554225435725,-88.97712457034133,-0.8897712457034133,timeout,3390,0.10619888585992608,2023-11-17 14:35:00+00:00,2023-11-19 23:05:00+00:00,2023-10-03 00:00:00+00:00
1700233200000,1700233500000,1700435100000,1,dip_unconfirmed,1980.825,1972.46,2772.46,1977.2100000000003,8.365000000000009,11.954572624028678,-43.215780035861066,-0.4321578003586107,timeout,3360,0.49725044829647047,2023-11-17 15:05:00+00:00,2023-11-19 23:05:00+00:00,2023-10-03 00:00:00+00:00
1700240400000,1700240700000,1700435100000,1,dip_unconfirmed,1981.46,1973.225,2773.225,1977.2100000000003,8.235000000000127,12.143290831815234,-51.608986035211984,-0.5160898603521198,timeout,3240,0.12495446265937832,2023-11-17 17:05:00+00:00,2023-11-19 23:05:00+00:00,2023-10-03 00:00:00+00:00
1700242200000,1700242500000,1700435100000,1,dip_unconfirmed,1980.1955,1971.8285,2771.8285,1977.2100000000003,8.366999999999962,11.951715071112758,-35.681845344804444,-0.3568184534480444,timeout,3210,0.2741125851559705,2023-11-17 17:35:00+00:00,2023-11-19 23:05:00+00:00,2023-10-03 00:00:00+00:00
1700251200000,1700251500000,1700435100000,1,dip_unconfirmed,1980.7705,1972.4685,2772.4685,1977.2100000000003,8.302000000000135,12.04529029149583,-42.88725608286873,-0.4288725608286873,timeout,3060,0.008552156106951522,2023-11-17 20:05:00+00:00,2023-11-19 23:05:00+00:00,2023-10-03 00:00:00+00:00
1700546400000,1700546700000,1700666100000,1,dip_unconfirmed,1992.14,1983.82,2783.8199999999997,1992.0900000000001,8.320000000000164,12.019230769230532,-0.60096153846098,-0.0060096153846098,breakeven,1990,1.8245192307691478,2023-11-21 06:05:00+00:00,2023-11-22 15:15:00+00:00,2023-10-03 00:00:00+00:00
1700548200000,1700548500000,1700666700000,1,dip_unconfirmed,1991.847,1983.53,2783.5299999999997,1991.797,8.317000000000007,12.023566189731865,-0.6011783094860464,-0.006011783094860465,breakeven,1970,1.8604063965371787,2023-11-21 06:35:00+00:00,2023-11-22 15:25:00+00:00,2023-10-03 00:00:00+00:00
1700550000000,1700550300000,1700666700000,1,dip_unconfirmed,1991.2755,1982.855,2782.855,1991.2255,8.420499999999947,11.875779348019789,-0.5937889674004494,-0.005937889674004494,breakeven,1940,1.9054094174930045,2023-11-21 07:05:00+00:00,2023-11-22 15:25:00+00:00,2023-10-03 00:00:00+00:00
1700559000000,1700559300000,1700666100000,1,dip_unconfirmed,1986.1249999999998,1977.81,2777.81,1992.7269999999996,8.314999999999827,12.026458208057976,79.3986770895971,0.793986770895971,ladder_lock_0.80R,1780,2.5490078171978805,2023-11-21 09:35:00+00:00,2023-11-22 15:15:00+00:00,2023-10-03 00:00:00+00:00
1700560800000,1700561100000,1700666100000,1,dip_unconfirmed,1985.8459999999998,1977.475,2777.475,1992.4927999999998,8.370999999999867,11.94600406164157,79.40269979691901,0.7940269979691901,ladder_lock_0.80R,1750,2.5652849121969026,2023-11-21 10:05:00+00:00,2023-11-22 15:15:00+00:00,2023-10-03 00:00:00+00:00
1700672400000,1700672700000,1700845800000,1,dip_unconfirmed,1991.565,1983.1685,2783.1684999999998,1999.7495,8.39650000000006,11.909724289882604,97.4751384505423,0.974751384505423,timeout,2885,1.4033228130768827,2023-11-22 17:05:00+00:00,2023-11-24 17:10:00+00:00,2023-10-03 00:00:00+00:00
1700674200000,1700674500000,1700847600000,1,dip_unconfirmed,1991.02,1982.78,2782.7799999999997,2001.3400000000001,8.240000000000009,12.135922330097074,125.24271844660379,1.252427184466038,timeout,2885,1.4961165048543918,2023-11-22 17:35:00+00:00,2023-11-24 17:40:00+00:00,2023-10-03 00:00:00+00:00
1700728200000,1700728500000,1701039900000,1,dip_unconfirmed,1995.0355000000002,1986.6535,2786.6535,2000.8159999999998,8.38200000000029,11.930326890956401,68.96325459316894,0.6896325459316894,timeout,5190,0.9917084228107508,2023-11-23 08:35:00+00:00,2023-11-26 23:05:00+00:00,2023-10-03 00:00:00+00:00
1700827200000,1700827500000,1701039900000,1,dip_unconfirmed,1995.6435,1987.29,2787.29,2000.8159999999998,8.35349999999994,11.971030107140805,61.92015322918462,0.6192015322918462,timeout,3540,0.9223080146046969,2023-11-24 12:05:00+00:00,2023-11-26 23:05:00+00:00,2023-10-03 00:00:00+00:00
1700841600000,1700841900000,1701039900000,1,dip_unconfirmed,1998.7920000000001,1990.4650000000001,2790.465,2000.8159999999998,8.326999999999998,12.009126936471722,24.30647291941468,0.24306472919414682,timeout,3300,0.3904167167046655,2023-11-24 16:05:00+00:00,2023-11-26 23:05:00+00:00,2023-10-03 00:00:00+00:00
1701041400000,1701041700000,1701214800000,1,dip_unconfirmed,2001.641,1993.325,2793.325,2043.475,8.316000000000031,12.02501202501198,503.0543530543492,5.030543530543492,timeout,2885,5.114658489658444,2023-11-26 23:35:00+00:00,2023-11-28 23:40:00+00:00,2023-10-03 00:00:00+00:00
1701052200000,1701052500000,1701225600000,1,dip_unconfirmed,2009.0750000000003,2000.7,2800.7,2047.1615,8.375000000000227,11.940298507462362,454.7641791044612,4.5476417910446125,timeout,2885,5.09074626865655,2023-11-27 02:35:00+00:00,2023-11-29 02:40:00+00:00,2023-10-03 00:00:00+00:00
1701064800000,1701065100000,1701238200000,1,dip_unconfirmed,2011.055,2002.69,2802.69,2043.255,8.365000000000009,11.954572624028678,384.937238493724,3.84937238493724,timeout,2885,4.860131500298856,2023-11-27 06:05:00+00:00,2023-11-29 06:10:00+00:00,2023-10-03 00:00:00+00:00
1701066600000,1701066900000,1701240000000,1,dip_unconfirmed,2010.327,2001.95,2801.95,2044.3249999999998,8.376999999999953,11.937447773666058,405.8493494090965,4.058493494090965,timeout,2885,4.940074012176229,2023-11-27 06:35:00+00:00,2023-11-29 06:40:00+00:00,2023-10-03 00:00:00+00:00
1701068400000,1701068700000,1701241800000,1,dip_unconfirmed,2010.1035000000002,2001.745,2801.745,2043.0484999999999,8.358500000000276,11.963869115271484,394.14966800261556,3.9414966800261557,timeout,2885,4.977747203445414,2023-11-27 07:05:00+00:00,2023-11-29 07:10:00+00:00,2023-10-03 00:00:00+00:00
1701225000000,1701225300000,1701250500000,1,dip_unconfirmed,2046.9085,2038.5365,2838.5365,2038.4865,8.372000000000071,11.944577161968365,-100.59722885809788,-1.0059722885809788,stop,420,0.21733158146202178,2023-11-29 02:35:00+00:00,2023-11-29 09:35:00+00:00,2023-10-03 00:00:00+00:00
1701230400000,1701230700000,1701250500000,1,dip_unconfirmed,2044.5149999999999,2036.15,2836.15,2036.1000000000001,8.364999999999782,11.954572624029003,-100.59772863120091,-1.0059772863120091,stop,330,0.503646144650365,2023-11-29 04:05:00+00:00,2023-11-29 09:35:00+00:00,2023-10-03 00:00:00+00:00
1701239400000,1701239700000,1701250500000,1,dip_unconfirmed,2045.6299999999999,2037.2535,2837.2535,2037.2035,8.37649999999985,11.938160329493437,-100.59690801647412,-1.0059690801647412,stop,180,0.04178356115324332,2023-11-29 06:35:00+00:00,2023-11-29 09:35:00+00:00,2023-10-03 00:00:00+00:00
1701241200000,1701241500000,1701250500000,1,dip_unconfirmed,2045.1105,2036.7585,2836.7585,2036.7085,8.35200000000009,11.973180076628225,-100.59865900383086,-1.0059865900383087,stop,150,0.0,2023-11-29 07:05:00+00:00,2023-11-29 09:35:00+00:00,2023-10-03 00:00:00+00:00
1701309600000,1701309900000,1701352500000,1,dip_unconfirmed,2043.6999999999998,2035.3899999999999,2835.39,2035.34,8.309999999999945,12.033694344163738,-100.60168471720765,-1.0060168471720765,stop,710,0.38802647412756386,2023-11-30 02:05:00+00:00,2023-11-30 13:55:00+00:00,2023-10-03 00:00:00+00:00
1701311400000,1701311700000,1701352500000,1,dip_unconfirmed,2043.637,2035.23,2835.23,2035.18,8.406999999999925,11.894849530153548,-100.59474247650714,-1.0059474247650713,stop,680,0.3910431783037871,2023-11-30 02:35:00+00:00,2023-11-30 13:55:00+00:00,2023-10-03 00:00:00+00:00
1701320400000,1701320700000,1701339900000,1,dip_unconfirmed,2045.03,2036.6399999999999,2836.64,2036.59,8.3900000000001,11.918951132300215,-100.59594755661446,-1.0059594755661445,stop,320,0.1966626936829644,2023-11-30 05:05:00+00:00,2023-11-30 10:25:00+00:00,2023-10-03 00:00:00+00:00
1701322200000,1701322500000,1701352500000,1,dip_unconfirmed,2042.72,2034.42,2834.42,2034.3700000000001,8.299999999999955,12.048192771084404,-100.60240963855368,-1.006024096385537,stop,500,0.47710843373494677,2023-11-30 05:35:00+00:00,2023-11-30 13:55:00+00:00,2023-10-03 00:00:00+00:00
1701426600000,1701426900000,1701432000000,1,dip_unconfirmed,2044.9250000000002,2036.52,2836.52,2036.47,8.4050000000002,11.897679952408996,-100.5948839976199,-1.005948839976199,stop,85,0.0,2023-12-01 10:35:00+00:00,2023-12-01 12:00:00+00:00,2023-10-03 00:00:00+00:00
1701428400000,1701428700000,1701435000000,1,dip_unconfirmed,2044.2205,2035.8355000000001,2835.8355,2035.7855000000002,8.384999999999764,11.926058437686681,-100.59630292188379,-1.005963029218838,stop,105,0.0,2023-12-01 11:05:00+00:00,2023-12-01 12:50:00+00:00,2023-10-03 00:00:00+00:00
1701430200000,1701430500000,1701644700000,1,dip_unconfirmed,2041.83,2033.42,2833.42,2074.2135,8.409999999999854,11.890606420927673,385.05945303211024,3.850594530321102,timeout,3570,3.95481569560057,2023-12-01 11:35:00+00:00,2023-12-03 23:05:00+00:00,2023-10-03 00:00:00+00:00
1701432000000,1701432300000,1701644700000,1,dip_unconfirmed,2037.485,2029.1,2829.1,2074.2135,8.384999999999991,11.926058437686358,438.0262373285627,4.3802623732856265,timeout,3540,4.484794275491984,2023-12-01 12:05:00+00:00,2023-12-03 23:05:00+00:00,2023-10-03 00:00:00+00:00
1701460800000,1701461100000,1701644700000,1,dip_unconfirmed,2067.4249999999997,2057.571727939882,3010.8989339517134,2074.2135,9.853272060117888,10.1489129083079,68.89589527804932,0.6889589527804932,timeout,3060,0.4523877928878689,2023-12-01 20:05:00+00:00,2023-12-03 23:05:00+00:00,2023-10-03 00:00:00+00:00
1701649800000,1701650100000,1701672600000,1,dip_unconfirmed,2103.2965,2080.2891252583827,4330.326599420113,2080.2391252583825,23.00737474161724,4.3464324427729455,-100.21732162213942,-1.0021732162213943,stop,375,0.019406820856981834,2023-12-04 00:35:00+00:00,2023-12-04 06:50:00+00:00,2023-10-03 00:00:00+00:00
1701651600000,1701651900000,1701675300000,1,dip_unconfirmed,2096.405,2073.161794882784,4352.982306604392,2073.1117948827837,23.24320511721635,4.302332638536565,-100.2151166319276,-1.002151166319276,stop,390,0.07535535616396152,2023-12-04 01:05:00+00:00,2023-12-04 07:35:00+00:00,2023-10-03 00:00:00+00:00
1701653400000,1701653700000,1701675900000,1,dip_unconfirmed,2092.3565000000003,2069.588595248299,4318.22907041837,2069.538595248299,22.76790475170128,4.392147678522229,-100.21960738392691,-1.0021960738392692,stop,370,0.0,2023-12-04 01:35:00+00:00,2023-12-04 07:45:00+00:00,2023-10-03 00:00:00+00:00
1701655200000,1701655500000,1701676800000,1,dip_unconfirmed,2088.202,2065.691409873421,4280.0504225313425,2065.641409873421,22.510590126579245,4.442353551714559,-100.22211767758654,-1.0022211767758653,stop,355,0.08898034164084957,2023-12-04 02:05:00+00:00,2023-12-04 08:00:00+00:00,2023-10-03 00:00:00+00:00
1702528200000,1702528500000,1702577400000,1,dip_unconfirmed,2031.255,2021.5694034637443,2952.129057089312,2031.2050000000002,9.685596536255844,10.32460929233141,-0.516230464616101,-0.00516230464616101,breakeven,815,1.689622310690036,2023-12-14 04:35:00+00:00,2023-12-14 18:10:00+00:00,2023-10-03 00:00:00+00:00
1702549800000,1702550100000,1702576500000,1,dip_unconfirmed,2034.4499999999998,2025.4165885636548,2891.7577321981726,2034.3999999999999,9.033411436344977,11.070014988762779,-0.5535007494376355,-0.005535007494376355,breakeven,440,1.4579209740200911,2023-12-14 10:35:00+00:00,2023-12-14 17:55:00+00:00,2023-10-03 00:00:00+00:00
1702551600000,1702551900000,1702577100000,1,dip_unconfirmed,2034.42,2025.776117951965,2857.164322755446,2034.3700000000001,8.643882048035039,11.568876049475062,-0.578443802473227,-0.00578443802473227,breakeven,420,1.5270916385307134,2023-12-14 11:05:00+00:00,2023-12-14 18:05:00+00:00,2023-10-03 00:00:00+00:00
1702569600000,1702569900000,1702578000000,1,dip_unconfirmed,2040.7469999999998,2030.163008272768,3051.862180995983,2030.113008272768,10.583991727231933,9.44823111895547,-100.47241155594733,-1.0047241155594733,stop,135,0.047193914439194434,2023-12-14 16:05:00+00:00,2023-12-14 18:20:00+00:00,2023-10-03 00:00:00+00:00
1702571400000,1702571700000,1702578600000,1,dip_unconfirmed,2039.2849999999999,2029.0422933961415,3018.812953781983,2028.9922933961416,10.242706603858323,9.763044463494738,-100.4881522231743,-1.0048815222317429,stop,115,0.1614319402039196,2023-12-14 16:35:00+00:00,2023-12-14 18:30:00+00:00,2023-10-03 00:00:00+00:00
1702576800000,1702577100000,1702647900000,1,dip_unconfirmed,2036.4799999999998,2026.985453932698,2946.440060662907,2026.935453932698,9.494546067301826,10.532362399545253,-100.52661811997679,-1.0052661811997678,stop,1180,0.8583875355629716,2023-12-14 18:05:00+00:00,2023-12-15 13:45:00+00:00,2023-10-03 00:00:00+00:00
1702578600000,1702578900000,1702647900000,1,dip_unconfirmed,2030.0835,2020.2500643660767,2974.2436277584147,2030.0335,9.833435633923273,10.169385728729555,-0.5084692864360153,-0.005084692864360153,breakeven,1150,1.4792896950296601,2023-12-14 18:35:00+00:00,2023-12-15 13:45:00+00:00,2023-10-03 00:00:00+00:00
1702600200000,1702600500000,1702647600000,1,dip_unconfirmed,2032.07,2023.67,2823.67,2032.02,8.399999999999864,11.904761904762099,-0.5952380952375635,-0.005952380952375635,breakeven,785,1.49523809523814,2023-12-15 00:35:00+00:00,2023-12-15 13:40:00+00:00,2023-10-03 00:00:00+00:00
1702605600000,1702605900000,1702647600000,1,dip_unconfirmed,2032.645,2024.3249999999998,2824.325,2032.595,8.320000000000164,12.019230769230532,-0.60096153846098,-0.0060096153846098,breakeven,695,1.4405048076922946,2023-12-15 02:05:00+00:00,2023-12-15 13:40:00+00:00,2023-10-03 00:00:00+00:00
1702611000000,1702611300000,1702647300000,1,dip_unconfirmed,2035.865,2027.5149999999999,2827.515,2035.815,8.350000000000136,11.976047904191422,-0.5988023952090265,-0.005988023952090265,breakeven,600,1.04970059880239,2023-12-15 03:35:00+00:00,2023-12-15 13:35:00+00:00,2023-10-03 00:00:00+00:00
1702647000000,1702647300000,1702647600000,1,dip_unconfirmed,2041.4599999999998,2033.0985,2833.0985,2033.0485,8.36149999999975,11.95957663098762,-100.59797883154884,-1.0059797883154884,stop,5,0.28607307301325735,2023-12-15 13:35:00+00:00,2023-12-15 13:40:00+00:00,2023-10-03 00:00:00+00:00
1702648800000,1702649100000,1702664400000,1,dip_unconfirmed,2031.84,2023.44,2823.44,2023.39,8.399999999999864,11.904761904762099,-100.59523809523756,-1.0059523809523756,stop,255,0.7755952380952627,2023-12-15 14:05:00+00:00,2023-12-15 18:20:00+00:00,2023-10-03 00:00:00+00:00
1702665000000,1702665300000,1702854300000,1,dip_unconfirmed,2022.005,2012.9445949652265,2883.985098442596,2019.0245000000002,9.060405034773567,11.037034174101816,-32.89588035590928,-0.3289588035590928,timeout,3150,0.1225110793325191,2023-12-15 18:35:00+00:00,2023-12-17 23:05:00+00:00,2023-10-03 00:00:00+00:00
1702947600000,1702947900000,1703070300000,1,dip_unconfirmed,2027.6399999999999,2019.3,2819.3,2034.262,8.339999999999918,11.990407673861029,79.40047961630859,0.7940047961630858,ladder_lock_0.80R,2040,2.2845323741007553,2023-12-19 01:05:00+00:00,2023-12-20 11:05:00+00:00,2023-10-03 00:00:00+00:00
1702953000000,1702953300000,1703071500000,1,dip_unconfirmed,2025.98,2017.6599999999999,2817.66,2032.5860000000002,8.320000000000164,12.019230769230532,79.39903846153956,0.7939903846153956,ladder_lock_0.80R,1970,2.4895432692307162,2023-12-19 02:35:00+00:00,2023-12-20 11:25:00+00:00,2023-10-03 00:00:00+00:00
1702954800000,1702955100000,1703071500000,1,dip_unconfirmed,2024.9835000000003,2016.58,2816.58,2031.6563000000006,8.40350000000035,11.899803653239227,79.40500981733804,0.7940500981733805,ladder_lock_0.80R,1940,2.583387874099935,2023-12-19 03:05:00+00:00,2023-12-20 11:25:00+00:00,2023-10-03 00:00:00+00:00
1702956600000,1702956900000,1703079600000,1,dip_unconfirmed,2024.3135,2015.8715000000002,2815.8715,2031.0170999999998,8.44199999999978,11.845534233594243,79.40772328832028,0.7940772328832029,ladder_lock_0.80R,2045,2.6509713338072247,2023-12-19 03:35:00+00:00,2023-12-20 13:40:00+00:00,2023-10-03 00:00:00+00:00
1702958400000,1702958700000,1703079900000,1,dip_unconfirmed,2023.6865,2015.3515000000002,2815.3515,2030.3045,8.334999999999809,11.997600479904294,79.40011997600588,0.7940011997600588,ladder_lock_0.80R,2020,2.7602279544091766,2023-12-19 04:05:00+00:00,2023-12-20 13:45:00+00:00,2023-10-03 00:00:00+00:00
1703070000000,1703070300000,1703108100000,1,dip_unconfirmed,2036.3000000000002,2028.02,2828.02,2027.97,8.2800000000002,12.077294685990047,-100.60386473429897,-1.0060386473429896,stop,630,0.39673913043475545,2023-12-20 11:05:00+00:00,2023-12-20 21:35:00+00:00,2023-10-03 00:00:00+00:00
1703071800000,1703072100000,1703245200000,1,dip_unconfirmed,2033.8750000000002,2025.5,2825.5,2062.6365,8.375000000000227,11.940298507462362,343.42089552237684,3.4342089552237685,timeout,2885,3.3976119402983795,2023-12-20 11:35:00+00:00,2023-12-22 11:40:00+00:00,2023-10-03 00:00:00+00:00
1703140200000,1703140500000,1703263800000,1,dip_unconfirmed,2036.05,2027.69,2827.69,2051.048,8.3599999999999,11.96172248803842,179.40191387559807,1.7940191387559807,ladder_lock_1.80R,2055,4.0972488038278465,2023-12-21 06:35:00+00:00,2023-12-22 16:50:00+00:00,2023-10-03 00:00:00+00:00
1703145600000,1703145900000,1703545500000,1,dip_unconfirmed,2035.43,2027.0900000000001,2827.09,2053.7955,8.339999999999918,11.990407673861029,220.20983213429605,2.2020983213429606,timeout,6660,4.181414868105589,2023-12-21 08:05:00+00:00,2023-12-25 23:05:00+00:00,2023-10-03 00:00:00+00:00
1703152800000,1703153100000,1703263800000,1,dip_unconfirmed,2035.8855,2027.48,2827.48,2050.9654,8.405500000000075,11.89697222056976,179.40515138896936,1.7940515138896935,ladder_lock_1.80R,1845,4.094640414014626,2023-12-21 10:05:00+00:00,2023-12-22 16:50:00+00:00,2023-10-03 00:00:00+00:00
1703154600000,1703154900000,1703545500000,1,dip_unconfirmed,2034.9449999999997,2026.5700000000002,2826.57,2053.7955,8.374999999999545,11.940298507463336,225.08059701494318,2.2508059701494316,timeout,6510,4.221850746268961,2023-12-21 10:35:00+00:00,2023-12-25 23:05:00+00:00,2023-10-03 00:00:00+00:00
1703260800000,1703261100000,1703263800000,1,dip_unconfirmed,2061.287,2052.0478242110435,2936.115403106713,2051.9978242110433,9.239175788956345,10.823476280160264,-100.54117381400998,-1.0054117381400998,stop,45,0.05877147620123401,2023-12-22 16:05:00+00:00,2023-12-22 16:50:00+00:00,2023-10-03 00:00:00+00:00
1703264400000,1703264700000,1703545500000,1,dip_unconfirmed,2053.8035,2043.8908764880932,2996.1532276787398,2053.7955,9.912623511906759,10.088146682851706,-0.08070517346090522,-0.0008070517346090522,timeout,4680,0.3979269459050459,2023-12-22 17:05:00+00:00,2023-12-25 23:05:00+00:00,2023-10-03 00:00:00+00:00
1703273400000,1703273700000,1703545500000,1,dip_unconfirmed,2052.9649999999997,2043.9553822001135,2902.067162188783,2053.7955,9.0096177998862,11.099249959444794,9.217927091324272,0.09217927091324273,timeout,4530,0.09950477588650494,2023-12-22 19:35:00+00:00,2023-12-25 23:05:00+00:00,2023-10-03 00:00:00+00:00
1703550600000,1703550900000,1703601900000,1,dip_unconfirmed,2054.76,2046.3000000000002,2846.3,2054.71,8.460000000000036,11.820330969267088,-0.5910165484655046,-0.0059101654846550455,breakeven,850,1.1903073286052153,2023-12-26 00:35:00+00:00,2023-12-26 14:45:00+00:00,2023-10-03 00:00:00+00:00
1703563200000,1703563500000,1703601900000,1,dip_unconfirmed,2064.3785000000003,2055.9915,2855.9915,2055.9415,8.387000000000171,11.923214498628587,-100.5961607249336,-1.005961607249336,stop,640,0.048885179444305635,2023-12-26 04:05:00+00:00,2023-12-26 14:45:00+00:00,2023-10-03 00:00:00+00:00
1703568600000,1703568900000,1703601900000,1,dip_unconfirmed,2064.34,2056.05,2856.05,2056.0,8.289999999999964,12.062726176115856,-100.60313630880799,-1.00603136308808,stop,550,0.054101326899820806,2023-12-26 05:35:00+00:00,2023-12-26 14:45:00+00:00,2023-10-03 00:00:00+00:00
1703570400000,1703570700000,1703601900000,1,dip_unconfirmed,2063.29,2054.91,2854.91,2054.8599999999997,8.38000000000011,11.93317422434352,-100.59665871121935,-1.0059665871121934,stop,520,0.17881861575175118,2023-12-26 06:05:00+00:00,2023-12-26 14:45:00+00:00,2023-10-03 00:00:00+00:00
1703575800000,1703576100000,1703601900000,1,dip_unconfirmed,2064.2669999999994,2055.885,2855.885,2055.835,8.381999999999152,11.93032689095802,-100.59651634455008,-1.005965163445501,stop,430,0.029169649248475687,2023-12-26 07:35:00+00:00,2023-12-26 14:45:00+00:00,2023-10-03 00:00:00+00:00
1703635200000,1703635500000,1703754900000,1,dip_unconfirmed,2066.625,2058.2315,2858.2315,2073.2898,8.393500000000131,11.913981056769934,79.40430094716042,0.7940430094716042,ladder_lock_0.80R,1990,2.5686543158396455,2023-12-27 00:05:00+00:00,2023-12-28 09:15:00+00:00,2023-10-03 00:00:00+00:00
1703637000000,1703637300000,1703765400000,1,dip_unconfirmed,2065.176,2056.8045,2856.8045,2071.8231999999994,8.371499999999742,11.945290569193464,79.40273547153598,0.7940273547153598,ladder_lock_0.80R,2135,2.7484919070657803,2023-12-27 00:35:00+00:00,2023-12-28 12:10:00+00:00,2023-10-03 00:00:00+00:00
1703651400000,1703651700000,1703765400000,1,dip_unconfirmed,2064.87,2056.56,2856.56,2071.468,8.309999999999945,12.033694344163738,79.39831528279181,0.7939831528279181,ladder_lock_0.80R,1895,2.8056558363418365,2023-12-27 04:35:00+00:00,2023-12-28 12:10:00+00:00,2023-10-03 00:00:00+00:00
1703656800000,1703657100000,1703765400000,1,dip_unconfirmed,2065.1235,2056.7685,2856.7685,2071.7575,8.355000000000018,11.968880909634922,79.40155595451824,0.7940155595451824,ladder_lock_0.80R,1805,2.7602034709754877,2023-12-27 06:05:00+00:00,2023-12-28 12:10:00+00:00,2023-10-03 00:00:00+00:00
1703673000000,1703673300000,1703790900000,1,dip_unconfirmed,2064.165,2055.8500000000004,2855.8500000000004,2070.7669999999994,8.3149999999996,12.026458208058306,79.3986770895938,0.793986770895938,ladder_lock_0.80R,1960,2.8887552615756578,2023-12-27 10:35:00+00:00,2023-12-28 19:15:00+00:00,2023-10-03 00:00:00+00:00
1703755800000,1703756100000,1703792400000,1,dip_unconfirmed,2075.3055,2066.9849999999997,2866.9849999999997,2066.9349999999995,8.320500000000266,12.018508503094383,-100.60092542515692,-1.006009254251569,stop,605,0.666546481581593,2023-12-28 09:35:00+00:00,2023-12-28 19:40:00+00:00,2023-10-03 00:00:00+00:00
1703766600000,1703766900000,1703792400000,1,dip_unconfirmed,2075.34,2066.99,2866.99,2066.9399999999996,8.350000000000364,11.976047904191095,-100.59880239521173,-1.0059880239521173,stop,425,0.6600598802394461,2023-12-28 12:35:00+00:00,2023-12-28 19:40:00+00:00,2023-10-03 00:00:00+00:00
1703781000000,1703781300000,1703792400000,1,dip_unconfirmed,2075.9465,2067.5985,2867.5985,2067.5485,8.347999999999956,11.97891710589369,-100.59894585529686,-1.0059894585529685,stop,185,0.07648538572118829,2023-12-28 16:35:00+00:00,2023-12-28 19:40:00+00:00,2023-10-03 00:00:00+00:00
1703782800000,1703783100000,1703792700000,1,dip_unconfirmed,2074.685,2066.26,2866.26,2066.21,8.424999999999727,11.8694362017808,-100.5934718100912,-1.005934718100912,stop,160,0.13412462908008202,2023-12-28 17:05:00+00:00,2023-12-28 19:45:00+00:00,2023-10-03 00:00:00+00:00
1704184200000,1704184500000,1704201300000,1,dip_unconfirmed,2073.1320000000005,2064.7250000000004,2864.7250000000004,2064.675,8.407000000000153,11.894849530153227,-100.59474247650982,-1.0059474247650981,stop,280,0.656952539550271,2024-01-02 08:35:00+00:00,2024-01-02 13:15:00+00:00,2023-10-03 00:00:00+00:00
1704196800000,1704197100000,1704210000000,1,dip_unconfirmed,2069.5649999999996,2061.295,2861.295,2061.245,8.269999999999527,12.091898428053895,-100.60459492140488,-1.0060459492140488,stop,215,0.1487303506651201,2024-01-02 12:05:00+00:00,2024-01-02 15:40:00+00:00,2023-10-03 00:00:00+00:00
1704198600000,1704198900000,1704210000000,1,dip_unconfirmed,2066.3700000000003,2058.0550000000003,2858.0550000000003,2058.005,8.315000000000055,12.026458208057647,-100.60132291040506,-1.0060132291040507,stop,185,0.5321707757065182,2024-01-02 12:35:00+00:00,2024-01-02 15:40:00+00:00,2023-10-03 00:00:00+00:00
1704204000000,1704204300000,1704210000000,1,dip_unconfirmed,2066.745,2058.3265,2858.3265,2058.2765,8.418499999999767,11.87860070083777,-100.59393003504405,-1.0059393003504404,stop,95,0.43535071568575395,2024-01-02 14:05:00+00:00,2024-01-02 15:40:00+00:00,2023-10-03 00:00:00+00:00
1705060800000,1705061100000,1705079700000,1,dip_unconfirmed,2045.8649999999998,2037.47,2837.4700000000003,2045.8149999999998,8.394999999999754,11.911852293031915,-0.5955926146510541,-0.005955926146510541,breakeven,310,1.9213817748660609,2024-01-12 12:05:00+00:00,2024-01-12 17:15:00+00:00,2024-01-03 00:00:00+00:00
1705080600000,1705080900000,1705273500000,1,dip_unconfirmed,2044.195,2034.4116916191238,2974.7425297067484,2047.3925,9.783308380876178,10.22149114664258,32.68321794138956,0.3268321794138956,timeout,3210,0.4801545466135342,2024-01-12 17:35:00+00:00,2024-01-14 23:05:00+00:00,2024-01-03 00:00:00+00:00
1705091400000,1705091700000,1705273500000,1,dip_unconfirmed,2047.335,2038.995,2838.995,2047.3925,8.340000000000146,11.990407673860702,0.6894484412456817,0.006894484412456817,timeout,3030,0.18675059952036735,2024-01-12 20:35:00+00:00,2024-01-14 23:05:00+00:00,2024-01-03 00:00:00+00:00
1705303800000,1705304100000,1705394100000,1,dip_unconfirmed,2054.805,2046.5135,2846.5135,2046.4635,8.291499999999814,12.060543930531537,-100.60302719652603,-1.0060302719652603,stop,1500,0.426943255140812,2024-01-15 07:35:00+00:00,2024-01-16 08:35:00+00:00,2024-01-03 00:00:00+00:00
1705305600000,1705305900000,1705394100000,1,dip_unconfirmed,2054.722,2046.335,2846.335,2046.285,8.387000000000171,11.923214498628587,-100.59616072493088,-1.0059616072493087,stop,1470,0.4319780612852651,2024-01-15 08:05:00+00:00,2024-01-16 08:35:00+00:00,2024-01-03 00:00:00+00:00
1705312800000,1705313100000,1705392900000,1,dip_unconfirmed,2055.39,2047.065,2847.065,2047.015,8.324999999999818,12.012012012012274,-100.60060060060006,-1.0060060060060005,stop,1330,0.07981981981980496,2024-01-15 10:05:00+00:00,2024-01-16 08:15:00+00:00,2024-01-03 00:00:00+00:00
1705314600000,1705314900000,1705394400000,1,dip_unconfirmed,2053.192,2044.8500000000004,2844.8500000000004,2044.8000000000004,8.341999999999643,11.987532965716168,-100.59937664828526,-1.0059937664828527,stop,1325,0.34314313114359263,2024-01-15 10:35:00+00:00,2024-01-16 08:40:00+00:00,2024-01-03 00:00:00+00:00
1705363200000,1705363500000,1705394100000,1,dip_unconfirmed,2054.5335,2046.0685000000003,2846.0685000000003,2046.0185000000004,8.46499999999969,11.813349084465877,-100.59066745422275,-1.0059066745422276,stop,510,0.0,2024-01-16 00:05:00+00:00,2024-01-16 08:35:00+00:00,2024-01-03 00:00:00+00:00
1705899600000,1705899900000,1705934700000,1,dip_unconfirmed,2025.79,2017.55,2817.55,2017.5,8.240000000000009,12.135922330097074,-100.6067961165043,-1.006067961165043,stop,580,0.49144417475729074,2024-01-22 05:05:00+00:00,2024-01-22 14:45:00+00:00,2024-01-03 00:00:00+00:00
1705901400000,1705901700000,1706007900000,1,dip_unconfirmed,2023.5569999999998,2015.24,2815.24,2023.5069999999998,8.31699999999978,12.023566189732193,-0.6011783094860629,-0.006011783094860629,breakeven,1770,1.6926175303595887,2024-01-22 05:35:00+00:00,2024-01-23 11:05:00+00:00,2024-01-03 00:00:00+00:00
1706005800000,1706006100000,1706107200000,1,dip_unconfirmed,2027.3235000000002,2018.895,2818.895,2027.2735000000002,8.428500000000213,11.864507326332975,-0.5932253663161092,-0.005932253663161092,breakeven,1685,1.0756955567419408,2024-01-23 10:35:00+00:00,2024-01-24 14:40:00+00:00,2024-01-03 00:00:00+00:00
1706007600000,1706007900000,1706107800000,1,dip_unconfirmed,2025.5449999999998,2017.1685,2817.1684999999998,2025.495,8.37649999999985,11.938160329493437,-0.5969080164741289,-0.005969080164741289,breakeven,1665,1.2946934877335665,2024-01-23 11:05:00+00:00,2024-01-24 14:50:00+00:00,2024-01-03 00:00:00+00:00
1706009400000,1706009700000,1706107800000,1,dip_unconfirmed,2023.945,2015.5749999999998,2815.575,2023.895,8.370000000000118,11.947431302269843,-0.5973715651129489,-0.005973715651129489,breakeven,1635,1.4868578255674745,2024-01-23 11:35:00+00:00,2024-01-24 14:50:00+00:00,2024-01-03 00:00:00+00:00
1706058000000,1706058300000,1706108700000,1,dip_unconfirmed,2027.8200000000002,2019.49,2819.49,2019.44,8.330000000000155,12.004801920768084,-100.60024009603787,-1.0060024009603787,stop,840,1.02881152460979,2024-01-24 01:05:00+00:00,2024-01-24 15:05:00+00:00,2024-01-03 00:00:00+00:00
1706063400000,1706063700000,1706107200000,1,dip_unconfirmed,2026.23,2017.9115000000002,2817.9115,2026.18,8.318499999999858,12.021398088597909,-0.6010699044293488,-0.006010699044293489,breakeven,725,1.22137404580153,2024-01-24 02:35:00+00:00,2024-01-24 14:40:00+00:00,2024-01-03 00:00:00+00:00
1706108400000,1706108700000,1706110800000,1,dip_unconfirmed,2025.0950000000003,2016.775,2816.775,2016.7250000000001,8.320000000000164,12.019230769230532,-100.60096153846098,-1.0060096153846099,stop,35,0.0012019230768946316,2024-01-24 15:05:00+00:00,2024-01-24 15:40:00+00:00,2024-01-03 00:00:00+00:00
1706110200000,1706110500000,1706112600000,1,dip_unconfirmed,2020.51,2012.19,2812.19,2012.14,8.319999999999936,12.01923076923086,-100.600961538461,-1.0060096153846099,stop,35,0.0,2024-01-24 15:35:00+00:00,2024-01-24 16:10:00+00:00,2024-01-03 00:00:00+00:00
1706112000000,1706112300000,1706200500000,1,dip_unconfirmed,2015.7,2007.3,2807.3,2015.65,8.400000000000091,11.904761904761775,-0.5952380952375474,-0.005952380952375475,breakeven,1470,1.10017857142857,2024-01-24 16:05:00+00:00,2024-01-25 16:35:00+00:00,2024-01-03 00:00:00+00:00
1706520600000,1706520900000,1706539800000,1,dip_unconfirmed,2030.53,2022.24,2822.24,2022.19,8.289999999999964,12.062726176115856,-100.60313630880525,-1.0060313630880524,stop,315,0.8172496984318601,2024-01-29 09:35:00+00:00,2024-01-29 14:50:00+00:00,2024-01-03 00:00:00+00:00
1706522400000,1706522700000,1706542200000,1,dip_unconfirmed,2028.7099999999998,2020.405,2820.4049999999997,2020.355,8.304999999999836,12.040939193257312,-100.60204695966233,-1.0060204695966233,stop,325,1.0349187236604966,2024-01-29 10:05:00+00:00,2024-01-29 15:30:00+00:00,2024-01-03 00:00:00+00:00
1706524200000,1706524500000,1706539200000,1,dip_unconfirmed,2028.1,2019.81,2819.81,2028.05,8.289999999999964,12.062726176115856,-0.6031363088052443,-0.006031363088052443,breakeven,245,1.110373944511483,2024-01-29 10:35:00+00:00,2024-01-29 14:40:00+00:00,2024-01-03 00:00:00+00:00
1706526000000,1706526300000,1706539200000,1,dip_unconfirmed,2027.85,2019.5349999999999,2819.535,2027.8,8.315000000000055,12.026458208057647,-0.6013229104023354,-0.006013229104023354,breakeven,215,1.1371016235718692,2024-01-29 11:05:00+00:00,2024-01-29 14:40:00+00:00,2024-01-03 00:00:00+00:00
1706527800000,1706528100000,1706539200000,1,dip_unconfirmed,2026.9569999999999,2018.625,2818.625,2026.907,8.33199999999988,12.001920307249334,-0.6000960153619209,-0.006000960153619209,breakeven,185,1.241958713394183,2024-01-29 11:35:00+00:00,2024-01-29 14:40:00+00:00,2024-01-03 00:00:00+00:00
1706540400000,1706540700000,1706628300000,1,dip_unconfirmed,2025.1249999999998,2016.8049999999998,2816.805,2031.7309999999998,8.319999999999936,12.01923076923086,79.39903846153899,0.79399038461539,ladder_lock_0.80R,1460,2.779627403846239,2024-01-29 15:05:00+00:00,2024-01-30 15:25:00+00:00,2024-01-03 00:00:00+00:00
1706542200000,1706542500000,1706627400000,1,dip_unconfirmed,2022.005,2013.645,2813.645,2037.0030000000004,8.360000000000127,11.961722488038095,179.40191387559864,1.7940191387559863,ladder_lock_1.80R,1415,3.139533492822942,2024-01-29 15:35:00+00:00,2024-01-30 15:10:00+00:00,2024-01-03 00:00:00+00:00
1706553000000,1706553300000,1706628000000,1,dip_unconfirmed,2026.637,2018.27,2818.27,2033.2806,8.366999999999962,11.951715071112758,79.40241424644599,0.7940241424644598,ladder_lock_0.80R,1245,2.5833034540457107,2024-01-29 18:35:00+00:00,2024-01-30 15:20:00+00:00,2024-01-03 00:00:00+00:00
1706554800000,1706555100000,1706628000000,1,dip_unconfirmed,2026.2825,2017.8885,2817.8885,2032.9477000000002,8.394000000000005,11.913271384322128,79.40433643078552,0.7940433643078552,ladder_lock_0.80R,1215,2.6172265904217613,2024-01-29 19:05:00+00:00,2024-01-30 15:20:00+00:00,2024-01-03 00:00:00+00:00
1706563800000,1706564100000,1706628300000,1,dip_unconfirmed,2031.8600000000001,2023.38,2823.38,2031.8100000000002,8.480000000000018,11.792452830188655,-0.5896226415088964,-0.005896226415088964,breakeven,1070,1.9329599056603943,2024-01-29 21:35:00+00:00,2024-01-30 15:25:00+00:00,2024-01-03 00:00:00+00:00
1706628600000,1706628900000,1706727900000,1,dip_unconfirmed,2032.5249999999999,2023.454953794482,2890.959574346286,2039.7310369644142,9.070046205517883,11.025302157685115,79.44873489211625,0.7944873489211625,ladder_lock_0.80R,1650,2.55511377504352,2024-01-30 15:35:00+00:00,2024-01-31 19:05:00+00:00,2024-01-03 00:00:00+00:00
1706637600000,1706637900000,1706727900000,1,dip_unconfirmed,2034.4820000000002,2026.0785,2826.0785,2041.1548000000003,8.403500000000122,11.899803653239548,79.40500981733747,0.7940500981733747,ladder_lock_0.80R,1500,2.524900339144322,2024-01-30 18:05:00+00:00,2024-01-31 19:05:00+00:00,2024-01-03 00:00:00+00:00
1706639400000,1706639700000,1706727900000,1,dip_unconfirmed,2033.2054999999998,2024.7615,2824.7615,2039.9106999999997,8.443999999999733,11.842728564661673,79.40786357176799,0.7940786357176799,ladder_lock_0.80R,1470,2.663962576977822,2024-01-30 18:35:00+00:00,2024-01-31 19:05:00+00:00,2024-01-03 00:00:00+00:00
1706664600000,1706664900000,1706727900000,1,dip_unconfirmed,2036.432,2028.0549999999998,2828.055,2043.0836000000002,8.37700000000018,11.937447773665733,79.4031276113167,0.794031276113167,ladder_lock_0.80R,1050,2.3001074370298897,2024-01-31 01:35:00+00:00,2024-01-31 19:05:00+00:00,2024-01-03 00:00:00+00:00
1706666400000,1706666700000,1706727900000,1,dip_unconfirmed,2035.0705,2026.7305000000001,2826.7305,2041.6925,8.339999999999918,11.990407673861029,79.40047961630859,0.7940047961630858,ladder_lock_0.80R,1020,2.4735611510791347,2024-01-31 02:05:00+00:00,2024-01-31 19:05:00+00:00,2024-01-03 00:00:00+00:00
1706727600000,1706727900000,1706731500000,1,dip_unconfirmed,2046.917,2038.525,2838.525,2038.4750000000001,8.391999999999825,11.916110581506445,-100.59580552907478,-1.0059580552907479,stop,60,0.44006196377500395,2024-01-31 19:05:00+00:00,2024-01-31 20:05:00+00:00,2024-01-03 00:00:00+00:00
1706729400000,1706729700000,1706731500000,1,dip_unconfirmed,2042.9850000000004,2034.605,2834.605,2034.555,8.380000000000337,11.933174224343196,-100.59665871121662,-1.0059665871121661,stop,30,0.9099045346060873,2024-01-31 19:35:00+00:00,2024-01-31 20:05:00+00:00,2024-01-03 00:00:00+00:00
1706751000000,1706751300000,1706785200000,1,dip_unconfirmed,2040.807,2032.4850000000001,2832.485,2032.4350000000002,8.321999999999889,12.01634222542674,-100.60081711127079,-1.0060081711127078,stop,565,1.0203677000721494,2024-02-01 01:35:00+00:00,2024-02-01 11:00:00+00:00,2024-01-03 00:00:00+00:00
1706760000000,1706760300000,1706782500000,1,dip_unconfirmed,2046.6795,2038.3195,2838.3195,2038.2695,8.3599999999999,11.96172248803842,-100.59808612440138,-1.0059808612440138,stop,370,0.0,2024-02-01 04:05:00+00:00,2024-02-01 10:15:00+00:00,2024-01-03 00:00:00+00:00
1706761800000,1706762100000,1706783400000,1,dip_unconfirmed,2045.77,2037.5065,2837.5065,2037.4565,8.263500000000022,12.101409814243327,-100.60507049071161,-1.0060507049071161,stop,355,0.06450051430990505,2024-02-01 04:35:00+00:00,2024-02-01 10:30:00+00:00,2024-01-03 00:00:00+00:00
1706767200000,1706767500000,1706784000000,1,dip_unconfirmed,2044.954,2036.6,2836.6,2036.55,8.354000000000042,11.970313622216842,-100.5985156811103,-1.005985156811103,stop,275,0.0,2024-02-01 06:05:00+00:00,2024-02-01 10:40:00+00:00,2024-01-03 00:00:00+00:00
1706837400000,1706837700000,1706880900000,1,dip_unconfirmed,2053.9584999999997,2045.6665000000003,2845.6665000000003,2045.6165000000003,8.291999999999462,12.059816690787082,-100.6029908345388,-1.006029908345388,stop,720,0.4120236372407732,2024-02-02 01:35:00+00:00,2024-02-02 13:35:00+00:00,2024-01-03 00:00:00+00:00
1706878800000,1706879100000,1706880900000,1,dip_unconfirmed,2055.682,2047.2600000000002,2847.26,2047.2100000000003,8.42199999999957,11.873664212776667,-100.59368321063829,-1.0059368321063828,stop,30,0.20102113512233405,2024-02-02 13:05:00+00:00,2024-02-02 13:35:00+00:00,2024-01-03 00:00:00+00:00
1706880600000,1706880900000,1706880900000,1,dip_unconfirmed,2053.14,2044.7350000000001,2844.735,2044.6850000000002,8.404999999999745,11.897679952409641,-100.59488399761995,-1.0059488399761995,stop,0,0.0,2024-02-02 13:35:00+00:00,2024-02-02 13:35:00+00:00,2024-01-03 00:00:00+00:00
1706882400000,1706882700000,1707087900000,1,dip_unconfirmed,2032.1035,2023.82,2823.8199999999997,2041.03,8.283500000000004,12.072191706404292,107.7624192672183,1.077624192672183,timeout,3420,0.910545059455546,2024-02-02 14:05:00+00:00,2024-02-04 23:05:00+00:00,2024-01-03 00:00:00+00:00
1707321600000,1707321900000,1707381000000,1,dip_unconfirmed,2038.72,2030.395,2830.395,2030.345,8.325000000000045,12.012012012011946,-100.60060060060005,-1.0060060060060005,stop,985,0.2360360360360249,2024-02-07 16:05:00+00:00,2024-02-08 08:30:00+00:00,2024-01-03 00:00:00+00:00
1707327000000,1707327300000,1707394200000,1,dip_unconfirmed,2034.9219999999998,2026.5435,2826.5434999999998,2026.4935,8.378499999999804,11.935310616459073,-100.59676553082241,-1.0059676553082242,stop,1115,0.42024228680551895,2024-02-07 17:35:00+00:00,2024-02-08 12:10:00+00:00,2024-01-03 00:00:00+00:00
1707332400000,1707332700000,1707394200000,1,dip_unconfirmed,2035.2404999999999,2026.8935,2826.8935,2026.8435,8.34699999999998,11.980352222355366,-100.59901761111722,-1.0059901761111723,stop,1025,0.38367077992091536,2024-02-07 19:05:00+00:00,2024-02-08 12:10:00+00:00,2024-01-03 00:00:00+00:00
1707339600000,1707339900000,1707394200000,1,dip_unconfirmed,2035.05,2026.7714999999998,2826.7715,2026.7214999999999,8.278500000000122,12.079482998127503,-100.60397414990584,-1.0060397414990583,stop,905,0.4098568581264422,2024-02-07 21:05:00+00:00,2024-02-08 12:10:00+00:00,2024-01-03 00:00:00+00:00
1707359400000,1707359700000,1707381900000,1,dip_unconfirmed,2037.2645,2028.9144999999999,2828.9145,2028.8645,8.350000000000136,11.976047904191422,-100.59880239520903,-1.0059880239520904,stop,370,0.0,2024-02-08 02:35:00+00:00,2024-02-08 08:45:00+00:00,2024-01-03 00:00:00+00:00
1709177400000,1709177700000,1709507100000,1,dip_unconfirmed,2036.1050000000002,2027.8135,2827.8135,2082.439,8.29150000000027,12.060543930530875,558.8132424772128,5.5881324247721285,timeout,5490,6.267020442621755,2024-02-29 03:35:00+00:00,2024-03-03 23:05:00+00:00,2024-01-03 00:00:00+00:00
1709182800000,1709183100000,1709507100000,1,dip_unconfirmed,2035.6119999999999,2027.2265,2827.2264999999998,2082.439,8.385499999999865,11.925347325741054,558.4282392224763,5.584282392224764,timeout,5400,6.25556019319077,2024-02-29 05:05:00+00:00,2024-03-03 23:05:00+00:00,2024-01-03 00:00:00+00:00
1709184600000,1709184900000,1709507100000,1,dip_unconfirmed,2035.2094999999997,2026.8435,2826.8435,2082.439,8.365999999999758,11.95314367678734,564.5409992828294,5.645409992828294,timeout,5370,6.318252450394697,2024-02-29 05:35:00+00:00,2024-03-03 23:05:00+00:00,2024-01-03 00:00:00+00:00
1709200800000,1709201100000,1709507100000,1,dip_unconfirmed,2035.04,2026.635,2826.635,2082.439,8.404999999999973,11.89767995240932,563.938132064248,5.63938132064248,timeout,5100,6.309101725163643,2024-02-29 10:05:00+00:00,2024-03-03 23:05:00+00:00,2024-01-03 00:00:00+00:00
1709202600000,1709202900000,1709282700000,1,dip_unconfirmed,2032.8899999999999,2024.59,2824.59,2039.4799999999998,8.299999999999955,12.048192771084404,79.39759036144524,0.7939759036144524,ladder_lock_0.80R,1330,2.11445783132528,2024-02-29 10:35:00+00:00,2024-03-01 08:45:00+00:00,2024-01-03 00:00:00+00:00
1709283600000,1709283900000,1709507100000,1,dip_unconfirmed,2040.225,2031.905,2831.9049999999997,2082.439,8.319999999999936,12.01923076923086,507.37980769231086,5.073798076923109,timeout,3720,5.750360576923157,2024-03-01 09:05:00+00:00,2024-03-03 23:05:00+00:00,2024-01-03 00:00:00+00:00
1709515800000,1709516100000,1709689200000,1,dip_unconfirmed,2081.2965,2072.9705000000004,2872.9705000000004,2125.2515,8.325999999999567,12.010569300985491,527.9245736248164,5.279245736248164,timeout,2885,7.238770117704008,2024-03-04 01:35:00+00:00,2024-03-06 01:40:00+00:00,2024-01-03 00:00:00+00:00
1709517600000,1709517900000,1709691000000,1,dip_unconfirmed,2080.5915,2072.2650000000003,2872.2650000000003,2125.8450000000003,8.326499999999669,12.009848075422324,543.4876598811272,5.434876598811273,timeout,2885,7.323004863988805,2024-03-04 02:05:00+00:00,2024-03-06 02:10:00+00:00,2024-01-03 00:00:00+00:00
1709523000000,1709523300000,1709696400000,1,dip_unconfirmed,2081.382,2073.0600000000004,2873.0600000000004,2124.7200000000007,8.321999999999662,12.016342225427069,520.7642393655661,5.207642393655662,timeout,2885,7.23197548666219,2024-03-04 03:35:00+00:00,2024-03-06 03:40:00+00:00,2024-01-03 00:00:00+00:00
1709542800000,1709543100000,1709716200000,1,dip_unconfirmed,2084.3054999999995,2075.9449999999997,2875.9449999999997,2125.6014999999998,8.360499999999774,11.961007116799557,493.9417498953578,4.939417498953578,timeout,2885,6.8489922851506995,2024-03-04 09:05:00+00:00,2024-03-06 09:10:00+00:00,2024-01-03 00:00:00+00:00
1709544600000,1709544900000,1709718000000,1,dip_unconfirmed,2084.01,2075.645,2875.645,2126.18,8.365000000000236,11.954572624028353,504.12432755527107,5.041243275552711,timeout,2885,6.880633592348896,2024-03-04 09:35:00+00:00,2024-03-06 09:40:00+00:00,2024-01-03 00:00:00+00:00
1709690400000,1709690700000,1709737500000,1,dip_unconfirmed,2125.8685000000005,2117.5445,2917.5445,2132.477700000001,8.324000000000524,12.013455069677283,79.39932724651504,0.7939932724651504,ladder_lock_0.80R,780,2.77108361364699,2024-03-06 02:05:00+00:00,2024-03-06 15:05:00+00:00,2024-01-03 00:00:00+00:00
1709692200000,1709692500000,1709753700000,1,dip_unconfirmed,2124.8635,2116.5765,2916.5765,2139.7300999999993,8.286999999999807,12.067093037287599,179.39664534813232,1.7939664534813233,ladder_lock_1.80R,1020,3.2661397369374914,2024-03-06 02:35:00+00:00,2024-03-06 19:35:00+00:00,2024-01-03 00:00:00+00:00
1709713800000,1709714100000,1709737500000,1,dip_unconfirmed,2127.805,2119.48,2919.48,2134.4149999999995,8.324999999999818,12.012012012012274,79.3993993993972,0.793993993993972,ladder_lock_0.80R,390,2.538138138138152,2024-03-06 08:35:00+00:00,2024-03-06 15:05:00+00:00,2024-01-03 00:00:00+00:00
1709722800000,1709723100000,1709737500000,1,dip_unconfirmed,2126.042,2117.6899999999996,2917.6899999999996,2132.6736,8.352000000000317,11.973180076627898,79.4013409961675,0.794013409961675,ladder_lock_0.80R,240,2.741020114942374,2024-03-06 11:05:00+00:00,2024-03-06 15:05:00+00:00,2024-01-03 00:00:00+00:00
1709753400000,1709753700000,1709926800000,1,dip_unconfirmed,2141.7349999999997,2130.898498118422,3175.048686276228,2176.685,10.836501881577533,9.228070192098045,322.5210532138292,3.225210532138292,timeout,2885,4.9088719386866115,2024-03-06 19:35:00+00:00,2024-03-08 19:40:00+00:00,2024-01-03 00:00:00+00:00
1709789400000,1709789700000,1709822700000,1,dip_unconfirmed,2157.8,2149.36746071632,2954.6213890843583,2149.3174607163196,8.432539283680399,11.858824090334364,-100.59294120451887,-1.0059294120451887,stop,550,0.7925845080775085,2024-03-07 05:35:00+00:00,2024-03-07 14:45:00+00:00,2024-01-03 00:00:00+00:00
1709791200000,1709791500000,1709866800000,1,dip_unconfirmed,2154.8700000000003,2146.5600000000004,2946.5600000000004,2154.82,8.309999999999945,12.033694344163738,-0.6016847172103759,-0.006016847172103759,breakeven,1255,1.1568592057761726,2024-03-07 06:05:00+00:00,2024-03-08 03:00:00+00:00,2024-01-03 00:00:00+00:00
1709793000000,1709793300000,1709867100000,1,dip_unconfirmed,2154.33,2145.95,2945.95,2154.2799999999997,8.38000000000011,11.93317422434352,-0.5966587112193467,-0.005966587112193467,breakeven,1230,1.211634844868761,2024-03-07 06:35:00+00:00,2024-03-08 03:05:00+00:00,2024-01-03 00:00:00+00:00
1709821800000,1709822100000,1709925000000,1,dip_unconfirmed,2155.2985000000003,2146.626942905363,2967.4326523690565,2170.857302770347,8.671557094637137,11.531954285562426,179.4234022857187,1.7942340228571871,ladder_lock_1.80R,1715,4.5702864626826685,2024-03-07 14:35:00+00:00,2024-03-08 19:10:00+00:00,2024-01-03 00:00:00+00:00
1709823600000,1709823900000,1709925000000,1,dip_unconfirmed,2154.435,2145.31537555498,3028.777820056991,2170.8003240010353,9.119624445019781,10.965363826424882,179.45173180867576,1.7945173180867575,ladder_lock_1.80R,1685,4.440424081510794,2024-03-07 15:05:00+00:00,2024-03-08 19:10:00+00:00,2024-01-03 00:00:00+00:00
1709895600000,1709895900000,1709904900000,1,dip_unconfirmed,2168.9,2160.5415000000003,2960.5415000000003,2160.4915,8.358499999999822,11.963869115272134,-100.59819345576578,-1.0059819345576577,stop,150,0.054734701202367834,2024-03-08 11:05:00+00:00,2024-03-08 13:35:00+00:00,2024-01-03 00:00:00+00:00
1709901000000,1709901300000,1709904900000,1,dip_unconfirmed,2167.88,2159.535,2959.535,2159.4849999999997,8.345000000000255,11.98322348711767,-100.59916117435807,-1.0059916117435808,stop,60,0.0,2024-03-08 12:35:00+00:00,2024-03-08 13:35:00+00:00,2024-01-03 00:00:00+00:00
1709904600000,1709904900000,1709904900000,1,dip_unconfirmed,2165.275,2156.8450000000003,2956.8450000000003,2156.795,8.429999999999836,11.862396204033445,-100.59311981020383,-1.0059311981020382,stop,0,0.0,2024-03-08 13:35:00+00:00,2024-03-08 13:35:00+00:00,2024-01-03 00:00:00+00:00
1709922600000,1709922900000,1710108300000,1,dip_unconfirmed,2179.162,2164.820125336887,3559.807591648172,2179.4215,14.341874663112776,6.972589173241031,1.809386890456859,0.01809386890456859,timeout,3090,0.045531007301249475,2024-03-08 18:35:00+00:00,2024-03-10 22:05:00+00:00,2024-01-03 00:00:00+00:00
1709924400000,1709924700000,1710108300000,1,dip_unconfirmed,2174.8185,2160.5901163842523,3544.578477959016,2179.4215,14.228383615747589,7.028205219974721,32.350828627544104,0.32350828627544104,timeout,3060,0.2916353756028503,2024-03-08 19:05:00+00:00,2024-03-10 22:05:00+00:00,2024-01-03 00:00:00+00:00
1710111600000,1710111900000,1710124500000,1,dip_unconfirmed,2177.7664999999997,2167.170668501934,3175.103818308532,2177.7164999999995,10.595831498065763,9.437673675563328,-0.4718836837798831,-0.004718836837798831,breakeven,210,1.0401732041521965,2024-03-10 23:05:00+00:00,2024-03-11 02:35:00+00:00,2024-01-03 00:00:00+00:00
1710122400000,1710122700000,1710242400000,1,dip_unconfirmed,2180.7110000000002,2170.4389644127014,3157.0425231425884,2170.388964412701,10.272035587298888,9.735168764762408,-100.4867584382399,-1.004867584382399,stop,1995,0.46018142751026125,2024-03-11 02:05:00+00:00,2024-03-12 11:20:00+00:00,2024-01-03 00:00:00+00:00
1710124200000,1710124500000,1710246000000,1,dip_unconfirmed,2178.7470000000003,2168.8665383832226,3117.7127000609744,2168.8165383832225,9.880461616777666,10.120984613734393,-100.50604923068856,-1.0050604923068855,stop,2025,0.6771950805049023,2024-03-11 02:35:00+00:00,2024-03-12 12:20:00+00:00,2024-01-03 00:00:00+00:00
1710126000000,1710126300000,1710246000000,1,dip_unconfirmed,2177.8765000000003,2168.483571355849,3073.6264357709038,2168.433571355849,9.392928644151198,10.646306789764463,-100.53231533949017,-1.0053231533949016,stop,1995,0.8050204879079698,2024-03-11 03:05:00+00:00,2024-03-12 12:20:00+00:00,2024-01-03 00:00:00+00:00
1710147600000,1710147900000,1710246000000,1,dip_unconfirmed,2177.862,2169.51,2969.51,2169.46,8.351999999999862,11.97318007662855,-100.5986590038336,-1.005986590038336,stop,1635,0.9070881226053271,2024-03-11 09:05:00+00:00,2024-03-12 12:20:00+00:00,2024-01-03 00:00:00+00:00
1710205200000,1710205500000,1710242400000,1,dip_unconfirmed,2180.8450000000003,2172.495,2972.495,2172.4449999999997,8.350000000000364,11.976047904191095,-100.59880239521173,-1.0059880239521173,stop,615,0.23592814371248616,2024-03-12 01:05:00+00:00,2024-03-12 11:20:00+00:00,2024-01-03 00:00:00+00:00
1710358200000,1710358500000,1710417900000,1,dip_unconfirmed,2175.032,2166.6585,2966.6585,2166.6085,8.37350000000015,11.942437451483634,-100.59712187257635,-1.0059712187257634,stop,990,0.19997611512510302,2024-03-13 19:35:00+00:00,2024-03-14 12:05:00+00:00,2024-01-03 00:00:00+00:00
1710360000000,1710360300000,1710419700000,1,dip_unconfirmed,2173.0285000000003,2164.6400000000003,2964.6400000000003,2164.59,8.388500000000022,11.921082434285003,-100.59605412171642,-1.0059605412171642,stop,990,0.4384574119329885,2024-03-13 20:05:00+00:00,2024-03-14 12:35:00+00:00,2024-01-03 00:00:00+00:00
1710376200000,1710376500000,1710418800000,1,dip_unconfirmed,2174.785,2166.4435000000003,2966.4435000000003,2166.3935,8.341499999999542,11.988251513517412,-100.59941257567804,-1.0059941257567804,stop,705,0.23035425283228245,2024-03-14 00:35:00+00:00,2024-03-14 12:20:00+00:00,2024-01-03 00:00:00+00:00
1710387000000,1710387300000,1710419700000,1,dip_unconfirmed,2172.8349999999996,2164.4835000000003,2964.4835000000003,2164.4335,8.351499999999305,11.973896904748646,-100.5986948452396,-1.005986948452396,stop,540,0.0,2024-03-14 03:35:00+00:00,2024-03-14 12:35:00+00:00,2024-01-03 00:00:00+00:00
1710388800000,1710389100000,1710419700000,1,dip_unconfirmed,2172.6650000000004,2164.3199999999997,2964.3199999999997,2164.2699999999995,8.34500000000071,11.983223487117016,-100.59916117435803,-1.0059916117435803,stop,510,0.0,2024-03-14 04:05:00+00:00,2024-03-14 12:35:00+00:00,2024-01-03 00:00:00+00:00
1710417600000,1710417900000,1710421200000,1,dip_unconfirmed,2168.8909999999996,2160.5299999999997,2960.5299999999997,2160.4799999999996,8.360999999999876,11.960291831120855,-100.59801459155821,-1.0059801459155822,stop,55,0.1447793326157345,2024-03-14 12:05:00+00:00,2024-03-14 13:00:00+00:00,2024-01-03 00:00:00+00:00
1710489600000,1710489900000,1710506700000,1,dip_unconfirmed,2167.467,2159.08,2959.08,2159.0299999999997,8.387000000000171,11.923214498628587,-100.5961607249336,-1.005961607249336,stop,280,0.5935376177416847,2024-03-15 08:05:00+00:00,2024-03-15 12:45:00+00:00,2024-01-03 00:00:00+00:00
1710491400000,1710491700000,1710506700000,1,dip_unconfirmed,2166.9085,2158.5565,2958.5565,2158.5065,8.351999999999862,11.97318007662855,-100.5986590038336,-1.005986590038336,stop,250,0.6628951149425044,2024-03-15 08:35:00+00:00,2024-03-15 12:45:00+00:00,2024-01-03 00:00:00+00:00
1710500400000,1710500700000,1710506400000,1,dip_unconfirmed,2169.7084999999997,2161.3450000000003,2961.3450000000003,2161.295,8.363499999999476,11.956716685598884,-100.59783583428212,-1.0059783583428212,stop,95,0.0,2024-03-15 11:05:00+00:00,2024-03-15 12:40:00+00:00,2024-01-03 00:00:00+00:00
1710502200000,1710502500000,1710506700000,1,dip_unconfirmed,2167.3855000000003,2159.02,2959.02,2158.97,8.365500000000338,11.953858107703779,-100.59769290538736,-1.0059769290538736,stop,70,0.028031797262568405,2024-03-15 11:35:00+00:00,2024-03-15 12:45:00+00:00,2024-01-03 00:00:00+00:00
1710990000000,1710990300000,1711029900000,1,dip_unconfirmed,2203.9154999999996,2188.939899224643,3648.799976760352,2188.8898992246427,14.975600775356725,6.677528434422221,-100.33387642172232,-1.0033387642172231,stop,660,0.5081265262173911,2024-03-21 03:05:00+00:00,2024-03-21 14:05:00+00:00,2024-01-03 00:00:00+00:00
1710999000000,1710999300000,1711029900000,1,dip_unconfirmed,2202.965,2191.1648562342243,3330.6792328118063,2191.114856234224,11.800143765775829,8.474473022102647,-100.42372365110667,-1.0042372365110668,stop,510,0.725414890691982,2024-03-21 05:35:00+00:00,2024-03-21 14:05:00+00:00,2024-01-03 00:00:00+00:00
1711009800000,1711010100000,1711029300000,1,dip_unconfirmed,2204.065,2193.787202176211,3190.566984555106,2193.7372021762108,10.277797823789115,9.729710752680774,-100.48648553763582,-1.0048648553763582,stop,320,0.7258364221499892,2024-03-21 08:35:00+00:00,2024-03-21 13:55:00+00:00,2024-01-03 00:00:00+00:00
1711011600000,1711011900000,1711029900000,1,dip_unconfirmed,2201.9999999999995,2191.2963305921958,3223.663271372603,2191.2463305921956,10.703669407803773,9.342590488369583,-100.46712952442019,-1.0046712952442018,stop,300,0.8898817440172536,2024-03-21 09:05:00+00:00,2024-03-21 14:05:00+00:00,2024-01-03 00:00:00+00:00
1711387800000,1711388100000,1711417800000,1,dip_unconfirmed,2176.0285,2167.6814999999997,2967.6814999999997,2167.6314999999995,8.347000000000207,11.98035222235504,-100.59901761111993,-1.0059901761111993,stop,495,0.03827722535043176,2024-03-25 17:35:00+00:00,2024-03-26 01:50:00+00:00,2024-01-03 00:00:00+00:00
1711389600000,1711389900000,1711460700000,1,dip_unconfirmed,2175.01,2166.795,2966.795,2181.532,8.215000000000146,12.1728545343881,79.39135727327839,0.7939135727327838,ladder_lock_0.80R,1180,3.0200852099816804,2024-03-25 18:05:00+00:00,2024-03-26 13:45:00+00:00,2024-01-03 00:00:00+00:00
1711391400000,1711391700000,1711460700000,1,dip_unconfirmed,2174.6164999999996,2166.2605000000003,2966.2605000000003,2181.251299999999,8.355999999999312,11.967448539972263,79.4016275730003,0.794016275730003,ladder_lock_0.80R,1150,3.0162158927719727,2024-03-25 18:35:00+00:00,2024-03-26 13:45:00+00:00,2024-01-03 00:00:00+00:00
1711393200000,1711393500000,1711460700000,1,dip_unconfirmed,2173.666,2165.3,2965.3,2180.3088,8.365999999999985,11.953143676787017,79.4023428161563,0.794023428161563,ladder_lock_0.80R,1120,3.1262251972268755,2024-03-25 19:05:00+00:00,2024-03-26 13:45:00+00:00,2024-01-03 00:00:00+00:00
1711395000000,1711395300000,1711457700000,1,dip_unconfirmed,2172.8455000000004,2164.5654999999997,2964.5654999999997,2187.6995000000015,8.280000000000655,12.077294685989383,179.39613526570054,1.7939613526570053,ladder_lock_1.80R,1040,3.2577898550721827,2024-03-25 19:35:00+00:00,2024-03-26 12:55:00+00:00,2024-01-03 00:00:00+00:00
1711418400000,1711418700000,1711460700000,1,dip_unconfirmed,2169.8514999999998,2161.4714999999997,2961.4714999999997,2184.8855,8.38000000000011,11.93317422434352,179.40334128878175,1.7940334128878175,ladder_lock_1.80R,700,3.576193317422436,2024-03-26 02:05:00+00:00,2024-03-26 13:45:00+00:00,2024-01-03 00:00:00+00:00
1711458000000,1711458300000,1711460700000,1,dip_unconfirmed,2188.3650000000002,2179.995,2979.995,2179.9449999999997,8.370000000000346,11.947431302269518,-100.59737156511564,-1.0059737156511563,stop,40,0.5013739545996334,2024-03-26 13:05:00+00:00,2024-03-26 13:45:00+00:00,2024-01-03 00:00:00+00:00
1711463400000,1711463700000,1711467600000,1,dip_unconfirmed,2182.775,2172.801032053219,3130.8478267313094,2172.7510320532188,9.973967946781158,10.026099996869593,-100.5013049998453,-1.005013049998453,stop,65,0.057148769982173095,2024-03-26 14:35:00+00:00,2024-03-26 15:40:00+00:00,2024-01-03 00:00:00+00:00
1711465200000,1711465500000,1711638600000,1,dip_unconfirmed,2179.7664999999993,2169.8938511922747,3124.0087319647855,2213.398,9.872648807724545,10.128993945551688,340.6532598798304,3.4065325987983037,timeout,2885,3.7571983691932562,2024-03-26 15:05:00+00:00,2024-03-28 15:10:00+00:00,2024-01-03 00:00:00+00:00
1711467000000,1711467300000,1711640400000,1,dip_unconfirmed,2178.3799999999997,2168.168004678541,3152.8675368244394,2213.2845,10.211995321458744,9.792405583056553,341.7990206738029,3.417990206738029,timeout,2885,3.7681176683601634,2024-03-26 15:35:00+00:00,2024-03-28 15:40:00+00:00,2024-01-03 00:00:00+00:00
1711468800000,1711469100000,1711642200000,1,dip_unconfirmed,2174.805,2164.3713614872163,3167.7352127655513,2213.9300000000003,10.433638512783546,9.584384189415571,374.9890314108886,3.7498903141088857,timeout,2885,4.0307127708587025,2024-03-26 16:05:00+00:00,2024-03-28 16:10:00+00:00,2024-01-03 00:00:00+00:00
1711474200000,1711474500000,1711541100000,1,dip_unconfirmed,2177.212,2167.850195403577,3065.8306550458915,2184.651443677138,9.361804596423099,10.681701264968444,79.4659149367477,0.794659149367477,ladder_lock_0.80R,1110,2.148944660486345,2024-03-26 17:35:00+00:00,2024-03-27 12:05:00+00:00,2024-01-03 00:00:00+00:00
1711501200000,1711501500000,1711541100000,1,dip_unconfirmed,2177.8725,2169.5550000000003,2969.5550000000003,2184.4764999999993,8.317499999999654,12.022843402465183,79.39885782987237,0.7939885782987237,ladder_lock_0.80R,660,2.3393447550346607,2024-03-27 01:05:00+00:00,2024-03-27 12:05:00+00:00,2024-01-03 00:00:00+00:00
1711542600000,1711542900000,1711634100000,1,dip_unconfirmed,2187.7985000000003,2178.4907480930324,3072.9659387897796,2204.5024534325426,9.307751906967951,10.743732858321911,179.46281335708292,1.7946281335708292,ladder_lock_1.80R,1520,3.1222899246211515,2024-03-27 12:35:00+00:00,2024-03-28 13:55:00+00:00,2024-01-03 00:00:00+00:00
1711544400000,1711544700000,1711634400000,1,dip_unconfirmed,2186.5049999999997,2177.319230372101,3059.5461931619348,2202.989385330217,9.18576962789848,10.886404084888637,179.45567979575554,1.7945567979575554,ladder_lock_1.80R,1495,3.304567959967948,2024-03-27 13:05:00+00:00,2024-03-28 14:00:00+00:00,2024-01-03 00:00:00+00:00
1711634400000,1711634700000,1711922700000,1,dip_unconfirmed,2207.1220000000008,2195.9311177553595,3275.319342219417,2238.8875000000003,11.190882244641216,8.935845969417226,283.8516151415186,2.838516151415186,timeout,4800,2.6092670230697728,2024-03-28 14:05:00+00:00,2024-03-31 22:05:00+00:00,2024-01-03 00:00:00+00:00
1711636200000,1711636500000,1711922700000,1,dip_unconfirmed,2206.915,2195.7704664871194,3269.2238177751715,2238.8875000000003,11.144533512880571,8.973009043799143,286.88953165287086,2.8688953165287088,timeout,4770,2.638692769510028,2024-03-28 14:35:00+00:00,2024-03-31 22:05:00+00:00,2024-01-03 00:00:00+00:00
1711652400000,1711652700000,1711922700000,1,dip_unconfirmed,2220.895,2210.435996617911,3222.836334826801,2238.8875000000003,10.459003382089122,9.56114042101262,172.02881902507235,1.7202881902507234,timeout,4500,1.4749971327496296,2024-03-28 19:05:00+00:00,2024-03-31 22:05:00+00:00,2024-01-03 00:00:00+00:00
1711654200000,1711654500000,1711922700000,1,dip_unconfirmed,2219.9750000000004,2209.6719254309173,3198.979382339176,2238.8875000000003,10.303074569083037,9.705840652660626,183.56171134344322,1.8356171134344321,timeout,4470,1.5866137714904085,2024-03-28 19:35:00+00:00,2024-03-31 22:05:00+00:00,2024-01-03 00:00:00+00:00
1711947600000,1711947900000,1711964700000,1,dip_unconfirmed,2260.775,2249.5230176685423,3339.7212508143543,2249.473017668542,11.251982331457839,8.887322878247332,-100.44436614391398,-1.0044436614391399,stop,280,0.20796335535096008,2024-04-01 05:05:00+00:00,2024-04-01 09:45:00+00:00,2024-01-03 00:00:00+00:00
1711949400000,1711949700000,1711968900000,1,dip_unconfirmed,2258.5,2247.603087835075,3300.7943043276114,2247.5530878350746,10.896912164925197,9.176911632074852,-100.45884558160542,-1.0045884558160543,stop,320,0.4235144718202344,2024-04-01 05:35:00+00:00,2024-04-01 10:55:00+00:00,2024-01-03 00:00:00+00:00
1711954800000,1711955100000,1711964700000,1,dip_unconfirmed,2260.7050000000004,2250.270785340255,3256.192251314778,2250.2207853402547,10.434214659745521,9.58385496761851,-100.47919274838267,-1.0047919274838266,stop,160,0.20154846996897996,2024-04-01 07:05:00+00:00,2024-04-01 09:45:00+00:00,2024-01-03 00:00:00+00:00
1711963800000,1711964100000,1711979400000,1,dip_unconfirmed,2253.52,2243.3152267829983,3215.642548483185,2243.265226782998,10.20477321700173,9.799335847404658,-100.48996679237202,-1.00489966792372,stop,255,0.39457025789574285,2024-04-01 09:35:00+00:00,2024-04-01 13:50:00+00:00,2024-01-03 00:00:00+00:00
1712016000000,1712016300000,1712070000000,1,dip_unconfirmed,2249.41,2239.4662042077066,3198.8457834370865,2257.315036633834,9.943795792293258,10.056521884480272,79.49717390577233,0.7949717390577233,ladder_lock_0.80R,895,2.740050235254937,2024-04-02 00:05:00+00:00,2024-04-02 15:00:00+00:00,2024-01-03 00:00:00+00:00
1712021400000,1712021700000,1712070000000,1,dip_unconfirmed,2249.6435,2240.0413172902076,3164.909588269421,2257.2752461678338,9.602182709792487,10.41429881333315,79.47928505932956,0.7947928505932955,ladder_lock_0.80R,805,2.813214538445676,2024-04-02 01:35:00+00:00,2024-04-02 15:00:00+00:00,2024-01-03 00:00:00+00:00
1712023200000,1712023500000,1712070300000,1,dip_unconfirmed,2249.3999999999996,2240.1864374837646,3126.5426891073193,2256.7208500129873,9.213562516235015,10.853565037822472,79.45732174810493,0.7945732174810494,ladder_lock_0.80R,780,2.958301954534127,2024-04-02 02:05:00+00:00,2024-04-02 15:05:00+00:00,2024-01-03 00:00:00+00:00
1712025000000,1712025300000,1712069400000,1,dip_unconfirmed,2248.637,2239.8060490920666,3090.3511398853702,2264.4827116342803,8.830950907933584,11.3238088448846,179.43380955775268,1.7943380955775268,ladder_lock_1.80R,735,3.172874619292427,2024-04-02 02:35:00+00:00,2024-04-02 14:50:00+00:00,2024-01-03 00:00:00+00:00
1712030400000,1712030700000,1712070000000,1,dip_unconfirmed,2252.11,2243.28543088749,3080.0923421385423,2259.1196552900083,8.82456911251029,11.33199805282656,79.43340009735765,0.7943340009735764,ladder_lock_0.80R,655,2.7816089020370627,2024-04-02 04:05:00+00:00,2024-04-02 15:00:00+00:00,2024-01-03 00:00:00+00:00
1712071800000,1712072100000,1712147100000,1,dip_unconfirmed,2255.8570000000004,2242.313026741469,3570.360352594558,2266.6421786068254,13.543973258531423,7.3833577555987455,79.63083211221871,0.7963083211221871,ladder_lock_0.80R,1250,2.374967772454657,2024-04-02 15:35:00+00:00,2024-04-03 12:25:00+00:00,2024-01-03 00:00:00+00:00
1712100600000,1712100900000,1712129400000,1,dip_unconfirmed,2282.2349999999997,2270.512860026272,3393.7268573990477,2270.4628600262718,11.722139973727735,8.530865543674206,-100.42654327718526,-1.0042654327718525,stop,475,0.46693692553305144,2024-04-02 23:35:00+00:00,2024-04-03 07:30:00+00:00,2024-01-03 00:00:00+00:00
1712120400000,1712120700000,1712128800000,1,dip_unconfirmed,2284.207,2274.8085065409405,3176.9578524469034,2274.7585065409403,9.39849345905941,10.64000314897361,-100.53200015745061,-1.005320001574506,stop,135,0.1620472479588828,2024-04-03 05:05:00+00:00,2024-04-03 07:20:00+00:00,2024-04-03 00:00:00+00:00
1712122200000,1712122500000,1712128800000,1,dip_unconfirmed,2284.0775,2274.8692560737304,3156.293648700689,2274.8192560737302,9.20824392626946,10.85983394887249,-100.5429916974456,-1.005429916974456,stop,105,0.1794587560051337,2024-04-03 05:35:00+00:00,2024-04-03 07:20:00+00:00,2024-04-03 00:00:00+00:00
1712131200000,1712131500000,1712178000000,1,dip_unconfirmed,2271.625,2261.9311256970377,3194.8185559932776,2300.706622908887,9.693874302962286,10.315792930123065,300.0,3.0,target,775,2.9079188690724225,2024-04-03 08:05:00+00:00,2024-04-03 21:00:00+00:00,2024-04-03 00:00:00+00:00
1712133000000,1712133300000,1712171100000,1,dip_unconfirmed,2269.885,2260.3662595758205,3179.240301993752,2298.441221272539,9.518740424179668,10.505591658532706,300.0,3.0,target,630,2.908262938831608,2024-04-03 08:35:00+00:00,2024-04-03 19:05:00+00:00,2024-04-03 00:00:00+00:00
1712187000000,1712187300000,1712217300000,1,dip_unconfirmed,2301.2299999999996,2291.8642790645727,3181.4363726073298,2291.8142790645725,9.365720935426907,10.67723463996654,-100.53386173200028,-1.0053386173200027,stop,500,0.3694323185428947,2024-04-03 23:35:00+00:00,2024-04-04 07:55:00+00:00,2024-04-03 00:00:00+00:00
1712188800000,1712189100000,1712232000000,1,dip_unconfirmed,2298.042,2288.7125448456745,3179.4580602782307,2288.6625448456743,9.329455154325387,10.718739556150533,-100.53593697780948,-1.005359369778095,stop,715,0.7125818056929022,2024-04-04 00:05:00+00:00,2024-04-04 12:00:00+00:00,2024-04-03 00:00:00+00:00
1712199600000,1712199900000,1712220600000,1,dip_unconfirmed,2300.0,2290.990891406988,3157.901750708201,2290.9408914069877,9.009108593012115,11.099877303906034,-100.55499386519732,-1.0055499386519733,stop,345,0.04179103804918966,2024-04-04 03:05:00+00:00,2024-04-04 08:50:00+00:00,2024-04-03 00:00:00+00:00
1712208600000,1712208900000,1712221500000,1,dip_unconfirmed,2298.8599999999997,2290.585,3090.585,2290.535,8.274999999999636,12.084592145015637,-100.60422960725299,-1.00604229607253,stop,210,0.0,2024-04-04 05:35:00+00:00,2024-04-04 09:05:00+00:00,2024-04-03 00:00:00+00:00
1712210400000,1712210700000,1712232300000,1,dip_unconfirmed,2295.695,2287.3450000000003,3087.3450000000003,2287.295,8.349999999999909,11.976047904191747,-100.59880239521176,-1.0059880239521177,stop,360,0.25443113772454146,2024-04-04 06:05:00+00:00,2024-04-04 12:05:00+00:00,2024-04-03 00:00:00+00:00
1712318400000,1712318700000,1712320500000,1,dip_unconfirmed,2291.507,2281.883913084508,3219.4926046337264,2281.833913084508,9.623086915491967,10.391675860166295,-100.51958379301021,-1.005195837930102,stop,30,0.4429971419188808,2024-04-05 12:05:00+00:00,2024-04-05 12:35:00+00:00,2024-04-03 00:00:00+00:00
1712343600000,1712343900000,1712527500000,1,dip_unconfirmed,2325.7050000000004,2312.2044031644086,3628.764086723521,2327.3295,13.50059683559175,7.407079940078579,12.03280136265353,0.1203280136265353,timeout,3060,0.30706049891593,2024-04-05 19:05:00+00:00,2024-04-07 22:05:00+00:00,2024-04-03 00:00:00+00:00
1712345400000,1712345700000,1712527500000,1,dip_unconfirmed,2323.37,2310.1412315098078,3599.0180805289897,2327.3295,13.228768490192124,7.559282640265457,29.93097961413058,0.2993097961413058,timeout,3030,0.489879311502412,2024-04-05 19:35:00+00:00,2024-04-07 22:05:00+00:00,2024-04-03 00:00:00+00:00
1712530800000,1712531100000,1712544000000,1,dip_unconfirmed,2308.312,2293.435724197825,3720.3633044153003,2352.9408274065245,14.87627580217486,6.722112532047863,300.0,3.0,target,215,1.8141301195864292,2024-04-07 23:05:00+00:00,2024-04-08 02:40:00+00:00,2024-04-03 00:00:00+00:00
1712536200000,1712536500000,1712544000000,1,dip_unconfirmed,2308.0775,2293.927606072384,3667.316998833983,2350.527181782847,14.149893927615722,7.067190786839357,300.0,3.0,target,125,1.9238306759934245,2024-04-08 00:35:00+00:00,2024-04-08 02:40:00+00:00,2024-04-03 00:00:00+00:00
1712538000000,1712538300000,1712544000000,1,dip_unconfirmed,2306.6949999999997,2293.038027067214,3619.235320345838,2347.665918798357,13.65697293278572,7.322266837033426,300.0,3.0,target,95,2.0944978173992532,2024-04-08 01:05:00+00:00,2024-04-08 02:40:00+00:00,2024-04-03 00:00:00+00:00
1712556000000,1712556300000,1712585400000,1,dip_unconfirmed,2335.2595,2318.859654192584,3906.7442349341736,2318.809654192584,16.399845807416114,6.09761830533671,-100.30488091526794,-1.0030488091526795,stop,485,0.4846691909997142,2024-04-08 06:05:00+00:00,2024-04-08 14:10:00+00:00,2024-04-03 00:00:00+00:00
1712561400000,1712561700000,1712585100000,1,dip_unconfirmed,2336.5365000000006,2321.2589164581295,3816.71727064518,2321.2089164581294,15.277583541871081,6.54553776295389,-100.32727688814889,-1.0032727688814889,stop,390,0.43668555185546376,2024-04-08 07:35:00+00:00,2024-04-08 14:05:00+00:00,2024-04-03 00:00:00+00:00
1712575800000,1712576100000,1712579100000,1,dip_unconfirmed,2340.5849999999996,2328.167041247894,3531.6129164585277,2328.1170412478937,12.417958752105733,8.052853290645924,-100.40264266453376,-1.0040264266453376,stop,50,0.03257379156070729,2024-04-08 11:35:00+00:00,2024-04-08 12:25:00+00:00,2024-04-03 00:00:00+00:00
1712577600000,1712577900000,1712579400000,1,dip_unconfirmed,2337.8759999999997,2325.581859730187,3511.895886711486,2325.5318597301866,12.294140269812942,8.133956324342599,-100.40669781621861,-1.004066978162186,stop,25,0.0,2024-04-08 12:05:00+00:00,2024-04-08 12:30:00+00:00,2024-04-03 00:00:00+00:00
1712579400000,1712579700000,1712752800000,1,dip_unconfirmed,2327.2369999999996,2313.628155463745,3634.5126090892404,2337.9385,13.608844536254765,7.348162419931692,78.63636013690326,0.7863636013690326,timeout,2885,2.777458431485798,2024-04-08 12:35:00+00:00,2024-04-10 12:40:00+00:00,2024-04-03 00:00:00+00:00
1712586600000,1712586900000,1712760000000,1,dip_unconfirmed,2326.57,2312.0090446740946,3727.1045772646253,2348.9585000000006,14.560955325905525,6.867681258666395,153.75708185965587,1.5375708185965586,timeout,2885,2.6416535961460075,2024-04-08 14:35:00+00:00,2024-04-10 14:40:00+00:00,2024-04-03 00:00:00+00:00
1712608200000,1712608500000,1712754900000,1,dip_unconfirmed,2338.55,2327.563802086359,3384.683593450485,2327.5138020863587,10.986197913641263,9.102330104196714,-100.45511650521149,-1.0045511650521148,stop,2440,2.41075212809647,2024-04-08 20:35:00+00:00,2024-04-10 13:15:00+00:00,2024-04-03 00:00:00+00:00
1712635200000,1712635500000,1712752500000,1,dip_unconfirmed,2344.452,2335.31912255709,3208.4068668481245,2335.2691225570898,9.132877442910285,10.949451651475789,-100.54747258257578,-1.0054747258257577,stop,1950,2.253725633423221,2024-04-09 04:05:00+00:00,2024-04-10 12:35:00+00:00,2024-04-03 00:00:00+00:00
1712658600000,1712658900000,1712665800000,1,dip_unconfirmed,2357.9919999999997,2347.7587215995745,3313.3865616421276,2347.7087215995743,10.233278400425206,9.772039427349585,-100.48860197136926,-1.0048860197136926,stop,115,0.05394165763898286,2024-04-09 10:35:00+00:00,2024-04-09 12:30:00+00:00,2024-04-03 00:00:00+00:00
1712665800000,1712666100000,1712752500000,1,dip_unconfirmed,2348.2835,2337.497533829796,3380.0941508501915,2337.4475338297957,10.78596617020412,9.27130666108028,-100.4635653330557,-1.004635653330557,stop,1440,1.4531382495244483,2024-04-09 12:35:00+00:00,2024-04-10 12:35:00+00:00,2024-04-03 00:00:00+00:00
1712894400000,1712894700000,1712933700000,1,dip_unconfirmed,2384.645,2372.735036689922,3527.731367697729,2420.3748899302345,11.909963310078183,8.396331491246512,300.0,3.0,target,650,2.958993162487647,2024-04-12 04:05:00+00:00,2024-04-12 14:55:00+00:00,2024-04-03 00:00:00+00:00
1712912400000,1712912700000,1712934300000,1,dip_unconfirmed,2397.2135,2386.0297460490733,3465.055141141702,2430.7647618527794,11.18375395092653,8.94154149302573,300.0,3.0,target,360,2.8228446493482373,2024-04-12 09:05:00+00:00,2024-04-12 15:05:00+00:00,2024-04-03 00:00:00+00:00
1712914200000,1712914500000,1712934000000,1,dip_unconfirmed,2395.12,2384.2426213312824,3442.48048820301,2427.7521360061523,10.877378668717483,9.193391445274624,300.0,3.0,target,325,2.6365267656330817,2024-04-12 09:35:00+00:00,2024-04-12 15:00:00+00:00,2024-04-03 00:00:00+00:00
1712921400000,1712921700000,1712934000000,1,dip_unconfirmed,2393.99,2383.308257622937,3416.9824953292014,2426.0352271311876,10.68174237706262,9.361768564530676,300.0,3.0,target,205,2.790602782558135,2024-04-12 11:35:00+00:00,2024-04-12 15:00:00+00:00,2024-04-03 00:00:00+00:00
1712941200000,1712941500000,1712944200000,1,dip_unconfirmed,2369.762,2346.39897155693,4639.501815863896,2346.34897155693,23.363028443070107,4.280267014341704,-100.21401335071786,-1.0021401335071787,stop,45,0.12695271964535096,2024-04-12 17:05:00+00:00,2024-04-12 17:50:00+00:00,2024-04-03 00:00:00+00:00
1712943000000,1712943300000,1713132300000,1,dip_unconfirmed,2357.7825000000003,2332.9249735885783,4762.427614730762,2358.6130000000003,24.857526411421986,4.022926430606152,3.341040400618526,0.03341040400618526,timeout,3150,0.015307235068446603,2024-04-12 17:35:00+00:00,2024-04-14 22:05:00+00:00,2024-04-03 00:00:00+00:00
1712944800000,1712945100000,1713132300000,1,dip_unconfirmed,2355.6165,2330.908404046537,4760.517999392847,2358.6130000000003,24.70809595346327,4.047256421067251,12.127603865728814,0.12127603865728814,timeout,3120,0.029281900206405517,2024-04-12 18:05:00+00:00,2024-04-14 22:05:00+00:00,2024-04-03 00:00:00+00:00
1712946600000,1712946900000,1713132300000,1,dip_unconfirmed,2346.24,2321.6259823289274,4747.527749436215,2358.6130000000003,24.61401767107236,4.0627256117364805,50.268103994017515,0.5026810399401751,timeout,3090,0.04976838874378667,2024-04-12 18:35:00+00:00,2024-04-14 22:05:00+00:00,2024-04-03 00:00:00+00:00
1712948400000,1712948700000,1713132300000,1,dip_unconfirmed,2339.345,2314.59812644829,4743.2854816193385,2358.6130000000003,24.746873551709996,4.040914493341727,77.86034045771036,0.7786034045771036,timeout,3060,0.231483786751106,2024-04-12 19:05:00+00:00,2024-04-14 22:05:00+00:00,2024-04-03 00:00:00+00:00
1713214800000,1713218700000,1713254100000,1,dip_unconfirmed,2383.3804999999998,2366.015454969414,4069.9699580280467,2365.9654549694137,17.36504503058586,5.758695115611007,-100.28793475578159,-1.002879347557816,stop,590,0.48514127001468016,2024-04-15 22:05:00+00:00,2024-04-16 07:55:00+00:00,2024-04-03 00:00:00+00:00
1713231000000,1713231300000,1713254100000,1,dip_unconfirmed,2382.4535000000005,2367.385295631934,3833.5057324385853,2367.3352956319336,15.068204368066745,6.636490822484778,-100.33182454112544,-1.0033182454112544,stop,380,0.4335619454328637,2024-04-16 01:35:00+00:00,2024-04-16 07:55:00+00:00,2024-04-03 00:00:00+00:00
1713241800000,1713242100000,1713249600000,1,dip_unconfirmed,2387.2900000000004,2374.058177843811,3656.5903934627086,2374.0081778438107,13.231822156189537,7.557538094118227,-100.37787690470729,-1.003778769047073,stop,125,0.10943315160278738,2024-04-16 04:35:00+00:00,2024-04-16 06:40:00+00:00,2024-04-03 00:00:00+00:00
1713243600000,1713243900000,1713249900000,1,dip_unconfirmed,2386.6320000000005,2373.866986569253,3606.1683296439414,2373.816986569253,12.76501343074733,7.8339126349156905,-100.39169563174721,-1.0039169563174721,stop,100,0.16498220009127057,2024-04-16 05:05:00+00:00,2024-04-16 06:45:00+00:00,2024-04-03 00:00:00+00:00
1713249000000,1713249300000,1713249900000,1,dip_unconfirmed,2381.87,2369.671963371957,3545.475626176281,2369.621963371957,12.1980366280427,8.198040639598082,-100.4099020319814,-1.0040990203198141,stop,10,0.0,2024-04-16 06:35:00+00:00,2024-04-16 06:45:00+00:00,2024-04-03 00:00:00+00:00
1713312000000,1713312300000,1713372000000,1,dip_unconfirmed,2383.1749999999997,2369.1356198517847,3732.073634673292,2369.0856198517845,14.03938014821506,7.122821587868594,-100.35614107939473,-1.0035614107939472,stop,995,0.8618257980241791,2024-04-17 00:05:00+00:00,2024-04-17 16:40:00+00:00,2024-04-03 00:00:00+00:00
1713313800000,1713314100000,1713372000000,1,dip_unconfirmed,2382.285,2368.7327184338,3685.46087505377,2368.6827184338,13.552281566199781,7.378831343749979,-100.36894156718884,-1.0036894156718885,stop,965,0.9584732973964134,2024-04-17 00:35:00+00:00,2024-04-17 16:40:00+00:00,2024-04-03 00:00:00+00:00
1713324600000,1713324900000,1713372000000,1,dip_unconfirmed,2381.74,2370.3997571398468,3465.2740431551747,2370.3497571398466,11.340242860153012,8.818153299994734,-100.44090766500133,-1.0044090766500133,stop,785,1.1934929583878056,2024-04-17 03:35:00+00:00,2024-04-17 16:40:00+00:00,2024-04-03 00:00:00+00:00
1713331800000,1713332100000,1713372000000,1,dip_unconfirmed,2380.065,2370.3773345785917,3305.493876719461,2370.3273345785915,9.687665421408383,10.322404382279142,-100.51612021911583,-1.0051612021911582,stop,665,1.5699860945227393,2024-04-17 05:35:00+00:00,2024-04-17 16:40:00+00:00,2024-04-03 00:00:00+00:00
1713441600000,1713441900000,1713451200000,1,dip_unconfirmed,2381.3820000000005,2372.985,3172.985,2372.935,8.39700000000039,11.909015124448656,-100.5954507562246,-1.005954507562246,stop,155,1.314933904965922,2024-04-18 12:05:00+00:00,2024-04-18 14:40:00+00:00,2024-04-03 00:00:00+00:00
1713450600000,1713450900000,1713491100000,1,dip_unconfirmed,2377.475,2365.8138480668304,3501.9290413838194,2412.4584557995086,11.661151933169549,8.575482128446945,300.0,3.0,target,670,2.732620257640251,2024-04-18 14:35:00+00:00,2024-04-19 01:45:00+00:00,2024-04-03 00:00:00+00:00
1713466800000,1713467100000,1713491400000,1,dip_unconfirmed,2382.0370000000003,2370.352113759693,3497.140737790389,2417.0916587209217,11.68488624030715,8.558063633948684,300.0,3.0,target,405,2.8148327098420687,2024-04-18 19:05:00+00:00,2024-04-19 01:50:00+00:00,2024-04-03 00:00:00+00:00
1713468600000,1713468900000,1713491100000,1,dip_unconfirmed,2379.0849999999996,2367.365534205429,3513.3121136625023,2414.2433973837115,11.719465794570624,8.532812139468664,300.0,3.0,target,370,2.58164497685696,2024-04-18 19:35:00+00:00,2024-04-19 01:45:00+00:00,2024-04-03 00:00:00+00:00
1713486600000,1713486900000,1713490500000,1,dip_unconfirmed,2375.565,2366.4077968904835,3241.6781078421495,2403.0366093285497,9.157203109516558,10.920364963410684,300.0,3.0,target,60,2.3506085583741103,2024-04-19 00:35:00+00:00,2024-04-19 01:35:00+00:00,2024-04-03 00:00:00+00:00
1713495600000,1713495900000,1713496800000,1,dip_unconfirmed,2400.9199999999996,2385.544394419658,3882.6049524538394,2385.494394419658,15.375605580341471,6.503808872923699,-100.32519044364737,-1.0032519044364738,stop,15,0.08357394401708965,2024-04-19 03:05:00+00:00,2024-04-19 03:20:00+00:00,2024-04-03 00:00:00+00:00
1713497400000,1713497700000,1713737100000,1,dip_unconfirmed,2386.49,2369.2838662468257,4040.2472415642733,2383.761,17.206133753174072,5.81188089285617,-15.86062295660341,-0.1586062295660341,timeout,3990,0.8813717374016624,2024-04-19 03:35:00+00:00,2024-04-21 22:05:00+00:00,2024-04-03 00:00:00+00:00
1713502800000,1713503100000,1713737100000,1,dip_unconfirmed,2384.105,2367.159787771238,4015.181010647481,2383.761,16.945212228762102,5.901371942114961,-2.0300719480878473,-0.020300719480878474,timeout,3900,1.0356907758411864,2024-04-19 05:05:00+00:00,2024-04-21 22:05:00+00:00,2024-04-03 00:00:00+00:00
1713513600000,1713513900000,1713737100000,1,dip_unconfirmed,2385.835,2370.064037011351,3908.16033587627,2383.761,15.77096298864899,6.3407668936877295,-13.15075053750879,-0.1315075053750879,timeout,3720,1.0031093225814092,2024-04-19 08:05:00+00:00,2024-04-21 22:05:00+00:00,2024-04-03 00:00:00+00:00
1713515400000,1713515700000,1713737100000,1,dip_unconfirmed,2381.4500000000003,2365.7131057962542,3899.2525261708247,2383.761,15.736894203746033,6.35449401294163,14.685235663906164,0.14685235663906165,timeout,3690,1.2839255153148517,2024-04-19 08:35:00+00:00,2024-04-21 22:05:00+00:00,2024-04-03 00:00:00+00:00
1713520800000,1713521100000,1713737100000,1,dip_unconfirmed,2381.4799999999996,2366.880065209319,3785.723544277438,2383.761,14.599934790680436,6.849345660354108,15.623357451270486,0.15623357451270486,timeout,3600,1.3818554869764847,2024-04-19 10:05:00+00:00,2024-04-21 22:05:00+00:00,2024-04-03 00:00:00+00:00
1713740400000,1713740700000,1713755100000,1,dip_unconfirmed,2384.5475,2371.8547777894855,3568.376998840915,2371.8047777894853,12.692722210514603,7.878530573777183,-100.3939265286903,-1.003939265286903,stop,240,0.2365528804776642,2024-04-21 23:05:00+00:00,2024-04-22 03:05:00+00:00,2024-04-03 00:00:00+00:00
1713745800000,1713746100000,1713752700000,1,dip_unconfirmed,2384.292,2372.976686152879,3467.3080708649695,2372.926686152879,11.315313847120706,8.837580764535842,-100.44187903822841,-1.004418790382284,stop,110,0.0,2024-04-22 00:35:00+00:00,2024-04-22 02:25:00+00:00,2024-04-03 00:00:00+00:00
1713747600000,1713747900000,1713755100000,1,dip_unconfirmed,2382.565,2371.5983514276736,3436.7632086603267,2371.5483514276734,10.966648572326449,9.118556078503586,-100.45592780392684,-1.0045592780392685,stop,120,0.12993942411869266,2024-04-22 01:05:00+00:00,2024-04-22 03:05:00+00:00,2024-04-03 00:00:00+00:00
1713749400000,1713749700000,1713755700000,1,dip_unconfirmed,2379.5649999999996,2368.464897754268,3436.9751223274516,2368.4148977542677,11.100102245731705,9.008926024843849,-100.45044630124383,-1.0045044630124382,stop,100,0.0,2024-04-22 01:35:00+00:00,2024-04-22 03:15:00+00:00,2024-04-03 00:00:00+00:00
1714132800000,1714133100000,1714139400000,1,dip_unconfirmed,2345.3949999999995,2336.856522208307,3149.2043013775956,2336.806522208307,8.538477791692458,11.711689418141411,-100.5855844709092,-1.005855844709092,stop,105,0.6823815839480238,2024-04-26 12:05:00+00:00,2024-04-26 13:50:00+00:00,2024-04-03 00:00:00+00:00
1714134600000,1714134900000,1714142400000,1,dip_unconfirmed,2343.6455,2335.1082706219995,3143.93120842206,2335.0582706219993,8.537229378000575,11.713402038568638,-100.58567010193056,-1.0058567010193056,stop,125,0.8874073384419093,2024-04-26 12:35:00+00:00,2024-04-26 14:40:00+00:00,2024-04-03 00:00:00+00:00
1714140000000,1714140300000,1714142400000,1,dip_unconfirmed,2341.9620000000004,2331.5436111722056,3330.6824939516246,2331.4936111722054,10.418388827794843,9.598413118659348,-100.47992065593472,-1.0047992065593472,stop,35,0.28838432215007714,2024-04-26 14:05:00+00:00,2024-04-26 14:40:00+00:00,2024-04-03 00:00:00+00:00
1714141800000,1714142100000,1714143300000,1,dip_unconfirmed,2340.3525,2329.6870675170485,3355.0303158122288,2329.6370675170483,10.665432482951474,9.376084857304045,-100.46880424286691,-1.004688042428669,stop,20,0.0,2024-04-26 14:35:00+00:00,2024-04-26 14:55:00+00:00,2024-04-03 00:00:00+00:00
1714165200000,1714341900000,1714352700000,1,dip_unconfirmed,2337.2550000000006,2328.879141128246,3220.965028303663,2328.8291411282457,8.375858871754644,11.939074133307498,-100.59695370666755,-1.0059695370666755,stop,180,0.0,2024-04-28 22:05:00+00:00,2024-04-29 01:05:00+00:00,2024-04-03 00:00:00+00:00
1714343400000,1714343700000,1714352700000,1,dip_unconfirmed,2335.765,2326.2392024762285,3228.3189548533996,2326.1892024762283,9.525797523771416,10.497808687456585,-100.52489043437474,-1.0052489043437474,stop,150,0.08240779819651892,2024-04-28 22:35:00+00:00,2024-04-29 01:05:00+00:00,2024-04-03 00:00:00+00:00
1714345200000,1714345500000,1714352700000,1,dip_unconfirmed,2335.3185,2326.1385451564975,3194.284029506731,2326.0885451564973,9.1799548435024,10.893299771597492,-100.54466498858186,-1.0054466498858186,stop,120,0.13415098668720885,2024-04-28 23:05:00+00:00,2024-04-29 01:05:00+00:00,2024-04-03 00:00:00+00:00
1714350600000,1714350900000,1714352700000,1,dip_unconfirmed,2334.7935,2326.295,3126.295,2326.245,8.49850000000015,11.766782373359797,-100.58833911867012,-1.0058833911867011,stop,30,0.0,2024-04-29 00:35:00+00:00,2024-04-29 01:05:00+00:00,2024-04-03 00:00:00+00:00
1714352400000,1714352700000,1714352700000,1,dip_unconfirmed,2332.56,2324.1585,3124.1585,2324.1085,8.401499999999942,11.902636433970207,-100.59513182170068,-1.0059513182170068,stop,0,0.0,2024-04-29 01:05:00+00:00,2024-04-29 01:05:00+00:00,2024-04-03 00:00:00+00:00
1714388400000,1714388700000,1714394100000,1,dip_unconfirmed,2341.732,2332.9434355993803,3169.59987566135,2332.89343559938,8.788564400619634,11.378422623033806,-100.56892113115376,-1.0056892113115377,stop,90,0.10860704393683782,2024-04-29 11:05:00+00:00,2024-04-29 12:35:00+00:00,2024-04-03 00:00:00+00:00
1714393800000,1714394100000,1714451700000,1,dip_unconfirmed,2334.362,2325.2490703395915,3190.34203638045,2325.1990703395913,9.112929660408554,10.973419495867892,-100.54867097479539,-1.0054867097479538,stop,960,1.3248209357361158,2024-04-29 12:35:00+00:00,2024-04-30 04:35:00+00:00,2024-04-03 00:00:00+00:00
1714435200000,1714435500000,1714451700000,1,dip_unconfirmed,2333.58,2325.205,3125.205,2325.1549999999997,8.375,11.940298507462687,-100.59701492537532,-1.0059701492537532,stop,270,0.2746268656716092,2024-04-30 00:05:00+00:00,2024-04-30 04:35:00+00:00,2024-04-03 00:00:00+00:00
1714998600000,1714998900000,1715132400000,1,dip_unconfirmed,2317.11,2308.099419972896,3172.6574226832568,2308.049419972896,9.01058002710397,11.09806468609106,-100.55490323430656,-1.0055490323430656,stop,2225,1.631360018531924,2024-05-06 12:35:00+00:00,2024-05-08 01:40:00+00:00,2024-04-03 00:00:00+00:00
1715007600000,1715007900000,1715083500000,1,dip_unconfirmed,2321.6145,2309.8392017648835,3444.3690252765555,2309.7892017648833,11.77529823511668,8.492353909285859,-100.42461769546584,-1.0042461769546585,stop,1260,0.6740381297800099,2024-05-06 15:05:00+00:00,2024-05-07 12:05:00+00:00,2024-04-03 00:00:00+00:00
1715025600000,1715025900000,1715069700000,1,dip_unconfirmed,2325.4964999999997,2315.948994026755,3231.399591351273,2315.8989940267547,9.547505973244824,10.473939506320509,-100.52369697531793,-1.0052369697531793,stop,730,0.4247182469813271,2024-05-06 20:05:00+00:00,2024-05-07 08:15:00+00:00,2024-04-03 00:00:00+00:00
1715027400000,1715027700000,1715069700000,1,dip_unconfirmed,2325.4325000000003,2315.752744453415,3242.6282991118956,2315.7027444534147,9.679755546585511,10.330839401752716,-100.5165419700895,-1.005165419700895,stop,700,0.42552727495816206,2024-05-06 20:35:00+00:00,2024-05-07 08:15:00+00:00,2024-04-03 00:00:00+00:00
1715047200000,1715047500000,1715069700000,1,dip_unconfirmed,2323.245,2314.865,3114.865,2314.8149999999996,8.38000000000011,11.93317422434352,-100.59665871121935,-1.0059665871121934,stop,370,0.17559665871117322,2024-05-07 02:05:00+00:00,2024-05-07 08:15:00+00:00,2024-04-03 00:00:00+00:00
1715070600000,1715070900000,1715132400000,1,dip_unconfirmed,2316.0205,2307.6185,3107.6185,2307.5685,8.402000000000044,11.90192811235414,-100.59509640561987,-1.0059509640561988,stop,1025,0.8695548678885981,2024-05-07 08:35:00+00:00,2024-05-08 01:40:00+00:00,2024-04-03 00:00:00+00:00
1715076000000,1715076300000,1715155200000,1,dip_unconfirmed,2314.3065,2305.8734999999997,3105.8734999999997,2305.8234999999995,8.433000000000447,11.858176212497888,-100.59290881062705,-1.0059290881062706,stop,1315,1.0696074943673073,2024-05-07 10:05:00+00:00,2024-05-08 08:00:00+00:00,2024-04-03 00:00:00+00:00
1715187600000,1715187900000,1715197200000,1,dip_unconfirmed,2317.525,2308.45165776545,3173.2858812204904,2308.4016577654497,9.073342234550182,11.021297049637583,-100.55106485248389,-1.0055106485248388,stop,155,0.0,2024-05-08 17:05:00+00:00,2024-05-08 19:40:00+00:00,2024-04-03 00:00:00+00:00
1715189400000,1715189700000,1715283900000,1,dip_unconfirmed,2315.0449999999996,2306.094396496489,3164.1547468476033,2341.8968105105314,8.950603503510592,11.172430994265152,300.0,3.0,target,1570,2.9461700531877084,2024-05-08 17:35:00+00:00,2024-05-09 19:45:00+00:00,2024-04-03 00:00:00+00:00
1715308200000,1715308500000,1715337300000,1,dip_unconfirmed,2349.6699999999996,2340.686880084061,3195.3488716779807,2376.619359747815,8.98311991593846,11.131989880550657,300.0,3.0,target,480,2.8967107467675213,2024-05-10 02:35:00+00:00,2024-05-10 10:35:00+00:00,2024-04-03 00:00:00+00:00
1715328000000,1715328300000,1715353200000,1,dip_unconfirmed,2367.145,2358.2751355814335,3204.761577438068,2358.2251355814333,8.869864418566522,11.27412948845967,-100.56370647442503,-1.0056370647442503,stop,415,1.2435364825770727,2024-05-10 08:05:00+00:00,2024-05-10 15:00:00+00:00,2024-04-03 00:00:00+00:00
1715340600000,1715340900000,1715345700000,1,dip_unconfirmed,2373.0615,2364.0996000656414,3214.789593501496,2364.0496000656412,8.961899934358371,11.158348199874151,-100.55791740999574,-1.0055791740999573,stop,80,0.259264220424123,2024-05-10 11:35:00+00:00,2024-05-10 12:55:00+00:00,2024-04-03 00:00:00+00:00
1715342400000,1715342700000,1715345700000,1,dip_unconfirmed,2372.6005,2363.8156643466673,3208.5992296799627,2363.765664346667,8.78483565333272,11.383252225334779,-100.56916261126881,-1.005691626112688,stop,50,0.3169666582144705,2024-05-10 12:05:00+00:00,2024-05-10 12:55:00+00:00,2024-04-03 00:00:00+00:00
1715344200000,1715344500000,1715353200000,1,dip_unconfirmed,2368.5669999999996,2358.8136526076196,3287.4483918456854,2358.7636526076194,9.753347392379965,10.25289021060886,-100.51264451053231,-1.005126445105323,stop,145,0.421650109911308,2024-05-10 12:35:00+00:00,2024-05-10 15:00:00+00:00,2024-04-03 00:00:00+00:00
1715346000000,1715346300000,1715551500000,1,dip_unconfirmed,2365.2174999999997,2355.1286059927893,3333.2680067138544,2360.91,10.088894007210456,9.91188924460211,-42.695462921122505,-0.42695462921122507,timeout,3420,0.7396251754322084,2024-05-10 13:05:00+00:00,2024-05-12 22:05:00+00:00,2024-04-03 00:00:00+00:00
1715351400000,1715351700000,1715551500000,1,dip_unconfirmed,2361.2405,2348.9001448127397,3528.88566353874,2360.91,12.34035518726023,8.103494468557653,-2.67820492185854,-0.026782049218585402,timeout,3330,0.761931067406145,2024-05-10 14:35:00+00:00,2024-05-12 22:05:00+00:00,2024-04-03 00:00:00+00:00
1715353200000,1715353500000,1715551500000,1,dip_unconfirmed,2361.2,2348.6151344689724,3565.1016875716864,2360.91,12.58486553102739,7.946052323996211,-2.304355173958612,-0.02304355173958612,timeout,3300,0.750345720954979,2024-05-10 15:05:00+00:00,2024-05-12 22:05:00+00:00,2024-04-03 00:00:00+00:00
1715367600000,1715367900000,1715551500000,1,dip_unconfirmed,2367.7965,2357.0545085469003,3392.1036538568587,2360.91,10.741991453099672,9.309260804815139,-64.1082245323601,-0.6410822453236009,timeout,3060,0.0,2024-05-10 19:05:00+00:00,2024-05-12 22:05:00+00:00,2024-04-03 00:00:00+00:00
1715369400000,1715369700000,1715551500000,1,dip_unconfirmed,2364.427,2353.706829364979,3381.873892867075,2360.91,10.720170635021077,9.328209727680644,-32.807313612255435,-0.32807313612255434,timeout,3030,0.03288193929002846,2024-05-10 19:35:00+00:00,2024-05-12 22:05:00+00:00,2024-04-03 00:00:00+00:00
1715553000000,1715553300000,1715578200000,1,dip_unconfirmed,2361.7149999999997,2351.8313717459696,3284.6941971490155,2351.7813717459694,9.8836282540301,10.11774192935924,-100.5058870964698,-1.0050588709646981,stop,415,0.2481882095272256,2024-05-12 22:35:00+00:00,2024-05-13 05:30:00+00:00,2024-04-03 00:00:00+00:00
1715558400000,1715558700000,1715577900000,1,dip_unconfirmed,2360.892,2352.335066955501,3166.4783714053865,2352.285066955501,8.556933044498692,11.686430112280785,-100.58432150561617,-1.0058432150561618,stop,320,0.38284745047835295,2024-05-13 00:05:00+00:00,2024-05-13 05:25:00+00:00,2024-04-03 00:00:00+00:00
1715576400000,1715576700000,1715586300000,1,dip_unconfirmed,2354.7799999999997,2346.3900000000003,3146.3900000000003,2346.34,8.389999999999418,11.918951132301185,-100.59594755661723,-1.0059594755661723,stop,160,0.0,2024-05-13 05:05:00+00:00,2024-05-13 07:45:00+00:00,2024-04-03 00:00:00+00:00
1715578200000,1715578500000,1715589000000,1,dip_unconfirmed,2353.6355,2345.2015,3145.2015,2345.1515,8.433999999999742,11.856770215793581,-100.59283851079184,-1.0059283851079184,stop,175,0.0604102442494821,2024-05-13 05:35:00+00:00,2024-05-13 08:30:00+00:00,2024-04-03 00:00:00+00:00
1715580000000,1715580300000,1715589000000,1,dip_unconfirmed,2353.0715,2344.6865,3144.6865,2344.6364999999996,8.385000000000218,11.926058437686034,-100.59630292188648,-1.0059630292188648,stop,145,0.12802623732855567,2024-05-13 06:05:00+00:00,2024-05-13 08:30:00+00:00,2024-04-03 00:00:00+00:00
1715702400000,1715702700000,1715786100000,1,dip_unconfirmed,2348.4115,2337.878855219664,3351.6433332532733,2380.009434341009,10.53264478033634,9.494291517994846,300.0,3.0,target,1390,2.8724978987693506,2024-05-14 16:05:00+00:00,2024-05-15 15:15:00+00:00,2024-04-03 00:00:00+00:00
1715715000000,1715715300000,1715786700000,1,dip_unconfirmed,2356.582,2347.150762136207,3250.9245485155047,2384.8757135913784,9.43123786379283,10.603062020512372,300.0,3.0,target,1190,2.7868027908512563,2024-05-14 19:35:00+00:00,2024-05-15 15:25:00+00:00,2024-04-03 00:00:00+00:00
1715731200000,1715731500000,1715786100000,1,dip_unconfirmed,2356.317,2347.8935,3147.8935,2381.5874999999996,8.423499999999876,11.87154983083059,300.0,3.0,target,910,2.6532320294415137,2024-05-15 00:05:00+00:00,2024-05-15 15:15:00+00:00,2024-04-03 00:00:00+00:00
1715733000000,1715733300000,1715786100000,1,dip_unconfirmed,2356.2385000000004,2347.8265,3147.8265,2381.474500000001,8.412000000000262,11.887779362814657,300.0,3.0,target,880,2.666191155492057,2024-05-15 00:35:00+00:00,2024-05-15 15:15:00+00:00,2024-04-03 00:00:00+00:00
1715749200000,1715749500000,1715786400000,1,dip_unconfirmed,2357.507,2349.0985,3149.0985,2382.7325,8.408500000000004,11.892727597074384,300.0,3.0,target,615,2.8763156329904307,2024-05-15 05:05:00+00:00,2024-05-15 15:20:00+00:00,2024-04-03 00:00:00+00:00
1715799600000,1715799900000,1715866500000,1,dip_unconfirmed,2385.9214999999995,2372.933438648671,3634.2395737815787,2372.883438648671,12.98806135132827,7.699378474969488,-100.38496892374988,-1.0038496892374988,stop,1110,0.8592506378066537,2024-05-15 19:05:00+00:00,2024-05-16 13:35:00+00:00,2024-04-03 00:00:00+00:00
1715824800000,1715825100000,1715855700000,1,dip_unconfirmed,2392.115,2381.9967768593383,3348.1690909255017,2381.946776859338,10.118223140661485,9.883158199796574,-100.49415790999161,-1.004941579099916,stop,510,0.2037413062888312,2024-05-16 02:05:00+00:00,2024-05-16 10:35:00+00:00,2024-04-03 00:00:00+00:00
1715826600000,1715826900000,1715863200000,1,dip_unconfirmed,2390.8455000000004,2380.6114713693855,3348.464334430816,2380.5614713693853,10.23402863061483,9.771323064394466,-100.4885661532215,-1.004885661532215,stop,605,0.325482771274948,2024-05-16 02:35:00+00:00,2024-05-16 12:40:00+00:00,2024-04-03 00:00:00+00:00
1715828400000,1715828700000,1715864400000,1,dip_unconfirmed,2387.9905,2377.910651985858,3344.845453400051,2377.8606519858577,10.079848014142044,9.92078450584769,-100.49603922529418,-1.0049603922529418,stop,595,0.6136997295317529,2024-05-16 03:05:00+00:00,2024-05-16 13:00:00+00:00,2024-04-03 00:00:00+00:00
1715841000000,1715841300000,1715863200000,1,dip_unconfirmed,2388.3635,2379.8090189840827,3196.5571205757888,2379.7590189840826,8.55448101591719,11.689779872552355,-100.58448899362973,-1.0058448899362973,stop,365,0.3175528702378843,2024-05-16 06:35:00+00:00,2024-05-16 12:40:00+00:00,2024-04-03 00:00:00+00:00
1715977800000,1715978100000,1716156300000,1,dip_unconfirmed,2416.3550000000005,2405.839212525818,3419.9179599440454,2424.7695,10.515787474182616,9.509511317674564,80.01778298256698,0.8001778298256699,timeout,2970,0.5747073164835969,2024-05-17 20:35:00+00:00,2024-05-19 22:05:00+00:00,2024-04-03 00:00:00+00:00
1715979600000,1716156300000,1716329400000,1,dip_unconfirmed,2418.5570000000002,2404.4725544882594,3478.217105662332,2420.9380000000006,14.084445511740796,7.1000310176669705,16.90517385306728,0.1690517385306728,timeout,2885,2.213470169912722,2024-05-19 22:05:00+00:00,2024-05-21 22:10:00+00:00,2024-04-03 00:00:00+00:00
1716188400000,1716188700000,1716206700000,1,dip_unconfirmed,2439.2120000000004,2425.9442803802767,3715.3662423525943,2425.8942803802765,13.26771961972372,7.537090236014675,-100.37685451180211,-1.0037685451180212,stop,300,0.5740247923748423,2024-05-20 07:05:00+00:00,2024-05-20 12:05:00+00:00,2024-04-03 00:00:00+00:00
1716190200000,1716190500000,1716206700000,1,dip_unconfirmed,2438.045,2424.6400817816857,3723.1319036131154,2424.5900817816855,13.404918218314378,7.459948533171629,-100.37299742665994,-1.0037299742665993,stop,270,0.6552072796684569,2024-05-20 07:35:00+00:00,2024-05-20 12:05:00+00:00,2024-04-03 00:00:00+00:00
1716195600000,1716195900000,1716205500000,1,dip_unconfirmed,2440.6,2427.4791733507154,3695.0618382791554,2427.4291733507152,13.120826649284481,7.621471014972467,-100.38107355075,-1.0038107355075,stop,160,0.4746652148124903,2024-05-20 09:05:00+00:00,2024-05-20 11:45:00+00:00,2024-04-03 00:00:00+00:00
1716201000000,1716201300000,1716206700000,1,dip_unconfirmed,2440.1235,2427.3258924386014,3667.5866485784672,2427.275892438601,12.797607561398763,7.813960501619736,-100.39069802508241,-1.0039069802508243,stop,90,0.0,2024-05-20 10:35:00+00:00,2024-05-20 12:05:00+00:00,2024-04-03 00:00:00+00:00
1716249600000,1716249900000,1716258900000,1,dip_unconfirmed,2426.7305,2415.552524607828,3489.1500638250386,2415.502524607828,11.177975392171902,8.946163906393231,-100.44730819532128,-1.0044730819532128,stop,150,0.5398562609313181,2024-05-21 00:05:00+00:00,2024-05-21 02:35:00+00:00,2024-04-03 00:00:00+00:00
1716251400000,1716251700000,1716258900000,1,dip_unconfirmed,2426.39,2415.616522850126,3450.314237837535,2415.5665228501257,10.773477149873997,9.28205430882355,-100.46410271544286,-1.0046410271544286,stop,120,0.5917309621875435,2024-05-21 00:35:00+00:00,2024-05-21 02:35:00+00:00,2024-04-03 00:00:00+00:00
1716258600000,1716258900000,1716262200000,1,dip_unconfirmed,2419.247,2407.2774835907553,3559.5291245152544,2407.227483590755,11.969516409244534,8.354556406536693,-100.41772782032835,-1.0041772782032836,stop,55,0.07347832359552882,2024-05-21 02:35:00+00:00,2024-05-21 03:30:00+00:00,2024-04-03 00:00:00+00:00
1716260400000,1716260700000,1716387000000,1,dip_unconfirmed,2414.4184999999998,2402.0252347628434,3599.351758478454,2401.9752347628432,12.393265237156356,8.068898557919113,-100.40344492789741,-1.0040344492789741,stop,2105,1.5476954323945051,2024-05-21 03:05:00+00:00,2024-05-22 14:10:00+00:00,2024-04-03 00:00:00+00:00
1717480800000,1717481100000,1717488000000,1,dip_unconfirmed,2348.22,2339.81,3139.81,2339.7599999999998,8.409999999999854,11.890606420927673,-100.59453032104855,-1.0059453032104855,stop,115,0.38347205707496074,2024-06-04 06:05:00+00:00,2024-06-04 08:00:00+00:00,2024-04-03 00:00:00+00:00
1717486200000,1717486500000,1717488900000,1,dip_unconfirmed,2343.8849999999993,2335.4134999999997,3135.4134999999997,2335.3634999999995,8.47149999999965,11.80428495543931,-100.59021424777411,-1.0059021424777412,stop,40,0.0,2024-06-04 07:35:00+00:00,2024-06-04 08:15:00+00:00,2024-04-03 00:00:00+00:00
1717488000000,1717488300000,1717491900000,1,dip_unconfirmed,2340.195,2331.7799999999997,3131.7799999999997,2331.7299999999996,8.415000000000418,11.88354129530541,-100.59417706476742,-1.0059417706476743,stop,60,0.0,2024-06-04 08:05:00+00:00,2024-06-04 09:05:00+00:00,2024-04-03 00:00:00+00:00
1717489800000,1717490100000,1717492500000,1,dip_unconfirmed,2335.655,2327.25,3127.25,2327.2,8.4050000000002,11.897679952408996,-100.5948839976226,-1.005948839976226,stop,40,0.0,2024-06-04 08:35:00+00:00,2024-06-04 09:15:00+00:00,2024-04-03 00:00:00+00:00
1717617600000,1717617900000,1717732200000,1,dip_unconfirmed,2354.452,2345.921072668861,3162.8138057827723,2380.0447819934175,8.530927331139083,11.72205507307347,300.0,3.0,target,1905,2.9657971540383103,2024-06-05 20:05:00+00:00,2024-06-07 03:50:00+00:00,2024-04-03 00:00:00+00:00
1717619400000,1717619700000,1717721400000,1,dip_unconfirmed,2353.6420000000003,2345.3415,3145.3415,2378.543500000001,8.300500000000284,12.04746702005862,300.0,3.0,target,1695,2.9594000361422395,2024-06-05 20:35:00+00:00,2024-06-07 00:50:00+00:00,2024-04-03 00:00:00+00:00
1717632000000,1717632300000,1717732500000,1,dip_unconfirmed,2355.5969999999993,2347.1234999999997,3147.1234999999997,2381.017499999998,8.473499999999603,11.801498790346926,300.0,3.0,target,1670,2.950079660117074,2024-06-06 00:05:00+00:00,2024-06-07 03:55:00+00:00,2024-04-03 00:00:00+00:00
1717633800000,1717634100000,1717732200000,1,dip_unconfirmed,2355.3385,2346.9465,3146.9465,2380.5144999999993,8.391999999999825,11.916110581506445,300.0,3.0,target,1635,2.9092588179219288,2024-06-06 00:35:00+00:00,2024-06-07 03:50:00+00:00,2024-04-03 00:00:00+00:00
1717646400000,1717646700000,1717662900000,1,dip_unconfirmed,2368.972,2360.0355697946156,3210.628590333096,2359.9855697946155,8.936430205384568,11.190150619622797,-100.55950753098317,-1.0055950753098317,stop,270,0.234713409246521,2024-06-06 04:05:00+00:00,2024-06-06 08:35:00+00:00,2024-04-03 00:00:00+00:00
1717662600000,1717662900000,1717679100000,1,dip_unconfirmed,2362.8954999999996,2354.5335,3154.5335,2354.4835,8.361999999999625,11.958861516384177,-100.59794307582139,-1.005979430758214,stop,270,0.23792154986847927,2024-06-06 08:35:00+00:00,2024-06-06 13:05:00+00:00,2024-04-03 00:00:00+00:00
1717695000000,1717695300000,1717747500000,1,dip_unconfirmed,2372.0699999999997,2361.902394734978,3343.662921237199,2361.8523947349777,10.167605265021848,9.835157580715258,-100.49175787903755,-1.0049175787903755,stop,870,1.5104835012462665,2024-06-06 17:35:00+00:00,2024-06-07 08:05:00+00:00,2024-04-03 00:00:00+00:00
1717725600000,1717725900000,1717747500000,1,dip_unconfirmed,2371.5620000000004,2363.1035,3163.1035,2363.0535,8.458500000000186,11.822427144292464,-100.59112135721676,-1.0059112135721677,stop,360,1.8757462907133868,2024-06-07 02:05:00+00:00,2024-06-07 08:05:00+00:00,2024-04-03 00:00:00+00:00
1717740000000,1717740300000,1717747500000,1,dip_unconfirmed,2376.4049999999997,2366.937581107754,3276.1794703323512,2366.8875811077537,9.46741889224586,10.562540977446707,-100.52812704887425,-1.0052812704887426,stop,120,0.2777948277068599,2024-06-07 06:05:00+00:00,2024-06-07 08:05:00+00:00,2024-04-03 00:00:00+00:00
1717741800000,1717742100000,1717747500000,1,dip_unconfirmed,2374.305,2364.665111028629,3279.1540081657504,2364.6151110286287,9.639888971370965,10.373563460843284,-100.51867817304405,-1.0051867817304405,stop,90,0.49066955169788923,2024-06-07 06:35:00+00:00,2024-06-07 08:05:00+00:00,2024-04-03 00:00:00+00:00
1717747200000,1717747500000,1717747500000,1,dip_unconfirmed,2374.042,2364.8952077003996,3241.8744376604136,2364.8452077003994,9.146792299600293,10.932794440338382,-100.54663972201891,-1.0054663972201892,stop,0,0.0,2024-06-07 08:05:00+00:00,2024-06-07 08:05:00+00:00,2024-04-03 00:00:00+00:00
1718379000000,1718379300000,1718575500000,1,dip_unconfirmed,2327.7745,2317.0419386108133,3364.4980775295035,2330.831,10.732561389186685,9.31744029908391,28.47875627415129,0.2847875627415129,timeout,3270,0.6997863536626844,2024-06-14 15:35:00+00:00,2024-06-16 22:05:00+00:00,2024-04-03 00:00:00+00:00
1718380800000,1718381100000,1718575500000,1,dip_unconfirmed,2326.5985,2315.8754787100406,3345.677607705972,2330.831,10.723021289959433,9.325729875556211,39.471151698292346,0.39471151698292345,timeout,3240,0.8100795256401714,2024-06-14 16:05:00+00:00,2024-06-16 22:05:00+00:00,2024-04-03 00:00:00+00:00
1718395200000,1718395500000,1718575500000,1,dip_unconfirmed,2332.8415,2323.8342729742144,3190.9069755527717,2330.831,9.007227025785596,11.102196015901814,-22.320965089969103,-0.22320965089969103,timeout,3000,0.0,2024-06-14 20:05:00+00:00,2024-06-16 22:05:00+00:00,2024-04-03 00:00:00+00:00
1718397000000,1718397300000,1718575500000,1,dip_unconfirmed,2332.142,2323.4605391903424,3157.4066201561413,2330.831,8.681460809657437,11.518798758932128,-15.1011451729565,-0.15101145172956498,timeout,2970,0.06439008506240085,2024-06-14 20:35:00+00:00,2024-06-16 22:05:00+00:00,2024-04-03 00:00:00+00:00
1718578800000,1718579100000,1718601300000,1,dip_unconfirmed,2329.449,2320.8644999999997,3120.8644999999997,2320.8144999999995,8.58450000000039,11.648902090977398,-100.582445104551,-1.0058244510455099,stop,370,0.0,2024-06-16 23:05:00+00:00,2024-06-17 05:15:00+00:00,2024-04-03 00:00:00+00:00
1718580600000,1718580900000,1718602500000,1,dip_unconfirmed,2328.567,2320.0665,3120.0665,2320.0164999999997,8.500500000000102,11.76401388153624,-100.58820069407896,-1.0058820069407897,stop,360,0.07887771307572103,2024-06-16 23:35:00+00:00,2024-06-17 05:35:00+00:00,2024-04-03 00:00:00+00:00
1718591400000,1718591700000,1718604000000,1,dip_unconfirmed,2326.0335,2317.6,3117.6,2317.5499999999997,8.433500000000095,11.857473172466815,-100.5928736586255,-1.005928736586255,stop,205,0.0,2024-06-17 02:35:00+00:00,2024-06-17 06:00:00+00:00,2024-04-03 00:00:00+00:00
1718593200000,1718593500000,1718638500000,1,dip_unconfirmed,2323.0099999999998,2314.6665,3114.6665,2314.6164999999996,8.343499999999949,11.985377839036449,-100.599268891954,-1.00599268891954,stop,750,0.5157308084137789,2024-06-17 03:05:00+00:00,2024-06-17 15:35:00+00:00,2024-04-03 00:00:00+00:00
1718602200000,1718602500000,1718638500000,1,dip_unconfirmed,2322.207,2313.7685,3113.7685,2313.7185,8.438499999999749,11.850447354387981,-100.59252236772156,-1.0059252236772156,stop,600,0.6050838419150766,2024-06-17 05:35:00+00:00,2024-06-17 15:35:00+00:00,2024-04-03 00:00:00+00:00
1718604000000,1718604300000,1718639400000,1,dip_unconfirmed,2319.0084999999995,2310.6385,3110.6385,2310.5885,8.369999999999436,11.947431302270816,-100.59737156511571,-1.005973715651157,stop,585,0.9921744324971569,2024-06-17 06:05:00+00:00,2024-06-17 15:50:00+00:00,2024-04-03 00:00:00+00:00
1718688600000,1718688900000,1718698800000,1,dip_unconfirmed,2321.1315000000004,2312.7805,3112.7805,2312.7304999999997,8.351000000000568,11.974613818703533,-100.59873069093736,-1.0059873069093737,stop,165,0.2847563166087343,2024-06-18 05:35:00+00:00,2024-06-18 08:20:00+00:00,2024-04-03 00:00:00+00:00
1718694000000,1718694300000,1718699400000,1,dip_unconfirmed,2320.54,2312.1800000000003,3112.1800000000003,2312.13,8.359999999999673,11.961722488038745,-100.5980861244041,-1.005980861244041,stop,85,0.0,2024-06-18 07:05:00+00:00,2024-06-18 08:30:00+00:00,2024-04-03 00:00:00+00:00
1718695800000,1718696100000,1718706300000,1,dip_unconfirmed,2318.6605000000004,2310.2884999999997,3110.2884999999997,2310.2384999999995,8.372000000000753,11.944577161967391,-100.59722885810054,-1.0059722885810054,stop,170,0.0,2024-06-18 07:35:00+00:00,2024-06-18 10:25:00+00:00,2024-04-03 00:00:00+00:00
1718740800000,1718741100000,1718893500000,1,dip_unconfirmed,2329.774,2320.9197166641907,3164.598050245123,2356.3368500074275,8.854283335809214,11.2939688292526,300.0,3.0,target,2540,2.701969102710441,2024-06-18 20:05:00+00:00,2024-06-20 14:25:00+00:00,2024-04-03 00:00:00+00:00
1718749800000,1718750100000,1718893500000,1,dip_unconfirmed,2329.1865000000003,2320.7495,3120.7495,2354.4975000000013,8.437000000000353,11.852554225435085,300.0,3.0,target,2390,2.905238828967529,2024-06-18 22:35:00+00:00,2024-06-20 14:25:00+00:00,2024-04-03 00:00:00+00:00
1718751600000,1718751900000,1718893500000,1,dip_unconfirmed,2328.7854999999995,2320.3145,3120.3145,2354.198499999998,8.470999999999549,11.80498170227899,300.0,3.0,target,2360,2.94091606658035,2024-06-18 23:05:00+00:00,2024-06-20 14:25:00+00:00,2024-04-03 00:00:00+00:00
1718757000000,1718757300000,1718893500000,1,dip_unconfirmed,2328.6035,2320.2214999999997,3120.2214999999997,2353.7495000000017,8.382000000000517,11.930326890956078,300.0,3.0,target,2270,2.993855881650991,2024-06-19 00:35:00+00:00,2024-06-20 14:25:00+00:00,2024-04-03 00:00:00+00:00
1718767800000,1718768100000,1718893500000,1,dip_unconfirmed,2330.0570000000002,2321.62,3121.62,2355.3680000000013,8.437000000000353,11.852554225435085,300.0,3.0,target,2090,2.8020623444351176,2024-06-19 03:35:00+00:00,2024-06-20 14:25:00+00:00,2024-04-03 00:00:00+00:00
1718924400000,1718924700000,1718976900000,1,dip_unconfirmed,2359.9685,2351.4700000000003,3151.4700000000003,2351.42,8.498499999999694,11.766782373360428,-100.58833911867016,-1.0058833911867016,stop,870,0.9897040654233524,2024-06-20 23:05:00+00:00,2024-06-21 13:35:00+00:00,2024-04-03 00:00:00+00:00
1718935200000,1718935500000,1718976900000,1,dip_unconfirmed,2360.1385,2351.7065000000002,3151.7065000000002,2351.6565,8.431999999999789,11.859582542694794,-100.5929791271369,-1.005929791271369,stop,690,0.9773481973434762,2024-06-21 02:05:00+00:00,2024-06-21 13:35:00+00:00,2024-04-03 00:00:00+00:00
1718953200000,1718953500000,1718976900000,1,dip_unconfirmed,2358.8885,2350.5115,3150.5115,2350.4615,8.376999999999953,11.937447773666058,-100.59687238868548,-1.0059687238868549,stop,390,1.1329831681986438,2024-06-21 07:05:00+00:00,2024-06-21 13:35:00+00:00,2024-04-03 00:00:00+00:00
1718955000000,1718955300000,1718977500000,1,dip_unconfirmed,2357.375,2348.8999999999996,3148.8999999999996,2348.8499999999995,8.475000000000364,11.799410029498018,-100.58997050147704,-1.0058997050147704,stop,370,1.2984660766961102,2024-06-21 07:35:00+00:00,2024-06-21 13:45:00+00:00,2024-04-03 00:00:00+00:00
1718962200000,1718962500000,1718976600000,1,dip_unconfirmed,2364.6499999999996,2356.215,3156.215,2356.165,8.43499999999949,11.855364552460705,-100.5927682276252,-1.005927682276252,stop,235,0.44214582098406596,2024-06-21 09:35:00+00:00,2024-06-21 13:30:00+00:00,2024-04-03 00:00:00+00:00
1719559800000,1719560100000,1719785100000,1,dip_unconfirmed,2326.7999999999997,2318.3785,3118.3785,2322.52,8.421499999999924,11.874369174137732,-50.822300065306464,-0.5082230006530647,timeout,3750,1.5046606899009076,2024-06-28 07:35:00+00:00,2024-06-30 22:05:00+00:00,2024-04-03 00:00:00+00:00
1719567000000,1719567300000,1719785100000,1,dip_unconfirmed,2328.0,2319.63,3119.63,2322.52,8.36999999999989,11.947431302270168,-65.47192353644074,-0.6547192353644075,timeout,3630,1.370549581839935,2024-06-28 09:35:00+00:00,2024-06-30 22:05:00+00:00,2024-04-03 00:00:00+00:00
1719576000000,1719576300000,1719585600000,1,dip_unconfirmed,2334.3764999999994,2325.9615,3125.9615,2325.9114999999997,8.414999999999509,11.883541295306694,-100.59417706476749,-1.005941770647675,stop,155,0.6054664289959604,2024-06-28 12:05:00+00:00,2024-06-28 14:40:00+00:00,2024-04-03 00:00:00+00:00
1719577800000,1719578100000,1719585600000,1,dip_unconfirmed,2333.9400000000005,2325.4885000000004,3125.4885000000004,2325.4385,8.451500000000124,11.832219132698164,-100.59161095663706,-1.0059161095663705,stop,125,0.6544992013251512,2024-06-28 12:35:00+00:00,2024-06-28 14:40:00+00:00,2024-04-03 00:00:00+00:00
1719583200000,1719583500000,1719785100000,1,dip_unconfirmed,2330.835,2322.4449999999997,3122.4449999999997,2322.52,8.390000000000327,11.918951132299892,-99.10607866507425,-0.9910607866507425,timeout,3360,0.30333730631698674,2024-06-28 14:05:00+00:00,2024-06-30 22:05:00+00:00,2024-04-03 00:00:00+00:00
1719788400000,1719788700000,1719961800000,1,dip_unconfirmed,2325.137,2316.6085000000003,3116.6085000000003,2330.851,8.528499999999894,11.72539133493595,66.99888608782334,0.6699888608782334,timeout,2885,1.5286978952922103,2024-06-30 23:05:00+00:00,2024-07-02 23:10:00+00:00,2024-04-03 00:00:00+00:00
1719793800000,1719794100000,1719967200000,1,dip_unconfirmed,2323.31,2314.8835,3114.8835,2331.6945,8.426500000000033,11.86732332522395,99.50157242034159,0.9950157242034159,timeout,2885,1.764018275677876,2024-07-01 00:35:00+00:00,2024-07-03 00:40:00+00:00,2024-04-03 00:00:00+00:00
1719808200000,1719808500000,1719981600000,1,dip_unconfirmed,2324.8170000000005,2316.385,3116.385,2333.4644999999996,8.432000000000244,11.859582542694154,102.55574003793734,1.0255574003793735,timeout,2885,1.5841437381402725,2024-07-01 04:35:00+00:00,2024-07-03 04:40:00+00:00,2024-04-03 00:00:00+00:00
1719810000000,1719810300000,1719983400000,1,dip_unconfirmed,2324.2070000000003,2315.7385,3115.7385,2333.93,8.468500000000404,11.80846667060226,114.81372143825988,1.1481372143825987,timeout,2885,1.6493475822162869,2024-07-01 05:05:00+00:00,2024-07-03 05:10:00+00:00,2024-04-03 00:00:00+00:00
1719838800000,1719839100000,1719845100000,1,dip_unconfirmed,2327.8734999999997,2319.4764999999998,3119.4764999999998,2319.4264999999996,8.396999999999935,11.9090151244493,-100.59545075622464,-1.0059545075622465,stop,100,0.7246040252472182,2024-07-01 13:05:00+00:00,2024-07-01 14:45:00+00:00,2024-04-03 00:00:00+00:00
1719889200000,1719889500000,1719905100000,1,dip_unconfirmed,2332.8685,2324.4235,3124.4235,2324.3734999999997,8.445000000000164,11.841326228537367,-100.59206631142902,-1.0059206631142903,stop,260,0.0,2024-07-02 03:05:00+00:00,2024-07-02 07:25:00+00:00,2024-04-03 00:00:00+00:00
1719914400000,1719914700000,1720010100000,1,dip_unconfirmed,2325.4,2316.9485,3116.9485,2350.7545000000005,8.451500000000124,11.832219132698164,300.0,3.0,target,1590,2.837366148021022,2024-07-02 10:05:00+00:00,2024-07-03 12:35:00+00:00,2024-04-03 00:00:00+00:00
1719963000000,1719963300000,1720010400000,1,dip_unconfirmed,2330.4785,2322.0665,3122.0665,2355.714500000001,8.412000000000262,11.887779362814657,300.0,3.0,target,785,2.695613409414963,2024-07-02 23:35:00+00:00,2024-07-03 12:40:00+00:00,2024-04-03 00:00:00+00:00
1719970200000,1719970500000,1720010400000,1,dip_unconfirmed,2330.3705,2321.95,3121.95,2355.6320000000005,8.420500000000175,11.875779348019467,300.0,3.0,target,665,2.705718187755962,2024-07-03 01:35:00+00:00,2024-07-03 12:40:00+00:00,2024-07-03 00:00:00+00:00
1719972000000,1719972300000,1720010400000,1,dip_unconfirmed,2329.6065000000003,2321.1515,3121.1515,2354.9715000000015,8.455000000000382,11.82732111176765,300.0,3.0,target,635,2.785038438793395,2024-07-03 02:05:00+00:00,2024-07-03 12:40:00+00:00,2024-07-03 00:00:00+00:00
1719973800000,1719974100000,1720010400000,1,dip_unconfirmed,2328.952,2320.5200000000004,3120.5200000000004,2354.2479999999996,8.431999999999789,11.859582542694794,300.0,3.0,target,605,2.8702561669829127,2024-07-03 02:35:00+00:00,2024-07-03 12:40:00+00:00,2024-07-03 00:00:00+00:00
1719986400000,1719986700000,1720015500000,1,dip_unconfirmed,2333.7915000000003,2325.4115,3125.4115,2358.9315000000006,8.38000000000011,11.93317422434352,300.0,3.0,target,480,2.9335918854414573,2024-07-03 06:05:00+00:00,2024-07-03 14:05:00+00:00,2024-07-03 00:00:00+00:00
1719999000000,1719999300000,1720172400000,1,dip_unconfirmed,2343.6444999999994,2335.3215,3135.3215,2364.835,8.32299999999941,12.014898474108744,254.6017061156087,2.546017061156087,timeout,2885,2.9002162681727968,2024-07-03 09:35:00+00:00,2024-07-05 09:40:00+00:00,2024-07-03 00:00:00+00:00
1720026000000,1720026300000,1720193700000,1,dip_unconfirmed,2357.0170000000003,2347.1962821211414,3294.9180700069724,2386.479153636577,9.820717878858886,10.182555006011379,300.0,3.0,target,2790,2.9526863878680976,2024-07-03 17:05:00+00:00,2024-07-05 15:35:00+00:00,2024-07-03 00:00:00+00:00
1720031400000,1720031700000,1720193700000,1,dip_unconfirmed,2357.089,2347.35240645778,3282.111760679776,2386.2987806266597,9.736593542219907,10.270532457412243,300.0,3.0,target,2700,2.9708028659687606,2024-07-03 18:35:00+00:00,2024-07-05 15:35:00+00:00,2024-07-03 00:00:00+00:00
1720033200000,1720033500000,1720187400000,1,dip_unconfirmed,2356.774,2347.415948853653,3239.671063488363,2384.8481534390407,9.358051146346952,10.68598562202093,300.0,3.0,target,2565,2.9870001309953866,2024-07-03 19:05:00+00:00,2024-07-05 13:50:00+00:00,2024-07-03 00:00:00+00:00
1720035000000,1720035300000,1720187100000,1,dip_unconfirmed,2355.3135,2346.4040596498203,3201.4980946677742,2382.04182105054,8.90944035017992,11.224049555254114,300.0,3.0,target,2530,2.7964719466915584,2024-07-03 19:35:00+00:00,2024-07-05 13:45:00+00:00,2024-07-03 00:00:00+00:00
1720173600000,1720173900000,1720182900000,1,dip_unconfirmed,2362.832,2354.5015000000003,3154.5015000000003,2354.4515,8.330499999999574,12.004081387672421,-100.6002040693858,-1.006002040693858,stop,150,0.6481603745274257,2024-07-05 10:05:00+00:00,2024-07-05 12:35:00+00:00,2024-07-03 00:00:00+00:00
1720209600000,1720209900000,1720389900000,1,dip_unconfirmed,2389.1785,2379.271444523603,3337.1269921633457,2389.015,9.90705547639709,10.093816496560803,-1.6503389971888298,-0.0165033899718883,timeout,3000,0.21676470926364694,2024-07-05 20:05:00+00:00,2024-07-07 22:05:00+00:00,2024-07-03 00:00:00+00:00
1720418400000,1720418700000,1720427700000,1,dip_unconfirmed,2383.285,2374.8565,3174.8565,2374.8064999999997,8.428499999999985,11.864507326333294,-100.59322536631882,-1.0059322536631883,stop,150,0.06994127068879391,2024-07-08 06:05:00+00:00,2024-07-08 08:35:00+00:00,2024-07-03 00:00:00+00:00
1720420200000,1720420500000,1720428000000,1,dip_unconfirmed,2382.1519999999996,2373.7865,3173.7865,2373.7365,8.365499999999429,11.953858107705077,-100.59769290538742,-1.0059769290538743,stop,125,0.0,2024-07-08 06:35:00+00:00,2024-07-08 08:40:00+00:00,2024-07-03 00:00:00+00:00
1720422000000,1720422300000,1720432200000,1,dip_unconfirmed,2377.4049999999997,2369.0215,3169.0215,2368.9714999999997,8.383499999999913,11.928192282459717,-100.59640961412515,-1.0059640961412515,stop,165,0.4047235641439159,2024-07-08 07:05:00+00:00,2024-07-08 09:50:00+00:00,2024-07-03 00:00:00+00:00
1720427400000,1720427700000,1720432200000,1,dip_unconfirmed,2377.645,2369.2799999999997,3169.2799999999997,2369.2299999999996,8.365000000000236,11.954572624028353,-100.5977286312036,-1.005977286312036,stop,75,0.0,2024-07-08 08:35:00+00:00,2024-07-08 09:50:00+00:00,2024-07-03 00:00:00+00:00
1720603800000,1720604100000,1720701300000,1,dip_unconfirmed,2372.2019999999998,2363.7835,3163.7835,2397.457499999999,8.418499999999767,11.87860070083777,300.0,3.0,target,1620,1.680762606165039,2024-07-10 09:35:00+00:00,2024-07-11 12:35:00+00:00,2024-07-03 00:00:00+00:00
1720623600000,1720623900000,1720701300000,1,dip_unconfirmed,2375.3100000000004,2367.0065000000004,3167.0065000000004,2400.2205000000004,8.303499999999985,12.043114349370768,300.0,3.0,target,1290,1.080628650568979,2024-07-10 15:05:00+00:00,2024-07-11 12:35:00+00:00,2024-07-03 00:00:00+00:00
1720629000000,1720629300000,1720633500000,1,dip_unconfirmed,2379.127,2370.75,3170.75,2370.7,8.376999999999953,11.937447773666058,-100.59687238868548,-1.0059687238868549,stop,70,0.0,2024-07-10 16:35:00+00:00,2024-07-10 17:45:00+00:00,2024-07-03 00:00:00+00:00
1720630800000,1720631100000,1720636200000,1,dip_unconfirmed,2378.3105,2369.92,3169.92,2369.87,8.390499999999975,11.918240867647972,-100.59591204338457,-1.0059591204338458,stop,85,0.0,2024-07-10 17:05:00+00:00,2024-07-10 18:30:00+00:00,2024-07-03 00:00:00+00:00
1720632600000,1720632900000,1720701300000,1,dip_unconfirmed,2373.6004999999996,2365.2135,3165.2135,2398.7614999999987,8.386999999999716,11.923214498629234,300.0,3.0,target,1140,1.2736973888161092,2024-07-10 17:35:00+00:00,2024-07-11 12:35:00+00:00,2024-07-03 00:00:00+00:00
1720634400000,1720634700000,1720701300000,1,dip_unconfirmed,2373.4605,2365.0834999999997,3165.0834999999997,2398.5915000000014,8.377000000000407,11.93744777366541,300.0,3.0,target,1110,1.2919302853049108,2024-07-10 18:05:00+00:00,2024-07-11 12:35:00+00:00,2024-07-03 00:00:00+00:00
1720636200000,1720636500000,1720701300000,1,dip_unconfirmed,2371.0984999999996,2362.6735,3162.6735,2396.373499999999,8.424999999999727,11.8694362017808,300.0,3.0,target,1080,1.5649258160238249,2024-07-10 18:35:00+00:00,2024-07-11 12:35:00+00:00,2024-07-03 00:00:00+00:00
1720701000000,1720701300000,1720701900000,1,dip_unconfirmed,2380.375,2372.205,3172.205,2404.885,8.170000000000073,12.239902080783244,300.0,3.0,target,10,2.7758261933904262,2024-07-11 12:35:00+00:00,2024-07-11 12:45:00+00:00,2024-07-03 00:00:00+00:00
1720715400000,1720715700000,1720769400000,1,dip_unconfirmed,2413.8235,2400.1960884084747,3731.237247561057,2400.1460884084745,13.627411591525288,7.338150706638134,-100.36690753533324,-1.0036690753533324,stop,895,0.3353167965398341,2024-07-11 16:35:00+00:00,2024-07-12 07:30:00+00:00,2024-07-03 00:00:00+00:00
1720717200000,1720717500000,1720782300000,1,dip_unconfirmed,2412.104,2398.8404035221547,3688.950051306695,2398.7904035221545,13.263596477845113,7.539433227408214,-100.37697166137178,-1.0037697166137178,stop,1080,0.4741549556717188,2024-07-11 17:05:00+00:00,2024-07-12 11:05:00+00:00,2024-07-03 00:00:00+00:00
1720749600000,1720749900000,1720782300000,1,dip_unconfirmed,2408.5620000000004,2399.0415102934303,3298.8904809503965,2398.99151029343,9.52048970657006,10.503661374791498,-100.52518306874148,-1.0052518306874147,stop,540,0.22787693352605076,2024-07-12 02:05:00+00:00,2024-07-12 11:05:00+00:00,2024-07-03 00:00:00+00:00
1720751400000,1720751700000,1720782300000,1,dip_unconfirmed,2408.2084999999997,2398.962830986757,3284.679732311079,2398.912830986757,9.245669013242605,10.815874963376867,-100.5407937481708,-1.005407937481708,stop,510,0.2728845253260133,2024-07-12 02:35:00+00:00,2024-07-12 11:05:00+00:00,2024-07-03 00:00:00+00:00
1720756800000,1720757100000,1720769400000,1,dip_unconfirmed,2409.2685,2400.8415,3200.8415,2400.7915,8.427000000000135,11.866619200189676,-100.59333096001164,-1.0059333096001164,stop,205,0.05927376290493534,2024-07-12 04:05:00+00:00,2024-07-12 07:30:00+00:00,2024-07-03 00:00:00+00:00
1720769400000,1720769700000,1720787700000,1,dip_unconfirmed,2401.62,2393.21,3193.21,2393.16,8.409999999999854,11.890606420927673,-100.59453032104855,-1.0059453032104855,stop,300,0.7516052318668819,2024-07-12 07:35:00+00:00,2024-07-12 12:35:00+00:00,2024-07-03 00:00:00+00:00
1720818000000,1720994700000,1721025600000,1,dip_unconfirmed,2413.65,2403.215,3203.215,2403.165,10.434999999999945,9.583133684714952,-100.47915668423748,-1.0047915668423748,stop,515,0.08481073310970466,2024-07-14 22:05:00+00:00,2024-07-15 06:40:00+00:00,2024-07-03 00:00:00+00:00
1720996200000,1720996500000,1721025900000,1,dip_unconfirmed,2410.8585,2402.4255000000003,3202.4255000000003,2402.3755,8.432999999999538,11.858176212499167,-100.59290881062711,-1.005929088106271,stop,490,0.3284121902051502,2024-07-14 22:35:00+00:00,2024-07-15 06:45:00+00:00,2024-07-03 00:00:00+00:00
1720998000000,1720998300000,1721055900000,1,dip_unconfirmed,2408.1099999999997,2399.59,3199.59,2433.6699999999983,8.519999999999527,11.737089201878586,300.0,3.0,target,960,2.7708920187795703,2024-07-14 23:05:00+00:00,2024-07-15 15:05:00+00:00,2024-07-03 00:00:00+00:00
1720999800000,1721000100000,1721055900000,1,dip_unconfirmed,2407.4399999999996,2398.9035000000003,3198.9035000000003,2433.0494999999974,8.53649999999925,11.714402858315326,300.0,3.0,target,930,2.844022725941877,2024-07-14 23:35:00+00:00,2024-07-15 15:05:00+00:00,2024-07-03 00:00:00+00:00
1721012400000,1721012700000,1721027100000,1,dip_unconfirmed,2409.6265,2401.2349999999997,3201.2349999999997,2401.1849999999995,8.391500000000178,11.916820592265731,-100.59584102961546,-1.0059584102961545,stop,240,0.4768515759994954,2024-07-15 03:05:00+00:00,2024-07-15 07:05:00+00:00,2024-07-03 00:00:00+00:00
1721026800000,1721027100000,1721055300000,1,dip_unconfirmed,2403.71,2395.2884999999997,3195.2884999999997,2428.974500000001,8.421500000000378,11.87436917413709,300.0,3.0,target,470,2.4823368758533286,2024-07-15 07:05:00+00:00,2024-07-15 14:55:00+00:00,2024-07-03 00:00:00+00:00
1721046600000,1721046900000,1721122800000,1,dip_unconfirmed,2417.295,2409.0035,3209.0035,2442.169500000001,8.29150000000027,12.060543930530875,300.0,3.0,target,1265,2.833443888319276,2024-07-15 12:35:00+00:00,2024-07-16 09:40:00+00:00,2024-07-03 00:00:00+00:00
1721048400000,1721048700000,1721122200000,1,dip_unconfirmed,2415.28,2406.8965,3206.8965,2440.4305000000013,8.383500000000367,11.92819228245907,300.0,3.0,target,1225,2.879286694101331,2024-07-15 13:05:00+00:00,2024-07-16 09:30:00+00:00,2024-07-03 00:00:00+00:00
1721061000000,1721061300000,1721064000000,1,dip_unconfirmed,2433.045,2423.4842542074493,3340.0588334625427,2423.434254207449,9.560745792550733,10.45943508694846,-100.52297175434933,-1.0052297175434932,stop,45,0.6644879110737949,2024-07-15 16:35:00+00:00,2024-07-15 17:20:00+00:00,2024-07-03 00:00:00+00:00
1721062800000,1721063100000,1721065200000,1,dip_unconfirmed,2430.7599999999998,2420.3196646212027,3416.353202500926,2420.2696646212025,10.440335378797045,9.578236366150355,-100.47891181830926,-1.0047891181830926,stop,35,0.0,2024-07-15 17:05:00+00:00,2024-07-15 17:40:00+00:00,2024-07-03 00:00:00+00:00
1721064600000,1721064900000,1721142600000,1,dip_unconfirmed,2424.9195,2414.2975457196885,3448.0429737508584,2456.7853628409343,10.621954280311456,9.414463418031941,300.0,3.0,target,1295,2.7523654525787067,2024-07-15 17:35:00+00:00,2024-07-16 15:10:00+00:00,2024-07-03 00:00:00+00:00
1721066400000,1721066700000,1721142000000,1,dip_unconfirmed,2422.0,2411.455935311139,3429.862404197229,2453.632194066583,10.544064688860999,9.484008582159248,300.0,3.0,target,1255,2.7351406550518207,2024-07-15 18:05:00+00:00,2024-07-16 15:00:00+00:00,2024-07-03 00:00:00+00:00
1721071800000,1721072100000,1721142000000,1,dip_unconfirmed,2422.1569999999997,2412.344696019888,3358.375094031102,2451.5939119403347,9.812303980111665,10.191286389281021,300.0,3.0,target,1165,2.923115718605564,2024-07-15 19:35:00+00:00,2024-07-16 15:00:00+00:00,2024-07-03 00:00:00+00:00
1721127600000,1721127900000,1721133600000,1,dip_unconfirmed,2440.672,2432.2,3232.2,2432.1499999999996,8.472000000000207,11.803588290840127,-100.59017941454415,-1.0059017941454416,stop,95,0.3597733711048878,2024-07-16 11:05:00+00:00,2024-07-16 12:40:00+00:00,2024-07-03 00:00:00+00:00
1721149200000,1721149500000,1721322600000,1,dip_unconfirmed,2459.6135,2447.5146971679683,3617.044980371131,2454.1065000000003,12.098802832031652,8.265280572657106,-45.516900113619435,-0.45516900113619435,timeout,2885,1.9632107680203839,2024-07-16 17:05:00+00:00,2024-07-18 17:10:00+00:00,2024-07-03 00:00:00+00:00
1721185200000,1721185500000,1721187300000,1,dip_unconfirmed,2475.0635,2464.675045510684,3464.520494442296,2464.625045510684,10.388454489316246,9.626070952406113,-100.48130354762205,-1.0048130354762206,stop,30,0.0,2024-07-17 03:05:00+00:00,2024-07-17 03:35:00+00:00,2024-07-03 00:00:00+00:00
1721187000000,1721187300000,1721233800000,1,dip_unconfirmed,2465.7349999999997,2454.6297922599206,3518.800566267845,2454.5797922599204,11.105207740079095,9.00478427243611,-100.45023921362343,-1.0045023921362344,stop,775,1.5876335150732388,2024-07-17 03:35:00+00:00,2024-07-17 16:30:00+00:00,2024-07-03 00:00:00+00:00
1721192400000,1721192700000,1721233500000,1,dip_unconfirmed,2468.273,2457.213016069623,3524.5614091073057,2457.1630160696227,11.059983930377257,9.041604457068049,-100.45208022285505,-1.0045208022285506,stop,680,1.3646493607052668,2024-07-17 05:05:00+00:00,2024-07-17 16:25:00+00:00,2024-07-03 00:00:00+00:00
1721197800000,1721198100000,1721233800000,1,dip_unconfirmed,2464.1499999999996,2453.0945090397095,3516.9936050687884,2453.0445090397093,11.055490960290172,9.045278980299154,-100.4522639490166,-1.004522639490166,stop,595,1.738140808854317,2024-07-17 06:35:00+00:00,2024-07-17 16:30:00+00:00,2024-07-03 00:00:00+00:00
1721278800000,1721279100000,1721310000000,1,dip_unconfirmed,2465.7875,2457.337,3257.337,2457.287,8.45049999999992,11.83361931246683,-100.59168096562549,-1.005916809656255,stop,515,1.0452044257736306,2024-07-18 05:05:00+00:00,2024-07-18 13:40:00+00:00,2024-07-03 00:00:00+00:00
1721291400000,1721291700000,1721298300000,1,dip_unconfirmed,2470.43,2462.0699999999997,3262.0699999999997,2462.0199999999995,8.360000000000127,11.961722488038095,-100.59808612440408,-1.0059808612440408,stop,110,0.0,2024-07-18 08:35:00+00:00,2024-07-18 10:25:00+00:00,2024-07-03 00:00:00+00:00
1721293200000,1721293500000,1721310000000,1,dip_unconfirmed,2466.4415,2458.0365,3258.0365,2457.9865,8.404999999999745,11.897679952409641,-100.59488399762265,-1.0059488399762264,stop,275,0.24907792980368976,2024-07-18 09:05:00+00:00,2024-07-18 13:40:00+00:00,2024-07-03 00:00:00+00:00
1721298600000,1721298900000,1721322300000,1,dip_unconfirmed,2462.8634999999995,2454.4385,3254.4385,2454.3885,8.424999999999272,11.86943620178144,-100.59347181009123,-1.0059347181009124,stop,390,0.8001780415432141,2024-07-18 10:35:00+00:00,2024-07-18 17:05:00+00:00,2024-07-03 00:00:00+00:00
1722364200000,1722364500000,1722453900000,1,dip_unconfirmed,2405.885,2394.964304444635,3444.0338599811284,2438.647086666095,10.920695555365,9.156925902111894,300.0,3.0,target,1490,2.910116836320656,2024-07-30 18:35:00+00:00,2024-07-31 19:25:00+00:00,2024-07-03 00:00:00+00:00
1722366000000,1722366300000,1722453600000,1,dip_unconfirmed,2405.3485,2394.8672112700183,3404.646084268189,2436.7923661899454,10.48128872998177,9.54081149524577,300.0,3.0,target,1455,2.8818021121389776,2024-07-30 19:05:00+00:00,2024-07-31 19:20:00+00:00,2024-07-03 00:00:00+00:00
1722378600000,1722378900000,1722453900000,1,dip_unconfirmed,2409.7915000000003,2400.1404100971304,3319.2494003841175,2438.74476970861,9.651089902869899,10.36152403577377,300.0,3.0,target,1250,2.8881712097315595,2024-07-30 22:35:00+00:00,2024-07-31 19:25:00+00:00,2024-07-03 00:00:00+00:00
1722380400000,1722380700000,1722453900000,1,dip_unconfirmed,2409.8935,2400.535416518763,3274.4937646423873,2437.967750443711,9.358083481236918,10.685948698844303,300.0,3.0,target,1220,2.9677016726430328,2024-07-30 23:05:00+00:00,2024-07-31 19:25:00+00:00,2024-07-03 00:00:00+00:00
1722405600000,1722405900000,1722454800000,1,dip_unconfirmed,2418.285,2409.224039506611,3273.320088845495,2445.4678814801664,9.060960493388848,11.036357577429351,300.0,3.0,target,815,2.9787129101481575,2024-07-31 06:05:00+00:00,2024-07-31 19:40:00+00:00,2024-07-03 00:00:00+00:00
1722459600000,1722463500000,1722501000000,1,dip_unconfirmed,2449.7400000000002,2436.9179841066953,3500.619573437156,2436.867984106695,12.822015893304979,7.799085637712791,-100.38995428188706,-1.0038995428188706,stop,625,0.6481040164939287,2024-07-31 22:05:00+00:00,2024-08-01 08:30:00+00:00,2024-07-03 00:00:00+00:00
1722465000000,1722465300000,1722480900000,1,dip_unconfirmed,2447.945,2437.2217709562174,3463.0446753345013,2437.171770956217,10.723229043782794,9.325549197140283,-100.46627745985872,-1.0046627745985872,stop,260,0.9423467463710273,2024-07-31 22:35:00+00:00,2024-08-01 02:55:00+00:00,2024-07-03 00:00:00+00:00
1722479400000,1722479700000,1722480900000,1,dip_unconfirmed,2450.01,2439.623130738976,3434.31005684132,2439.573130738976,10.386869261024003,9.627540068810047,-100.48137700344225,-1.0048137700344224,stop,20,0.0,2024-08-01 02:35:00+00:00,2024-08-01 02:55:00+00:00,2024-07-03 00:00:00+00:00
1722481200000,1722481500000,1722506100000,1,dip_unconfirmed,2441.8634999999995,2430.3361928290497,3534.7169099240905,2430.2861928290495,11.527307170949825,8.675052943154999,-100.43375264715932,-1.0043375264715932,stop,410,0.5788862828967923,2024-08-01 03:05:00+00:00,2024-08-01 09:55:00+00:00,2024-07-03 00:00:00+00:00
1722495600000,1722495900000,1722501300000,1,dip_unconfirmed,2445.3114999999993,2435.709918323862,3351.868085937703,2435.659918323862,9.601581676137357,10.414950720934682,-100.52074753604863,-1.0052074753604863,stop,90,0.0,2024-08-01 07:05:00+00:00,2024-08-01 08:35:00+00:00,2024-07-03 00:00:00+00:00
1722497400000,1722497700000,1722501600000,1,dip_unconfirmed,2443.6569999999997,2434.246174157872,3331.128758370729,2434.1961741578716,9.410825842127906,10.626059994899315,-100.5313029997469,-1.005313029997469,stop,65,0.0,2024-08-01 07:35:00+00:00,2024-08-01 08:40:00+00:00,2024-07-03 00:00:00+00:00
1722562200000,1722562500000,1722610200000,1,dip_unconfirmed,2443.5690000000004,2431.6758776309766,3574.5881145333233,2431.6258776309764,11.893122369023786,8.40822089415769,-100.42041104470941,-1.004204110447094,stop,795,2.8369757707933037,2024-08-02 01:35:00+00:00,2024-08-02 14:50:00+00:00,2024-07-03 00:00:00+00:00
1722571200000,1722571500000,1722609600000,1,dip_unconfirmed,2455.0450000000005,2442.7495610668884,3627.143454378039,2442.6995610668882,12.29543893311211,8.133097203280478,-100.4066548601655,-1.0040665486016551,stop,635,1.8107934268244004,2024-08-02 04:05:00+00:00,2024-08-02 14:40:00+00:00,2024-07-03 00:00:00+00:00
1722585600000,1722585900000,1722609300000,1,dip_unconfirmed,2462.1,2450.482261499381,3570.256111561337,2450.4322614993807,11.617738500618998,8.607527187384356,-100.43037635937077,-1.0043037635937078,stop,390,1.3091618475652964,2024-08-02 08:05:00+00:00,2024-08-02 14:35:00+00:00,2024-07-03 00:00:00+00:00
1722591000000,1722591300000,1722609300000,1,dip_unconfirmed,2461.845,2451.0059276655024,3494.913161115246,2450.9559276655023,10.83907233449736,9.225881783418997,-100.46129408917264,-1.0046129408917264,stop,300,1.4267364883969187,2024-08-02 09:35:00+00:00,2024-08-02 14:35:00+00:00,2024-07-03 00:00:00+00:00
1723172400000,1723172700000,1723413900000,1,dip_unconfirmed,2422.955,2414.1194090360464,3256.3285054314224,2427.555,8.835590963953564,11.317862088452102,52.062165606878644,0.5206216560687864,timeout,4020,1.555923090609998,2024-08-09 03:05:00+00:00,2024-08-11 22:05:00+00:00,2024-07-03 00:00:00+00:00
1723174200000,1723174500000,1723413900000,1,dip_unconfirmed,2422.39,2413.7270583906147,3237.521219329172,2427.555,8.662941609385143,11.543423066786382,59.62178013995124,0.5962178013995124,timeout,3990,1.6521524264338534,2024-08-09 03:35:00+00:00,2024-08-11 22:05:00+00:00,2024-07-03 00:00:00+00:00
1723176000000,1723176300000,1723413900000,1,dip_unconfirmed,2421.497,2413.0760542198564,3218.17063223423,2427.555,8.420945780143484,11.87515067913145,71.93966281417823,0.7193966281417823,timeout,3960,1.8056760365153899,2024-08-09 04:05:00+00:00,2024-08-11 22:05:00+00:00,2024-07-03 00:00:00+00:00
1723183200000,1723183500000,1723413900000,1,dip_unconfirmed,2417.6,2409.2115,3209.2115,2427.555,8.388500000000022,11.921082434285003,118.67437563330634,1.1867437563330634,timeout,3840,2.2772247720093426,2024-08-09 06:05:00+00:00,2024-08-11 22:05:00+00:00,2024-07-03 00:00:00+00:00
1723197600000,1723197900000,1723413900000,1,dip_unconfirmed,2424.0485000000003,2415.6315,3215.6315,2427.555,8.417000000000371,11.880717595342235,41.65973624806167,0.4165973624806167,timeout,3600,1.503386004514606,2024-08-09 10:05:00+00:00,2024-08-11 22:05:00+00:00,2024-07-03 00:00:00+00:00
1723419000000,1723419300000,1723470300000,1,dip_unconfirmed,2427.9800000000005,2419.646455824412,3220.000873383183,2452.980632526766,8.333544175588486,11.999696394834116,300.0,3.0,target,850,2.9009266034510603,2024-08-11 23:35:00+00:00,2024-08-12 13:45:00+00:00,2024-07-03 00:00:00+00:00
1723464000000,1723464300000,1723484700000,1,dip_unconfirmed,2442.0335,2433.6485000000002,3233.6485000000002,2467.1884999999993,8.384999999999764,11.926058437686681,300.0,3.0,target,340,2.9403100775194204,2024-08-12 12:05:00+00:00,2024-08-12 17:45:00+00:00,2024-07-03 00:00:00+00:00
1723510800000,1723511100000,1723512000000,1,dip_unconfirmed,2472.6335,2464.2084999999997,3264.2084999999997,2464.1584999999995,8.425000000000182,11.86943620178016,-100.59347181009116,-1.0059347181009115,stop,15,0.08089020771514863,2024-08-13 01:05:00+00:00,2024-08-13 01:20:00+00:00,2024-07-03 00:00:00+00:00
1723512600000,1723512900000,1723602900000,1,dip_unconfirmed,2464.7499999999995,2455.8198529696715,3305.3345560025055,2455.7698529696713,8.930147030328044,11.198023913871276,-100.5599011956956,-1.005599011956956,stop,1500,1.1789839477720274,2024-08-13 01:35:00+00:00,2024-08-14 02:35:00+00:00,2024-07-03 00:00:00+00:00
1723525200000,1723525500000,1723641900000,1,dip_unconfirmed,2462.5099999999998,2454.0635,3254.0635,2454.0135,8.44649999999956,11.839223346949057,-100.5919611673496,-1.0059196116734959,stop,1940,2.0100633398450727,2024-08-13 05:05:00+00:00,2024-08-14 13:25:00+00:00,2024-07-03 00:00:00+00:00
1723527000000,1723527300000,1723641900000,1,dip_unconfirmed,2460.641,2452.15,3252.15,2452.1,8.490999999999985,11.77717583323521,-100.5888587916639,-1.005888587916639,stop,1910,2.2196443292898644,2024-08-13 05:35:00+00:00,2024-08-14 13:25:00+00:00,2024-07-03 00:00:00+00:00
1723593600000,1723593900000,1723602900000,1,dip_unconfirmed,2464.6435,2456.1800000000003,3256.1800000000003,2456.13,8.46349999999984,11.815442783718543,-100.59077213918808,-1.0059077213918808,stop,150,0.8963194895729171,2024-08-14 00:05:00+00:00,2024-08-14 02:35:00+00:00,2024-07-03 00:00:00+00:00
1723602600000,1723602900000,1723641900000,1,dip_unconfirmed,2461.1094999999996,2452.6695,3252.6695,2452.6195,8.4399999999996,11.84834123222805,-100.59241706161356,-1.0059241706161357,stop,650,2.1775473933651166,2024-08-14 02:35:00+00:00,2024-08-14 13:25:00+00:00,2024-07-03 00:00:00+00:00
1723604400000,1723604700000,1723641900000,1,dip_unconfirmed,2460.417,2451.563245742491,3296.238671493426,2451.5132457424907,8.853754257509081,11.294643728697078,-100.56473218643691,-1.0056473218643691,stop,620,2.154001505499861,2024-08-14 03:05:00+00:00,2024-08-14 13:25:00+00:00,2024-07-03 00:00:00+00:00
1723606200000,1723606500000,1723641900000,1,dip_unconfirmed,2460.397,2451.7180853323125,3276.059552101041,2451.6680853323123,8.678914667687422,11.522178040568974,-100.57610890203054,-1.0057610890203055,stop,590,2.1996990097250633,2024-08-14 03:35:00+00:00,2024-08-14 13:25:00+00:00,2024-07-03 00:00:00+00:00
1723762800000,1723763100000,1723812900000,1,dip_unconfirmed,2455.49,2446.1255338937385,3329.072144519885,2483.5833983187836,9.364466106261261,10.67866537881301,300.0,3.0,target,830,2.3760030467858946,2024-08-15 23:05:00+00:00,2024-08-16 12:55:00+00:00,2024-07-03 00:00:00+00:00
1723771800000,1723772100000,1723812900000,1,dip_unconfirmed,2458.6755000000003,2450.23,3250.23,2484.012000000001,8.445500000000266,11.840625185009396,300.0,3.0,target,680,2.257355988396057,2024-08-16 01:35:00+00:00,2024-08-16 12:55:00+00:00,2024-07-03 00:00:00+00:00
1723773600000,1723773900000,1723812900000,1,dip_unconfirmed,2457.79,2449.375,3249.375,2483.035,8.414999999999964,11.883541295306053,300.0,3.0,target,650,2.370766488413536,2024-08-16 02:05:00+00:00,2024-08-16 12:55:00+00:00,2024-07-03 00:00:00+00:00
1723775400000,1723775700000,1723812900000,1,dip_unconfirmed,2455.4635,2447.005,3247.005,2480.838999999999,8.45849999999973,11.8224271442931,300.0,3.0,target,620,2.6336229827984456,2024-08-16 02:35:00+00:00,2024-08-16 12:55:00+00:00,2024-07-03 00:00:00+00:00
1724029200000,1724029500000,1724064000000,1,dip_unconfirmed,2502.616,2492.3181059352432,3470.6575124108917,2492.268105935243,10.297894064756747,9.710723315967822,-100.48553616580016,-1.0048553616580016,stop,575,0.4160073868560718,2024-08-19 01:05:00+00:00,2024-08-19 10:40:00+00:00,2024-07-03 00:00:00+00:00
1724031000000,1724031300000,1724066700000,1,dip_unconfirmed,2498.6420000000003,2487.571134082726,3554.3077258101116,2487.521134082726,11.070865917274205,9.032717110589063,-100.45163585553108,-1.0045163585553107,stop,590,0.7459217789924278,2024-08-19 01:35:00+00:00,2024-08-19 11:25:00+00:00,2024-07-03 00:00:00+00:00
1724059800000,1724060100000,1724063100000,1,dip_unconfirmed,2502.632,2493.534052530572,3366.6287994733693,2493.4840525305717,9.097947469428163,10.991490150501532,-100.54957450752707,-1.0054957450752706,stop,50,0.0,2024-08-19 09:35:00+00:00,2024-08-19 10:25:00+00:00,2024-07-03 00:00:00+00:00
1724061600000,1724061900000,1724064300000,1,dip_unconfirmed,2500.41,2491.5449059212456,3339.7043137966984,2491.4949059212454,8.865094078754282,11.280196139108762,-100.56400980695749,-1.0056400980695748,stop,40,0.0,2024-08-19 10:05:00+00:00,2024-08-19 10:45:00+00:00,2024-07-03 00:00:00+00:00
1724119200000,1724119500000,1724157000000,1,dip_unconfirmed,2502.4400000000005,2494.04,3294.04,2527.640000000002,8.400000000000546,11.90476190476113,300.0,3.0,target,625,2.9765476190473903,2024-08-20 02:05:00+00:00,2024-08-20 12:30:00+00:00,2024-07-03 00:00:00+00:00
1724121000000,1724121300000,1724155200000,1,dip_unconfirmed,2501.04,2492.61,3292.61,2526.3299999999995,8.429999999999836,11.862396204033445,300.0,3.0,target,565,2.944839857651281,2024-08-20 02:35:00+00:00,2024-08-20 12:00:00+00:00,2024-07-03 00:00:00+00:00
1724122800000,1724123100000,1724153400000,1,dip_unconfirmed,2500.13,2491.695,3291.695,2525.435,8.434999999999945,11.855364552460065,300.0,3.0,target,505,2.9521636040307824,2024-08-20 03:05:00+00:00,2024-08-20 11:30:00+00:00,2024-07-03 00:00:00+00:00
1724169600000,1724169900000,1724249100000,1,dip_unconfirmed,2509.0384999999997,2495.3386396468495,3818.124674961909,2495.2886396468493,13.699860353150143,7.2993444766760724,-100.36496722383514,-1.0036496722383514,stop,1320,0.7701903324565114,2024-08-20 16:05:00+00:00,2024-08-21 14:05:00+00:00,2024-07-03 00:00:00+00:00
1724171400000,1724171700000,1724333100000,1,dip_unconfirmed,2506.0065,2491.940558243503,3859.334733893201,2491.8905582435027,14.065941756497068,7.109371112944495,-100.35546855564853,-1.0035546855564852,stop,2690,0.9657014251268287,2024-08-20 16:35:00+00:00,2024-08-22 13:25:00+00:00,2024-07-03 00:00:00+00:00
1724182200000,1724182500000,1724247900000,1,dip_unconfirmed,2513.4320000000002,2501.0896282629187,3692.626801971035,2501.0396282629185,12.342371737081521,8.102170484750447,-100.405108524239,-1.00405108524239,stop,1090,0.4989316584509245,2024-08-20 19:35:00+00:00,2024-08-21 13:45:00+00:00,2024-07-03 00:00:00+00:00
1724203800000,1724204100000,1724247300000,1,dip_unconfirmed,2512.9649999999997,2503.8813363140844,3370.747704905665,2503.831336314084,9.083663685915326,11.00877393281909,-100.55043869664296,-1.0055043869664295,stop,720,0.7293312730493147,2024-08-21 01:35:00+00:00,2024-08-21 13:35:00+00:00,2024-07-03 00:00:00+00:00
1724220000000,1724220300000,1724228700000,1,dip_unconfirmed,2515.6899999999996,2507.224729155697,3311.9018135860133,2507.1747291556967,8.465270844302722,11.81297111920545,-100.59064855596242,-1.0059064855596243,stop,140,0.4219002635224781,2024-08-21 06:05:00+00:00,2024-08-21 08:25:00+00:00,2024-07-03 00:00:00+00:00
1724229000000,1724229300000,1724247900000,1,dip_unconfirmed,2509.825,2500.430668162645,3403.8638518981893,2500.3806681626447,9.394331837354912,10.64471659414537,-100.5322358297092,-1.005322358297092,stop,310,0.38108085407044495,2024-08-21 08:35:00+00:00,2024-08-21 13:45:00+00:00,2024-07-03 00:00:00+00:00
1724284800000,1724285100000,1724293800000,1,dip_unconfirmed,2513.27,2504.729969707888,3309.2329989190903,2504.6799697078877,8.540030292112078,11.709560338721994,-100.58547801693823,-1.0058547801693822,stop,145,0.12470681760734238,2024-08-22 00:05:00+00:00,2024-08-22 02:30:00+00:00,2024-07-03 00:00:00+00:00
1724286600000,1724286900000,1724293800000,1,dip_unconfirmed,2512.5249999999996,2504.06,3304.06,2504.0099999999998,8.46499999999969,11.813349084465877,-100.59066745422544,-1.0059066745422545,stop,115,0.21382161842882594,2024-08-22 00:35:00+00:00,2024-08-22 02:30:00+00:00,2024-07-03 00:00:00+00:00
1724292000000,1724292300000,1724295600000,1,dip_unconfirmed,2508.1000000000004,2499.6800000000003,3299.6800000000003,2499.63,8.420000000000073,11.876484560569969,-100.59382422803066,-1.0059382422803065,stop,55,0.02535629453679787,2024-08-22 02:05:00+00:00,2024-08-22 03:00:00+00:00,2024-07-03 00:00:00+00:00
1724430600000,1724430900000,1724623500000,1,dip_unconfirmed,2508.0855,2495.534310280374,3696.6032822429734,2511.44,12.551189719626109,7.9673721960900235,26.72655003178332,0.2672655003178332,timeout,3210,0.38398750299052736,2024-08-23 16:35:00+00:00,2024-08-25 22:05:00+00:00,2024-07-03 00:00:00+00:00
1724643000000,1724643300000,1724745900000,1,dip_unconfirmed,2512.0885,2503.6485000000002,3303.6485000000002,2503.5985,8.4399999999996,11.84834123222805,-100.59241706161356,-1.0059241706161357,stop,1710,1.7120260663507585,2024-08-26 03:35:00+00:00,2024-08-27 08:05:00+00:00,2024-07-03 00:00:00+00:00
1724644800000,1724645100000,1724818200000,1,dip_unconfirmed,2510.3635,2501.9435,3301.9435,2514.5924999999997,8.420000000000073,11.876484560569969,50.2256532066482,0.502256532066482,timeout,2885,2.169952494061761,2024-08-26 04:05:00+00:00,2024-08-28 04:10:00+00:00,2024-07-03 00:00:00+00:00
1724671800000,1724672100000,1724681100000,1,dip_unconfirmed,2521.8735,2513.4350000000004,3313.4350000000004,2513.385,8.438499999999749,11.850447354387981,-100.59252236772156,-1.0059252236772156,stop,150,0.5527641168453571,2024-08-26 11:35:00+00:00,2024-08-26 14:05:00+00:00,2024-07-03 00:00:00+00:00
1724677200000,1724677500000,1724680500000,1,dip_unconfirmed,2524.3085,2515.9165,3315.9165,2515.8664999999996,8.39200000000028,11.916110581505798,-100.59580552907745,-1.0059580552907745,stop,50,0.21645614871304156,2024-08-26 13:05:00+00:00,2024-08-26 13:55:00+00:00,2024-07-03 00:00:00+00:00
1724686200000,1724686500000,1724745900000,1,dip_unconfirmed,2512.7505,2503.4788009293675,3386.1487079925964,2503.4288009293673,9.271699070632621,10.785509671764709,-100.5392754835902,-1.005392754835902,stop,990,1.1133881634162563,2024-08-26 15:35:00+00:00,2024-08-27 08:05:00+00:00,2024-07-03 00:00:00+00:00
1724695200000,1724695500000,1724721300000,1,dip_unconfirmed,2518.5054999999998,2509.299291632519,3390.220128380662,2509.2492916325186,9.20620836748094,10.862235136153302,-100.54311175680964,-1.0054311175680963,stop,430,0.2347329012922792,2024-08-26 18:05:00+00:00,2024-08-27 01:15:00+00:00,2024-07-03 00:00:00+00:00
1724722200000,1724722500000,1724745600000,1,dip_unconfirmed,2512.96,2504.5415000000003,3304.5415000000003,2504.4915,8.418499999999767,11.87860070083777,-100.59393003504405,-1.0059393003504404,stop,385,0.5046029577715401,2024-08-27 01:35:00+00:00,2024-08-27 08:00:00+00:00,2024-07-03 00:00:00+00:00
1724724000000,1724724300000,1724843400000,1,dip_unconfirmed,2510.2215000000006,2501.8015,3301.8015,2501.7515,8.420000000000528,11.876484560569327,-100.59382422803063,-1.0059382422803063,stop,1985,2.1868171021375775,2024-08-27 02:05:00+00:00,2024-08-28 11:10:00+00:00,2024-07-03 00:00:00+00:00
1724792400000,1724796300000,1724810100000,1,dip_unconfirmed,2525.46,2516.59,3316.59,2516.54,8.86999999999989,11.273957158962935,-100.5636978579502,-1.005636978579502,stop,230,0.35789177001128736,2024-08-27 22:05:00+00:00,2024-08-28 01:55:00+00:00,2024-07-03 00:00:00+00:00
1724805000000,1724805300000,1724810100000,1,dip_unconfirmed,2525.052,2516.6499999999996,3316.6499999999996,2516.5999999999995,8.402000000000498,11.901928112353495,-100.59509640561984,-1.0059509640561983,stop,80,0.052487502975455534,2024-08-28 00:35:00+00:00,2024-08-28 01:55:00+00:00,2024-07-03 00:00:00+00:00
1724806800000,1724807100000,1724811000000,1,dip_unconfirmed,2524.91,2516.49,3316.49,2516.4399999999996,8.420000000000073,11.876484560569969,-100.59382422803066,-1.0059382422803065,stop,65,0.0,2024-08-28 01:05:00+00:00,2024-08-28 02:10:00+00:00,2024-07-03 00:00:00+00:00
1724810400000,1724810700000,1724821800000,1,dip_unconfirmed,2517.5935,2509.1715,3309.1715,2509.1214999999997,8.422000000000025,11.873664212776026,-100.59368321064095,-1.0059368321064095,stop,185,0.07023272381862376,2024-08-28 02:05:00+00:00,2024-08-28 05:10:00+00:00,2024-07-03 00:00:00+00:00
1724812200000,1724812500000,1724822700000,1,dip_unconfirmed,2516.4599999999996,2507.96,3307.96,2507.91,8.499999999999545,11.76470588235357,-100.58823529411983,-1.0058823529411982,stop,170,0.15647058823540091,2024-08-28 02:35:00+00:00,2024-08-28 05:25:00+00:00,2024-07-03 00:00:00+00:00
1724932800000,1724933100000,1724934900000,1,dip_unconfirmed,2520.3565000000003,2511.99,3311.99,2511.9399999999996,8.366500000000542,11.952429331260804,-100.59762146656522,-1.0059762146656521,stop,30,0.0,2024-08-29 12:05:00+00:00,2024-08-29 12:35:00+00:00,2024-07-03 00:00:00+00:00
1724934600000,1724934900000,1724935500000,1,dip_unconfirmed,2516.6459999999997,2508.1165,3308.1165,2508.0665,8.529499999999643,11.724016648104131,-100.58620083240734,-1.0058620083240735,stop,10,0.38314086406009973,2024-08-29 12:35:00+00:00,2024-08-29 12:45:00+00:00,2024-07-03 00:00:00+00:00
1724936400000,1724936700000,1725033300000,1,dip_unconfirmed,2509.785,2500.1284253891167,3409.635886477458,2500.0784253891165,9.656574610883126,10.355638933012361,-100.5177819466525,-1.005177819466525,stop,1610,1.9239741573643852,2024-08-29 13:05:00+00:00,2024-08-30 15:55:00+00:00,2024-07-03 00:00:00+00:00
1724956200000,1724956500000,1724980200000,1,dip_unconfirmed,2525.4519999999998,2515.2414151523635,3502.7498999159984,2515.1914151523633,10.210584847636255,9.793758290265806,-100.48968791451507,-1.0048968791451507,stop,395,0.05773420512112121,2024-08-29 18:35:00+00:00,2024-08-30 01:10:00+00:00,2024-07-03 00:00:00+00:00
1724976000000,1724976300000,1725027000000,1,dip_unconfirmed,2520.1049999999996,2511.6499999999996,3311.6499999999996,2511.5999999999995,8.454999999999927,11.827321111768287,-100.59136605559057,-1.0059136605559056,stop,845,0.7616794795979379,2024-08-30 00:05:00+00:00,2024-08-30 14:10:00+00:00,2024-07-03 00:00:00+00:00
1724977800000,1724978100000,1725028200000,1,dip_unconfirmed,2519.4149999999995,2510.9565000000002,3310.9565000000002,2510.9065,8.458499999999276,11.822427144293735,-100.59112135721684,-1.0059112135721684,stop,835,0.84293905538821,2024-08-30 00:35:00+00:00,2024-08-30 14:30:00+00:00,2024-07-03 00:00:00+00:00
1724979600000,1724979900000,1725028200000,1,dip_unconfirmed,2518.25,2509.815,3309.815,2509.765,8.434999999999945,11.855364552460065,-100.59276822762516,-1.0059276822762515,stop,805,0.983402489626571,2024-08-30 01:05:00+00:00,2024-08-30 14:30:00+00:00,2024-07-03 00:00:00+00:00
1724985000000,1724985300000,1725028500000,1,dip_unconfirmed,2516.347,2507.95,3307.95,2507.8999999999996,8.39700000000039,11.909015124448656,-100.5954507562246,-1.005954507562246,stop,720,1.2144813623912578,2024-08-30 02:35:00+00:00,2024-08-30 14:35:00+00:00,2024-07-03 00:00:00+00:00
1725535800000,1725536100000,1725545400000,1,dip_unconfirmed,2516.12,2507.69,3307.69,2507.64,8.429999999999836,11.862396204033445,-100.59311981020383,-1.0059311981020382,stop,155,0.837544483985787,2024-09-05 11:35:00+00:00,2024-09-05 14:10:00+00:00,2024-07-03 00:00:00+00:00
1725537600000,1725537900000,1725548700000,1,dip_unconfirmed,2515.697,2507.265,3307.265,2507.2149999999997,8.432000000000244,11.859582542694154,-100.59297912713686,-1.0059297912713685,stop,180,0.8875118595824959,2024-09-05 12:05:00+00:00,2024-09-05 15:05:00+00:00,2024-07-03 00:00:00+00:00
1725550200000,1725550500000,1725639000000,1,dip_unconfirmed,2506.5115,2495.5927811244887,3547.464668675615,2495.5427811244886,10.918718875511331,9.15858363422851,-100.45792918171308,-1.0045792918171308,stop,1475,2.050148946522072,2024-09-05 15:35:00+00:00,2024-09-06 16:10:00+00:00,2024-07-03 00:00:00+00:00
1725564600000,1725564900000,1725629400000,1,dip_unconfirmed,2515.467,2506.7089013118148,3348.8187701303686,2506.6589013118146,8.758098688185328,11.418003331579257,-100.57090016658103,-1.0057090016658103,stop,1075,1.533380757414458,2024-09-05 19:35:00+00:00,2024-09-06 13:30:00+00:00,2024-07-03 00:00:00+00:00
1725582600000,1725582900000,1725626100000,1,dip_unconfirmed,2516.7114999999994,2508.255,3308.255,2508.205,8.456499999999323,11.825223201088868,-100.5912611600566,-1.005912611600566,stop,720,0.562466741559841,2024-09-06 00:35:00+00:00,2024-09-06 12:35:00+00:00,2024-07-03 00:00:00+00:00
1725584400000,1725584700000,1725626100000,1,dip_unconfirmed,2516.435,2507.9965,3307.9965,2507.9465,8.438499999999749,11.850447354387981,-100.59252236772156,-1.0059252236772156,stop,690,0.5964330153463354,2024-09-06 01:05:00+00:00,2024-09-06 12:35:00+00:00,2024-07-03 00:00:00+00:00
1725586200000,1725586500000,1725626100000,1,dip_unconfirmed,2515.43,2507.075,3307.075,2507.0249999999996,8.355000000000018,11.968880909634922,-100.59844404548392,-1.0059844404548393,stop,660,0.722681029323758,2024-09-06 01:35:00+00:00,2024-09-06 12:35:00+00:00,2024-07-03 00:00:00+00:00
1725967800000,1725968100000,1726141200000,1,dip_unconfirmed,2505.331,2497.0,3297.0,2517.5965,8.331000000000131,12.00336094106331,147.22722362261172,1.4722722362261171,timeout,2885,2.8080662585523783,2024-09-10 11:35:00+00:00,2024-09-12 11:40:00+00:00,2024-07-03 00:00:00+00:00
1725969600000,1725969900000,1726143000000,1,dip_unconfirmed,2505.0119999999997,2496.6565,3296.6565,2520.3714999999997,8.355499999999665,11.968164681946503,183.82502543235762,1.8382502543235761,timeout,2885,2.8380108910300517,2024-09-10 12:05:00+00:00,2024-09-12 12:10:00+00:00,2024-07-03 00:00:00+00:00
1725978600000,1725978900000,1726037100000,1,dip_unconfirmed,2502.2250000000004,2493.8284999999996,3293.8284999999996,2527.4145000000026,8.396500000000742,11.909724289881636,300.0,3.0,target,970,2.970702078246609,2024-09-10 14:35:00+00:00,2024-09-11 06:45:00+00:00,2024-07-03 00:00:00+00:00
1725991200000,1725991500000,1726058400000,1,dip_unconfirmed,2513.649,2505.2565,3305.2565,2505.2065,8.392499999999927,11.91540065534714,-100.59577003276954,-1.0059577003276954,stop,1115,1.7963658028001914,2024-09-10 18:05:00+00:00,2024-09-11 12:40:00+00:00,2024-07-03 00:00:00+00:00
1726002000000,1726005900000,1726058400000,1,dip_unconfirmed,2517.2270000000003,2508.635,3308.635,2508.585,8.592000000000098,11.63873370577268,-100.58193668529076,-1.0058193668529076,stop,875,1.3382216014897481,2024-09-10 22:05:00+00:00,2024-09-11 12:40:00+00:00,2024-07-03 00:00:00+00:00
1726059600000,1726059900000,1726146600000,1,dip_unconfirmed,2508.5915,2498.994862248173,3423.458637430894,2537.381413255481,9.596637751827075,10.42031621762125,300.0,3.0,target,1445,2.7529433415333444,2024-09-11 13:05:00+00:00,2024-09-12 13:10:00+00:00,2024-07-03 00:00:00+00:00
1726061400000,1726061700000,1726146600000,1,dip_unconfirmed,2508.1024999999995,2498.002407801875,3468.4116276143995,2538.402776594373,10.100092198124457,9.900899718377774,300.0,3.0,target,1415,2.664134096221127,2024-09-11 13:35:00+00:00,2024-09-12 13:10:00+00:00,2024-07-03 00:00:00+00:00
1726075800000,1726076100000,1726148700000,1,dip_unconfirmed,2514.5555,2503.966505500771,3518.1659554237303,2546.3224834976872,10.588994499229102,9.443767300783865,300.0,3.0,target,1210,2.8232142345693343,2024-09-11 17:35:00+00:00,2024-09-12 13:45:00+00:00,2024-07-03 00:00:00+00:00
1726158600000,1726158900000,1726437900000,1,dip_unconfirmed,2546.161,2532.7625468980837,3822.657857089729,2578.227,13.398453101916402,7.463548160324332,239.32613530895856,2.3932613530895854,timeout,4650,2.9558636134148344,2024-09-12 16:35:00+00:00,2024-09-15 22:05:00+00:00,2024-07-03 00:00:00+00:00
1726212600000,1726212900000,1726437900000,1,dip_unconfirmed,2565.78,2557.2821006357863,3363.572037057169,2578.227,8.497899364213936,11.767614055435464,146.47149214800123,1.4647149214800124,timeout,3750,2.3517576689787387,2024-09-13 07:35:00+00:00,2024-09-15 22:05:00+00:00,2024-07-03 00:00:00+00:00
1726223400000,1726223700000,1726437900000,1,dip_unconfirmed,2567.1184999999996,2557.9123347637515,3433.678858388598,2578.227,9.206165236248125,10.86228602613632,120.66370432133833,1.2066370432133833,timeout,3570,2.0254361638635405,2024-09-13 10:35:00+00:00,2024-09-15 22:05:00+00:00,2024-07-03 00:00:00+00:00
1726255800000,1726256100000,1726437900000,1,dip_unconfirmed,2582.1035,2573.274837893531,3423.7910485404136,2578.227,8.828662106468983,11.326744504892478,-43.90812507321915,-0.4390812507321915,timeout,3030,0.06359967039489668,2024-09-13 19:35:00+00:00,2024-09-15 22:05:00+00:00,2024-07-03 00:00:00+00:00
1726261200000,1726437900000,1726569900000,1,dip_unconfirmed,2579.621,2570.015,3370.015,2569.9649999999997,9.606000000000222,10.410160316468634,-100.52050801582533,-1.0052050801582533,stop,2200,1.0102019571100873,2024-09-15 22:05:00+00:00,2024-09-17 10:45:00+00:00,2024-07-03 00:00:00+00:00
1726439400000,1726439700000,1726569600000,1,dip_unconfirmed,2578.9649999999997,2570.5405,3370.5405,2570.4905,8.424499999999625,11.870140661167364,-100.59350703306053,-1.0059350703306054,stop,2165,1.2297465724969538,2024-09-15 22:35:00+00:00,2024-09-17 10:40:00+00:00,2024-07-03 00:00:00+00:00
1726444800000,1726445100000,1726569300000,1,dip_unconfirmed,2579.6399999999994,2571.205,3371.205,2571.1549999999997,8.43499999999949,11.855364552460705,-100.5927682276252,-1.005927682276252,stop,2070,1.1481920569058666,2024-09-16 00:05:00+00:00,2024-09-17 10:35:00+00:00,2024-07-03 00:00:00+00:00
1726470000000,1726470300000,1726484100000,1,dip_unconfirmed,2585.7585,2577.375,3377.375,2577.325,8.383499999999913,11.928192282459717,-100.59640961412515,-1.0059640961412515,stop,230,0.2875290749686863,2024-09-16 07:05:00+00:00,2024-09-16 10:55:00+00:00,2024-07-03 00:00:00+00:00
1726471800000,1726472100000,1726566300000,1,dip_unconfirmed,2581.4215,2573.105,3373.105,2573.055,8.316499999999905,12.024289063909233,-100.60121445319764,-1.0060121445319765,stop,1570,0.9124631756147329,2024-09-16 07:35:00+00:00,2024-09-17 09:45:00+00:00,2024-07-03 00:00:00+00:00
1726484400000,1726484700000,1726566900000,1,dip_unconfirmed,2580.292,2571.84,3371.84,2571.79,8.45199999999977,11.831519167061371,-100.59157595835522,-1.0059157595835522,stop,1370,1.0314718409843924,2024-09-16 11:05:00+00:00,2024-09-17 09:55:00+00:00,2024-07-03 00:00:00+00:00
1726687800000,1726688100000,1726689000000,1,dip_unconfirmed,2566.24,2548.1954911117036,4298.496379941356,2548.1454911117034,18.04450888829615,5.541852129035277,-100.27709260645277,-1.0027709260645277,stop,15,0.0,2024-09-18 19:35:00+00:00,2024-09-18 19:50:00+00:00,2024-07-03 00:00:00+00:00
1726772400000,1726772700000,1726847100000,1,dip_unconfirmed,2588.762,2577.851584585725,3628.1931260132037,2621.4932462428255,10.910415414275121,9.165553849504263,300.0,3.0,target,1240,2.7892613474811183,2024-09-19 19:05:00+00:00,2024-09-20 15:45:00+00:00,2024-07-03 00:00:00+00:00
1726774200000,1726774500000,1726835400000,1,dip_unconfirmed,2587.7250000000004,2577.328828543888,3587.7959741551194,2618.9135143683375,10.39617145611237,9.618925622971096,300.0,3.0,target,1015,2.8822148736670536,2024-09-19 19:35:00+00:00,2024-09-20 12:30:00+00:00,2024-07-03 00:00:00+00:00
1726779600000,1726783500000,1726834800000,1,dip_unconfirmed,2587.4550000000004,2577.8463202663706,3479.714293629293,2616.2810392008896,9.608679733629742,10.407257060510263,300.0,3.0,target,855,2.9858420506603998,2024-09-19 22:05:00+00:00,2024-09-20 12:20:00+00:00,2024-07-03 00:00:00+00:00
1726826400000,1726826700000,1727042700000,1,dip_unconfirmed,2606.836,2598.395,3398.395,2620.5624999999995,8.440999999999804,11.8469375666393,162.6169885084715,1.626169885084715,timeout,3600,2.197903092050838,2024-09-20 10:05:00+00:00,2024-09-22 22:05:00+00:00,2024-07-03 00:00:00+00:00
1726839000000,1726839300000,1727042700000,1,dip_unconfirmed,2609.89,2600.7825931458233,3467.0232785635008,2620.5624999999995,9.107406854176588,10.980073867474225,117.18483835061507,1.1718483835061506,timeout,3390,1.701746748350559,2024-09-20 13:35:00+00:00,2024-09-22 22:05:00+00:00,2024-07-03 00:00:00+00:00
1726840800000,1726841100000,1727042700000,1,dip_unconfirmed,2607.215,2597.4279793496935,3531.1300443803934,2620.5624999999995,9.787020650306658,10.217614080222328,136.3796039357614,1.3637960393576138,timeout,3360,1.8568980948692386,2024-09-20 14:05:00+00:00,2024-09-22 22:05:00+00:00,2024-07-03 00:00:00+00:00
1726855200000,1726855500000,1727042700000,1,dip_unconfirmed,2620.0620000000004,2609.222254939146,3651.996761024587,2620.5624999999995,10.839745060854511,9.225309215170496,4.617267262185383,0.04617267262185383,timeout,3120,0.27874271793636113,2024-09-20 18:05:00+00:00,2024-09-22 22:05:00+00:00,2024-07-03 00:00:00+00:00
1726864200000,1726864500000,1727042700000,1,dip_unconfirmed,2620.3435,2611.0143181991134,3508.082498287721,2620.5624999999995,9.329181800886545,10.71905362488456,2.3474727438453904,0.023474727438453902,timeout,2970,0.19792732518350473,2024-09-20 20:35:00+00:00,2024-09-22 22:05:00+00:00,2024-07-03 00:00:00+00:00
1727053200000,1727053500000,1727189700000,1,dip_unconfirmed,2618.797,2610.4,3410.4,2643.988,8.396999999999935,11.9090151244493,300.0,3.0,target,2270,2.9666547576515723,2024-09-23 01:05:00+00:00,2024-09-24 14:55:00+00:00,2024-07-03 00:00:00+00:00
1727069400000,1727069700000,1727075400000,1,dip_unconfirmed,2629.2,2620.7635,3420.7635,2620.7135,8.436499999999796,11.853256682273742,-100.59266283411584,-1.0059266283411583,stop,95,0.2150180762164819,2024-09-23 05:35:00+00:00,2024-09-23 07:10:00+00:00,2024-07-03 00:00:00+00:00
1727074800000,1727075100000,1727077200000,1,dip_unconfirmed,2624.8595000000005,2616.5265,3416.5265,2616.4764999999998,8.333000000000538,12.000480019199992,-100.60002400096218,-1.0060002400096217,stop,35,0.0,2024-09-23 07:05:00+00:00,2024-09-23 07:40:00+00:00,2024-07-03 00:00:00+00:00
1727076600000,1727076900000,1727189700000,1,dip_unconfirmed,2619.8900000000003,2611.4465,3411.4465,2645.2205000000013,8.443500000000313,11.843429857286232,300.0,3.0,target,1880,2.8208681234084056,2024-09-23 07:35:00+00:00,2024-09-24 14:55:00+00:00,2024-07-03 00:00:00+00:00
1727078400000,1727078700000,1727189100000,1,dip_unconfirmed,2615.6185,2607.0048853280177,3429.1663525262325,2641.459344015947,8.613614671982305,11.60952791692345,300.0,3.0,target,1840,2.8017273721911673,2024-09-23 08:05:00+00:00,2024-09-24 14:45:00+00:00,2024-07-03 00:00:00+00:00
1727109000000,1727109300000,1727205600000,1,dip_unconfirmed,2629.1355000000003,2619.4018042333387,3550.0713808994287,2658.3365872999852,9.73369576666164,10.273590052249697,300.0,3.0,target,1605,2.9394795857496443,2024-09-23 16:35:00+00:00,2024-09-24 19:20:00+00:00,2024-07-03 00:00:00+00:00
1727110800000,1727111100000,1727203200000,1,dip_unconfirmed,2628.6740000000004,2619.2412110738146,3517.120103692329,2656.972366778558,9.432788926185822,10.601318526527796,300.0,3.0,target,1535,2.986815481663891,2024-09-23 17:05:00+00:00,2024-09-24 18:40:00+00:00,2024-07-03 00:00:00+00:00
1727222400000,1727222700000,1727283000000,1,dip_unconfirmed,2658.7170000000006,2649.6536542022855,3509.138233973702,2649.6036542022853,9.063345797715101,11.03345301303745,-100.55167265065387,-1.0055167265065388,stop,1005,1.261399515715394,2024-09-25 00:05:00+00:00,2024-09-25 16:50:00+00:00,2024-07-03 00:00:00+00:00
1727236800000,1727237100000,1727248200000,1,dip_unconfirmed,2662.0525,2651.818389298833,3628.829459415503,2651.768389298833,10.234110701166628,9.77124470508225,-100.4885622352559,-1.004885622352559,stop,185,0.0,2024-09-25 04:05:00+00:00,2024-09-25 07:10:00+00:00,2024-07-03 00:00:00+00:00
1727238600000,1727238900000,1727412000000,1,dip_unconfirmed,2659.5220000000004,2649.4366829203454,3613.6183908858256,2669.4530000000004,10.085317079654942,9.915404663055114,98.46988370880074,0.9846988370880073,timeout,2885,2.5460776093792807,2024-09-25 04:35:00+00:00,2024-09-27 04:40:00+00:00,2024-07-03 00:00:00+00:00
1727240400000,1727240700000,1727283000000,1,dip_unconfirmed,2659.382,2649.6990984260347,3577.93925582255,2649.6490984260345,9.68290157396541,10.32748285584889,-100.51637414279432,-1.0051637414279433,stop,705,0.8015675818566718,2024-09-25 05:05:00+00:00,2024-09-25 16:50:00+00:00,2024-07-03 00:00:00+00:00
1727242200000,1727242500000,1727415600000,1,dip_unconfirmed,2657.5745,2648.2379128241755,3551.796630406649,2662.255,9.336587175824661,10.710551737676827,50.13073740819573,0.5013073740819572,timeout,2885,2.9588434702919226,2024-09-25 05:35:00+00:00,2024-09-27 05:40:00+00:00,2024-07-03 00:00:00+00:00
1727249400000,1727249700000,1727350800000,1,dip_unconfirmed,2653.975,2644.582834435425,3548.449390892948,2682.1514966937248,9.392165564574952,10.647171763791789,300.0,3.0,target,1685,2.789026643525228,2024-09-25 07:35:00+00:00,2024-09-26 11:40:00+00:00,2024-07-03 00:00:00+00:00
1727283600000,1727283900000,1727457000000,1,dip_unconfirmed,2654.1290000000004,2643.619308452332,3663.538463219164,2648.5285000000003,10.509691547668353,9.515027110589719,-53.28890933285782,-0.5328890933285781,timeout,2885,2.9564140735313233,2024-09-25 17:05:00+00:00,2024-09-27 17:10:00+00:00,2024-07-03 00:00:00+00:00
1727296200000,1727296500000,1727350800000,1,dip_unconfirmed,2659.1020000000003,2650.6686863968007,3466.450046716748,2684.401940809599,8.433313603199622,11.857735251545694,300.0,3.0,target,905,2.4981876627955644,2024-09-25 20:35:00+00:00,2024-09-26 11:40:00+00:00,2024-07-03 00:00:00+00:00
1727355600000,1727355900000,1727356500000,1,dip_unconfirmed,2677.8019999999997,2666.867713342284,3714.5963791139015,2666.8177133422837,10.934286657715802,9.145544024075388,-100.45727720120543,-1.0045727720120543,stop,10,0.14061273937019236,2024-09-26 13:05:00+00:00,2024-09-26 13:15:00+00:00,2024-07-03 00:00:00+00:00
1727357400000,1727357700000,1727358900000,1,dip_unconfirmed,2668.4325,2655.2881623892636,3917.821923462903,2655.2381623892634,13.14433761073633,7.607838672548987,-100.38039193362883,-1.0038039193362882,stop,20,0.04671212944948787,2024-09-26 13:35:00+00:00,2024-09-26 13:55:00+00:00,2024-07-03 00:00:00+00:00
1727359200000,1727359500000,1727449500000,1,dip_unconfirmed,2661.4225,2647.0993293614592,4028.6663932155525,2647.049329361459,14.323170638540887,6.981694383429274,-100.34908471917274,-1.0034908471917274,stop,1500,1.124611331282768,2024-09-26 14:05:00+00:00,2024-09-27 15:05:00+00:00,2024-07-03 00:00:00+00:00
1727380800000,1727381100000,1727415600000,1,dip_unconfirmed,2674.1895,2662.4205357667324,3792.866959093477,2662.3705357667322,11.768964233267525,8.496924454688065,-100.42484622273595,-1.0042484622273595,stop,575,0.0,2024-09-26 20:05:00+00:00,2024-09-27 05:40:00+00:00,2024-07-03 00:00:00+00:00
1727416800000,1727417100000,1727448600000,1,dip_unconfirmed,2665.3034999999995,2656.9085,3456.9085,2656.8585,8.394999999999527,11.911852293032238,-100.59559261465378,-1.0059559261465378,stop,525,1.029124478856547,2024-09-27 06:05:00+00:00,2024-09-27 14:50:00+00:00,2024-07-03 00:00:00+00:00
1727422200000,1727422500000,1727448600000,1,dip_unconfirmed,2662.7645,2654.1111590954242,3482.495249553019,2654.061159095424,8.653340904575998,11.556230258664456,-100.57781151293533,-1.0057781151293532,stop,435,1.291813199464752,2024-09-27 07:35:00+00:00,2024-09-27 14:50:00+00:00,2024-07-03 00:00:00+00:00
1727807400000,1727807700000,1727847000000,1,dip_unconfirmed,2662.2565,2648.8595284616968,3946.4066822920367,2648.8095284616966,13.396971538303205,7.4643735499542245,-100.37321867749907,-1.0037321867749907,stop,655,0.1779506654309098,2024-10-01 18:35:00+00:00,2024-10-02 05:30:00+00:00,2024-07-03 00:00:00+00:00
1727809200000,1727809500000,1727847000000,1,dip_unconfirmed,2661.5065,2648.4249907144326,3919.7759192711706,2648.3749907144324,13.081509285567336,7.644377863212522,-100.38221889316202,-1.0038221889316201,stop,625,0.19172099680939036,2024-10-01 19:05:00+00:00,2024-10-02 05:30:00+00:00,2024-07-03 00:00:00+00:00
1727823600000,1727823900000,1727847000000,1,dip_unconfirmed,2662.68,2651.806716896877,3685.135027209239,2651.7567168968767,10.873283103122958,9.196854257503754,-100.45984271287686,-1.0045984271287687,stop,385,0.0,2024-10-01 23:05:00+00:00,2024-10-02 05:30:00+00:00,2024-07-03 00:00:00+00:00
1727825400000,1727825700000,1727847000000,1,dip_unconfirmed,2661.6045000000004,2651.221237118528,3640.5975252657236,2651.1712371185276,10.383262881472547,9.630883966006076,-100.48154419830205,-1.0048154419830204,stop,355,0.009341957447002069,2024-10-01 23:35:00+00:00,2024-10-02 05:30:00+00:00,2024-07-03 00:00:00+00:00
1727827200000,1727827500000,1727847000000,1,dip_unconfirmed,2660.815,2651.0510773243477,3586.5933448896003,2651.0010773243475,9.763922675652339,10.241785327669946,-100.51208926638536,-1.0051208926638535,stop,325,0.09079342692980115,2024-10-02 00:05:00+00:00,2024-10-02 05:30:00+00:00,2024-07-03 00:00:00+00:00
1727847000000,1727847300000,1727882400000,1,dip_unconfirmed,2649.9455,2641.1634593845724,3473.3175209273168,2641.1134593845723,8.782040615427377,11.386875144295095,-100.56934375721683,-1.0056934375721682,stop,585,1.4843361094345822,2024-10-02 05:35:00+00:00,2024-10-02 15:20:00+00:00,2024-07-03 00:00:00+00:00
1727848800000,1727849100000,1727964300000,1,dip_unconfirmed,2648.5099999999998,2639.554283714246,3493.6259122896477,2639.504283714246,8.955716285753624,11.166052698551402,-100.55830263492959,-1.005583026349296,stop,1920,1.615839486007374,2024-10-02 06:05:00+00:00,2024-10-03 14:05:00+00:00,2024-07-03 00:00:00+00:00
1727915400000,1727915700000,1727940300000,1,dip_unconfirmed,2659.0225000000005,2650.5699999999997,3450.5699999999997,2650.5199999999995,8.452500000000782,11.83081928423434,-100.59154096421388,-1.0059154096421388,stop,410,0.0,2024-10-03 00:35:00+00:00,2024-10-03 07:25:00+00:00,2024-10-03 00:00:00+00:00
1727917200000,1727917500000,1727940600000,1,dip_unconfirmed,2658.3235,2649.87,3449.87,2649.8199999999997,8.453500000000076,11.829419766960324,-100.59147098835017,-1.0059147098835017,stop,385,0.02874549003370627,2024-10-03 01:05:00+00:00,2024-10-03 07:30:00+00:00,2024-10-03 00:00:00+00:00
1727919000000,1727919300000,1727940600000,1,dip_unconfirmed,2657.75,2649.3055,3449.3055,2649.2554999999998,8.444500000000062,11.842027355083104,-100.59210136775631,-1.0059210136775631,stop,355,0.06572325182069184,2024-10-03 01:35:00+00:00,2024-10-03 07:30:00+00:00,2024-10-03 00:00:00+00:00
1727924400000,1727924700000,1727940900000,1,dip_unconfirmed,2656.2945,2647.8535,3447.8535,2647.8035,8.440999999999804,11.8469375666393,-100.59234687833413,-1.0059234687833412,stop,270,0.1658571259329071,2024-10-03 03:05:00+00:00,2024-10-03 07:35:00+00:00,2024-10-03 00:00:00+00:00
1728025200000,1728025500000,1728045300000,1,dip_unconfirmed,2660.661,2652.3015,3452.3015,2652.2515,8.359500000000025,11.962437944853125,-100.59812189724484,-1.0059812189724484,stop,330,0.26125964471561575,2024-10-04 07:05:00+00:00,2024-10-04 12:35:00+00:00,2024-10-03 00:00:00+00:00
1728030600000,1728030900000,1728045300000,1,dip_unconfirmed,2660.7465000000007,2652.3465,3452.3465,2652.2965,8.400000000000546,11.90476190476113,-100.59523809524022,-1.0059523809524022,stop,240,0.17994047619036446,2024-10-04 08:35:00+00:00,2024-10-04 12:35:00+00:00,2024-10-03 00:00:00+00:00
1728032400000,1728032700000,1728045300000,1,dip_unconfirmed,2659.4945,2651.0845,3451.0845,2651.0344999999998,8.409999999999854,11.890606420927673,-100.59453032104855,-1.0059453032104855,stop,210,0.32859690844233885,2024-10-04 09:05:00+00:00,2024-10-04 12:35:00+00:00,2024-10-03 00:00:00+00:00
1728034200000,1728034500000,1728045300000,1,dip_unconfirmed,2658.1975,2649.74,3449.74,2649.6899999999996,8.457500000000437,11.82382500738928,-100.59119125037161,-1.0059119125037161,stop,180,0.4801064144249936,2024-10-04 09:35:00+00:00,2024-10-04 12:35:00+00:00,2024-10-03 00:00:00+00:00
1728630000000,1728630300000,1728857100000,1,dip_unconfirmed,2639.9100000000003,2631.56,3431.56,2649.217,8.350000000000364,11.976047904191095,111.46107784430399,1.11461077844304,timeout,3780,2.533592814371129,2024-10-11 07:05:00+00:00,2024-10-13 22:05:00+00:00,2024-10-03 00:00:00+00:00
1728637200000,1728637500000,1728857100000,1,dip_unconfirmed,2639.6935000000003,2631.2965000000004,3431.2965000000004,2649.217,8.396999999999935,11.9090151244493,113.41550553769036,1.1341550553769038,timeout,3660,2.545194712397286,2024-10-11 09:05:00+00:00,2024-10-13 22:05:00+00:00,2024-10-03 00:00:00+00:00
1728639000000,1728639300000,1728857100000,1,dip_unconfirmed,2637.4315,2628.8210066103993,3446.5703455704684,2649.217,8.610493389600833,11.613736341842289,136.87368965678178,1.3687368965678177,timeout,3630,2.7447904470310083,2024-10-11 09:35:00+00:00,2024-10-13 22:05:00+00:00,2024-10-03 00:00:00+00:00
1728667800000,1728668100000,1728857100000,1,dip_unconfirmed,2659.2855,2649.9741112526513,3549.4129859875256,2649.217,9.311388747348701,10.739536573260752,-108.13102398787436,-1.0813102398787435,timeout,3150,0.062128219076321656,2024-10-11 17:35:00+00:00,2024-10-13 22:05:00+00:00,2024-10-03 00:00:00+00:00
1728676800000,1728677100000,1728857100000,1,dip_unconfirmed,2656.5724999999998,2648.185,3448.185,2649.217,8.387499999999818,11.922503725782672,-87.69597615499045,-0.8769597615499045,timeout,3000,0.055856929955339966,2024-10-11 20:05:00+00:00,2024-10-13 22:05:00+00:00,2024-10-03 00:00:00+00:00
1728864000000,1728864300000,1728911700000,1,dip_unconfirmed,2648.575,2640.085,3440.085,2648.5249999999996,8.489999999999782,11.778563015312434,-0.5889281507677642,-0.005889281507677642,breakeven,790,2.114075382803402,2024-10-14 00:05:00+00:00,2024-10-14 13:15:00+00:00,2024-10-03 00:00:00+00:00
1728865800000,1728866100000,1728912000000,1,dip_unconfirmed,2647.7594999999997,2639.37,3439.37,2647.7094999999995,8.38949999999977,11.919661481614249,-0.5959830740828806,-0.0059598307408288064,breakeven,765,2.2366052804101666,2024-10-14 00:35:00+00:00,2024-10-14 13:20:00+00:00,2024-10-03 00:00:00+00:00
1728867600000,1728867900000,1728915900000,1,dip_unconfirmed,2647.1995000000006,2638.7795,3438.7795,2647.1495000000004,8.420000000000528,11.876484560569327,-0.5938242280306267,-0.005938242280306268,breakeven,800,2.295011876484371,2024-10-14 01:05:00+00:00,2024-10-14 14:25:00+00:00,2024-10-03 00:00:00+00:00
1728891000000,1728891300000,1728906900000,1,dip_unconfirmed,2661.1800000000003,2652.546477133453,3473.3987637881382,2652.496477133453,8.633522866547082,11.582757299164287,-100.57913786496032,-1.005791378649603,stop,260,0.26003290136617296,2024-10-14 07:35:00+00:00,2024-10-14 11:55:00+00:00,2024-10-03 00:00:00+00:00
1728892800000,1728893100000,1728906900000,1,dip_unconfirmed,2660.932,2652.2164430524927,3480.2221378032655,2652.1664430524925,8.715556947507139,11.473736056374737,-100.57368680282082,-1.0057368680282082,stop,230,0.200560906265488,2024-10-14 08:05:00+00:00,2024-10-14 11:55:00+00:00,2024-10-03 00:00:00+00:00
1728907200000,1728907500000,1728921600000,1,dip_unconfirmed,2652.6555000000003,2644.2235,3444.2235,2644.1735,8.432000000000244,11.859582542694154,-100.59297912713686,-1.0059297912713685,stop,235,0.9737903225805915,2024-10-14 12:05:00+00:00,2024-10-14 16:00:00+00:00,2024-10-03 00:00:00+00:00
1728918000000,1728918300000,1729091400000,1,dip_unconfirmed,2646.2255,2635.684473948768,3639.237079072028,2669.3935,10.541026051232166,9.486742515763991,219.78885060522128,2.197888506052213,timeout,2885,3.682373974918975,2024-10-14 15:05:00+00:00,2024-10-16 15:10:00+00:00,2024-10-03 00:00:00+00:00
1728919800000,1728920100000,1729093200000,1,dip_unconfirmed,2646.175,2635.9598686667127,3616.973001995455,2673.8665,10.215131333287445,9.789399346647253,271.08315200768146,2.7108315200768147,timeout,2885,3.804796897064663,2024-10-14 15:35:00+00:00,2024-10-16 15:40:00+00:00,2024-10-03 00:00:00+00:00
1728991800000,1728992100000,1729165200000,1,dip_unconfirmed,2651.3649999999993,2642.95,3442.95,2687.003,8.414999999999509,11.883541295306694,423.5056446821498,4.235056446821498,timeout,2885,4.41194295900213,2024-10-15 11:35:00+00:00,2024-10-17 11:40:00+00:00,2024-10-03 00:00:00+00:00
1728993600000,1728993900000,1729167000000,1,dip_unconfirmed,2648.1749999999997,2639.7510963581635,3443.6414605418213,2679.9750000000004,8.423903641836205,11.870980990732516,377.4971955053016,3.774971955053016,timeout,2885,4.785964051128717,2024-10-15 12:05:00+00:00,2024-10-17 12:10:00+00:00,2024-10-03 00:00:00+00:00
1729024200000,1729024500000,1729197600000,1,dip_unconfirmed,2661.6670000000004,2651.9151812852515,3594.0470527601256,2691.1310000000008,9.751818714748879,10.254497435309956,302.1385124339766,3.021385124339766,timeout,2885,3.5613356867959625,2024-10-15 20:35:00+00:00,2024-10-17 20:40:00+00:00,2024-10-03 00:00:00+00:00
1729096200000,1729096500000,1729269600000,1,dip_unconfirmed,2668.5285000000003,2657.1696662184854,3749.3530443699274,2714.9790000000003,11.358833781514932,8.803720692060605,408.9372280065604,4.0893722800656045,timeout,2885,4.513491524405633,2024-10-16 16:35:00+00:00,2024-10-18 16:40:00+00:00,2024-10-03 00:00:00+00:00
1729105200000,1729105500000,1729278600000,1,dip_unconfirmed,2675.3735,2665.702280697329,3598.624210964443,2719.4345000000003,9.671219302671034,10.339957855405226,455.5888830670112,4.555888830670112,timeout,2885,4.713056190072222,2024-10-16 19:05:00+00:00,2024-10-18 19:10:00+00:00,2024-10-03 00:00:00+00:00
1729166400000,1729166700000,1729168500000,1,dip_unconfirmed,2681.7819999999997,2672.8843045376957,3522.6038507681346,2672.8343045376955,8.897695462304,11.238865212195703,-100.56194326061183,-1.0056194326061183,stop,30,0.015284856688633587,2024-10-17 12:05:00+00:00,2024-10-17 12:35:00+00:00,2024-10-03 00:00:00+00:00
1729168200000,1729168500000,1729461900000,1,dip_unconfirmed,2680.1274999999996,2670.7869613564317,3531.7908257132694,2722.3799999999997,9.340538643567925,10.706020692806826,452.356139322821,4.52356139322821,timeout,4890,4.50782354280984,2024-10-17 12:35:00+00:00,2024-10-20 22:05:00+00:00,2024-10-03 00:00:00+00:00
1729188000000,1729188300000,1729461900000,1,dip_unconfirmed,2692.422,2681.0112027979717,3785.040923000811,2722.3799999999997,11.410797202028334,8.76362958954563,262.54081524360475,2.6254081524360475,timeout,4560,2.612525616939461,2024-10-17 18:05:00+00:00,2024-10-20 22:05:00+00:00,2024-10-03 00:00:00+00:00
1729207800000,1729208100000,1729461900000,1,dip_unconfirmed,2692.98,2684.51,3484.51,2722.3799999999997,8.4699999999998,11.806375442739357,347.1074380165328,3.471074380165328,timeout,4230,3.453719008264563,2024-10-17 23:35:00+00:00,2024-10-20 22:05:00+00:00,2024-10-03 00:00:00+00:00
1729281600000,1729281900000,1729461900000,1,dip_unconfirmed,2720.152,2711.148650006838,3571.2836493230097,2722.3799999999997,9.003349993161919,11.106976855942555,24.74634443503569,0.24746344435035691,timeout,3000,0.23113618837217914,2024-10-18 20:05:00+00:00,2024-10-20 22:05:00+00:00,2024-10-03 00:00:00+00:00
1729472400000,1729472700000,1729522500000,1,dip_unconfirmed,2722.18,2713.7065000000002,3513.7065000000002,2722.1299999999997,8.473499999999603,11.801498790346926,-0.590074939519493,-0.00590074939519493,breakeven,830,2.1285773293209957,2024-10-21 01:05:00+00:00,2024-10-21 14:55:00+00:00,2024-10-03 00:00:00+00:00
1729485000000,1729485300000,1729523400000,1,dip_unconfirmed,2730.1555000000003,2721.7,3521.7,2721.6499999999996,8.455500000000484,11.826621725503433,-100.59133108627732,-1.0059133108627731,stop,635,1.1898764118029181,2024-10-21 04:35:00+00:00,2024-10-21 15:10:00+00:00,2024-10-03 00:00:00+00:00
1729490400000,1729490700000,1729521900000,1,dip_unconfirmed,2725.2965,2716.9365,3516.9365,2725.2464999999997,8.360000000000127,11.961722488038095,-0.5980861244040806,-0.005980861244040806,breakeven,520,1.7846889952153469,2024-10-21 06:05:00+00:00,2024-10-21 14:45:00+00:00,2024-10-03 00:00:00+00:00
1729506600000,1729506900000,1729523400000,1,dip_unconfirmed,2729.2115,2720.678078562327,3533.3702223296873,2720.6280785623267,8.533421437673042,11.718629008351048,-100.5859314504197,-1.005859314504197,stop,275,1.2896351223690987,2024-10-21 10:35:00+00:00,2024-10-21 15:10:00+00:00,2024-10-03 00:00:00+00:00
1729522800000,1729523100000,1729537200000,1,dip_unconfirmed,2725.6870000000004,2715.1364611868976,3732.1403424971713,2715.0864611868974,10.550538813102776,9.47818891257093,-100.47390944563026,-1.0047390944563026,stop,235,0.11084741933247118,2024-10-21 15:05:00+00:00,2024-10-21 19:00:00+00:00,2024-10-03 00:00:00+00:00
1729524600000,1729524900000,1729688700000,1,dip_unconfirmed,2722.4850000000006,2711.1480353878333,3801.8444966045167,2739.4404469182514,11.336964612167321,8.82070319710407,149.55896484014318,1.4955896484014317,ladder_lock_1.50R,2730,3.146521244470886,2024-10-21 15:35:00+00:00,2024-10-23 13:05:00+00:00,2024-10-03 00:00:00+00:00
1729526400000,1729526700000,1729689300000,1,dip_unconfirmed,2720.5715,2709.446675717274,3781.4291039899103,2737.208736424089,11.124824282725967,8.98890602301689,149.55055469884752,1.4955055469884753,ladder_lock_1.50R,2710,3.3785252732809847,2024-10-21 16:05:00+00:00,2024-10-23 13:15:00+00:00,2024-10-03 00:00:00+00:00
1729528200000,1729528500000,1729689300000,1,dip_unconfirmed,2720.5275000000006,2709.3580203088964,3780.0559894192015,2737.231719536657,11.169479691104243,8.952968514696654,149.55235157426353,1.4955235157426352,ladder_lock_1.50R,2680,3.3689572872376967,2024-10-21 16:35:00+00:00,2024-10-23 13:15:00+00:00,2024-10-03 00:00:00+00:00
1729535400000,1729535700000,1729689600000,1,dip_unconfirmed,2720.6095,2710.5286634746562,3675.6623160090076,2735.6807547880153,10.080836525343784,9.919811689098859,149.504009415541,1.4950400941554098,ladder_lock_1.50R,2565,3.724641293964362,2024-10-21 18:35:00+00:00,2024-10-23 13:20:00+00:00,2024-10-03 00:00:00+00:00
1729537200000,1729537500000,1729689600000,1,dip_unconfirmed,2716.7520000000004,2706.780687512181,3676.061936294079,2731.658968731729,9.971312487819432,10.028770046285894,149.4985614976816,1.4949856149768161,ladder_lock_1.50R,2535,4.1524122376646035,2024-10-21 19:05:00+00:00,2024-10-23 13:20:00+00:00,2024-10-03 00:00:00+00:00
1729688400000,1729688700000,1729689600000,1,dip_unconfirmed,2743.8470000000007,2735.425,3535.425,2735.375,8.42200000000048,11.873664212775386,-100.59368321064093,-1.0059368321064093,stop,15,0.0,2024-10-23 13:05:00+00:00,2024-10-23 13:20:00+00:00,2024-10-03 00:00:00+00:00
1729690200000,1729690500000,1729692900000,1,dip_unconfirmed,2739.882,2730.500615150856,3627.4391000652745,2730.450615150856,9.38138484914407,10.65940707134765,-100.53297035356931,-1.0053297035356932,stop,40,0.05111185690710306,2024-10-23 13:35:00+00:00,2024-10-23 14:15:00+00:00,2024-10-03 00:00:00+00:00
1729692000000,1729692300000,1729692900000,1,dip_unconfirmed,2737.9049999999997,2727.9012854972234,3689.772735774894,2727.851285497223,10.003714502776347,9.99628687646442,-100.49981434382504,-1.0049981434382504,stop,10,0.0419844048812033,2024-10-23 14:05:00+00:00,2024-10-23 14:15:00+00:00,2024-10-03 00:00:00+00:00
1729693800000,1729694100000,1729696500000,1,dip_unconfirmed,2725.5205,2714.058836533136,3820.725183219547,2714.0088365331358,11.461663466864138,8.724737058377405,-100.43623685292044,-1.0043623685292045,stop,40,0.24062824807003236,2024-10-23 14:35:00+00:00,2024-10-23 15:15:00+00:00,2024-10-03 00:00:00+00:00
1729764000000,1729764300000,1729779900000,1,dip_unconfirmed,2736.9950000000003,2728.5885,3528.5885,2728.5384999999997,8.406500000000506,11.895557009456253,-100.59477785047498,-1.00594777850475,stop,260,0.7135549872122511,2024-10-24 10:05:00+00:00,2024-10-24 14:25:00+00:00,2024-10-03 00:00:00+00:00
1729769400000,1729769700000,1729779900000,1,dip_unconfirmed,2736.4085,2728.0299999999997,3528.0299999999997,2727.9799999999996,8.378500000000258,11.935310616458425,-100.5967655308251,-1.005967655308251,stop,170,0.7859402040938459,2024-10-24 11:35:00+00:00,2024-10-24 14:25:00+00:00,2024-10-03 00:00:00+00:00
1729780200000,1729780500000,1730066700000,1,dip_unconfirmed,2726.3669999999997,2716.019320761241,3702.0872446371554,2733.3625,10.347679238758701,9.664002690133243,67.60453081883142,0.6760453081883142,timeout,4770,2.0438399289362685,2024-10-24 14:35:00+00:00,2024-10-27 22:05:00+00:00,2024-10-03 00:00:00+00:00
1729785600000,1729785900000,1729845000000,1,dip_unconfirmed,2731.5770000000007,2720.527824603661,3784.2453642375467,2720.477824603661,11.049175396339706,9.050449143302341,-100.45252245716676,-1.0045252245716676,stop,985,0.5304468242888979,2024-10-24 16:05:00+00:00,2024-10-25 08:30:00+00:00,2024-10-03 00:00:00+00:00
1729787400000,1729787700000,1729848600000,1,dip_unconfirmed,2728.4420000000005,2717.2919799891138,3791.2439810777205,2717.2419799891136,11.150020010886692,8.96859376955034,-100.44842968847915,-1.0044842968847916,stop,1015,0.8068146955087163,2024-10-24 16:35:00+00:00,2024-10-25 09:30:00+00:00,2024-10-03 00:00:00+00:00
1729798200000,1729798500000,1729826100000,1,dip_unconfirmed,2735.2585,2725.4480638752207,3666.791676353142,2725.3980638752205,9.810436124779244,10.193226756496538,-100.50966133782667,-1.0050966133782666,stop,460,0.15661892911363198,2024-10-24 19:35:00+00:00,2024-10-25 03:15:00+00:00,2024-10-03 00:00:00+00:00
1729816200000,1729816500000,1729826100000,1,dip_unconfirmed,2733.27,2724.8199999999997,3524.8199999999997,2724.7699999999995,8.450000000000273,11.834319526626837,-100.5917159763335,-1.005917159763335,stop,160,0.18005917159766133,2024-10-25 00:35:00+00:00,2024-10-25 03:15:00+00:00,2024-10-03 00:00:00+00:00
1729873800000,1729874100000,1730066700000,1,dip_unconfirmed,2737.3650000000002,2726.9105211839133,3730.858402792547,2733.3625,10.454478816086976,9.565278361473515,-38.28502664179827,-0.3828502664179827,timeout,3210,0.9709714064731177,2024-10-25 16:35:00+00:00,2024-10-27 22:05:00+00:00,2024-10-03 00:00:00+00:00
1729884600000,1729884900000,1730066700000,1,dip_unconfirmed,2742.0955000000004,2733.069039613491,3593.1650782644037,2733.3625,9.02646038650937,11.078539728535947,-96.74888744930637,-0.9674888744930636,timeout,3030,0.6005122459852096,2024-10-25 19:35:00+00:00,2024-10-27 22:05:00+00:00,2024-10-03 00:00:00+00:00
1730075400000,1730075700000,1730078400000,1,dip_unconfirmed,2734.6135,2724.7087416162617,3670.834579990105,2724.6587416162615,9.904758383738226,10.096157435216332,-100.50480787176265,-1.0050480787176266,stop,45,0.13422841310122943,2024-10-28 00:35:00+00:00,2024-10-28 01:20:00+00:00,2024-10-03 00:00:00+00:00
1730077200000,1730077500000,1730250600000,1,dip_unconfirmed,2732.935,2723.141688643672,3660.472824276523,2778.87,9.793311356328104,10.211050824538873,469.0446196251926,4.6904461962519255,timeout,2885,4.747117528328147,2024-10-28 01:05:00+00:00,2024-10-30 01:10:00+00:00,2024-10-03 00:00:00+00:00
1730079000000,1730079300000,1730110800000,1,dip_unconfirmed,2727.8299999999995,2717.5519251691235,3700.3594082567765,2727.7799999999993,10.278074830875994,9.729448524697798,-0.48647242623665965,-0.004864724262366596,breakeven,525,1.593683668345554,2024-10-28 01:35:00+00:00,2024-10-28 10:20:00+00:00,2024-10-03 00:00:00+00:00
1730086200000,1730086500000,1730259600000,1,dip_unconfirmed,2733.425,2723.6146365513155,3663.20098141976,2777.1749999999997,9.810363448684711,10.193302268878442,445.95697426342724,4.459569742634272,timeout,2885,4.931315771638029,2024-10-28 03:35:00+00:00,2024-10-30 03:40:00+00:00,2024-10-03 00:00:00+00:00
1730088000000,1730088300000,1730261400000,1,dip_unconfirmed,2730.155,2720.497412511936,3645.7561613183443,2778.3065,9.65758748806411,10.354552844961622,498.58725131416895,4.98587251314169,timeout,2885,5.347919453365793,2024-10-28 04:05:00+00:00,2024-10-30 04:10:00+00:00,2024-10-03 00:00:00+00:00
1730100600000,1730100900000,1730110800000,1,dip_unconfirmed,2737.4835000000003,2727.6994879638305,3670.2506915807626,2727.6494879638303,9.78401203616977,10.220756028336597,-100.51103780141868,-1.0051103780141868,stop,165,0.38547581360869765,2024-10-28 07:35:00+00:00,2024-10-28 10:20:00+00:00,2024-10-03 00:00:00+00:00
1730131200000,1730131500000,1730295600000,1,dip_unconfirmed,2741.1835,2731.979006236143,3619.228382621802,2770.5878800443425,9.204493763857045,10.86425854213367,319.45678707289136,3.1945678707289136,ladder_lock_3.20R,2735,5.245046738971271,2024-10-28 16:05:00+00:00,2024-10-30 13:40:00+00:00,2024-10-03 00:00:00+00:00
1730140200000,1730140500000,1730313600000,1,dip_unconfirmed,2740.8105,2732.3572162025803,3539.2855959445674,2787.9900000000002,8.453283797419772,11.829722318150893,558.1203841092023,5.581203841092023,timeout,2885,5.783492092732407,2024-10-28 18:35:00+00:00,2024-10-30 18:40:00+00:00,2024-10-03 00:00:00+00:00
1730275200000,1730275500000,1730290800000,1,dip_unconfirmed,2782.7219999999998,2774.3500000000004,3574.3500000000004,2774.3,8.371999999999389,11.944577161969338,-100.59722885810064,-1.0059722885810063,stop,255,0.4203893932154965,2024-10-30 08:05:00+00:00,2024-10-30 12:20:00+00:00,2024-10-03 00:00:00+00:00
1730280600000,1730280900000,1730295300000,1,dip_unconfirmed,2781.3470000000007,2772.9350000000004,3572.9350000000004,2772.885,8.412000000000262,11.887779362814657,-100.5943889681429,-1.005943889681429,stop,240,0.6963861150735411,2024-10-30 09:35:00+00:00,2024-10-30 13:35:00+00:00,2024-10-03 00:00:00+00:00
1730296800000,1730297100000,1730380200000,1,dip_unconfirmed,2777.9820000000004,2768.3042927015063,3695.8750225508575,2768.254292701506,9.67770729849417,10.333025882644723,-100.5166512941341,-1.005166512941341,stop,1385,1.2144405319871565,2024-10-30 14:05:00+00:00,2024-10-31 13:10:00+00:00,2024-10-03 00:00:00+00:00
1730298600000,1730298900000,1730380200000,1,dip_unconfirmed,2777.8205000000003,2768.1672003656845,3692.9471637972265,2768.1172003656843,9.653299634315772,10.359152185074386,-100.5179576092556,-1.005179576092556,stop,1355,1.2342411870906262,2024-10-30 14:35:00+00:00,2024-10-31 13:10:00+00:00,2024-10-03 00:00:00+00:00
1730332800000,1730333100000,1730363700000,1,dip_unconfirmed,2785.8689999999997,2777.41,3577.41,2777.3599999999997,8.458999999999833,11.821728336683057,-100.5910864168363,-1.005910864168363,stop,510,0.4570280174961653,2024-10-31 00:05:00+00:00,2024-10-31 08:35:00+00:00,2024-10-03 00:00:00+00:00
1730347200000,1730347500000,1730369100000,1,dip_unconfirmed,2785.1150000000002,2776.6165,3576.6165,2776.5665,8.49850000000015,11.766782373359797,-100.58833911867012,-1.0058833911867011,stop,360,0.13649467553090303,2024-10-31 04:05:00+00:00,2024-10-31 10:05:00+00:00,2024-10-03 00:00:00+00:00
1730349000000,1730349300000,1730370000000,1,dip_unconfirmed,2782.695,2774.1845000000003,3574.1845000000003,2774.1345,8.510499999999865,11.750190940602971,-100.5875095470323,-1.005875095470323,stop,345,0.42065683567352435,2024-10-31 04:35:00+00:00,2024-10-31 10:20:00+00:00,2024-10-03 00:00:00+00:00
1730363400000,1730363700000,1730379900000,1,dip_unconfirmed,2778.9100000000003,2770.56,3570.56,2770.5099999999998,8.350000000000364,11.976047904191095,-100.59880239521173,-1.0059880239521173,stop,270,0.4015568862274808,2024-10-31 08:35:00+00:00,2024-10-31 13:05:00+00:00,2024-10-03 00:00:00+00:00
1731997800000,1731998100000,1732028400000,1,dip_unconfirmed,2622.695,2614.38,3414.38,2622.645,8.315000000000055,12.026458208057647,-0.60132291040507,-0.0060132291040507005,breakeven,505,1.9789536981358773,2024-11-19 06:35:00+00:00,2024-11-19 15:00:00+00:00,2024-10-03 00:00:00+00:00
1732017600000,1732017900000,1732030800000,1,dip_unconfirmed,2630.05,2621.094902409126,3474.10466149652,2621.044902409126,8.955097590874175,11.16682414515577,-100.55834120725983,-1.0055834120725984,stop,215,1.0161809972091649,2024-11-19 12:05:00+00:00,2024-11-19 15:40:00+00:00,2024-10-03 00:00:00+00:00
1732028400000,1732028700000,1732201800000,1,dip_unconfirmed,2623.7250000000004,2611.7548778554865,3788.3170923068005,2666.4649999999997,11.97012214451388,8.354133633116833,357.0556714794078,3.570556714794078,timeout,2885,4.131536788257886,2024-11-19 15:05:00+00:00,2024-11-21 15:10:00+00:00,2024-10-03 00:00:00+00:00
1732033800000,1732034100000,1732207200000,1,dip_unconfirmed,2624.6800000000003,2612.4211141211754,3804.8097020036503,2666.9900000000002,12.258885878824913,8.157348146354193,345.1374000722455,3.451374000722455,timeout,2885,3.9563138509817466,2024-11-19 16:35:00+00:00,2024-11-21 16:40:00+00:00,2024-10-03 00:00:00+00:00
1732041000000,1732041300000,1732214400000,1,dip_unconfirmed,2627.7664999999997,2615.844978873774,3765.847091496408,2670.52,11.921521126225798,8.388191317298679,358.6245374841312,3.586245374841312,timeout,2885,3.8093712638814448,2024-11-19 18:35:00+00:00,2024-11-21 18:40:00+00:00,2024-10-03 00:00:00+00:00
1732053600000,1732057500000,1732088400000,1,dip_unconfirmed,2633.0345,2623.2893839099365,3533.9009929162817,2623.2393839099364,9.745116090063675,10.261550409026128,-100.51307752045318,-1.0051307752045318,stop,515,0.869204627396548,2024-11-19 23:05:00+00:00,2024-11-20 07:40:00+00:00,2024-10-03 00:00:00+00:00
1732077000000,1732077300000,1732083900000,1,dip_unconfirmed,2637.45,2628.995,3428.995,2628.9449999999997,8.454999999999927,11.827321111768287,-100.59136605559057,-1.0059136605559056,stop,110,0.07924305144885613,2024-11-20 04:35:00+00:00,2024-11-20 06:25:00+00:00,2024-10-03 00:00:00+00:00
1732084200000,1732084500000,1732088400000,1,dip_unconfirmed,2631.7185,2623.275,3423.275,2623.225,8.443499999999858,11.84342985728687,-100.5921714928665,-1.005921714928665,stop,65,0.0,2024-11-20 06:35:00+00:00,2024-11-20 07:40:00+00:00,2024-10-03 00:00:00+00:00
1732089600000,1732089900000,1732263000000,1,dip_unconfirmed,2622.0200000000004,2613.61,3413.61,2695.908,8.41000000000031,11.89060642092703,878.57312722945,8.7857312722945,timeout,2885,9.112960760998407,2024-11-20 08:05:00+00:00,2024-11-22 08:10:00+00:00,2024-10-03 00:00:00+00:00
1732154400000,1732154700000,1732489500000,1,dip_unconfirmed,2653.89,2644.8410974167728,3507.231355739498,2709.9444999999996,9.048902583227118,11.051063825723816,619.4618572190327,6.194618572190327,timeout,5580,6.860887210243316,2024-11-21 02:05:00+00:00,2024-11-24 23:05:00+00:00,2024-10-03 00:00:00+00:00
1732219200000,1732219500000,1732285800000,1,dip_unconfirmed,2670.145,2659.767383730272,3656.5290107030687,2685.6614244045923,10.37761626972815,9.636124269857934,149.51819378650754,1.4951819378650755,ladder_lock_1.50R,1105,3.8199042024357506,2024-11-21 20:05:00+00:00,2024-11-22 14:30:00+00:00,2024-10-03 00:00:00+00:00
1732226400000,1732230300000,1732286100000,1,dip_unconfirmed,2670.227,2660.9110675687293,3545.304310695805,2684.1508986469053,9.31593243127054,10.734298551193083,149.46328507243595,1.4946328507243596,ladder_lock_1.50R,930,4.24643483535926,2024-11-21 23:05:00+00:00,2024-11-22 14:35:00+00:00,2024-10-03 00:00:00+00:00
1732231800000,1732232100000,1732489500000,1,dip_unconfirmed,2669.9269999999997,2660.939919885249,3511.447931360393,2709.9444999999996,8.987080114750825,11.127084517235618,445.2781046684755,4.4527810466847555,timeout,4290,5.123632972228991,2024-11-21 23:35:00+00:00,2024-11-24 23:05:00+00:00,2024-10-03 00:00:00+00:00
1732276800000,1732277100000,1732285800000,1,dip_unconfirmed,2699.2750000000005,2687.8187335545676,3796.945378097775,2687.7687335545675,11.456266445432902,8.72884726243998,-100.43644236312359,-1.004364423631236,stop,145,0.4661204438142283,2024-11-22 12:05:00+00:00,2024-11-22 14:30:00+00:00,2024-10-03 00:00:00+00:00
1732305600000,1732305900000,1732489500000,1,dip_unconfirmed,2708.6804999999995,2697.53290644025,3771.7922624152193,2709.9444999999996,11.147593559749566,8.970545926707299,11.338770051359136,0.11338770051359136,timeout,3060,0.6542219144348558,2024-11-22 20:05:00+00:00,2024-11-24 23:05:00+00:00,2024-10-03 00:00:00+00:00
1732307400000,1732307700000,1732489500000,1,dip_unconfirmed,2708.225,2697.3775916945183,3748.1184222427028,2709.9444999999996,10.847408305481622,9.218791916357207,15.851712700173433,0.15851712700173434,timeout,3030,0.7143180916389938,2024-11-22 20:35:00+00:00,2024-11-24 23:05:00+00:00,2024-10-03 00:00:00+00:00
1732309200000,1732309500000,1732489500000,1,dip_unconfirmed,2706.3535,2695.742906573481,3712.002249225362,2709.9444999999996,10.610593426519245,9.424543565119386,33.843535942338434,0.3384353594233843,timeout,3000,0.9066410909645175,2024-11-22 21:05:00+00:00,2024-11-24 23:05:00+00:00,2024-10-03 00:00:00+00:00
1732496400000,1732496700000,1732498500000,1,dip_unconfirmed,2711.155,2697.5068074968417,4014.8260578126856,2697.4568074968415,13.648192503158498,7.326977544964856,-100.36634887724958,-1.0036634887724958,stop,30,0.0,2024-11-25 01:05:00+00:00,2024-11-25 01:35:00+00:00,2024-10-03 00:00:00+00:00
1732498200000,1732498500000,1732505100000,1,dip_unconfirmed,2702.445,2688.237749818496,4070.9627679689215,2688.187749818496,14.20725018150415,7.038659749244508,-100.3519329874635,-1.003519329874635,stop,110,0.11367435495028344,2024-11-25 01:35:00+00:00,2024-11-25 03:25:00+00:00,2024-10-03 00:00:00+00:00
1732500000000,1732500300000,1732505100000,1,dip_unconfirmed,2701.7450000000003,2687.372553402889,4080.6172131140065,2687.322553402889,14.37244659711132,6.957757631891201,-100.34788788159584,-1.0034788788159583,stop,80,0.16107208917825344,2024-11-25 02:05:00+00:00,2024-11-25 03:25:00+00:00,2024-10-03 00:00:00+00:00
1732501800000,1732502100000,1732505100000,1,dip_unconfirmed,2701.6,2687.536299588397,4050.90634074872,2687.486299588397,14.063700411602895,7.110504139969987,-100.35552520699979,-1.003555252069998,stop,50,0.0,2024-11-25 02:35:00+00:00,2024-11-25 03:25:00+00:00,2024-10-03 00:00:00+00:00
1732867200000,1732867500000,1732891800000,1,dip_unconfirmed,2661.0305000000003,2652.1085660931185,3503.751956781259,2652.0585660931183,8.921933906881804,11.208332301460612,-100.56041661507507,-1.0056041661507507,stop,405,0.509810994731922,2024-11-29 08:05:00+00:00,2024-11-29 14:50:00+00:00,2024-10-03 00:00:00+00:00
1732869000000,1732869300000,1732892700000,1,dip_unconfirmed,2660.3300000000004,2651.1361685150387,3529.019317011166,2651.0861685150385,9.19383148496172,10.876858050266556,-100.54384290251531,-1.005438429025153,stop,390,0.5709262790584693,2024-11-29 08:35:00+00:00,2024-11-29 15:05:00+00:00,2024-10-03 00:00:00+00:00
1732870800000,1732871100000,1732909200000,1,dip_unconfirmed,2657.7675000000004,2648.318442192536,3550.474222938938,2648.268442192536,9.449057807464214,10.583065744502667,-100.52915328722706,-1.0052915328722707,stop,635,0.8266961806318043,2024-11-29 09:05:00+00:00,2024-11-29 19:40:00+00:00,2024-10-03 00:00:00+00:00
1732881600000,1732881900000,1732892700000,1,dip_unconfirmed,2660.1344999999997,2650.500316453087,3570.9686711443665,2650.450316453087,9.634183546912482,10.379706750765354,-100.51898533754014,-1.0051898533754013,stop,180,0.4673981949870274,2024-11-29 12:05:00+00:00,2024-11-29 15:05:00+00:00,2024-10-03 00:00:00+00:00
1733097600000,1733097900000,1733100300000,1,dip_unconfirmed,2646.3215,2635.753159107499,3640.9372483575726,2635.703159107499,10.568340892501055,9.46222316418244,-100.47311115821086,-1.0047311115821085,stop,40,0.0963727429271675,2024-12-02 00:05:00+00:00,2024-12-02 00:45:00+00:00,2024-10-03 00:00:00+00:00
1733099400000,1733099700000,1733100300000,1,dip_unconfirmed,2644.632,2634.175362028392,3633.1391591891784,2634.125362028392,10.456637971607961,9.563303259759177,-100.4781651629897,-1.004781651629897,stop,10,0.0,2024-12-02 00:35:00+00:00,2024-12-02 00:45:00+00:00,2024-10-03 00:00:00+00:00
1733295600000,1733295900000,1733298300000,1,dip_unconfirmed,2649.73,2641.3199999999997,3441.3199999999997,2641.2699999999995,8.41000000000031,11.89060642092703,-100.59453032104851,-1.005945303210485,stop,40,0.0,2024-12-04 07:05:00+00:00,2024-12-04 07:45:00+00:00,2024-10-03 00:00:00+00:00
1733297400000,1733297700000,1733301600000,1,dip_unconfirmed,2645.3450000000003,2636.955,3436.955,2636.9049999999997,8.390000000000327,11.918951132299892,-100.59594755661716,-1.0059594755661716,stop,65,0.0,2024-12-04 07:35:00+00:00,2024-12-04 08:40:00+00:00,2024-10-03 00:00:00+00:00
1733299200000,1733299500000,1733317500000,1,dip_unconfirmed,2641.925,2633.5235000000002,3433.5235000000002,2633.4735,8.401499999999942,11.902636433970207,-100.59513182170068,-1.0059513182170068,stop,300,0.650479081116435,2024-12-04 08:05:00+00:00,2024-12-04 13:05:00+00:00,2024-10-03 00:00:00+00:00
1733301000000,1733301300000,1733410800000,1,dip_unconfirmed,2639.2585000000004,2630.855,3430.855,2639.2085,8.40350000000035,11.899803653239227,-0.5949901826641258,-0.0059499018266412585,breakeven,1825,2.089248527399186,2024-12-04 08:35:00+00:00,2024-12-05 15:00:00+00:00,2024-10-03 00:00:00+00:00
1733315400000,1733315700000,1733317500000,1,dip_unconfirmed,2643.6649999999995,2635.2799999999997,3435.2799999999997,2635.2299999999996,8.384999999999764,11.926058437686681,-100.5963029218865,-1.005963029218865,stop,30,0.024031007752007647,2024-12-04 12:35:00+00:00,2024-12-04 13:05:00+00:00,2024-10-03 00:00:00+00:00
1733358600000,1733358900000,1733410800000,1,dip_unconfirmed,2648.975,2640.565,3440.565,2640.515,8.409999999999854,11.890606420927673,-100.59453032104855,-1.0059453032104855,stop,865,0.7439357907253351,2024-12-05 00:35:00+00:00,2024-12-05 15:00:00+00:00,2024-10-03 00:00:00+00:00
1733360400000,1733360700000,1733410800000,1,dip_unconfirmed,2648.8849999999998,2640.445,3440.445,2640.395,8.4399999999996,11.84834123222805,-100.59241706161356,-1.0059241706161357,stop,835,0.7519549763033657,2024-12-05 01:05:00+00:00,2024-12-05 15:00:00+00:00,2024-10-03 00:00:00+00:00
1733365800000,1733366100000,1733411100000,1,dip_unconfirmed,2646.437,2637.99,3437.99,2637.9399999999996,8.447000000000116,11.8385225523853,-100.59192612762142,-1.0059192612762142,stop,750,1.0411388658695218,2024-12-05 02:35:00+00:00,2024-12-05 15:05:00+00:00,2024-10-03 00:00:00+00:00
1733374800000,1733375100000,1733411100000,1,dip_unconfirmed,2646.8195000000005,2638.3644999999997,3438.3644999999997,2638.3144999999995,8.455000000000837,11.827321111767015,-100.59136605559051,-1.0059136605559051,stop,600,0.9949142519217646,2024-12-05 05:05:00+00:00,2024-12-05 15:05:00+00:00,2024-10-03 00:00:00+00:00
1733968800000,1733969100000,1734012000000,1,dip_unconfirmed,2711.955,2700.277281965854,3792.049085380424,2700.2272819658538,11.677718034145983,8.563316883281232,-100.42816584416562,-1.0042816584416563,stop,715,0.6922585368444404,2024-12-12 02:05:00+00:00,2024-12-12 14:00:00+00:00,2024-10-03 00:00:00+00:00
1733970600000,1733970900000,1734012000000,1,dip_unconfirmed,2709.4804999999997,2697.4140475397217,3804.5092935675375,2697.3640475397215,12.066452460278015,8.287439935572909,-100.41437199678015,-1.0041437199678014,stop,685,0.8750293455974735,2024-12-12 02:35:00+00:00,2024-12-12 14:00:00+00:00,2024-10-03 00:00:00+00:00
1733972400000,1733972700000,1734012900000,1,dip_unconfirmed,2706.655,2694.957615572599,3795.196058312713,2694.907615572599,11.697384427401175,8.548919685476827,-100.42744598427538,-1.0042744598427538,stop,670,1.144187410704181,2024-12-12 03:05:00+00:00,2024-12-12 14:15:00+00:00,2024-10-03 00:00:00+00:00
1733995800000,1733996100000,1734008100000,1,dip_unconfirmed,2716.5755000000004,2706.6874312422174,3617.2943070204897,2706.637431242217,9.888068757783003,10.113198284679093,-100.50565991423579,-1.005056599142358,stop,200,0.03600298589338804,2024-12-12 09:35:00+00:00,2024-12-12 12:55:00+00:00,2024-10-03 00:00:00+00:00
1736730000000,1736730300000,1736731500000,1,dip_unconfirmed,2690.255,2680.093181353567,3643.7750459968506,2680.043181353567,10.161818646432948,9.840758183093781,-100.49203790915648,-1.0049203790915648,stop,20,0.0,2025-01-13 01:05:00+00:00,2025-01-13 01:25:00+00:00,2025-01-03 00:00:00+00:00
1736731800000,1736732100000,1736770800000,1,dip_unconfirmed,2681.29,2670.2350969711692,3716.725399854222,2670.185096971169,11.054903028830722,9.045760034186117,-100.45228800171095,-1.0045228800171095,stop,645,0.870337801689235,2025-01-13 01:35:00+00:00,2025-01-13 12:20:00+00:00,2025-01-03 00:00:00+00:00
1736739000000,1736739300000,1736764200000,1,dip_unconfirmed,2687.778,2677.256962999624,3687.5606630371826,2677.206962999624,10.5210370003756,9.504766497487843,-100.47523832487612,-1.0047523832487613,stop,415,0.2978318581988165,2025-01-13 03:35:00+00:00,2025-01-13 10:30:00+00:00,2025-01-03 00:00:00+00:00
1736744400000,1736744700000,1736768400000,1,dip_unconfirmed,2686.66,2676.5669663666818,3619.370329698508,2676.5169663666816,10.0930336333181,9.907823914297692,-100.49539119571669,-1.0049539119571669,stop,395,0.42123113371639664,2025-01-13 05:05:00+00:00,2025-01-13 11:40:00+00:00,2025-01-03 00:00:00+00:00
1736902800000,1736903100000,1737076200000,1,dip_unconfirmed,2673.1899999999996,2664.785,3464.785,2709.9339999999997,8.404999999999745,11.897679952409641,437.16835217134155,4.371683521713416,timeout,2885,6.074598453301873,2025-01-15 01:05:00+00:00,2025-01-17 01:10:00+00:00,2025-01-03 00:00:00+00:00
1736942400000,1736942700000,1736952000000,1,dip_unconfirmed,2687.48,2678.9700000000003,3478.9700000000003,2678.92,8.509999999999764,11.750881316099035,-100.5875440658071,-1.005875440658071,stop,155,0.9547591069331,2025-01-15 12:05:00+00:00,2025-01-15 14:40:00+00:00,2025-01-03 00:00:00+00:00
1736944200000,1736944500000,1736952000000,1,dip_unconfirmed,2687.2590000000005,2678.773,3478.773,2678.723,8.486000000000331,11.784115012962067,-100.58920575065025,-1.0058920575065025,stop,125,0.9835022389818145,2025-01-15 12:35:00+00:00,2025-01-15 14:40:00+00:00,2025-01-03 00:00:00+00:00
1736946000000,1736946300000,1736953500000,1,dip_unconfirmed,2685.15,2676.703,3476.703,2676.653,8.447000000000116,11.8385225523853,-100.59192612762142,-1.0059192612762142,stop,120,1.2377175328519283,2025-01-15 13:05:00+00:00,2025-01-15 15:05:00+00:00,2025-01-03 00:00:00+00:00
1736947800000,1736948100000,1737121200000,1,dip_unconfirmed,2684.8675,2675.9285,3475.9285,2706.937,8.93899999999985,11.186933661483573,246.8900324421124,2.4689003244211243,timeout,2885,4.4053585412239755,2025-01-15 13:35:00+00:00,2025-01-17 13:40:00+00:00,2025-01-03 00:00:00+00:00
1736953200000,1736953500000,1737126600000,1,dip_unconfirmed,2682.6159999999995,2672.416412041468,3638.775207894668,2713.4289999999996,10.199587958531538,9.804317626022735,302.10043901063955,3.0210043901063957,timeout,2885,4.0816354708896,2025-01-15 15:05:00+00:00,2025-01-17 15:10:00+00:00,2025-01-03 00:00:00+00:00
1736955000000,1736955300000,1737128400000,1,dip_unconfirmed,2682.2219999999998,2671.7493826099344,3661.0111216164764,2712.515,10.472617390065352,9.548711298749737,289.25911137302694,2.8925911137302696,timeout,2885,4.012845923299628,2025-01-15 15:35:00+00:00,2025-01-17 15:40:00+00:00,2025-01-03 00:00:00+00:00
1736956800000,1736957100000,1737130200000,1,dip_unconfirmed,2679.0399999999995,2668.6177124235105,3660.1964700724398,2713.8390000000004,10.422287576488998,9.594822563290606,333.8902303799583,3.3389023037995833,timeout,2885,4.33753143618686,2025-01-15 16:05:00+00:00,2025-01-17 16:10:00+00:00,2025-01-03 00:00:00+00:00
1737086400000,1737086700000,1737105900000,1,dip_unconfirmed,2716.082,2707.49,3507.49,2707.4399999999996,8.592000000000098,11.63873370577268,-100.58193668529076,-1.0058193668529076,stop,320,0.009310986964609675,2025-01-17 04:05:00+00:00,2025-01-17 09:25:00+00:00,2025-01-03 00:00:00+00:00
1737108000000,1737108300000,1737328200000,1,dip_unconfirmed,2705.799,2697.188,3497.188,2700.108,8.610999999999876,11.613053071652704,-66.08988503077326,-0.6608988503077327,timeout,3665,1.2925328068749586,2025-01-17 10:05:00+00:00,2025-01-19 23:10:00+00:00,2025-01-03 00:00:00+00:00
1737122400000,1737122700000,1737328200000,1,dip_unconfirmed,2705.553,2697.067,3497.067,2700.108,8.485999999999876,11.784115012962697,-64.16450624557845,-0.6416450624557846,timeout,3425,1.3405609238746605,2025-01-17 14:05:00+00:00,2025-01-19 23:10:00+00:00,2025-01-03 00:00:00+00:00
1737140400000,1737140700000,1737328200000,1,dip_unconfirmed,2706.1530000000002,2697.5858243465746,3507.3033896891397,2700.108,8.567175653425693,11.672458234238928,-70.56001002597516,-0.7056001002597516,timeout,3125,0.07715494892827303,2025-01-17 19:05:00+00:00,2025-01-19 23:10:00+00:00,2025-01-03 00:00:00+00:00
1737372600000,1737372900000,1737546000000,1,dip_unconfirmed,2708.989,2700.30219840398,3506.732358005959,2756.47,8.686801596019905,11.511716814830644,546.5878260849711,5.465878260849711,timeout,2885,6.212988682132299,2025-01-20 11:35:00+00:00,2025-01-22 11:40:00+00:00,2025-01-03 00:00:00+00:00
1737388800000,1737389100000,1737562200000,1,dip_unconfirmed,2707.7185,2698.337271822305,3572.46008959181,2758.2200000000003,9.381228177694993,10.659585089057115,538.3250363750211,5.383250363750211,timeout,2885,5.888514696971544,2025-01-20 16:05:00+00:00,2025-01-22 16:10:00+00:00,2025-01-03 00:00:00+00:00
1737390600000,1737390900000,1737564000000,1,dip_unconfirmed,2707.5685000000003,2698.005145263569,3582.140618906681,2759.6330000000003,9.563354736431393,10.456581686659826,544.4166972251,5.444166972251001,timeout,2885,5.792057444966196,2025-01-20 16:35:00+00:00,2025-01-22 16:40:00+00:00,2025-01-03 00:00:00+00:00
1737396000000,1737396300000,1737569400000,1,dip_unconfirmed,2708.465,2698.291320569993,3605.6592635706857,2754.918,10.173679430007269,9.82928552919114,456.59980068751577,4.565998006875158,timeout,2885,5.356469149132745,2025-01-20 18:05:00+00:00,2025-01-22 18:10:00+00:00,2025-01-03 00:00:00+00:00
1737421200000,1737421500000,1737594600000,1,dip_unconfirmed,2706.2,2696.7395804537305,3580.7815350806623,2754.8395000000005,9.46041954626935,10.570355734321984,514.1368177395614,5.141368177395614,timeout,2885,5.999733914801229,2025-01-21 01:05:00+00:00,2025-01-23 01:10:00+00:00,2025-01-03 00:00:00+00:00
1737547200000,1737547500000,1737624300000,1,dip_unconfirmed,2757.2015,2747.8701075232825,3625.509355195002,2747.8201075232823,9.33139247671761,10.71651420187352,-100.53582571009562,-1.0053582571009563,stop,1280,0.44205621082728275,2025-01-22 12:05:00+00:00,2025-01-23 09:25:00+00:00,2025-01-03 00:00:00+00:00
1737568800000,1737569100000,1737624300000,1,dip_unconfirmed,2757.1485,2747.2588094289167,3685.3778665372984,2747.2088094289165,9.889690571083065,10.11153981828256,-100.50557699091597,-1.0050557699091598,stop,920,0.1882263137173736,2025-01-22 18:05:00+00:00,2025-01-23 09:25:00+00:00,2025-01-03 00:00:00+00:00
1737574200000,1737574500000,1737624300000,1,dip_unconfirmed,2756.2635,2747.0818091528163,3617.400893871162,2747.031809152816,9.181690847183745,10.89124015002885,-100.54456200750343,-1.0054456200750344,stop,830,0.05189675931486131,2025-01-22 19:35:00+00:00,2025-01-23 09:25:00+00:00,2025-01-03 00:00:00+00:00
1737576000000,1737576300000,1737624300000,1,dip_unconfirmed,2755.8685,2747.140608499044,3577.0797585946457,2747.090608499044,8.727891500956048,11.45752098190566,-100.57287604909736,-1.0057287604909737,stop,800,0.09985229535727823,2025-01-22 20:05:00+00:00,2025-01-23 09:25:00+00:00,2025-01-03 00:00:00+00:00
1737597600000,1737597900000,1737624600000,1,dip_unconfirmed,2753.2835,2744.84,3544.84,2744.79,8.443499999999858,11.84342985728687,-100.5921714928665,-1.005921714928665,stop,445,0.22697933321493474,2025-01-23 02:05:00+00:00,2025-01-23 09:30:00+00:00,2025-01-03 00:00:00+00:00
1737624600000,1737624900000,1737639600000,1,dip_unconfirmed,2744.34,2735.905,3535.905,2735.855,8.434999999999945,11.855364552460065,-100.59276822762516,-1.0059276822762515,stop,245,1.1465915826911122,2025-01-23 09:35:00+00:00,2025-01-23 13:40:00+00:00,2025-01-03 00:00:00+00:00
1737658800000,1737659100000,1737932700000,1,dip_unconfirmed,2756.454,2746.5322484548087,3681.807402973941,2764.5429999999997,9.921751545191455,10.078865565673702,81.52794356072941,0.8152794356072941,timeout,4560,2.9333530342336553,2025-01-23 19:05:00+00:00,2025-01-26 23:05:00+00:00,2025-01-03 00:00:00+00:00
1737664200000,1737664500000,1737932700000,1,dip_unconfirmed,2754.4215,2745.079808620705,3629.948946550202,2764.5429999999997,9.341691379294844,10.704699603076428,108.3476170325353,1.083476170325353,timeout,4470,3.3330687919118995,2025-01-23 20:35:00+00:00,2025-01-26 23:05:00+00:00,2025-01-03 00:00:00+00:00
1737694800000,1737695100000,1737932700000,1,dip_unconfirmed,2772.6400000000003,2763.7281891392854,3600.409275210721,2764.5429999999997,8.911810860714922,11.2210639973095,-90.85695518622245,-0.9085695518622245,timeout,3960,1.4495370471724036,2025-01-24 05:05:00+00:00,2025-01-26 23:05:00+00:00,2025-01-03 00:00:00+00:00
1737703800000,1737704100000,1737932700000,1,dip_unconfirmed,2773.765,2765.3149999999996,3565.3149999999996,2764.5429999999997,8.450000000000273,11.834319526626837,-109.13609467455514,-1.0913609467455514,timeout,3810,1.3956213017751171,2025-01-24 07:35:00+00:00,2025-01-26 23:05:00+00:00,2025-01-03 00:00:00+00:00
1737705600000,1737705900000,1737932700000,1,dip_unconfirmed,2773.2605000000003,2764.71,3564.71,2764.5429999999997,8.550500000000284,11.695222501607706,-101.95310215777283,-1.0195310215777282,timeout,3780,1.4382199871351693,2025-01-24 08:05:00+00:00,2025-01-26 23:05:00+00:00,2025-01-03 00:00:00+00:00
1737934200000,1737934500000,1737944100000,1,dip_unconfirmed,2769.505,2760.449791352711,3576.4706560815584,2760.399791352711,9.055208647288964,11.04336784442167,-100.5521683922231,-1.005521683922231,stop,160,0.30093177376048047,2025-01-26 23:35:00+00:00,2025-01-27 02:15:00+00:00,2025-01-03 00:00:00+00:00
1737936000000,1737936300000,1737944100000,1,dip_unconfirmed,2768.265,2759.58,3559.58,2759.5299999999997,8.684999999999945,11.514104778353556,-100.57570523891977,-1.0057570523891977,stop,130,0.45653425446173523,2025-01-27 00:05:00+00:00,2025-01-27 02:15:00+00:00,2025-01-03 00:00:00+00:00
1737937800000,1737938100000,1737944100000,1,dip_unconfirmed,2767.832,2759.45,3559.45,2759.3999999999996,8.382000000000062,11.930326890956724,-100.59651634455001,-1.0059651634455,stop,100,0.5246957766642932,2025-01-27 00:35:00+00:00,2025-01-27 02:15:00+00:00,2025-01-03 00:00:00+00:00
1737943200000,1737943500000,1737944700000,1,dip_unconfirmed,2763.5415,2754.7907660883902,3579.71415724937,2754.74076608839,8.750733911609586,11.42761293053719,-100.57138064652894,-1.0057138064652893,stop,20,0.0,2025-01-27 02:05:00+00:00,2025-01-27 02:25:00+00:00,2025-01-03 00:00:00+00:00
1737945000000,1737945300000,1737963000000,1,dip_unconfirmed,2758.4849999999997,2748.8371399392195,3654.6231460172767,2748.7871399392193,9.647860060780204,10.364992793221878,-100.51824963966298,-1.0051824963966298,stop,295,0.3840229829889102,2025-01-27 02:35:00+00:00,2025-01-27 07:30:00+00:00,2025-01-03 00:00:00+00:00
1738121400000,1738121700000,1738153500000,1,dip_unconfirmed,2764.052,2755.45,3555.45,2755.3999999999996,8.602000000000317,11.62520344105979,-100.5812601720551,-1.0058126017205509,stop,530,0.1981515926528967,2025-01-29 03:35:00+00:00,2025-01-29 12:25:00+00:00,2025-01-03 00:00:00+00:00
1738123200000,1738123500000,1738156800000,1,dip_unconfirmed,2763.3215000000005,2754.8199999999997,3554.8199999999997,2754.7699999999995,8.50150000000076,11.762630124094695,-100.58813150620686,-1.0058813150620687,stop,555,0.2864200435216994,2025-01-29 04:05:00+00:00,2025-01-29 13:20:00+00:00,2025-01-03 00:00:00+00:00
1738128600000,1738128900000,1738156800000,1,dip_unconfirmed,2762.8250000000003,2754.2200000000003,3554.2200000000003,2754.17,8.605000000000018,11.621150493898872,-100.58105752469706,-1.0058105752469706,stop,465,0.3406740267286619,2025-01-29 05:35:00+00:00,2025-01-29 13:20:00+00:00,2025-01-03 00:00:00+00:00
1738130400000,1738130700000,1738156800000,1,dip_unconfirmed,2761.4750000000004,2752.825,3552.825,2752.7749999999996,8.650000000000546,11.560693641617767,-100.57803468208299,-1.00578034682083,stop,435,0.4949710982658706,2025-01-29 06:05:00+00:00,2025-01-29 13:20:00+00:00,2025-01-03 00:00:00+00:00
1738202400000,1738202700000,1738537500000,1,dip_unconfirmed,2760.85,2752.26,3552.26,2800.8954999999996,8.58999999999969,11.641443538999255,466.1874272409914,4.661874272409914,timeout,5580,6.500931315483389,2025-01-30 02:05:00+00:00,2025-02-02 23:05:00+00:00,2025-01-03 00:00:00+00:00
1738215000000,1738215300000,1738537500000,1,dip_unconfirmed,2760.972,2752.4350000000004,3552.4350000000004,2800.8954999999996,8.536999999999807,11.713716762328952,467.65257116083313,4.676525711608331,timeout,5370,6.527000117137315,2025-01-30 05:35:00+00:00,2025-02-02 23:05:00+00:00,2025-01-03 00:00:00+00:00
1738231200000,1738231500000,1738537500000,1,dip_unconfirmed,2774.7549999999997,2766.35,3566.35,2800.8954999999996,8.404999999999745,11.897679952409641,311.0113027959639,3.110113027959639,timeout,5100,4.989649018441622,2025-01-30 10:05:00+00:00,2025-02-02 23:05:00+00:00,2025-01-03 00:00:00+00:00
1738256400000,1738256700000,1738537500000,1,dip_unconfirmed,2791.3005,2781.2652628185724,3731.0889809613373,2800.8954999999996,10.03523718142742,9.964886548478761,95.61308643265171,0.9561308643265172,timeout,4680,2.530333816822507,2025-01-30 17:05:00+00:00,2025-02-02 23:05:00+00:00,2025-01-03 00:00:00+00:00
1738287000000,1738287300000,1738348500000,1,dip_unconfirmed,2795.5999999999995,2786.7193610121794,3628.2832597942497,2795.5499999999993,8.88063898782002,11.260450980740469,-0.5630225490390717,-0.005630225490390717,breakeven,1020,2.3751669253676724,2025-01-31 01:35:00+00:00,2025-01-31 18:35:00+00:00,2025-01-03 00:00:00+00:00
1738350000000,1738350300000,1738537500000,1,dip_unconfirmed,2799.5485,2787.848165386205,3906.381626765691,2800.8954999999996,11.700334613794894,8.546764114087669,11.512491261673976,0.11512491261673975,timeout,3120,0.2287541415135204,2025-01-31 19:05:00+00:00,2025-02-02 23:05:00+00:00,2025-01-03 00:00:00+00:00
1738539000000,1738539300000,1738546500000,1,dip_unconfirmed,2795.3855,2780.5571024779956,3969.6968546784324,2780.5071024779954,14.828397522004252,6.743817047769818,-100.33719085238972,-1.0033719085238972,stop,120,0.0,2025-02-02 23:35:00+00:00,2025-02-03 01:35:00+00:00,2025-01-03 00:00:00+00:00
1738546200000,1738546500000,1738719600000,1,dip_unconfirmed,2783.0465,2769.2901188924934,4080.428229643136,2840.7650000000003,13.756381107506513,7.269353707090341,419.57619194269677,4.1957619194269675,timeout,2885,4.746415462739048,2025-02-03 01:35:00+00:00,2025-02-05 01:40:00+00:00,2025-01-03 00:00:00+00:00
1738548000000,1738548300000,1738721400000,1,dip_unconfirmed,2782.9249999999997,2769.244217543029,4080.322463240055,2849.345,13.680782456970519,7.3095234365815696,485.49854665774836,4.854985466577483,timeout,2885,4.781524756039865,2025-02-03 02:05:00+00:00,2025-02-05 02:10:00+00:00,2025-01-03 00:00:00+00:00
1738598400000,1738598700000,1738771800000,1,dip_unconfirmed,2818.387,2803.432219859397,4219.060233919691,2868.7380000000003,14.954780140603361,6.686825152881547,336.68833327273956,3.3668833327273955,timeout,2885,4.249544252907747,2025-02-03 16:05:00+00:00,2025-02-05 16:10:00+00:00,2025-01-03 00:00:00+00:00
1738614600000,1738614900000,1738788000000,1,dip_unconfirmed,2816.9534999999996,2804.0935437686157,4044.589166907037,2863.0029999999997,12.859956231383876,7.776076232355798,358.08442246186894,3.5808442246186893,timeout,2885,5.053244259215291,2025-02-03 20:35:00+00:00,2025-02-05 20:40:00+00:00,2025-01-03 00:00:00+00:00
1738643400000,1738643700000,1738650600000,1,dip_unconfirmed,2821.075,2810.728390177921,3770.3893723858137,2810.678390177921,10.34660982207879,9.66500155312791,-100.48325007765814,-1.0048325007765815,stop,115,0.0,2025-02-04 04:35:00+00:00,2025-02-04 06:30:00+00:00,2025-01-03 00:00:00+00:00
1738650600000,1738650900000,1738824000000,1,dip_unconfirmed,2812.887,2802.797081941681,3746.088887773606,2867.5695,10.0899180583192,9.91088326208451,541.9518739789352,5.419518739789352,timeout,2885,6.843564001301969,2025-02-04 06:35:00+00:00,2025-02-06 06:40:00+00:00,2025-01-03 00:00:00+00:00
1738740600000,1738740900000,1738763400000,1,dip_unconfirmed,2858.705,2849.5843279914934,3708.6515288421815,2858.6549999999997,9.120672008506517,10.964104389099143,-0.5482052194569516,-0.005482052194569515,breakeven,375,1.9680567378432763,2025-02-05 07:35:00+00:00,2025-02-05 13:50:00+00:00,2025-01-03 00:00:00+00:00
1738764000000,1738764300000,1738782600000,1,dip_unconfirmed,2862.402,2852.15600357206,3813.055646366102,2862.352,10.2459964279401,9.759909707493861,-0.48799548537646836,-0.004879954853764684,breakeven,305,1.9066959604560063,2025-02-05 14:05:00+00:00,2025-02-05 19:10:00+00:00,2025-01-03 00:00:00+00:00
1738782000000,1738782300000,1738829400000,1,dip_unconfirmed,2866.32,2853.207147309103,4109.49241639879,2853.157147309103,13.112852690896943,7.6261056504829705,-100.38130528252555,-1.0038130528252553,stop,785,0.49363781875575935,2025-02-05 19:05:00+00:00,2025-02-06 08:10:00+00:00,2025-01-03 00:00:00+00:00
1738810800000,1738811100000,1738824900000,1,dip_unconfirmed,2871.3385000000003,2860.5183304321818,3872.835287213974,2860.4683304321816,10.820169567818539,9.241999339587158,-100.46209996698104,-1.0046209996698103,stop,230,0.05124688633802828,2025-02-06 03:05:00+00:00,2025-02-06 06:55:00+00:00,2025-01-03 00:00:00+00:00
1738812600000,1738812900000,1738828200000,1,dip_unconfirmed,2865.6014999999998,2854.769271115598,3884.992159555834,2854.7192711155976,10.832228884401957,9.231710395632113,-100.46158551978328,-1.0046158551978328,stop,255,0.5808130595412613,2025-02-06 03:35:00+00:00,2025-02-06 07:50:00+00:00,2025-01-03 00:00:00+00:00
1738830600000,1738830900000,1738853400000,1,dip_unconfirmed,2851.995,2840.9744884085962,3897.5256475489805,2851.9449999999997,11.020511591403647,9.07398891336435,-0.45369944566986803,-0.0045369944566986805,breakeven,375,1.6156237260245077,2025-02-06 08:35:00+00:00,2025-02-06 14:50:00+00:00,2025-01-03 00:00:00+00:00
1738848600000,1738848900000,1738853400000,1,dip_unconfirmed,2861.9855000000002,2850.7884585984625,3909.2925987521676,2850.7384585984623,11.197041401537717,8.930930628359269,-100.44654653141959,-1.0044654653141958,stop,75,0.13333879428135775,2025-02-06 13:35:00+00:00,2025-02-06 14:50:00+00:00,2025-01-03 00:00:00+00:00
1738850400000,1738850700000,1738854000000,1,dip_unconfirmed,2857.3349999999996,2845.8098186985726,3947.327948841298,2845.7598186985724,11.525181301426983,8.676653094178967,-100.43383265471053,-1.0043383265471053,stop,55,0.18004055170427669,2025-02-06 14:05:00+00:00,2025-02-06 15:00:00+00:00,2025-01-03 00:00:00+00:00
1738900800000,1738901100000,1738911300000,1,dip_unconfirmed,2867.8349999999996,2859.2528852848727,3667.46435679759,2859.2028852848725,8.582114715126863,11.652139748696166,-100.58260698743693,-1.0058260698743693,stop,170,0.1442534900888916,2025-02-07 04:05:00+00:00,2025-02-07 06:55:00+00:00,2025-01-03 00:00:00+00:00
1738906200000,1738906500000,1738935300000,1,dip_unconfirmed,2865.78,2857.3199999999997,3657.3199999999997,2857.2699999999995,8.460000000000491,11.820330969266454,-100.59101654846548,-1.0059101654846547,stop,480,0.5342789598107878,2025-02-07 05:35:00+00:00,2025-02-07 13:35:00+00:00,2025-01-03 00:00:00+00:00
1738908000000,1738908300000,1738935300000,1,dip_unconfirmed,2862.7149999999997,2854.1850000000004,3654.1850000000004,2854.135,8.52999999999929,11.723329425557834,-100.58616647128004,-1.0058616647128005,stop,450,0.8892145369285659,2025-02-07 06:05:00+00:00,2025-02-07 13:35:00+00:00,2025-01-03 00:00:00+00:00
1738924200000,1738924500000,1738935300000,1,dip_unconfirmed,2866.9100000000003,2858.415,3658.415,2858.365,8.495000000000346,11.771630370805878,-100.58858151854244,-1.0058858151854244,stop,180,0.10712183637426283,2025-02-07 10:35:00+00:00,2025-02-07 13:35:00+00:00,2025-01-03 00:00:00+00:00
1739147400000,1739147700000,1739241900000,1,dip_unconfirmed,2867.95,2855.7210147488277,4012.6195398660593,2907.0327528037506,12.228985251172162,8.17729336867218,319.59113533156494,3.1959113533156494,ladder_lock_3.20R,1570,6.078304820334617,2025-02-10 00:35:00+00:00,2025-02-11 02:45:00+00:00,2025-01-03 00:00:00+00:00
1739158200000,1739158500000,1739241900000,1,dip_unconfirmed,2874.1150000000002,2862.9089567787146,3922.5132789072754,2909.9243383081143,11.206043221285654,8.923756407618704,319.55381217961906,3.1955381217961905,ladder_lock_3.20R,1390,6.083012411599428,2025-02-10 03:35:00+00:00,2025-02-11 02:45:00+00:00,2025-01-03 00:00:00+00:00
1739192400000,1739192700000,1739241600000,1,dip_unconfirmed,2903.4649999999997,2893.262818900096,3870.9809288904844,2918.7182716498546,10.202181099903555,9.801825611676835,149.50990871941215,1.4950990871941214,ladder_lock_1.50R,815,3.804725638556618,2025-02-10 13:05:00+00:00,2025-02-11 02:40:00+00:00,2025-01-03 00:00:00+00:00
1739206800000,1739207100000,1739241600000,1,dip_unconfirmed,2901.6349999999998,2889.269624782015,4073.3071465805306,2920.133062826977,12.36537521798482,8.087097903390347,149.59564510483085,1.4959564510483085,ladder_lock_1.50R,575,3.2871222493016177,2025-02-10 17:05:00+00:00,2025-02-11 02:40:00+00:00,2025-01-03 00:00:00+00:00
1739208600000,1739208900000,1739241600000,1,dip_unconfirmed,2899.897,2887.613508726157,4057.7626361104844,2918.272236910764,12.283491273843083,8.14100794071012,149.59294960296117,1.4959294960296117,ladder_lock_1.50R,545,3.450525510630327,2025-02-10 17:35:00+00:00,2025-02-11 02:40:00+00:00,2025-01-03 00:00:00+00:00
1739248200000,1739248500000,1739268000000,1,dip_unconfirmed,2920.1949999999997,2903.187521046193,4533.935416426857,2903.137521046193,17.00747895380664,5.879766205891312,-100.29398831029565,-1.0029398831029566,stop,325,0.5009560807419386,2025-02-11 04:35:00+00:00,2025-02-11 10:00:00+00:00,2025-01-03 00:00:00+00:00
1739250000000,1739250300000,1739275800000,1,dip_unconfirmed,2916.96,2900.5330552571795,4484.227529539219,2900.4830552571793,16.426944742820524,6.087559285405491,-100.30437796427138,-1.0030437796427139,stop,425,0.7155925939993945,2025-02-11 05:05:00+00:00,2025-02-11 12:10:00+00:00,2025-01-03 00:00:00+00:00
1739257200000,1739257500000,1739268000000,1,dip_unconfirmed,2918.4799999999996,2902.7165045606075,4426.566048499835,2902.6665045606073,15.763495439392045,6.343770668408093,-100.31718853342156,-1.0031718853342155,stop,175,0.0,2025-02-11 07:05:00+00:00,2025-02-11 10:00:00+00:00,2025-01-03 00:00:00+00:00
1739259000000,1739259300000,1739278500000,1,dip_unconfirmed,2911.722,2896.0192542348495,4418.093830749853,2895.9692542348494,15.702745765150667,6.368313000515583,-100.31841565002694,-1.0031841565002693,stop,320,0.19165437975052388,2025-02-11 07:35:00+00:00,2025-02-11 12:55:00+00:00,2025-01-03 00:00:00+00:00
1739386800000,1739387100000,1739547000000,1,dip_unconfirmed,2901.7115,2887.8073365312293,4211.7236834083005,2901.6614999999997,13.904163468770548,7.192090356575931,-0.3596045178301048,-0.003596045178301048,breakeven,2665,2.729398290320585,2025-02-12 19:05:00+00:00,2025-02-14 15:30:00+00:00,2025-01-03 00:00:00+00:00
1739388600000,1739388900000,1739541900000,1,dip_unconfirmed,2895.58,2881.6057767789985,4228.52809887913,2916.491334831502,13.974223221001466,7.1560328197500676,149.6421983590128,1.496421983590128,ladder_lock_1.50R,2550,3.154486607438143,2025-02-12 19:35:00+00:00,2025-02-14 14:05:00+00:00,2025-01-03 00:00:00+00:00
1739410200000,1739410500000,1739540700000,1,dip_unconfirmed,2903.0985000000005,2891.740139550911,3963.376184459851,2920.0860406736347,11.35836044908956,8.804087566002151,149.5597956216983,1.495597956216983,ladder_lock_1.50R,2170,3.2190385367573353,2025-02-13 01:35:00+00:00,2025-02-14 13:45:00+00:00,2025-01-03 00:00:00+00:00
1739428200000,1739428500000,1739454900000,1,dip_unconfirmed,2916.7200000000003,2906.350961767242,3885.7547850430324,2906.300961767242,10.369038232758157,9.644095986074888,-100.48220479930549,-1.004822047993055,stop,440,0.3981082823051426,2025-02-13 06:35:00+00:00,2025-02-13 13:55:00+00:00,2025-01-03 00:00:00+00:00
1739435400000,1739435700000,1739546400000,1,dip_unconfirmed,2912.75,2902.035654207471,3931.970233460382,2912.7,10.714345792529002,9.333280998801525,-0.46666404994177396,-0.0046666404994177395,breakeven,1845,2.5117259159924874,2025-02-13 08:35:00+00:00,2025-02-14 15:20:00+00:00,2025-01-03 00:00:00+00:00
1739455200000,1739455500000,1739546400000,1,dip_unconfirmed,2909.125,2897.94442767892,3966.0016597869385,2909.075,11.180572321080035,8.94408596699995,-0.4472042983516244,-0.004472042983516244,breakeven,1515,2.731210811312954,2025-02-13 14:05:00+00:00,2025-02-14 15:20:00+00:00,2025-01-03 00:00:00+00:00
1739541600000,1739541900000,1739546400000,1,dip_unconfirmed,2921.215,2909.91193056435,3980.218874129323,2909.8619305643497,11.303069435650286,8.847154356549948,-100.44235771782911,-1.004423577178291,stop,75,0.6117807237553855,2025-02-14 14:05:00+00:00,2025-02-14 15:20:00+00:00,2025-01-03 00:00:00+00:00
1739547000000,1739547300000,1739555700000,1,dip_unconfirmed,2900.86,2885.2659680939782,4390.669158696113,2885.215968093978,15.594031906021883,6.412709721427684,-100.32063548607256,-1.0032063548607255,stop,140,0.37610542516171963,2025-02-14 15:35:00+00:00,2025-02-14 17:55:00+00:00,2025-01-03 00:00:00+00:00
1739865600000,1739865900000,1739933700000,1,dip_unconfirmed,2911.9950000000003,2903.384354364058,3720.9489179583375,2924.860968453914,8.610645635942547,11.613530997325,149.41932345013427,1.4941932345013427,ladder_lock_1.50R,1130,3.15191231267399,2025-02-18 08:05:00+00:00,2025-02-19 02:55:00+00:00,2025-01-03 00:00:00+00:00
1739867400000,1739867700000,1739933700000,1,dip_unconfirmed,2911.1050000000005,2902.40190048091,3729.211852389886,2924.1096492786355,8.703099519090301,11.490159314006394,149.42549203429496,1.4942549203429496,ladder_lock_1.50R,1100,3.2206916557159633,2025-02-18 08:35:00+00:00,2025-02-19 02:55:00+00:00,2025-01-03 00:00:00+00:00
1739901600000,1739901900000,1739966700000,1,dip_unconfirmed,2931.7485,2922.2924652450706,3804.695940738014,2931.6985,9.456034754929533,10.575257239602353,-0.5287628619820413,-0.005287628619820413,breakeven,1080,1.5742856689733635,2025-02-18 18:05:00+00:00,2025-02-19 12:05:00+00:00,2025-01-03 00:00:00+00:00
1739903400000,1739903700000,1739975400000,1,dip_unconfirmed,2930.7435,2921.3959677275657,3793.1491949710103,2930.6935,9.347532272434364,10.698010671211852,-0.5349005335625385,-0.0053490053356253855,breakeven,1195,1.700074365815602,2025-02-18 18:35:00+00:00,2025-02-19 14:30:00+00:00,2025-01-03 00:00:00+00:00
1739912400000,1739912700000,1739933400000,1,dip_unconfirmed,2934.2079999999996,2925.535,3725.535,2925.4849999999997,8.672999999999774,11.530035743111103,-100.57650178715765,-1.0057650178715765,stop,345,0.568084861063152,2025-02-18 21:05:00+00:00,2025-02-19 02:50:00+00:00,2025-01-03 00:00:00+00:00
1739934000000,1739934300000,1739980800000,1,dip_unconfirmed,2929.77,2920.2257087933117,3825.154829462123,2929.72,9.544291206688285,10.47746740270495,-0.5238733701371533,-0.005238733701371533,breakeven,775,1.767024877466167,2025-02-19 03:05:00+00:00,2025-02-19 16:00:00+00:00,2025-01-03 00:00:00+00:00
1739935800000,1739936100000,1739980800000,1,dip_unconfirmed,2928.91,2919.1751581652184,3840.1593416433975,2928.8599999999997,9.734841834781491,10.272380558121785,-0.5136190279079578,-0.005136190279079578,breakeven,745,1.8207794539270772,2025-02-19 03:35:00+00:00,2025-02-19 16:00:00+00:00,2025-01-03 00:00:00+00:00
1739961000000,1739961300000,1739966400000,1,dip_unconfirmed,2944.8455,2935.4094654668793,3823.3129187788986,2935.359465466879,9.436034533120619,10.597672109931194,-100.52988360549848,-1.0052988360549848,stop,85,0.09092802670322815,2025-02-19 10:35:00+00:00,2025-02-19 12:00:00+00:00,2025-01-03 00:00:00+00:00
1739966400000,1739966700000,1739980800000,1,dip_unconfirmed,2935.6220000000003,2925.847681170093,3849.579564160801,2925.797681170093,9.774318829907315,10.230891967020913,-100.51154459835291,-1.0051154459835292,stop,235,0.5763061445022687,2025-02-19 12:05:00+00:00,2025-02-19 16:00:00+00:00,2025-01-03 00:00:00+00:00
1739968200000,1739968500000,1739981100000,1,dip_unconfirmed,2934.1250000000005,2924.4453468008,3849.410666720749,2924.3953468008,9.679653199200402,10.330948634426345,-100.5165474317232,-1.005165474317232,stop,210,0.7365966376345627,2025-02-19 12:35:00+00:00,2025-02-19 16:05:00+00:00,2025-01-03 00:00:00+00:00
1739975400000,1739975700000,1739981100000,1,dip_unconfirmed,2934.3734999999997,2922.819474124783,4021.722061646489,2922.769474124783,11.554025875216666,8.654991868635118,-100.43274959343333,-1.0043274959343333,stop,90,0.49649360854429103,2025-02-19 14:35:00+00:00,2025-02-19 16:05:00+00:00,2025-01-03 00:00:00+00:00
1740025800000,1740026100000,1740060300000,1,dip_unconfirmed,2941.425,2931.7728519460193,3833.9876573441093,2931.722851946019,9.652148053980909,10.360388116793985,-100.51801940584157,-1.0051801940584157,stop,570,1.3498031657965406,2025-02-20 04:35:00+00:00,2025-02-20 14:05:00+00:00,2025-01-03 00:00:00+00:00
1740027600000,1740027900000,1740054300000,1,dip_unconfirmed,2940.715,2931.3008625213038,3797.71461039096,2940.665,9.414137478696375,10.622322037073918,-0.5311161018556281,-0.005311161018556281,breakeven,440,1.4593477130634411,2025-02-20 05:05:00+00:00,2025-02-20 12:25:00+00:00,2025-01-03 00:00:00+00:00
1740045600000,1740045900000,1740054300000,1,dip_unconfirmed,2952.1085,2943.1769779606507,3780.8291818955913,2943.1269779606505,8.931522039349147,11.196299976581274,-100.55981499883109,-1.0055981499883109,stop,140,0.2575148994614406,2025-02-20 10:05:00+00:00,2025-02-20 12:25:00+00:00,2025-01-03 00:00:00+00:00
1740051000000,1740051300000,1740054300000,1,dip_unconfirmed,2952.3585,2943.423533921118,3775.0701418092617,2943.373533921118,8.934966078881644,11.19198429150798,-100.55959921457745,-1.0055959921457744,stop,50,0.0,2025-02-20 11:35:00+00:00,2025-02-20 12:25:00+00:00,2025-01-03 00:00:00+00:00
1740052800000,1740053100000,1740054300000,1,dip_unconfirmed,2949.3115,2940.309281498182,3788.5311316800335,2940.2592814981817,9.002218501817879,11.108372894948765,-100.55541864474947,-1.0055541864474946,stop,20,0.11869296438251178,2025-02-20 12:05:00+00:00,2025-02-20 12:25:00+00:00,2025-01-03 00:00:00+00:00
1740168000000,1740168300000,1740351900000,1,dip_unconfirmed,2933.85,2921.8540891170032,4078.9451774167064,2938.151,11.995910882996668,8.336173965892222,35.85388422730187,0.3585388422730187,timeout,3060,0.3359478108254732,2025-02-21 20:05:00+00:00,2025-02-23 23:05:00+00:00,2025-01-03 00:00:00+00:00
1740357000000,1740357300000,1740359100000,1,dip_unconfirmed,2936.475,2925.661565819411,3942.5049838782893,2925.6115658194108,10.813434180588956,9.247755923784934,-100.46238779619094,-1.0046238779619094,stop,30,0.0,2025-02-24 00:35:00+00:00,2025-02-24 01:05:00+00:00,2025-01-03 00:00:00+00:00
1740358800000,1740359100000,1740410100000,1,dip_unconfirmed,2931.0885,2919.9720968323104,3953.6124136012722,2931.0384999999997,11.116403167689441,8.99571547482702,-0.4497857737429873,-0.0044978577374298724,breakeven,850,2.2229762295618687,2025-02-24 01:05:00+00:00,2025-02-24 15:15:00+00:00,2025-01-03 00:00:00+00:00
1740375000000,1740375300000,1740470700000,1,dip_unconfirmed,2941.3635,2929.627465478242,4017.530917654027,2929.5774654782417,11.736034521758029,8.520765665319486,-100.42603828326753,-1.0042603828326753,stop,1590,1.2301003352738302,2025-02-24 05:35:00+00:00,2025-02-25 08:05:00+00:00,2025-01-03 00:00:00+00:00
1740376800000,1740377100000,1740408000000,1,dip_unconfirmed,2937.09,2925.665682229796,4012.097459250166,2937.04,11.424317770204198,8.753257919769208,-0.4376628959900526,-0.004376628959900526,breakeven,515,1.6377345567887824,2025-02-24 06:05:00+00:00,2025-02-24 14:40:00+00:00,2025-01-03 00:00:00+00:00
1740393000000,1740393300000,1740409800000,1,dip_unconfirmed,2942.64,2931.8126532570873,3972.5473275483855,2931.762653257087,10.827346742912596,9.23587305130487,-100.46179365256693,-1.0046179365256693,stop,275,1.2154408935517074,2025-02-24 10:35:00+00:00,2025-02-24 15:10:00+00:00,2025-01-03 00:00:00+00:00
1740394800000,1740395100000,1740408000000,1,dip_unconfirmed,2938.9019999999996,2927.676035167295,3997.5725184377848,2938.8519999999994,11.225964832704449,8.907920298188658,-0.44539601491105324,-0.004453960149110533,breakeven,215,1.5052603719879316,2025-02-24 11:05:00+00:00,2025-02-24 14:40:00+00:00,2025-01-03 00:00:00+00:00
1740409200000,1740409500000,1740486900000,1,dip_unconfirmed,2939.1830000000004,2926.1746027392874,4185.71432881054,2926.124602739287,13.008397260713082,7.687342106472408,-100.38436710532503,-1.0038436710532503,stop,1290,1.0528968116129596,2025-02-24 15:05:00+00:00,2025-02-25 12:35:00+00:00,2025-01-03 00:00:00+00:00
1740441600000,1740441900000,1740455400000,1,dip_unconfirmed,2950.595,2940.8763276861982,3858.7435590663963,2940.826327686198,9.718672313801562,10.289471315746413,-100.51447356578919,-1.005144735657892,stop,225,0.15588549043363864,2025-02-25 00:05:00+00:00,2025-02-25 03:50:00+00:00,2025-01-03 00:00:00+00:00
1740443400000,1740443700000,1740455400000,1,dip_unconfirmed,2949.4400000000005,2939.7419471371836,3855.0472334188007,2939.6919471371834,9.698052862816894,10.311348207165167,-100.51556741036013,-1.0051556741036014,stop,195,0.2572681377687597,2025-02-25 00:35:00+00:00,2025-02-25 03:50:00+00:00,2025-01-03 00:00:00+00:00
1740454200000,1740454500000,1740456600000,1,dip_unconfirmed,2945.5535,2936.2472577499175,3808.671482758162,2936.1972577499173,9.306242250082505,10.745475704666235,-100.53727378523527,-1.0053727378523527,stop,35,0.0,2025-02-25 03:35:00+00:00,2025-02-25 04:10:00+00:00,2025-01-03 00:00:00+00:00
1740456000000,1740456300000,1740470700000,1,dip_unconfirmed,2940.172,2930.3205607677805,3855.764483989715,2930.2705607677804,9.85143923221949,10.150801080206266,-100.50754005401215,-1.0050754005401215,stop,240,0.04699820900137459,2025-02-25 04:05:00+00:00,2025-02-25 08:05:00+00:00,2025-01-03 00:00:00+00:00
1741084200000,1741084500000,1741100700000,1,dip_unconfirmed,2915.9449999999997,2902.673372262003,4163.336146061681,2902.6233722620027,13.271627737996823,7.534870776528703,-100.37674353882781,-1.0037674353882782,stop,270,0.8622152629581954,2025-03-04 10:35:00+00:00,2025-03-04 15:05:00+00:00,2025-01-03 00:00:00+00:00
1741086000000,1741086300000,1741100700000,1,dip_unconfirmed,2915.28,2902.395988529003,4132.297135628705,2902.3459885290026,12.884011470997393,7.761557821110716,-100.38807789105695,-1.0038807789105695,stop,240,0.9397694209800638,2025-03-04 11:05:00+00:00,2025-03-04 15:05:00+00:00,2025-01-03 00:00:00+00:00
1741100400000,1741100700000,1741248900000,1,dip_unconfirmed,2904.2295,2889.7989502684445,4270.553923424,2904.1794999999997,14.430549731555402,6.929742931506564,-0.34648714657658874,-0.0034648714657658872,breakeven,2470,1.748166249331183,2025-03-04 15:05:00+00:00,2025-03-06 08:15:00+00:00,2025-01-03 00:00:00+00:00
1741111200000,1741111500000,1741182300000,1,dip_unconfirmed,2912.325,2898.0855181218044,4259.533705941348,2898.035518121804,14.23948187819542,7.022727431756321,-100.35113637158909,-1.003511363715891,stop,1180,0.6837678563929527,2025-03-04 18:05:00+00:00,2025-03-05 13:45:00+00:00,2025-01-03 00:00:00+00:00
1741113000000,1741113300000,1741182600000,1,dip_unconfirmed,2910.6685,2896.4801239702474,4244.967726945539,2896.430123970247,14.188376029752817,7.048022958392241,-100.3524011479209,-1.003524011479209,stop,1155,0.802981255649598,2025-03-04 18:35:00+00:00,2025-03-05 13:50:00+00:00,2025-01-03 00:00:00+00:00
1741132800000,1741133100000,1741137600000,1,dip_unconfirmed,2914.9700000000007,2903.7972895542457,3964.068334129631,2903.7472895542455,11.172710445755001,8.9503796312912,-100.44751898156618,-1.0044751898156619,stop,75,0.15349901067657573,2025-03-05 00:05:00+00:00,2025-03-05 01:20:00+00:00,2025-01-03 00:00:00+00:00
1741138200000,1741138500000,1741182300000,1,dip_unconfirmed,2911.3985,2899.5186961190516,4022.4990842138473,2899.4686961190514,11.879803880948202,8.417647378873932,-100.42088236894523,-1.0042088236894522,stop,730,0.8975737400093283,2025-03-05 01:35:00+00:00,2025-03-05 13:45:00+00:00,2025-01-03 00:00:00+00:00
1741140000000,1741140300000,1741182600000,1,dip_unconfirmed,2907.902,2896.195896396263,4007.106256770008,2896.1458963962627,11.70610360373712,8.54255210658442,-100.42712760533078,-1.004271276053308,stop,705,1.2095826655317998,2025-03-05 02:05:00+00:00,2025-03-05 13:50:00+00:00,2025-01-03 00:00:00+00:00
1741183200000,1741183500000,1741251900000,1,dip_unconfirmed,2900.62,2886.9041980307607,4198.984394954655,2900.5699999999997,13.715801969239237,7.290860587246187,-0.36454302936363553,-0.003645430293636355,breakeven,1140,2.102429013241272,2025-03-05 14:05:00+00:00,2025-03-06 09:05:00+00:00,2025-01-03 00:00:00+00:00
1741195800000,1741196100000,1741251000000,1,dip_unconfirmed,2918.9345000000003,2902.302468554205,4503.205613133693,2902.252468554205,16.632031445795292,6.012494644800638,-100.30062473224113,-1.0030062473224113,stop,915,0.43404198840813374,2025-03-05 17:35:00+00:00,2025-03-06 08:50:00+00:00,2025-01-03 00:00:00+00:00
1741233600000,1741233900000,1741246800000,1,dip_unconfirmed,2921.84,2912.060372690059,3834.0231036841487,2912.010372690059,9.779627309941134,10.225338535993957,-100.51126692680155,-1.0051126692680155,stop,215,0.07617877209319032,2025-03-06 04:05:00+00:00,2025-03-06 07:40:00+00:00,2025-01-03 00:00:00+00:00
1741235400000,1741235700000,1741248300000,1,dip_unconfirmed,2917.748,2907.9993460693404,3830.564739135275,2907.94934606934,9.748653930659657,10.257826435452648,-100.51289132177449,-1.005128913217745,stop,210,0.49617106468289013,2025-03-06 04:35:00+00:00,2025-03-06 08:05:00+00:00,2025-01-03 00:00:00+00:00
1741248000000,1741248300000,1741251300000,1,dip_unconfirmed,2910.655,2900.993540220833,3823.1395181375588,2900.943540220833,9.661459779167217,10.350402763734285,-100.5175201381886,-1.005175201381886,stop,50,0.04761185271313441,2025-03-06 08:05:00+00:00,2025-03-06 08:55:00+00:00,2025-01-03 00:00:00+00:00
1741249800000,1741250100000,1741253700000,1,dip_unconfirmed,2908.565,2898.512215919345,3852.7906239848717,2898.462215919345,10.052784080654874,9.947493072335604,-100.49737465361859,-1.0049737465361859,stop,60,0.0,2025-03-06 08:35:00+00:00,2025-03-06 09:35:00+00:00,2025-01-03 00:00:00+00:00
1741343400000,1741343700000,1741354200000,1,dip_unconfirmed,2919.8205,2910.288420381701,3810.9463822115904,2910.238420381701,9.532079618298667,10.49089013147044,-100.52454450657544,-1.0052454450657544,stop,175,0.2630590700466385,2025-03-07 10:35:00+00:00,2025-03-07 13:30:00+00:00,2025-01-03 00:00:00+00:00
1741345200000,1741345500000,1741356300000,1,dip_unconfirmed,2918.5935000000004,2908.979176068723,3807.211569196473,2908.929176068723,9.61432393127734,10.401147362497301,-100.52005736812676,-1.0052005736812675,stop,180,0.7483105469948276,2025-03-07 11:05:00+00:00,2025-03-07 14:05:00+00:00,2025-01-03 00:00:00+00:00
1741354200000,1741354500000,1741362300000,1,dip_unconfirmed,2913.37,2902.7913042939404,3889.1608748998997,2913.3199999999997,10.578695706059534,9.452961194707534,-0.47264805973709617,-0.004726480597370962,breakeven,130,1.5498129878722986,2025-03-07 13:35:00+00:00,2025-03-07 15:45:00+00:00,2025-01-03 00:00:00+00:00
1741363200000,1741363500000,1741557900000,1,dip_unconfirmed,2916.2985,2900.7886358292117,4409.7750529080295,2911.33,15.509864170788205,6.44750972019106,-32.034452044768955,-0.3203445204476896,timeout,3240,0.17901510738110102,2025-03-07 16:05:00+00:00,2025-03-09 22:05:00+00:00,2025-01-03 00:00:00+00:00
1741368600000,1741368900000,1741557900000,1,dip_unconfirmed,2909.6150000000002,2893.5228973822077,4448.73315916141,2911.33,16.092102617792534,6.2142283314445885,10.657401588425548,0.10657401588425548,timeout,3150,0.14808506113828454,2025-03-07 17:35:00+00:00,2025-03-09 22:05:00+00:00,2025-01-03 00:00:00+00:00
1741370400000,1741370700000,1741557900000,1,dip_unconfirmed,2908.7850000000003,2893.337333283479,4397.604004935596,2911.33,15.447666716521326,6.473469543011936,16.474979986962904,0.16474979986962904,timeout,3120,0.20799257641692712,2025-03-07 18:05:00+00:00,2025-03-09 22:05:00+00:00,2025-01-03 00:00:00+00:00
1741372200000,1741372500000,1741557900000,1,dip_unconfirmed,2906.85,2891.3128094775157,4384.031861725906,2911.33,15.537190522484252,6.436170030565535,28.834041736933713,0.28834041736933713,timeout,3090,0.33133403317349336,2025-03-07 18:35:00+00:00,2025-03-09 22:05:00+00:00,2025-01-03 00:00:00+00:00
1741725000000,1741725300000,1741785900000,1,dip_unconfirmed,2916.6985,2907.430800681301,3782.5007325511306,2907.380800681301,9.26769931869876,10.790164480006089,-100.53950822400226,-1.0053950822400226,stop,1010,0.8898109138437234,2025-03-11 20:35:00+00:00,2025-03-12 13:25:00+00:00,2025-01-03 00:00:00+00:00
1741737600000,1741737900000,1741785900000,1,dip_unconfirmed,2916.0634999999997,2907.4565000000002,3707.4565000000002,2907.4065,8.606999999999516,11.61845009875748,-100.58092250493999,-1.0058092250494,stop,800,1.0318926455211936,2025-03-12 00:05:00+00:00,2025-03-12 13:25:00+00:00,2025-01-03 00:00:00+00:00
1741739400000,1741739700000,1741786200000,1,dip_unconfirmed,2914.8665,2906.3565,3706.3565,2906.3064999999997,8.510000000000218,11.750881316098406,-100.58754406580705,-1.0058754406580706,stop,775,1.184312573442987,2025-03-12 00:35:00+00:00,2025-03-12 13:30:00+00:00,2025-01-03 00:00:00+00:00
1741757400000,1741757700000,1741930800000,1,dip_unconfirmed,2913.7419999999997,2905.13,3705.13,2984.1715,8.611999999999625,11.611704598235526,817.8065490014312,8.178065490014312,timeout,2885,9.273281467719915,2025-03-12 05:35:00+00:00,2025-03-14 05:40:00+00:00,2025-01-03 00:00:00+00:00
1741762800000,1741763100000,1741936200000,1,dip_unconfirmed,2912.3900000000003,2903.88,3703.88,2982.2565000000004,8.510000000000218,11.750881316098406,820.9929494711903,8.209929494711902,timeout,2885,9.54330199764956,2025-03-12 07:05:00+00:00,2025-03-14 07:10:00+00:00,2025-01-03 00:00:00+00:00
1741804200000,1741804500000,1741977600000,1,dip_unconfirmed,2936.4455000000003,2925.071687084497,3998.752978634788,2984.355,11.373812915503095,8.792126329394327,421.22637637811533,4.212263763781153,timeout,2885,5.976667675563984,2025-03-12 18:35:00+00:00,2025-03-14 18:40:00+00:00,2025-01-03 00:00:00+00:00
1741806000000,1741806300000,1741979400000,1,dip_unconfirmed,2935.8165000000004,2924.901030864176,3964.297944446588,2984.918,10.915469135824424,9.161310316182503,449.83407849003294,4.498340784900329,timeout,2885,6.285254362071695,2025-03-12 19:05:00+00:00,2025-03-14 19:10:00+00:00,2025-01-03 00:00:00+00:00
1741807800000,1741808100000,1741981200000,1,dip_unconfirmed,2935.2415,2924.617100088163,3936.5570912718267,2981.96,10.624399911836917,9.412296301891594,439.72836477992195,4.397283647799219,timeout,2885,6.511567766093104,2025-03-12 19:35:00+00:00,2025-03-14 19:40:00+00:00,2025-01-03 00:00:00+00:00
1741962600000,1741962900000,1742162700000,1,dip_unconfirmed,2983.9049999999997,2970.056450469122,4288.911403556898,2986.9315000000006,13.84854953087779,7.220972837410324,21.854274292428492,0.2185427429242849,timeout,3330,0.4340887821209594,2025-03-14 14:35:00+00:00,2025-03-16 22:05:00+00:00,2025-01-03 00:00:00+00:00
1741977000000,1741977300000,1742162700000,1,dip_unconfirmed,2985.7190000000005,2973.851141555722,4103.536985983561,2986.9315000000006,11.867858444278681,8.426120051019694,10.216670561862145,0.10216670561862146,timeout,3090,0.20104722441732717,2025-03-14 18:35:00+00:00,2025-03-16 22:05:00+00:00,2025-01-03 00:00:00+00:00
1741978800000,1741979100000,1742162700000,1,dip_unconfirmed,2984.077,2972.6269171588838,4056.635201270456,2986.9315000000006,11.450082841116455,8.733561266553192,24.929950635379328,0.24929950635379328,timeout,3060,0.3517878478167842,2025-03-14 19:05:00+00:00,2025-03-16 22:05:00+00:00,2025-01-03 00:00:00+00:00
1741984200000,1741984500000,1742162700000,1,dip_unconfirmed,2983.5315,2973.238751457022,3946.013605754814,2986.9315000000006,10.292748542978188,9.71557787333889,33.03296476935753,0.33032964769357526,timeout,2970,0.44434195403719523,2025-03-14 20:35:00+00:00,2025-03-16 22:05:00+00:00,2025-01-03 00:00:00+00:00
1742171400000,1742171700000,1742344800000,1,dip_unconfirmed,2989.9849999999997,2979.356847919051,3981.6720560139834,3032.2329999999997,10.628152080948894,9.408973379224724,397.51030732548656,3.9751030732548656,timeout,2885,4.49857130720801,2025-03-17 00:35:00+00:00,2025-03-19 00:40:00+00:00,2025-01-03 00:00:00+00:00
1742178600000,1742178900000,1742352000000,1,dip_unconfirmed,2989.4185,2979.641681393586,3901.1235420349667,3032.14,9.776818606414054,10.22827609120162,436.9672970302664,4.369672970302664,timeout,2885,4.948235407401443,2025-03-17 02:35:00+00:00,2025-03-19 02:40:00+00:00,2025-01-03 00:00:00+00:00
1742180400000,1742180700000,1742353800000,1,dip_unconfirmed,2988.8699999999994,2979.3650970083304,3863.5053961753274,3033.558,9.504902991669042,10.520885914106547,470.1573497295992,4.701573497295993,timeout,2885,5.147501246765343,2025-03-17 03:05:00+00:00,2025-03-19 03:10:00+00:00,2025-01-03 00:00:00+00:00
1742182200000,1742182500000,1742355600000,1,dip_unconfirmed,2987.04,2977.95012579345,3834.437546448514,3034.8535,9.089874206550121,11.00125235263877,526.0083793628961,5.2600837936289615,timeout,2885,5.583850650367044,2025-03-17 03:35:00+00:00,2025-03-19 03:40:00+00:00,2025-01-03 00:00:00+00:00
1742187600000,1742187900000,1742361000000,1,dip_unconfirmed,2983.5055,2974.4325784869566,3797.524729791326,3036.9915,9.072921513043639,11.021808119494423,589.5124290792774,5.895124290792774,timeout,2885,6.06249044708726,2025-03-17 05:05:00+00:00,2025-03-19 05:10:00+00:00,2025-01-03 00:00:00+00:00
1742347800000,1742348100000,1742373600000,1,dip_unconfirmed,3030.34,3021.75,3821.75,3030.29,8.590000000000146,11.641443538998638,-0.5820721769520495,-0.005820721769520495,breakeven,425,1.6839348079162229,2025-03-19 01:35:00+00:00,2025-03-19 08:40:00+00:00,2025-01-03 00:00:00+00:00
1742371200000,1742371500000,1742374500000,1,dip_unconfirmed,3036.477,3026.2313726141965,3994.094111194543,3026.1813726141963,10.245627385803346,9.760261254334026,-100.48801306271848,-1.0048801306271848,stop,50,0.008052215534823796,2025-03-19 08:05:00+00:00,2025-03-19 08:55:00+00:00,2025-01-03 00:00:00+00:00
1742373000000,1742373300000,1742375400000,1,dip_unconfirmed,3034.042,3023.601345998897,4000.616746109213,3023.551345998897,10.440654001102757,9.577944062645678,-100.47889720313401,-1.00478897203134,stop,35,0.0,2025-03-19 08:35:00+00:00,2025-03-19 09:10:00+00:00,2025-01-03 00:00:00+00:00
1742374800000,1742375100000,1742467200000,1,dip_unconfirmed,3025.7935,3014.759642713261,4054.4453713871253,3025.7435,11.033857286739021,9.063013722334839,-0.4531506861183905,-0.004531506861183905,breakeven,1535,2.822947514232827,2025-03-19 09:05:00+00:00,2025-03-20 10:40:00+00:00,2025-01-03 00:00:00+00:00
1742387400000,1742387700000,1742391600000,1,dip_unconfirmed,3037.8805,3027.4127647325195,4010.986291480568,3027.3627647325193,10.467735267480748,9.55316479111406,-100.47765823955744,-1.0047765823955743,stop,65,0.26123129121297295,2025-03-19 12:35:00+00:00,2025-03-19 13:40:00+00:00,2025-01-03 00:00:00+00:00
1742389200000,1742389500000,1742391600000,1,dip_unconfirmed,3037.7765000000004,3027.402602965911,4009.2923063748153,3027.3526029659106,10.373897034089623,9.63957900019543,-100.48197895001152,-1.0048197895001152,stop,35,0.0,2025-03-19 13:05:00+00:00,2025-03-19 13:40:00+00:00,2025-01-03 00:00:00+00:00
1742448600000,1742448900000,1742459400000,1,dip_unconfirmed,3049.5035,3038.9528176003787,4046.671057562475,3038.9028176003785,10.55068239962111,9.478059921848386,-100.47390299609414,-1.0047390299609413,stop,175,0.14828424747731353,2025-03-20 05:35:00+00:00,2025-03-20 08:30:00+00:00,2025-01-03 00:00:00+00:00
1742450400000,1742450700000,1742465400000,1,dip_unconfirmed,3047.4435,3036.9554734860662,4030.908124879439,3036.905473486066,10.488026513933619,9.534682227123222,-100.47673411135789,-1.004767341113579,stop,245,0.3455845573220715,2025-03-20 06:05:00+00:00,2025-03-20 10:10:00+00:00,2025-01-03 00:00:00+00:00
1742455800000,1742456100000,1742465400000,1,dip_unconfirmed,3047.4314999999997,3036.829805119857,4040.4992931341503,3036.779805119857,10.601694880142531,9.432454068009886,-100.4716227034022,-1.004716227034022,stop,155,0.0,2025-03-20 07:35:00+00:00,2025-03-20 10:10:00+00:00,2025-01-03 00:00:00+00:00
1742457600000,1742457900000,1742466000000,1,dip_unconfirmed,3042.902,3032.159497611296,4050.2097364817064,3032.109497611296,10.742502388703997,9.308818037141181,-100.46544090185874,-1.0046544090185874,stop,135,0.2753548375386439,2025-03-20 08:05:00+00:00,2025-03-20 10:20:00+00:00,2025-01-03 00:00:00+00:00
1742518800000,1742519100000,1742522700000,1,dip_unconfirmed,3043.5555000000004,3034.935,3834.935,3034.8849999999998,8.620500000000447,11.600255205613921,-100.5800127602828,-1.0058001276028279,stop,60,0.06507743170345864,2025-03-21 01:05:00+00:00,2025-03-21 02:05:00+00:00,2025-01-03 00:00:00+00:00
1742520600000,1742520900000,1742522700000,1,dip_unconfirmed,3042.7500000000005,3034.16,3834.16,3034.1099999999997,8.5900000000006,11.641443538998022,-100.58207217695201,-1.00582072176952,stop,30,0.006402793946429854,2025-03-21 01:35:00+00:00,2025-03-21 02:05:00+00:00,2025-01-03 00:00:00+00:00
1742522400000,1742522700000,1742532900000,1,dip_unconfirmed,3036.575,3027.577462103258,3866.83125177751,3027.5274621032577,8.99753789674196,11.114151576534104,-100.55570757882873,-1.0055570757882872,stop,170,0.0,2025-03-21 02:05:00+00:00,2025-03-21 04:55:00+00:00,2025-01-03 00:00:00+00:00
1742524200000,1742524500000,1742534100000,1,dip_unconfirmed,3035.73,3026.9105005244533,3845.860448079111,3026.860500524453,8.819499475546763,11.338511927719177,-100.56692559638802,-1.0056692559638802,stop,160,0.0,2025-03-21 02:35:00+00:00,2025-03-21 05:15:00+00:00,2025-01-03 00:00:00+00:00
1742959800000,1742960100000,1743133200000,1,dip_unconfirmed,3019.325,3010.805,3810.805,3072.605,8.519999999999982,11.737089201877959,625.35211267606,6.2535211267605995,timeout,2885,6.775821596244148,2025-03-26 03:35:00+00:00,2025-03-28 03:40:00+00:00,2025-01-03 00:00:00+00:00
1742961600000,1742961900000,1742981700000,1,dip_unconfirmed,3018.2634999999996,3009.675,3809.675,3018.2134999999994,8.588499999999385,11.643476742156041,-0.58217383710992,-0.0058217383710992,breakeven,330,1.5592361879259,2025-03-26 04:05:00+00:00,2025-03-26 09:35:00+00:00,2025-01-03 00:00:00+00:00
1742979600000,1742979900000,1742997600000,1,dip_unconfirmed,3024.565,3016.12,3816.12,3016.0699999999997,8.445000000000164,11.841326228537367,-100.59206631142902,-1.0059206631142903,stop,295,0.6489046773238498,2025-03-26 09:05:00+00:00,2025-03-26 14:00:00+00:00,2025-01-03 00:00:00+00:00
1742981400000,1742981700000,1743083100000,1,dip_unconfirmed,3020.3699999999994,3011.84,3811.84,3033.114999999998,8.52999999999929,11.723329425557834,149.41383352871733,1.4941383352871733,ladder_lock_1.50R,1690,4.120574443142276,2025-03-26 09:35:00+00:00,2025-03-27 13:45:00+00:00,2025-01-03 00:00:00+00:00
1742983200000,1742983500000,1743156600000,1,dip_unconfirmed,3019.0685000000003,3010.75,3810.75,3070.6915,8.318500000000313,12.021398088597252,620.580633527651,6.20580633527651,timeout,2885,7.9950111197928715,2025-03-26 10:05:00+00:00,2025-03-28 10:10:00+00:00,2025-01-03 00:00:00+00:00
1742992200000,1742992500000,1742997300000,1,dip_unconfirmed,3026.7100000000005,3018.1594324358402,3822.2161888517894,3018.10943243584,8.550567564160247,11.695130089276246,-100.58475650446593,-1.0058475650446592,stop,80,0.3455910941380514,2025-03-26 12:35:00+00:00,2025-03-26 13:55:00+00:00,2025-01-03 00:00:00+00:00
1742997600000,1742997900000,1743171000000,1,dip_unconfirmed,3017.3435,3007.577391057413,3925.988285316108,3081.5959999999995,9.766108942586925,10.239492574563807,657.9129966471569,6.579129966471569,timeout,2885,6.987378535419482,2025-03-26 14:05:00+00:00,2025-03-28 14:10:00+00:00,2025-01-03 00:00:00+00:00
1742999400000,1742999700000,1743172800000,1,dip_unconfirmed,3016.16,3006.470684553312,3925.4022292220975,3070.4575,9.689315446687942,10.32064654621009,560.3853058428436,5.603853058428436,timeout,2885,7.2503574051780255,2025-03-26 14:35:00+00:00,2025-03-28 14:40:00+00:00,2025-01-03 00:00:00+00:00
1743084000000,1743084300000,1743372300000,1,dip_unconfirmed,3041.2435,3028.1771703601808,4277.810134342103,3091.7165,13.066329639819287,7.6532586240020075,386.28292252925297,3.8628292252925296,timeout,4800,3.4567855889960732,2025-03-27 14:05:00+00:00,2025-03-30 22:05:00+00:00,2025-01-03 00:00:00+00:00
1743138000000,1743138300000,1743372300000,1,dip_unconfirmed,3074.6569999999997,3064.93539093651,3968.8962972855084,3091.7165,9.721609063489723,10.286363023540822,175.4802100000977,1.754802100000977,timeout,3900,1.2090591097869785,2025-03-28 05:05:00+00:00,2025-03-30 22:05:00+00:00,2025-01-03 00:00:00+00:00
1743157800000,1743158100000,1743372300000,1,dip_unconfirmed,3070.94,3059.280458334218,4172.2346249124075,3091.7165,11.659541665781944,8.576666464812837,178.1931108061834,1.781931108061834,timeout,3570,1.3268960687711553,2025-03-28 10:35:00+00:00,2025-03-30 22:05:00+00:00,2025-01-03 00:00:00+00:00
1743174000000,1743174300000,1743372300000,1,dip_unconfirmed,3070.6205,3056.5659158339836,4405.974332435601,3091.7165,14.054584166016411,7.1151162367220495,150.10049212988838,1.5010049212988839,timeout,3300,1.114654109644856,2025-03-28 15:05:00+00:00,2025-03-30 22:05:00+00:00,2025-01-03 00:00:00+00:00
1743184800000,1743185100000,1743372300000,1,dip_unconfirmed,3078.1585,3063.953269016406,4421.626367375769,3091.7165,14.205230983593992,7.039660257231489,95.44371376754448,0.9544371376754448,timeout,3120,0.5056587962769054,2025-03-28 18:05:00+00:00,2025-03-30 22:05:00+00:00,2025-01-03 00:00:00+00:00
1743379200000,1743379500000,1743382800000,1,dip_unconfirmed,3089.747,3078.467145112627,4150.402633849909,3078.4171451126267,11.279854887372949,8.865362276241992,-100.44326811381372,-1.0044326811381372,stop,55,0.0,2025-03-31 00:05:00+00:00,2025-03-31 01:00:00+00:00,2025-01-03 00:00:00+00:00
1743381000000,1743381300000,1743429000000,1,dip_unconfirmed,3084.8235,3073.300099033154,4170.140195717773,3102.0586014502687,11.523400966846111,8.677993613839286,149.5661003193045,1.495661003193045,ladder_lock_1.50R,795,3.7143114366274244,2025-03-31 00:35:00+00:00,2025-03-31 13:50:00+00:00,2025-01-03 00:00:00+00:00
1743382800000,1743383100000,1743522900000,1,dip_unconfirmed,3079.708,3067.8822705307857,4187.305217452219,3117.500334301486,11.825729469214366,8.456137971050968,319.5771931014467,3.195771931014467,ladder_lock_3.20R,2330,5.820824853062762,2025-03-31 01:05:00+00:00,2025-04-01 15:55:00+00:00,2025-01-03 00:00:00+00:00
1743411600000,1743411900000,1743428400000,1,dip_unconfirmed,3122.9235000000003,3108.6648117702184,4467.3336347483755,3108.6148117702182,14.25868822978191,7.013267867876618,-100.35066339339511,-1.0035066339339511,stop,275,0.23666272420148932,2025-03-31 09:05:00+00:00,2025-03-31 13:40:00+00:00,2025-01-03 00:00:00+00:00
1743413400000,1743413700000,1743428700000,1,dip_unconfirmed,3121.0905,3107.1851466437743,4432.020482266352,3107.135146643774,13.905353356225532,7.1914749261103275,-100.35957374630684,-1.0035957374630684,stop,250,0.3744960567772267,2025-03-31 09:35:00+00:00,2025-03-31 13:45:00+00:00,2025-01-03 00:00:00+00:00
1743415200000,1743415500000,1743429000000,1,dip_unconfirmed,3115.6485000000002,3101.43395759779,4464.188197818747,3101.38395759779,14.2145424022101,7.035048837340824,-100.35175244186833,-1.0035175244186834,stop,225,0.7491975259326102,2025-03-31 10:05:00+00:00,2025-03-31 13:50:00+00:00,2025-01-03 00:00:00+00:00
1743429600000,1743429900000,1743523200000,1,dip_unconfirmed,3114.0614999999993,3097.9389255194274,4664.696373576663,3114.011499999999,16.122574480571984,6.202483363962868,-0.31012416819927163,-0.0031012416819927164,breakeven,1555,2.1387403135617022,2025-03-31 14:05:00+00:00,2025-04-01 16:00:00+00:00,2025-01-03 00:00:00+00:00
1743431400000,1743431700000,1743523200000,1,dip_unconfirmed,3113.1884999999997,3097.319180839469,4633.901096892618,3113.1384999999996,15.869319160530722,6.301467566971264,-0.31507337834970944,-0.0031507337834970946,breakeven,1525,2.227883858302692,2025-03-31 14:35:00+00:00,2025-04-01 16:00:00+00:00,2025-01-03 00:00:00+00:00
1743436800000,1743437100000,1743523200000,1,dip_unconfirmed,3114.4,3097.838861991367,4699.952662854613,3114.35,16.561138008632952,6.038232393684071,-0.3019116196853019,-0.0030191161968530188,breakeven,1435,2.061663877337501,2025-03-31 16:05:00+00:00,2025-04-01 16:00:00+00:00,2025-01-03 00:00:00+00:00
1743454800000,1743458700000,1743493800000,1,dip_unconfirmed,3123.867,3112.3157259451573,4232.243131429439,3123.817,11.551274054842906,8.657053717643787,-0.4328526858837641,-0.004328526858837641,breakeven,585,2.1362578606343323,2025-03-31 22:05:00+00:00,2025-04-01 07:50:00+00:00,2025-01-03 00:00:00+00:00
1743494400000,1743494700000,1743523200000,1,dip_unconfirmed,3128.1365,3114.212851724152,4455.37767930892,3114.162851724152,13.923648275847881,7.182025717603133,-100.35910128588147,-1.0035910128588146,stop,475,0.7471820455308343,2025-04-01 08:05:00+00:00,2025-04-01 16:00:00+00:00,2025-01-03 00:00:00+00:00
1743523200000,1743523500000,1743656700000,1,dip_unconfirmed,3114.232,3099.0779722799066,4566.780744289273,3136.91304158014,15.154027720093382,6.59890570659348,149.6700547146706,1.496700547146706,ladder_lock_1.50R,2220,3.4949784293830874,2025-04-01 16:05:00+00:00,2025-04-03 05:05:00+00:00,2025-01-03 00:00:00+00:00
1743525000000,1743525300000,1743572100000,1,dip_unconfirmed,3108.5119999999997,3092.0113314027703,4682.378191125749,3108.4619999999995,16.500668597229378,6.060360488470811,-0.30301802442464293,-0.0030301802442464294,breakeven,780,1.6181768540266477,2025-04-01 16:35:00+00:00,2025-04-02 05:35:00+00:00,2025-01-03 00:00:00+00:00
1743526800000,1743527100000,1743624900000,1,dip_unconfirmed,3107.18,3091.133022016858,4647.830820331056,3107.1299999999997,16.046977983141915,6.231702947748453,-0.3115851473885562,-0.003115851473885562,breakeven,1630,1.7469332873423744,2025-04-01 17:05:00+00:00,2025-04-02 20:15:00+00:00,2025-01-03 00:00:00+00:00
1743562800000,1743563100000,1743569700000,1,dip_unconfirmed,3129.192,3116.229197020967,4356.459494924239,3116.179197020967,12.962802979032858,7.714380922224037,-100.3857190461126,-1.003857190461126,stop,110,0.19177950972648003,2025-04-02 03:05:00+00:00,2025-04-02 04:55:00+00:00,2025-01-03 00:00:00+00:00
1743568200000,1743568500000,1743571800000,1,dip_unconfirmed,3124.9405,3112.7767657999507,4265.750185804869,3112.7267657999505,12.163734200049475,8.221159584331698,-100.41105797921809,-1.0041105797921808,stop,55,0.0,2025-04-02 04:35:00+00:00,2025-04-02 05:30:00+00:00,2025-01-03 00:00:00+00:00
1743570000000,1743570300000,1743657300000,1,dip_unconfirmed,3116.9134999999997,3104.1722468142398,4305.597565390237,3135.9753797786393,12.741253185759888,7.848521534111247,149.60757392329302,1.4960757392329302,ladder_lock_1.50R,1450,3.9463543551741505,2025-04-02 05:05:00+00:00,2025-04-03 05:15:00+00:00,2025-01-03 00:00:00+00:00
1743591600000,1743591900000,1743656700000,1,dip_unconfirmed,3115.0869999999995,3100.723363198477,4477.887043350787,3136.582455202283,14.363636801522716,6.962025104213079,149.6518987447865,1.496518987447865,ladder_lock_1.50R,1080,3.627772041303363,2025-04-02 11:05:00+00:00,2025-04-03 05:05:00+00:00,2025-01-03 00:00:00+00:00
1743607800000,1743608100000,1743624900000,1,dip_unconfirmed,3125.4249999999997,3109.8402209700203,4600.31812396798,3109.79022097002,15.584779029979472,6.416517026493363,-100.32082585132584,-1.0032082585132585,stop,280,0.5362924930743265,2025-04-02 15:35:00+00:00,2025-04-02 20:15:00+00:00,2025-01-03 00:00:00+00:00
1743649200000,1743649500000,1743661800000,1,dip_unconfirmed,3145.967,3123.3346332474894,5308.22130849854,3123.284633247489,22.632366752510734,4.418450844912472,-100.22092254224643,-1.0022092254224644,stop,205,0.2588107582407312,2025-04-03 03:05:00+00:00,2025-04-03 06:30:00+00:00,2025-04-03 00:00:00+00:00
1743658200000,1743658500000,1743675600000,1,dip_unconfirmed,3131.2749999999996,3110.8426849840475,5090.574186579349,3110.7926849840474,20.4323150159521,4.894208019107336,-100.24471040095625,-1.0024471040095626,stop,285,0.1164821508547822,2025-04-03 05:35:00+00:00,2025-04-03 10:20:00+00:00,2025-04-03 00:00:00+00:00
1743674400000,1743674700000,1743676500000,1,dip_unconfirmed,3122.1935,3103.6904622161787,4903.1442405983025,3103.6404622161785,18.503037783821128,5.404517959069349,-100.27022589795446,-1.0027022589795447,stop,30,0.022050433272997633,2025-04-03 10:05:00+00:00,2025-04-03 10:35:00+00:00,2025-04-03 00:00:00+00:00
1744232400000,1744236300000,1744581900000,1,dip_unconfirmed,3083.11,3051.2792633335457,6219.352929978993,3220.74,31.830736666454413,3.141617520444866,432.3808193388258,4.323808193388258,timeout,5760,5.0749689425266356,2025-04-09 22:05:00+00:00,2025-04-13 22:05:00+00:00,2025-04-03 00:00:00+00:00
1744237800000,1744238100000,1744581900000,1,dip_unconfirmed,3080.075,3047.731030238292,6157.128006409068,3220.74,32.34396976170774,3.091766432405917,434.90332521437824,4.349033252143783,timeout,5730,5.088274606132046,2025-04-09 22:35:00+00:00,2025-04-13 22:05:00+00:00,2025-04-03 00:00:00+00:00
1744263000000,1744263300000,1744581900000,1,dip_unconfirmed,3126.06,3099.5784887416867,5672.22961457303,3220.74,26.481511258313276,3.776219530092235,357.5324651091322,3.575324651091322,timeout,5310,4.478218740736388,2025-04-10 05:35:00+00:00,2025-04-13 22:05:00+00:00,2025-04-03 00:00:00+00:00
1744264800000,1744265100000,1744581900000,1,dip_unconfirmed,3123.07,3096.596810974423,5669.915713532103,3220.74,26.473189025577085,3.777406639728404,368.9393065022718,3.689393065022718,timeout,5280,4.592570992581791,2025-04-10 06:05:00+00:00,2025-04-13 22:05:00+00:00,2025-04-03 00:00:00+00:00
1744266600000,1744266900000,1744581900000,1,dip_unconfirmed,3122.453,3096.873467333393,5577.526733994097,3220.74,25.579532666607065,3.9093755661355583,384.2407962687649,3.842407962687649,timeout,5250,4.777139660550673,2025-04-10 06:35:00+00:00,2025-04-13 22:05:00+00:00,2025-04-03 00:00:00+00:00
1744599600000,1744599900000,1744626300000,1,dip_unconfirmed,3232.9349999999995,3210.6344359450536,5353.190841439729,3210.5844359450534,22.30056405494588,4.484191509847561,-100.2242095754932,-1.002242095754932,stop,440,0.19842547431078308,2025-04-14 03:05:00+00:00,2025-04-14 10:25:00+00:00,2025-04-03 00:00:00+00:00
1744608600000,1744608900000,1744626300000,1,dip_unconfirmed,3225.8230000000003,3206.575292986826,5061.045994304235,3206.5252929868257,19.247707013174477,5.195424053969286,-100.25977120269941,-1.0025977120269942,stop,290,0.5993960731064265,2025-04-14 05:35:00+00:00,2025-04-14 10:25:00+00:00,2025-04-03 00:00:00+00:00
1744619400000,1744619700000,1744626300000,1,dip_unconfirmed,3225.355,3206.1157575986686,5065.039997731826,3206.0657575986684,19.239242401331467,5.197709863725166,-100.25988549318721,-1.002598854931872,stop,110,0.3030264850551734,2025-04-14 08:35:00+00:00,2025-04-14 10:25:00+00:00,2025-04-03 00:00:00+00:00
1744624800000,1744625100000,1744626300000,1,dip_unconfirmed,3224.73,3206.2684454971845,4990.423895778723,3206.2184454971843,18.46155450281549,5.416661960115517,-100.27083309800676,-1.0027083309800675,stop,20,0.0,2025-04-14 10:05:00+00:00,2025-04-14 10:25:00+00:00,2025-04-03 00:00:00+00:00
1744702200000,1744702500000,1744875600000,1,dip_unconfirmed,3221.125,3208.1059825299603,4454.507729533878,3322.0,13.019017470039671,7.681071189137538,774.8280562042492,7.748280562042492,timeout,2885,10.441264120954107,2025-04-15 07:35:00+00:00,2025-04-17 07:40:00+00:00,2025-04-03 00:00:00+00:00
1744725600000,1744725900000,1744899000000,1,dip_unconfirmed,3213.8300000000004,3199.168371886491,4595.331183237376,3308.84,14.661628113509323,6.820524925731769,648.0180731937738,6.480180731937739,timeout,2885,9.769037851125583,2025-04-15 14:05:00+00:00,2025-04-17 14:10:00+00:00,2025-04-03 00:00:00+00:00
1744731000000,1744731300000,1744904400000,1,dip_unconfirmed,3222.4249999999997,3207.2770674324424,4665.570324188233,3298.6150000000002,15.147932567557291,6.60156094265778,502.97292822109966,5.0297292822109965,timeout,2885,8.888011575147317,2025-04-15 15:35:00+00:00,2025-04-17 15:40:00+00:00,2025-04-03 00:00:00+00:00
1744732800000,1744733100000,1744906200000,1,dip_unconfirmed,3221.9900000000002,3207.0458483301245,4641.461015317643,3297.4200000000005,14.944151669875737,6.691580907973448,504.7459478884391,5.047459478884391,timeout,2885,9.038318332399717,2025-04-15 16:05:00+00:00,2025-04-17 16:10:00+00:00,2025-04-03 00:00:00+00:00
1744797600000,1744797900000,1744900200000,1,dip_unconfirmed,3304.285,3284.6683223020386,5177.336092098188,3304.2349999999997,19.616677697961222,5.0977031656279435,-0.25488515828232444,-0.0025488515828232445,breakeven,1705,2.6903128456601517,2025-04-16 10:05:00+00:00,2025-04-17 14:30:00+00:00,2025-04-03 00:00:00+00:00
1744884000000,1744884300000,1744900200000,1,dip_unconfirmed,3322.32,3304.063528551859,5062.210673365957,3304.0135285518586,18.256471448141383,5.477509730401961,-100.27387548652109,-1.002738754865211,stop,265,1.0623630122114593,2025-04-17 10:05:00+00:00,2025-04-17 14:30:00+00:00,2025-04-03 00:00:00+00:00
1744900200000,1744900500000,1745186700000,1,dip_unconfirmed,3304.4129999999996,3282.982957239526,5345.687233286918,3330.8250000000003,21.430042760473498,4.666346265274111,123.24753755842316,1.2324753755842317,timeout,4770,1.110917055373819,2025-04-17 14:35:00+00:00,2025-04-20 22:05:00+00:00,2025-04-03 00:00:00+00:00
1744902000000,1744902300000,1745186700000,1,dip_unconfirmed,3292.025,3269.237746008131,5480.463145194989,3330.8250000000003,22.787253991868965,4.388418193595524,170.27062591150712,1.7027062591150712,timeout,4740,1.588387965171887,2025-04-17 15:05:00+00:00,2025-04-20 22:05:00+00:00,2025-04-03 00:00:00+00:00
1745208000000,1745208300000,1745325900000,1,dip_unconfirmed,3383.1749999999997,3364.668083461894,5151.859737272454,3442.3471329219374,18.506916538105543,5.403385258376298,319.7298307370807,3.197298307370807,ladder_lock_3.20R,1960,6.289540440750041,2025-04-21 04:05:00+00:00,2025-04-22 12:45:00+00:00,2025-04-03 00:00:00+00:00
1745209800000,1745210100000,1745326200000,1,dip_unconfirmed,3375.185,3356.0946489289017,5204.6297560387075,3436.224123427514,19.090351071098212,5.238248350047095,319.7380875824957,3.1973808758249573,ladder_lock_3.20R,1935,6.515857122623599,2025-04-21 04:35:00+00:00,2025-04-22 12:50:00+00:00,2025-04-03 00:00:00+00:00
1745235000000,1745235300000,1745280300000,1,dip_unconfirmed,3393.495,3377.509926053302,4908.017320723118,3417.4226109200463,15.985073946697867,6.25583593378732,149.68720820330807,1.4968720820330808,ladder_lock_1.50R,750,3.1460598911016406,2025-04-21 11:35:00+00:00,2025-04-22 00:05:00+00:00,2025-04-03 00:00:00+00:00
1745281800000,1745282100000,1745306100000,1,dip_unconfirmed,3428.5149999999994,3407.1836324731707,5469.820385156081,3460.462051290242,21.33136752682867,4.6879319797115215,149.7656034010125,1.497656034010125,ladder_lock_1.50R,400,3.3312444647830475,2025-04-22 00:35:00+00:00,2025-04-22 07:15:00+00:00,2025-04-03 00:00:00+00:00
1745283600000,1745283900000,1745311200000,1,dip_unconfirmed,3426.435,3404.815515867944,5483.76392907351,3458.8142261980834,21.61948413205573,4.62545726758242,149.76872713662004,1.4976872713662004,ladder_lock_1.50R,455,3.3830594455097973,2025-04-22 01:05:00+00:00,2025-04-22 08:40:00+00:00,2025-04-03 00:00:00+00:00
1745296200000,1745296500000,1745311200000,1,dip_unconfirmed,3484.0550000000003,3458.2287596365113,5975.852795985342,3458.178759636511,25.826240363488978,3.8720308721888843,-100.19360154361014,-1.0019360154361014,stop,245,0.6009391913637142,2025-04-22 04:35:00+00:00,2025-04-22 08:40:00+00:00,2025-04-03 00:00:00+00:00
1745307000000,1745307300000,1745326200000,1,dip_unconfirmed,3466.075,3437.908601774047,6192.548424369339,3437.8586017740467,28.16639822595289,3.5503296941906717,-100.17751648471018,-1.0017751648471018,stop,315,0.47219384932738195,2025-04-22 07:35:00+00:00,2025-04-22 12:50:00+00:00,2025-04-03 00:00:00+00:00
1745312400000,1745312700000,1745329500000,1,dip_unconfirmed,3444.81,3415.8012256186526,6245.178663753444,3415.7512256186524,29.008774381347394,3.447232850495741,-100.17236164252542,-1.001723616425254,stop,280,0.7821771337774855,2025-04-22 09:05:00+00:00,2025-04-22 13:45:00+00:00,2025-04-03 00:00:00+00:00
1745326800000,1745327100000,1745338800000,1,dip_unconfirmed,3432.39,3402.5587207178755,6320.686648930292,3402.5087207178753,29.831279282124342,3.352186108221062,-100.16760930541166,-1.0016760930541166,stop,195,0.5621616103486715,2025-04-22 13:05:00+00:00,2025-04-22 16:20:00+00:00,2025-04-03 00:00:00+00:00
1745335800000,1745336100000,1745340000000,1,dip_unconfirmed,3413.275,3378.1992330790413,6828.775925174912,3378.149233079041,35.07576692095881,2.850971162664644,-100.14254855813375,-1.0014254855813376,stop,65,0.4621424254679398,2025-04-22 15:35:00+00:00,2025-04-22 16:40:00+00:00,2025-04-03 00:00:00+00:00
1746453600000,1746453900000,1746578700000,1,dip_unconfirmed,3317.155,3299.0718404995173,4940.387790547753,3374.9711104015455,18.083159500482907,5.5300070763258775,319.7234996461837,3.197234996461837,ladder_lock_3.20R,2080,6.616100466116273,2025-05-05 14:05:00+00:00,2025-05-07 00:45:00+00:00,2025-04-03 00:00:00+00:00
1746459000000,1746459300000,1746578700000,1,dip_unconfirmed,3311.855,3293.6775286360935,5026.4246650267505,3369.9729083645007,18.177471363906534,5.501315226856114,319.7249342386557,3.197249342386557,ladder_lock_3.20R,1990,6.873343244434032,2025-05-05 15:35:00+00:00,2025-05-07 00:45:00+00:00,2025-04-03 00:00:00+00:00
1746505800000,1746506100000,1746570600000,1,dip_unconfirmed,3358.0950000000003,3333.594018998575,5680.692119141027,3394.796471502138,24.500981001425316,4.081469227464101,149.79592653862605,1.4979592653862606,ladder_lock_1.50R,1075,3.21211628201424,2025-05-06 04:35:00+00:00,2025-05-06 22:30:00+00:00,2025-04-03 00:00:00+00:00
1746523800000,1746524100000,1746578700000,1,dip_unconfirmed,3374.8199999999997,3352.807119100149,5473.095209085246,3374.7699999999995,22.012880899850643,4.542794759802589,-0.22713973799095577,-0.002271397379909558,breakeven,910,2.815397052387671,2025-05-06 09:35:00+00:00,2025-05-07 00:45:00+00:00,2025-04-03 00:00:00+00:00
1746532800000,1746533100000,1746572400000,1,dip_unconfirmed,3380.068,3360.1520128704774,5265.9507258227295,3380.018,19.91598712952282,5.02109181682304,-0.25105459084206533,-0.0025105459084206532,breakeven,655,2.8483147549291985,2025-05-06 12:05:00+00:00,2025-05-06 23:00:00+00:00,2025-04-03 00:00:00+00:00
1746572400000,1746572700000,1746684000000,1,dip_unconfirmed,3383.19,3356.075409333253,5921.034476007944,3356.025409333253,27.114590666747063,3.6880512499360183,-100.18440256249747,-1.0018440256249748,stop,1855,1.1408986541676884,2025-05-06 23:05:00+00:00,2025-05-08 06:00:00+00:00,2025-04-03 00:00:00+00:00
1746579600000,1746579900000,1746684900000,1,dip_unconfirmed,3380.5339999999997,3349.7972404978923,6328.573190708645,3349.747240497892,30.73675950210736,3.2534334009134516,-100.16267167004627,-1.0016267167004627,stop,1750,1.092860813700834,2025-05-07 01:05:00+00:00,2025-05-08 06:15:00+00:00,2025-04-03 00:00:00+00:00
1746581400000,1746581700000,1746686100000,1,dip_unconfirmed,3366.42,3334.7756518909,6423.210462800887,3334.7256518909,31.644348109100065,3.1601219799260987,-100.15800609899688,-1.0015800609899688,stop,1740,1.5075361905237288,2025-05-07 01:35:00+00:00,2025-05-08 06:35:00+00:00,2025-04-03 00:00:00+00:00
1746604800000,1746605100000,1746645600000,1,dip_unconfirmed,3388.7499999999995,3363.7411232598038,5798.628797279445,3363.6911232598036,25.008876740195774,3.9985802256873844,-100.19992901128509,-1.001999290112851,stop,675,0.3530746339282295,2025-05-07 08:05:00+00:00,2025-05-07 19:20:00+00:00,2025-04-03 00:00:00+00:00
1746606600000,1746606900000,1746645600000,1,dip_unconfirmed,3387.6000000000004,3363.5510430269605,5714.946740330913,3363.5010430269604,24.04895697303982,4.158184494741514,-100.20790922473783,-1.0020790922473783,stop,645,0.41498681257520387,2025-05-07 08:35:00+00:00,2025-05-07 19:20:00+00:00,2025-04-03 00:00:00+00:00
1746673200000,1746673500000,1746680700000,1,dip_unconfirmed,3402.8959999999997,3380.46533241123,5543.43209128825,3380.41533241123,22.430667588769666,4.45818206721885,-100.22290910336176,-1.0022290910336176,stop,120,0.21426023015055998,2025-05-08 03:05:00+00:00,2025-05-08 05:05:00+00:00,2025-04-03 00:00:00+00:00
1746675000000,1746675300000,1746681300000,1,dip_unconfirmed,3399.77,3376.972880096142,5563.684870481951,3376.922880096142,22.797119903857947,4.386519017390309,-100.21932595087033,-1.0021932595087033,stop,100,0.04847103514216371,2025-05-08 03:35:00+00:00,2025-05-08 05:15:00+00:00,2025-04-03 00:00:00+00:00
1746680400000,1746680700000,1746683700000,1,dip_unconfirmed,3383.145,3361.0413365784343,5478.907678735008,3360.991336578434,22.10366342156567,4.524136931185532,-100.2262068465601,-1.002262068465601,stop,50,0.016513099798817314,2025-05-08 05:05:00+00:00,2025-05-08 05:55:00+00:00,2025-04-03 00:00:00+00:00
1746682200000,1746682500000,1746684300000,1,dip_unconfirmed,3374.5899999999997,3352.18695539426,5511.4914159682185,3352.13695539426,22.403044605739524,4.463679011484921,-100.22318395057506,-1.0022318395057506,stop,30,0.14975643083534024,2025-05-08 05:35:00+00:00,2025-05-08 06:05:00+00:00,2025-04-03 00:00:00+00:00
1747672200000,1747672500000,1747707900000,1,dip_unconfirmed,3229.715,3210.24667440638,5091.579233768444,3210.1966744063798,19.468325593620193,5.136548570605897,-100.25682742853124,-1.0025682742853124,stop,590,0.28995816681070197,2025-05-19 16:35:00+00:00,2025-05-20 02:25:00+00:00,2025-04-03 00:00:00+00:00
1747677600000,1747677900000,1747709100000,1,dip_unconfirmed,3227.0749999999994,3208.994459063708,4957.048552692899,3208.9444590637077,18.080540936291527,5.530807974847618,-100.27654039874338,-1.0027654039874339,stop,520,0.45822744071616744,2025-05-19 18:05:00+00:00,2025-05-20 02:45:00+00:00,2025-04-03 00:00:00+00:00
1747686600000,1747686900000,1747701600000,1,dip_unconfirmed,3230.205,3214.9257922557217,4687.346566683531,3214.8757922557215,15.27920774427821,6.544841962597714,-100.32724209813107,-1.0032724209813106,stop,245,0.08442846131750814,2025-05-19 20:35:00+00:00,2025-05-20 00:40:00+00:00,2025-04-03 00:00:00+00:00
1747688400000,1747692300000,1747701300000,1,dip_unconfirmed,3231.29,3215.3389499517416,4639.443954777558,3215.2889499517414,15.951050048258367,6.269179752897748,-100.31345898764603,-1.0031345898764603,stop,150,0.0,2025-05-19 22:05:00+00:00,2025-05-20 00:35:00+00:00,2025-04-03 00:00:00+00:00
1747708200000,1747708500000,1747881600000,1,dip_unconfirmed,3211.8250000000003,3195.7041063283086,4725.793473497477,3339.1894999999995,16.120893671691647,6.2031300520020425,790.0585575082093,7.9005855750820935,timeout,2885,8.095146749163142,2025-05-20 02:35:00+00:00,2025-05-22 02:40:00+00:00,2025-04-03 00:00:00+00:00
1747756800000,1747757100000,1747904700000,1,dip_unconfirmed,3278.0000000000005,3257.7020919128136,5224.492900631463,3308.3968621307804,20.297908087186897,4.926616061638649,149.75366919691604,1.4975366919691604,ladder_lock_1.50R,2460,3.2914475577004656,2025-05-20 16:05:00+00:00,2025-05-22 09:05:00+00:00,2025-04-03 00:00:00+00:00
1747774800000,1747778700000,1747830600000,1,dip_unconfirmed,3291.78,3275.8030540443606,4713.99764960832,3291.73,15.976945955639621,6.259018480606521,-0.3129509240314646,-0.0031295092403146457,breakeven,865,1.7706763281635824,2025-05-20 22:05:00+00:00,2025-05-21 12:30:00+00:00,2025-04-03 00:00:00+00:00
1747785600000,1747785900000,1747830600000,1,dip_unconfirmed,3291.6549999999997,3276.2299000822827,4739.739891853992,3291.6049999999996,15.425099917717034,6.4829401775959665,-0.3241470088809776,-0.0032414700888097757,breakeven,745,1.842127451463921,2025-05-21 00:05:00+00:00,2025-05-21 12:30:00+00:00,2025-04-03 00:00:00+00:00
1747803600000,1747803900000,1747908600000,1,dip_unconfirmed,3302.815,3285.0816310301466,4995.418528015489,3302.765,17.733368969853473,5.639086412175762,-0.28195432060981385,-0.0028195432060981384,breakeven,1745,2.368106143361164,2025-05-21 05:05:00+00:00,2025-05-22 10:10:00+00:00,2025-04-03 00:00:00+00:00
1747830600000,1747830900000,1747910100000,1,dip_unconfirmed,3296.6420000000003,3277.846983099048,5090.998673194247,3296.592,18.795016900952305,5.320559195396797,-0.2660279597708076,-0.0026602795977080764,breakeven,1320,2.562780350442753,2025-05-21 12:35:00+00:00,2025-05-22 10:35:00+00:00,2025-04-03 00:00:00+00:00
1747846800000,1747847100000,1747905900000,1,dip_unconfirmed,3303.8104999999996,3285.2469760398894,5079.3993720509525,3303.7604999999994,18.56352396011016,5.386908230079747,-0.2693454115049672,-0.002693454115049672,breakeven,980,2.2085785052504336,2025-05-21 17:05:00+00:00,2025-05-22 09:25:00+00:00,2025-04-03 00:00:00+00:00
1747886400000,1747886700000,1747902600000,1,dip_unconfirmed,3336.229,3320.189698678649,4851.2198308137395,3320.139698678649,16.03930132135065,6.2346855387575655,-100.31173427693902,-1.0031173427693902,stop,265,0.15923386865984532,2025-05-22 04:05:00+00:00,2025-05-22 08:30:00+00:00,2025-04-03 00:00:00+00:00
1747902600000,1747902900000,1747908600000,1,dip_unconfirmed,3319.2900000000004,3303.3063310279545,4841.823228232492,3303.2563310279543,15.983668972045962,6.256385825738211,-100.31281929128805,-1.0031281929128806,stop,95,0.0,2025-05-22 08:35:00+00:00,2025-05-22 10:10:00+00:00,2025-04-03 00:00:00+00:00
1747904400000,1747904700000,1747910100000,1,dip_unconfirmed,3311.982,3295.8135573831005,4846.95781907303,3295.7635573831003,16.168442616899483,6.184887584378633,-100.30924437922005,-1.0030924437922004,stop,90,0.08498035540937796,2025-05-22 09:05:00+00:00,2025-05-22 10:35:00+00:00,2025-04-03 00:00:00+00:00
1747906200000,1747906500000,1747910100000,1,dip_unconfirmed,3307.3434999999995,3290.872446141451,4868.127831996388,3290.8224461414507,16.471053858548657,6.071256937096281,-100.30356284685591,-1.003035628468559,stop,60,0.1275874645331466,2025-05-22 09:35:00+00:00,2025-05-22 10:35:00+00:00,2025-04-03 00:00:00+00:00
1747987200000,1747987500000,1748210700000,1,dip_unconfirmed,3329.9184999999998,3313.47654381347,4892.472162466434,3351.2765,16.44195618652975,6.082001366840162,129.89938519297323,1.2989938519297324,timeout,3720,2.1636719862533766,2025-05-23 08:05:00+00:00,2025-05-25 22:05:00+00:00,2025-04-03 00:00:00+00:00
1747989000000,1747989300000,1748210700000,1,dip_unconfirmed,3323.7120000000004,3307.3781835410796,4872.0598294331185,3351.2765,16.333816458920865,6.122267888309966,168.75725320731698,1.6875725320731698,timeout,3690,2.5579753577541755,2025-05-23 08:35:00+00:00,2025-05-25 22:05:00+00:00,2025-04-03 00:00:00+00:00
1747996200000,1747996500000,1748210700000,1,dip_unconfirmed,3328.7520000000004,3313.0585575832147,4814.7027992617495,3351.2765,15.693442416785729,6.3720882483399475,143.52810174973018,1.4352810174973019,timeout,3570,2.3412008037637695,2025-05-23 10:35:00+00:00,2025-05-25 22:05:00+00:00,2025-04-03 00:00:00+00:00
1748008800000,1748009100000,1748210700000,1,dip_unconfirmed,3340.9655,3319.611662496589,5384.795412837699,3351.2765,21.353837503410887,4.682999015236808,48.28640284610743,0.4828640284610743,timeout,3360,1.1486459984572746,2025-05-23 14:05:00+00:00,2025-05-25 22:05:00+00:00,2025-04-03 00:00:00+00:00
1748019600000,1748019900000,1748210700000,1,dip_unconfirmed,3359.712,3339.392490782699,5306.493412512835,3351.2765,20.319509217300947,4.9213787070632335,-41.51429008343214,-0.41514290083432137,timeout,3180,0.284529509948841,2025-05-23 17:05:00+00:00,2025-05-25 22:05:00+00:00,2025-04-03 00:00:00+00:00
1748212200000,1748212500000,1748251800000,1,dip_unconfirmed,3343.827,3326.559991252488,4996.210866003674,3326.509991252488,17.267008747512136,5.791391054597583,-100.28956955273094,-1.0028956955273094,stop,655,0.7160475899904207,2025-05-25 22:35:00+00:00,2025-05-26 09:30:00+00:00,2025-04-03 00:00:00+00:00
1748219400000,1748219700000,1748325000000,1,dip_unconfirmed,3336.4134999999997,3318.3795077223635,5049.578735486018,3318.3295077223634,18.033992277636116,5.545083887166216,-100.27725419435932,-1.002772541943593,stop,1755,1.0966789657843066,2025-05-26 00:35:00+00:00,2025-05-27 05:50:00+00:00,2025-04-03 00:00:00+00:00
1748242800000,1748243100000,1748325000000,1,dip_unconfirmed,3338.0105,3322.3021117917233,4824.09093261937,3322.252111791723,15.708388208276574,6.366025506506843,-100.3183012753265,-1.003183012753265,stop,1365,0.7259815487620401,2025-05-26 07:05:00+00:00,2025-05-27 05:50:00+00:00,2025-04-03 00:00:00+00:00
1748244600000,1748244900000,1748325000000,1,dip_unconfirmed,3335.249,3319.8046038066004,4801.844223146562,3319.7546038066002,15.44439619339937,6.474840372376488,-100.32374201862,-1.0032374201862,stop,1335,0.9171935129489956,2025-05-26 07:35:00+00:00,2025-05-27 05:50:00+00:00,2025-04-03 00:00:00+00:00
1748250000000,1748250300000,1748325000000,1,dip_unconfirmed,3335.5319999999997,3320.565403630868,4738.675040544101,3320.5154036308677,14.966596369131821,6.6815458594344905,-100.33407729297294,-1.0033407729297295,stop,1245,0.9275656039360041,2025-05-26 09:05:00+00:00,2025-05-27 05:50:00+00:00,2025-04-03 00:00:00+00:00
1748304000000,1748304300000,1748309400000,1,dip_unconfirmed,3346.9325,3337.2750317266673,4237.121859059971,3337.225031726667,9.657468273332597,10.354680664717527,-100.51773403323777,-1.0051773403323778,stop,85,0.257003174098286,2025-05-27 00:05:00+00:00,2025-05-27 01:30:00+00:00,2025-04-03 00:00:00+00:00
1748311200000,1748311500000,1748324100000,1,dip_unconfirmed,3336.7185,3325.4603611163407,4384.424249482301,3325.4103611163405,11.258138883659285,8.882462814981418,-100.44412314075069,-1.0044412314075069,stop,210,0.8852706564551226,2025-05-27 02:05:00+00:00,2025-05-27 05:35:00+00:00,2025-04-03 00:00:00+00:00
1748565000000,1748565300000,1748571900000,1,dip_unconfirmed,3313.977,3301.247452877349,4519.1521651424355,3301.197452877349,12.729547122650729,7.855739016988419,-100.39278695085085,-1.0039278695085085,stop,110,0.637571778618779,2025-05-30 00:35:00+00:00,2025-05-30 02:25:00+00:00,2025-04-03 00:00:00+00:00
1748566800000,1748567100000,1748571900000,1,dip_unconfirmed,3313.3135,3300.6234562432533,4499.127831917974,3300.573456243253,12.690043756746945,7.8801934742606985,-100.39400967371446,-1.0039400967371446,stop,80,0.69184158607269,2025-05-30 01:05:00+00:00,2025-05-30 02:25:00+00:00,2025-04-03 00:00:00+00:00
1748572200000,1748572500000,1748589300000,1,dip_unconfirmed,3302.8255000000004,3288.014950753071,4687.019875445989,3287.9649507530708,14.81054924692944,6.751944059112612,-100.33759720295686,-1.0033759720295685,stop,280,0.10749094942104871,2025-05-30 02:35:00+00:00,2025-05-30 07:15:00+00:00,2025-04-03 00:00:00+00:00
1748574000000,1748574300000,1748607300000,1,dip_unconfirmed,3298.0785,3283.102239984994,4710.728241485556,3283.052239984994,14.976260015006119,6.677234496449756,-100.3338617248237,-1.003338617248237,stop,550,0.42326989472994614,2025-05-30 03:05:00+00:00,2025-05-30 12:15:00+00:00,2025-04-03 00:00:00+00:00
1748856600000,1748856900000,1748958600000,1,dip_unconfirmed,3347.792,3331.445239453264,4894.871294126837,3347.7419999999997,16.346760546735823,6.117420005884184,-0.30587100029532194,-0.0030587100029532193,breakeven,1695,2.6822439757799796,2025-06-02 09:35:00+00:00,2025-06-03 13:50:00+00:00,2025-04-03 00:00:00+00:00
1748883600000,1748883900000,1748933100000,1,dip_unconfirmed,3371.9734999999996,3355.0259092319297,5025.434986038959,3354.9759092319296,16.94759076806986,5.900543703734291,-100.29502718518779,-1.002950271851878,stop,820,1.1603124166208483,2025-06-02 17:05:00+00:00,2025-06-03 06:45:00+00:00,2025-04-03 00:00:00+00:00
1748912400000,1748912700000,1748922300000,1,dip_unconfirmed,3376.7875000000004,3362.0553068034574,4753.8746264577385,3362.005306803457,14.732193196542994,6.787855593929196,-100.3393927796977,-1.003393927796977,stop,160,0.04235621890610435,2025-06-03 01:05:00+00:00,2025-06-03 03:45:00+00:00,2025-04-03 00:00:00+00:00
1748914200000,1748914500000,1748933100000,1,dip_unconfirmed,3369.3085,3353.869749174639,4829.244831710757,3353.8197491746387,15.43875082536124,6.4772079769387805,-100.32386039884813,-1.0032386039884813,stop,310,0.5248481623713536,2025-06-03 01:35:00+00:00,2025-06-03 06:45:00+00:00,2025-04-03 00:00:00+00:00
1748919600000,1748919900000,1748933100000,1,dip_unconfirmed,3369.595,3353.4824006693448,4891.092333734894,3353.4324006693446,16.11259933065503,6.206323259695596,-100.31031616298591,-1.0031031616298591,stop,220,0.0,2025-06-03 03:05:00+00:00,2025-06-03 06:45:00+00:00,2025-04-03 00:00:00+00:00
1748923200000,1748923500000,1748958600000,1,dip_unconfirmed,3361.8050000000003,3346.0684857812203,4848.869907659171,3346.01848578122,15.73651421878003,6.354647453033755,-100.31773237265284,-1.0031773237265285,stop,585,0.34407238634444615,2025-06-03 04:05:00+00:00,2025-06-03 13:50:00+00:00,2025-04-03 00:00:00+00:00
1749006000000,1749006300000,1749012600000,1,dip_unconfirmed,3366.155,3352.8785276598733,4623.3757616725115,3352.828527659873,13.27647234012693,7.532121292322442,-100.37660606461749,-1.003766060646175,stop,105,0.06903189164415546,2025-06-04 03:05:00+00:00,2025-06-04 04:50:00+00:00,2025-04-03 00:00:00+00:00
1749015000000,1749015300000,1749128700000,1,dip_unconfirmed,3352.4184999999998,3338.994896960562,4614.355200904336,3372.503904559156,13.423603039437694,7.44956474846629,149.62752176257533,1.4962752176257532,ladder_lock_1.50R,1890,3.7631103848640213,2025-06-04 05:35:00+00:00,2025-06-05 13:05:00+00:00,2025-04-03 00:00:00+00:00
1749016800000,1749017100000,1749128700000,1,dip_unconfirmed,3351.8455,3338.3959400348076,4613.80193655402,3371.9698399477884,13.449559965192293,7.43518749005929,149.62824062549737,1.4962824062549738,ladder_lock_1.50R,1860,3.7984514089840467,2025-06-04 06:05:00+00:00,2025-06-05 13:05:00+00:00,2025-04-03 00:00:00+00:00
1749033000000,1749033300000,1749036600000,1,dip_unconfirmed,3358.8469999999998,3345.3783740890094,4646.040965188072,3345.3283740890092,13.46862591099034,7.424662371712354,-100.37123311858697,-1.0037123311858698,stop,55,0.0,2025-06-04 10:35:00+00:00,2025-06-04 11:30:00+00:00,2025-04-03 00:00:00+00:00
1749034800000,1749035100000,1749128700000,1,dip_unconfirmed,3351.482,3337.188204511223,4710.5177533889255,3372.8726932331656,14.29379548877705,6.996042449223247,149.65019787753914,1.4965019787753915,ladder_lock_1.50R,1560,3.5995338005498545,2025-06-04 11:05:00+00:00,2025-06-05 13:05:00+00:00,2025-04-03 00:00:00+00:00
1749052800000,1749053100000,1749128700000,1,dip_unconfirmed,3372.335,3354.45335534842,5084.267820506466,3372.285,17.881644651580245,5.592326765712949,-0.2796163382866647,-0.002796163382866647,breakeven,1260,1.7111401437728455,2025-06-04 16:05:00+00:00,2025-06-05 13:05:00+00:00,2025-04-03 00:00:00+00:00
1749065400000,1749065700000,1749128700000,1,dip_unconfirmed,3373.88,3359.2895167626702,4761.337840495625,3373.83,14.590483237329863,6.853782590568984,-0.3426891295296959,-0.003426891295296959,breakeven,1050,1.9912294560379988,2025-06-04 19:35:00+00:00,2025-06-05 13:05:00+00:00,2025-04-03 00:00:00+00:00
1749130200000,1749130500000,1749136800000,1,dip_unconfirmed,3379.624,3361.985302557598,5052.605046797742,3361.935302557598,17.638697442401735,5.669352871806146,-100.28346764359135,-1.0028346764359135,stop,105,0.46604915282684445,2025-06-05 13:35:00+00:00,2025-06-05 15:20:00+00:00,2025-04-03 00:00:00+00:00
1749132000000,1749132300000,1749136800000,1,dip_unconfirmed,3379.1375000000003,3360.726602374913,5110.916364883613,3360.676602374913,18.410897625087273,5.431565697466962,-100.27157828487434,-1.0027157828487434,stop,75,0.1890184862718266,2025-06-05 14:05:00+00:00,2025-06-05 15:20:00+00:00,2025-04-03 00:00:00+00:00
1749133800000,1749134100000,1749137700000,1,dip_unconfirmed,3376.234,3357.361809348133,5174.680874534787,3357.311809348133,18.87219065186673,5.2988019167827005,-100.26494009584009,-1.0026494009584008,stop,60,0.33824902035781906,2025-06-05 14:35:00+00:00,2025-06-05 15:35:00+00:00,2025-04-03 00:00:00+00:00
1749135600000,1749135900000,1749138300000,1,dip_unconfirmed,3368.4705,3348.119822966124,5311.987526353728,3348.069822966124,20.350677033875854,4.9138414330658104,-100.24569207165419,-1.002456920716542,stop,40,0.19431785947060123,2025-06-05 15:05:00+00:00,2025-06-05 15:45:00+00:00,2025-04-03 00:00:00+00:00
1749702600000,1749702900000,1749714000000,1,dip_unconfirmed,3372.5285,3357.098929255171,4837.2060037380415,3357.0489292551706,15.429570744829107,6.481061699886426,-100.3240530849955,-1.003240530849955,stop,185,0.17787273835336928,2025-06-12 04:35:00+00:00,2025-06-12 07:40:00+00:00,2025-04-03 00:00:00+00:00
1749704400000,1749704700000,1749714000000,1,dip_unconfirmed,3371.1265000000003,3356.279005736945,4778.37843204247,3356.2290057369446,14.847494263055523,6.73514319846052,-100.33675715992425,-1.0033675715992425,stop,155,0.2792727127241236,2025-06-12 05:05:00+00:00,2025-06-12 07:40:00+00:00,2025-04-03 00:00:00+00:00
1749709800000,1749710100000,1749714000000,1,dip_unconfirmed,3370.4385,3355.7096696807826,4763.742701602513,3355.6596696807824,14.72883031921765,6.78940539287248,-100.33947026964486,-1.0033947026964487,stop,65,0.3178460134673039,2025-06-12 06:35:00+00:00,2025-06-12 07:40:00+00:00,2025-04-03 00:00:00+00:00
1749715200000,1749715500000,1750025100000,1,dip_unconfirmed,3346.885,3328.8092858194896,5075.380703870524,3440.0565,18.07571418051066,5.5322848658350985,515.4512793771545,5.154512793771545,timeout,5160,5.5002805978862135,2025-06-12 08:05:00+00:00,2025-06-15 22:05:00+00:00,2025-04-03 00:00:00+00:00
1749729600000,1749729900000,1749797400000,1,dip_unconfirmed,3379.805,3360.815185647031,5218.296620943954,3408.239721529453,18.989814352969006,5.26598091699434,149.73670095414934,1.4973670095414935,ladder_lock_1.50R,1125,3.371991890483595,2025-06-12 12:05:00+00:00,2025-06-13 06:50:00+00:00,2025-04-03 00:00:00+00:00
1749740400000,1749740700000,1750025100000,1,dip_unconfirmed,3384.6105,3364.068862839856,5354.03257885425,3440.0565,20.541637160143637,4.8681611509537905,269.9200631757857,2.699200631757857,timeout,4740,3.0034607036924466,2025-06-12 15:05:00+00:00,2025-06-15 22:05:00+00:00,2025-04-03 00:00:00+00:00
1749749400000,1749749700000,1749797400000,1,dip_unconfirmed,3381.8685,3362.5530557764228,5232.897478134165,3410.791666335366,19.315444223577288,5.177204253885892,149.74113978730477,1.4974113978730477,ladder_lock_1.50R,795,3.2083134761331,2025-06-12 17:35:00+00:00,2025-06-13 06:50:00+00:00,2025-04-03 00:00:00+00:00
1749762000000,1749765900000,1749797400000,1,dip_unconfirmed,3386.84,3372.391618299837,4747.229788316171,3408.4625725502447,14.448381700163281,6.921190350257005,149.65394048248433,1.4965394048248433,ladder_lock_1.50R,525,3.944974681791249,2025-06-12 22:05:00+00:00,2025-06-13 06:50:00+00:00,2025-04-03 00:00:00+00:00
1749798000000,1749798300000,1750025100000,1,dip_unconfirmed,3417.0620000000004,3395.9569699359486,5442.2599763411,3440.0565,21.10503006405179,4.738206943866432,108.95269957073567,1.0895269957073568,timeout,3780,1.3856649296989871,2025-06-13 07:05:00+00:00,2025-06-15 22:05:00+00:00,2025-04-03 00:00:00+00:00
1749799800000,1749800100000,1750025100000,1,dip_unconfirmed,3416.8049999999994,3395.8206149405232,5440.409120888164,3440.0565,20.984385059476153,4.76544819953358,110.80381881145865,1.1080381881145867,timeout,3750,1.4058787005854139,2025-06-13 07:35:00+00:00,2025-06-15 22:05:00+00:00,2025-04-03 00:00:00+00:00
1749801600000,1749801900000,1750025100000,1,dip_unconfirmed,3415.527,3395.3254638733433,5362.779076539008,3440.0565,20.20153612665672,4.95011861340812,121.42393452759495,1.2142393452759495,timeout,3720,1.5236217586139347,2025-06-13 08:05:00+00:00,2025-06-15 22:05:00+00:00,2025-04-03 00:00:00+00:00
1750026600000,1750026900000,1750046100000,1,dip_unconfirmed,3447.892,3430.1767108307827,5137.005627752515,3430.1267108307825,17.715289169217158,5.644841528963821,-100.28224207644921,-1.002822420764492,stop,320,0.16209162450423287,2025-06-15 22:35:00+00:00,2025-06-16 03:55:00+00:00,2025-04-03 00:00:00+00:00
1750032000000,1750032300000,1750049700000,1,dip_unconfirmed,3444.9215000000004,3427.001185020127,5155.232683007394,3426.951185020127,17.920314979873183,5.580259058633336,-100.27901295293269,-1.002790129529327,stop,290,0.32599873420536496,2025-06-16 00:05:00+00:00,2025-06-16 04:55:00+00:00,2025-04-03 00:00:00+00:00
1750037400000,1750037700000,1750054200000,1,dip_unconfirmed,3436.7805000000008,3417.061203713273,5323.940832386024,3417.0112037132726,19.719296286727968,5.071174880987249,-100.25355874405028,-1.0025355874405029,stop,275,0.4572931948929754,2025-06-16 01:35:00+00:00,2025-06-16 06:10:00+00:00,2025-04-03 00:00:00+00:00
1750044600000,1750044900000,1750052700000,1,dip_unconfirmed,3437.972,3419.9878884385353,5146.04904458499,3419.937888438535,17.984111561464942,5.560463727008499,-100.27802318635143,-1.0027802318635144,stop,130,0.0,2025-06-16 03:35:00+00:00,2025-06-16 05:45:00+00:00,2025-04-03 00:00:00+00:00
1750046400000,1750046700000,1750055400000,1,dip_unconfirmed,3432.2899999999995,3414.4860035500687,5131.735648543212,3414.4360035500686,17.803996449930764,5.616716464824328,-100.28083582324224,-1.0028083582324223,stop,145,0.03080768980958003,2025-06-16 04:05:00+00:00,2025-06-16 06:30:00+00:00,2025-04-03 00:00:00+00:00
1751382000000,1751382300000,1751419800000,1,dip_unconfirmed,3346.5235,3333.0193929524185,4624.430097710601,3332.9693929524183,13.504107047581329,7.405154568728825,-100.37025772843779,-1.003702577284378,stop,625,0.0,2025-07-01 15:05:00+00:00,2025-07-02 01:30:00+00:00,2025-04-03 00:00:00+00:00
1751383800000,1751384100000,1751441100000,1,dip_unconfirmed,3341.2355,3327.4493291701024,4638.166412159845,3327.399329170102,13.7861708298974,7.25364578996329,-100.36268228949947,-1.0036268228949947,stop,950,0.23545334234224824,2025-07-01 15:35:00+00:00,2025-07-02 07:25:00+00:00,2025-04-03 00:00:00+00:00
1751385600000,1751385900000,1751441100000,1,dip_unconfirmed,3340.925,3327.363627086524,4624.500918434143,3327.313627086524,13.561372913476134,7.373884682474039,-100.36869423412504,-1.0036869423412504,stop,920,0.2622522087321997,2025-07-01 16:05:00+00:00,2025-07-02 07:25:00+00:00,2025-04-03 00:00:00+00:00
1751387400000,1751387700000,1751546100000,1,dip_unconfirmed,3338.927,3325.6392965803434,4595.859638545987,3338.877,13.287703419656737,7.525754966209452,-0.37628774831184153,-0.0037628774831184155,breakeven,2640,1.980101389159346,2025-07-01 16:35:00+00:00,2025-07-03 12:35:00+00:00,2025-04-03 00:00:00+00:00
1751401800000,1751402100000,1751422200000,1,dip_unconfirmed,3338.7315,3328.3644761320584,4306.566862926224,3328.314476132058,10.367023867941498,9.645969882372446,-100.48229849412037,-1.0048229849412038,stop,335,0.5546432682364596,2025-07-01 20:35:00+00:00,2025-07-02 02:10:00+00:00,2025-04-03 00:00:00+00:00
1751419800000,1751420100000,1751546100000,1,dip_unconfirmed,3335.875,3324.405620641982,4413.4935564437765,3335.825,11.469379358018159,8.718867593309723,-0.4359433796670721,-0.004359433796670721,breakeven,2100,2.560121091423519,2025-07-02 01:35:00+00:00,2025-07-03 12:35:00+00:00,2025-04-03 00:00:00+00:00
1751423400000,1751423700000,1751546100000,1,dip_unconfirmed,3331.5649999999996,3320.2678642270157,4390.981441525497,3331.5149999999994,11.297135772983893,8.851801200720383,-0.44259006003762924,-0.004425900600376292,breakeven,2040,2.9806670183185946,2025-07-02 02:35:00+00:00,2025-07-03 12:35:00+00:00,2025-04-03 00:00:00+00:00
1751441400000,1751441700000,1751501100000,1,dip_unconfirmed,3330.734,3319.4762736805606,4390.198905624498,3347.570589479159,11.25772631943937,8.882788332429453,149.55586058337894,1.4955586058337895,ladder_lock_1.50R,990,3.0649172862214495,2025-07-02 07:35:00+00:00,2025-07-03 00:05:00+00:00,2025-04-03 00:00:00+00:00
1751457600000,1751457900000,1751504700000,1,dip_unconfirmed,3342.9249999999997,3331.832121882714,4384.119933611298,3342.8749999999995,11.092878117285636,9.014792999859393,-0.45073964999460947,-0.004507396499946094,breakeven,780,2.011470762058636,2025-07-02 12:05:00+00:00,2025-07-03 01:05:00+00:00,2025-04-03 00:00:00+00:00
1751502600000,1751502900000,1751546100000,1,dip_unconfirmed,3347.1419999999994,3335.834037917796,4406.430246138193,3335.784037917796,11.307962082203176,8.843326434334541,-100.44216632171833,-1.0044216632171834,stop,720,1.4212552078941574,2025-07-03 00:35:00+00:00,2025-07-03 12:35:00+00:00,2025-07-03 00:00:00+00:00
1751504400000,1751504700000,1751535600000,1,dip_unconfirmed,3345.4255000000003,3334.391320923668,4372.109228556894,3345.3755,11.034179076332293,9.062749417806215,-0.4531374708919592,-0.004531374708919592,breakeven,515,1.6120818664393703,2025-07-03 01:05:00+00:00,2025-07-03 09:40:00+00:00,2025-07-03 00:00:00+00:00
1751506200000,1751506500000,1751536200000,1,dip_unconfirmed,3344.2285,3333.1695480005487,4373.364747945689,3344.1785,11.058951999451438,9.042448145625404,-0.452122407282915,-0.00452122407282915,breakeven,495,1.7167087804469943,2025-07-03 01:35:00+00:00,2025-07-03 09:50:00+00:00,2025-07-03 00:00:00+00:00
1751529600000,1751529900000,1751546100000,1,dip_unconfirmed,3353.6899999999996,3342.0501362459604,4445.0365116499,3342.00013624596,11.639863754039197,8.591165851515967,-100.42955829257737,-1.0042955829257736,stop,270,0.3595402908860167,2025-07-03 08:05:00+00:00,2025-07-03 12:35:00+00:00,2025-07-03 00:00:00+00:00
1751536800000,1751537100000,1751546100000,1,dip_unconfirmed,3346.3585,3334.684407468786,4437.743660590189,3334.634407468786,11.674092531213773,8.565976304592718,-100.4282988152312,-1.004282988152312,stop,150,0.7479382210355019,2025-07-03 10:05:00+00:00,2025-07-03 12:35:00+00:00,2025-07-03 00:00:00+00:00
1751544000000,1751544300000,1751546100000,1,dip_unconfirmed,3346.5769999999998,3334.9919458224695,4447.797363575504,3334.9419458224693,11.58505417753031,8.631811165281741,-100.43159055826567,-1.0043159055826567,stop,30,0.453299563344797,2025-07-03 12:05:00+00:00,2025-07-03 12:35:00+00:00,2025-07-03 00:00:00+00:00
1751619600000,1751619900000,1751621700000,1,dip_unconfirmed,3343.415,3334.033814958765,4218.152319082268,3333.983814958765,9.381185041234858,10.659634103842052,-100.53298170519403,-1.0053298170519402,stop,30,0.0,2025-07-04 09:05:00+00:00,2025-07-04 09:35:00+00:00,2025-07-03 00:00:00+00:00
1751621400000,1751621700000,1751839500000,1,dip_unconfirmed,3338.8419999999996,3329.390328175996,4219.357510576391,3340.5429999999997,9.451671824003824,10.580138822217272,17.99681613659181,0.17996816136591812,timeout,3630,0.0,2025-07-04 09:35:00+00:00,2025-07-06 22:05:00+00:00,2025-07-03 00:00:00+00:00
1751623200000,1751623500000,1751839500000,1,dip_unconfirmed,3335.1805000000004,3325.456733306282,4231.783402678081,3340.5429999999997,9.723766693718517,10.28408055744481,55.14838198929031,0.5514838198929031,timeout,3600,0.2436298684057886,2025-07-04 10:05:00+00:00,2025-07-06 22:05:00+00:00,2025-07-03 00:00:00+00:00
1752181200000,1752185100000,1752444300000,1,dip_unconfirmed,3324.4784999999997,3314.6638041005826,4239.783394042314,3360.0295,9.814695899417075,10.18880269188364,362.2221244991592,3.6222212449915916,timeout,4320,4.438344340611447,2025-07-10 22:05:00+00:00,2025-07-13 22:05:00+00:00,2025-07-03 00:00:00+00:00
1752208200000,1752208500000,1752444300000,1,dip_unconfirmed,3332.3469999999998,3322.871464171218,4215.725047049407,3360.0295,9.47553582878163,10.553492890212421,292.147066933309,2.92147066933309,timeout,3930,3.76680544983908,2025-07-11 04:35:00+00:00,2025-07-13 22:05:00+00:00,2025-07-03 00:00:00+00:00
1752224400000,1752224700000,1752444300000,1,dip_unconfirmed,3333.928,3321.3681383544777,4503.0543029066985,3360.0295,12.559861645522233,7.961871143353829,207.81677964825167,2.0781677964825165,timeout,3660,2.7159136750651394,2025-07-11 09:05:00+00:00,2025-07-13 22:05:00+00:00,2025-07-03 00:00:00+00:00
1752233400000,1752233700000,1752444300000,1,dip_unconfirmed,3345.7050000000004,3333.5845237718086,4475.632146590965,3360.0295,12.12047622819182,8.250500897597025,118.18430010762624,1.1818430010762624,timeout,3510,1.8427081229737645,2025-07-11 11:35:00+00:00,2025-07-13 22:05:00+00:00,2025-07-03 00:00:00+00:00
1752242400000,1752242700000,1752444300000,1,dip_unconfirmed,3352.5900000000006,3339.150054288775,4614.844625411286,3360.0295,13.439945711225391,7.440506245235604,55.35364621142654,0.5535364621142654,timeout,3360,1.1495210123576198,2025-07-11 14:05:00+00:00,2025-07-13 22:05:00+00:00,2025-07-03 00:00:00+00:00
1752449400000,1752449700000,1752458700000,1,dip_unconfirmed,3369.285,3356.032803568815,4600.752446687323,3355.9828035688147,13.252196431184984,7.545918936477627,-100.37729594682526,-1.0037729594682525,stop,150,0.26108879520212863,2025-07-13 23:35:00+00:00,2025-07-14 02:05:00+00:00,2025-07-03 00:00:00+00:00
1752451200000,1752451500000,1752458700000,1,dip_unconfirmed,3368.5215000000003,3355.7460318853277,4561.792843352517,3355.6960318853276,12.775468114672549,7.8275018263440845,-100.39137509131862,-1.0039137509131861,stop,120,0.33059453963561136,2025-07-14 00:05:00+00:00,2025-07-14 02:05:00+00:00,2025-07-03 00:00:00+00:00
1752456600000,1752456900000,1752498300000,1,dip_unconfirmed,3361.82,3348.437304865913,4619.706818274596,3348.387304865913,13.382695134087044,7.472336401454005,-100.37361682007406,-1.0037361682007406,stop,690,0.942747322089417,2025-07-14 01:35:00+00:00,2025-07-14 13:05:00+00:00,2025-07-03 00:00:00+00:00
1752458400000,1752458700000,1752503100000,1,dip_unconfirmed,3359.3549999999996,3346.183425946919,4594.340831254975,3346.133425946919,13.171574053080349,7.592107032690877,-100.37960535163592,-1.0037960535163593,stop,740,1.1450036221352924,2025-07-14 02:05:00+00:00,2025-07-14 14:25:00+00:00,2025-07-03 00:00:00+00:00
1752463800000,1752464100000,1752503100000,1,dip_unconfirmed,3357.75,3345.238805322661,4537.358273056548,3345.1888053226608,12.511194677339063,7.992841817186754,-100.3996420908608,-1.0039964209086079,stop,650,1.3337255498248515,2025-07-14 03:35:00+00:00,2025-07-14 14:25:00+00:00,2025-07-03 00:00:00+00:00
1752561000000,1752561300000,1752582000000,1,dip_unconfirmed,3360.56,3351.605291688697,4184.576122819053,3351.555291688697,8.954708311302966,11.167309589947925,-100.55836547949943,-1.0055836547949943,stop,345,0.5949942549524734,2025-07-15 06:35:00+00:00,2025-07-15 12:20:00+00:00,2025-07-03 00:00:00+00:00
1752562800000,1752563100000,1752582000000,1,dip_unconfirmed,3358.835,3349.746199425218,4198.126256903406,3349.696199425218,9.088800574781999,11.002551896392399,-100.55012759482163,-1.0055012759482163,stop,315,0.776009985252593,2025-07-15 07:05:00+00:00,2025-07-15 12:20:00+00:00,2025-07-03 00:00:00+00:00
1752577200000,1752577500000,1752581400000,1,dip_unconfirmed,3361.965,3352.072553285118,4282.817224773336,3352.0225532851177,9.892446714882226,10.108722632749663,-100.50543613163933,-1.0050543613163934,stop,65,0.0,2025-07-15 11:05:00+00:00,2025-07-15 12:10:00+00:00,2025-07-03 00:00:00+00:00
1752579000000,1752579300000,1752582300000,1,dip_unconfirmed,3358.6670000000004,3348.903085193324,4272.094565860955,3348.8530851933237,9.76391480667644,10.241793581773296,-100.51208967909054,-1.0051208967909053,stop,50,0.023658543173825892,2025-07-15 11:35:00+00:00,2025-07-15 12:25:00+00:00,2025-07-03 00:00:00+00:00
1752692400000,1752692700000,1752733500000,1,dip_unconfirmed,3351.0565,3331.1576832575865,5256.189357498904,3331.1076832575864,19.8988167424136,5.02542444078364,-100.2512712220401,-1.002512712220401,stop,680,0.02872030067905638,2025-07-16 19:05:00+00:00,2025-07-17 06:25:00+00:00,2025-07-03 00:00:00+00:00
1752694200000,1752694500000,1752734100000,1,dip_unconfirmed,3347.9449999999997,3328.9492773106167,5176.171546248983,3328.8992773106165,18.995722689383,5.264343012118803,-100.26321715060689,-1.0026321715060689,stop,660,0.19388575313633513,2025-07-16 19:35:00+00:00,2025-07-17 06:35:00+00:00,2025-07-03 00:00:00+00:00
1752696000000,1752696300000,1752733800000,1,dip_unconfirmed,3347.789,3329.6643646455723,5075.727900088338,3329.614364645572,18.124635354427937,5.5173523794821895,-100.27586761897511,-1.0027586761897511,stop,625,0.21181115784829296,2025-07-16 20:05:00+00:00,2025-07-17 06:30:00+00:00,2025-07-03 00:00:00+00:00
1752708600000,1752708900000,1752732900000,1,dip_unconfirmed,3348.66,3334.111735776664,4732.938158110255,3334.0617357766637,14.548264223335991,6.873672244665178,-100.34368361223451,-1.0034368361223451,stop,400,0.0,2025-07-16 23:35:00+00:00,2025-07-17 06:15:00+00:00,2025-07-03 00:00:00+00:00
1752710400000,1752710700000,1752732900000,1,dip_unconfirmed,3347.1414999999997,3333.102826078331,4680.32021824523,3333.052826078331,14.03867392166876,7.123179907017395,-100.35615899535217,-1.0035615899535217,stop,370,0.0,2025-07-17 00:05:00+00:00,2025-07-17 06:15:00+00:00,2025-07-03 00:00:00+00:00
1752847200000,1752847500000,1753049100000,1,dip_unconfirmed,3356.2234999999996,3346.3373852771197,4275.948857565152,3347.871,9.886114722879938,10.115197203666362,-84.48718464361832,-0.8448718464361832,timeout,3360,0.24797405944789336,2025-07-18 14:05:00+00:00,2025-07-20 22:05:00+00:00,2025-07-03 00:00:00+00:00
1752849000000,1752849300000,1753049100000,1,dip_unconfirmed,3354.647,3344.4076077573254,4319.646832024779,3347.871,10.239392242674512,9.766204636954132,-66.17580261999964,-0.6617580261999965,timeout,3330,0.22867568157428067,2025-07-18 14:35:00+00:00,2025-07-20 22:05:00+00:00,2025-07-03 00:00:00+00:00
1752854400000,1752854700000,1753049100000,1,dip_unconfirmed,3354.2750000000005,3344.5006083246517,4268.939775859484,3347.871,9.774391675348852,10.230815719427467,-65.51814386721811,-0.6551814386721811,timeout,3240,0.2776131845466014,2025-07-18 16:05:00+00:00,2025-07-20 22:05:00+00:00,2025-07-03 00:00:00+00:00
1752856200000,1752856500000,1753049100000,1,dip_unconfirmed,3354.017,3344.3812791586056,4263.103363298089,3347.871,9.635720841394232,10.378050759877617,-63.78349997020504,-0.6378349997020504,timeout,3210,0.30838377832977437,2025-07-18 16:35:00+00:00,2025-07-20 22:05:00+00:00,2025-07-03 00:00:00+00:00
1752865200000,1752865500000,1753049100000,1,dip_unconfirmed,3351.9855000000002,3343.2394139758285,4161.648016392977,3347.871,8.746086024171746,11.433685848004222,-47.04390042161491,-0.4704390042161491,timeout,3060,0.041847290203693786,2025-07-18 19:05:00+00:00,2025-07-20 22:05:00+00:00,2025-07-03 00:00:00+00:00
1753052400000,1753052700000,1753225800000,1,dip_unconfirmed,3348.4289999999996,3339.8,4139.8,3428.4195,8.62899999999945,11.588828369452585,926.9961756867009,9.269961756867009,timeout,2885,9.800788040329842,2025-07-20 23:05:00+00:00,2025-07-22 23:10:00+00:00,2025-07-03 00:00:00+00:00
1753054200000,1753054500000,1753227600000,1,dip_unconfirmed,3347.085,3338.435,4138.4349999999995,3428.2214999999997,8.650000000000091,11.560693641618375,937.9942196531648,9.379942196531648,timeout,2885,9.932369942196475,2025-07-20 23:35:00+00:00,2025-07-22 23:40:00+00:00,2025-07-03 00:00:00+00:00
1753083000000,1753083300000,1753256400000,1,dip_unconfirmed,3366.6099999999997,3357.091822685453,4256.409554140165,3425.19,9.518177314546847,10.50621318507775,615.4539683818585,6.1545396838185855,timeout,2885,7.549607201599171,2025-07-21 07:35:00+00:00,2025-07-23 07:40:00+00:00,2025-07-03 00:00:00+00:00
1753084800000,1753085100000,1753258200000,1,dip_unconfirmed,3365.3450000000003,3355.9006210650637,4242.338514558722,3422.4230000000002,9.444378934936594,10.588308737812346,604.3594861368529,6.043594861368529,timeout,2885,7.742541939894227,2025-07-21 08:05:00+00:00,2025-07-23 08:10:00+00:00,2025-07-03 00:00:00+00:00
1753113600000,1753113900000,1753148700000,1,dip_unconfirmed,3398.642,3386.791115342454,4511.679581097083,3386.7411153424537,11.850884657545976,8.438188615423375,-100.4219094307727,-1.004219094307727,stop,580,0.2996822686768023,2025-07-21 16:05:00+00:00,2025-07-22 01:45:00+00:00,2025-07-03 00:00:00+00:00
1753149600000,1753149900000,1753286400000,1,dip_unconfirmed,3386.5870000000004,3376.377765951568,4339.251170794751,3401.8508510726488,10.209234048432336,9.79505411724353,149.51024729413604,1.4951024729413604,ladder_lock_1.50R,2275,5.081821001837699,2025-07-22 02:05:00+00:00,2025-07-23 16:00:00+00:00,2025-07-03 00:00:00+00:00
1753234200000,1753234500000,1753275900000,1,dip_unconfirmed,3425.6135,3414.2128898452183,4484.573905323392,3414.162889845218,11.400610154781589,8.771460355396723,-100.43857301777143,-1.0043857301777144,stop,690,0.682945903271194,2025-07-23 01:35:00+00:00,2025-07-23 13:05:00+00:00,2025-07-03 00:00:00+00:00
1753236000000,1753236300000,1753277100000,1,dip_unconfirmed,3421.77,3410.366647713417,4487.701876371722,3410.316647713417,11.403352286582958,8.769351107187905,-100.43846755536099,-1.0043846755536099,stop,680,1.019831687010418,2025-07-23 02:05:00+00:00,2025-07-23 13:25:00+00:00,2025-07-03 00:00:00+00:00
1753266600000,1753266900000,1753276200000,1,dip_unconfirmed,3423.982,3412.301086792747,4523.692407518063,3412.2510867927467,11.68091320725307,8.560974491096008,-100.42804872455635,-1.0042804872455635,stop,155,0.4698262800713343,2025-07-23 10:35:00+00:00,2025-07-23 13:10:00+00:00,2025-07-03 00:00:00+00:00
1753268400000,1753268700000,1753276200000,1,dip_unconfirmed,3423.27,3412.0042234504076,4489.581878409637,3411.9542234504074,11.265776549592374,8.87644092351701,-100.44382204617746,-1.0044382204617746,stop,125,0.5503393372580384,2025-07-23 11:05:00+00:00,2025-07-23 13:10:00+00:00,2025-07-03 00:00:00+00:00
1754262000000,1754262300000,1754270700000,1,dip_unconfirmed,3360.1890000000008,3345.7469100327385,4691.055906758887,3345.6969100327383,14.44208996726229,6.924205584280574,-100.3462102792153,-1.003462102792153,stop,140,0.1162574117600139,2025-08-03 23:05:00+00:00,2025-08-04 01:25:00+00:00,2025-07-03 00:00:00+00:00
1754263800000,1754264100000,1754388600000,1,dip_unconfirmed,3356.92,3342.984987887543,4660.986199133247,3356.87,13.935012112457116,7.176168861066553,-0.358808443054633,-0.00358808443054633,breakeven,2075,2.007425596350456,2025-08-03 23:35:00+00:00,2025-08-05 10:10:00+00:00,2025-07-03 00:00:00+00:00
1754269200000,1754269500000,1754391600000,1,dip_unconfirmed,3352.795,3339.18166960238,4650.864709364336,3352.745,13.613330397619848,7.34574105521482,-0.3672870527620772,-0.0036728705276207717,breakeven,2035,2.357872692608133,2025-08-04 01:05:00+00:00,2025-08-05 11:00:00+00:00,2025-07-03 00:00:00+00:00
1754271000000,1754271300000,1754444400000,1,dip_unconfirmed,3348.2635000000005,3334.2558717736392,4676.31869440974,3380.8945,14.007628226361248,7.138967310098073,232.95164229580595,2.3295164229580596,timeout,2885,2.9841954201305834,2025-08-04 01:35:00+00:00,2025-08-06 01:40:00+00:00,2025-07-03 00:00:00+00:00
1754285400000,1754285700000,1754388000000,1,dip_unconfirmed,3359.4735,3348.190416696763,4421.2987470205235,3359.4235,11.283083303237163,8.862825640160752,-0.44314128200964975,-0.004431412820096498,breakeven,1705,2.25293027772887,2025-08-04 05:35:00+00:00,2025-08-05 10:00:00+00:00,2025-07-03 00:00:00+00:00
1754287200000,1754287500000,1754388600000,1,dip_unconfirmed,3358.2,3347.1297083612794,4400.158872233344,3358.1499999999996,11.070291638720391,9.033185688643606,-0.4516592844338234,-0.004516592844338235,breakeven,1685,2.411273421798109,2025-08-04 06:05:00+00:00,2025-08-05 10:10:00+00:00,2025-07-03 00:00:00+00:00
1754388000000,1754388300000,1754393700000,1,dip_unconfirmed,3360.2900000000004,3350.779164759488,4247.362688810645,3350.729164759488,9.510835240512279,10.514323660454215,-100.52571618302463,-1.0052571618302464,stop,90,0.10304037187235758,2025-08-05 10:05:00+00:00,2025-08-05 11:35:00+00:00,2025-07-03 00:00:00+00:00
1754389800000,1754390100000,1754456400000,1,dip_unconfirmed,3356.9049999999997,3346.9297958480965,4283.450211038455,3371.8178062278544,9.975204151903199,10.024857484337371,149.4987571257813,1.4949875712578131,ladder_lock_1.50R,1105,3.3242427418062577,2025-08-05 10:35:00+00:00,2025-08-06 05:00:00+00:00,2025-07-03 00:00:00+00:00
1754391600000,1754391900000,1754465100000,1,dip_unconfirmed,3353.8050000000003,3343.8478104303754,4285.066767392846,3368.6907843544377,9.957189569624916,10.042994491644189,149.49785027541824,1.4949785027541824,ladder_lock_1.50R,1220,3.6415898026701132,2025-08-05 11:05:00+00:00,2025-08-06 07:25:00+00:00,2025-07-03 00:00:00+00:00
1754413200000,1754413500000,1754465100000,1,dip_unconfirmed,3382.6155,3369.478122627413,4635.815859886108,3369.428122627413,13.137377372586798,7.611869337685748,-100.38059346688567,-1.0038059346688568,stop,860,0.16966856753696657,2025-08-05 17:05:00+00:00,2025-08-06 07:25:00+00:00,2025-07-03 00:00:00+00:00
1754415000000,1754415300000,1754468400000,1,dip_unconfirmed,3380.5665,3367.805578154026,4592.397762751389,3367.755578154026,12.760921845973826,7.836424453265562,-100.3918212226647,-1.003918212226647,stop,885,0.33524223811064885,2025-08-05 17:35:00+00:00,2025-08-06 08:20:00+00:00,2025-07-03 00:00:00+00:00
1754445600000,1754445900000,1754468400000,1,dip_unconfirmed,3376.7214999999997,3366.8796794502555,4301.261734424718,3366.8296794502553,9.84182054974417,10.16072173786987,-100.50803608689533,-1.0050803608689534,stop,375,0.15073430698132764,2025-08-06 02:05:00+00:00,2025-08-06 08:20:00+00:00,2025-07-03 00:00:00+00:00
1754458200000,1754458500000,1754472600000,1,dip_unconfirmed,3372.4249999999997,3363.726603514398,4172.0662520746055,3363.676603514398,8.698396485601734,11.49637179283881,-100.57481858964404,-1.0057481858964403,stop,235,0.6644902896261061,2025-08-06 05:35:00+00:00,2025-08-06 09:30:00+00:00,2025-07-03 00:00:00+00:00
1754465400000,1754465700000,1754473800000,1,dip_unconfirmed,3370.825,3361.7482309187503,4217.925139043702,3361.69823091875,9.076769081249495,11.017136065142042,-100.55085680325911,-1.005508568032591,stop,135,0.6456041734173377,2025-08-06 07:35:00+00:00,2025-08-06 09:50:00+00:00,2025-07-03 00:00:00+00:00
1754542800000,1754543100000,1754554800000,1,dip_unconfirmed,3378.63,3368.8753268821997,4256.842638662219,3378.58,9.754673117800394,10.251496774148107,-0.5125748387092701,-0.005125748387092701,breakeven,195,1.8755113348303571,2025-08-07 05:05:00+00:00,2025-08-07 08:20:00+00:00,2025-07-03 00:00:00+00:00
1754560800000,1754561100000,1754676000000,1,dip_unconfirmed,3377.3999999999996,3363.473545006841,4696.119044322763,3377.3499999999995,13.926454993158586,7.180578262675269,-0.35902891313506957,-0.003590289131350696,breakeven,1915,2.081757347023507,2025-08-07 10:05:00+00:00,2025-08-08 18:00:00+00:00,2025-07-03 00:00:00+00:00
1754562600000,1754562900000,1754676300000,1,dip_unconfirmed,3375.2855,3361.7113632206374,4660.0750411568515,3375.2355,13.574136779362561,7.366950961628366,-0.3683475480827584,-0.0036834754808275838,breakeven,1890,2.2915637661241024,2025-08-07 10:35:00+00:00,2025-08-08 18:05:00+00:00,2025-07-03 00:00:00+00:00
1754564400000,1754564700000,1754863500000,1,dip_unconfirmed,3373.6985,3360.0986944191636,4657.5792525027955,3399.3695,13.599805580836346,7.353046292140473,188.76005136553675,1.8876005136553675,timeout,4980,2.4039314242894667,2025-08-07 11:05:00+00:00,2025-08-10 22:05:00+00:00,2025-07-03 00:00:00+00:00
1754577000000,1754577300000,1754615700000,1,dip_unconfirmed,3382.885,3366.5430833241935,4925.734750904847,3382.835,16.341916675806715,6.119233256650021,-0.30596166283361415,-0.0030596166283361416,breakeven,640,1.4384175654744067,2025-08-07 14:35:00+00:00,2025-08-08 01:15:00+00:00,2025-07-03 00:00:00+00:00
1754586000000,1754586300000,1754676300000,1,dip_unconfirmed,3389.455,3374.949026078586,4771.846418219933,3374.899026078586,14.505973921413897,6.893711552340431,-100.34468557761828,-1.0034468557761829,stop,1500,1.1675534570621229,2025-08-07 17:05:00+00:00,2025-08-08 18:05:00+00:00,2025-07-03 00:00:00+00:00
1754616600000,1754616900000,1754863500000,1,dip_unconfirmed,3385.8419999999996,3368.2649547892956,5020.269475859732,3399.3695,17.577045210704,5.689238367498901,76.96117201634222,0.7696117201634222,timeout,4110,0.996640777218485,2025-08-08 01:35:00+00:00,2025-08-10 22:05:00+00:00,2025-07-03 00:00:00+00:00
1754870400000,1754870700000,1754874600000,1,dip_unconfirmed,3392.352,3374.2494168074986,5107.307736057632,3374.1994168074984,18.102583192501243,5.524073494738789,-100.27620367473794,-1.0027620367473795,stop,65,0.0,2025-08-11 00:05:00+00:00,2025-08-11 01:10:00+00:00,2025-07-03 00:00:00+00:00
1754872200000,1754872500000,1754874600000,1,dip_unconfirmed,3388.6749999999997,3371.1066013212485,5059.44646919637,3371.0566013212483,17.568398678751237,5.692038405352719,-100.28460192026867,-1.0028460192026867,stop,35,0.0,2025-08-11 00:35:00+00:00,2025-08-11 01:10:00+00:00,2025-07-03 00:00:00+00:00
1754874000000,1754874300000,1754894100000,1,dip_unconfirmed,3382.51,3365.049701226874,5030.079578539479,3364.9997012268736,17.460298773126397,5.727278856986835,-100.28636394285037,-1.0028636394285038,stop,330,0.04533141215304018,2025-08-11 01:05:00+00:00,2025-08-11 06:35:00+00:00,2025-07-03 00:00:00+00:00
1755748800000,1755749100000,1755773100000,1,dip_unconfirmed,3340.397,3331.9565000000002,4131.9565,3331.9065,8.440499999999702,11.847639357858366,-100.59238196789508,-1.0059238196789508,stop,400,0.1632604703513068,2025-08-21 04:05:00+00:00,2025-08-21 10:45:00+00:00,2025-07-03 00:00:00+00:00
1755757800000,1755758100000,1755774300000,1,dip_unconfirmed,3335.1164999999996,3326.5665,4126.5665,3326.5164999999997,8.549999999999727,11.695906432748911,-100.58479532163958,-1.0058479532163958,stop,270,0.7787719298246398,2025-08-21 06:35:00+00:00,2025-08-21 11:05:00+00:00,2025-07-03 00:00:00+00:00
1755768600000,1755768900000,1755773100000,1,dip_unconfirmed,3339.897,3331.45,4131.45,3331.3999999999996,8.447000000000116,11.8385225523853,-100.59192612762142,-1.0059192612762142,stop,70,0.22232745353381445,2025-08-21 09:35:00+00:00,2025-08-21 10:45:00+00:00,2025-07-03 00:00:00+00:00
1755774000000,1755774300000,1755836700000,1,dip_unconfirmed,3329.1870000000004,3320.4815,4120.4815,3329.137,8.705500000000484,11.48699098271144,-0.5743495491376615,-0.005743495491376614,breakeven,1040,2.1229682384697477,2025-08-21 11:05:00+00:00,2025-08-22 04:25:00+00:00,2025-07-03 00:00:00+00:00
1755790200000,1755790500000,1755832200000,1,dip_unconfirmed,3343.6785,3331.407268431999,4497.530425232142,3331.357268431999,12.271231568000985,8.149141302227928,-100.4074570651129,-1.004074570651129,stop,695,0.1707652559881782,2025-08-21 15:35:00+00:00,2025-08-22 03:10:00+00:00,2025-07-03 00:00:00+00:00
1756076400000,1756076700000,1756164000000,1,dip_unconfirmed,3367.9270000000006,3357.6191801332975,4331.851166803541,3357.5691801332973,10.307819866703085,9.70137248158806,-100.48506862408117,-1.0048506862408118,stop,1455,0.7730053593328776,2025-08-24 23:05:00+00:00,2025-08-25 23:20:00+00:00,2025-07-03 00:00:00+00:00
1756083600000,1756083900000,1756164000000,1,dip_unconfirmed,3365.4900000000002,3355.8669446399185,4260.322480648061,3355.8169446399183,9.623055360081707,10.391709935995934,-100.5195854968017,-1.0051958549680169,stop,1335,1.0812574188403503,2025-08-25 01:05:00+00:00,2025-08-25 23:20:00+00:00,2025-07-03 00:00:00+00:00
1756085400000,1756085700000,1756164000000,1,dip_unconfirmed,3365.345,3355.8736271656385,4251.010910601775,3355.8236271656383,9.471372834361318,10.558131513650132,-100.52790657568443,-1.0052790657568442,stop,1305,1.113882874690108,2025-08-25 01:35:00+00:00,2025-08-25 23:20:00+00:00,2025-07-03 00:00:00+00:00
1756087200000,1756087500000,1756164300000,1,dip_unconfirmed,3363.5315000000005,3353.9860823680933,4249.377845558786,3353.936082368093,9.545417631907185,10.476230989174635,-100.52381154946065,-1.0052381154946064,stop,1280,1.295228818346551,2025-08-25 02:05:00+00:00,2025-08-25 23:25:00+00:00,2025-07-03 00:00:00+00:00
1756089000000,1756089300000,1756164300000,1,dip_unconfirmed,3362.9935,3353.7568621989435,4231.070642304585,3353.7068621989433,9.236637801056531,10.826450290013701,-100.54132251450265,-1.0054132251450265,stop,1250,1.3967744841661114,2025-08-25 02:35:00+00:00,2025-08-25 23:25:00+00:00,2025-07-03 00:00:00+00:00
1756166400000,1756166700000,1756192800000,1,dip_unconfirmed,3355.6,3346.9115,4146.9115,3368.5827499999996,8.688499999999749,11.509466536226379,149.4245266731892,1.494245266731892,ladder_lock_1.50R,435,3.5125165448583147,2025-08-26 00:05:00+00:00,2025-08-26 07:20:00+00:00,2025-07-03 00:00:00+00:00
1756179000000,1756179300000,1756352400000,1,dip_unconfirmed,3372.85,3360.5958186541743,4535.013953236754,3390.97,12.2541813458256,8.160479854010411,147.86789495466778,1.4786789495466777,timeout,2885,2.1184605701011057,2025-08-26 03:35:00+00:00,2025-08-28 03:40:00+00:00,2025-07-03 00:00:00+00:00
1756200600000,1756200900000,1756269600000,1,dip_unconfirmed,3375.8499999999995,3364.4548788002876,4447.466998771524,3375.7999999999993,11.395121199711866,8.77568551026281,-0.4387842755147368,-0.004387842755147368,breakeven,1145,1.5563678252451605,2025-08-26 09:35:00+00:00,2025-08-27 04:40:00+00:00,2025-07-03 00:00:00+00:00
1756202400000,1756202700000,1756375800000,1,dip_unconfirmed,3372.5599999999995,3361.10988745741,4450.121141716417,3394.795,11.450112542589522,8.733538611785933,194.19023103306532,1.9419023103306532,timeout,2885,2.501722135346079,2025-08-26 10:05:00+00:00,2025-08-28 10:10:00+00:00,2025-07-03 00:00:00+00:00
1756204200000,1756204500000,1756377600000,1,dip_unconfirmed,3371.19,3359.9020383533093,4440.698203022385,3395.32,11.287961646690746,8.858995373120944,213.76755835340936,2.1376755835340937,timeout,2885,2.6590274612422,2025-08-26 10:35:00+00:00,2025-08-28 10:40:00+00:00,2025-07-03 00:00:00+00:00
1756211400000,1756211700000,1756384800000,1,dip_unconfirmed,3377.6134999999995,3366.3793970066863,4432.289696338038,3401.3700000000003,11.234102993313172,8.901467260850517,211.46770698240303,2.1146770698240305,timeout,2885,2.7270980173705155,2025-08-26 12:35:00+00:00,2025-08-28 12:40:00+00:00,2025-07-03 00:00:00+00:00
1756270800000,1756271100000,1756444200000,1,dip_unconfirmed,3375.6399999999994,3367.02,4167.02,3408.085,8.619999999999436,11.6009280742467,376.3921113689413,3.763921113689413,timeout,2885,5.468387470998122,2025-08-27 05:05:00+00:00,2025-08-29 05:10:00+00:00,2025-07-03 00:00:00+00:00
1756353600000,1756353900000,1756677900000,1,dip_unconfirmed,3390.9505,3382.3235,4182.3235,3444.4715,8.626999999999953,11.591515011012003,620.3894749043756,6.203894749043756,timeout,5400,7.22800510026667,2025-08-28 04:05:00+00:00,2025-08-31 22:05:00+00:00,2025-07-03 00:00:00+00:00
1756377000000,1756377300000,1756677900000,1,dip_unconfirmed,3397.32,3388.7799999999997,4188.78,3444.4715,8.540000000000418,11.709601873535727,552.1252927400192,5.521252927400192,timeout,5010,6.555796252927077,2025-08-28 10:35:00+00:00,2025-08-31 22:05:00+00:00,2025-07-03 00:00:00+00:00
1756402200000,1756402500000,1756464900000,1,dip_unconfirmed,3415.7549999999997,3405.008359367218,4425.672422645426,3404.958359367218,10.746640632781691,9.30523346011578,-100.46526167300749,-1.0046526167300749,stop,1040,0.6534600197366762,2025-08-28 17:35:00+00:00,2025-08-29 10:55:00+00:00,2025-07-03 00:00:00+00:00
1756414800000,1756418700000,1756431600000,1,dip_unconfirmed,3419.8485000000005,3407.877070901295,4272.669980771773,3407.827070901295,11.971429098705357,8.353221589126267,-100.41766107945783,-1.0041766107945782,stop,215,0.0,2025-08-28 22:05:00+00:00,2025-08-29 01:40:00+00:00,2025-07-03 00:00:00+00:00
1756432800000,1756433100000,1756677900000,1,dip_unconfirmed,3410.5170000000003,3401.965,4201.965,3444.4715,8.552000000000135,11.693171188026009,397.03578110382705,3.9703578110382707,timeout,4080,5.003449485500373,2025-08-29 02:05:00+00:00,2025-08-31 22:05:00+00:00,2025-07-03 00:00:00+00:00
1756452600000,1756452900000,1756677900000,1,dip_unconfirmed,3407.85,3399.295,4199.295,3444.4715,8.554999999999836,11.689070718878073,428.07130333139565,4.2807130333139565,timeout,3750,5.3134424313268385,2025-08-29 07:35:00+00:00,2025-08-31 22:05:00+00:00,2025-07-03 00:00:00+00:00
1756465200000,1756465500000,1756677900000,1,dip_unconfirmed,3406.2050000000004,3397.695,4197.695,3444.4715,8.510000000000218,11.750881316098406,449.6650998824764,4.496650998824764,timeout,3540,5.534841363102062,2025-08-29 11:05:00+00:00,2025-08-31 22:05:00+00:00,2025-07-03 00:00:00+00:00
1756501200000,1756677900000,1756690200000,1,dip_unconfirmed,3448.0434999999998,3437.095428002189,4490.55262778334,3437.0454280021886,10.948071997810985,9.134028349465963,-100.45670141747495,-1.0045670141747494,stop,205,0.3470474071379666,2025-08-31 22:05:00+00:00,2025-09-01 01:30:00+00:00,2025-07-03 00:00:00+00:00
1756688400000,1756688700000,1756799700000,1,dip_unconfirmed,3444.7400000000007,3433.9357877038924,4447.357017314644,3479.263479347547,10.80421229610829,9.255649302265219,319.53721753488674,3.1953721753488673,ladder_lock_3.20R,1850,5.819304385813174,2025-09-01 01:05:00+00:00,2025-09-02 07:55:00+00:00,2025-07-03 00:00:00+00:00
1756690200000,1756690500000,1756799700000,1,dip_unconfirmed,3439.61,3428.4118028679004,4489.731516077884,3475.3942308227192,11.198197132099722,8.930008895213069,319.55349955523934,3.1955349955523933,ladder_lock_3.20R,1820,6.072673949011758,2025-09-01 01:35:00+00:00,2025-09-02 07:55:00+00:00,2025-07-03 00:00:00+00:00
1756711800000,1756712100000,1756799700000,1,dip_unconfirmed,3472.7449999999994,3455.565410460517,5105.024364408844,3472.6949999999993,17.17958953948255,5.8208608401369295,-0.29104304200790526,-0.0029104304200790526,breakeven,1460,2.0296177577389938,2025-09-01 07:35:00+00:00,2025-09-02 07:55:00+00:00,2025-07-03 00:00:00+00:00
1756719000000,1756719300000,1756799700000,1,dip_unconfirmed,3472.1899999999996,3456.0109453395157,4997.416411387978,3472.1399999999994,16.17905466048387,6.1808308395324545,-0.309041541977747,-0.00309041541977747,breakeven,1340,2.1894357082876237,2025-09-01 09:35:00+00:00,2025-09-02 07:55:00+00:00,2025-07-03 00:00:00+00:00
1756720800000,1756721100000,1756800600000,1,dip_unconfirmed,3470.2270000000003,3454.4490921009783,4961.039882003128,3470.177,15.777907899022011,6.337975898959232,-0.31689879494911444,-0.0031689879494911444,breakeven,1325,2.3695156695848962,2025-09-01 10:05:00+00:00,2025-09-02 08:10:00+00:00,2025-07-03 00:00:00+00:00
1756800000000,1756800300000,1756954500000,1,dip_unconfirmed,3477.675,3462.122725283073,4945.850196975782,3527.3922790941665,15.552274716927059,6.429927571377082,319.6785036214294,3.196785036214294,ladder_lock_3.20R,2570,6.4460023903054955,2025-09-02 08:05:00+00:00,2025-09-04 02:55:00+00:00,2025-07-03 00:00:00+00:00
1756818000000,1756818300000,1756953900000,1,dip_unconfirmed,3482.8289999999997,3465.7237573548286,5102.048021871951,3537.515776464547,17.105242645171074,5.846160856901418,319.7076919571533,3.197076919571533,ladder_lock_3.20R,2260,5.559465128478973,2025-09-02 13:05:00+00:00,2025-09-04 02:45:00+00:00,2025-07-03 00:00:00+00:00
1756846800000,1756850700000,1756954200000,1,dip_unconfirmed,3534.7120000000004,3517.5297862204116,5049.551164179304,3534.6620000000003,17.182213779588892,5.81997181985898,-0.2909985909940076,-0.002909985909940076,breakeven,1725,2.514984422515619,2025-09-02 22:05:00+00:00,2025-09-04 02:50:00+00:00,2025-07-03 00:00:00+00:00
1756852200000,1756852500000,1756954200000,1,dip_unconfirmed,3533.702,3518.099801490382,4989.119652452208,3533.652,15.60219850961812,6.4093531394536525,-0.3204676569738485,-0.0032046765697384847,breakeven,1695,2.834408238860557,2025-09-02 22:35:00+00:00,2025-09-04 02:50:00+00:00,2025-07-03 00:00:00+00:00
1756854000000,1756854300000,1756944600000,1,dip_unconfirmed,3530.4435000000003,3514.9986728124973,4945.781391562759,3553.560740781255,15.444827187503051,6.474659689356284,149.6762670155325,1.496762670155325,ladder_lock_1.50R,1505,3.074265540401666,2025-09-02 23:05:00+00:00,2025-09-04 00:10:00+00:00,2025-07-03 00:00:00+00:00
1756951200000,1756951500000,1756954200000,1,dip_unconfirmed,3546.9815,3532.2702437239095,4935.895871332961,3532.2202437239093,14.711256276090353,6.797516005653861,-100.33987580028392,-1.0033987580028392,stop,45,0.20688239963209037,2025-09-04 02:05:00+00:00,2025-09-04 02:50:00+00:00,2025-07-03 00:00:00+00:00
1756954800000,1756955100000,1756955700000,1,dip_unconfirmed,3531.485,3514.5595035170445,5138.609151812607,3514.5095035170443,16.925496482955623,5.908246183543412,-100.29541230917825,-1.0029541230917824,stop,10,0.0,2025-09-04 03:05:00+00:00,2025-09-04 03:15:00+00:00,2025-07-03 00:00:00+00:00
1756956600000,1756956900000,1757282700000,1,dip_unconfirmed,3530.657,3511.933110408684,5313.622069540275,3590.9450000000006,18.723889591316038,5.3407706509003905,321.98438100148525,3.2198438100148525,timeout,5430,3.6844908566431522,2025-09-04 03:35:00+00:00,2025-09-07 22:05:00+00:00,2025-07-03 00:00:00+00:00
1756958400000,1756958700000,1757282700000,1,dip_unconfirmed,3529.71,3511.6286025223494,5261.2683502874015,3590.9450000000006,18.081397477650626,5.53054597265528,338.66298263554927,3.3866298263554926,timeout,5400,3.867787325976467,2025-09-04 04:05:00+00:00,2025-09-07 22:05:00+00:00,2025-07-03 00:00:00+00:00
1756996200000,1756996500000,1757282700000,1,dip_unconfirmed,3542.495,3524.1080167419395,5293.306342548008,3590.9450000000006,18.386983258060354,5.438630067613876,263.5016267758962,2.6350162677589624,timeout,4770,3.108177083641335,2025-09-04 14:35:00+00:00,2025-09-07 22:05:00+00:00,2025-07-03 00:00:00+00:00
1757007000000,1757007300000,1757282700000,1,dip_unconfirmed,3549.9,3533.239864874561,5149.2533774184585,3590.9450000000006,16.660135125438956,6.002352276681504,246.36654919639548,2.4636654919639547,timeout,4590,2.9858701400352072,2025-09-04 17:35:00+00:00,2025-09-07 22:05:00+00:00,2025-07-03 00:00:00+00:00
1757008800000,1757009100000,1757282700000,1,dip_unconfirmed,3543.52,3526.957017383521,5129.255279031424,3590.9450000000006,16.562982616479076,6.03755991994501,286.3312792033959,2.8633127920339594,timeout,4560,3.388580505069137,2025-09-04 18:05:00+00:00,2025-09-07 22:05:00+00:00,2025-07-03 00:00:00+00:00
1757106000000,1757282700000,1757455500000,1,dip_unconfirmed,3583.4339999999997,3571.837448290901,5050.092619200761,3620.492965469115,11.596551709098549,8.623253059057282,319.5688373470464,3.195688373470464,ladder_lock_3.20R,2880,7.739887015687441,2025-09-07 22:05:00+00:00,2025-09-09 22:05:00+00:00,2025-07-03 00:00:00+00:00
1757287800000,1757288100000,1757461200000,1,dip_unconfirmed,3590.5655,3574.2040017839327,5137.153823390697,3635.7,16.361498216067503,6.111909721189034,275.85798931100436,2.758579893110044,timeout,2885,5.049934847583799,2025-09-07 23:35:00+00:00,2025-09-09 23:40:00+00:00,2025-07-03 00:00:00+00:00
1757304000000,1757304300000,1757431200000,1,dip_unconfirmed,3584.1349999999998,3568.9461771696656,5021.828460203141,3632.689233057069,15.188822830334175,6.583788692319605,319.6708105653834,3.1967081056538342,ladder_lock_3.20R,2115,5.863193019945213,2025-09-08 04:05:00+00:00,2025-09-09 15:20:00+00:00,2025-07-03 00:00:00+00:00
1757305800000,1757306100000,1757431200000,1,dip_unconfirmed,3584.1,3569.207307371832,4991.976570188632,3631.706616410137,14.892692628167879,6.714702471657883,319.6642648764165,3.196642648764165,ladder_lock_3.20R,2085,5.982128431999988,2025-09-08 04:35:00+00:00,2025-09-09 15:20:00+00:00,2025-07-03 00:00:00+00:00
1757307600000,1757307900000,1757431200000,1,dip_unconfirmed,3582.132,3568.1092854167014,4928.180743746579,3626.9546866665555,14.022714583298693,7.131286842213975,319.6434356578867,3.196434356578867,ladder_lock_3.20R,2055,6.493607172783169,2025-09-08 05:05:00+00:00,2025-09-09 15:20:00+00:00,2025-07-03 00:00:00+00:00
1757431800000,1757432100000,1757455500000,1,dip_unconfirmed,3640.75,3618.937419945236,5736.845425421633,3618.8874199452357,21.812580054764112,4.584510394869995,-100.22922551974433,-1.0022922551974434,stop,390,0.37278946275885183,2025-09-09 15:35:00+00:00,2025-09-09 22:05:00+00:00,2025-07-03 00:00:00+00:00
1757439000000,1757439300000,1757451600000,1,dip_unconfirmed,3644.0649999999996,3624.965774405349,5470.388333870461,3624.9157744053487,19.09922559465076,5.235814379197009,-100.26179071896081,-1.0026179071896082,stop,205,0.04013251721657822,2025-09-09 17:35:00+00:00,2025-09-09 21:00:00+00:00,2025-07-03 00:00:00+00:00
1757440800000,1757441100000,1757451600000,1,dip_unconfirmed,3643.5550000000003,3625.2113619478237,5395.575167165434,3625.1613619478235,18.34363805217663,5.451481310062927,-100.27257406550414,-1.0027257406550414,stop,175,0.05505996123162266,2025-09-09 18:05:00+00:00,2025-09-09 21:00:00+00:00,2025-07-03 00:00:00+00:00
1757489400000,1757489700000,1757562300000,1,dip_unconfirmed,3644.3300000000004,3630.38448010229,4964.936469873268,3630.33448010229,13.945519897710255,7.1707617022165815,-100.35853808511213,-1.0035853808511213,stop,1210,0.9081411157771765,2025-09-10 07:35:00+00:00,2025-09-11 03:45:00+00:00,2025-07-03 00:00:00+00:00
1757505600000,1757505900000,1757532900000,1,dip_unconfirmed,3649.8235000000004,3637.0229512344954,4854.377827784943,3636.972951234495,12.800548765505027,7.8121650744755895,-100.3906082537252,-1.003906082537252,stop,450,0.5483749274028047,2025-09-10 12:05:00+00:00,2025-09-10 19:35:00+00:00,2025-07-03 00:00:00+00:00
1757507400000,1757507700000,1757533200000,1,dip_unconfirmed,3648.902,3636.3564904320315,4812.207447228879,3636.3064904320313,12.545509567968566,7.970979533212577,-100.39854897666207,-1.0039854897666207,stop,425,0.6329754847324314,2025-09-10 12:35:00+00:00,2025-09-10 19:40:00+00:00,2025-07-03 00:00:00+00:00
1757509200000,1757509500000,1757562300000,1,dip_unconfirmed,3644.692,3630.691598258315,4968.031772426817,3630.641598258315,14.000401741684982,7.142652178491327,-100.35713260892587,-1.0035713260892587,stop,880,0.7305504648160975,2025-09-10 13:05:00+00:00,2025-09-11 03:45:00+00:00,2025-07-03 00:00:00+00:00
1757557800000,1757558100000,1757568900000,1,dip_unconfirmed,3638.66,3626.7924987046804,4750.542628236617,3626.74249870468,11.867501295319471,8.42637363262306,-100.42131868163268,-1.0042131868163269,stop,180,0.0,2025-09-11 02:35:00+00:00,2025-09-11 05:35:00+00:00,2025-07-03 00:00:00+00:00
1757660400000,1757660700000,1757667300000,1,dip_unconfirmed,3651.1870000000004,3640.941305319932,4615.810773326753,3640.8913053199317,10.245694680068482,9.760197148421332,-100.48800985742285,-1.0048800985742286,stop,110,0.21843321218160833,2025-09-12 07:05:00+00:00,2025-09-12 08:55:00+00:00,2025-07-03 00:00:00+00:00
1757665800000,1757666100000,1757887500000,1,dip_unconfirmed,3645.5999999999995,3634.8980793687642,4655.590142492299,3643.4245000000005,10.701920631235225,9.344117139883695,-20.32812683780688,-0.2032812683780688,timeout,3690,0.7802337811803225,2025-09-12 08:35:00+00:00,2025-09-14 22:05:00+00:00,2025-07-03 00:00:00+00:00
1757667600000,1757667900000,1757887500000,1,dip_unconfirmed,3641.5399999999995,3630.583359413853,4669.747418028561,3643.4245000000005,10.956640586146477,9.126885126307739,17.199615020536296,0.17199615020536296,timeout,3660,1.1326464441748187,2025-09-12 09:05:00+00:00,2025-09-14 22:05:00+00:00,2025-07-03 00:00:00+00:00
1757678400000,1757678700000,1757887500000,1,dip_unconfirmed,3647.712,3637.168300881359,4629.838212745509,3643.4245000000005,10.543699118641143,9.484337410880885,-40.66409664914662,-0.4066409664914662,timeout,3480,0.5916329676907334,2025-09-12 12:05:00+00:00,2025-09-14 22:05:00+00:00,2025-07-03 00:00:00+00:00
1757680200000,1757680500000,1757887500000,1,dip_unconfirmed,3643.3385000000003,3632.1944936755476,4680.745126120836,3643.4245000000005,11.144006324452675,8.973433529068943,0.7717152835020837,0.007717152835020838,timeout,3450,0.9522158989371082,2025-09-12 12:35:00+00:00,2025-09-14 22:05:00+00:00,2025-07-03 00:00:00+00:00
1757691000000,1757691300000,1757887500000,1,dip_unconfirmed,3645.047,3633.2139957381933,4765.464421918861,3643.4245000000005,11.833004261806764,8.450939236350038,-13.711648910973633,-0.13711648910973634,timeout,3270,0.4418151032763855,2025-09-12 15:35:00+00:00,2025-09-14 22:05:00+00:00,2025-07-03 00:00:00+00:00
1757890800000,1757891100000,1757896800000,1,dip_unconfirmed,3643.207,3633.7363134736406,4477.604966109611,3633.6863134736404,9.470686526359259,10.558896625041417,-100.52794483125399,-1.0052794483125398,stop,95,0.0,2025-09-14 23:05:00+00:00,2025-09-15 00:40:00+00:00,2025-07-03 00:00:00+00:00
1757892600000,1757892900000,1757898300000,1,dip_unconfirmed,3640.0055,3630.8712196540946,4479.749254244635,3630.8212196540944,9.134280345905609,10.947769962504431,-100.54738849812722,-1.005473884981272,stop,90,0.23915403483089215,2025-09-14 23:35:00+00:00,2025-09-15 01:05:00+00:00,2025-07-03 00:00:00+00:00
1757894400000,1757894700000,1757898300000,1,dip_unconfirmed,3638.847,3630.003775393088,4455.626236084306,3629.9537753930877,8.843224606912372,11.30809229043377,-100.56540461452374,-1.0056540461452375,stop,60,0.37802952526918365,2025-09-15 00:05:00+00:00,2025-09-15 01:05:00+00:00,2025-07-03 00:00:00+00:00
1757962800000,1757963100000,1758073200000,1,dip_unconfirmed,3677.485,3664.04707335767,4955.339737590674,3677.435,13.43792664233024,7.44162419260381,-0.3720812096315441,-0.0037208120963154413,breakeven,1835,1.86200599735235,2025-09-15 19:05:00+00:00,2025-09-17 01:40:00+00:00,2025-07-03 00:00:00+00:00
1757970000000,1757973900000,1758094200000,1,dip_unconfirmed,3681.407,3667.24769435049,4796.478259301512,3667.1976943504897,14.159305649510316,7.062493209436325,-100.3531246604731,-1.003531246604731,stop,2005,1.490150754725004,2025-09-15 22:05:00+00:00,2025-09-17 07:30:00+00:00,2025-07-03 00:00:00+00:00
1757975400000,1757975700000,1758035400000,1,dip_unconfirmed,3679.6000000000004,3667.798859039741,4784.912955065687,3679.55,11.801140960259545,8.473756930516377,-0.4236878465273602,-0.004236878465273602,breakeven,995,1.9410411312886995,2025-09-15 22:35:00+00:00,2025-09-16 15:10:00+00:00,2025-07-03 00:00:00+00:00
1757977200000,1757977500000,1758035400000,1,dip_unconfirmed,3679.697,3668.163297679759,4735.48352970385,3679.647,11.533702320240991,8.67024284340213,-0.4335121421716836,-0.004335121421716836,breakeven,965,1.9776390413657954,2025-09-15 23:05:00+00:00,2025-09-16 15:10:00+00:00,2025-07-03 00:00:00+00:00
1758002400000,1758002700000,1758035400000,1,dip_unconfirmed,3683.332,3673.097097118063,4640.88738531174,3683.2819999999997,10.234902881936705,9.770488411422761,-0.4885244205729153,-0.004885244205729153,breakeven,545,1.8734423004482652,2025-09-16 06:05:00+00:00,2025-09-16 15:10:00+00:00,2025-07-03 00:00:00+00:00
1758036600000,1758036900000,1758094200000,1,dip_unconfirmed,3682.78,3668.9192416674914,4998.995074918372,3668.869241667491,13.860758332508794,7.2146124765382895,-100.36073062382823,-1.0036073062382824,stop,955,0.8736895709087632,2025-09-16 15:35:00+00:00,2025-09-17 07:30:00+00:00,2025-07-03 00:00:00+00:00
1758045600000,1758045900000,1758075300000,1,dip_unconfirmed,3688.3,3675.500232247813,4898.477007466515,3675.450232247813,12.799767752187108,7.8126417553875465,-100.3906320877708,-1.003906320877708,stop,490,0.5148530916800151,2025-09-16 18:05:00+00:00,2025-09-17 02:15:00+00:00,2025-07-03 00:00:00+00:00
1758069000000,1758069300000,1758072900000,1,dip_unconfirmed,3694.315,3685.0665955410755,4551.757041433568,3685.0165955410753,9.248404458924597,10.812675899300796,-100.54063379496701,-1.00540633794967,stop,60,0.0,2025-09-17 00:35:00+00:00,2025-09-17 01:35:00+00:00,2025-07-03 00:00:00+00:00
1758072600000,1758072900000,1758073200000,1,dip_unconfirmed,3686.6065,3677.2708017675595,4549.3406250115995,3677.2208017675594,9.335698232440336,10.711571594346635,-100.53557857971927,-1.0053557857971926,stop,5,0.0,2025-09-17 01:35:00+00:00,2025-09-17 01:40:00+00:00,2025-07-03 00:00:00+00:00
1758074400000,1758074700000,1758091500000,1,dip_unconfirmed,3680.27,3669.9767087841624,4619.955830367911,3669.926708784162,10.293291215837598,9.715065658118823,-100.48575328290771,-1.0048575328290772,stop,280,0.5008116346760447,2025-09-17 02:05:00+00:00,2025-09-17 06:45:00+00:00,2025-07-03 00:00:00+00:00
1758076200000,1758076500000,1758094200000,1,dip_unconfirmed,3678.225,3667.9051938710077,4629.885806770205,3667.8551938710075,10.31980612899224,9.690104518442663,-100.4845052259239,-1.004845052259239,stop,295,0.6976875253278982,2025-09-17 02:35:00+00:00,2025-09-17 07:30:00+00:00,2025-07-03 00:00:00+00:00
1758506400000,1758506700000,1758679800000,1,dip_unconfirmed,3690.0055,3678.5559892655124,4769.307062714245,3753.7794999999996,11.44951073448783,8.733997663217465,557.0019669740257,5.570019669740256,timeout,2885,8.78448016971086,2025-09-22 02:05:00+00:00,2025-09-24 02:10:00+00:00,2025-07-03 00:00:00+00:00
1758528000000,1758528300000,1758654300000,1,dip_unconfirmed,3713.8100000000004,3700.876601739973,4943.216427742674,3755.1468744320878,12.933398260027388,7.731919947834981,319.6134040026061,3.196134040026061,ladder_lock_3.20R,2100,5.936065561151072,2025-09-22 08:05:00+00:00,2025-09-23 19:05:00+00:00,2025-07-03 00:00:00+00:00
1758542400000,1758542700000,1758543900000,1,dip_unconfirmed,3725.3399999999997,3712.9044712327664,4894.45734795614,3712.854471232766,12.435528767233336,8.041475507136642,-100.40207377535829,-1.0040207377535828,stop,20,0.0,2025-09-22 12:05:00+00:00,2025-09-22 12:25:00+00:00,2025-07-03 00:00:00+00:00
1758544200000,1758544500000,1758596400000,1,dip_unconfirmed,3716.0,3702.5344375732834,4987.5906802449845,3736.148343640075,13.465562426716588,7.426351520348918,149.6286824239829,1.4962868242398288,ladder_lock_1.50R,865,3.1756193053740076,2025-09-22 12:35:00+00:00,2025-09-23 03:00:00+00:00,2025-07-03 00:00:00+00:00
1758551400000,1758551700000,1758724800000,1,dip_unconfirmed,3722.2499999999995,3707.6997678449225,5097.222983352696,3754.1515,14.550232155077083,6.8727425744273445,219.25079723809665,2.1925079723809664,timeout,2885,4.696385547096353,2025-09-22 14:35:00+00:00,2025-09-24 14:40:00+00:00,2025-07-03 00:00:00+00:00
1758580200000,1758580500000,1758654000000,1,dip_unconfirmed,3744.5285,3732.462605882515,4829.7020176310125,3762.5773411762266,12.065894117484731,8.287823432420945,149.58560882837554,1.4958560882837555,ladder_lock_1.50R,1225,3.8169570818014904,2025-09-22 22:35:00+00:00,2025-09-23 19:00:00+00:00,2025-07-03 00:00:00+00:00
1758596400000,1758596700000,1758645600000,1,dip_unconfirmed,3742.535,3727.7752077672612,5138.754431041178,3764.6246883491076,14.759792232738619,6.775163120398844,149.66124184397881,1.4966124184397882,ladder_lock_1.50R,815,3.255364251904861,2025-09-23 03:05:00+00:00,2025-09-23 16:40:00+00:00,2025-07-03 00:00:00+00:00
1758666600000,1758666900000,1758728400000,1,dip_unconfirmed,3762.735,3744.7405576798415,5479.6847896957115,3744.6905576798413,17.99444232015867,5.557271418629785,-100.27786357093251,-1.0027786357093251,stop,1025,0.8882186908395829,2025-09-23 22:35:00+00:00,2025-09-24 15:40:00+00:00,2025-07-03 00:00:00+00:00
1758679200000,1758679500000,1758729600000,1,dip_unconfirmed,3757.223,3740.7137061212484,5326.993093996441,3740.663706121248,16.509293878751578,6.057194252790292,-100.30285971264061,-1.0030285971264061,stop,835,1.3019939046372666,2025-09-24 02:05:00+00:00,2025-09-24 16:00:00+00:00,2025-07-03 00:00:00+00:00
1758681000000,1758681300000,1758724200000,1,dip_unconfirmed,3753.41,3737.374977112587,5278.37726585384,3753.3599999999997,16.03502288741265,6.2363490655507015,-0.31181745327866944,-0.0031181745327866946,breakeven,715,1.5782952215095711,2025-09-24 02:35:00+00:00,2025-09-24 14:30:00+00:00,2025-07-03 00:00:00+00:00
1758697200000,1758697500000,1758723000000,1,dip_unconfirmed,3771.7799999999997,3757.5218498165714,5131.336868159444,3757.471849816571,14.25815018342837,7.013532520945506,-100.35067662604855,-1.0035067662604855,stop,425,0.48659888630320636,2025-09-24 07:05:00+00:00,2025-09-24 14:10:00+00:00,2025-07-03 00:00:00+00:00
1758724200000,1758724500000,1758728400000,1,dip_unconfirmed,3759.49,3744.995648310457,5137.930817264756,3744.945648310457,14.494351689542782,6.899239244494588,-100.34496196222598,-1.0034496196222598,stop,65,0.012763592602311222,2025-09-24 14:35:00+00:00,2025-09-24 15:40:00+00:00,2025-07-03 00:00:00+00:00
1758726000000,1758726300000,1758730800000,1,dip_unconfirmed,3753.535,3738.4063162882817,5181.774687460129,3738.3563162882815,15.128683711718168,6.609960384229818,-100.3304980192127,-1.003304980192127,stop,75,0.17602324503204075,2025-09-24 15:05:00+00:00,2025-09-24 16:20:00+00:00,2025-07-03 00:00:00+00:00
1758884400000,1758884700000,1759097100000,1,dip_unconfirmed,3745.2520000000004,3731.340544422332,5059.936102189138,3763.5065,13.911455577668221,7.188320405560435,131.21919484329973,1.3121919484329974,timeout,3540,2.737528060049554,2025-09-26 11:05:00+00:00,2025-09-28 22:05:00+00:00,2025-07-03 00:00:00+00:00
1758916800000,1758917100000,1759097100000,1,dip_unconfirmed,3767.29,3751.6768283383103,5264.493994507289,3763.5065,15.613171661689648,6.404848557796364,-24.232744518422567,-0.24232744518422566,timeout,3000,0.11848969831925603,2025-09-26 20:05:00+00:00,2025-09-28 22:05:00+00:00,2025-07-03 00:00:00+00:00
1758918600000,1758918900000,1759097100000,1,dip_unconfirmed,3766.7735,3751.4469834570027,5227.398637756766,3763.5065,15.32651654299707,6.524639810974634,-21.31599826245299,-0.2131599826245299,timeout,2970,0.0,2025-09-26 20:35:00+00:00,2025-09-28 22:05:00+00:00,2025-07-03 00:00:00+00:00
1758920400000,1759097100000,1759223700000,1,dip_unconfirmed,3758.4235000000003,3745.573091781502,5219.763913631288,3799.4948062991944,12.85040821849816,7.78185395356157,319.6109073023212,3.1961090730232122,ladder_lock_3.20R,2110,8.782600371989563,2025-09-28 22:05:00+00:00,2025-09-30 09:15:00+00:00,2025-07-03 00:00:00+00:00
1759104000000,1759104300000,1759221300000,1,dip_unconfirmed,3767.5285000000003,3752.3117788518193,5213.783893669912,3816.1720076741794,15.216721148181023,6.571717982224692,319.67141410088755,3.1967141410088753,ladder_lock_3.20R,1950,6.818485992457207,2025-09-29 00:05:00+00:00,2025-09-30 08:35:00+00:00,2025-07-03 00:00:00+00:00
1759132800000,1759133100000,1759219800000,1,dip_unconfirmed,3806.8965,3787.843012584852,5634.191754099611,3835.4267311227213,19.05348741514763,5.2483830293712765,149.73758084853168,1.4973758084853168,ladder_lock_1.50R,1445,3.3792763811212927,2025-09-29 08:05:00+00:00,2025-09-30 08:10:00+00:00,2025-07-03 00:00:00+00:00
1759140000000,1759140300000,1759219800000,1,dip_unconfirmed,3808.115,3789.6356596453556,5581.569695109828,3835.7840105319656,18.479340354644137,5.411448573426404,149.72942757132645,1.4972942757132646,ladder_lock_1.50R,1325,3.41833089210487,2025-09-29 10:05:00+00:00,2025-09-30 08:10:00+00:00,2025-07-03 00:00:00+00:00
1759150800000,1759151100000,1759219200000,1,dip_unconfirmed,3814.365,3795.93227508523,5580.204766562283,3841.9640873721546,18.432724914770006,5.425133856355158,149.72874330718128,1.4972874330718127,ladder_lock_1.50R,1135,3.0879048140295224,2025-09-29 13:05:00+00:00,2025-09-30 08:00:00+00:00,2025-07-03 00:00:00+00:00
1759219200000,1759219500000,1759220700000,1,dip_unconfirmed,3844.5405,3826.375154421136,5583.70971230754,3826.3251544211357,18.165345578864162,5.504987481017291,-100.27524937405187,-1.0027524937405188,stop,20,0.12226577195336918,2025-09-30 08:05:00+00:00,2025-09-30 08:25:00+00:00,2025-07-03 00:00:00+00:00
1759221000000,1759221300000,1759223700000,1,dip_unconfirmed,3824.41,3803.7373219624833,5818.3551257141435,3803.687321962483,20.67267803751656,4.837302637738615,-100.2418651318878,-1.002418651318878,stop,40,0.0,2025-09-30 08:35:00+00:00,2025-09-30 09:15:00+00:00,2025-07-03 00:00:00+00:00
1759222800000,1759223100000,1759225800000,1,dip_unconfirmed,3816.9619999999995,3795.353763250878,5898.477438163136,3795.3037632508776,21.608236749121716,4.627864881389018,-100.23139324407029,-1.0023139324407029,stop,45,0.18555424241931914,2025-09-30 09:05:00+00:00,2025-09-30 09:50:00+00:00,2025-07-03 00:00:00+00:00
1759224600000,1759224900000,1759398000000,1,dip_unconfirmed,3802.4415000000004,3778.7252801615286,6075.697264008626,3876.625,23.716219838471716,4.21652357252074,312.79647644209075,3.1279647644209074,timeout,2885,3.895224476294645,2025-09-30 09:35:00+00:00,2025-10-02 09:40:00+00:00,2025-07-03 00:00:00+00:00
1759226400000,1759226700000,1759399800000,1,dip_unconfirmed,3799.495,3775.553974435705,6103.506530865157,3878.735,23.941025564294705,4.176930504979642,330.9799732145878,3.309799732145878,timeout,2885,3.9817216578294237,2025-09-30 10:05:00+00:00,2025-10-02 10:10:00+00:00,2025-07-03 00:00:00+00:00
1759255200000,1759255500000,1759416000000,1,dip_unconfirmed,3844.645,3821.6540233741002,6064.251685964062,3844.595,22.990976625899748,4.349532498212721,-0.21747662491142722,-0.002174766249114272,breakeven,2675,2.2691511043175794,2025-09-30 18:05:00+00:00,2025-10-02 14:40:00+00:00,2025-07-03 00:00:00+00:00
1759280400000,1759280700000,1759330200000,1,dip_unconfirmed,3861.1664999999994,3844.80699061899,5419.107928720031,3861.116499999999,16.359509381009502,6.11265274960399,-0.3056326374813114,-0.0030563263748131144,breakeven,825,2.0572132828792626,2025-10-01 01:05:00+00:00,2025-10-01 14:50:00+00:00,2025-07-03 00:00:00+00:00
1759287600000,1759287900000,1759324800000,1,dip_unconfirmed,3864.0350000000003,3847.7666736794295,5424.44930573649,3863.985,16.26832632057085,6.1469138268730665,-0.30734569134477147,-0.0030734569134477146,breakeven,615,1.8924196253102585,2025-10-01 03:05:00+00:00,2025-10-01 13:20:00+00:00,2025-07-03 00:00:00+00:00
1759325400000,1759325700000,1759416000000,1,dip_unconfirmed,3870.6854999999996,3851.853185555213,5676.03463003394,3851.8031855552126,18.83231444478679,5.310021786922864,-100.26550108934711,-1.002655010893471,stop,1505,1.3874821428140343,2025-10-01 13:35:00+00:00,2025-10-02 14:40:00+00:00,2025-07-03 00:00:00+00:00
1759332600000,1759332900000,1759415400000,1,dip_unconfirmed,3860.38,3838.6492915358817,5944.720137947703,3860.33,21.73070846411838,4.601782779660379,-0.230089138983856,-0.00230089138983856,breakeven,1375,1.6766595557692565,2025-10-01 15:35:00+00:00,2025-10-02 14:30:00+00:00,2025-07-03 00:00:00+00:00
1759415400000,1759415700000,1759416000000,1,dip_unconfirmed,3864.7185,3845.7412807512337,5678.463205627854,3845.6912807512335,18.977219248766232,5.269475927380737,-100.26347379637001,-1.0026347379637002,stop,5,0.043552218539808306,2025-10-02 14:35:00+00:00,2025-10-02 14:40:00+00:00,2025-07-03 00:00:00+00:00
1759417200000,1759417500000,1759701900000,1,dip_unconfirmed,3840.625,3817.183082126145,6101.374869511581,3886.5695,23.44191787385489,4.2658625688443115,195.99292279426774,1.9599292279426774,timeout,4740,2.1545378783333504,2025-10-02 15:05:00+00:00,2025-10-05 22:05:00+00:00,2025-07-03 00:00:00+00:00
1759419000000,1759419300000,1759701900000,1,dip_unconfirmed,3836.545,3812.490361974278,6150.954164546472,3886.5695,24.054638025721943,4.157202444412952,207.96197368053566,2.079619736805357,timeout,4710,2.2692713123194714,2025-10-02 15:35:00+00:00,2025-10-05 22:05:00+00:00,2025-07-03 00:00:00+00:00
1759514400000,1759514700000,1759701900000,1,dip_unconfirmed,3882.612,3864.2461699160485,5633.129178311182,3886.5695,18.36583008395155,5.4448941073119315,21.54816842968687,0.2154816842968687,timeout,3120,0.33137625537099247,2025-10-03 18:05:00+00:00,2025-10-05 22:05:00+00:00,2025-10-03 00:00:00+00:00
1759523400000,1759523700000,1759701900000,1,dip_unconfirmed,3885.0084999999995,3869.30483938173,5378.970901208747,3886.5695,15.703660618269623,6.36794199969274,9.940357461524213,0.09940357461524213,timeout,2970,0.0967608786853525,2025-10-03 20:35:00+00:00,2025-10-05 22:05:00+00:00,2025-10-03 00:00:00+00:00
1759710600000,1759710900000,1759884000000,1,dip_unconfirmed,3903.115,3884.799593427907,5648.340250637214,3993.285,18.315406572092797,5.459884256807604,492.3177634363421,4.923177634363421,timeout,2885,5.221178117099985,2025-10-06 00:35:00+00:00,2025-10-08 00:40:00+00:00,2025-10-03 00:00:00+00:00
1759712400000,1759712700000,1759885800000,1,dip_unconfirmed,3901.25,3883.1148367544847,5615.781161305986,3985.133,18.135163245515287,5.514149425962811,462.54339629803746,4.625433962980375,timeout,2885,5.375909699853921,2025-10-06 01:05:00+00:00,2025-10-08 01:10:00+00:00,2025-10-03 00:00:00+00:00
1759730400000,1759730700000,1759903800000,1,dip_unconfirmed,3933.1819999999993,3914.992748330168,5673.217915313337,4031.7899999999995,18.189251669831265,5.497752288834413,542.1223576973847,5.421223576973847,timeout,2885,5.677308878587799,2025-10-06 06:05:00+00:00,2025-10-08 06:10:00+00:00,2025-10-03 00:00:00+00:00
1759732200000,1759732500000,1759905600000,1,dip_unconfirmed,3929.115,3910.6500520208706,5689.644849933811,4030.1749999999997,18.464947979129192,5.415666489449595,547.3072554237758,5.473072554237758,timeout,2885,5.812797313120964,2025-10-06 06:35:00+00:00,2025-10-08 06:40:00+00:00,2025-10-03 00:00:00+00:00
1759746600000,1759746900000,1759824600000,1,dip_unconfirmed,3940.6549999999997,3921.789413723789,5737.3480413448815,3940.6049999999996,18.865586276210706,5.300656896419852,-0.26503284482195677,-0.0026503284482195678,breakeven,1295,1.9175126322799152,2025-10-06 10:35:00+00:00,2025-10-07 08:10:00+00:00,2025-10-03 00:00:00+00:00
1759847400000,1759847700000,1759967400000,1,dip_unconfirmed,3978.8285000000005,3959.179352569845,5866.094095585355,4008.2522211452338,19.649147430155608,5.089279336696801,149.74553603316423,1.4974553603316423,ladder_lock_1.50R,1995,4.06816633058194,2025-10-07 14:35:00+00:00,2025-10-08 23:50:00+00:00,2025-10-03 00:00:00+00:00
1759905000000,1759905300000,1759961400000,1,dip_unconfirmed,4027.14,4009.600839753419,5697.51686441151,4027.0899999999997,17.53916024658065,5.701527244982867,-0.28507636225018046,-0.0028507636225018045,breakeven,935,1.8030794835896269,2025-10-08 06:35:00+00:00,2025-10-08 22:10:00+00:00,2025-10-03 00:00:00+00:00
1759915800000,1759916100000,1759961400000,1,dip_unconfirmed,4035.9900000000002,4019.711183592503,5600.592824342188,4019.6611835925028,16.27881640749729,6.142952748944604,-100.30714763744834,-1.0030714763744835,stop,755,1.3990267738083884,2025-10-08 09:35:00+00:00,2025-10-08 22:10:00+00:00,2025-10-03 00:00:00+00:00
1759921200000,1759921500000,1759961400000,1,dip_unconfirmed,4037.897,4019.5547166008487,5784.583056515969,4019.5047166008485,18.342283399151256,5.451883924366104,-100.27259419621929,-1.0027259419621928,stop,665,1.1376718779171127,2025-10-08 11:05:00+00:00,2025-10-08 22:10:00+00:00,2025-10-03 00:00:00+00:00
1759923000000,1759923300000,1759961400000,1,dip_unconfirmed,4035.367,4017.7215939865023,5720.912195336253,4017.671593986502,17.645406013497904,5.667197452045293,-100.2833598726033,-1.002833598726033,stop,635,1.3259825238422993,2025-10-08 11:35:00+00:00,2025-10-08 22:10:00+00:00,2025-10-03 00:00:00+00:00
1759962600000,1759962900000,1759967700000,1,dip_unconfirmed,4026.67,4003.2533228001203,6274.071042788075,4003.20332280012,23.416677199879814,4.270460712526424,-100.2135230356271,-1.002135230356271,stop,80,0.026113867257098147,2025-10-08 22:35:00+00:00,2025-10-08 23:55:00+00:00,2025-10-03 00:00:00+00:00
1759968000000,1759968300000,1760018700000,1,dip_unconfirmed,4012.4714999999997,3988.776471826481,6290.129289178349,4012.4214999999995,23.695028173518494,4.2202946233151035,-0.21101473116652283,-0.0021101473116652285,breakeven,840,1.896874722868343,2025-10-09 00:05:00+00:00,2025-10-09 14:05:00+00:00,2025-10-03 00:00:00+00:00
1759977000000,1759977300000,1760018700000,1,dip_unconfirmed,4013.715,3986.0135503377865,6695.158516559124,4013.665,27.70144966221369,3.609919380371112,-0.18049596901921225,-0.0018049596901921225,breakeven,690,1.5776430668035863,2025-10-09 02:35:00+00:00,2025-10-09 14:05:00+00:00,2025-10-03 00:00:00+00:00
1759993200000,1759993500000,1760027700000,1,dip_unconfirmed,4026.575,4003.0037764358785,6299.27613284803,4002.9537764358784,23.571223564121283,4.2424611402954095,-100.21212305701555,-1.0021212305701555,stop,570,1.3085022895013259,2025-10-09 07:05:00+00:00,2025-10-09 16:35:00+00:00,2025-10-03 00:00:00+00:00
1760020200000,1760020500000,1760028300000,1,dip_unconfirmed,4007.6985,3982.2879165032487,6469.996266178371,3982.2379165032485,25.410583496751315,3.935368111983134,-100.19676840559987,-1.0019676840559988,stop,130,0.8097019890405405,2025-10-09 14:35:00+00:00,2025-10-09 16:45:00+00:00,2025-10-03 00:00:00+00:00
1760025600000,1760025900000,1760028000000,1,dip_unconfirmed,4015.16,3988.318351515174,6623.4831999977605,3988.268351515174,26.841648484825782,3.7255535946882086,-100.18627767973508,-1.001862776797351,stop,35,0.2254518757825751,2025-10-09 16:05:00+00:00,2025-10-09 16:40:00+00:00,2025-10-03 00:00:00+00:00
1760394600000,1760394900000,1760420400000,1,dip_unconfirmed,4109.908500000001,4089.3298824425588,6064.9916381866415,4140.726426336165,20.578617557442612,4.859412918329554,149.75702935408154,1.4975702935408153,ladder_lock_1.50R,425,3.3581701884053183,2025-10-13 22:35:00+00:00,2025-10-14 05:40:00+00:00,2025-10-03 00:00:00+00:00
1760403600000,1760403900000,1760420700000,1,dip_unconfirmed,4125.3005,4105.188747547981,6041.663992749947,4125.2505,20.111752452019573,4.972217127203067,-0.2486108563610578,-0.0024861085636105782,breakeven,280,2.6708015687914486,2025-10-14 01:05:00+00:00,2025-10-14 05:45:00+00:00,2025-10-03 00:00:00+00:00
1760423400000,1760423700000,1760596800000,1,dip_unconfirmed,4115.0145,4079.030884228938,7569.242461335137,4221.876499999999,35.98361577106243,2.7790425686019784,296.9740469659423,2.969740469659423,timeout,2885,3.51596128651816,2025-10-14 06:35:00+00:00,2025-10-16 06:40:00+00:00,2025-10-03 00:00:00+00:00
1760425200000,1760425500000,1760598600000,1,dip_unconfirmed,4112.302500000001,4076.267249641157,7672.342285525484,4228.57,36.03525035884377,2.7750605033734144,322.64934707596575,3.2264934707596575,timeout,2885,3.586182937904412,2025-10-14 07:05:00+00:00,2025-10-16 07:10:00+00:00,2025-10-03 00:00:00+00:00
1760434200000,1760434500000,1760446800000,1,dip_unconfirmed,4140.5825,4105.24072662435,7560.668064189404,4105.19072662435,35.34177337565052,2.829512796007491,-100.14147563980089,-1.001414756398009,stop,205,0.0887193737187982,2025-10-14 09:35:00+00:00,2025-10-14 13:00:00+00:00,2025-10-03 00:00:00+00:00
1760436000000,1760436300000,1760609400000,1,dip_unconfirmed,4128.281000000001,4092.2101747226106,7617.842702461601,4237.345,36.07082527739021,2.7723235947884355,302.3607005420043,3.023607005420043,timeout,2885,3.1697916285732153,2025-10-14 10:05:00+00:00,2025-10-16 10:10:00+00:00,2025-10-03 00:00:00+00:00
1760445000000,1760445300000,1760618400000,1,dip_unconfirmed,4119.46,4086.415603269438,7320.8552763256575,4237.062999999999,33.04439673056186,3.026231672963566,355.8939234355317,3.558939234355317,timeout,2885,3.872819983475107,2025-10-14 12:35:00+00:00,2025-10-16 12:40:00+00:00,2025-10-03 00:00:00+00:00
1760446800000,1760447100000,1760620200000,1,dip_unconfirmed,4107.3665,4074.1976316073346,7314.084470873824,4241.905,33.168868392665445,3.0148752383157205,405.61679225013853,4.056167922501385,timeout,2885,4.314030201634525,2025-10-14 13:05:00+00:00,2025-10-16 13:10:00+00:00,2025-10-03 00:00:00+00:00
1760617800000,1760618100000,1760665200000,1,dip_unconfirmed,4240.1365000000005,4217.389496992229,6408.58979776926,4312.876909624868,22.747003007771127,4.3961835308957715,319.78019082345446,3.1978019082345446,ladder_lock_3.20R,785,6.10080369500059,2025-10-16 12:35:00+00:00,2025-10-17 01:40:00+00:00,2025-10-03 00:00:00+00:00
1760619600000,1760619900000,1760665200000,1,dip_unconfirmed,4236.787,4212.441425778499,6579.298847928592,4314.6428375088035,24.34557422150101,4.107522750959972,319.794623862452,3.19794623862452,ladder_lock_3.20R,755,5.837796172188101,2025-10-16 13:05:00+00:00,2025-10-17 01:40:00+00:00,2025-10-03 00:00:00+00:00
1760666400000,1760666700000,1760708400000,1,dip_unconfirmed,4315.4220000000005,4268.477283281008,8839.748955180265,4268.4272832810075,46.94471671899282,2.1301651599815097,-100.10650825799947,-1.0010650825799947,stop,695,1.3323437517878236,2025-10-17 02:05:00+00:00,2025-10-17 13:40:00+00:00,2025-10-03 00:00:00+00:00
1760684400000,1760684700000,1760685900000,1,dip_unconfirmed,4360.8150000000005,4317.406648626358,8592.241785990644,4317.356648626358,43.40835137364229,2.303704168334768,-100.11518520841716,-1.0011518520841716,stop,20,0.012094446883749152,2025-10-17 07:05:00+00:00,2025-10-17 07:25:00+00:00,2025-10-03 00:00:00+00:00
1760686200000,1760686500000,1760702400000,1,dip_unconfirmed,4339.632500000001,4291.67445943876,8990.378515562741,4291.62445943876,47.95804056124052,2.0851560828950872,-100.10425780414513,-1.0010425780414514,stop,265,0.19914283169688227,2025-10-17 07:35:00+00:00,2025-10-17 12:00:00+00:00,2025-10-03 00:00:00+00:00
1760700600000,1760700900000,1760708400000,1,dip_unconfirmed,4322.883500000001,4280.730701204618,8412.810580742811,4280.680701204617,42.152798795383205,2.37232171665319,-100.1186160858331,-1.001186160858331,stop,125,0.0,2025-10-17 11:35:00+00:00,2025-10-17 13:40:00+00:00,2025-10-03 00:00:00+00:00
1760968800000,1760969100000,1761032100000,1,dip_unconfirmed,4301.595,4264.511432086999,7902.36822338702,4301.545,37.08356791300139,2.6966121554053677,-0.1348306077707589,-0.001348306077707589,breakeven,1050,2.140341516927552,2025-10-20 14:05:00+00:00,2025-10-21 07:35:00+00:00,2025-10-03 00:00:00+00:00
1761003000000,1761003300000,1761024300000,1,dip_unconfirmed,4363.205000000001,4329.946217206253,7597.324496581012,4329.896217206253,33.25878279374774,3.0067245882130966,-100.15033622941121,-1.001503362294112,stop,350,0.255316018408063,2025-10-20 23:35:00+00:00,2025-10-21 05:25:00+00:00,2025-10-03 00:00:00+00:00
1761004800000,1761005100000,1761024900000,1,dip_unconfirmed,4360.9220000000005,4329.094344548662,7449.65988968236,4329.044344548662,31.827655451338615,3.141921658442302,-100.15709608292268,-1.0015709608292267,stop,330,0.3385263490888226,2025-10-21 00:05:00+00:00,2025-10-21 05:35:00+00:00,2025-10-03 00:00:00+00:00
1761015600000,1761015900000,1761032100000,1,dip_unconfirmed,4339.485000000001,4307.980644542982,7419.416190244767,4307.930644542982,31.50435545701839,3.174164287742077,-100.15870821438769,-1.0015870821438768,stop,270,0.3447142416487792,2025-10-21 03:05:00+00:00,2025-10-21 07:35:00+00:00,2025-10-03 00:00:00+00:00
1761021000000,1761021300000,1761032100000,1,dip_unconfirmed,4343.450000000001,4314.978783549902,7125.100428559666,4314.928783549902,28.471216450098837,3.5123191935008755,-100.17561595967568,-1.0017561595967568,stop,180,0.013522428894954093,2025-10-21 04:35:00+00:00,2025-10-21 07:35:00+00:00,2025-10-03 00:00:00+00:00
1761024600000,1761024900000,1761032100000,1,dip_unconfirmed,4333.900000000001,4306.044359285375,7035.10843074787,4305.994359285375,27.855640714625224,3.5899371701580125,-100.17949685850854,-1.0017949685850853,stop,120,0.35342931440203285,2025-10-21 05:35:00+00:00,2025-10-21 07:35:00+00:00,2025-10-03 00:00:00+00:00
1762434000000,1762434300000,1762439400000,1,dip_unconfirmed,4006.185,3990.4610742869854,5482.853645588459,3990.4110742869852,15.723925713014523,6.359734955834285,-100.31798674779287,-1.0031798674779286,stop,85,0.5983238646448544,2025-11-06 13:05:00+00:00,2025-11-06 14:30:00+00:00,2025-10-03 00:00:00+00:00
1762439400000,1762439700000,1762449600000,1,dip_unconfirmed,3992.7549999999997,3974.26508425966,5750.2566582936715,3974.2150842596598,18.48991574033971,5.4083534724730296,-100.27041767362464,-1.0027041767362463,stop,165,0.5318304387156454,2025-11-06 14:35:00+00:00,2025-11-06 17:20:00+00:00,2025-10-03 00:00:00+00:00
1762444800000,1762445100000,1762729500000,1,dip_unconfirmed,3981.1150000000002,3960.781761704983,5914.605591206702,4004.701,20.333238295017054,4.918055773954432,115.99726348448817,1.1599726348448818,timeout,4740,2.2529613500485004,2025-11-06 16:05:00+00:00,2025-11-09 23:05:00+00:00,2025-10-03 00:00:00+00:00
1762450200000,1762450500000,1762729500000,1,dip_unconfirmed,3970.6349999999998,3949.0791685371164,6027.162314825477,4004.701,21.55583146288336,4.639115877862952,158.03612149528053,1.5803612149528052,timeout,4650,2.611358327649054,2025-11-06 17:35:00+00:00,2025-11-09 23:05:00+00:00,2025-10-03 00:00:00+00:00
1762461000000,1762461300000,1762729500000,1,dip_unconfirmed,3983.53,3962.527686171826,5987.759068989164,4004.701,21.00231382817401,4.761380142118095,100.80317898878134,1.0080317898878135,timeout,4470,2.066200912672125,2025-11-06 20:35:00+00:00,2025-11-09 23:05:00+00:00,2025-10-03 00:00:00+00:00
1762462800000,1762463100000,1762729500000,1,dip_unconfirmed,3981.5665000000004,3960.866637159553,5948.702921204223,4004.701,20.699862840447167,4.830949884585793,111.7616101049484,1.117616101049484,timeout,4440,2.1912464033998167,2025-11-06 21:05:00+00:00,2025-11-09 23:05:00+00:00,2025-10-03 00:00:00+00:00
1762484400000,1762484700000,1762535400000,1,dip_unconfirmed,3996.05,3977.3465965109935,5789.686945411646,3996.0,18.703403489006632,5.346620472513324,-0.26733102362663874,-0.0026733102362663875,breakeven,845,1.6507690708884646,2025-11-07 03:05:00+00:00,2025-11-07 17:10:00+00:00,2025-10-03 00:00:00+00:00
1762536600000,1762536900000,1762729500000,1,dip_unconfirmed,3998.54,3975.0594541378227,6264.11404035552,4004.701,23.480545862177223,4.2588447724753,26.23874264322057,0.2623874264322057,timeout,3210,0.43184685992898997,2025-11-07 17:35:00+00:00,2025-11-09 23:05:00+00:00,2025-10-03 00:00:00+00:00
1762552800000,1762729500000,1762902600000,1,dip_unconfirmed,4001.7490000000003,3982.078679886601,5868.710691226492,4128.207499999999,19.670320113399157,5.0838013526725145,642.8898933569288,6.428898933569289,timeout,2885,7.458495802519361,2025-11-09 23:05:00+00:00,2025-11-11 23:10:00+00:00,2025-10-03 00:00:00+00:00
1762741800000,1762742100000,1762915200000,1,dip_unconfirmed,4041.75,4018.6635071415044,6262.312792991115,4127.13,23.086492858495603,4.331537085902633,369.8266363943673,3.6982663639436733,timeout,2885,4.622183224366702,2025-11-10 02:35:00+00:00,2025-11-12 02:40:00+00:00,2025-10-03 00:00:00+00:00
1762768800000,1762769100000,1762874700000,1,dip_unconfirmed,4077.205,4058.158472349874,5907.81123736243,4105.724791475189,19.04652765012588,5.250300833671332,149.73748495831666,1.4973748495831665,ladder_lock_1.50R,1760,3.7411018590325136,2025-11-10 10:05:00+00:00,2025-11-11 15:25:00+00:00,2025-10-03 00:00:00+00:00
1762785000000,1762785300000,1762874400000,1,dip_unconfirmed,4087.055,4067.9325410957717,5908.1784315185805,4115.688688356342,19.122458904228097,5.229452995602431,149.73852735022012,1.4973852735022013,ladder_lock_1.50R,1485,3.211145611949683,2025-11-10 14:35:00+00:00,2025-11-11 15:20:00+00:00,2025-10-03 00:00:00+00:00
1762786800000,1762787100000,1762874700000,1,dip_unconfirmed,4084.087,4064.7291453032167,5953.8146149815375,4113.073782045175,19.357854696783306,5.165861691100357,149.7417069154452,1.4974170691544522,ladder_lock_1.50R,1460,3.325420146412035,2025-11-10 15:05:00+00:00,2025-11-11 15:25:00+00:00,2025-10-03 00:00:00+00:00
1762875000000,1762875300000,1762925700000,1,dip_unconfirmed,4102.150000000001,4081.1500917468034,6126.140917066488,4102.1,20.99990825319719,4.76192556625933,-0.23809627831383268,-0.0023809627831383267,breakeven,840,2.0399374837019955,2025-11-11 15:35:00+00:00,2025-11-12 05:35:00+00:00,2025-10-03 00:00:00+00:00
1762898400000,1762902300000,1762920300000,1,dip_unconfirmed,4129.174,4109.7274802613965,5774.479454121714,4109.677480261396,19.446519738603456,5.142308307305452,-100.25711541536621,-1.0025711541536622,stop,300,0.8132303472588417,2025-11-11 23:05:00+00:00,2025-11-12 04:05:00+00:00,2025-10-03 00:00:00+00:00
1762909200000,1762909500000,1762919700000,1,dip_unconfirmed,4133.745,4115.617036202253,5865.913415976944,4115.567036202253,18.127963797746816,5.516339348185886,-100.27581696741031,-1.002758169674103,stop,170,0.1569398544559025,2025-11-12 01:05:00+00:00,2025-11-12 03:55:00+00:00,2025-10-03 00:00:00+00:00
1762911000000,1762911300000,1762919700000,1,dip_unconfirmed,4131.7185,4113.487176473521,5875.11952912145,4113.437176473521,18.231323526479173,5.485065297358143,-100.2742532648689,-1.002742532648689,stop,140,0.18300920364632334,2025-11-12 01:35:00+00:00,2025-11-12 03:55:00+00:00,2025-10-03 00:00:00+00:00
1762918200000,1762918500000,1762925700000,1,dip_unconfirmed,4120.155,4101.843943715124,5872.449572202666,4101.7939437151235,18.31105628487603,5.461181400146464,-100.27305907000832,-1.0027305907000832,stop,120,0.049068714880329094,2025-11-12 03:35:00+00:00,2025-11-12 05:35:00+00:00,2025-10-03 00:00:00+00:00
1762920000000,1762920300000,1763058900000,1,dip_unconfirmed,4112.625,4094.228876306902,5876.841245616766,4171.442595817914,18.39612369309816,5.435927789369991,319.72820361052857,3.197282036105286,ladder_lock_3.20R,2310,7.183034980873474,2025-11-12 04:05:00+00:00,2025-11-13 18:35:00+00:00,2025-10-03 00:00:00+00:00
1762921800000,1762922100000,1763058900000,1,dip_unconfirmed,4112.164999999999,4093.693599427837,5885.8336566441385,4171.223481830918,18.47140057216211,5.413774640928315,319.7293112679546,3.197293112679546,ladder_lock_3.20R,2280,7.178665173870965,2025-11-12 04:35:00+00:00,2025-11-13 18:35:00+00:00,2025-10-03 00:00:00+00:00
1762923600000,1762923900000,1763058900000,1,dip_unconfirmed,4111.295000000001,4093.1258423258487,5851.041609740981,4169.386304557288,18.169157674152302,5.503832472226349,319.7248083763867,3.197248083763867,ladder_lock_3.20R,2250,7.345965200680421,2025-11-12 05:05:00+00:00,2025-11-13 18:35:00+00:00,2025-10-03 00:00:00+00:00
1762925400000,1762925700000,1763058900000,1,dip_unconfirmed,4106.135000000001,4088.3588535882877,5804.9734947594725,4162.968668517484,17.7761464117134,5.62551622178956,319.7187241889095,3.197187241889095,ladder_lock_3.20R,2220,7.798653138266771,2025-11-12 05:35:00+00:00,2025-11-13 18:35:00+00:00,2025-10-03 00:00:00+00:00
1762941600000,1762941900000,1763045100000,1,dip_unconfirmed,4125.285000000001,4106.01787886145,5977.229992716385,4186.889787643362,19.267121138550465,5.190188989880579,319.740490550505,3.19740490550505,ladder_lock_3.20R,1720,6.201237805109247,2025-11-12 10:05:00+00:00,2025-11-13 14:45:00+00:00,2025-10-03 00:00:00+00:00
1763046000000,1763046300000,1763058900000,1,dip_unconfirmed,4196.1415,4166.691311254412,7052.060185813215,4166.641311254411,29.450188745588093,3.395563976308332,-100.16977819881603,-1.0016977819881603,stop,210,0.4800308793307302,2025-11-13 15:05:00+00:00,2025-11-13 18:35:00+00:00,2025-10-03 00:00:00+00:00
1763058600000,1763058900000,1763058900000,1,dip_unconfirmed,4191.1990000000005,4162.239850335388,6985.054816796641,4162.189850335388,28.959149664612596,3.453140066546832,-100.17265700332797,-1.0017265700332798,stop,0,0.0,2025-11-13 18:35:00+00:00,2025-11-13 18:35:00+00:00,2025-10-03 00:00:00+00:00
1763060400000,1763060700000,1763105400000,1,dip_unconfirmed,4158.668,4125.259646740003,7397.994972739742,4158.6179999999995,33.40835325999706,2.993263368049312,-0.14966316840301008,-0.0014966316840301008,breakeven,745,1.5535635532849552,2025-11-13 19:05:00+00:00,2025-11-14 07:30:00+00:00,2025-10-03 00:00:00+00:00
1763094600000,1763094900000,1763103000000,1,dip_unconfirmed,4198.51,4171.407896937054,6807.618203231708,4171.357896937054,27.1021030629463,3.6897505617089514,-100.18448752808612,-1.0018448752808613,stop,135,0.1870703534786331,2025-11-14 04:35:00+00:00,2025-11-14 06:50:00+00:00,2025-10-03 00:00:00+00:00
1764014400000,1764014700000,1764060900000,1,dip_unconfirmed,4119.294000000001,4097.2813846275085,6228.142921876697,4119.244000000001,22.01261537249229,4.542849557302644,-0.22714247786595856,-0.0022714247786595858,breakeven,770,1.6316098470007843,2025-11-24 20:05:00+00:00,2025-11-25 08:55:00+00:00,2025-10-03 00:00:00+00:00
1764032400000,1764032700000,1764205800000,1,dip_unconfirmed,4130.482,4108.932935119702,6178.139423149474,4157.339999999998,21.54906488029792,4.640572598184014,124.63649884201861,1.2463649884201862,timeout,2885,1.9624053403200774,2025-11-25 01:05:00+00:00,2025-11-27 01:10:00+00:00,2025-10-03 00:00:00+00:00
1764034200000,1764034500000,1764207600000,1,dip_unconfirmed,4128.335000000001,4106.418082611152,6219.109821495931,4152.91,21.91691738884856,4.562685446397699,112.12799484521848,1.1212799484521847,timeout,2885,2.0274292781067946,2025-11-25 01:35:00+00:00,2025-11-27 01:40:00+00:00,2025-10-03 00:00:00+00:00
1764043200000,1764043500000,1764060000000,1,dip_unconfirmed,4143.972,4122.257555125734,6218.502042552351,4122.207555125734,21.71444487426561,4.605229402779381,-100.23026147013981,-1.002302614701398,stop,275,0.343918531799599,2025-11-25 04:05:00+00:00,2025-11-25 08:40:00+00:00,2025-10-03 00:00:00+00:00
1764057600000,1764057900000,1764060900000,1,dip_unconfirmed,4133.3150000000005,4112.884787140541,6078.056073086445,4112.834787140541,20.43021285945906,4.894711606183811,-100.24473558031009,-1.0024473558031008,stop,50,0.2750583187094889,2025-11-25 08:05:00+00:00,2025-11-25 08:55:00+00:00,2025-10-03 00:00:00+00:00
1764075600000,1764075900000,1764249000000,1,dip_unconfirmed,4130.84,4108.278729070362,6281.405822034238,4149.759999999999,22.56127092963834,4.432374413297426,83.86052389958358,0.8386052389958358,timeout,2885,1.8584945914956235,2025-11-25 13:05:00+00:00,2025-11-27 13:10:00+00:00,2025-10-03 00:00:00+00:00
1764082800000,1764083100000,1764256200000,1,dip_unconfirmed,4126.345000000001,4100.515290425307,6607.986247894625,4157.189999999999,25.82970957469388,3.871510816287804,119.41675112838773,1.1941675112838772,timeout,2885,1.7973488964615847,2025-11-25 15:05:00+00:00,2025-11-27 15:10:00+00:00,2025-10-03 00:00:00+00:00
1764095400000,1764095700000,1764268800000,1,dip_unconfirmed,4143.410000000001,4116.687925435979,6709.395381838052,4156.294999999999,26.722074564021568,3.742224420503615,48.218561658183084,0.48218561658183084,timeout,2885,1.098717089859849,2025-11-25 18:35:00+00:00,2025-11-27 18:40:00+00:00,2025-10-03 00:00:00+00:00
1764207000000,1764207300000,1764318600000,1,dip_unconfirmed,4154.5650000000005,4137.981920710677,5728.2898496430735,4154.515,16.583079289323905,6.030243132491048,-0.3015121566256493,-0.003015121566256493,breakeven,1855,2.3002362428886816,2025-11-27 01:35:00+00:00,2025-11-28 08:30:00+00:00,2025-10-03 00:00:00+00:00
1764212400000,1764212700000,1764318600000,1,dip_unconfirmed,4146.1585000000005,4129.514983528191,5735.016630709112,4146.1085,16.643516471809562,6.0083456623711635,-0.3004172831196511,-0.003004172831196511,breakeven,1765,2.796975031018687,2025-11-27 03:05:00+00:00,2025-11-28 08:30:00+00:00,2025-10-03 00:00:00+00:00
1764250200000,1764250500000,1764318600000,1,dip_unconfirmed,4153.060000000001,4139.366254953519,5440.740759601604,4153.010000000001,13.693745046482036,7.302604193415322,-0.3651302096720944,-0.003651302096720944,breakeven,1135,2.895482562689082,2025-11-27 13:35:00+00:00,2025-11-28 08:30:00+00:00,2025-10-03 00:00:00+00:00
1764261000000,1764261300000,1764318600000,1,dip_unconfirmed,4155.04,4141.392230148038,5442.319215344212,4154.99,13.647769851962039,7.3272044505955485,-0.3663602225311102,-0.0036636022253111024,breakeven,955,2.7601579165393484,2025-11-27 16:35:00+00:00,2025-11-28 08:30:00+00:00,2025-10-03 00:00:00+00:00
1764298800000,1764299100000,1764306600000,1,dip_unconfirmed,4189.969999999999,4177.311561011039,5386.655459907241,4177.261561011039,12.65843898896037,7.8998682291877875,-100.39499341146083,-1.0039499341146083,stop,125,0.10309328039099547,2025-11-28 03:05:00+00:00,2025-11-28 05:10:00+00:00,2025-10-03 00:00:00+00:00
1764309600000,1764309900000,1764317100000,1,dip_unconfirmed,4183.27,4168.73867021117,5527.371649094203,4168.68867021117,14.53132978883059,6.881682643859913,-100.34408413219424,-1.0034408413219424,stop,120,0.375258154569648,2025-11-28 06:05:00+00:00,2025-11-28 08:05:00+00:00,2025-10-03 00:00:00+00:00
1764316800000,1764317100000,1764318300000,1,dip_unconfirmed,4175.7300000000005,4161.040715662777,5524.96914938514,4160.990715662777,14.689284337223398,6.8076835946728105,-100.34038417973487,-1.0034038417973488,stop,20,0.0,2025-11-28 08:05:00+00:00,2025-11-28 08:25:00+00:00,2025-10-03 00:00:00+00:00
1764318600000,1764318900000,1764319500000,1,dip_unconfirmed,4171.309,4149.116378829722,5717.9784958576165,4149.0663788297215,22.19262117027847,4.50600220824412,-100.22530011041303,-1.0022530011041304,stop,10,0.0,2025-11-28 08:35:00+00:00,2025-11-28 08:45:00+00:00,2025-10-03 00:00:00+00:00
1764547200000,1764547500000,1764566700000,1,dip_unconfirmed,4222.585,4201.598397870489,6245.758610821563,4222.535,20.986602129511084,4.764944767279945,-0.238247238364864,-0.00238247238364864,breakeven,320,1.5837723417485219,2025-12-01 00:05:00+00:00,2025-12-01 05:25:00+00:00,2025-10-03 00:00:00+00:00
1764594000000,1764594300000,1764600000000,1,dip_unconfirmed,4247.22,4226.032010149978,6284.330995152162,4225.982010149978,21.18798985002195,4.719654894487143,-100.23598274472522,-1.0023598274472523,stop,95,0.7947898842316418,2025-12-01 13:05:00+00:00,2025-12-01 14:40:00+00:00,2025-10-03 00:00:00+00:00
1764599400000,1764599700000,1764600300000,1,dip_unconfirmed,4247.435,4224.746091217019,6406.286969515063,4224.696091217019,22.688908782981343,4.407439818128614,-100.22037199090724,-1.0022037199090723,stop,10,0.0,2025-12-01 14:35:00+00:00,2025-12-01 14:45:00+00:00,2025-10-03 00:00:00+00:00
1764601200000,1764601500000,1764637500000,1,dip_unconfirmed,4240.935,4215.862834701518,6645.579364549698,4215.812834701518,25.072165298482105,3.988486786422635,-100.19942433932185,-1.0019942433932185,stop,600,0.13082236659465227,2025-12-01 15:05:00+00:00,2025-12-02 01:05:00+00:00,2025-10-03 00:00:00+00:00
1764603000000,1764603300000,1764637800000,1,dip_unconfirmed,4228.87,4202.072346508552,6817.837695653285,4202.022346508552,26.797653491447818,3.7316700147613266,-100.18658350073873,-1.0018658350073872,stop,575,0.5726247637651352,2025-12-01 15:35:00+00:00,2025-12-02 01:10:00+00:00,2025-10-03 00:00:00+00:00
1764635400000,1764635700000,1764637800000,1,dip_unconfirmed,4226.01,4204.509518178379,6280.057700340487,4204.459518178379,21.50048182162118,4.651058559043018,-100.232552927953,-1.00232552927953,stop,35,0.14720600339370982,2025-12-02 00:35:00+00:00,2025-12-02 01:10:00+00:00,2025-10-03 00:00:00+00:00
1764734400000,1764734700000,1764741000000,1,dip_unconfirmed,4221.865,4203.0798866600435,6017.591220655776,4203.029886660043,18.785113339956297,5.323364208151892,-100.26616821040855,-1.0026616821040855,stop,105,0.1579175992348499,2025-12-03 04:05:00+00:00,2025-12-03 05:50:00+00:00,2025-10-03 00:00:00+00:00
1764739800000,1764740100000,1764741000000,1,dip_unconfirmed,4221.1935,4203.737483962141,5887.839087748076,4203.6874839621405,17.456016037859627,5.728684012612853,-100.28643420063169,-1.0028643420063168,stop,15,0.0,2025-12-03 05:35:00+00:00,2025-12-03 05:50:00+00:00,2025-10-03 00:00:00+00:00
1764741600000,1764741900000,1764773700000,1,dip_unconfirmed,4208.458500000002,4189.59434225056,6006.310117194651,4208.408500000001,18.8641577494418,5.30105829945994,-0.2650529149739613,-0.0026505291497396126,breakeven,530,1.7255739923486317,2025-12-03 06:05:00+00:00,2025-12-03 14:55:00+00:00,2025-10-03 00:00:00+00:00
1764747000000,1764747300000,1764781200000,1,dip_unconfirmed,4203.14,4185.5195752275795,5897.562052469619,4203.09,17.620424772420847,5.675232083877915,-0.2837616041949281,-0.0028376160419492807,breakeven,565,2.1492103901645603,2025-12-03 07:35:00+00:00,2025-12-03 17:00:00+00:00,2025-10-03 00:00:00+00:00
1764774000000,1764774300000,1764817500000,1,dip_unconfirmed,4211.844999999999,4189.132867790487,6528.3460887418005,4189.0828677904865,22.712132209512674,4.402933158257873,-100.22014665791369,-1.0022014665791368,stop,720,0.7533418633779477,2025-12-03 15:05:00+00:00,2025-12-04 03:05:00+00:00,2025-10-03 00:00:00+00:00
1764869400000,1764869700000,1764951300000,1,dip_unconfirmed,4211.81,4191.3370357314225,6182.633462589194,4211.76,20.472964268577925,4.884490525560132,-0.24422452627889507,-0.0024422452627889508,breakeven,1360,2.2957105470132175,2025-12-04 17:35:00+00:00,2025-12-05 16:15:00+00:00,2025-10-03 00:00:00+00:00
1764874800000,1764875100000,1764951300000,1,dip_unconfirmed,4208.625000000001,4189.274973579422,6062.777615637175,4208.575000000001,19.350026420578615,5.167951599985968,-0.25839758000023844,-0.0025839758000023843,breakeven,1270,2.5935365104528847,2025-12-04 19:05:00+00:00,2025-12-05 16:15:00+00:00,2025-10-03 00:00:00+00:00
1764876600000,1764876900000,1764951300000,1,dip_unconfirmed,4205.485000000001,4186.060332609463,6071.0270716630785,4205.435,19.424667390537252,5.148093297531319,-0.25740466487750235,-0.0025740466487750237,breakeven,1240,2.7452207509085196,2025-12-04 19:35:00+00:00,2025-12-05 16:15:00+00:00,2025-10-03 00:00:00+00:00
1764885600000,1764889500000,1764951300000,1,dip_unconfirmed,4209.96,4192.36462341875,5733.9022815437875,4209.91,17.595376581250093,5.683311154963375,-0.28416555774920255,-0.0028416555774920253,breakeven,1030,2.776297499199578,2025-12-04 23:05:00+00:00,2025-12-05 16:15:00+00:00,2025-10-03 00:00:00+00:00
1764891000000,1764891300000,1764951000000,1,dip_unconfirmed,4208.625000000001,4193.300507460267,5665.749761433506,4231.561738809602,15.32449253973391,6.525501561680839,149.67372492191475,1.4967372492191475,ladder_lock_1.50R,995,3.2748229587294366,2025-12-04 23:35:00+00:00,2025-12-05 16:10:00+00:00,2025-10-03 00:00:00+00:00
1764952200000,1764952500000,1764969900000,1,dip_unconfirmed,4217.365000000001,4192.764133158104,6581.850817347722,4192.714133158104,24.600866841896277,4.064897413683648,-100.20324487068493,-1.0020324487068493,stop,290,0.0768265611185973,2025-12-05 16:35:00+00:00,2025-12-05 21:25:00+00:00,2025-10-03 00:00:00+00:00
1764954000000,1764954300000,1765148700000,1,dip_unconfirmed,4214.775000000001,4190.451337932525,6553.817544680032,4193.88,24.323662067475198,4.111223043742115,-85.90400549899329,-0.8590400549899329,timeout,3240,0.18418279235962878,2025-12-05 17:05:00+00:00,2025-12-07 23:05:00+00:00,2025-10-03 00:00:00+00:00
1764961200000,1764961500000,1765148700000,1,dip_unconfirmed,4209.652,4186.352161018608,6447.136059157801,4193.88,23.299838981391986,4.291875153294548,-67.69145491776133,-0.6769145491776133,timeout,3120,0.029871451066965336,2025-12-05 19:05:00+00:00,2025-12-07 23:05:00+00:00,2025-10-03 00:00:00+00:00
1764966600000,1764966900000,1765148700000,1,dip_unconfirmed,4203.665,4182.289803483193,6261.309455163888,4193.88,21.37519651680668,4.6783195617113025,-45.77735691134441,-0.45777356911344413,timeout,3030,0.0591807424556633,2025-12-05 20:35:00+00:00,2025-12-07 23:05:00+00:00,2025-10-03 00:00:00+00:00
1764968400000,1764968700000,1765148700000,1,dip_unconfirmed,4202.72,4182.038388948679,6199.199494080748,4193.88,20.681611051320942,4.835213260313827,-42.743285221174936,-0.42743285221174937,timeout,3000,0.0,2025-12-05 21:05:00+00:00,2025-12-07 23:05:00+00:00,2025-10-03 00:00:00+00:00
1765328400000,1765328700000,1765357500000,1,dip_unconfirmed,4209.017,4194.858142002445,5544.5439417579655,4194.808142002445,14.15885799755506,7.0627164999654575,-100.35313582499955,-1.0035313582499956,stop,480,0.6566913801668366,2025-12-10 01:05:00+00:00,2025-12-10 09:05:00+00:00,2025-10-03 00:00:00+00:00
1765333800000,1765334100000,1765354500000,1,dip_unconfirmed,4214.465,4199.757834905019,5591.824344403144,4199.707834905019,14.707165094981065,6.799406911813738,-100.33997034559192,-1.0033997034559192,stop,340,0.26177716610485363,2025-12-10 02:35:00+00:00,2025-12-10 08:15:00+00:00,2025-10-03 00:00:00+00:00
1765339200000,1765339500000,1765360800000,1,dip_unconfirmed,4206.974999999999,4192.3871861466205,5593.1685714845935,4192.33718614662,14.587813853378975,6.855036745402191,-100.34275183727135,-1.0034275183727135,stop,355,0.4728604346978526,2025-12-10 04:05:00+00:00,2025-12-10 10:00:00+00:00,2025-10-03 00:00:00+00:00
1765350000000,1765350300000,1765357500000,1,dip_unconfirmed,4207.940000000001,4194.193926664562,5513.30126020834,4194.143926664562,13.746073335439178,7.274804779499241,-100.36374023897629,-1.003637402389763,stop,120,0.055652256563060686,2025-12-10 07:05:00+00:00,2025-12-10 09:05:00+00:00,2025-10-03 00:00:00+00:00
1765416600000,1765416900000,1765422600000,1,dip_unconfirmed,4236.825000000001,4215.091138143347,6327.4773238087,4215.041138143347,21.733861856653675,4.601115101382025,-100.23005575506993,-1.0023005575506994,stop,95,0.1575881922223009,2025-12-11 01:35:00+00:00,2025-12-11 03:10:00+00:00,2025-10-03 00:00:00+00:00
1765422000000,1765422300000,1765555200000,1,dip_unconfirmed,4222.858500000001,4201.598988156316,6274.700172524669,4290.838937899793,21.259511843684777,4.703776866339732,319.76481115668383,3.1976481115668385,ladder_lock_3.20R,2215,6.114510105207974,2025-12-11 03:05:00+00:00,2025-12-12 16:00:00+00:00,2025-10-03 00:00:00+00:00
1765423800000,1765424100000,1765555200000,1,dip_unconfirmed,4213.69,4191.569131859436,6338.805945915768,4284.426778049802,22.12086814056329,4.520618239960884,319.773969088002,3.1977396908800197,ladder_lock_3.20R,2185,6.290892342729601,2025-12-11 03:35:00+00:00,2025-12-12 16:00:00+00:00,2025-10-03 00:00:00+00:00
1765432800000,1765433100000,1765556700000,1,dip_unconfirmed,4208.12,4188.259884497505,6105.27143474708,4271.622369607985,19.86011550249532,5.035217443092692,319.7482391278463,3.1974823912784633,ladder_lock_3.20R,2060,7.287470205388076,2025-12-11 06:05:00+00:00,2025-12-12 16:25:00+00:00,2025-10-03 00:00:00+00:00
1765450800000,1765451100000,1765556700000,1,dip_unconfirmed,4217.64,4200.469731468973,5860.4965845716815,4272.534859299288,17.170268531027432,5.824020737899096,319.70879896310294,3.1970879896310294,ladder_lock_3.20R,1760,7.874658439713369,2025-12-11 11:05:00+00:00,2025-12-12 16:25:00+00:00,2025-10-03 00:00:00+00:00
1765452600000,1765452900000,1765557600000,1,dip_unconfirmed,4215.3550000000005,4198.744036364046,5810.840399959428,4268.460083635054,16.61096363595425,6.020120336881064,319.69899398315374,3.1969899398315373,ladder_lock_3.20R,1745,8.277364457194613,2025-12-11 11:35:00+00:00,2025-12-12 16:40:00+00:00,2025-10-03 00:00:00+00:00
1765555200000,1765555500000,1765557900000,1,dip_unconfirmed,4291.238,4259.243990501213,7382.6449403799215,4259.193990501213,31.99400949878691,3.1255851194202973,-100.15627925597158,-1.001562792559716,stop,40,0.14508966124348474,2025-12-12 16:05:00+00:00,2025-12-12 16:45:00+00:00,2025-10-03 00:00:00+00:00
1765557000000,1765557300000,1765557900000,1,dip_unconfirmed,4290.670000000001,4257.429134036841,7505.01573035279,4257.379134036841,33.240865963160104,3.0083452131128934,-100.1504172606562,-1.0015041726065619,stop,10,0.0,2025-12-12 16:35:00+00:00,2025-12-12 16:45:00+00:00,2025-10-03 00:00:00+00:00
1765558800000,1765559100000,1765753500000,1,dip_unconfirmed,4282.679999999999,4247.059553034209,7728.104249613303,4301.163,35.62044696579051,2.807376339102059,51.88873687562385,0.5188873687562385,timeout,3240,0.5807057957432722,2025-12-12 17:05:00+00:00,2025-12-14 23:05:00+00:00,2025-10-03 00:00:00+00:00
1765758600000,1765758900000,1765815000000,1,dip_unconfirmed,4302.820000000001,4276.830748442135,6814.255904228605,4302.77,25.989251557865828,3.847744509969711,-0.19238722549918544,-0.0019238722549918543,breakeven,935,1.804976949626751,2025-12-15 00:35:00+00:00,2025-12-15 16:10:00+00:00,2025-10-03 00:00:00+00:00
1765805400000,1765805700000,1765808700000,1,dip_unconfirmed,4340.35,4324.147355650532,5882.411790597333,4324.097355650531,16.202644349468756,6.17183206908314,-100.30859160345528,-1.0030859160345529,stop,50,0.22558046212497307,2025-12-15 13:35:00+00:00,2025-12-15 14:25:00+00:00,2025-10-03 00:00:00+00:00
1765807200000,1765807500000,1765811100000,1,dip_unconfirmed,4332.735000000001,4315.682758818351,5959.406876983241,4315.632758818351,17.05224118164915,5.864331786933407,-100.29321658934774,-1.0029321658934773,stop,60,0.20671769548932792,2025-12-15 14:05:00+00:00,2025-12-15 15:05:00+00:00,2025-10-03 00:00:00+00:00
1765809000000,1765809300000,1765814700000,1,dip_unconfirmed,4325.598,4307.808276045612,6052.980671484434,4307.758276045612,17.789723954388137,5.621222693302855,-100.28106113466616,-1.0028106113466615,stop,90,0.5110815672750756,2025-12-15 14:35:00+00:00,2025-12-15 16:05:00+00:00,2025-10-03 00:00:00+00:00
1765810800000,1765811100000,1765815000000,1,dip_unconfirmed,4324.527,4305.042684899497,6179.7741949498195,4304.992684899496,19.48431510050341,5.1323333401345135,-100.25661666700766,-1.0025661666700767,stop,65,0.14514238685902608,2025-12-15 15:05:00+00:00,2025-12-15 16:10:00+00:00,2025-10-03 00:00:00+00:00
1765902600000,1765902900000,1766069400000,1,dip_unconfirmed,4308.335,4284.456796829246,6617.777113904778,4308.285,23.878203170754205,4.187919806398123,-0.20939599032066794,-0.0020939599032066794,breakeven,2775,1.6917102057945401,2025-12-16 16:35:00+00:00,2025-12-18 14:50:00+00:00,2025-10-03 00:00:00+00:00
1765904400000,1765904700000,1766077800000,1,dip_unconfirmed,4301.175000000001,4276.624882770013,6677.636605768732,4329.08,24.550117229988246,4.073300304971614,113.66544501022814,1.1366544501022815,timeout,2885,2.968824927278496,2025-12-16 17:05:00+00:00,2025-12-18 17:10:00+00:00,2025-10-03 00:00:00+00:00
1765920600000,1765920900000,1766077800000,1,dip_unconfirmed,4302.97,4281.052101625368,6414.341939088597,4335.796847561948,21.917898374632387,4.562481232951571,149.77187593834952,1.4977187593834953,ladder_lock_1.50R,2615,3.2434679085052367,2025-12-16 21:35:00+00:00,2025-12-18 17:10:00+00:00,2025-10-03 00:00:00+00:00
1765922400000,1765926300000,1766099400000,1,dip_unconfirmed,4304.9349999999995,4281.329451509269,6316.884300582278,4334.165999999999,23.605548490730143,4.236292159839871,123.83105612427828,1.2383105612427827,timeout,2885,2.9283369554893106,2025-12-16 23:05:00+00:00,2025-12-18 23:10:00+00:00,2025-10-03 00:00:00+00:00
1765940400000,1765940700000,1766063400000,1,dip_unconfirmed,4315.097000000001,4296.014395263905,6136.224868873367,4315.0470000000005,19.082604736096073,5.240374748780655,-0.262018737439986,-0.00262018737439986,breakeven,2045,1.7624952392573878,2025-12-17 03:05:00+00:00,2025-12-18 13:10:00+00:00,2025-10-03 00:00:00+00:00
1766079000000,1766079300000,1766358300000,1,dip_unconfirmed,4328.710000000001,4299.989545910296,7099.534954880764,4339.064499999999,28.720454089704617,3.4818390993284076,36.05270295398779,0.3605270295398779,timeout,4650,0.9536757293059989,2025-12-18 17:35:00+00:00,2025-12-21 23:05:00+00:00,2025-10-03 00:00:00+00:00
1766084400000,1766084700000,1766358300000,1,dip_unconfirmed,4332.522,4304.018163762726,7087.551787490176,4339.064499999999,28.5038362372743,3.5082996957872843,22.953050759683585,0.22953050759683585,timeout,4560,0.8271869022727091,2025-12-18 19:05:00+00:00,2025-12-21 23:05:00+00:00,2025-10-03 00:00:00+00:00
1766095200000,1766099100000,1766358300000,1,dip_unconfirmed,4335.924000000001,4307.766370715792,6648.6292991366445,4339.064499999999,28.15762928420918,3.5514353495690094,11.153282715313308,0.11153282715313308,timeout,4320,0.7165375961289924,2025-12-18 23:05:00+00:00,2025-12-21 23:05:00+00:00,2025-10-03 00:00:00+00:00
1766100600000,1766100900000,1766107800000,1,dip_unconfirmed,4334.888500000001,4311.575344236092,6562.040920626875,4311.525344236092,23.31315576390898,4.28942357751539,-100.21447117887655,-1.0021447117887654,stop,115,0.06504910855297003,2025-12-18 23:35:00+00:00,2025-12-19 01:30:00+00:00,2025-10-03 00:00:00+00:00
1766106000000,1766106300000,1766358300000,1,dip_unconfirmed,4326.9800000000005,4305.729299302731,6348.149369029599,4339.064499999999,21.250700697269167,4.705727186344051,56.86636018336581,0.5686636018336582,timeout,4200,1.3703077566633397,2025-12-19 01:05:00+00:00,2025-12-21 23:05:00+00:00,2025-10-03 00:00:00+00:00
1766172600000,1766172900000,1766358300000,1,dip_unconfirmed,4348.280000000001,4330.964768172851,6011.4879508877675,4339.064499999999,17.315231827149546,5.775261977330517,-53.22192675210132,-0.5322192675210132,timeout,3090,0.07643559226988872,2025-12-19 19:35:00+00:00,2025-12-21 23:05:00+00:00,2025-10-03 00:00:00+00:00
1766390400000,1766390700000,1766502000000,1,dip_unconfirmed,4415.267,4396.678930583041,6171.985872279082,4443.099104125438,18.588069416959115,5.379794843501253,149.73101025782395,1.4973101025782396,ladder_lock_1.50R,1855,4.397874688665432,2025-12-22 08:05:00+00:00,2025-12-23 15:00:00+00:00,2025-10-03 00:00:00+00:00
1766392200000,1766392500000,1766502000000,1,dip_unconfirmed,4414.3935,4396.283792684251,6119.9045242591465,4441.508060973623,18.109707315748892,5.521900396095092,149.72390498019425,1.4972390498019426,ladder_lock_1.50R,1825,4.5622769357597175,2025-12-22 08:35:00+00:00,2025-12-23 15:00:00+00:00,2025-10-03 00:00:00+00:00
1766394000000,1766394300000,1766502300000,1,dip_unconfirmed,4409.133000000001,4391.061236063948,6117.137629669207,4436.190645904079,18.071763936052776,5.5334941488750955,149.72332529255272,1.4972332529255272,ladder_lock_1.50R,1800,4.86294532791439,2025-12-22 09:05:00+00:00,2025-12-23 15:05:00+00:00,2025-10-03 00:00:00+00:00
1766417400000,1766417700000,1766502000000,1,dip_unconfirmed,4418.900000000001,4401.099643938357,6109.135250102644,4445.550534092466,17.80035606164347,5.617865151331541,149.71910674243242,1.497191067424324,ladder_lock_1.50R,1405,4.388395362962621,2025-12-22 15:35:00+00:00,2025-12-23 15:00:00+00:00,2025-10-03 00:00:00+00:00
1766462400000,1766462700000,1766499000000,1,dip_unconfirmed,4487.5435,4467.934145587394,6358.019586848063,4467.8841455873935,19.60935441260608,5.099606947575691,-100.25498034737971,-1.0025498034737972,stop,605,0.47553834786147026,2025-12-23 04:05:00+00:00,2025-12-23 14:10:00+00:00,2025-10-03 00:00:00+00:00
1766500200000,1766500500000,1766502000000,1,dip_unconfirmed,4465.76,4444.616557838659,6486.460773972781,4444.566557838659,21.143442161341227,4.72959886270744,-100.23647994313623,-1.0023647994313623,stop,25,0.0,2025-12-23 14:35:00+00:00,2025-12-23 15:00:00+00:00,2025-10-03 00:00:00+00:00
1766502000000,1766502300000,1766545200000,1,dip_unconfirmed,4447.265,4424.243589421611,6657.384647260444,4481.7471158675835,23.021410578388895,4.343782482810759,149.78281087585867,1.4978281087585867,ladder_lock_1.50R,715,3.389323157862753,2025-12-23 15:05:00+00:00,2025-12-24 03:00:00+00:00,2025-10-03 00:00:00+00:00
1766503800000,1766504100000,1766545200000,1,dip_unconfirmed,4443.4085000000005,4418.916261605782,6804.140101027553,4480.0968575913275,24.492238394218475,4.082926125021123,149.79585369374635,1.4979585369374635,ladder_lock_1.50R,685,3.3432428135816674,2025-12-23 15:35:00+00:00,2025-12-24 03:00:00+00:00,2025-10-03 00:00:00+00:00
1766527200000,1766531100000,1766588100000,1,dip_unconfirmed,4489.034000000001,4463.153690972063,6606.784593765806,4463.103690972062,25.880309027937983,3.86394149668187,-100.1931970748348,-1.001931970748348,stop,950,1.4009879078669052,2025-12-23 23:05:00+00:00,2025-12-24 14:55:00+00:00,2025-10-03 00:00:00+00:00
1766543400000,1766543700000,1766545200000,1,dip_unconfirmed,4507.856000000001,4483.516614946196,6835.855120326645,4483.4666149461955,24.339385053805017,4.10856723696751,-100.20542836184912,-1.0020542836184911,stop,25,0.15195535925922335,2025-12-24 02:35:00+00:00,2025-12-24 03:00:00+00:00,2025-10-03 00:00:00+00:00
1766545200000,1766545500000,1766591100000,1,dip_unconfirmed,4478.880000000001,4450.72521387861,7169.703826017592,4450.67521387861,28.154786121391226,3.5517939851804727,-100.17758969925967,-1.0017758969925967,stop,760,0.777789605844722,2025-12-24 03:05:00+00:00,2025-12-24 15:45:00+00:00,2025-10-03 00:00:00+00:00
1766556000000,1766556300000,1766588100000,1,dip_unconfirmed,4489.55,4463.057542332117,7022.303309120389,4463.007542332117,26.492457667883173,3.774659235229432,-100.18873296176216,-1.0018873296176216,stop,530,0.36123488881144566,2025-12-24 06:05:00+00:00,2025-12-24 14:55:00+00:00,2025-10-03 00:00:00+00:00
1766557800000,1766558100000,1766588100000,1,dip_unconfirmed,4488.468500000001,4462.736217879823,6948.964429897496,4462.686217879823,25.732282120177842,3.886169113682517,-100.19430845568483,-1.0019430845568484,stop,500,0.4139353031438557,2025-12-24 06:35:00+00:00,2025-12-24 14:55:00+00:00,2025-10-03 00:00:00+00:00
1766714400000,1766714700000,1766963100000,1,dip_unconfirmed,4504.860500000001,4477.373182179553,7162.0549642243495,4539.825999999999,27.48731782044797,3.6380413925148214,127.20593630997126,1.2720593630997126,timeout,4140,1.6190193707038938,2025-12-26 02:05:00+00:00,2025-12-28 23:05:00+00:00,2025-10-03 00:00:00+00:00
1766716200000,1766716500000,1766963100000,1,dip_unconfirmed,4503.160000000001,4475.576526309584,7133.923895351194,4539.825999999999,27.583473690417122,3.6253591959573015,132.92742027896443,1.3292742027896443,timeout,4110,1.6750247093081347,2025-12-26 02:35:00+00:00,2025-12-28 23:05:00+00:00,2025-10-03 00:00:00+00:00
1766721600000,1766721900000,1766963100000,1,dip_unconfirmed,4502.982500000001,4475.816999381252,7094.467061256045,4539.825999999999,27.16550061874932,3.6811395969997744,135.62606674205432,1.3562606674205433,timeout,4020,1.7073309507864547,2025-12-26 04:05:00+00:00,2025-12-28 23:05:00+00:00,2025-10-03 00:00:00+00:00
1766727000000,1766727300000,1766963100000,1,dip_unconfirmed,4508.522000000001,4483.680237296141,6856.656507682044,4539.825999999999,24.841762703859786,4.025479238011662,126.01360206671009,1.2601360206671008,timeout,3930,1.6440459755963202,2025-12-26 05:35:00+00:00,2025-12-28 23:05:00+00:00,2025-10-03 00:00:00+00:00
1766734200000,1766734500000,1766770500000,1,dip_unconfirmed,4510.618,4487.125472183858,6721.078253798092,4510.568,23.492527816142683,4.256672622998274,-0.212833631150688,-0.00212833631150688,breakeven,600,1.6492478077806767,2025-12-26 07:35:00+00:00,2025-12-26 17:35:00+00:00,2025-10-03 00:00:00+00:00
1766770200000,1766770500000,1766963100000,1,dip_unconfirmed,4519.17,4493.360532839942,6984.307248845785,4539.825999999999,25.809467160058375,3.874547249652473,80.03264798881776,0.8003264798881776,timeout,3210,0.6152781032448169,2025-12-26 17:35:00+00:00,2025-12-28 23:05:00+00:00,2025-10-03 00:00:00+00:00
1766966400000,1766966700000,1766967900000,1,dip_unconfirmed,4528.428500000001,4501.849414119617,7033.058002157917,4501.799414119617,26.5790858803839,3.7623566306997325,-100.18811783153568,-1.0018811783153567,stop,20,0.0,2025-12-29 00:05:00+00:00,2025-12-29 00:25:00+00:00,2025-10-03 00:00:00+00:00
1766968200000,1766968500000,1766991900000,1,dip_unconfirmed,4488.734000000001,4457.124205968215,7455.203609146631,4457.074205968215,31.609794031785896,3.1635764503698725,-100.15817882251908,-1.0015817882251907,stop,390,0.9862765941672661,2025-12-29 00:35:00+00:00,2025-12-29 07:05:00+00:00,2025-10-03 00:00:00+00:00
1766988000000,1766988300000,1766991300000,1,dip_unconfirmed,4507.450000000001,4479.342132726138,7209.128860112425,4479.292132726137,28.10786727386312,3.55772279076427,-100.17788613953886,-1.0017788613953886,stop,50,0.0897257687830402,2025-12-29 06:05:00+00:00,2025-12-29 06:55:00+00:00,2025-10-03 00:00:00+00:00
1767618000000,1767618300000,1767765000000,1,dip_unconfirmed,4410.370000000001,4386.982989717543,6661.6840179631545,4445.400515423687,23.387010282457595,4.275877882304998,149.78620610588203,1.4978620610588202,ladder_lock_1.50R,2445,3.826055529086494,2026-01-05 13:05:00+00:00,2026-01-07 05:50:00+00:00,2026-01-03 00:00:00+00:00
1767619800000,1767620100000,1767791400000,1,dip_unconfirmed,4400.532,4375.404919023433,6803.413016680065,4438.172621464851,25.127080976567413,3.979769878294112,149.80101150608274,1.4980101150608274,ladder_lock_1.50R,2855,3.952627847724155,2026-01-05 13:35:00+00:00,2026-01-07 13:10:00+00:00,2026-01-03 00:00:00+00:00
1767637800000,1767638100000,1767768600000,1,dip_unconfirmed,4441.85,4414.298285226664,7119.469762560291,4441.8,27.551714773336244,3.6295381548003363,-0.181476907740677,-0.0018147690774067702,breakeven,2175,2.105132129784195,2026-01-05 18:35:00+00:00,2026-01-07 06:50:00+00:00,2026-01-03 00:00:00+00:00
1767643200000,1767643500000,1767788400000,1,dip_unconfirmed,4440.471500000001,4414.263212697879,6970.441942909958,4440.4215,26.20828730212179,3.8155869877046156,-0.19077934938592483,-0.0019077934938592483,breakeven,2415,2.2656383194941774,2026-01-05 20:05:00+00:00,2026-01-07 12:20:00+00:00,2026-01-03 00:00:00+00:00
1767657600000,1767657900000,1767768600000,1,dip_unconfirmed,4441.3600000000015,4418.133650334103,6669.26861692385,4441.310000000001,23.22634966589885,4.305454857885867,-0.21527274289507653,-0.002152727428950765,breakeven,1845,2.518260546377395,2026-01-06 00:05:00+00:00,2026-01-07 06:50:00+00:00,2026-01-03 00:00:00+00:00
1767898800000,1767899100000,1768172700000,1,dip_unconfirmed,4450.2215,4426.9940109928775,6684.592911705091,4519.358,23.22748900712213,4.305243669229054,297.6494789376568,2.976494789376568,timeout,4560,2.8527836125412445,2026-01-08 19:05:00+00:00,2026-01-11 23:05:00+00:00,2026-01-03 00:00:00+00:00
1767900600000,1767900900000,1768172700000,1,dip_unconfirmed,4448.530000000001,4425.9922959219575,6613.762703726165,4519.358,22.537704078043134,4.437009184862926,314.26448654546914,3.1426448654546912,timeout,4530,3.0151474065276287,2026-01-08 19:35:00+00:00,2026-01-11 23:05:00+00:00,2026-01-03 00:00:00+00:00
1767916800000,1767917100000,1767921000000,1,dip_unconfirmed,4476.4800000000005,4455.835177798634,6454.317397935252,4455.785177798633,20.64482220136688,4.843829558066093,-100.24219147790419,-1.0024219147790419,stop,65,0.0,2026-01-09 00:05:00+00:00,2026-01-09 01:10:00+00:00,2026-01-03 00:00:00+00:00
1767918600000,1767918900000,1768172700000,1,dip_unconfirmed,4466.500000000001,4445.349307955874,6493.418512368459,4519.358,21.150692044127027,4.727977684671896,249.9114444563836,2.499114444563836,timeout,4230,2.363256005794761,2026-01-09 00:35:00+00:00,2026-01-11 23:05:00+00:00,2026-01-03 00:00:00+00:00
1767920400000,1767920700000,1768172700000,1,dip_unconfirmed,4463.933500000001,4442.47300024474,6467.822975770707,4519.358,21.46049975526057,4.6597237315262054,258.2628579579703,2.582628579579703,timeout,4200,2.4487314181542694,2026-01-09 01:05:00+00:00,2026-01-11 23:05:00+00:00,2026-01-03 00:00:00+00:00
1767922200000,1767922500000,1768172700000,1,dip_unconfirmed,4458.3135,4436.84432165583,6500.262156072789,4519.358,21.46917834417036,4.6578401090581805,284.335520537402,2.84335520537402,timeout,4170,2.7095121698402047,2026-01-09 01:35:00+00:00,2026-01-11 23:05:00+00:00,2026-01-03 00:00:00+00:00
1768183200000,1768183500000,1768336500000,1,dip_unconfirmed,4571.167000000001,4539.358658096724,7628.492848424305,4571.117000000001,31.808341903277324,3.1438293861427797,-0.15719146930771086,-0.0015719146930771085,breakeven,2550,1.971055271936017,2026-01-12 02:05:00+00:00,2026-01-13 20:35:00+00:00,2026-01-03 00:00:00+00:00
1768185000000,1768185300000,1768358400000,1,dip_unconfirmed,4567.441500000001,4535.88732537553,7592.65478782256,4620.395,31.55417462447076,3.1691527726555844,167.8177313468163,1.6781773134681628,timeout,2885,2.1049988088893836,2026-01-12 02:35:00+00:00,2026-01-14 02:40:00+00:00,2026-01-03 00:00:00+00:00
1768192200000,1768192500000,1768336800000,1,dip_unconfirmed,4569.5305,4540.292236100857,7388.41862601521,4569.4805,29.23826389914302,3.420175710327692,-0.17100878551700674,-0.0017100878551700675,breakeven,2405,2.2002845388465464,2026-01-12 04:35:00+00:00,2026-01-13 20:40:00+00:00,2026-01-03 00:00:00+00:00
1768194000000,1768194300000,1768336800000,1,dip_unconfirmed,4569.5155,4541.336683522223,7284.168331299848,4569.4655,28.178816477777218,3.548765083120628,-0.1774382541566769,-0.0017743825415667692,breakeven,2375,2.283541611861009,2026-01-12 05:05:00+00:00,2026-01-13 20:40:00+00:00,2026-01-03 00:00:00+00:00
1768212000000,1768212300000,1768254300000,1,dip_unconfirmed,4589.845,4564.953373776543,6992.115996122231,4589.795,24.891626223457024,4.017415298714529,-0.20087076493645722,-0.0020087076493645723,breakeven,700,1.600136513477994,2026-01-12 10:05:00+00:00,2026-01-12 21:45:00+00:00,2026-01-03 00:00:00+00:00
1768266000000,1768266300000,1768327200000,1,dip_unconfirmed,4588.0650000000005,4561.211219910429,7175.589228867555,4588.015,26.853780089571956,3.7238705190273262,-0.1861935259520437,-0.001861935259520437,breakeven,1015,1.7054582203040927,2026-01-13 01:05:00+00:00,2026-01-13 18:00:00+00:00,2026-01-03 00:00:00+00:00
1768327200000,1768327500000,1768440900000,1,dip_unconfirmed,4591.580000000001,4560.118246750762,7601.643571674499,4591.530000000001,31.461753249238427,3.1784624082391413,-0.15892312041253523,-0.0015892312041253522,breakeven,1890,1.6149767496262915,2026-01-13 18:05:00+00:00,2026-01-15 01:35:00+00:00,2026-01-03 00:00:00+00:00
1768338000000,1768338300000,1768440900000,1,dip_unconfirmed,4587.168000000001,4557.272104197961,7441.211684401824,4587.118,29.895895802039377,3.344940745785527,-0.1672470372898848,-0.001672470372898848,breakeven,1710,1.8471431786376755,2026-01-13 21:05:00+00:00,2026-01-15 01:35:00+00:00,2026-01-03 00:00:00+00:00
1768377600000,1768377900000,1768402200000,1,dip_unconfirmed,4633.0650000000005,4610.613689461577,6797.2447433037905,4610.563689461577,22.45131053842306,4.454082973413089,-100.22270414867147,-1.0022270414867147,stop,405,0.36761773821060006,2026-01-14 08:05:00+00:00,2026-01-14 14:50:00+00:00,2026-01-03 00:00:00+00:00
1768379400000,1768379700000,1768403100000,1,dip_unconfirmed,4625.818,4603.151211642894,6814.880047353528,4603.101211642894,22.66678835710627,4.411741020586579,-100.22058705103014,-1.0022058705103014,stop,390,0.6838419168959871,2026-01-14 08:35:00+00:00,2026-01-14 15:05:00+00:00,2026-01-03 00:00:00+00:00
1768390200000,1768390500000,1768402200000,1,dip_unconfirmed,4630.97,4609.6038601225,6672.717847872549,4609.5538601225,21.366139877500245,4.680302599034543,-100.23401512995257,-1.0023401512995256,stop,195,0.4843411144610499,2026-01-14 11:35:00+00:00,2026-01-14 14:50:00+00:00,2026-01-03 00:00:00+00:00
1768402800000,1768403100000,1768440900000,1,dip_unconfirmed,4618.0765,4594.3625720319405,6914.105368837847,4594.31257203194,23.71392796805958,4.216931085170308,-100.21084655425928,-1.0021084655425927,stop,630,1.0252835393928914,2026-01-14 15:05:00+00:00,2026-01-15 01:35:00+00:00,2026-01-03 00:00:00+00:00
1768440600000,1768440900000,1768577400000,1,dip_unconfirmed,4601.712000000001,4574.699730015204,7181.226728494774,4574.649730015204,27.012269984797058,3.7020213427557778,-100.18510106713846,-1.0018510106713847,stop,2275,0.8292527807772471,2026-01-15 01:35:00+00:00,2026-01-16 15:30:00+00:00,2026-01-03 00:00:00+00:00
1768509000000,1768509300000,1768569600000,1,dip_unconfirmed,4606.0415,4583.887647073409,6706.972939732488,4583.837647073409,22.153852926590844,4.513887508929516,-100.2256943754473,-1.002256943754473,stop,1005,0.6174772417840627,2026-01-15 20:35:00+00:00,2026-01-16 13:20:00+00:00,2026-01-03 00:00:00+00:00
1768786200000,1768786500000,1768959600000,1,dip_unconfirmed,4663.125000000001,4624.533644096777,8411.51923441917,4818.6849999999995,38.59135590322421,2.591253861376901,403.09545067578705,4.030954506757871,timeout,2885,4.48014836362758,2026-01-19 01:35:00+00:00,2026-01-21 01:40:00+00:00,2026-01-03 00:00:00+00:00
1768788000000,1768788300000,1768961400000,1,dip_unconfirmed,4658.075,4620.594419518436,8300.652467674954,4829.482499999999,37.480580481564175,2.6680483256972947,457.3234933869573,4.573234933869573,timeout,2885,4.950296863498759,2026-01-19 02:05:00+00:00,2026-01-21 02:10:00+00:00,2026-01-03 00:00:00+00:00
1768809600000,1768809900000,1768983000000,1,dip_unconfirmed,4665.835000000001,4639.364299700716,7227.434329629044,4859.275000000001,26.470700299284545,3.777761784515494,730.7702395966757,7.307702395966756,timeout,2885,8.382985621502318,2026-01-19 08:05:00+00:00,2026-01-21 08:10:00+00:00,2026-01-03 00:00:00+00:00
1768820400000,1768820700000,1768993800000,1,dip_unconfirmed,4664.465,4641.709199567028,6855.7892428643045,4863.57,22.755800432972137,4.3944839600150685,874.9637288587983,8.749637288587984,timeout,2885,9.811718144464253,2026-01-19 11:05:00+00:00,2026-01-21 11:10:00+00:00,2026-01-03 00:00:00+00:00
1768851000000,1768863900000,1769037000000,1,dip_unconfirmed,4673.774,4654.357819355375,6243.075883817947,4801.576,19.416180644625456,5.150343511440328,658.2242014490952,6.5822420144909515,timeout,2885,11.019906742535742,2026-01-19 23:05:00+00:00,2026-01-21 23:10:00+00:00,2026-01-03 00:00:00+00:00
1769007600000,1769007900000,1769009100000,1,dip_unconfirmed,4852.740000000001,4816.213804368355,8398.833367532794,4816.163804368355,36.52619563164535,2.7377611675868754,-100.13688805837984,-1.0013688805837984,stop,20,0.4249005332094452,2026-01-21 15:05:00+00:00,2026-01-21 15:25:00+00:00,2026-01-03 00:00:00+00:00
1769009400000,1769009700000,1769024400000,1,dip_unconfirmed,4831.866500000001,4789.861461199187,8915.865341280449,4789.811461199187,42.00503880081396,2.3806667689130245,-100.11903333844609,-1.001190333384461,stop,245,0.5539454471245085,2026-01-21 15:35:00+00:00,2026-01-21 19:40:00+00:00,2026-01-03 00:00:00+00:00
1769014800000,1769015100000,1769024400000,1,dip_unconfirmed,4834.259999999999,4789.573205814365,9188.752624377968,4789.523205814365,44.686794185634426,2.2377975825383163,-100.11188987912733,-1.0011188987912734,stop,155,0.4314026179617421,2026-01-21 17:05:00+00:00,2026-01-21 19:40:00+00:00,2026-01-03 00:00:00+00:00
1769016600000,1769016900000,1769024400000,1,dip_unconfirmed,4822.013500000001,4777.672048256194,9146.817222636688,4777.622048256194,44.34145174380683,2.255226116135609,-100.1127613058072,-1.001127613058072,stop,125,0.710948756981139,2026-01-21 17:35:00+00:00,2026-01-21 19:40:00+00:00,2026-01-03 00:00:00+00:00
1769040000000,1769040300000,1769382300000,1,dip_unconfirmed,4779.005,4723.604752159128,10191.62953624631,5011.6759999999995,55.400247840872,1.8050460764585996,419.9818756556977,4.199818756556977,timeout,5700,3.7971851787421453,2026-01-22 00:05:00+00:00,2026-01-25 23:05:00+00:00,2026-01-03 00:00:00+00:00
1769070600000,1769070900000,1769382300000,1,dip_unconfirmed,4826.8815,4793.103373352974,8121.416038055655,5011.6759999999995,33.77812664702651,2.9604957387061903,547.0833297863383,5.470833297863383,timeout,5190,4.8104651183876195,2026-01-22 08:35:00+00:00,2026-01-25 23:05:00+00:00,2026-01-03 00:00:00+00:00
1769076000000,1769076300000,1769382300000,1,dip_unconfirmed,4823.725,4791.555386573063,7955.016729266872,5011.6759999999995,32.16961342693776,3.1085235210275592,584.250104300648,5.84250104300648,timeout,5100,5.149113786406113,2026-01-22 10:05:00+00:00,2026-01-25 23:05:00+00:00,2026-01-03 00:00:00+00:00
1769112000000,1769112300000,1769157000000,1,dip_unconfirmed,4912.305000000001,4881.15751631582,7945.905884733818,4912.255000000001,31.14748368418077,3.2105322219267474,-0.16052661109692137,-0.0016052661109692138,breakeven,745,1.7544274379940819,2026-01-22 20:05:00+00:00,2026-01-23 08:30:00+00:00,2026-01-03 00:00:00+00:00
1769157000000,1769157300000,1769382300000,1,dip_unconfirmed,4914.205000000001,4881.911114869891,8042.299627880727,5011.6759999999995,32.29388513010963,3.0965614572885096,301.8249418033641,3.018249418033641,timeout,3750,2.327530419370907,2026-01-23 08:35:00+00:00,2026-01-25 23:05:00+00:00,2026-01-03 00:00:00+00:00
1769202000000,1769202300000,1769382300000,1,dip_unconfirmed,4981.56,4948.403153117623,8206.08784135527,5011.6759999999995,33.15684688237707,3.0159683263835984,90.82890211736566,0.9082890211736566,timeout,3000,0.2282484829407171,2026-01-23 21:05:00+00:00,2026-01-25 23:05:00+00:00,2026-01-03 00:00:00+00:00
1769398200000,1769398500000,1769454300000,1,dip_unconfirmed,5080.06,5041.744665783997,8818.278087384291,5041.694665783997,38.315334216003066,2.6099211202556405,-100.13049605601326,-1.0013049605601325,stop,930,0.7943294929497909,2026-01-26 03:35:00+00:00,2026-01-26 19:05:00+00:00,2026-01-03 00:00:00+00:00
1769400000000,1769400300000,1769454300000,1,dip_unconfirmed,5077.275000000001,5039.764332513711,8742.831081142553,5039.714332513711,37.510667486289094,2.6659083055920565,-100.13329541528009,-1.0013329541528009,stop,900,0.8856147391176636,2026-01-26 04:05:00+00:00,2026-01-26 19:05:00+00:00,2026-01-03 00:00:00+00:00
1769401800000,1769402100000,1769454300000,1,dip_unconfirmed,5072.900000000001,5036.967523048446,8573.215218203808,5036.917523048446,35.932476951554236,2.7829976801995713,-100.13914988401048,-1.0013914988401047,stop,870,1.0462679778710107,2026-01-26 04:35:00+00:00,2026-01-26 19:05:00+00:00,2026-01-03 00:00:00+00:00
1769403600000,1769403900000,1769455500000,1,dip_unconfirmed,5070.99,5035.486985687843,8531.28841690354,5035.436985687843,35.503014312156665,2.816662245091645,-100.1408331122551,-1.001408331122551,stop,860,1.1127224199234576,2026-01-26 05:05:00+00:00,2026-01-26 19:25:00+00:00,2026-01-03 00:00:00+00:00
1769490000000,1769490300000,1769663400000,1,dip_unconfirmed,5068.410000000001,5021.827055601657,9628.121495435917,5558.204999999999,46.5829443983439,2.146708442147233,1051.4470614215002,10.514470614215002,timeout,2885,11.346856812657624,2026-01-27 05:05:00+00:00,2026-01-29 05:10:00+00:00,2026-01-03 00:00:00+00:00
1769491800000,1769492100000,1769665200000,1,dip_unconfirmed,5065.2,5020.090123058682,9461.077817190482,5553.344999999999,45.10987694131745,2.216809416928537,1082.1244328265798,10.821244328265799,timeout,2885,11.788549117342589,2026-01-27 05:35:00+00:00,2026-01-29 05:40:00+00:00,2026-01-03 00:00:00+00:00
1769502600000,1769502900000,1769676000000,1,dip_unconfirmed,5078.340000000001,5038.37110405897,8964.26069816206,5511.179999999999,39.968895941031406,2.5019455165220528,1082.9420973714011,10.829420973714011,timeout,2885,12.97609022688996,2026-01-27 08:35:00+00:00,2026-01-29 08:40:00+00:00,2026-01-03 00:00:00+00:00
1769511600000,1769511900000,1769523600000,1,dip_unconfirmed,5086.995000000001,5052.246842854478,8472.562557406685,5052.196842854478,34.74815714552278,2.877850459269169,-100.14389252296398,-1.0014389252296398,stop,195,0.1569867425531049,2026-01-27 11:05:00+00:00,2026-01-27 14:20:00+00:00,2026-01-03 00:00:00+00:00
1769522400000,1769522700000,1769695800000,1,dip_unconfirmed,5078.09,5045.401554896819,8255.24606521488,5536.335,32.68844510318104,3.0591849714585724,1401.856217246033,14.018562172460332,timeout,2885,15.873804898401398,2026-01-27 14:05:00+00:00,2026-01-29 14:10:00+00:00,2026-01-03 00:00:00+00:00
1769524200000,1769524500000,1769697600000,1,dip_unconfirmed,5060.265,5025.390515261332,8445.338989128108,5531.049499999999,34.87448473866789,2.8674258773814283,1349.9396579700738,13.499396579700738,timeout,2885,15.389904797787738,2026-01-27 14:35:00+00:00,2026-01-29 14:40:00+00:00,2026-01-03 00:00:00+00:00
1769671800000,1769672100000,1769699100000,1,dip_unconfirmed,5542.898,5468.0093187198945,12836.5774467304,5467.959318719894,74.88868128010563,1.3353152744934935,-100.06676576372492,-1.000667657637249,stop,450,0.1901088356296276,2026-01-29 07:35:00+00:00,2026-01-29 15:05:00+00:00,2026-01-03 00:00:00+00:00
1769677200000,1769677500000,1769699400000,1,dip_unconfirmed,5510.6,5436.605395855542,12771.565810301283,5436.555395855542,73.99460414445821,1.3514498949784497,-100.06757249474917,-1.0006757249474918,stop,365,0.5198554738518791,2026-01-29 09:05:00+00:00,2026-01-29 15:10:00+00:00,2026-01-03 00:00:00+00:00
1769682600000,1769682900000,1769699100000,1,dip_unconfirmed,5510.376500000001,5443.408437570929,12162.064680478084,5443.358437570929,66.96806242907223,1.4932491156648413,-100.07466245578351,-1.0007466245578351,stop,270,0.5777380828507076,2026-01-29 10:35:00+00:00,2026-01-29 15:05:00+00:00,2026-01-03 00:00:00+00:00
1769700600000,1769700900000,1769739300000,1,dip_unconfirmed,5193.9035,5071.475387216128,16992.58666560328,5193.8535,122.42811278387217,0.8168058604034392,-0.04084029302032054,-0.00040840293020320535,breakeven,640,2.0933631514228614,2026-01-29 15:35:00+00:00,2026-01-30 02:15:00+00:00,2026-01-03 00:00:00+00:00
1769702400000,1769702700000,1769739600000,1,dip_unconfirmed,5184.530500000002,5050.202538129262,18312.44872520304,5184.4805000000015,134.32796187073927,0.744446640947532,-0.03722233204751201,-0.0003722233204751201,breakeven,615,1.977693224108,2026-01-29 16:05:00+00:00,2026-01-30 02:20:00+00:00,2026-01-03 00:00:00+00:00
1770193800000,1770194100000,1770204000000,1,dip_unconfirmed,5085.217000000001,5024.640785601492,10986.06222545225,5024.590785601492,60.576214398508455,1.650812963354512,-100.08254064816803,-1.0008254064816804,stop,165,0.015038906096160565,2026-02-04 08:35:00+00:00,2026-02-04 11:20:00+00:00,2026-01-03 00:00:00+00:00
1770195600000,1770195900000,1770204000000,1,dip_unconfirmed,5084.403499999999,5025.901158058528,10796.935352205655,5025.851158058528,58.50234194147106,1.70933327934197,-100.08546666396741,-1.000854666639674,stop,135,0.029477452402272297,2026-02-04 09:05:00+00:00,2026-02-04 11:20:00+00:00,2026-01-03 00:00:00+00:00
1770197400000,1770197700000,1770216000000,1,dip_unconfirmed,5058.025000000001,4998.59468248292,10836.126434190955,4998.54468248292,59.430317517080766,1.682642869462361,-100.08413214347343,-1.0008413214347343,stop,305,0.12070438624089569,2026-02-04 09:35:00+00:00,2026-02-04 14:40:00+00:00,2026-01-03 00:00:00+00:00
1770217200000,1770217500000,1770219300000,1,dip_unconfirmed,4987.9035,4923.698092604826,11175.188832122194,4923.648092604826,64.205407395174,1.557501214570854,-100.07787506072883,-1.0007787506072883,stop,30,0.29222616538385365,2026-02-04 15:05:00+00:00,2026-02-04 15:35:00+00:00,2026-01-03 00:00:00+00:00
1770598800000,1770599100000,1770772200000,1,dip_unconfirmed,5022.1885,4967.200099790504,10238.190120740084,5041.074999999999,54.98840020949592,1.8185653632223882,34.346334732497276,0.34346334732497275,timeout,2885,1.159908267143672,2026-02-09 01:05:00+00:00,2026-02-11 01:10:00+00:00,2026-01-03 00:00:00+00:00
1770600600000,1770600900000,1770774000000,1,dip_unconfirmed,5018.423000000001,4962.80102123404,10377.19889783008,5041.08,55.6219787659611,1.797850458013494,40.73389782721037,0.4073389782721037,timeout,2885,1.2143940488743505,2026-02-09 01:35:00+00:00,2026-02-11 01:40:00+00:00,2026-01-03 00:00:00+00:00
1770602400000,1770602700000,1770775800000,1,dip_unconfirmed,4984.21,4925.802019717323,10616.600047985077,5040.038499999999,58.40798028267727,1.7120948116341244,95.5836851913135,0.955836851913135,timeout,2885,1.7422276803188732,2026-02-09 02:05:00+00:00,2026-02-11 02:10:00+00:00,2026-01-03 00:00:00+00:00
1770624000000,1770624300000,1770797400000,1,dip_unconfirmed,5007.170000000001,4956.638391785418,9935.799213243627,5052.8665,50.531608214582775,1.978959378758527,90.43151725143726,0.9043151725143725,timeout,2885,1.5594199904616868,2026-02-09 08:05:00+00:00,2026-02-11 08:10:00+00:00,2026-01-03 00:00:00+00:00
1770631200000,1770631500000,1770804600000,1,dip_unconfirmed,5008.714999999999,4958.958097141382,9852.148383003188,5065.188,49.75690285861765,2.0097713936123838,113.49781991147388,1.1349781991147387,timeout,2885,1.5526488901352493,2026-02-09 10:05:00+00:00,2026-02-11 10:10:00+00:00,2026-01-03 00:00:00+00:00
1770773400000,1770773700000,1770816900000,1,dip_unconfirmed,5038.5585,5002.6551121002,8515.643902080195,5038.5085,35.90338789979978,2.7852524747548313,-0.1392626237382482,-0.0013926262373824818,breakeven,720,2.2216009314386937,2026-02-11 01:35:00+00:00,2026-02-11 13:35:00+00:00,2026-01-03 00:00:00+00:00
1770796800000,1770797100000,1770813900000,1,dip_unconfirmed,5056.195,5025.109192220687,8089.189970151994,5056.1449999999995,31.085807779312745,3.216902089530029,-0.16084510447708658,-0.0016084510447708657,breakeven,280,1.9985486766518834,2026-02-11 08:05:00+00:00,2026-02-11 12:45:00+00:00,2026-01-03 00:00:00+00:00
1770798600000,1770798900000,1770813900000,1,dip_unconfirmed,5052.785000000001,5021.903035633495,8011.09947228399,5052.735000000001,30.8819643665056,3.2381359816754216,-0.1619067990843601,-0.0016190679908436008,breakeven,250,2.1221609876306884,2026-02-11 08:35:00+00:00,2026-02-11 12:45:00+00:00,2026-01-03 00:00:00+00:00
1770814800000,1770815100000,1770816900000,1,dip_unconfirmed,5084.540000000001,5044.020519852328,8996.968534619544,5043.970519852328,40.519480147672766,2.4679487405946765,-100.12339743703018,-1.0012339743703018,stop,30,0.11624038568196526,2026-02-11 13:05:00+00:00,2026-02-11 13:35:00+00:00,2026-01-03 00:00:00+00:00
1770816600000,1770816900000,1770816900000,1,dip_unconfirmed,5085.168500000001,5042.871982720018,9087.823710718149,5042.821982720018,42.296517279982254,2.3642608524491253,-100.11821304262288,-1.001182130426229,stop,0,0.0,2026-02-11 13:35:00+00:00,2026-02-11 13:35:00+00:00,2026-01-03 00:00:00+00:00
1770818400000,1770818700000,1770912900000,1,dip_unconfirmed,5066.775000000001,5018.789305382874,9729.858767095424,5018.739305382874,47.98569461712668,2.083954411786482,-100.1041977205897,-1.001041977205897,stop,1570,0.6632184915510442,2026-02-11 14:05:00+00:00,2026-02-12 16:15:00+00:00,2026-01-03 00:00:00+00:00
1770823800000,1770824100000,1770912900000,1,dip_unconfirmed,5049.84,4998.00404771362,10111.599276351546,4997.95404771362,51.835952286380234,1.9291629764516691,-100.09645814882293,-1.0009645814882293,stop,1480,0.9406598673178381,2026-02-11 15:35:00+00:00,2026-02-12 16:15:00+00:00,2026-01-03 00:00:00+00:00
1770854400000,1770854700000,1770912900000,1,dip_unconfirmed,5062.483499999999,5019.145859564464,9243.55990311798,5019.095859564464,43.33764043553492,2.3074629581818322,-100.11537314790951,-1.001153731479095,stop,970,0.47532583207069357,2026-02-12 00:05:00+00:00,2026-02-12 16:15:00+00:00,2026-01-03 00:00:00+00:00
1770856200000,1770856500000,1770912900000,1,dip_unconfirmed,5061.905500000001,5019.033298167003,9198.20348146671,5018.983298167002,42.872201832998144,2.3325137437431867,-100.1166256871876,-1.001166256871876,stop,940,0.49396809808120823,2026-02-12 00:35:00+00:00,2026-02-12 16:15:00+00:00,2026-01-03 00:00:00+00:00
1770867000000,1770867300000,1770912900000,1,dip_unconfirmed,5060.929999999999,5023.052263436841,8731.32591975282,5023.002263436841,37.87773656315858,2.640073274527815,-100.13200366372688,-1.0013200366372688,stop,760,0.5848554325061773,2026-02-12 03:35:00+00:00,2026-02-12 16:15:00+00:00,2026-01-03 00:00:00+00:00
1771488000000,1771488300000,1771495800000,1,dip_unconfirmed,5011.05,4987.965231009668,7227.442130042802,4987.915231009668,23.084768990332122,4.331860545881135,-100.21659302729485,-1.0021659302729484,stop,125,0.459826996945273,2026-02-19 08:05:00+00:00,2026-02-19 10:10:00+00:00,2026-01-03 00:00:00+00:00
1771495200000,1771495500000,1771508100000,1,dip_unconfirmed,4996.490000000001,4972.152329208328,7338.919408375463,4972.102329208328,24.33767079167228,4.108856630364866,-100.205442831519,-1.00205442831519,stop,210,0.0,2026-02-19 10:05:00+00:00,2026-02-19 13:35:00+00:00,2026-01-03 00:00:00+00:00
1771497000000,1771497300000,1771511700000,1,dip_unconfirmed,4987.71,4963.11787712202,7344.330164920064,4963.06787712202,24.59212287797982,4.066342726741237,-100.2033171363378,-1.002033171363378,stop,240,0.4115138839462087,2026-02-19 10:35:00+00:00,2026-02-19 14:35:00+00:00,2026-01-03 00:00:00+00:00
1771502400000,1771502700000,1771801500000,1,dip_unconfirmed,4985.3949999999995,4960.017240902725,7411.293150630249,5114.586,25.377759097274975,3.94045824206511,509.0717407506365,5.090717407506364,timeout,4980,4.773116473195901,2026-02-19 12:05:00+00:00,2026-02-22 23:05:00+00:00,2026-01-03 00:00:00+00:00
1771507800000,1771508100000,1771801500000,1,dip_unconfirmed,4984.753500000001,4959.185576990994,7409.627877891644,5114.586,25.567923009006336,3.9111507010082462,507.7944733886513,5.077944733886513,timeout,4890,4.762705987385233,2026-02-19 13:35:00+00:00,2026-02-22 23:05:00+00:00,2026-01-03 00:00:00+00:00
1771518600000,1771518900000,1771600200000,1,dip_unconfirmed,4998.955000000001,4964.372861449672,8380.586716482434,4998.905000000001,34.58213855032864,2.891666166176114,-0.1445833083093317,-0.0014458330830933168,breakeven,1355,1.8604980113176897,2026-02-19 16:35:00+00:00,2026-02-20 15:10:00+00:00,2026-01-03 00:00:00+00:00
1771520400000,1771520700000,1771600200000,1,dip_unconfirmed,4996.160000000001,4960.778228488982,8399.455379590836,4996.110000000001,35.381771511019,2.826314108349743,-0.14131570541800126,-0.0014131570541800126,breakeven,1325,1.8974459766405805,2026-02-19 17:05:00+00:00,2026-02-20 15:10:00+00:00,2026-01-03 00:00:00+00:00
1771522200000,1771522500000,1771600200000,1,dip_unconfirmed,4995.080000000001,4960.872497882626,8291.122709620066,4995.030000000001,34.20750211737504,2.9233353448864343,-0.14616676724485347,-0.0014616676724485348,breakeven,1295,1.9941532055142588,2026-02-19 17:35:00+00:00,2026-02-20 15:10:00+00:00,2026-01-03 00:00:00+00:00
1771808400000,1771808700000,1771896000000,1,dip_unconfirmed,5145.63,5102.9648969482905,9275.475202119298,5145.58,42.66510305170959,2.3438358950827145,-0.11719179475456207,-0.0011719179475456207,breakeven,1455,2.4169284174708805,2026-02-23 01:05:00+00:00,2026-02-24 01:20:00+00:00,2026-01-03 00:00:00+00:00
1771830000000,1771830300000,1771895700000,1,dip_unconfirmed,5146.6835,5114.92473811545,8202.950926570493,5194.271642826825,31.75876188455004,3.1487373583240306,149.84256313208323,1.4984256313208322,ladder_lock_1.50R,1090,3.2137587847734377,2026-02-23 07:05:00+00:00,2026-02-24 01:15:00+00:00,2026-01-03 00:00:00+00:00
1771831800000,1771832100000,1771895700000,1,dip_unconfirmed,5137.400000000001,5103.648542535774,8385.794288958306,5187.97718619634,33.751457464226405,2.962835015524626,149.85185824922323,1.4985185824922322,ladder_lock_1.50R,1060,3.2990723472614403,2026-02-23 07:35:00+00:00,2026-02-24 01:15:00+00:00,2026-01-03 00:00:00+00:00
1771848000000,1771848300000,1771895400000,1,dip_unconfirmed,5150.3550000000005,5120.180773829933,8085.103390836613,5195.566339255101,30.174226170067413,3.314086645880556,149.83429566770536,1.4983429566770536,ladder_lock_1.50R,785,3.2608458439144887,2026-02-23 12:05:00+00:00,2026-02-24 01:10:00+00:00,2026-01-03 00:00:00+00:00
1771855200000,1771855500000,1771895700000,1,dip_unconfirmed,5147.1,5117.304957032401,8029.8092537922985,5191.7425644514,29.79504296759933,3.3562629900801006,149.83218685049692,1.4983218685049693,ladder_lock_1.50R,670,3.4115909854715794,2026-02-23 14:05:00+00:00,2026-02-24 01:15:00+00:00,2026-01-03 00:00:00+00:00
1771896600000,1771896900000,1771941000000,1,dip_unconfirmed,5166.825,5125.3919499517915,9105.346954772713,5125.341949951791,41.433050048208315,2.413532189487563,-100.12067660947481,-1.0012067660947481,stop,735,0.582469790949979,2026-02-24 01:35:00+00:00,2026-02-24 13:50:00+00:00,2026-01-03 00:00:00+00:00
1771905600000,1771905900000,1771940400000,1,dip_unconfirmed,5173.093500000001,5134.914956216067,8861.919334609322,5134.864956216067,38.17854378393349,2.6192722427009527,-100.13096361213552,-1.0013096361213552,stop,575,0.3153996671048185,2026-02-24 04:05:00+00:00,2026-02-24 13:40:00+00:00,2026-01-03 00:00:00+00:00
1771907400000,1771907700000,1771940400000,1,dip_unconfirmed,5173.043500000001,5135.526530772063,8799.723453565792,5135.476530772063,37.51696922793781,2.665460511813755,-100.13327302559117,-1.0013327302559116,stop,545,0.32229415778594794,2026-02-24 04:35:00+00:00,2026-02-24 13:40:00+00:00,2026-01-03 00:00:00+00:00
1771909200000,1771909500000,1771940400000,1,dip_unconfirmed,5169.155000000001,5132.9241000026295,8676.014099739676,5132.874100002629,36.230899997371125,2.7600749638362805,-100.13800374819232,-1.0013800374819233,stop,515,0.4410599792210256,2026-02-24 05:05:00+00:00,2026-02-24 13:40:00+00:00,2026-01-03 00:00:00+00:00
1772006400000,1772006700000,1772053200000,1,dip_unconfirmed,5185.490000000001,5154.361258397911,8198.235418606782,5154.311258397911,31.128741602089576,3.2124652283819692,-100.16062326141969,-1.0016062326141968,stop,775,1.0148177656458688,2026-02-25 08:05:00+00:00,2026-02-25 21:00:00+00:00,2026-01-03 00:00:00+00:00
1772017200000,1772017500000,1772053200000,1,dip_unconfirmed,5175.78,5146.219911129233,8038.228798205886,5146.169911129233,29.560088870766776,3.382939761689764,-100.1691469880851,-1.001691469880851,stop,595,1.3971541215779093,2026-02-25 11:05:00+00:00,2026-02-25 21:00:00+00:00,2026-01-03 00:00:00+00:00
1772019000000,1772019300000,1772119800000,1,dip_unconfirmed,5169.7300000000005,5139.134203191431,8121.213884048315,5139.084203191431,30.595796808569503,3.268422804141229,-100.16342114020765,-1.0016342114020764,stop,1675,1.547598197760884,2026-02-25 11:35:00+00:00,2026-02-26 15:30:00+00:00,2026-01-03 00:00:00+00:00
1772029800000,1772030100000,1772053200000,1,dip_unconfirmed,5178.585000000001,5150.28084427742,7906.6964165354275,5150.23084427742,28.304155722580617,3.533050092719125,-100.1766525046366,-1.001766525046366,stop,385,1.3600476331922233,2026-02-25 14:35:00+00:00,2026-02-25 21:00:00+00:00,2026-01-03 00:00:00+00:00
1772087400000,1772087700000,1772103600000,1,dip_unconfirmed,5194.871999999999,5165.8138634970865,7982.777513788502,5165.763863497086,29.05813650291293,3.4413769096987865,-100.17206884548557,-1.0017206884548557,stop,265,0.09845779338650933,2026-02-26 06:35:00+00:00,2026-02-26 11:00:00+00:00,2026-01-03 00:00:00+00:00
1772089200000,1772089500000,1772103600000,1,dip_unconfirmed,5194.060000000001,5166.03940896158,7897.098512803621,5165.98940896158,28.020591038421117,3.5688040934926235,-100.17844020467528,-1.0017844020467528,stop,235,0.007137608186946297,2026-02-26 07:05:00+00:00,2026-02-26 11:00:00+00:00,2026-01-03 00:00:00+00:00
1772091000000,1772091300000,1772107500000,1,dip_unconfirmed,5185.95,5157.851594035752,7875.692190460524,5157.801594035752,28.09840596424783,3.558920749000464,-100.17794603745067,-1.0017794603745067,stop,270,0.15356743031938816,2026-02-26 07:35:00+00:00,2026-02-26 12:05:00+00:00,2026-01-03 00:00:00+00:00
1772103600000,1772103900000,1772116500000,1,dip_unconfirmed,5172.25,5145.642227840017,7742.419443838355,5145.592227840017,26.607772159983142,3.758300371738577,-100.18791501858762,-1.0018791501858761,stop,210,0.5629933956864566,2026-02-26 11:05:00+00:00,2026-02-26 14:35:00+00:00,2026-01-03 00:00:00+00:00
1772155800000,1772156100000,1772406300000,1,dip_unconfirmed,5175.73,5144.044555363301,8231.5890190332,5333.365999999999,31.685444636698776,3.1560232512621207,497.50288123595413,4.975028812359541,timeout,4170,3.300616456518702,2026-02-27 01:35:00+00:00,2026-03-01 23:05:00+00:00,2026-01-03 00:00:00+00:00
1772161200000,1772161500000,1772406300000,1,dip_unconfirmed,5184.555,5152.501651287599,8279.836522527678,5333.365999999999,32.0533487124012,3.119798835911043,464.2603845707544,4.642603845707544,timeout,4080,2.9874101723091426,2026-02-27 03:05:00+00:00,2026-03-01 23:05:00+00:00,2026-01-03 00:00:00+00:00
1772175600000,1772175900000,1772406300000,1,dip_unconfirmed,5186.49,5160.392422991115,7703.650123879615,5333.365999999999,26.0975770088844,3.831773346849671,562.7955420918895,5.627955420918895,timeout,3840,3.5950272306145643,2026-02-27 07:05:00+00:00,2026-03-01 23:05:00+00:00,2026-01-03 00:00:00+00:00
1772177400000,1772177700000,1772406300000,1,dip_unconfirmed,5179.410000000001,5153.3033213488925,7689.971186459631,5333.365999999999,26.10667865110827,3.8304374653094695,589.7188304091782,5.897188304091782,timeout,3810,3.8649688590591973,2026-02-27 07:35:00+00:00,2026-03-01 23:05:00+00:00,2026-01-03 00:00:00+00:00
1772179200000,1772179500000,1772406300000,1,dip_unconfirmed,5177.153500000001,5151.466655538257,7609.8011017125245,5333.365999999999,25.68684446174393,3.893043388374642,608.1420403064652,6.081420403064652,timeout,3780,4.015985698579456,2026-02-27 08:05:00+00:00,2026-03-01 23:05:00+00:00,2026-01-03 00:00:00+00:00
1772413200000,1772413500000,1772467500000,1,dip_unconfirmed,5349.1735,5298.707888259435,10185.419062315905,5298.657888259435,50.46561174056478,1.9815473656414426,-100.09907736828244,-1.0009907736828243,stop,900,1.37403466654627,2026-03-02 01:05:00+00:00,2026-03-02 16:05:00+00:00,2026-01-03 00:00:00+00:00
1772415000000,1772415300000,1772461800000,1,dip_unconfirmed,5309.215,5255.9647533837615,10424.839415007633,5309.165,53.250246616238655,1.8779255750809052,-0.09389627875438686,-0.0009389627875438686,breakeven,775,2.0525726535634328,2026-03-02 01:35:00+00:00,2026-03-02 14:30:00+00:00,2026-01-03 00:00:00+00:00
1772427600000,1772427900000,1772461800000,1,dip_unconfirmed,5357.045,5310.152659065591,9908.38675250653,5310.102659065591,46.89234093440882,2.1325444199912327,-100.10662722099995,-1.0010662722099994,stop,565,1.3108750549686161,2026-03-02 05:05:00+00:00,2026-03-02 14:30:00+00:00,2026-01-03 00:00:00+00:00
1772429400000,1772429700000,1772461800000,1,dip_unconfirmed,5351.725,5306.097111989477,9792.385913041775,5306.047111989476,45.62788801052375,2.1916420934700223,-100.10958210467389,-1.0010958210467389,stop,535,1.4637977542286271,2026-03-02 05:35:00+00:00,2026-03-02 14:30:00+00:00,2026-01-03 00:00:00+00:00
1772447400000,1772447700000,1772461500000,1,dip_unconfirmed,5390.86,5349.786425262656,9378.643898997057,5349.736425262656,41.07357473734373,2.4346553870579197,-100.12173276935334,-1.0012173276935334,stop,230,0.6161260655258269,2026-03-02 10:35:00+00:00,2026-03-02 14:25:00+00:00,2026-01-03 00:00:00+00:00
1772515800000,1772516100000,1772517300000,1,dip_unconfirmed,5359.9,5318.06655477107,9412.411077664143,5318.016554771069,41.83344522893003,2.3904318530964486,-100.11952159265526,-1.0011952159265527,stop,20,0.0,2026-03-03 05:35:00+00:00,2026-03-03 05:55:00+00:00,2026-01-03 00:00:00+00:00
1772517600000,1772517900000,1772530200000,1,dip_unconfirmed,5320.318500000001,5273.570372287421,9853.033143545266,5273.520372287421,46.748127712579844,2.1391231027438593,-100.10695615513757,-1.0010695615513756,stop,205,0.3217562014991845,2026-03-03 06:05:00+00:00,2026-03-03 09:30:00+00:00,2026-01-03 00:00:00+00:00
1772519400000,1772519700000,1772530200000,1,dip_unconfirmed,5317.71,5268.050917124035,10148.959204720602,5268.0009171240345,49.659082875965396,2.013730302868707,-100.1006865151438,-1.001006865151438,stop,175,0.3554233984563194,2026-03-03 06:35:00+00:00,2026-03-03 09:30:00+00:00,2026-01-03 00:00:00+00:00
1772521200000,1772521500000,1772530200000,1,dip_unconfirmed,5311.0914999999995,5261.399423043746,10198.957118669114,5261.349423043745,49.69207695625391,2.0123932450646875,-100.10061966225359,-1.0010061966225359,stop,145,0.48837765467852634,2026-03-03 07:05:00+00:00,2026-03-03 09:30:00+00:00,2026-01-03 00:00:00+00:00
1773138600000,1773138900000,1773166800000,1,dip_unconfirmed,5174.46,5145.046516401254,8026.3948762759355,5174.41,29.413483598746097,3.3998013075970035,-0.1699900653804686,-0.001699900653804686,breakeven,465,2.1592138104548644,2026-03-10 10:35:00+00:00,2026-03-10 18:20:00+00:00,2026-01-03 00:00:00+00:00
1773167400000,1773167700000,1773234300000,1,dip_unconfirmed,5203.71,5163.57538113777,9098.037267360822,5163.52538113777,40.13461886223013,2.4916145421305584,-100.12458072710697,-1.0012458072710697,stop,1110,0.4722855364608456,2026-03-10 18:35:00+00:00,2026-03-11 13:05:00+00:00,2026-01-03 00:00:00+00:00
1773169200000,1773169500000,1773237300000,1,dip_unconfirmed,5192.680000000001,5152.696425342214,9065.053891120762,5152.646425342214,39.98357465778736,2.5010270056112556,-100.12505135028101,-1.00125051350281,stop,1130,0.7499329476325041,2026-03-10 19:05:00+00:00,2026-03-11 13:55:00+00:00,2026-01-03 00:00:00+00:00
1773174600000,1773174900000,1773237300000,1,dip_unconfirmed,5195.7970000000005,5157.04207670439,8960.83440626542,5156.99207670439,38.75492329561075,2.580317324775241,-100.12901586623923,-1.0012901586623923,stop,1040,0.6932796588205984,2026-03-10 20:35:00+00:00,2026-03-11 13:55:00+00:00,2026-01-03 00:00:00+00:00
1773176400000,1773180300000,1773237300000,1,dip_unconfirmed,5195.540999999999,5154.768856939791,8803.88316296076,5154.71885693979,40.77214306020869,2.452654986820998,-100.12263274934149,-1.001226327493415,stop,950,0.6652581386253449,2026-03-10 22:05:00+00:00,2026-03-11 13:55:00+00:00,2026-01-03 00:00:00+00:00
1773194400000,1773194700000,1773218400000,1,dip_unconfirmed,5209.330000000001,5175.994837650758,8431.51107257483,5175.944837650758,33.33516234924264,2.9998353975999748,-100.14999176988054,-1.0014999176988055,stop,395,0.31678261798654206,2026-03-11 02:05:00+00:00,2026-03-11 08:40:00+00:00,2026-01-03 00:00:00+00:00
1773228600000,1773228900000,1773237300000,1,dip_unconfirmed,5182.000000000001,5154.2393266710615,7842.306659564967,5154.189326671061,27.760673328939447,3.6022181023885254,-100.18011090512009,-1.001801109051201,stop,140,0.49806068592672115,2026-03-11 11:35:00+00:00,2026-03-11 13:55:00+00:00,2026-01-03 00:00:00+00:00
