signal_ts,entry_ts,exit_ts,side,tag,entry_px,stop_px,target_px,exit_px,risk_px,qty,pnl,r,reason,hold_min,mfe_r,entry_dt,exit_dt,fold
1649268000000,1649268300000,1649333400000,-1,PULLBACK,1920.8239999999998,1933.0426544322436,758.2772112078972,1933.0926544322435,12.218654432243738,8.18420723448161,-100.4092103617237,-1.004092103617237,stop,1085,0.3864582656122014,2022-04-06 18:05:00+00:00,2022-04-07 12:10:00+00:00,2022-04-04 00:00:00+00:00
1649286000000,1649286300000,1649342400000,-1,PULLBACK,1923.3159999999998,1935.2194725697445,795.2722155952913,1935.2694725697445,11.903472569744736,8.400909853328999,-100.42004549266608,-1.0042004549266608,stop,935,0.19674930876495428,2022-04-06 23:05:00+00:00,2022-04-07 14:40:00+00:00,2022-04-04 00:00:00+00:00
1649296800000,1649297100000,1649333400000,-1,PULLBACK,1922.6765000000003,1933.559539080076,882.6056310724705,1933.609539080076,10.883039080075832,9.188609841811136,-100.45943049209015,-1.0045943049209014,stop,605,0.15643608255686467,2022-04-07 02:05:00+00:00,2022-04-07 12:10:00+00:00,2022-04-04 00:00:00+00:00
1649304000000,1649304300000,1649333400000,-1,PULLBACK,1921.9695000000002,1932.6048372680248,911.0711104655501,1932.6548372680247,10.635337268024614,9.402616718197766,-100.47013083590946,-1.0047013083590945,stop,485,0.09360304942967947,2022-04-07 04:05:00+00:00,2022-04-07 12:10:00+00:00,2022-04-04 00:00:00+00:00
1649656800000,1649657100000,1649775300000,1,PULLBACK,1945.8385,1935.4,2935.4,1977.154,10.438499999999976,9.579920486659983,300.0,3.0,target,1970,2.6689179479810403,2022-04-11 06:05:00+00:00,2022-04-12 14:55:00+00:00,2022-04-04 00:00:00+00:00
1649664000000,1649664300000,1649775300000,1,PULLBACK,1946.214,1935.9119999999998,2935.912,1977.1200000000003,10.302000000000135,9.706853038244875,300.0,3.0,target,1850,2.667831489031236,2022-04-11 08:05:00+00:00,2022-04-12 14:55:00+00:00,2022-04-04 00:00:00+00:00
1649689200000,1649689500000,1649949000000,1,PULLBACK,1951.934,1939.0607200307122,3189.4887169594867,1968.1444999999999,12.87327996928775,7.768028058006476,125.92361883431329,1.259236188343133,timeout,4325,2.2811591195141983,2022-04-11 15:05:00+00:00,2022-04-14 15:10:00+00:00,2022-04-04 00:00:00+00:00
1649728800000,1649729100000,1650233100000,1,PULLBACK,1955.428,1944.363387741373,3013.32461360407,1972.371,11.064612258627221,9.037822353153741,153.12782412948368,1.531278241294837,timeout,8400,2.338265399207942,2022-04-12 02:05:00+00:00,2022-04-17 22:05:00+00:00,2022-04-04 00:00:00+00:00
1649764800000,1649765100000,1650233100000,1,PULLBACK,1957.033,1946.655,2946.6549999999997,1972.371,10.377999999999929,9.635767970707331,147.7934091347109,1.477934091347109,timeout,7800,2.338311813451575,2022-04-12 12:05:00+00:00,2022-04-17 22:05:00+00:00,2022-04-04 00:00:00+00:00
1649768400000,1649768700000,1650233100000,1,PULLBACK,1970.8565,1959.3198418099628,3077.5856608136964,1972.371,11.536658190037315,8.668021393435819,13.127718400358532,0.13127718400358532,timeout,7740,0.9052448142234771,2022-04-12 13:05:00+00:00,2022-04-17 22:05:00+00:00,2022-04-04 00:00:00+00:00
1649815200000,1649815500000,1650233100000,1,PULLBACK,1969.799,1957.8671081632351,3105.6562918396958,1972.371,11.931891836764862,8.380900645769964,21.555676460921323,0.21555676460921322,timeout,6960,0.9638873832700207,2022-04-13 02:05:00+00:00,2022-04-17 22:05:00+00:00,2022-04-04 00:00:00+00:00
1649836800000,1649837100000,1649944800000,1,PULLBACK,1971.6045000000001,1960.4454887033248,3042.6966183708346,1960.3954887033249,11.159011296675317,8.961367395496204,-100.4480683697744,-1.004480683697744,stop,1795,0.8688493758303378,2022-04-13 08:05:00+00:00,2022-04-14 14:00:00+00:00,2022-04-04 00:00:00+00:00
1649901600000,1649901900000,1649927100000,1,PULLBACK,1980.1925000000003,1969.807,2969.807,1969.757,10.38550000000032,9.628809397717676,-100.48144046988546,-1.0048144046988545,stop,420,0.0,2022-04-14 02:05:00+00:00,2022-04-14 09:05:00+00:00,2022-04-04 00:00:00+00:00
1650236400000,1650236700000,1650372600000,1,PULLBACK,1979.333,1966.6460088748,3172.545121394798,1966.5960088748,12.686991125200166,7.882089536688493,-100.39410447683407,-1.0039410447683408,stop,2265,1.4769459373846765,2022-04-17 23:05:00+00:00,2022-04-19 12:50:00+00:00,2022-04-04 00:00:00+00:00
1650297600000,1650297900000,1650304800000,1,PULLBACK,1989.4869999999999,1977.5589066050645,3137.368246098633,1977.5089066050646,11.928093394935331,8.38356950176631,-100.41917847508795,-1.0041917847508794,stop,115,0.06639787045400122,2022-04-18 16:05:00+00:00,2022-04-18 18:00:00+00:00,2022-04-04 00:00:00+00:00
1650524400000,1650524700000,1650837900000,-1,PULLBACK,1952.1565000000003,1962.558,962.558,1933.4789999999998,10.401499999999714,9.613997981060688,179.56544729126546,1.7956544729126547,timeout,5220,2.4169590924386886,2022-04-21 07:05:00+00:00,2022-04-24 22:05:00+00:00,2022-04-04 00:00:00+00:00
1650549600000,1650549900000,1650607500000,-1,PULLBACK,1945.013,1955.439890717704,947.4508189473014,1955.489890717704,10.426890717704055,9.590586753748912,-100.479529337687,-1.00479529337687,stop,960,0.6473646058780516,2022-04-21 14:05:00+00:00,2022-04-22 06:05:00+00:00,2022-04-04 00:00:00+00:00
1650618000000,1650618300000,1650877800000,-1,PULLBACK,1943.488,1953.867,953.867,1917.9865,10.378999999999905,9.634839579921081,245.7028615473582,2.457028615473582,timeout,4325,2.961894209461426,2022-04-22 09:05:00+00:00,2022-04-25 09:10:00+00:00,2022-04-04 00:00:00+00:00
1650639600000,1650639900000,1650891000000,-1,PULLBACK,1935.643,1949.279313742931,622.6479394498324,1894.7340587712072,13.636313742930952,7.333360165010861,300.0,3.0,target,4185,2.984420919553663,2022-04-22 15:05:00+00:00,2022-04-25 12:50:00+00:00,2022-04-04 00:00:00+00:00
1650945600000,1650945900000,1651205400000,-1,PULLBACK,1902.0135,1913.0611276087684,842.6983667319405,1905.4164999999998,11.04762760876838,9.051717123469215,-30.80299337116386,-0.3080299337116386,timeout,4325,2.659801818145801,2022-04-26 04:05:00+00:00,2022-04-29 04:10:00+00:00,2022-04-04 00:00:00+00:00
1650956400000,1650956700000,1651214100000,-1,PULLBACK,1901.8855,1912.9505914199942,845.6414494205765,1913.0005914199942,11.065091419994133,9.037430980398806,-100.45187154901951,-1.0045187154901951,stop,4290,2.6440359947803733,2022-04-26 07:05:00+00:00,2022-04-29 06:35:00+00:00,2022-04-04 00:00:00+00:00
1650960000000,1650960300000,1650970800000,-1,PULLBACK,1896.3660000000002,1907.964656318566,791.249024461966,1908.014656318566,11.598656318565872,8.621688345048282,-100.43108441725202,-1.0043108441725201,stop,175,0.0,2022-04-26 08:05:00+00:00,2022-04-26 11:00:00+00:00,2022-04-04 00:00:00+00:00
1650988800000,1650989100000,1651218000000,-1,PULLBACK,1901.411,1913.9851163236995,694.4734839537587,1914.0351163236994,12.5741163236994,7.952845148372163,-100.39764225741824,-1.0039764225741825,stop,3815,2.2889878906044703,2022-04-26 16:05:00+00:00,2022-04-29 07:40:00+00:00,2022-04-04 00:00:00+00:00
1650996000000,1650996300000,1651213800000,-1,PULLBACK,1900.3785,1912.3679370342102,747.8242336131916,1912.4179370342101,11.989437034210141,8.340675188890382,-100.41703375944415,-1.0041703375944415,stop,3625,2.3144956615411276,2022-04-26 18:05:00+00:00,2022-04-29 06:30:00+00:00,2022-04-04 00:00:00+00:00
1651028400000,1651028700000,1651212600000,-1,PULLBACK,1898.5310000000002,1909.2774894170013,875.5285477168643,1909.3274894170013,10.746489417001158,9.305364395725178,-100.46526821978583,-1.0046526821978583,stop,3065,2.4102754857807396,2022-04-27 03:05:00+00:00,2022-04-29 06:10:00+00:00,2022-04-04 00:00:00+00:00
1651046400000,1651046700000,1651209000000,-1,PULLBACK,1897.3564999999999,1907.74,907.74,1907.79,10.38350000000014,9.630664034285035,-100.48153320171382,-1.0048153320171382,stop,2705,2.381422449077806,2022-04-27 08:05:00+00:00,2022-04-29 05:10:00+00:00,2022-04-04 00:00:00+00:00
1651064400000,1651064700000,1651209000000,-1,PULLBACK,1896.1535000000001,1907.857076422501,774.3994341724051,1907.907076422501,11.703576422500873,8.544396720283178,-100.42721983601376,-1.0042721983601377,stop,2405,2.0100266064630152,2022-04-27 13:05:00+00:00,2022-04-29 05:10:00+00:00,2022-04-04 00:00:00+00:00
1651582800000,1651583100000,1651588200000,-1,PULLBACK,1862.9705,1874.9881984161254,714.9183568035946,1875.0381984161254,12.01769841612554,8.321060866847715,-100.416053043342,-1.00416053043342,stop,85,0.0462650984196577,2022-05-03 13:05:00+00:00,2022-05-03 14:30:00+00:00,2022-04-04 00:00:00+00:00
1651644000000,1651644300000,1651687500000,-1,PULLBACK,1863.601,1874.005,874.0050000000001,1874.055,10.403999999999996,9.611687812379857,-100.48058439061856,-1.0048058439061855,stop,720,0.16407151095735634,2022-05-04 06:05:00+00:00,2022-05-04 18:05:00+00:00,2022-04-04 00:00:00+00:00
1651672800000,1651673100000,1651687500000,-1,PULLBACK,1862.47,1872.8995,872.8995,1872.9495,10.429499999999962,9.588187353180917,-100.47940936765862,-1.0047940936765862,stop,240,0.03566805695381801,2022-05-04 14:05:00+00:00,2022-05-04 18:05:00+00:00,2022-04-04 00:00:00+00:00
1652104800000,1652105100000,1652364600000,-1,PULLBACK,1863.1485,1875.339079496508,683.6811298457221,1838.393,12.190579496508008,8.203055484658872,203.07074005047258,2.030707400504726,timeout,4325,2.521373164319585,2022-05-09 14:05:00+00:00,2022-05-12 14:10:00+00:00,2022-04-04 00:00:00+00:00
1652169600000,1652169900000,1652374500000,-1,PULLBACK,1859.2385,1869.6275,869.6275,1828.0714999999996,10.389000000000124,9.625565501973126,300.0,3.0,target,3410,2.5822504572143083,2022-05-10 08:05:00+00:00,2022-05-12 16:55:00+00:00,2022-04-04 00:00:00+00:00
1652176800000,1652177100000,1652374800000,-1,PULLBACK,1857.3435,1867.8919623594388,853.545726415576,1825.6981129216833,10.548462359438872,9.480054684038283,300.0,3.0,target,3295,2.8667211361797693,2022-05-10 10:05:00+00:00,2022-05-12 17:00:00+00:00,2022-04-04 00:00:00+00:00
1652191200000,1652191500000,1652377500000,-1,PULLBACK,1856.773,1868.257306706787,762.2266360280994,1822.3200798796388,11.484306706787038,8.70753477359688,300.0,3.0,target,3100,2.97166392985926,2022-05-10 14:05:00+00:00,2022-05-12 17:45:00+00:00,2022-04-04 00:00:00+00:00
1652194800000,1652195100000,1652445000000,-1,PULLBACK,1849.5545000000002,1862.3428562277306,627.2572334546626,1811.1894313168089,12.788356227730446,7.819613265320107,300.0,3.0,target,4165,2.9806410864084145,2022-05-10 15:05:00+00:00,2022-05-13 12:30:00+00:00,2022-04-04 00:00:00+00:00
1652335200000,1652335500000,1652394900000,-1,PULLBACK,1849.6485,1860.6958701827498,801.8588519077884,1816.5063894517507,11.047370182749773,9.051928046744356,300.0,3.0,target,990,2.814425468293764,2022-05-12 06:05:00+00:00,2022-05-12 22:35:00+00:00,2022-04-04 00:00:00+00:00
1652342400000,1652342700000,1652394900000,-1,PULLBACK,1850.396,1862.1984722494117,726.3512473082449,1814.9885832517648,11.802472249411721,8.472801112070767,300.0,3.0,target,870,2.6976975100777754,2022-05-12 08:05:00+00:00,2022-05-12 22:35:00+00:00,2022-04-04 00:00:00+00:00
1652346000000,1652346300000,1652394900000,-1,PULLBACK,1846.836,1858.6076528030253,723.3423725005127,1811.5210415909241,11.77165280302529,8.494983811814446,300.0,3.0,target,810,2.402338947062075,2022-05-12 09:05:00+00:00,2022-05-12 22:35:00+00:00,2022-04-04 00:00:00+00:00
1652353200000,1652353500000,1652445000000,-1,PULLBACK,1846.9385000000002,1858.805022059751,715.3028160846206,1811.3389338207476,11.866522059750878,8.42706898419564,300.0,3.0,target,1525,2.9917358954242412,2022-05-12 11:05:00+00:00,2022-05-13 12:30:00+00:00,2022-04-04 00:00:00+00:00
1652364000000,1652364300000,1652448300000,-1,PULLBACK,1838.7685000000001,1851.7243256068782,598.2917649190647,1799.901023179366,12.95582560687808,7.7185355093782135,300.0,3.0,target,1400,2.8758877381167847,2022-05-12 14:05:00+00:00,2022-05-13 13:25:00+00:00,2022-04-04 00:00:00+00:00
1652666400000,1652666700000,1652729400000,-1,PULLBACK,1814.0949999999998,1825.438840540609,742.8547864797342,1825.4888405406089,11.343840540609108,8.815356637112117,-100.44076783185521,-1.004407678318552,stop,1045,2.3671877177637226,2022-05-16 02:05:00+00:00,2022-05-16 19:30:00+00:00,2022-04-04 00:00:00+00:00
1652709600000,1652709900000,1652727600000,-1,PULLBACK,1807.4360000000001,1821.9918221739872,409.8096047752633,1822.0418221739872,14.555822173987053,6.870103165914711,-100.34350515829543,-1.0034350515829542,stop,295,0.0,2022-05-16 14:05:00+00:00,2022-05-16 19:00:00+00:00,2022-04-04 00:00:00+00:00
1652875200000,1652875500000,1652888100000,-1,PULLBACK,1808.589,1819.1758260337037,795.5932226633433,1819.2258260337037,10.586826033703801,9.445701637265405,-100.47228508186284,-1.0047228508186283,stop,210,0.07981617883489524,2022-05-18 12:05:00+00:00,2022-05-18 15:35:00+00:00,2022-04-04 00:00:00+00:00
1652882400000,1652882700000,1652888400000,-1,PULLBACK,1810.026,1821.1124877535508,754.3637123984943,1821.1624877535507,11.086487753550728,9.019989217773002,-100.45099946088824,-1.0045099946088825,stop,95,0.0,2022-05-18 14:05:00+00:00,2022-05-18 15:40:00+00:00,2022-04-04 00:00:00+00:00
1652922000000,1652922300000,1652951400000,-1,PULLBACK,1814.691,1825.185,825.185,1825.235,10.493999999999915,9.529254812273757,-100.47646274061326,-1.0047646274061326,stop,485,0.3172765389746598,2022-05-19 01:05:00+00:00,2022-05-19 09:10:00+00:00,2022-04-04 00:00:00+00:00
1652936400000,1652936700000,1652951400000,-1,PULLBACK,1815.0610000000001,1825.4250000000002,825.4250000000002,1825.4750000000001,10.364000000000033,9.648784253184068,-100.48243921265876,-1.0048243921265876,stop,245,0.3569567734465611,2022-05-19 05:05:00+00:00,2022-05-19 09:10:00+00:00,2022-04-04 00:00:00+00:00
1652947200000,1652947500000,1652950200000,-1,PULLBACK,1812.8609999999999,1823.2775000000001,823.2775000000001,1823.3275,10.41650000000027,9.600153602457391,-100.48000768012243,-1.0048000768012242,stop,45,0.1439543032688388,2022-05-19 08:05:00+00:00,2022-05-19 08:50:00+00:00,2022-04-04 00:00:00+00:00
1653339600000,1653343500000,1653494100000,1,PULLBACK,1854.244,1843.56,2843.56,1843.51,10.683999999999969,9.359790340696396,-100.4679895170344,-1.004679895170344,stop,2510,1.4173998502433496,2022-05-23 22:05:00+00:00,2022-05-25 15:55:00+00:00,2022-04-04 00:00:00+00:00
1653350400000,1653350700000,1653494100000,1,PULLBACK,1854.424,1843.975,2843.975,1843.925,10.44900000000007,9.570293808019843,-100.47851469040056,-1.0047851469040057,stop,2390,1.432050913963034,2022-05-24 00:05:00+00:00,2022-05-25 15:55:00+00:00,2022-04-04 00:00:00+00:00
1653379200000,1653379500000,1653483900000,1,PULLBACK,1860.4795000000001,1850.1055000000001,2850.1055,1850.0555000000002,10.374000000000024,9.639483323693828,-100.48197416618424,-1.0048197416618425,stop,1740,0.8586851744746148,2022-05-24 08:05:00+00:00,2022-05-25 13:05:00+00:00,2022-04-04 00:00:00+00:00
1653390000000,1653390300000,1653483900000,1,PULLBACK,1858.2800000000002,1847.93,2847.9300000000003,1847.88,10.350000000000136,9.661835748792143,-100.48309178743916,-1.0048309178743917,stop,1560,1.0731884057970504,2022-05-24 11:05:00+00:00,2022-05-25 13:05:00+00:00,2022-04-04 00:00:00+00:00
1653397200000,1653397500000,1653483900000,1,PULLBACK,1860.5155000000002,1850.1465,2850.1465,1850.0965,10.369000000000142,9.644131545954155,-100.48220657729726,-1.0048220657729727,stop,1440,0.8556273507570156,2022-05-24 13:05:00+00:00,2022-05-25 13:05:00+00:00,2022-04-04 00:00:00+00:00
1653901200000,1653901500000,1653957000000,1,PULLBACK,1859.4285000000002,1848.98,2848.98,1848.93,10.448500000000195,9.57075178255234,-100.47853758912717,-1.0047853758912717,stop,925,0.13154998325117218,2022-05-30 09:05:00+00:00,2022-05-31 00:30:00+00:00,2022-04-04 00:00:00+00:00
1654254000000,1654254300000,1654268700000,1,PULLBACK,1866.584,1856.195,2856.1949999999997,1856.145,10.389000000000124,9.625565501973126,-100.48127827509822,-1.0048127827509823,stop,240,0.09197227837135602,2022-06-03 11:05:00+00:00,2022-06-03 15:05:00+00:00,2022-04-04 00:00:00+00:00
1654678800000,1654679100000,1654701000000,-1,PULLBACK,1847.1870000000001,1857.505,857.5050000000001,1857.555,10.317999999999984,9.691800736576871,-100.48459003682841,-1.0048459003682841,stop,365,0.20837371583643358,2022-06-08 09:05:00+00:00,2022-06-08 15:10:00+00:00,2022-04-04 00:00:00+00:00
1654686000000,1654686300000,1654701000000,-1,PULLBACK,1847.1345,1857.5025,857.5025,1857.5525,10.368000000000166,9.645061728394907,-100.4822530864193,-1.0048225308641932,stop,245,0.2023051697530911,2022-06-08 11:05:00+00:00,2022-06-08 15:10:00+00:00,2022-04-04 00:00:00+00:00
1654722000000,1654725900000,1654783800000,1,PULLBACK,1853.6789999999999,1843.22,2843.2200000000003,1843.17,10.458999999999833,9.56114351276428,-100.47805717563779,-1.0047805717563778,stop,965,0.13041399751412963,2022-06-08 22:05:00+00:00,2022-06-09 14:10:00+00:00,2022-04-04 00:00:00+00:00
1654804800000,1654805100000,1654872900000,-1,PULLBACK,1846.6509999999998,1857.13,857.1300000000001,1857.18,10.47900000000027,9.542895314438155,-100.47714476572148,-1.0047714476572147,stop,1130,2.0211375131214253,2022-06-09 20:05:00+00:00,2022-06-10 14:55:00+00:00,2022-04-04 00:00:00+00:00
1654826400000,1654826700000,1654872900000,-1,PULLBACK,1844.9334999999999,1855.4075,855.4075,1855.4575,10.47400000000016,9.547450830628076,-100.47737254153097,-1.0047737254153097,stop,770,1.8581248806568351,2022-06-10 02:05:00+00:00,2022-06-10 14:55:00+00:00,2022-04-04 00:00:00+00:00
1654851600000,1654851900000,1654872600000,-1,PULLBACK,1844.4185,1854.7625,854.7625,1854.8125,10.344000000000051,9.667440061871568,-100.48337200309314,-1.0048337200309314,stop,345,1.8316898685228173,2022-06-10 09:05:00+00:00,2022-06-10 14:50:00+00:00,2022-04-04 00:00:00+00:00
1654869600000,1654869900000,1654871700000,-1,PULLBACK,1833.4370000000001,1844.6194246028313,765.6769643196969,1844.6694246028312,11.182424602831134,8.942604448652602,-100.44713022243224,-1.0044713022243223,stop,30,0.3655736698609153,2022-06-10 14:05:00+00:00,2022-06-10 14:35:00+00:00,2022-04-04 00:00:00+00:00
1655089200000,1655089500000,1655122800000,1,PULLBACK,1864.084,1850.724756264161,3145.74912984808,1850.674756264161,13.359243735839073,7.485453666192816,-100.3742726833093,-1.003742726833093,stop,555,0.20768391196851888,2022-06-13 03:05:00+00:00,2022-06-13 12:20:00+00:00,2022-04-04 00:00:00+00:00
1655193600000,1655193900000,1655318700000,-1,PULLBACK,1827.559,1838.9856943057468,742.1662637310621,1839.0356943057468,11.426694305746878,8.751437408254333,-100.43757187041231,-1.0043757187041231,stop,2080,1.9294731625848653,2022-06-14 08:05:00+00:00,2022-06-15 18:45:00+00:00,2022-04-04 00:00:00+00:00
1655269200000,1655269500000,1655284500000,-1,PULLBACK,1814.241,1824.588,824.588,1824.638,10.34699999999998,9.66463709287718,-100.4832318546434,-1.004832318546434,stop,250,0.060114042717702924,2022-06-15 05:05:00+00:00,2022-06-15 09:15:00+00:00,2022-04-04 00:00:00+00:00
1655312400000,1655312700000,1655318400000,-1,PULLBACK,1819.477,1831.3117297666884,690.1387530978582,1831.3617297666883,11.83472976668827,8.44970708849427,-100.42248535442434,-1.0042248535442433,stop,95,0.42907612595375605,2022-06-15 17:05:00+00:00,2022-06-15 18:40:00+00:00,2022-04-04 00:00:00+00:00
1655791200000,1655791500000,1655902200000,-1,PULLBACK,1834.912,1845.3175,845.3175000000001,1845.3675,10.405500000000075,9.610302244005505,-100.48051511219984,-1.0048051511219984,stop,1845,1.0659747249051001,2022-06-21 06:05:00+00:00,2022-06-22 12:50:00+00:00,2022-04-04 00:00:00+00:00
1655802000000,1655802300000,1655902200000,-1,PULLBACK,1834.3025,1844.6855,844.6855,1844.7355,10.383000000000038,9.631127805065939,-100.48155639025286,-1.0048155639025287,stop,1665,1.0095829721660439,2022-06-21 09:05:00+00:00,2022-06-22 12:50:00+00:00,2022-04-04 00:00:00+00:00
1655834400000,1655834700000,1655901900000,-1,PULLBACK,1833.1710000000003,1843.5149999999999,843.5149999999999,1843.5649999999998,10.343999999999596,9.667440061871995,-100.48337200309317,-1.0048337200309316,stop,1120,0.904002320185683,2022-06-21 18:05:00+00:00,2022-06-22 12:45:00+00:00,2022-04-04 00:00:00+00:00
1656061200000,1656061500000,1656281100000,-1,PULLBACK,1825.8735,1836.25,836.25,1836.3,10.376500000000078,9.637160892401026,-100.48185804461961,-1.0048185804461962,stop,3660,0.8206042499879351,2022-06-24 09:05:00+00:00,2022-06-26 22:05:00+00:00,2022-04-04 00:00:00+00:00
1656068400000,1656068700000,1656281100000,-1,PULLBACK,1824.901,1835.26,835.26,1835.31,10.358999999999924,9.653441451877665,-100.48267207259345,-1.0048267207259345,stop,3540,0.7281108215078747,2022-06-24 11:05:00+00:00,2022-06-26 22:05:00+00:00,2022-04-04 00:00:00+00:00
1656392400000,1656392700000,1656652200000,-1,PULLBACK,1825.1159999999998,1835.51,835.51,1802.5479999999998,10.394000000000233,9.620935154896841,217.12526457571175,2.1712526457571175,timeout,4325,2.3033480854338118,2022-06-28 05:05:00+00:00,2022-07-01 05:10:00+00:00,2022-04-04 00:00:00+00:00
1656396000000,1656396300000,1656655800000,-1,PULLBACK,1824.9285,1835.315,835.315,1799.5179999999998,10.38650000000007,9.627882347277652,244.64930438550053,2.446493043855005,timeout,4325,2.8122562942280815,2022-06-28 06:05:00+00:00,2022-07-01 06:10:00+00:00,2022-04-04 00:00:00+00:00
1656410400000,1656410700000,1656659700000,-1,PULLBACK,1824.435,1834.79,834.79,1793.37,10.355000000000018,9.657170449058409,300.0,3.0,target,4150,2.7731530661516244,2022-06-28 10:05:00+00:00,2022-07-01 07:15:00+00:00,2022-04-04 00:00:00+00:00
1656421200000,1656421500000,1656506100000,-1,PULLBACK,1822.1685,1832.5375,832.5374999999999,1832.5874999999999,10.368999999999915,9.644131545954366,-100.48220657729728,-1.0048220657729727,stop,1410,0.9322981965474224,2022-06-28 13:05:00+00:00,2022-06-29 12:35:00+00:00,2022-04-04 00:00:00+00:00
1656424800000,1656425100000,1656506100000,-1,PULLBACK,1820.8185,1831.1835,831.1835000000001,1831.2335,10.365000000000009,9.647853352629031,-100.482392667631,-1.00482392667631,stop,1350,0.8024119633381792,2022-06-28 14:05:00+00:00,2022-06-29 12:35:00+00:00,2022-04-04 00:00:00+00:00
1656471600000,1656471900000,1656506100000,-1,PULLBACK,1820.846,1831.2849999999999,831.2849999999999,1831.3349999999998,10.43899999999985,9.579461634256292,-100.47897308171238,-1.0047897308171239,stop,570,0.799358176070531,2022-06-29 03:05:00+00:00,2022-06-29 12:35:00+00:00,2022-04-04 00:00:00+00:00
1656475200000,1656475500000,1656506100000,-1,PULLBACK,1820.4230000000002,1830.8205,830.8205,1830.8705,10.397499999999809,9.617696561673656,-100.48088482808325,-1.0048088482808324,stop,510,0.761865833133015,2022-06-29 04:05:00+00:00,2022-06-29 12:35:00+00:00,2022-04-04 00:00:00+00:00
1656486000000,1656486300000,1656504600000,-1,PULLBACK,1817.3645,1827.788,827.788,1827.838,10.423500000000104,9.593706528517197,-100.47968532642543,-1.0047968532642542,stop,305,0.4665419484817967,2022-06-29 07:05:00+00:00,2022-06-29 12:10:00+00:00,2022-04-04 00:00:00+00:00
1656561600000,1656561900000,1656675900000,-1,PULLBACK,1817.0435,1827.4375,827.4375,1785.8615,10.394000000000005,9.620935154897051,300.0,3.0,target,1900,2.894795074081206,2022-06-30 04:05:00+00:00,2022-07-01 11:45:00+00:00,2022-04-04 00:00:00+00:00
1656928800000,1656929100000,1657030200000,-1,PULLBACK,1805.4940000000001,1815.8139999999999,815.8139999999999,1774.534000000001,10.319999999999709,9.689922480620428,300.0,3.0,target,1685,2.6676841085272365,2022-07-04 10:05:00+00:00,2022-07-05 14:10:00+00:00,2022-07-04 00:00:00+00:00
1656957600000,1656957900000,1657030200000,-1,PULLBACK,1806.299,1816.737,816.7370000000001,1774.9849999999997,10.438000000000102,9.580379383023475,300.0,3.0,target,1205,2.71464840007663,2022-07-04 18:05:00+00:00,2022-07-05 14:10:00+00:00,2022-07-04 00:00:00+00:00
1657198800000,1657199100000,1657291800000,-1,PULLBACK,1739.2830000000001,1749.642,749.642,1749.692,10.358999999999924,9.653441451877665,-100.48267207259345,-1.0048267207259345,stop,1545,0.5560382276281746,2022-07-07 13:05:00+00:00,2022-07-08 14:50:00+00:00,2022-07-04 00:00:00+00:00
1657206000000,1657206300000,1657291800000,-1,PULLBACK,1741.5199999999998,1752.732493169321,665.9831762372194,1752.782493169321,11.212493169321306,8.918623047513796,-100.44593115237528,-1.0044593115237528,stop,1425,0.7132222851096642,2022-07-07 15:05:00+00:00,2022-07-08 14:50:00+00:00,2022-07-04 00:00:00+00:00
1657267200000,1657267500000,1657290900000,-1,PULLBACK,1736.2215,1746.5705,746.5705,1746.6205,10.348999999999933,9.662769349695685,-100.48313846748434,-1.0048313846748433,stop,390,0.2607498309015569,2022-07-08 08:05:00+00:00,2022-07-08 14:35:00+00:00,2022-07-04 00:00:00+00:00
1657281600000,1657281900000,1657291800000,-1,PULLBACK,1740.6789999999999,1751.01,751.01,1751.06,10.331000000000131,9.679605072112935,-100.4839802536052,-1.0048398025360519,stop,165,0.6926725389603967,2022-07-08 12:05:00+00:00,2022-07-08 14:50:00+00:00,2022-07-04 00:00:00+00:00
1657285200000,1657285500000,1657291500000,-1,PULLBACK,1738.2575000000002,1748.6368743480575,744.9994395423084,1748.6868743480575,10.379374348057354,9.634492084652136,-100.48172460423217,-1.0048172460423217,stop,100,0.14104896411932358,2022-07-08 13:05:00+00:00,2022-07-08 14:45:00+00:00,2022-07-04 00:00:00+00:00
1657288800000,1657289100000,1657291200000,-1,PULLBACK,1736.5720000000001,1747.3123476089104,711.5775867178563,1747.3623476089103,10.74034760891027,9.310685616640496,-100.46553428083159,-1.0046553428083158,stop,35,0.0,2022-07-08 14:05:00+00:00,2022-07-08 14:40:00+00:00,2022-07-04 00:00:00+00:00
1657504800000,1657505100000,1657716300000,-1,PULLBACK,1739.6675,1750.13,750.1300000000001,1708.2799999999997,10.462500000000091,9.557945041815927,300.0,3.0,target,3520,2.708578255674991,2022-07-11 02:05:00+00:00,2022-07-13 12:45:00+00:00,2022-07-04 00:00:00+00:00
1657519200000,1657519500000,1657716300000,-1,PULLBACK,1740.0449999999998,1750.5230000000001,750.5230000000001,1708.610999999999,10.478000000000293,9.543806069860393,300.0,3.0,target,3280,2.740599351021079,2022-07-11 06:05:00+00:00,2022-07-13 12:45:00+00:00,2022-07-04 00:00:00+00:00
1657612800000,1657613100000,1657725000000,-1,PULLBACK,1733.9759999999999,1744.3955,744.3955000000001,1744.4455,10.419500000000198,9.597389510053082,-100.47986947550221,-1.004798694755022,stop,1865,2.5422045203703822,2022-07-12 08:05:00+00:00,2022-07-13 15:10:00+00:00,2022-07-04 00:00:00+00:00
1657630800000,1657631100000,1657724400000,-1,PULLBACK,1731.8170000000002,1742.304984672689,732.5065174037878,1742.354984672689,10.487984672688754,9.53472026521979,-100.47673601326055,-1.0047673601326055,stop,1555,2.3197497669266536,2022-07-12 13:05:00+00:00,2022-07-13 15:00:00+00:00,2022-07-04 00:00:00+00:00
1657634400000,1657634700000,1657724100000,-1,PULLBACK,1729.3770000000002,1740.2317000532112,690.0616947320887,1740.2817000532111,10.85470005321099,9.212599105437135,-100.46062995527143,-1.0046062995527143,stop,1490,2.0165918811846617,2022-07-12 14:05:00+00:00,2022-07-13 14:55:00+00:00,2022-07-04 00:00:00+00:00
1657717200000,1657717500000,1657719600000,-1,PULLBACK,1712.4170000000001,1722.9298978889187,708.7901089970634,1722.9798978889187,10.512897888918587,9.512125111136843,-100.47560625555641,-1.004756062555564,stop,35,0.12950758338814766,2022-07-13 13:05:00+00:00,2022-07-13 13:40:00+00:00,2022-07-04 00:00:00+00:00
1657760400000,1657760700000,1658095500000,-1,PULLBACK,1727.8550000000002,1739.9631190400864,577.4512150314563,1707.508,12.108119040086194,8.258921114743858,168.044267921695,1.68044267921695,timeout,5580,2.471234375953678,2022-07-14 01:05:00+00:00,2022-07-17 22:05:00+00:00,2022-07-04 00:00:00+00:00
1657774800000,1657775100000,1658095500000,-1,PULLBACK,1727.716,1739.1536824475195,634.0854376955801,1707.508,11.437682447519592,8.743029932754103,176.67914888109365,1.7667914888109366,timeout,5340,2.6039366048721457,2022-07-14 05:05:00+00:00,2022-07-17 22:05:00+00:00,2022-07-04 00:00:00+00:00
1657854000000,1657854300000,1658113800000,-1,PULLBACK,1712.404,1722.7730000000001,722.7730000000001,1715.04,10.369000000000142,9.644131545954155,-25.421930755134834,-0.25421930755134836,timeout,4325,1.2564374578069093,2022-07-15 03:05:00+00:00,2022-07-18 03:10:00+00:00,2022-07-04 00:00:00+00:00
1657857600000,1657857900000,1658117400000,-1,PULLBACK,1708.1680000000001,1718.5922315678574,716.3690747821299,1716.75,10.424231567857305,9.593033246531663,-82.32741132173358,-0.8232741132173358,timeout,4325,0.8434194830350775,2022-07-15 04:05:00+00:00,2022-07-18 04:10:00+00:00,2022-07-04 00:00:00+00:00
1657893600000,1657893900000,1658107200000,-1,PULLBACK,1702.2905,1714.054629278597,571.2417014188711,1714.104629278597,11.76412927859701,8.50041661663259,-100.42502083083123,-1.0042502083083122,stop,3555,0.24774464229176443,2022-07-15 14:05:00+00:00,2022-07-18 01:20:00+00:00,2022-07-04 00:00:00+00:00
1658214000000,1658214300000,1658433600000,-1,PULLBACK,1708.5829999999999,1718.95,718.95,1719.0,10.36700000000019,9.64599209028631,-100.48229960451387,-1.0048229960451387,stop,3655,2.634127520015363,2022-07-19 07:05:00+00:00,2022-07-21 20:00:00+00:00,2022-07-04 00:00:00+00:00
1658257200000,1658257500000,1658433600000,-1,PULLBACK,1709.945,1720.1970000000001,720.1970000000001,1720.247,10.25200000000018,9.754194303550355,-100.48770971517706,-1.0048770971517706,stop,2935,2.796527506827872,2022-07-19 19:05:00+00:00,2022-07-21 20:00:00+00:00,2022-07-04 00:00:00+00:00
1658275200000,1658275500000,1658433600000,-1,PULLBACK,1709.626,1720.0549999999998,720.0549999999998,1720.1049999999998,10.42899999999986,9.588647041902517,-100.47943235209469,-1.0047943235209469,stop,2635,2.7184773228497714,2022-07-20 00:05:00+00:00,2022-07-21 20:00:00+00:00,2022-07-04 00:00:00+00:00
1658282400000,1658282700000,1658433600000,-1,PULLBACK,1709.518,1719.945,719.9449999999999,1719.995,10.426999999999907,9.590486237652334,-100.47952431188217,-1.0047952431188216,stop,2515,2.7086410281001427,2022-07-20 02:05:00+00:00,2022-07-21 20:00:00+00:00,2022-07-04 00:00:00+00:00
1658296800000,1658297100000,1658416200000,-1,PULLBACK,1708.1570000000002,1718.595,718.595,1718.645,10.437999999999874,9.580379383023683,-100.47901896915074,-1.0047901896915075,stop,1985,2.5753975857444322,2022-07-20 06:05:00+00:00,2022-07-21 15:10:00+00:00,2022-07-04 00:00:00+00:00
1658314800000,1658315100000,1658433600000,-1,PULLBACK,1708.4685000000002,1718.8015,718.8015,1718.8515,10.332999999999856,9.677731539727223,-100.48388657698592,-1.0048388657698593,stop,1975,2.6317139262557308,2022-07-20 11:05:00+00:00,2022-07-21 20:00:00+00:00,2022-07-04 00:00:00+00:00
1658332800000,1658333100000,1658416200000,-1,PULLBACK,1707.6225,1717.9535,717.9535000000001,1718.0035,10.331000000000131,9.679605072112935,-100.4839802536052,-1.0048398025360519,stop,1385,2.5503339463749413,2022-07-20 16:05:00+00:00,2022-07-21 15:10:00+00:00,2022-07-04 00:00:00+00:00
1658887200000,1658887500000,1658945100000,-1,PULLBACK,1716.7420000000002,1727.165,727.165,1727.215,10.422999999999774,9.594166746618264,-100.47970833733048,-1.0047970833733049,stop,960,0.47361604144683467,2022-07-27 02:05:00+00:00,2022-07-27 18:05:00+00:00,2022-07-04 00:00:00+00:00
1658930400000,1658930700000,1658945100000,-1,PULLBACK,1714.4815,1724.808,724.808,1724.858,10.326499999999896,9.683823173388951,-100.484191158669,-1.00484191158669,stop,240,0.12128988524672392,2022-07-27 14:05:00+00:00,2022-07-27 18:05:00+00:00,2022-07-04 00:00:00+00:00
1659013200000,1659013500000,1659305100000,1,PULLBACK,1745.0414999999998,1734.5943623058827,2750.20813171762,1764.6699999999998,10.447137694117146,9.571999807785694,187.8839982271218,1.8788399822712178,timeout,4860,2.159682456631669,2022-07-28 13:05:00+00:00,2022-07-31 22:05:00+00:00,2022-07-04 00:00:00+00:00
1659106800000,1659110700000,1659370200000,1,PULLBACK,1766.2520000000002,1752.499914935175,2798.0084214176777,1768.855,13.752085064825224,7.271624595733324,18.928038822692667,0.18928038822692667,timeout,4325,0.6422298842951585,2022-07-29 16:05:00+00:00,2022-08-01 16:10:00+00:00,2022-07-04 00:00:00+00:00
1659315600000,1659315900000,1659575400000,1,PULLBACK,1763.281,1752.768,2752.768,1766.7489999999998,10.51299999999992,9.512032721392634,32.9877294777882,0.329877294777882,timeout,4325,2.329401693141845,2022-08-01 01:05:00+00:00,2022-08-04 01:10:00+00:00,2022-07-04 00:00:00+00:00
1659319200000,1659319500000,1659579000000,1,PULLBACK,1763.9520000000002,1753.558,2753.558,1766.843,10.394000000000233,9.620935154896841,27.814123532805315,0.2781412353280531,timeout,4325,2.291514335193306,2022-08-01 02:05:00+00:00,2022-08-04 02:10:00+00:00,2022-07-04 00:00:00+00:00
1659369600000,1659369900000,1659479100000,1,PULLBACK,1769.1829999999998,1758.6397484040951,2782.1649079945837,1758.5897484040952,10.543251595904621,9.484739986556292,-100.47423699932739,-1.0047423699932738,stop,1820,1.7629286213012385,2022-08-01 16:05:00+00:00,2022-08-02 22:25:00+00:00,2022-07-04 00:00:00+00:00
1659380400000,1659380700000,1659479100000,1,PULLBACK,1769.6779999999999,1759.3249999999998,2759.325,1759.2749999999999,10.353000000000065,9.659036028204325,-100.48295180140978,-1.0048295180140978,stop,1640,1.7475127982227359,2022-08-01 19:05:00+00:00,2022-08-02 22:25:00+00:00,2022-07-04 00:00:00+00:00
1659423600000,1659423900000,1659468000000,1,PULLBACK,1774.88,1764.464,2764.464,1764.414,10.416000000000167,9.600614439323962,-100.48003072196576,-1.0048003072196576,stop,735,1.2375192012288465,2022-08-02 07:05:00+00:00,2022-08-02 19:20:00+00:00,2022-07-04 00:00:00+00:00
1659430800000,1659431100000,1659468600000,1,PULLBACK,1773.7055,1763.453,2763.453,1763.403,10.252500000000055,9.753718605218188,-100.48768593026047,-1.0048768593026047,stop,625,1.3718117532309073,2022-08-02 09:05:00+00:00,2022-08-02 19:30:00+00:00,2022-07-04 00:00:00+00:00
1659506400000,1659506700000,1659535500000,1,PULLBACK,1769.9819999999997,1759.4652135611682,2774.1438574443673,1759.4152135611682,10.51678643883156,9.508608031705002,-100.47543040158483,-1.0047543040158482,stop,480,0.23885623375644588,2022-08-03 06:05:00+00:00,2022-08-03 14:05:00+00:00,2022-07-04 00:00:00+00:00
1660014000000,1660014300000,1660273800000,1,PULLBACK,1785.8509999999999,1775.433,2775.433,1788.455,10.417999999999893,9.598771357266369,24.995200614322027,0.24995200614322027,timeout,4325,2.0875407947783162,2022-08-09 03:05:00+00:00,2022-08-12 03:10:00+00:00,2022-07-04 00:00:00+00:00
1660032000000,1660032300000,1660291800000,1,PULLBACK,1787.465,1777.172,2777.172,1788.711,10.292999999999893,9.715340522685421,12.105314291266954,0.12105314291266954,timeout,4325,1.9560866608375063,2022-08-09 08:05:00+00:00,2022-08-12 08:10:00+00:00,2022-07-04 00:00:00+00:00
1660096800000,1660097100000,1660514700000,1,PULLBACK,1793.3165,1782.9850000000001,2782.985,1801.02,10.331499999999778,9.679136621013614,74.56322895997911,0.7456322895997911,timeout,6960,1.382422687896294,2022-08-10 02:05:00+00:00,2022-08-14 22:05:00+00:00,2022-07-04 00:00:00+00:00
1660132800000,1660133100000,1660514700000,1,PULLBACK,1792.801,1782.438,2782.438,1801.02,10.362999999999829,9.649715333397824,79.3110103251972,0.7931101032519721,timeout,6360,1.4279648750362322,2022-08-10 12:05:00+00:00,2022-08-14 22:05:00+00:00,2022-07-04 00:00:00+00:00
1660136400000,1660136700000,1660181700000,1,PULLBACK,1797.747,1787.43,2787.4300000000003,1787.38,10.317000000000007,9.692740137636903,-100.4846370068814,-1.004846370068814,stop,750,0.43142386352619866,2022-08-10 13:05:00+00:00,2022-08-11 01:35:00+00:00,2022-07-04 00:00:00+00:00
1660226400000,1660226700000,1660231200000,1,PULLBACK,1797.35,1787.0635,2787.0635,1787.0135,10.286499999999933,9.721479609196583,-100.4860739804594,-1.004860739804594,stop,75,0.05011422738542801,2022-08-11 14:05:00+00:00,2022-08-11 15:20:00+00:00,2022-07-04 00:00:00+00:00
1660708800000,1660709100000,1661119500000,-1,PULLBACK,1775.485,1785.894,785.894,1746.3590000000002,10.409000000000106,9.607070804111729,279.81554424055577,2.7981554424055575,timeout,6840,2.842251897396437,2022-08-17 04:05:00+00:00,2022-08-21 22:05:00+00:00,2022-07-04 00:00:00+00:00
1660834800000,1660835100000,1661119500000,-1,PULLBACK,1761.9569999999999,1772.3015,772.3015,1746.3590000000002,10.344500000000153,9.66697278747146,150.7854415389772,1.5078544153897722,timeout,4740,1.552225820484272,2022-08-18 15:05:00+00:00,2022-08-21 22:05:00+00:00,2022-07-04 00:00:00+00:00
1660917600000,1660917900000,1661177400000,-1,PULLBACK,1751.3159999999998,1761.6100000000001,761.6100000000001,1737.0300000000002,10.294000000000324,9.71439673596239,138.77987176995487,1.3877987176995488,timeout,4325,2.248008548669042,2022-08-19 14:05:00+00:00,2022-08-22 14:10:00+00:00,2022-07-04 00:00:00+00:00
1661230800000,1661231100000,1661262600000,-1,PULLBACK,1736.6190000000001,1747.012,747.012,1747.062,10.392999999999802,9.621860867892034,-100.48109304339417,-1.0048109304339417,stop,525,0.5218897334744618,2022-08-23 05:05:00+00:00,2022-08-23 13:50:00+00:00,2022-07-04 00:00:00+00:00
1661238000000,1661238300000,1661262600000,-1,PULLBACK,1735.827,1746.2725,746.2725,1746.3225,10.445500000000038,9.573500550476247,-100.47867502752338,-1.004786750275234,stop,405,0.4434445454980439,2022-08-23 07:05:00+00:00,2022-08-23 13:50:00+00:00,2022-07-04 00:00:00+00:00
1661259600000,1661259900000,1661262600000,-1,PULLBACK,1735.783,1746.0929999999998,746.0929999999998,1746.1429999999998,10.309999999999945,9.699321047526725,-100.4849660523759,-1.004849660523759,stop,45,0.0,2022-08-23 13:05:00+00:00,2022-08-23 13:50:00+00:00,2022-07-04 00:00:00+00:00
1661526000000,1661526300000,1661785800000,-1,PULLBACK,1741.2339999999997,1751.622,751.6220000000001,1740.551,10.388000000000375,9.626492106276126,6.574894108584336,0.06574894108584335,timeout,4325,1.974249133615609,2022-08-26 15:05:00+00:00,2022-08-29 15:10:00+00:00,2022-07-04 00:00:00+00:00
1661832000000,1661832300000,1661997900000,-1,PULLBACK,1734.641,1745.0529999999999,745.0529999999999,1703.4050000000007,10.411999999999807,9.604302727622153,300.0,3.0,target,2760,2.959854014598615,2022-08-30 04:05:00+00:00,2022-09-01 02:05:00+00:00,2022-07-04 00:00:00+00:00
1661839200000,1661839500000,1661997900000,-1,PULLBACK,1734.2425,1744.62,744.6199999999999,1703.1100000000006,10.377499999999827,9.63623223319698,300.0,3.0,target,2640,2.9312936641773746,2022-08-30 06:05:00+00:00,2022-09-01 02:05:00+00:00,2022-07-04 00:00:00+00:00
1661842800000,1661843100000,1662021600000,-1,PULLBACK,1732.1970000000001,1742.578,742.578,1701.0540000000005,10.380999999999858,9.632983334938963,300.0,3.0,target,2975,2.9984587226664683,2022-08-30 07:05:00+00:00,2022-09-01 08:40:00+00:00,2022-07-04 00:00:00+00:00
1661853600000,1661853900000,1661997900000,-1,PULLBACK,1734.1285000000003,1744.4650000000001,744.4650000000001,1703.1190000000006,10.336499999999887,9.674454602621882,300.0,3.0,target,2400,2.9318918395976126,2022-08-30 10:05:00+00:00,2022-09-01 02:05:00+00:00,2022-07-04 00:00:00+00:00
1661857200000,1661857500000,1661997900000,-1,PULLBACK,1733.8290000000002,1744.172,744.172,1702.8000000000006,10.342999999999847,9.668374746205306,300.0,3.0,target,2340,2.9010925263463943,2022-08-30 11:05:00+00:00,2022-09-01 02:05:00+00:00,2022-07-04 00:00:00+00:00
1661860800000,1661861100000,1662020400000,-1,PULLBACK,1732.6744999999999,1743.042,743.0419999999999,1701.5719999999997,10.367500000000064,9.645526886906138,300.0,3.0,target,2655,2.886520376175524,2022-08-30 12:05:00+00:00,2022-09-01 08:20:00+00:00,2022-07-04 00:00:00+00:00
1661925600000,1661925900000,1662042000000,-1,PULLBACK,1724.1669999999997,1734.562,734.5619999999999,1692.981999999999,10.39500000000021,9.620009620009426,300.0,3.0,target,1935,2.9554593554592943,2022-08-31 06:05:00+00:00,2022-09-01 14:20:00+00:00,2022-07-04 00:00:00+00:00
1661961600000,1661961900000,1662329100000,-1,PULLBACK,1718.4964999999997,1728.8220000000001,728.8220000000001,1712.093,10.325500000000375,9.68476102852127,62.01636724613273,0.6201636724613273,timeout,6120,2.8396203573675605,2022-08-31 16:05:00+00:00,2022-09-04 22:05:00+00:00,2022-07-04 00:00:00+00:00
1662094800000,1662095100000,1662122100000,-1,PULLBACK,1698.9270000000001,1709.333,709.3330000000001,1709.383,10.405999999999949,9.609840476648134,-100.48049202383197,-1.0048049202383198,stop,450,0.0,2022-09-02 05:05:00+00:00,2022-09-02 12:35:00+00:00,2022-07-04 00:00:00+00:00
1662555600000,1662555900000,1662561300000,-1,PULLBACK,1700.01,1710.3670000000002,710.3670000000002,1710.4170000000001,10.357000000000198,9.655305590421753,-100.48276527952065,-1.0048276527952065,stop,90,0.25002413826395353,2022-09-07 13:05:00+00:00,2022-09-07 14:35:00+00:00,2022-07-04 00:00:00+00:00
1663059600000,1663059900000,1663072500000,1,PULLBACK,1725.7289999999998,1715.4035,2715.4035,1715.3535,10.32549999999992,9.684761028521697,-100.48423805142565,-1.0048423805142566,stop,210,0.5625877681468444,2022-09-13 09:05:00+00:00,2022-09-13 12:35:00+00:00,2022-07-04 00:00:00+00:00
1663066800000,1663067100000,1663072500000,1,PULLBACK,1728.587,1718.2635,2718.2635,1718.2135,10.323499999999967,9.686637283866936,-100.48433186419291,-1.004843318641929,stop,90,0.2858526662469154,2022-09-13 11:05:00+00:00,2022-09-13 12:35:00+00:00,2022-07-04 00:00:00+00:00
1663153200000,1663153500000,1663253700000,-1,PULLBACK,1703.3700000000001,1713.6770000000001,713.6770000000001,1672.449,10.307000000000016,9.702144173862408,300.0,3.0,target,1670,2.628407878141077,2022-09-14 11:05:00+00:00,2022-09-15 14:55:00+00:00,2022-07-04 00:00:00+00:00
1663156800000,1663157100000,1663253700000,-1,PULLBACK,1701.358,1711.672,711.672,1670.4159999999997,10.314000000000078,9.695559433779255,300.0,3.0,target,1610,2.4315493503974945,2022-09-14 12:05:00+00:00,2022-09-15 14:55:00+00:00,2022-07-04 00:00:00+00:00
1663164000000,1663164300000,1663253700000,-1,PULLBACK,1703.2619999999997,1713.6444999999999,713.6444999999999,1672.1144999999992,10.382500000000164,9.631591620515138,300.0,3.0,target,1490,2.5988923669635726,2022-09-14 14:05:00+00:00,2022-09-15 14:55:00+00:00,2022-07-04 00:00:00+00:00
1663171200000,1663171500000,1663253700000,-1,PULLBACK,1703.3545,1713.665,713.665,1672.4229999999998,10.310500000000047,9.69885068619364,300.0,3.0,target,1370,2.6260123175403516,2022-09-14 16:05:00+00:00,2022-09-15 14:55:00+00:00,2022-07-04 00:00:00+00:00
1663254000000,1663254300000,1663538700000,-1,PULLBACK,1668.197,1680.939655524228,438.1741031014037,1675.324,12.742655524228212,7.847657798632732,-55.930257130856894,-0.559302571308569,timeout,4740,1.0704205237334947,2022-09-15 15:05:00+00:00,2022-09-18 22:05:00+00:00,2022-07-04 00:00:00+00:00
1663329600000,1663329900000,1663338600000,-1,PULLBACK,1665.1475,1675.7276570697034,653.1119500993424,1675.7776570697033,10.580157069703318,9.451655522804458,-100.47258277613979,-1.004725827761398,stop,145,0.7206887336138399,2022-09-16 12:05:00+00:00,2022-09-16 14:30:00+00:00,2022-07-04 00:00:00+00:00
1663560000000,1663560300000,1663632600000,-1,PULLBACK,1668.874,1679.2649999999999,679.2649999999999,1679.3149999999998,10.390999999999849,9.62371282840934,-100.48118564142004,-1.0048118564142003,stop,1205,0.8493888942354104,2022-09-19 04:05:00+00:00,2022-09-20 00:10:00+00:00,2022-07-04 00:00:00+00:00
1663596000000,1663596300000,1663599900000,-1,PULLBACK,1664.39,1674.7215,674.7215000000001,1674.7715,10.331500000000005,9.6791366210134,-100.48395683105024,-1.0048395683105023,stop,60,0.05642936650051622,2022-09-19 14:05:00+00:00,2022-09-19 15:05:00+00:00,2022-07-04 00:00:00+00:00
1663664400000,1663664700000,1663785300000,-1,PULLBACK,1668.6349999999998,1678.96,678.96,1679.01,10.325000000000273,9.685230024212819,-100.4842615012102,-1.004842615012102,stop,2010,1.3869733656173784,2022-09-20 09:05:00+00:00,2022-09-21 18:35:00+00:00,2022-07-04 00:00:00+00:00
1663722000000,1663722300000,1663741500000,-1,PULLBACK,1663.705,1674.0880000000002,674.0880000000002,1674.1380000000001,10.383000000000266,9.631127805065727,-100.48155639025285,-1.0048155639025285,stop,320,0.1592025426177603,2022-09-21 01:05:00+00:00,2022-09-21 06:25:00+00:00,2022-07-04 00:00:00+00:00
1664208000000,1664208300000,1664373000000,-1,PULLBACK,1634.0614999999998,1647.7701563090197,312.4045254070411,1647.8201563090197,13.708656309019943,7.294660960622565,-100.3647330480308,-1.003647330480308,stop,2745,1.370192641538523,2022-09-26 16:05:00+00:00,2022-09-28 13:50:00+00:00,2022-07-04 00:00:00+00:00
1664366400000,1664366700000,1664367900000,-1,PULLBACK,1624.148,1635.3771118904594,544.7659228445257,1635.4271118904594,11.229111890459535,8.905423774872338,-100.44527118874322,-1.0044527118874322,stop,20,0.0,2022-09-28 12:05:00+00:00,2022-09-28 12:25:00+00:00,2022-07-04 00:00:00+00:00
1664758800000,1664759100000,1664818500000,1,PULLBACK,1664.7404999999999,1654.3384999999998,2654.3385,1695.9465,10.402000000000044,9.613535858488712,300.0,3.0,target,990,2.7985964237646805,2022-10-03 01:05:00+00:00,2022-10-03 17:35:00+00:00,2022-07-04 00:00:00+00:00
1664762400000,1664762700000,1664826600000,1,PULLBACK,1669.4170000000001,1659.0149999999999,2659.015,1700.623000000001,10.402000000000271,9.613535858488502,300.0,3.0,target,1065,2.938857911939929,2022-10-03 02:05:00+00:00,2022-10-03 19:50:00+00:00,2022-07-04 00:00:00+00:00
1664798400000,1664798700000,1664822700000,1,PULLBACK,1666.6035000000002,1656.2885,2656.2885,1697.5485000000003,10.315000000000055,9.694619486185116,300.0,3.0,target,400,2.9864760058167277,2022-10-03 12:05:00+00:00,2022-10-03 18:45:00+00:00,2022-07-04 00:00:00+00:00
1664996400000,1664996700000,1665146100000,1,PULLBACK,1717.6389999999997,1704.776437602035,2957.6326773985297,1704.726437602035,12.862562397964666,7.774500671485466,-100.38872503357392,-1.0038872503357392,stop,2490,0.5933498912478109,2022-10-05 19:05:00+00:00,2022-10-07 12:35:00+00:00,2022-10-04 00:00:00+00:00
1665496800000,1665497100000,1665502500000,-1,PULLBACK,1666.7485,1677.0785,677.0785000000001,1677.1285,10.330000000000155,9.680542110358035,-100.48402710551746,-1.0048402710551745,stop,90,0.27763794772506245,2022-10-11 14:05:00+00:00,2022-10-11 15:35:00+00:00,2022-10-04 00:00:00+00:00
1665640800000,1665641100000,1665661200000,-1,PULLBACK,1668.7350000000001,1679.1185,679.1185,1679.1685,10.383499999999913,9.630664034285244,-100.48153320171382,-1.0048153320171382,stop,335,0.1257283189676098,2022-10-13 06:05:00+00:00,2022-10-13 11:40:00+00:00,2022-10-04 00:00:00+00:00
1665644400000,1665644700000,1665652500000,-1,PULLBACK,1667.2945000000002,1677.6565,677.6565,1677.7065,10.361999999999853,9.65064659332189,-100.48253232966566,-1.0048253232966566,stop,130,0.0,2022-10-13 07:05:00+00:00,2022-10-13 09:15:00+00:00,2022-10-04 00:00:00+00:00
1665666000000,1665666300000,1665675600000,-1,PULLBACK,1654.318,1666.854361234471,447.4182377873726,1666.904361234471,12.536361234471087,7.976796307131862,-100.39883981535624,-1.0039883981535624,stop,155,0.9229951006982208,2022-10-13 13:05:00+00:00,2022-10-13 15:40:00+00:00,2022-10-04 00:00:00+00:00
1665702000000,1665702300000,1665961800000,-1,PULLBACK,1665.2730000000001,1678.5297082953111,393.20887876420466,1646.6299999999999,13.256708295311,7.543350715152325,140.63068738258673,1.4063068738258673,timeout,4325,1.863433927164077,2022-10-13 23:05:00+00:00,2022-10-16 23:10:00+00:00,2022-10-04 00:00:00+00:00
1665738000000,1665738300000,1665997800000,-1,PULLBACK,1660.4195,1671.8696303829279,561.0565920901392,1655.666,11.45013038292791,8.733525004143143,41.5148111071947,0.41514811107194705,timeout,4325,1.7335610456973765,2022-10-14 09:05:00+00:00,2022-10-17 09:10:00+00:00,2022-10-04 00:00:00+00:00
1665756000000,1665756300000,1666009500000,-1,PULLBACK,1650.4020000000003,1664.3831030118931,297.7228018225751,1664.433103011893,13.981103011892856,7.152511494617857,-100.35762557473056,-1.0035762557473056,stop,4220,0.7032349301508355,2022-10-14 14:05:00+00:00,2022-10-17 12:25:00+00:00,2022-10-04 00:00:00+00:00
1665975600000,1665975900000,1666001700000,-1,PULLBACK,1650.0414999999998,1661.0013897334197,609.0124163914359,1661.0513897334197,10.959889733419914,9.124179387961425,-100.45620896939766,-1.0045620896939766,stop,430,0.11656139168122047,2022-10-17 03:05:00+00:00,2022-10-17 10:15:00+00:00,2022-10-04 00:00:00+00:00
1665990000000,1665990300000,1666001400000,-1,PULLBACK,1649.4650000000001,1659.8584999999998,659.8584999999998,1659.9084999999998,10.393499999999676,9.62139798912812,-100.48106989945596,-1.0048106989945595,stop,185,0.0,2022-10-17 07:05:00+00:00,2022-10-17 10:10:00+00:00,2022-10-04 00:00:00+00:00
1666058400000,1666058700000,1666068300000,-1,PULLBACK,1650.871,1661.26,661.26,1661.31,10.388999999999896,9.625565501973337,-100.48127827509823,-1.0048127827509823,stop,160,0.13783809798825977,2022-10-18 02:05:00+00:00,2022-10-18 04:45:00+00:00,2022-10-04 00:00:00+00:00
1666083600000,1666083900000,1666197900000,-1,PULLBACK,1649.636,1660.04,660.04,1628.828,10.403999999999996,9.611687812379857,200.0,2.0,target,1900,1.9932237600922684,2022-10-18 09:05:00+00:00,2022-10-19 16:45:00+00:00,2022-10-04 00:00:00+00:00
1666090800000,1666091100000,1666195500000,-1,PULLBACK,1650.9110000000003,1661.29,661.29,1630.153000000001,10.378999999999678,9.634839579921293,200.0,2.0,target,1740,1.931399942191049,2022-10-18 11:05:00+00:00,2022-10-19 16:05:00+00:00,2022-10-04 00:00:00+00:00
1666119600000,1666119900000,1666197900000,-1,PULLBACK,1649.8160000000003,1660.3049999999998,660.3049999999998,1628.838000000001,10.488999999999578,9.533797311469542,200.0,2.0,target,1300,1.9942320526266648,2022-10-18 19:05:00+00:00,2022-10-19 16:45:00+00:00,2022-10-04 00:00:00+00:00
1666137600000,1666137900000,1666195200000,-1,PULLBACK,1651.925,1662.4250000000002,662.4250000000002,1630.9249999999995,10.500000000000227,9.523809523809318,200.0,2.0,target,955,1.9966666666666157,2022-10-19 00:05:00+00:00,2022-10-19 16:00:00+00:00,2022-10-04 00:00:00+00:00
1666148400000,1666148700000,1666201500000,-1,PULLBACK,1649.3295,1659.8255,659.8254999999999,1628.3375000000003,10.495999999999867,9.527439024390365,200.0,2.0,target,880,1.9955697408536874,2022-10-19 03:05:00+00:00,2022-10-19 17:45:00+00:00,2022-10-04 00:00:00+00:00
1666249200000,1666249500000,1666269300000,-1,PULLBACK,1629.4755,1639.96,639.96,1640.01,10.484500000000025,9.537889265105608,-100.47689446325484,-1.0047689446325483,stop,330,0.18265057942676893,2022-10-20 07:05:00+00:00,2022-10-20 12:35:00+00:00,2022-10-04 00:00:00+00:00
1666256400000,1666256700000,1666262700000,-1,PULLBACK,1628.8650000000002,1639.2995,639.2995000000001,1639.3495,10.434499999999844,9.58359288897422,-100.47917964444828,-1.0047917964444828,stop,100,0.0,2022-10-20 09:05:00+00:00,2022-10-20 10:45:00+00:00,2022-10-04 00:00:00+00:00
1666350000000,1666350300000,1666357800000,-1,PULLBACK,1624.7499999999998,1635.2350000000001,635.2350000000001,1635.285,10.485000000000355,9.53743443013797,-100.47687172150647,-1.0047687172150648,stop,125,0.4826418693371148,2022-10-21 11:05:00+00:00,2022-10-21 13:10:00+00:00,2022-10-04 00:00:00+00:00
1666353600000,1666353900000,1666357200000,-1,PULLBACK,1622.7250000000001,1633.2195000000002,633.2195000000002,1633.2695,10.494500000000016,9.528800800419253,-100.47644004002053,-1.0047644004002054,stop,55,0.2892467482967439,2022-10-21 12:05:00+00:00,2022-10-21 13:00:00+00:00,2022-10-04 00:00:00+00:00
1666846800000,1666847100000,1666873500000,1,PULLBACK,1665.9250000000002,1655.47,2655.4700000000003,1655.42,10.455000000000155,9.564801530368104,-100.47824007651798,-1.0047824007651798,stop,440,0.3223338115733729,2022-10-27 05:05:00+00:00,2022-10-27 12:25:00+00:00,2022-10-04 00:00:00+00:00
1666922400000,1666922700000,1666940100000,1,PULLBACK,1666.864,1656.3545,2656.3545,1656.3045,10.509500000000116,9.515200532851125,-100.47576002664213,-1.0047576002664214,stop,290,0.0,2022-10-28 02:05:00+00:00,2022-10-28 06:55:00+00:00,2022-10-04 00:00:00+00:00
1667491200000,1667491500000,1667530500000,-1,PULLBACK,1625.546,1637.3022260666926,503.579619397442,1637.3522260666925,11.756226066692534,8.50613108600537,-100.42530655429988,-1.0042530655429989,stop,650,0.015055852022221613,2022-11-03 16:05:00+00:00,2022-11-04 02:55:00+00:00,2022-10-04 00:00:00+00:00
1667509200000,1667513100000,1667532300000,-1,PULLBACK,1628.855,1639.55,639.55,1639.6,10.694999999999936,9.350163627863543,-100.46750818139274,-1.0046750818139274,stop,320,0.0,2022-11-03 22:05:00+00:00,2022-11-04 03:25:00+00:00,2022-10-04 00:00:00+00:00
1667811600000,1667811900000,1667898300000,1,PULLBACK,1675.435,1664.8707273280804,2675.797994520035,1664.8207273280805,10.564272671919525,9.465866993930026,-100.47329334969608,-1.0047329334969608,stop,1440,0.5794530480334451,2022-11-07 09:05:00+00:00,2022-11-08 09:05:00+00:00,2022-10-04 00:00:00+00:00
1667858400000,1667862300000,1667898300000,1,PULLBACK,1675.755,1665.6,2665.6,1665.55,10.1550000000002,9.847365829640378,-100.49236829148158,-1.0049236829148158,stop,600,0.053175775480054456,2022-11-07 23:05:00+00:00,2022-11-08 09:05:00+00:00,2022-10-04 00:00:00+00:00
1667869200000,1667869500000,1667898300000,1,PULLBACK,1676.0649999999998,1665.5349999999999,2665.535,1665.485,10.529999999999973,9.496676163342855,-100.47483380816671,-1.004748338081667,stop,480,0.021842355175711887,2022-11-08 01:05:00+00:00,2022-11-08 09:05:00+00:00,2022-10-04 00:00:00+00:00
1667916000000,1667916300000,1667920200000,1,PULLBACK,1673.344,1662.9605000000001,2662.9605,1694.1109999999999,10.383499999999913,9.630664034285244,200.0,2.0,target,65,0.642557904367514,2022-11-08 14:05:00+00:00,2022-11-08 15:10:00+00:00,2022-10-04 00:00:00+00:00
1667991600000,1667991900000,1668087300000,1,PULLBACK,1709.2440000000001,1698.81,2698.81,1730.1120000000005,10.434000000000196,9.584052137243447,200.0,2.0,target,1590,1.216935020126464,2022-11-09 11:05:00+00:00,2022-11-10 13:35:00+00:00,2022-10-04 00:00:00+00:00
1668002400000,1668002700000,1668087300000,1,PULLBACK,1710.4234999999999,1699.995,2699.995,1731.2804999999998,10.428499999999985,9.58910677470395,200.0,2.0,target,1410,1.1044733183104036,2022-11-09 14:05:00+00:00,2022-11-10 13:35:00+00:00,2022-10-04 00:00:00+00:00
1668049200000,1668049500000,1668087300000,1,PULLBACK,1709.3245,1698.815,2698.815,1730.3434999999997,10.509499999999889,9.515200532851331,200.00000000000003,2.0000000000000004,target,630,0.2888814881773719,2022-11-10 03:05:00+00:00,2022-11-10 13:35:00+00:00,2022-10-04 00:00:00+00:00
1668085200000,1668085500000,1668087300000,1,PULLBACK,1709.8345,1699.3845000000001,2699.3845,1730.7344999999996,10.449999999999818,9.56937799043079,200.0,2.0,target,30,0.24172248803828816,2022-11-10 13:05:00+00:00,2022-11-10 13:35:00+00:00,2022-10-04 00:00:00+00:00
1668088800000,1668089100000,1668144600000,1,PULLBACK,1733.634,1721.7871013234133,2859.5769689820845,1757.3277973531735,11.846898676586761,8.44102770944026,199.99999999999997,1.9999999999999998,target,925,1.9520720680851527,2022-11-10 14:05:00+00:00,2022-11-11 05:30:00+00:00,2022-10-04 00:00:00+00:00
1668394800000,1668395100000,1668654600000,1,PULLBACK,1763.694,1752.1954945851726,2852.6960360679004,1765.641,11.498505414827378,8.696782441920627,16.932635414420474,0.16932635414420474,timeout,4325,1.9455572000820718,2022-11-14 03:05:00+00:00,2022-11-17 03:10:00+00:00,2022-10-04 00:00:00+00:00
1668434400000,1668434700000,1668519300000,1,PULLBACK,1764.245,1753.598931185616,2771.2558126240133,1785.5371376287676,10.646068814383852,9.393138607641768,199.99999999999997,1.9999999999999998,target,1410,1.854722183771926,2022-11-14 14:05:00+00:00,2022-11-15 13:35:00+00:00,2022-10-04 00:00:00+00:00
1668477600000,1668477900000,1668690300000,1,PULLBACK,1769.639,1759.205,2759.205,1759.155,10.433999999999969,9.584052137243654,-100.47920260686175,-1.0047920260686174,stop,3540,1.5742764040636579,2022-11-15 02:05:00+00:00,2022-11-17 13:05:00+00:00,2022-10-04 00:00:00+00:00
1668499200000,1668499500000,1668505800000,1,PULLBACK,1783.434,1772.9450000000002,2772.945,1772.8950000000002,10.488999999999805,9.533797311469336,-100.47668986557304,-1.0047668986557303,stop,105,0.0,2022-11-15 08:05:00+00:00,2022-11-15 09:50:00+00:00,2022-10-04 00:00:00+00:00
1668538800000,1668539100000,1668654900000,1,PULLBACK,1778.474,1764.7478415073272,3081.4636907746076,1764.6978415073272,13.726158492672766,7.2853595602426955,-100.36426797801181,-1.0036426797801181,stop,1930,0.4522022679042719,2022-11-15 19:05:00+00:00,2022-11-17 03:15:00+00:00,2022-10-04 00:00:00+00:00
1668542400000,1668542700000,1668654900000,1,PULLBACK,1779.0639999999999,1765.4732813996611,3081.1451414335625,1765.4232813996612,13.590718600338732,7.357962661187586,-100.36789813305904,-1.0036789813305904,stop,1870,0.4132967626789206,2022-11-15 20:05:00+00:00,2022-11-17 03:15:00+00:00,2022-10-04 00:00:00+00:00
1668567600000,1668567900000,1668654300000,1,PULLBACK,1777.4539999999997,1765.950218288008,2860.978389487191,1765.900218288008,11.503781711991678,8.69279359636656,-100.43463967981793,-1.0043463967981794,stop,1440,0.6282281932094388,2022-11-16 03:05:00+00:00,2022-11-17 03:05:00+00:00,2022-10-04 00:00:00+00:00
1668585600000,1668585900000,1668652200000,1,PULLBACK,1777.214,1766.4878764917696,2799.2002273148228,1766.4378764917697,10.72612350823033,9.323032680284575,-100.46615163401381,-1.0046615163401382,stop,1105,0.6961508502368583,2022-11-16 08:05:00+00:00,2022-11-17 02:30:00+00:00,2022-10-04 00:00:00+00:00
1668614400000,1668614700000,1668650400000,1,PULLBACK,1780.1645,1769.13180123806,2820.501677432069,1769.08180123806,11.032698761940082,9.063965413881668,-100.45319827069368,-1.0045319827069368,stop,595,0.0,2022-11-16 16:05:00+00:00,2022-11-17 02:00:00+00:00,2022-10-04 00:00:00+00:00
1669208400000,1669208700000,1669215300000,-1,PULLBACK,1736.296,1746.77,746.77,1746.82,10.473999999999933,9.547450830628284,-100.47737254153098,-1.0047737254153097,stop,110,0.7177773534466588,2022-11-23 13:05:00+00:00,2022-11-23 14:55:00+00:00,2022-10-04 00:00:00+00:00
1669320000000,1669331100000,1669590600000,1,PULLBACK,1755.926,1745.365,2745.365,1751.8739999999998,10.560999999999922,9.46880030300168,-38.367578827764085,-0.3836757882776409,timeout,4325,0.45256131048197457,2022-11-24 23:05:00+00:00,2022-11-27 23:10:00+00:00,2022-10-04 00:00:00+00:00
1669334400000,1669334700000,1669594200000,1,PULLBACK,1755.9989999999998,1745.4745,2745.4745000000003,1751.725,10.524499999999762,9.501639032733362,-40.61000522590132,-0.4061000522590132,timeout,4325,0.4471946410756178,2022-11-25 00:05:00+00:00,2022-11-28 00:10:00+00:00,2022-10-04 00:00:00+00:00
1669341600000,1669341900000,1669382700000,1,PULLBACK,1757.0839999999998,1746.6599999999999,2746.66,1746.61,10.423999999999978,9.593246354566405,-100.47966231772789,-1.004796623177279,stop,680,0.3474194167306412,2022-11-25 02:05:00+00:00,2022-11-25 13:25:00+00:00,2022-10-04 00:00:00+00:00
1669359600000,1669359900000,1669382700000,1,PULLBACK,1757.5394999999999,1747.0245,2747.0245,1746.9745,10.514999999999873,9.510223490252136,-100.47551117451216,-1.0047551117451217,stop,380,0.0,2022-11-25 07:05:00+00:00,2022-11-25 13:25:00+00:00,2022-10-04 00:00:00+00:00
1669402800000,1669590300000,1669650900000,1,PULLBACK,1758.1835,1744.6599999999999,2744.66,1744.61,13.52350000000024,7.394535438310957,-100.36972677191521,-1.003697267719152,stop,1010,0.38544015972194856,2022-11-27 23:05:00+00:00,2022-11-28 15:55:00+00:00,2022-10-04 00:00:00+00:00
1669626000000,1669626300000,1669645500000,1,PULLBACK,1759.8104999999998,1749.3755,2749.3755,1749.3255000000001,10.434999999999718,9.583133684715161,-100.47915668423532,-1.0047915668423533,stop,320,0.34360325826547533,2022-11-28 09:05:00+00:00,2022-11-28 14:25:00+00:00,2022-10-04 00:00:00+00:00
1669734000000,1669734300000,1669853100000,1,PULLBACK,1752.6245000000001,1742.23,2742.23,1773.4135000000003,10.394500000000107,9.62047236519303,199.99999999999997,1.9999999999999998,target,1980,1.9679638270238553,2022-11-29 15:05:00+00:00,2022-12-01 00:05:00+00:00,2022-10-04 00:00:00+00:00
1669737600000,1669737900000,1669833000000,1,PULLBACK,1755.664,1745.21,2745.21,1745.16,10.45399999999995,9.56571647216381,-100.47828582360776,-1.0047828582360776,stop,1585,0.835278362349341,2022-11-29 16:05:00+00:00,2022-11-30 18:30:00+00:00,2022-10-04 00:00:00+00:00
1669777200000,1669777500000,1669853700000,1,PULLBACK,1753.754,1743.355,2743.355,1774.5519999999997,10.398999999999887,9.616309260505922,200.0,2.0,target,1270,1.9777863256082537,2022-11-30 03:05:00+00:00,2022-12-01 00:15:00+00:00,2022-10-04 00:00:00+00:00
1669820400000,1669820700000,1669833000000,1,PULLBACK,1757.544,1747.1100000000001,2747.11,1747.0600000000002,10.433999999999969,9.584052137243654,-100.47920260686175,-1.0047920260686174,stop,205,0.0,2022-11-30 15:05:00+00:00,2022-11-30 18:30:00+00:00,2022-10-04 00:00:00+00:00
1669986000000,1669986300000,1669988100000,1,PULLBACK,1799.824,1789.37,2789.37,1789.32,10.454000000000178,9.565716472163603,-100.47828582360775,-1.0047828582360774,stop,30,0.08054333269560518,2022-12-02 13:05:00+00:00,2022-12-02 13:35:00+00:00,2022-10-04 00:00:00+00:00
1670011200000,1670011500000,1670251200000,1,PULLBACK,1798.984,1788.177934203163,2829.884513886841,1788.127934203163,10.806065796836947,9.254061735333046,-100.46270308676623,-1.0046270308676624,stop,3995,0.9773214598685369,2022-12-02 20:05:00+00:00,2022-12-05 14:40:00+00:00,2022-10-04 00:00:00+00:00
1670198400000,1670198700000,1670250900000,1,PULLBACK,1799.5249999999999,1789.0405,2789.0405,1788.9905,10.484499999999798,9.537889265105816,-100.47689446325487,-1.0047689446325487,stop,870,0.9556965043636227,2022-12-05 00:05:00+00:00,2022-12-05 14:35:00+00:00,2022-10-04 00:00:00+00:00
1670472000000,1670472300000,1670604300000,1,PULLBACK,1784.4595,1773.9705,2773.9705,1805.4375,10.489000000000033,9.533797311469128,199.99999999999997,1.9999999999999998,target,2200,1.9577176089236479,2022-12-08 04:05:00+00:00,2022-12-09 16:45:00+00:00,2022-10-04 00:00:00+00:00
1670479200000,1670479500000,1670799900000,1,PULLBACK,1784.9750000000001,1774.5149999999999,2774.515,1795.6384999999998,10.460000000000264,9.560229445506451,101.94550669215477,1.0194550669215476,timeout,5340,1.9856596558316881,2022-12-08 06:05:00+00:00,2022-12-11 23:05:00+00:00,2022-10-04 00:00:00+00:00
1670493600000,1670493900000,1670603700000,1,PULLBACK,1783.8494999999998,1773.3755,2773.3755,1804.7974999999992,10.473999999999705,9.547450830628492,200.00000000000003,2.0000000000000004,target,1830,1.9854878747375055,2022-12-08 10:05:00+00:00,2022-12-09 16:35:00+00:00,2022-10-04 00:00:00+00:00
1670497200000,1670497500000,1670604300000,1,PULLBACK,1784.29,1773.84,2773.84,1805.19,10.450000000000045,9.56937799043058,199.99999999999997,1.9999999999999998,target,1780,1.9812440191387644,2022-12-08 11:05:00+00:00,2022-12-09 16:45:00+00:00,2022-10-04 00:00:00+00:00
1670511600000,1670511900000,1670799900000,1,PULLBACK,1792.874,1782.5149999999999,2782.515,1795.6384999999998,10.359000000000151,9.653441451877454,26.68693889371301,0.2668693889371301,timeout,4800,1.2424944492711563,2022-12-08 15:05:00+00:00,2022-12-11 23:05:00+00:00,2022-10-04 00:00:00+00:00
1670580000000,1670580300000,1670839800000,1,PULLBACK,1793.1095,1782.6995000000002,2782.6995,1792.226,10.409999999999854,9.606147934678328,-8.487031700287464,-0.08487031700287463,timeout,4325,1.213784822286289,2022-12-09 10:05:00+00:00,2022-12-12 10:10:00+00:00,2022-10-04 00:00:00+00:00
1670623200000,1670799900000,1670811600000,1,PULLBACK,1796.4959999999999,1787.5149999999999,2787.515,1787.465,8.980999999999995,11.134617525887993,-100.5567308762939,-1.0055673087629389,stop,195,0.03652154548490978,2022-12-11 23:05:00+00:00,2022-12-12 02:20:00+00:00,2022-10-04 00:00:00+00:00
1670846400000,1670846700000,1670859600000,1,PULLBACK,1794.9095000000002,1784.4450000000002,2784.445,1784.3950000000002,10.464500000000044,9.556118304744572,-100.47780591523679,-1.0047780591523678,stop,215,0.0,2022-12-12 12:05:00+00:00,2022-12-12 15:40:00+00:00,2022-10-04 00:00:00+00:00
1670940000000,1670940300000,1671044700000,1,PULLBACK,1811.4115,1801.056,2801.056,1801.006,10.355499999999893,9.656704166867948,-100.48283520834296,-1.0048283520834296,stop,1740,1.2336439573173892,2022-12-13 14:05:00+00:00,2022-12-14 19:05:00+00:00,2022-10-04 00:00:00+00:00
1671015600000,1671015900000,1671044700000,1,PULLBACK,1809.2185,1798.8984999999998,2798.8985,1798.8484999999998,10.320000000000164,9.689922480620002,-100.48449612403056,-1.0048449612403056,stop,480,0.3451065891473057,2022-12-14 11:05:00+00:00,2022-12-14 19:05:00+00:00,2022-10-04 00:00:00+00:00
1671026400000,1671026700000,1671044700000,1,PULLBACK,1809.0159999999998,1798.6565,2798.6565,1798.6065,10.359499999999798,9.65297552970722,-100.48264877648492,-1.0048264877648492,stop,300,0.36333799893821367,2022-12-14 14:05:00+00:00,2022-12-14 19:05:00+00:00,2022-10-04 00:00:00+00:00
1671044400000,1671044700000,1671044700000,1,PULLBACK,1810.4795000000001,1799.9835,2799.9835000000003,1799.9335,10.496000000000095,9.527439024390159,-100.47637195121908,-1.0047637195121908,stop,0,0.0,2022-12-14 19:05:00+00:00,2022-12-14 19:05:00+00:00,2022-10-04 00:00:00+00:00
1671177600000,1671177900000,1671199500000,-1,PULLBACK,1777.0835,1787.4135,787.4135000000001,1787.4635,10.330000000000155,9.680542110358035,-100.48402710551746,-1.0048402710551745,stop,360,0.22971926427880077,2022-12-16 08:05:00+00:00,2022-12-16 14:05:00+00:00,2022-10-04 00:00:00+00:00
1671462000000,1671462300000,1671548700000,1,PULLBACK,1792.8165,1782.49,2782.49,1813.4694999999997,10.326499999999896,9.683823173388951,200.0,2.0,target,1440,1.9698348908149133,2022-12-19 15:05:00+00:00,2022-12-20 15:05:00+00:00,2022-10-04 00:00:00+00:00
1671519600000,1671519900000,1671548700000,1,PULLBACK,1793.5884999999998,1783.2150000000001,2783.215,1814.3354999999992,10.373499999999694,9.639947944281385,200.0,2.0,target,480,1.8864896129561515,2022-12-20 07:05:00+00:00,2022-12-20 15:05:00+00:00,2022-10-04 00:00:00+00:00
1671609600000,1671609900000,1671717900000,1,PULLBACK,1816.7900000000002,1806.43,2806.4300000000003,1806.38,10.360000000000127,9.652509652509535,-100.48262548262504,-1.0048262548262503,stop,1800,0.6481660231660072,2022-12-21 08:05:00+00:00,2022-12-22 14:05:00+00:00,2022-10-04 00:00:00+00:00
1671624000000,1671624300000,1671719400000,1,PULLBACK,1814.1699999999998,1803.775,2803.775,1803.7250000000001,10.394999999999754,9.620009620009847,-100.48100048100005,-1.0048100048100006,stop,1585,0.8980278980279446,2022-12-21 12:05:00+00:00,2022-12-22 14:30:00+00:00,2022-10-04 00:00:00+00:00
1671627600000,1671627900000,1671719100000,1,PULLBACK,1816.2535,1805.8400000000001,2805.84,1805.7900000000002,10.413499999999885,9.602919287463495,-100.48014596437274,-1.0048014596437274,stop,1520,0.6963556921304228,2022-12-21 13:05:00+00:00,2022-12-22 14:25:00+00:00,2022-10-04 00:00:00+00:00
1671649200000,1671649500000,1671717600000,1,PULLBACK,1817.4099999999999,1807.0265,2807.0265,1806.9765,10.383499999999913,9.630664034285244,-100.48153320171382,-1.0048153320171382,stop,1135,0.26272451485532966,2022-12-21 19:05:00+00:00,2022-12-22 14:00:00+00:00,2022-10-04 00:00:00+00:00
1671670800000,1671671100000,1671717000000,1,PULLBACK,1819.0535,1808.6815000000001,2808.6815,1808.6315000000002,10.371999999999844,9.64134207481696,-100.4820671037404,-1.0048206710374041,stop,765,0.10456035480140553,2022-12-22 01:05:00+00:00,2022-12-22 13:50:00+00:00,2022-10-04 00:00:00+00:00
1671696000000,1671696300000,1671717600000,1,PULLBACK,1817.2549999999999,1806.96,2806.96,1806.91,10.294999999999845,9.71345313258878,-100.48567265662899,-1.00485672656629,stop,355,0.23118018455562359,2022-12-22 08:05:00+00:00,2022-12-22 14:00:00+00:00,2022-10-04 00:00:00+00:00
1672153200000,1672153500000,1672155600000,1,PULLBACK,1808.5449999999998,1798.165,2798.165,1829.3049999999996,10.379999999999882,9.633911368015523,199.99999999999997,1.9999999999999998,target,35,1.838776493256294,2022-12-27 15:05:00+00:00,2022-12-27 15:40:00+00:00,2022-10-04 00:00:00+00:00
1672192800000,1672193100000,1672217700000,1,PULLBACK,1813.465,1803.0900000000001,2803.09,1803.0400000000002,10.374999999999773,9.63855421686768,-100.48192771084294,-1.0048192771084294,stop,410,0.0,2022-12-28 02:05:00+00:00,2022-12-28 08:55:00+00:00,2022-10-04 00:00:00+00:00
1672203600000,1672203900000,1672218300000,1,PULLBACK,1812.1919999999998,1801.8114999999998,2801.8115,1801.7614999999998,10.380499999999984,9.633447329126744,-100.48167236645591,-1.004816723664559,stop,240,0.0,2022-12-28 05:05:00+00:00,2022-12-28 09:05:00+00:00,2022-10-04 00:00:00+00:00
1672304400000,1672304700000,1672700700000,1,PULLBACK,1810.2520000000002,1799.915,2799.915,1825.854,10.337000000000216,9.67398664989822,150.9335397117107,1.5093353971171068,timeout,6600,1.486504788623359,2022-12-29 09:05:00+00:00,2023-01-02 23:05:00+00:00,2022-10-04 00:00:00+00:00
1672322400000,1672322700000,1672700700000,1,PULLBACK,1810.81,1800.4250000000002,2800.425,1825.854,10.384999999999764,9.629272989889483,144.86278285989832,1.448627828598983,timeout,6300,1.4259027443428558,2022-12-29 14:05:00+00:00,2023-01-02 23:05:00+00:00,2022-10-04 00:00:00+00:00
1672398000000,1672398300000,1672700700000,1,PULLBACK,1816.6285,1806.2565,2806.2565,1825.854,10.372000000000071,9.641342074816748,88.94620131122201,0.8894620131122202,timeout,5040,0.8667084458156646,2022-12-30 11:05:00+00:00,2023-01-02 23:05:00+00:00,2022-10-04 00:00:00+00:00
1672408800000,1672409100000,1672700700000,1,PULLBACK,1822.2984999999999,1811.7505,2811.7505,1825.854,10.547999999999774,9.480470231323677,33.7078119074729,0.337078119074729,timeout,4860,0.3147042093288169,2022-12-30 14:05:00+00:00,2023-01-02 23:05:00+00:00,2022-10-04 00:00:00+00:00
1672423200000,1672423500000,1672700700000,1,PULLBACK,1824.5339999999999,1814.004,2814.004,1825.854,10.529999999999973,9.496676163342855,12.535612535614122,0.1253561253561412,timeout,4620,0.10294396961066384,2022-12-30 18:05:00+00:00,2023-01-02 23:05:00+00:00,2022-10-04 00:00:00+00:00
1672750800000,1672751100000,1672818300000,1,PULLBACK,1835.2034999999998,1823.8402195694252,2900.968262626895,1857.930060861149,11.363280430574605,8.800275643196752,200.0,2.0,target,1120,1.9727137895572038,2023-01-03 13:05:00+00:00,2023-01-04 07:45:00+00:00,2022-10-04 00:00:00+00:00
1672765200000,1672765500000,1672820400000,1,PULLBACK,1834.695,1820.6917088094117,3185.0208278682503,1862.7015823811764,14.003291190588243,7.141178358642648,200.0,2.0,target,915,1.7904005321871088,2023-01-03 17:05:00+00:00,2023-01-04 08:20:00+00:00,2022-10-04 00:00:00+00:00
1672768800000,1672769100000,1672932900000,1,PULLBACK,1839.693,1825.9007296087393,3167.827768734804,1825.8507296087394,13.792270391260672,7.250437902041418,-100.36252189510174,-1.0036252189510173,stop,2730,1.8261677943871812,2023-01-03 18:05:00+00:00,2023-01-05 15:35:00+00:00,2022-10-04 00:00:00+00:00
1672848000000,1672848300000,1672906200000,1,PULLBACK,1858.1844999999998,1846.3207769970727,2993.843077289781,1846.2707769970727,11.863723002927145,8.429057217142285,-100.42145286085672,-1.004214528608567,stop,965,0.16424017987603384,2023-01-04 16:05:00+00:00,2023-01-05 08:10:00+00:00,2023-01-04 00:00:00+00:00
1672866000000,1672866300000,1672908600000,1,PULLBACK,1855.747,1843.9744951816472,2983.1749770169336,1843.9244951816472,11.7725048183529,8.494369001582713,-100.42471845007876,-1.0042471845007876,stop,705,0.25066882923668843,2023-01-04 21:05:00+00:00,2023-01-05 08:50:00+00:00,2023-01-04 00:00:00+00:00
1673294400000,1673294700000,1673530800000,1,PULLBACK,1875.605,1865.0946029618167,2880.13430678014,1896.6257940763667,10.510397038183328,9.514388432397842,200.0,2.0,target,3935,1.703360961052166,2023-01-09 20:05:00+00:00,2023-01-12 13:40:00+00:00,2023-01-04 00:00:00+00:00
1673316000000,1673316300000,1673530800000,1,PULLBACK,1874.8735,1864.51,2864.51,1895.6004999999998,10.36349999999993,9.649249770830382,200.0,2.0,target,3575,1.798089448545377,2023-01-10 02:05:00+00:00,2023-01-12 13:40:00+00:00,2023-01-04 00:00:00+00:00
1673330400000,1673330700000,1673530800000,1,PULLBACK,1874.5305,1864.1535,2864.1535,1895.2845000000004,10.37700000000018,9.636696540425774,199.99999999999997,1.9999999999999998,target,3335,1.828804085959276,2023-01-10 06:05:00+00:00,2023-01-12 13:40:00+00:00,2023-01-04 00:00:00+00:00
1673341200000,1673341500000,1673530800000,1,PULLBACK,1875.4930000000002,1865.1599999999999,2865.16,1896.1590000000008,10.333000000000311,9.677731539726796,200.0,2.0,target,3155,1.7434433368817481,2023-01-10 09:05:00+00:00,2023-01-12 13:40:00+00:00,2023-01-04 00:00:00+00:00
1673359200000,1673359500000,1673530800000,1,PULLBACK,1873.835,1863.4650000000001,2863.465,1894.5749999999998,10.36999999999989,9.64320154291235,200.00000000000003,2.0000000000000004,target,2855,1.8971070395371246,2023-01-10 14:05:00+00:00,2023-01-12 13:40:00+00:00,2023-01-04 00:00:00+00:00
1673362800000,1673363100000,1673453400000,1,PULLBACK,1878.571,1868.335,2868.335,1868.285,10.235999999999876,9.769441187964167,-100.48847205939778,-1.0048847205939777,stop,1505,0.7555197342712359,2023-01-10 15:05:00+00:00,2023-01-11 16:10:00+00:00,2023-01-04 00:00:00+00:00
1673373600000,1673373900000,1673530800000,1,PULLBACK,1874.641,1864.29,2864.29,1895.3430000000003,10.351000000000113,9.660902328277356,200.0,2.0,target,2615,1.822722442276063,2023-01-10 18:05:00+00:00,2023-01-12 13:40:00+00:00,2023-01-04 00:00:00+00:00
1673377200000,1673377500000,1673530800000,1,PULLBACK,1876.0965,1865.6750000000002,2865.675,1896.9395,10.421499999999924,9.595547665883101,200.00000000000003,2.0000000000000004,target,2555,1.6707287818452077,2023-01-10 19:05:00+00:00,2023-01-12 13:40:00+00:00,2023-01-04 00:00:00+00:00
1673409600000,1673409900000,1673454000000,1,PULLBACK,1878.195,1867.82,2867.8199999999997,1867.77,10.375,9.63855421686747,-100.48192771084294,-1.0048192771084294,stop,735,0.7816385542168919,2023-01-11 04:05:00+00:00,2023-01-11 16:20:00+00:00,2023-01-04 00:00:00+00:00
1673532000000,1673532300000,1673532900000,1,PULLBACK,1900.075,1889.3919902563223,2925.092964624103,1889.3419902563223,10.683009743677758,9.360657941848302,-100.46803289709199,-1.0046803289709199,stop,10,0.09912936760419191,2023-01-12 14:05:00+00:00,2023-01-12 14:15:00+00:00,2023-01-04 00:00:00+00:00
1673539200000,1673539500000,1673631300000,1,PULLBACK,1889.2735,1875.6873130271351,3200.306010313642,1916.4458739457298,13.58618697286488,7.36041688515886,200.0,2.0,target,1530,1.9813874234003372,2023-01-12 16:05:00+00:00,2023-01-13 17:35:00+00:00,2023-01-04 00:00:00+00:00
1673593200000,1673593500000,1673632800000,1,PULLBACK,1896.5390000000002,1886.155,2886.1549999999997,1917.3070000000007,10.384000000000242,9.630200308166186,200.00000000000003,2.0000000000000004,target,655,1.984350924499173,2023-01-13 07:05:00+00:00,2023-01-13 18:00:00+00:00,2023-01-04 00:00:00+00:00
1673618400000,1673618700000,1673834400000,1,PULLBACK,1900.4450000000002,1889.0614864984673,2994.26283665174,1923.212027003066,11.383513501532889,8.784634022398633,200.0,2.0,target,3595,1.8910242428316164,2023-01-13 14:05:00+00:00,2023-01-16 02:00:00+00:00,2023-01-04 00:00:00+00:00
1673856000000,1673856300000,1673948700000,1,PULLBACK,1917.4814999999999,1906.3569991893485,2988.307080254502,1906.3069991893485,11.124500810651398,8.989167397448774,-100.44945836987203,-1.0044945836987202,stop,1540,0.1373994236700359,2023-01-16 08:05:00+00:00,2023-01-17 09:45:00+00:00,2023-01-04 00:00:00+00:00
1673870400000,1673870700000,1673948700000,1,PULLBACK,1917.0499999999997,1906.1973484055334,2954.4625078521685,1906.1473484055334,10.852651594466352,9.214338001137797,-100.46071690005648,-1.004607169000565,stop,1300,0.1543401615190958,2023-01-16 12:05:00+00:00,2023-01-17 09:45:00+00:00,2023-01-04 00:00:00+00:00
1673964000000,1673964300000,1674009900000,1,PULLBACK,1913.3600000000001,1903.0115,2903.0115,1902.9615000000001,10.348500000000058,9.66323621780929,-100.48316181089002,-1.0048316181089003,stop,760,0.29279605739961884,2023-01-17 14:05:00+00:00,2023-01-18 02:45:00+00:00,2023-01-04 00:00:00+00:00
1673967600000,1673967900000,1673983200000,1,PULLBACK,1913.9050000000002,1903.5749999999998,2903.575,1903.5249999999999,10.330000000000382,9.680542110357822,-100.48402710551744,-1.0048402710551745,stop,255,0.15488867376571636,2023-01-17 15:05:00+00:00,2023-01-17 19:20:00+00:00,2023-01-04 00:00:00+00:00
1673974800000,1673975100000,1674009900000,1,PULLBACK,1912.557,1902.1835,2902.1835,1902.1335000000001,10.373499999999922,9.639947944281174,-100.48199739721362,-1.0048199739721362,stop,580,0.0,2023-01-17 17:05:00+00:00,2023-01-18 02:45:00+00:00,2023-01-04 00:00:00+00:00
1674136800000,1674137100000,1674159300000,1,PULLBACK,1913.58,1903.23,2903.23,1934.2799999999997,10.349999999999909,9.661835748792356,200.0,2.0,target,370,1.8194685990338548,2023-01-19 14:05:00+00:00,2023-01-19 20:15:00+00:00,2023-01-04 00:00:00+00:00
1674194400000,1674194700000,1674454200000,1,PULLBACK,1928.436,1918.0585,2918.0585,1924.3915,10.377499999999827,9.63623223319698,-38.973741267164904,-0.389737412671649,timeout,4325,0.8522283787039459,2023-01-20 06:05:00+00:00,2023-01-23 06:10:00+00:00,2023-01-04 00:00:00+00:00
1674241200000,1674241500000,1674460800000,1,PULLBACK,1929.8235,1919.4665,2919.4665,1919.4165,10.356999999999971,9.655305590421964,-100.48276527952066,-1.0048276527952067,stop,3655,0.5252003475909982,2023-01-20 19:05:00+00:00,2023-01-23 08:00:00+00:00,2023-01-04 00:00:00+00:00
1674432000000,1674432300000,1674483000000,1,PULLBACK,1927.6599999999999,1917.32,2917.3199999999997,1917.27,10.339999999999918,9.671179883945918,-100.48355899419685,-1.0048355899419685,stop,845,0.7352998065764145,2023-01-23 00:05:00+00:00,2023-01-23 14:10:00+00:00,2023-01-04 00:00:00+00:00
1674583200000,1674583500000,1674642000000,1,PULLBACK,1934.2935,1922.590927286004,3056.6481986856124,1922.540927286004,11.702572713996005,8.54512955774266,-100.42725647788676,-1.0042725647788675,stop,975,0.43161449396159524,2023-01-24 18:05:00+00:00,2023-01-25 10:20:00+00:00,2023-01-04 00:00:00+00:00
1674666000000,1674666300000,1674747900000,1,PULLBACK,1937.1634999999999,1925.0029551382534,3103.8574413129013,1924.9529551382534,12.16054486174653,8.223315742584065,-100.41116578712882,-1.0041116578712883,stop,1360,0.9677197965873139,2023-01-25 17:05:00+00:00,2023-01-26 15:45:00+00:00,2023-01-04 00:00:00+00:00
1675242000000,1675242300000,1675283400000,1,PULLBACK,1926.1200000000001,1915.8,2915.8,1946.7600000000004,10.320000000000164,9.689922480620002,200.0,2.0,target,685,1.996656976744144,2023-02-01 09:05:00+00:00,2023-02-01 20:30:00+00:00,2023-01-04 00:00:00+00:00
1675249200000,1675249500000,1675283700000,1,PULLBACK,1926.925,1916.565,2916.565,1947.6449999999998,10.3599999999999,9.652509652509746,200.0,2.0,target,570,1.9913127413127711,2023-02-01 11:05:00+00:00,2023-02-01 20:35:00+00:00,2023-01-04 00:00:00+00:00
1675267200000,1675267500000,1675271700000,1,PULLBACK,1932.33,1921.9450000000002,2921.945,1921.8950000000002,10.384999999999764,9.629272989889483,-100.48146364949403,-1.0048146364949404,stop,70,0.0,2023-02-01 16:05:00+00:00,2023-02-01 17:15:00+00:00,2023-01-04 00:00:00+00:00
1675281600000,1675281900000,1675349700000,1,PULLBACK,1943.5,1931.196076272033,3119.588449068736,1931.146076272033,12.303923727967003,8.127488613465516,-100.40637443067291,-1.004063744306729,stop,1130,1.2970659078229665,2023-02-01 20:05:00+00:00,2023-02-02 14:55:00+00:00,2023-01-04 00:00:00+00:00
1675432800000,1675433100000,1675692600000,-1,PULLBACK,1886.3935,1900.7433150013612,510.41181486525284,1872.6799999999998,14.349815001361321,6.968730955103833,95.56569195281689,0.9556569195281689,timeout,4325,1.7820787234939113,2023-02-03 14:05:00+00:00,2023-02-06 14:10:00+00:00,2023-01-04 00:00:00+00:00
1675767600000,1675767900000,1675792200000,-1,PULLBACK,1871.572,1881.9650000000001,881.9650000000001,1882.015,10.393000000000256,9.621860867891613,-100.48109304339414,-1.0048109304339414,stop,405,0.5133262773019992,2023-02-07 11:05:00+00:00,2023-02-07 17:50:00+00:00,2023-01-04 00:00:00+00:00
1675868400000,1675868700000,1675933800000,-1,PULLBACK,1873.14,1885.832176948098,652.1144821382679,1885.882176948098,12.692176948097995,7.878869039482281,-100.39394345197375,-1.0039394345197374,stop,1085,0.22490231673201513,2023-02-08 15:05:00+00:00,2023-02-09 09:10:00+00:00,2023-01-04 00:00:00+00:00
1675886400000,1675886700000,1675950900000,-1,PULLBACK,1875.8445000000002,1887.3970511349255,770.3419376423651,1887.4470511349255,11.552551134925352,8.656096721154757,-100.43280483605736,-1.0043280483605737,stop,1070,0.29642803221597125,2023-02-08 20:05:00+00:00,2023-02-09 13:55:00+00:00,2023-01-04 00:00:00+00:00
1676034000000,1676034300000,1676293800000,-1,PULLBACK,1863.6465,1874.7699378178195,798.4261560358564,1860.9515,11.123437817819422,8.99002643227824,24.228121234991328,0.2422812123499133,timeout,4325,0.8434442798763706,2023-02-10 13:05:00+00:00,2023-02-13 13:10:00+00:00,2023-01-04 00:00:00+00:00
1676041200000,1676041500000,1676301000000,-1,PULLBACK,1861.4180000000001,1873.0562601592424,735.4302442349995,1856.54,11.638260159242236,8.59234959794119,41.91348133875847,0.41913481338758474,timeout,4325,0.6708906566072476,2023-02-10 15:05:00+00:00,2023-02-13 15:10:00+00:00,2023-01-04 00:00:00+00:00
1676044800000,1676045100000,1676304600000,-1,PULLBACK,1859.63,1871.6338844335824,704.7454410753573,1853.2200000000003,12.003884433582243,8.330636682925615,53.39938113755198,0.5339938113755198,timeout,4325,0.5429908989931129,2023-02-10 16:05:00+00:00,2023-02-13 16:10:00+00:00,2023-01-04 00:00:00+00:00
1676253600000,1676253900000,1676446500000,-1,PULLBACK,1861.1415,1871.495,871.4949999999999,1840.4345,10.35349999999994,9.658569565847355,200.00000000000003,2.0000000000000004,target,3210,1.8762254310136612,2023-02-13 02:05:00+00:00,2023-02-15 07:35:00+00:00,2023-01-04 00:00:00+00:00
1676282400000,1676282700000,1676381700000,-1,PULLBACK,1856.7865000000002,1867.1465,867.1465000000001,1867.1965,10.3599999999999,9.652509652509746,-100.48262548262505,-1.0048262548262505,stop,1650,0.5762065637065841,2023-02-13 10:05:00+00:00,2023-02-14 13:35:00+00:00,2023-01-04 00:00:00+00:00
1676293200000,1676293500000,1676381700000,-1,PULLBACK,1860.3125,1870.7,870.7,1870.75,10.387500000000045,9.626955475330885,-100.4813477737661,-1.004813477737661,stop,1470,0.9141275571600435,2023-02-13 13:05:00+00:00,2023-02-14 13:35:00+00:00,2023-01-04 00:00:00+00:00
1676296800000,1676297100000,1676381700000,-1,PULLBACK,1856.6635,1867.02,867.02,1867.07,10.356499999999869,9.655771737556247,-100.48278858687738,-1.0048278858687738,stop,1410,0.5645246946362361,2023-02-13 14:05:00+00:00,2023-02-14 13:35:00+00:00,2023-01-04 00:00:00+00:00
1676390400000,1676390700000,1676618100000,-1,PULLBACK,1852.002,1866.8044604791457,425.7584125645724,1822.3970790417084,14.802460479145793,6.755633642182891,200.0,2.0,target,3790,1.983352702840252,2023-02-14 16:05:00+00:00,2023-02-17 07:15:00+00:00,2023-01-04 00:00:00+00:00
1676430000000,1676430300000,1676599500000,-1,PULLBACK,1851.848,1864.2198528068272,664.234572124104,1827.1042943863454,12.371852806827292,8.082863703714283,199.99999999999997,1.9999999999999998,target,2820,1.925297719906192,2023-02-15 03:05:00+00:00,2023-02-17 02:05:00+00:00,2023-01-04 00:00:00+00:00
1676527200000,1676527500000,1676847900000,-1,PULLBACK,1836.7585,1847.1385,847.1385,1842.154,10.38000000000011,9.633911368015314,-51.97976878612743,-0.5197976878612743,timeout,5340,1.6827071290943725,2023-02-16 06:05:00+00:00,2023-02-19 23:05:00+00:00,2023-01-04 00:00:00+00:00
1676538000000,1676538300000,1676847900000,-1,PULLBACK,1837.355,1847.7385,847.7384999999999,1842.154,10.383499999999913,9.630664034285244,-46.21755670053468,-0.4621755670053468,timeout,5160,1.7395868445129317,2023-02-16 09:05:00+00:00,2023-02-19 23:05:00+00:00,2023-01-04 00:00:00+00:00
1676541600000,1676541900000,1676574300000,-1,PULLBACK,1835.2350000000001,1845.605,845.605,1845.655,10.36999999999989,9.64320154291235,-100.48216007714518,-1.0048216007714519,stop,540,0.6949373191899569,2023-02-16 10:05:00+00:00,2023-02-16 19:05:00+00:00,2023-01-04 00:00:00+00:00
1676556000000,1676556300000,1676566200000,-1,PULLBACK,1830.565,1841.099992094415,819.1007826529244,1841.149992094415,10.534992094414974,9.492176083645477,-100.47460880418184,-1.0047460880418184,stop,165,0.24076904636163957,2023-02-16 14:05:00+00:00,2023-02-16 16:50:00+00:00,2023-01-04 00:00:00+00:00
1676559600000,1676559900000,1676566200000,-1,PULLBACK,1828.565,1839.7378498019568,757.9528696062891,1839.7878498019568,11.172849801956772,8.950267995412089,-100.44751339977019,-1.0044751339977018,stop,105,0.048018187795359484,2023-02-16 15:05:00+00:00,2023-02-16 16:50:00+00:00,2023-01-04 00:00:00+00:00
1676584800000,1676588700000,1676848200000,-1,PULLBACK,1836.0760000000002,1847.012891739103,739.2237178287883,1841.53,10.936891739102748,9.143365627591363,-49.867916132880765,-0.49867916132880763,timeout,4325,1.534622486934944,2023-02-16 23:05:00+00:00,2023-02-19 23:10:00+00:00,2023-01-04 00:00:00+00:00
1676991600000,1676991900000,1677069300000,-1,PULLBACK,1834.7570000000003,1845.15,845.1500000000001,1845.2,10.392999999999802,9.621860867892034,-100.48109304339417,-1.0048109304339417,stop,1290,0.2511305686520162,2023-02-21 15:05:00+00:00,2023-02-22 12:35:00+00:00,2023-01-04 00:00:00+00:00
1676998800000,1676999100000,1677069000000,-1,PULLBACK,1832.735,1843.0900000000001,843.0900000000001,1843.14,10.355000000000246,9.657170449058198,-100.48285852245247,-1.0048285852245247,stop,1165,0.05678416224045886,2023-02-21 17:05:00+00:00,2023-02-22 12:30:00+00:00,2023-01-04 00:00:00+00:00
1677006000000,1677006300000,1677069000000,-1,PULLBACK,1832.9950000000001,1843.38,843.3800000000001,1843.43,10.384999999999991,9.629272989889271,-100.48146364949402,-1.0048146364949402,stop,1045,0.05247953779492543,2023-02-21 19:05:00+00:00,2023-02-22 12:30:00+00:00,2023-01-04 00:00:00+00:00
1677060000000,1677060300000,1677069300000,-1,PULLBACK,1833.6549999999997,1844.03,844.03,1844.08,10.375000000000227,9.63855421686726,-100.48192771084292,-1.0048192771084292,stop,150,0.10891566265056671,2023-02-22 10:05:00+00:00,2023-02-22 12:35:00+00:00,2023-01-04 00:00:00+00:00
1677085200000,1677085500000,1677246300000,-1,PULLBACK,1832.8535,1843.2150000000001,843.2150000000001,1812.1304999999995,10.361500000000206,9.65111229069131,200.0,2.0,target,2680,1.9697437629686412,2023-02-22 17:05:00+00:00,2023-02-24 13:45:00+00:00,2023-01-04 00:00:00+00:00
1677139200000,1677139500000,1677452700000,-1,PULLBACK,1829.5045,1839.8305,839.8305,1812.9240000000002,10.326000000000022,9.68429207824906,160.5704048034066,1.605704048034066,timeout,5220,1.9508522177028922,2023-02-23 08:05:00+00:00,2023-02-26 23:05:00+00:00,2023-01-04 00:00:00+00:00
1677168000000,1677168300000,1677452700000,-1,PULLBACK,1823.2530000000002,1833.623,833.623,1812.9240000000002,10.36999999999989,9.64320154291235,99.60462873674118,0.9960462873674117,timeout,4740,1.3397299903568374,2023-02-23 16:05:00+00:00,2023-02-26 23:05:00+00:00,2023-01-04 00:00:00+00:00
1677218400000,1677218700000,1677478200000,-1,PULLBACK,1824.3565,1834.6935,834.6935000000001,1810.007,10.336999999999989,9.673986649898433,138.8168714327179,1.388168714327179,timeout,4325,1.6732611008996972,2023-02-24 06:05:00+00:00,2023-02-27 06:10:00+00:00,2023-01-04 00:00:00+00:00
1677222000000,1677222300000,1677481800000,-1,PULLBACK,1823.7495000000004,1834.115,834.115,1808.8010000000002,10.365499999999656,9.647387969707522,144.21397906517475,1.4421397906517475,timeout,4325,1.610100815204376,2023-02-24 07:05:00+00:00,2023-02-27 07:10:00+00:00,2023-01-04 00:00:00+00:00
1677225600000,1677225900000,1677485400000,-1,PULLBACK,1821.7884999999999,1832.1655,832.1655000000001,1811.9149999999997,10.37700000000018,9.636696540425774,95.14792329189532,0.9514792329189532,timeout,4325,1.4193408499566045,2023-02-24 08:05:00+00:00,2023-02-27 08:10:00+00:00,2023-01-04 00:00:00+00:00
1677232800000,1677233100000,1677492600000,-1,PULLBACK,1821.3015000000003,1831.6785,831.6785,1809.49,10.376999999999725,9.636696540426197,113.82384118724644,1.1382384118724644,timeout,4325,1.3724101378048272,2023-02-24 10:05:00+00:00,2023-02-27 10:10:00+00:00,2023-01-04 00:00:00+00:00
1677488400000,1677488700000,1677511200000,-1,PULLBACK,1809.8150000000003,1820.19,820.19,1820.24,10.374999999999773,9.63855421686768,-100.48192771084294,-1.0048192771084294,stop,375,0.10457831325306167,2023-02-27 09:05:00+00:00,2023-02-27 15:20:00+00:00,2023-01-04 00:00:00+00:00
1677502800000,1677503100000,1677596700000,-1,PULLBACK,1811.1465,1821.5185000000001,821.5185000000001,1821.5685,10.372000000000071,9.641342074816748,-100.48206710374039,-1.004820671037404,stop,1560,0.5793000385653778,2023-02-27 13:05:00+00:00,2023-02-28 15:05:00+00:00,2023-01-04 00:00:00+00:00
1677571200000,1677571500000,1677596700000,-1,PULLBACK,1810.1935,1820.5185000000001,820.5185000000001,1820.5685,10.325000000000045,9.685230024213032,-100.48426150121021,-1.0048426150121021,stop,420,0.4896368038741059,2023-02-28 08:05:00+00:00,2023-02-28 15:05:00+00:00,2023-01-04 00:00:00+00:00
1677772800000,1677773100000,1678057500000,1,PULLBACK,1837.0220000000002,1826.7,2826.7,1853.3480000000002,10.322000000000116,9.68804495252847,158.16702189498002,1.5816702189498002,timeout,4740,1.9002131369889153,2023-03-02 16:05:00+00:00,2023-03-05 23:05:00+00:00,2023-01-04 00:00:00+00:00
1677783600000,1677783900000,1678057500000,1,PULLBACK,1836.2814999999998,1825.9115000000002,2825.9115,1853.3480000000002,10.369999999999663,9.64320154291256,164.5756991321207,1.645756991321207,timeout,4560,1.962825458052151,2023-03-02 19:05:00+00:00,2023-03-05 23:05:00+00:00,2023-01-04 00:00:00+00:00
1677859200000,1677859500000,1678119000000,1,PULLBACK,1845.0964999999999,1834.6799999999998,2834.68,1851.3184999999999,10.416500000000042,9.6001536024576,59.732155714491,0.59732155714491,timeout,4325,1.2384198147170393,2023-03-03 16:05:00+00:00,2023-03-06 16:10:00+00:00,2023-01-04 00:00:00+00:00
1678114800000,1678115100000,1678189500000,1,PULLBACK,1852.2830000000001,1841.8980000000001,2841.898,1841.8480000000002,10.384999999999991,9.629272989889271,-100.48146364949402,-1.0048146364949402,stop,1240,0.1360134809821772,2023-03-06 15:05:00+00:00,2023-03-07 11:45:00+00:00,2023-01-04 00:00:00+00:00
1678122000000,1678122300000,1678189500000,1,PULLBACK,1852.0600000000002,1841.6950000000002,2841.695,1841.6450000000002,10.365000000000009,9.647853352629031,-100.482392667631,-1.00482392667631,stop,1120,0.040472744814254044,2023-03-06 17:05:00+00:00,2023-03-07 11:45:00+00:00,2023-01-04 00:00:00+00:00
1678327200000,1678327500000,1678368900000,-1,PULLBACK,1811.9545,1822.3415,822.3415,1822.3915,10.386999999999944,9.627418888995912,-100.48137094444935,-1.0048137094444936,stop,690,0.0,2023-03-09 02:05:00+00:00,2023-03-09 13:35:00+00:00,2023-01-04 00:00:00+00:00
1678345200000,1678345500000,1678369500000,-1,PULLBACK,1813.0299999999997,1823.455,823.4549999999999,1823.5049999999999,10.425000000000182,9.592326139088561,-100.47961630695399,-1.00479616306954,stop,400,0.0,2023-03-09 07:05:00+00:00,2023-03-09 13:45:00+00:00,2023-01-04 00:00:00+00:00
1678791600000,1678791900000,1678867800000,1,PULLBACK,1904.162,1890.946729808032,3176.7737490048276,1890.896729808032,13.215270191968102,7.567003818111672,-100.37835019090524,-1.0037835019090524,stop,1265,0.5627580739529745,2023-03-14 11:05:00+00:00,2023-03-15 08:10:00+00:00,2023-01-04 00:00:00+00:00
1678795200000,1678795500000,1678867500000,1,PULLBACK,1904.6605,1892.051534821744,3115.248052647341,1892.0015348217441,12.608965178255858,7.930864950951713,-100.39654324754721,-1.003965432475472,stop,1200,0.5502830646218008,2023-03-14 12:05:00+00:00,2023-03-15 08:05:00+00:00,2023-01-04 00:00:00+00:00
1678798800000,1678799100000,1678801800000,1,PULLBACK,1910.5169999999998,1896.9812466201909,3212.2065846011055,1896.931246620191,13.535753379808966,7.387841459136523,-100.36939207295649,-1.0036939207295648,stop,45,0.0026965621325966567,2023-03-14 13:05:00+00:00,2023-03-14 13:50:00+00:00,2023-01-04 00:00:00+00:00
1678806000000,1678806300000,1678867500000,1,PULLBACK,1908.065,1893.1985570347565,3343.342853559111,1893.1485570347565,14.86644296524355,6.726558614847634,-100.33632793074209,-1.003363279307421,stop,1020,0.12319692103093477,2023-03-14 15:05:00+00:00,2023-03-15 08:05:00+00:00,2023-01-04 00:00:00+00:00
1678813200000,1678813500000,1678867500000,1,PULLBACK,1909.1049999999998,1894.6172149942545,3308.3957155688263,1894.5672149942545,14.487785005745309,6.902366370038193,-100.3451183185016,-1.0034511831850161,stop,900,0.05463222981887088,2023-03-14 17:05:00+00:00,2023-03-15 08:05:00+00:00,2023-01-04 00:00:00+00:00
1678946400000,1678946700000,1679058900000,1,PULLBACK,1920.375,1905.9343407938263,3314.000261411171,1949.2563184123474,14.440659206173677,6.924891625255442,200.0,2.0,target,1870,1.9072190269697147,2023-03-16 06:05:00+00:00,2023-03-17 13:15:00+00:00,2023-01-04 00:00:00+00:00
1678953600000,1678953900000,1679058300000,1,PULLBACK,1917.155,1902.6677020110035,3311.3975009106553,1946.129595977993,14.487297988996488,6.902598405579345,200.0,2.0,target,1740,1.9737980140754154,2023-03-16 08:05:00+00:00,2023-03-17 13:05:00+00:00,2023-01-04 00:00:00+00:00
1679018400000,1679018700000,1679058300000,1,PULLBACK,1923.24,1911.4986107259706,3051.6375381289135,1946.7227785480588,11.741389274029416,8.516879703595922,199.99999999999997,1.9999999999999998,target,660,1.9171496212794414,2023-03-17 02:05:00+00:00,2023-03-17 13:05:00+00:00,2023-01-04 00:00:00+00:00
1679320800000,1679321100000,1679406300000,1,PULLBACK,1978.4599999999998,1957.9322192467894,3973.710294567866,1957.8822192467894,20.527780753210436,4.871447196471081,-100.24357235982333,-1.0024357235982333,stop,1420,0.31152904821433586,2023-03-20 14:05:00+00:00,2023-03-21 13:45:00+00:00,2023-01-04 00:00:00+00:00
1679338800000,1679339100000,1679386200000,1,PULLBACK,1984.2849999999999,1965.0238553035902,3840.6383249445653,1964.9738553035902,19.2611446964097,5.191799427094284,-100.25958997135447,-1.0025958997135447,stop,785,0.02959325673444592,2023-03-20 19:05:00+00:00,2023-03-21 08:10:00+00:00,2023-01-04 00:00:00+00:00
1679360400000,1679360700000,1679386200000,1,PULLBACK,1980.84,1964.887194988018,3525.017696186198,1964.8371949880182,15.952805011981809,6.268490082144936,-100.31342450410696,-1.0031342450410696,stop,425,0.2516798767981255,2023-03-21 01:05:00+00:00,2023-03-21 08:10:00+00:00,2023-01-04 00:00:00+00:00
1679580000000,1679580300000,1679868300000,1,PULLBACK,1984.5894999999998,1969.5825347724794,3428.3290575245333,1976.156,15.006965227520368,6.663572446787311,-56.19723822997991,-0.5619723822997991,timeout,4800,1.2276632697338672,2023-03-23 14:05:00+00:00,2023-03-26 22:05:00+00:00,2023-01-04 00:00:00+00:00
1679644800000,1679645100000,1679679600000,1,PULLBACK,1989.91,1977.7894486339137,3155.8445852425625,1977.7394486339138,12.120551366086374,8.25044975097442,-100.41252248754834,-1.0041252248754835,stop,575,1.0520973522442354,2023-03-24 08:05:00+00:00,2023-03-24 17:40:00+00:00,2023-01-04 00:00:00+00:00
1679652000000,1679652300000,1679679000000,1,PULLBACK,1994.8450000000003,1981.446667444548,3285.279922989762,1981.396667444548,13.39833255545227,7.463615310795249,-100.37318076553943,-1.0037318076553943,stop,445,0.5834308088448312,2023-03-24 10:05:00+00:00,2023-03-24 17:30:00+00:00,2023-01-04 00:00:00+00:00
1679670000000,1679670300000,1679679300000,1,PULLBACK,1994.885,1979.343366018416,3499.0067641768237,1979.293366018416,15.541633981584027,6.434329885679617,-100.32171649428369,-1.003217164942837,stop,150,0.038927695808362854,2023-03-24 15:05:00+00:00,2023-03-24 17:35:00+00:00,2023-01-04 00:00:00+00:00
1680102000000,1680102300000,1680138600000,1,PULLBACK,1969.5449999999998,1959.2150000000001,2959.215,1959.1650000000002,10.3299999999997,9.680542110358461,-100.48402710551748,-1.004840271055175,stop,605,0.0,2023-03-29 15:05:00+00:00,2023-03-30 01:10:00+00:00,2023-01-04 00:00:00+00:00
1680188400000,1680188700000,1680473100000,1,PULLBACK,1972.482,1962.1399999999999,2962.14,1965.757,10.342000000000098,9.669309611293661,-65.02610713594899,-0.6502610713594899,timeout,4740,1.430235931154484,2023-03-30 15:05:00+00:00,2023-04-02 22:05:00+00:00,2023-01-04 00:00:00+00:00
1680260400000,1680260700000,1680283800000,1,PULLBACK,1979.8505,1969.4265,2969.4265,1969.3765,10.423999999999978,9.593246354566405,-100.47966231772789,-1.004796623177279,stop,385,0.7121066768994426,2023-03-31 11:05:00+00:00,2023-03-31 17:30:00+00:00,2023-01-04 00:00:00+00:00
1680271200000,1680271500000,1680283800000,1,PULLBACK,1980.1734999999996,1969.7585,2969.7585,1969.7085,10.414999999999736,9.60153624579957,-100.48007681228954,-1.0048007681228954,stop,205,0.06111377820454274,2023-03-31 14:05:00+00:00,2023-03-31 17:30:00+00:00,2023-01-04 00:00:00+00:00
1680278400000,1680278700000,1680283800000,1,PULLBACK,1980.0235,1969.4364178713265,2994.944630738673,1969.3864178713266,10.5870821286735,9.445473151583968,-100.47227365757877,-1.0047227365757876,stop,85,0.0,2023-03-31 16:05:00+00:00,2023-03-31 17:30:00+00:00,2023-01-04 00:00:00+00:00
1680577200000,1680577500000,1680617100000,1,PULLBACK,1981.2599999999998,1970.905,2970.9049999999997,2001.9699999999993,10.35499999999979,9.65717044905862,200.0,2.0,target,660,1.1300338000966064,2023-04-04 03:05:00+00:00,2023-04-04 14:05:00+00:00,2023-04-04 00:00:00+00:00
1680584400000,1680584700000,1680617100000,1,PULLBACK,1980.16,1969.8049999999998,2969.805,2000.8700000000006,10.355000000000246,9.657170449058198,200.0,2.0,target,540,1.2362626750361663,2023-04-04 05:05:00+00:00,2023-04-04 14:05:00+00:00,2023-04-04 00:00:00+00:00
1680591600000,1680591900000,1680617100000,1,PULLBACK,1981.9935,1971.6215000000002,2971.6215,2002.7374999999997,10.371999999999844,9.64134207481696,200.0,2.0,target,420,1.0574623987659095,2023-04-04 07:05:00+00:00,2023-04-04 14:05:00+00:00,2023-04-04 00:00:00+00:00
1680595200000,1680595500000,1680617100000,1,PULLBACK,1982.617,1972.245,2972.245,2003.361,10.372000000000071,9.641342074816748,200.0,2.0,target,360,0.9973486309294114,2023-04-04 08:05:00+00:00,2023-04-04 14:05:00+00:00,2023-04-04 00:00:00+00:00
1680710400000,1680710700000,1680749400000,1,PULLBACK,2022.1364999999998,2009.2615224854062,3258.2592739447646,2009.2115224854062,12.874977514593638,7.7670038558631385,-100.3883501927928,-1.003883501927928,stop,645,0.121437105286436,2023-04-05 16:05:00+00:00,2023-04-06 02:50:00+00:00,2023-04-04 00:00:00+00:00
1680775200000,1680775500000,1680786300000,1,PULLBACK,2019.982,2009.63,3009.63,2009.5800000000002,10.351999999999862,9.659969088099047,-100.48299845440451,-1.0048299845440452,stop,180,0.06293469860895967,2023-04-06 10:05:00+00:00,2023-04-06 13:05:00+00:00,2023-04-04 00:00:00+00:00
1681293600000,1681293900000,1681389300000,1,PULLBACK,2011.2400000000002,2000.93,3000.9300000000003,2031.8600000000006,10.310000000000173,9.69932104752651,200.0,2.0,target,1590,1.8136275460717415,2023-04-12 10:05:00+00:00,2023-04-13 12:35:00+00:00,2023-04-04 00:00:00+00:00
1681304400000,1681304700000,1681307100000,1,PULLBACK,2022.735,2011.650879768949,3080.562902874075,2011.600879768949,11.084120231050974,9.021915850376715,-100.45109579251843,-1.0045109579251843,stop,40,0.06946875204791958,2023-04-12 13:05:00+00:00,2023-04-12 13:45:00+00:00,2023-04-04 00:00:00+00:00
1681876800000,1681877100000,1681893600000,-1,PULLBACK,2003.23,2013.5149999999999,1013.5149999999999,1982.6600000000003,10.284999999999854,9.72289742343232,200.0,2.0,target,275,1.8249878463782447,2023-04-19 04:05:00+00:00,2023-04-19 08:40:00+00:00,2023-04-04 00:00:00+00:00
1681884000000,1681884300000,1681893900000,-1,PULLBACK,2000.105,2010.48,1010.48,1979.355,10.375,9.63855421686747,200.00000000000003,2.0000000000000004,target,160,1.7785542168674575,2023-04-19 06:05:00+00:00,2023-04-19 08:45:00+00:00,2023-04-04 00:00:00+00:00
1681966800000,1681967100000,1681986600000,-1,PULLBACK,1992.4150000000002,2002.7849999999999,1002.7849999999999,2002.8349999999998,10.369999999999663,9.64320154291256,-100.4821600771452,-1.0048216007714519,stop,325,0.059787849566047345,2023-04-20 05:05:00+00:00,2023-04-20 10:30:00+00:00,2023-04-04 00:00:00+00:00
1682085600000,1682085900000,1682087100000,-1,PULLBACK,1973.4294999999997,1987.6183330951244,609.2850235826818,1987.6683330951244,14.188833095124664,7.047795920184611,-100.35238979600891,-1.0035238979600891,stop,20,0.09828151410693389,2023-04-21 14:05:00+00:00,2023-04-21 14:25:00+00:00,2023-04-04 00:00:00+00:00
1682344800000,1682345100000,1682354100000,-1,PULLBACK,1977.5175,1987.92,987.9200000000001,1987.97,10.402500000000146,9.61307378034113,-100.48065368901662,-1.0048065368901662,stop,150,0.06527277096852466,2023-04-24 14:05:00+00:00,2023-04-24 16:35:00+00:00,2023-04-04 00:00:00+00:00
1682431200000,1682431500000,1682445300000,-1,PULLBACK,1985.074,1997.805414650665,760.113949584169,1997.855414650665,12.731414650664874,7.854586685288559,-100.39272933426408,-1.0039272933426409,stop,230,0.09299830635383197,2023-04-25 14:05:00+00:00,2023-04-25 17:55:00+00:00,2023-04-04 00:00:00+00:00
1682658000000,1682658300000,1682917800000,-1,PULLBACK,1987.1200000000001,1997.455,997.4549999999999,1982.835,10.334999999999809,9.675858732462684,41.461054668603396,0.414610546686034,timeout,4325,1.0157716497339373,2023-04-28 05:05:00+00:00,2023-05-01 05:10:00+00:00,2023-04-04 00:00:00+00:00
1682661600000,1682661900000,1682694300000,-1,PULLBACK,1984.4400000000003,1994.8400000000001,994.8400000000001,1994.89,10.399999999999864,9.615384615384741,-100.4807692307688,-1.004807692307688,stop,540,0.7517307692307994,2023-04-28 06:05:00+00:00,2023-04-28 15:05:00+00:00,2023-04-04 00:00:00+00:00
1683014400000,1683014700000,1683036300000,-1,PULLBACK,1981.1265,1991.46,991.46,1991.51,10.333499999999958,9.677263269947298,-100.48386316349692,-1.0048386316349691,stop,360,0.22180287414720598,2023-05-02 08:05:00+00:00,2023-05-02 14:05:00+00:00,2023-04-04 00:00:00+00:00
1683122400000,1683122700000,1683137100000,1,PULLBACK,2014.29,2003.875,3003.875,2035.12,10.414999999999964,9.60153624579936,199.99999999999997,1.9999999999999998,target,240,1.3446951512242111,2023-05-03 14:05:00+00:00,2023-05-03 18:05:00+00:00,2023-04-04 00:00:00+00:00
1683126000000,1683126300000,1683151500000,1,PULLBACK,2021.715,2011.3184999999999,3011.3185,2042.508,10.39650000000006,9.618621651517282,200.0,2.0,target,420,1.7591497138459726,2023-05-03 15:05:00+00:00,2023-05-03 22:05:00+00:00,2023-04-04 00:00:00+00:00
1683194400000,1683194700000,1683290100000,1,PULLBACK,2038.3005,2022.8026282847854,3533.5897998062374,2022.7526282847855,15.497871715214615,6.452498887432893,-100.32262494437136,-1.0032262494437136,stop,1590,1.3605739154041006,2023-05-04 10:05:00+00:00,2023-05-05 12:35:00+00:00,2023-04-04 00:00:00+00:00
1683208800000,1683209100000,1683290100000,1,PULLBACK,2044.7475,2028.925678361666,3577.0078421950684,2028.8756783616661,15.821821638333859,6.320384737350045,-100.31601923686722,-1.0031601923686722,stop,1350,0.9252411217006808,2023-05-04 14:05:00+00:00,2023-05-05 12:35:00+00:00,2023-04-04 00:00:00+00:00
1683270000000,1683270300000,1683287100000,1,PULLBACK,2047.4165,2035.9091843549713,3152.9407488578536,2035.8591843549714,11.507315645028712,8.690124011954179,-100.43450620059731,-1.004345062005973,stop,280,0.0,2023-05-05 07:05:00+00:00,2023-05-05 11:45:00+00:00,2023-04-04 00:00:00+00:00
1683640800000,1683641100000,1683813000000,1,PULLBACK,2030.7225,2020.395,3020.395,2020.345,10.3275000000001,9.68288549987887,-100.4841442749935,-1.004841442749935,stop,2865,1.6741224885015218,2023-05-09 14:05:00+00:00,2023-05-11 13:50:00+00:00,2023-04-04 00:00:00+00:00
1683648000000,1683648300000,1683722700000,1,PULLBACK,2027.2975,2016.9945,3016.9945,2047.9034999999997,10.302999999999884,9.70591089973805,200.0,2.0,target,1240,1.766961079297327,2023-05-09 16:05:00+00:00,2023-05-10 12:45:00+00:00,2023-04-04 00:00:00+00:00
1683691200000,1683691500000,1683731700000,1,PULLBACK,2032.1919999999998,2021.8035,3021.8035,2021.7535,10.388499999999794,9.626028781826248,-100.48130143909087,-1.0048130143909086,stop,670,1.5228377532849062,2023-05-10 04:05:00+00:00,2023-05-10 15:15:00+00:00,2023-04-04 00:00:00+00:00
1683723600000,1683723900000,1683725100000,1,PULLBACK,2046.0919999999999,2035.6645,3035.6645,2035.6145000000001,10.427499999999782,9.590026372572725,-100.4795013186282,-1.004795013186282,stop,20,0.039367058259428656,2023-05-10 13:05:00+00:00,2023-05-10 13:25:00+00:00,2023-04-04 00:00:00+00:00
1683766800000,1683767100000,1683789000000,1,PULLBACK,2035.7105,2025.3595,3025.3595,2025.3095,10.350999999999885,9.660902328277569,-100.48304511641345,-1.0048304511641346,stop,365,0.038740218336421516,2023-05-11 01:05:00+00:00,2023-05-11 07:10:00+00:00,2023-04-04 00:00:00+00:00
1683777600000,1683777900000,1683789300000,1,PULLBACK,2032.7705,2022.4445,3022.4445,2022.3945,10.326000000000022,9.68429207824906,-100.48421460391202,-1.0048421460391201,stop,190,0.011475886112729011,2023-05-11 04:05:00+00:00,2023-05-11 07:15:00+00:00,2023-04-04 00:00:00+00:00
1683784800000,1683785100000,1683789300000,1,PULLBACK,2032.7305000000001,2022.33,3022.33,2022.28,10.400500000000193,9.614922359501769,-100.48074611797465,-1.0048074611797464,stop,70,0.0,2023-05-11 06:05:00+00:00,2023-05-11 07:15:00+00:00,2023-04-04 00:00:00+00:00
1683806400000,1683806700000,1683811500000,1,PULLBACK,2037.1955000000003,2026.8545,3026.8545,2026.8045,10.34100000000035,9.6702446571895,-100.48351223285903,-1.0048351223285903,stop,80,0.3743835219030665,2023-05-11 12:05:00+00:00,2023-05-11 13:25:00+00:00,2023-04-04 00:00:00+00:00
1683810000000,1683810300000,1683811500000,1,PULLBACK,2037.8704999999998,2026.6589760366862,3115.2113723680595,2026.6089760366863,11.211523963313539,8.919394038421627,-100.44596970192067,-1.0044596970192068,stop,20,0.0,2023-05-11 13:05:00+00:00,2023-05-11 13:25:00+00:00,2023-04-04 00:00:00+00:00
1684191600000,1684191900000,1684253700000,-1,PULLBACK,2015.495,2026.028,1026.028,1994.4289999999996,10.53300000000013,9.493971328206472,200.0,2.0,target,1030,1.9909332573815073,2023-05-15 23:05:00+00:00,2023-05-16 16:15:00+00:00,2023-04-04 00:00:00+00:00
1684195200000,1684195500000,1684254900000,-1,PULLBACK,2014.16,2024.51,1024.51,1993.4600000000003,10.349999999999909,9.661835748792356,200.0,2.0,target,990,1.9973913043478437,2023-05-16 00:05:00+00:00,2023-05-16 16:35:00+00:00,2023-04-04 00:00:00+00:00
1684216800000,1684217100000,1684254900000,-1,PULLBACK,2012.5585,2022.8545,1022.8544999999999,1991.9665000000005,10.295999999999822,9.712509712509881,200.0,2.0,target,630,1.8523212898213233,2023-05-16 06:05:00+00:00,2023-05-16 16:35:00+00:00,2023-04-04 00:00:00+00:00
1684245600000,1684245900000,1684257000000,-1,PULLBACK,2007.3635,2017.7045,1017.7045,1986.6814999999997,10.341000000000122,9.670244657189713,200.0,2.0,target,185,1.9197853205685842,2023-05-16 14:05:00+00:00,2023-05-16 17:10:00+00:00,2023-04-04 00:00:00+00:00
1684378800000,1684379100000,1684416000000,-1,PULLBACK,1983.923,1994.3035,994.3035,1963.162,10.380499999999984,9.633447329126744,200.00000000000003,2.0000000000000004,target,615,1.883242618371007,2023-05-18 03:05:00+00:00,2023-05-18 13:20:00+00:00,2023-04-04 00:00:00+00:00
1684472400000,1684472700000,1684509600000,-1,PULLBACK,1962.24,1972.62,972.6199999999999,1972.6699999999998,10.379999999999882,9.633911368015523,-100.48169556840033,-1.0048169556840032,stop,615,0.44942196531792067,2023-05-19 05:05:00+00:00,2023-05-19 15:20:00+00:00,2023-04-04 00:00:00+00:00
1684501200000,1684501500000,1684509600000,-1,PULLBACK,1960.55,1970.9250000000002,970.9250000000002,1970.9750000000001,10.375000000000227,9.63855421686726,-100.48192771084292,-1.0048192771084292,stop,135,0.28674698795179215,2023-05-19 13:05:00+00:00,2023-05-19 15:20:00+00:00,2023-04-04 00:00:00+00:00
1685008800000,1685009100000,1685018700000,-1,PULLBACK,1960.7540000000001,1971.1,971.0999999999999,1940.0620000000006,10.345999999999776,9.665571235260213,200.0,2.0,target,160,1.7384013145177257,2023-05-25 10:05:00+00:00,2023-05-25 12:45:00+00:00,2023-04-04 00:00:00+00:00
1685019600000,1685019900000,1685087100000,-1,PULLBACK,1943.2205000000001,1954.6717071331711,861.0009938160636,1954.721707133171,11.45120713317101,8.732703795945442,-100.43663518979687,-1.0043663518979686,stop,1120,0.5305554191226781,2023-05-25 13:05:00+00:00,2023-05-26 07:45:00+00:00,2023-04-04 00:00:00+00:00
1685070000000,1685070300000,1685087100000,-1,PULLBACK,1945.6299999999999,1956.0349999999999,956.0349999999999,1956.0849999999998,10.404999999999973,9.610764055742457,-100.48053820278669,-1.0048053820278668,stop,280,0.02979336857279637,2023-05-26 03:05:00+00:00,2023-05-26 07:45:00+00:00,2023-04-04 00:00:00+00:00
1685077200000,1685077500000,1685337000000,-1,PULLBACK,1947.6485,1958.0135,958.0135,1945.85,10.365000000000009,9.647853352629031,17.351664254704314,0.17351664254704313,timeout,4325,0.8170284611674066,2023-05-26 05:05:00+00:00,2023-05-29 05:10:00+00:00,2023-04-04 00:00:00+00:00
1685109600000,1685109900000,1685369400000,-1,PULLBACK,1946.619,1957.077,957.077,1947.54,10.458000000000084,9.562057754828762,-8.80665519219776,-0.0880665519219776,timeout,4325,0.7113214763817192,2023-05-26 14:05:00+00:00,2023-05-29 14:10:00+00:00,2023-04-04 00:00:00+00:00
1685113200000,1685113500000,1685373000000,-1,PULLBACK,1941.855,1952.5714547419532,912.925980546652,1946.937,10.716454741953157,9.331444251662488,-47.42239968694764,-0.4742239968694764,timeout,4325,0.24961613373198852,2023-05-26 15:05:00+00:00,2023-05-29 15:10:00+00:00,2023-04-04 00:00:00+00:00
1685134800000,1685311500000,1685442000000,-1,PULLBACK,1941.7279999999998,1956.5,956.5,1956.55,14.772000000000162,6.769564040075745,-100.33847820200349,-1.0033847820200348,stop,2175,0.6299756295694361,2023-05-28 22:05:00+00:00,2023-05-30 10:20:00+00:00,2023-04-04 00:00:00+00:00
1685347200000,1685347500000,1685441100000,-1,PULLBACK,1943.9249999999997,1954.315,954.315,1954.365,10.390000000000327,9.624639076034345,-100.48123195380128,-1.0048123195380128,stop,1560,1.107122232916202,2023-05-29 08:05:00+00:00,2023-05-30 10:05:00+00:00,2023-04-04 00:00:00+00:00
1685358000000,1685358300000,1685441100000,-1,PULLBACK,1945.1934999999999,1955.5845,955.5844999999999,1955.6345,10.391000000000076,9.62371282840913,-100.48118564142001,-1.0048118564142001,stop,1380,1.229092483880256,2023-05-29 11:05:00+00:00,2023-05-30 10:05:00+00:00,2023-04-04 00:00:00+00:00
1685419200000,1685419500000,1685439300000,-1,PULLBACK,1939.1145,1949.4845,949.4845,1949.5345,10.370000000000118,9.643201542912136,-100.48216007714515,-1.0048216007714514,stop,330,0.6453712632593833,2023-05-30 04:05:00+00:00,2023-05-30 09:35:00+00:00,2023-04-04 00:00:00+00:00
1685696400000,1685696700000,1685710500000,1,PULLBACK,1979.58,1969.18,2969.1800000000003,1969.13,10.399999999999864,9.615384615384741,-100.4807692307688,-1.004807692307688,stop,230,0.12115384615384688,2023-06-02 09:05:00+00:00,2023-06-02 12:55:00+00:00,2023-04-04 00:00:00+00:00
1686218400000,1686218700000,1686228000000,-1,PULLBACK,1946.1085,1956.45,956.45,1956.5,10.341499999999996,9.66977711163758,-100.48348885558144,-1.0048348885558145,stop,155,0.07218488613839354,2023-06-08 10:05:00+00:00,2023-06-08 12:40:00+00:00,2023-04-04 00:00:00+00:00
1686603600000,1686607500000,1686659700000,-1,PULLBACK,1956.8319999999999,1967.9,967.9000000000001,1967.95,11.068000000000211,9.035056017347136,-100.45175280086696,-1.0045175280086696,stop,870,0.04219371160102,2023-06-12 22:05:00+00:00,2023-06-13 12:35:00+00:00,2023-04-04 00:00:00+00:00
1686621600000,1686621900000,1686659700000,-1,PULLBACK,1956.6785,1967.04,967.04,1967.09,10.361499999999978,9.651112290691522,-100.48255561453414,-1.0048255561453414,stop,630,0.030256237031337584,2023-06-13 02:05:00+00:00,2023-06-13 12:35:00+00:00,2023-04-04 00:00:00+00:00
1686722400000,1686722700000,1686746700000,-1,PULLBACK,1945.978,1956.365,956.365,1956.415,10.386999999999944,9.627418888995912,-100.48137094444935,-1.0048137094444936,stop,400,0.03254067584482475,2023-06-14 06:05:00+00:00,2023-06-14 12:45:00+00:00,2023-04-04 00:00:00+00:00
1686772800000,1686773100000,1686837900000,-1,PULLBACK,1944.615,1954.9415,954.9414999999999,1954.9914999999999,10.326499999999896,9.683823173388951,-100.484191158669,-1.00484191158669,stop,1080,1.8442841233719327,2023-06-14 20:05:00+00:00,2023-06-15 14:05:00+00:00,2023-04-04 00:00:00+00:00
1687222800000,1687223100000,1687350300000,-1,PULLBACK,1950.7,1961.095,961.095,1929.91,10.394999999999982,9.620009620009636,199.99999999999997,1.9999999999999998,target,2120,1.9740259740259538,2023-06-20 01:05:00+00:00,2023-06-21 12:25:00+00:00,2023-04-04 00:00:00+00:00
1687266000000,1687266300000,1687354800000,-1,PULLBACK,1944.4385,1954.7984999999999,954.7984999999999,1923.7185000000002,10.3599999999999,9.652509652509746,200.0,2.0,target,1475,1.7841216216216436,2023-06-20 13:05:00+00:00,2023-06-21 13:40:00+00:00,2023-04-04 00:00:00+00:00
1687377600000,1687377900000,1687485000000,-1,PULLBACK,1933.2865,1943.5185000000001,943.5185000000001,1912.8224999999995,10.232000000000198,9.773260359655792,200.0,2.0,target,1785,1.9835809225957444,2023-06-21 20:05:00+00:00,2023-06-23 01:50:00+00:00,2023-04-04 00:00:00+00:00
1687406400000,1687406700000,1687485300000,-1,PULLBACK,1932.3635,1942.7385,942.7384999999999,1911.6135,10.375,9.63855421686747,200.00000000000003,2.0000000000000004,target,1310,1.8996144578313432,2023-06-22 04:05:00+00:00,2023-06-23 01:55:00+00:00,2023-04-04 00:00:00+00:00
1687438800000,1687439100000,1687526400000,-1,PULLBACK,1923.17,1933.54,933.54,1933.59,10.36999999999989,9.64320154291235,-100.48216007714518,-1.0048216007714519,stop,1455,1.2121022179363956,2023-06-22 13:05:00+00:00,2023-06-23 13:20:00+00:00,2023-04-04 00:00:00+00:00
1687500000000,1687500300000,1687524600000,-1,PULLBACK,1914.9455,1925.325,925.325,1925.375,10.379500000000007,9.634375451611342,-100.48171877258012,-1.0048171877258012,stop,405,0.15660677296593029,2023-06-23 06:05:00+00:00,2023-06-23 12:50:00+00:00,2023-04-04 00:00:00+00:00
1687550400000,1687550700000,1687765200000,-1,PULLBACK,1918.7465,1929.1935,929.1935000000001,1929.2435,10.447000000000116,9.572125969177648,-100.47860629845844,-1.0047860629845844,stop,3575,0.0,2023-06-23 20:05:00+00:00,2023-06-26 07:40:00+00:00,2023-04-04 00:00:00+00:00
1687975200000,1687975500000,1688145000000,-1,PULLBACK,1911.47,1921.775,921.7750000000001,1921.825,10.305000000000064,9.704027171276019,-100.48520135856336,-1.0048520135856336,stop,2825,1.7515283842794729,2023-06-28 18:05:00+00:00,2023-06-30 17:10:00+00:00,2023-04-04 00:00:00+00:00
1687982400000,1687982700000,1688135400000,-1,PULLBACK,1908.9865,1919.3635,919.3634999999999,1919.4134999999999,10.376999999999953,9.636696540425985,-100.48183482702086,-1.0048183482702087,stop,2545,1.500048183482712,2023-06-28 20:05:00+00:00,2023-06-30 14:30:00+00:00,2023-04-04 00:00:00+00:00
1688004000000,1688004300000,1688141100000,-1,PULLBACK,1909.5749999999998,1919.92,919.9200000000001,1919.97,10.345000000000255,9.666505558240457,-100.48332527791158,-1.0048332527791157,stop,2280,1.5615756404059422,2023-06-29 02:05:00+00:00,2023-06-30 16:05:00+00:00,2023-04-04 00:00:00+00:00
1688043600000,1688043900000,1688048100000,-1,PULLBACK,1895.8300000000002,1906.17,906.1700000000001,1906.22,10.339999999999918,9.671179883945918,-100.48355899419685,-1.0048355899419685,stop,70,0.23302707930369695,2023-06-29 13:05:00+00:00,2023-06-29 14:15:00+00:00,2023-04-04 00:00:00+00:00
1688112000000,1688112300000,1688134200000,-1,PULLBACK,1905.0334999999998,1915.355,915.355,1915.405,10.321500000000242,9.68851426633703,-100.48442571331641,-1.0048442571331642,stop,365,0.3970837572058068,2023-06-30 08:05:00+00:00,2023-06-30 14:10:00+00:00,2023-04-04 00:00:00+00:00
1688126400000,1688126700000,1688134200000,-1,PULLBACK,1905.053,1915.3984999999998,915.3984999999998,1915.4484999999997,10.345499999999674,9.66603837417265,-100.48330191870821,-1.004833019187082,stop,125,0.002706490744770276,2023-06-30 12:05:00+00:00,2023-06-30 14:10:00+00:00,2023-04-04 00:00:00+00:00
1688515200000,1688515500000,1688581200000,1,PULLBACK,1926.7704999999999,1916.4185,2916.4184999999998,1916.3685,10.351999999999862,9.659969088099047,-100.48299845440451,-1.0048299845440452,stop,1095,0.7708172333848554,2023-07-05 00:05:00+00:00,2023-07-05 18:20:00+00:00,2023-07-04 00:00:00+00:00
1688562000000,1688562300000,1688568000000,1,PULLBACK,1929.71,1919.375,2919.375,1919.325,10.335000000000036,9.675858732462473,-100.48379293662269,-1.0048379293662268,stop,95,0.48766328011608306,2023-07-05 13:05:00+00:00,2023-07-05 14:40:00+00:00,2023-07-04 00:00:00+00:00
1688630400000,1688630700000,1688739600000,-1,PULLBACK,1918.6190000000001,1928.99,928.99,1929.04,10.370999999999867,9.64227171921717,-100.48211358596042,-1.0048211358596042,stop,1815,1.5050621926526229,2023-07-06 08:05:00+00:00,2023-07-07 14:20:00+00:00,2023-07-04 00:00:00+00:00
1688648400000,1688648700000,1688715300000,-1,PULLBACK,1905.965,1916.3600000000001,916.3600000000001,1916.41,10.39500000000021,9.620009620009426,-100.48100048100004,-1.0048100048100004,stop,1110,0.2695045695045454,2023-07-06 13:05:00+00:00,2023-07-07 07:35:00+00:00,2023-07-04 00:00:00+00:00
1688979600000,1688979900000,1688992800000,1,PULLBACK,1925.617,1915.245,2915.245,1915.195,10.372000000000071,9.641342074816748,-100.48206710374039,-1.004820671037404,stop,215,0.03499807173159023,2023-07-10 09:05:00+00:00,2023-07-10 12:40:00+00:00,2023-07-04 00:00:00+00:00
1688986800000,1688987100000,1688993400000,1,PULLBACK,1923.9865,1913.6295,2913.6295,1913.5795,10.356999999999971,9.655305590421964,-100.48276527952066,-1.0048276527952067,stop,105,0.14323645843391458,2023-07-10 11:05:00+00:00,2023-07-10 12:50:00+00:00,2023-07-04 00:00:00+00:00
1688990400000,1688990700000,1688993100000,1,PULLBACK,1925.0715,1914.7415,2914.7415,1914.6915000000001,10.329999999999927,9.680542110358248,-100.48402710551747,-1.0048402710551747,stop,40,0.0,2023-07-10 12:05:00+00:00,2023-07-10 12:45:00+00:00,2023-07-04 00:00:00+00:00
1689004800000,1689005100000,1689264600000,1,PULLBACK,1923.9464999999998,1913.5815,2913.5815000000002,1956.385,10.364999999999782,9.647853352629243,312.96189097926566,3.1296189097926566,timeout,4325,3.8041485769417385,2023-07-10 16:05:00+00:00,2023-07-13 16:10:00+00:00,2023-07-04 00:00:00+00:00
1689008400000,1689008700000,1689268200000,1,PULLBACK,1926.0520000000001,1915.62,2915.62,1958.255,10.432000000000244,9.585889570551924,308.69440184048335,3.0869440184048336,timeout,4325,3.577885352760647,2023-07-10 17:05:00+00:00,2023-07-13 17:10:00+00:00,2023-07-04 00:00:00+00:00
1689084000000,1689084300000,1689343800000,1,PULLBACK,1933.945,1923.5549999999998,2923.555,1954.0099999999998,10.3900000000001,9.624639076034557,193.11838306063171,1.9311838306063172,timeout,4325,2.8415303176130853,2023-07-11 14:05:00+00:00,2023-07-14 14:10:00+00:00,2023-07-04 00:00:00+00:00
1689094800000,1689095100000,1689354600000,1,PULLBACK,1932.76,1922.4215,2922.4215,1959.013,10.338500000000067,9.672583063306993,253.9343231609978,2.539343231609978,timeout,4325,2.9703051699956458,2023-07-11 17:05:00+00:00,2023-07-14 17:10:00+00:00,2023-07-04 00:00:00+00:00
1689152400000,1689152700000,1689545100000,1,PULLBACK,1935.145,1924.82,2924.8199999999997,1954.518,10.325000000000045,9.685230024213032,187.63196125907953,1.8763196125907953,timeout,6540,2.743196125907997,2023-07-12 09:05:00+00:00,2023-07-16 22:05:00+00:00,2023-07-04 00:00:00+00:00
1689156000000,1689156300000,1689545100000,1,PULLBACK,1935.78,1925.475,2925.475,1954.518,10.305000000000064,9.704027171276019,181.8340611353706,1.818340611353706,timeout,6480,2.6868995633187804,2023-07-12 10:05:00+00:00,2023-07-16 22:05:00+00:00,2023-07-04 00:00:00+00:00
1689166800000,1689167100000,1689545100000,1,PULLBACK,1943.6150000000002,1933.26,2933.26,1954.518,10.355000000000246,9.657170449058198,105.29212940607952,1.0529212940607953,timeout,6300,1.9172863351037632,2023-07-12 13:05:00+00:00,2023-07-16 22:05:00+00:00,2023-07-04 00:00:00+00:00
1689256800000,1689257100000,1689545100000,1,PULLBACK,1958.8315,1948.595,2948.5950000000003,1954.518,10.236499999999978,9.768964001367676,-42.13842621989924,-0.4213842621989924,timeout,4800,0.4529868607434358,2023-07-13 14:05:00+00:00,2023-07-16 22:05:00+00:00,2023-07-04 00:00:00+00:00
1689267600000,1689267900000,1689545100000,1,PULLBACK,1959.2485000000001,1948.8899999999999,2948.89,1954.518,10.358500000000276,9.653907419027593,-45.66780904571119,-0.4566780904571119,timeout,4620,0.4073948930829671,2023-07-13 17:05:00+00:00,2023-07-16 22:05:00+00:00,2023-07-04 00:00:00+00:00
1689300000000,1689300300000,1689343500000,1,PULLBACK,1963.1444999999999,1952.855,2952.855,1952.805,10.289499999999862,9.718645220856343,-100.48593226104238,-1.0048593226104239,stop,720,0.03148841051560337,2023-07-14 02:05:00+00:00,2023-07-14 14:05:00+00:00,2023-07-04 00:00:00+00:00
1689343200000,1689343500000,1689598200000,1,PULLBACK,1960.5239999999997,1950.1599999999999,2950.16,1950.11,10.363999999999805,9.64878425318428,-100.48243921265878,-1.0048243921265878,stop,4245,0.11954843689697833,2023-07-14 14:05:00+00:00,2023-07-17 12:50:00+00:00,2023-07-04 00:00:00+00:00
1689346800000,1689347100000,1689598200000,1,PULLBACK,1960.7069999999999,1950.315,2950.315,1950.265,10.391999999999825,9.622786759045582,-100.48113933795184,-1.0048113933795184,stop,4185,0.10161662817552519,2023-07-14 15:05:00+00:00,2023-07-17 12:50:00+00:00,2023-07-04 00:00:00+00:00
1689354000000,1689354300000,1689598200000,1,PULLBACK,1959.4355,1949.0884999999998,2949.0885,1949.0384999999999,10.347000000000207,9.66463709287697,-100.4832318546434,-1.004832318546434,stop,4065,0.1283463805934037,2023-07-14 17:05:00+00:00,2023-07-17 12:50:00+00:00,2023-07-04 00:00:00+00:00
1689357600000,1689357900000,1689578700000,1,PULLBACK,1960.7254999999998,1950.3685,2950.3685,1950.3185,10.356999999999744,9.655305590422175,-100.48276527952066,-1.0048276527952067,stop,3680,0.0036690161243834343,2023-07-14 18:05:00+00:00,2023-07-17 07:25:00+00:00,2023-07-04 00:00:00+00:00
1689588000000,1689588300000,1689598200000,1,PULLBACK,1959.0695,1948.7044999999998,2948.7045,1948.6544999999999,10.365000000000236,9.64785335262882,-100.482392667631,-1.00482392667631,stop,165,0.04876989869751517,2023-07-17 10:05:00+00:00,2023-07-17 12:50:00+00:00,2023-07-04 00:00:00+00:00
1689634800000,1689635100000,1689862500000,1,PULLBACK,1955.6039999999998,1945.08,2945.08,1971.3399999999997,10.523999999999887,9.50209045990128,149.52489547700537,1.4952489547700538,ladder_lock_1.50R,3790,3.0038483466363095,2023-07-17 23:05:00+00:00,2023-07-20 14:15:00+00:00,2023-07-04 00:00:00+00:00
1689645600000,1689645900000,1689905400000,1,PULLBACK,1957.5900000000001,1947.255,2947.255,1971.66,10.335000000000036,9.675858732462473,136.13933236574638,1.3613933236574638,timeout,4325,2.86661828737298,2023-07-18 02:05:00+00:00,2023-07-21 02:10:00+00:00,2023-07-04 00:00:00+00:00
1689771600000,1689771900000,1689864300000,1,PULLBACK,1977.915,1967.565,2967.565,1967.515,10.349999999999909,9.661835748792356,-100.48309178743918,-1.0048309178743917,stop,1540,0.8986956521739241,2023-07-19 13:05:00+00:00,2023-07-20 14:45:00+00:00,2023-07-04 00:00:00+00:00
1689786000000,1689786300000,1689864300000,1,PULLBACK,1977.8914999999997,1967.5465,2967.5465,1967.4965,10.3449999999998,9.666505558240884,-100.48332527791162,-1.0048332527791162,stop,1300,0.9014016433059887,2023-07-19 17:05:00+00:00,2023-07-20 14:45:00+00:00,2023-07-04 00:00:00+00:00
1689807600000,1689807900000,1689864300000,1,PULLBACK,1977.9999999999998,1967.5,2967.5,1967.45,10.499999999999773,9.52380952380973,-100.47619047619006,-1.0047619047619005,stop,940,0.877761904761945,2023-07-19 23:05:00+00:00,2023-07-20 14:45:00+00:00,2023-07-04 00:00:00+00:00
1689843600000,1689843900000,1689862500000,1,PULLBACK,1981.9565000000002,1971.6599999999999,2971.66,1971.61,10.296500000000378,9.712038071188882,-100.485601903559,-1.00485601903559,stop,310,0.09046763463309405,2023-07-20 09:05:00+00:00,2023-07-20 14:15:00+00:00,2023-07-04 00:00:00+00:00
1689854400000,1689854700000,1689862500000,1,PULLBACK,1981.847,1971.5149999999999,2971.515,1971.465,10.332000000000107,9.67866821525348,-100.48393341076223,-1.0048393341076223,stop,130,0.0,2023-07-20 12:05:00+00:00,2023-07-20 14:15:00+00:00,2023-07-04 00:00:00+00:00
1690340400000,1690340700000,1690461900000,1,PULLBACK,1964.4299999999998,1954.07,2954.0699999999997,1964.3799999999999,10.3599999999999,9.652509652509746,-0.48262548262504834,-0.004826254826250483,breakeven,2020,1.6893339768340228,2023-07-26 03:05:00+00:00,2023-07-27 12:45:00+00:00,2023-07-04 00:00:00+00:00
1690351200000,1690351500000,1690461900000,1,PULLBACK,1965.4705,1955.0935,2955.0935,1965.4205,10.376999999999953,9.636696540425985,-0.48183482702086106,-0.004818348270208611,breakeven,1840,1.5862966175195448,2023-07-26 06:05:00+00:00,2023-07-27 12:45:00+00:00,2023-07-04 00:00:00+00:00
1690383600000,1690383900000,1690462500000,1,PULLBACK,1969.3519999999999,1959.0349999999999,2959.035,1958.985,10.317000000000007,9.692740137636903,-100.4846370068814,-1.004846370068814,stop,1310,1.2192982456140613,2023-07-26 15:05:00+00:00,2023-07-27 12:55:00+00:00,2023-07-04 00:00:00+00:00
1690398000000,1690398300000,1690461300000,1,PULLBACK,1977.5765000000001,1967.2350000000001,2967.235,1967.1850000000002,10.341499999999996,9.66977711163758,-100.48348885558144,-1.0048348885558145,stop,1050,0.4211187932118184,2023-07-26 19:05:00+00:00,2023-07-27 12:35:00+00:00,2023-07-04 00:00:00+00:00
1690520400000,1690520700000,1690557000000,-1,PULLBACK,1951.6,1961.9650000000001,961.9650000000001,1962.015,10.365000000000236,9.64785335262882,-100.482392667631,-1.00482392667631,stop,605,0.3291365171249476,2023-07-28 05:05:00+00:00,2023-07-28 15:10:00+00:00,2023-07-04 00:00:00+00:00
1690776000000,1690776300000,1690806900000,-1,PULLBACK,1954.3240000000003,1964.68,964.6800000000001,1964.73,10.355999999999767,9.656237929702804,-100.48281189648469,-1.004828118964847,stop,510,0.306633835457718,2023-07-31 04:05:00+00:00,2023-07-31 12:35:00+00:00,2023-07-04 00:00:00+00:00
1690786800000,1690787100000,1690806900000,-1,PULLBACK,1954.6280000000002,1964.97,964.97,1965.02,10.34199999999987,9.669309611293874,-100.48346548056425,-1.0048346548056424,stop,330,0.33644362792496224,2023-07-31 07:05:00+00:00,2023-07-31 12:35:00+00:00,2023-07-04 00:00:00+00:00
1690963200000,1690963500000,1691359500000,-1,PULLBACK,1948.0425,1958.4265,958.4265,1943.0204999999999,10.384000000000015,9.630200308166396,48.3628659476132,0.48362865947613204,timeout,6600,2.145560477657942,2023-08-02 08:05:00+00:00,2023-08-06 22:05:00+00:00,2023-07-04 00:00:00+00:00
1690981200000,1690981500000,1691359500000,-1,PULLBACK,1945.3765,1955.7285000000002,955.7285000000002,1943.0204999999999,10.35200000000009,9.659969088098835,22.758887171563,0.22758887171563,timeout,6300,1.8946580370942803,2023-08-02 13:05:00+00:00,2023-08-06 22:05:00+00:00,2023-07-04 00:00:00+00:00
1691067600000,1691067900000,1691153100000,-1,PULLBACK,1932.535,1942.9650000000001,942.9650000000001,1943.015,10.430000000000064,9.58772770853302,-100.47938638542622,-1.0047938638542622,stop,1420,0.6492809204218716,2023-08-03 13:05:00+00:00,2023-08-04 12:45:00+00:00,2023-07-04 00:00:00+00:00
1691071200000,1691071500000,1691153100000,-1,PULLBACK,1932.0354999999997,1942.4535,942.4535000000001,1942.5035,10.418000000000347,9.59877135726595,-100.47993856786286,-1.0047993856786286,stop,1360,0.6020829333844884,2023-08-03 14:05:00+00:00,2023-08-04 12:45:00+00:00,2023-07-04 00:00:00+00:00
1691078400000,1691078700000,1691154300000,-1,PULLBACK,1932.7965000000002,1943.1685,943.1685,1943.2185,10.371999999999844,9.64134207481696,-100.4820671037404,-1.0048206710374041,stop,1260,0.6781237948322731,2023-08-03 16:05:00+00:00,2023-08-04 13:05:00+00:00,2023-07-04 00:00:00+00:00
1691125200000,1691125500000,1691154600000,-1,PULLBACK,1934.265,1944.5749999999998,944.5749999999998,1944.6249999999998,10.309999999999718,9.699321047526938,-100.48496605237591,-1.0048496605237591,stop,485,0.8246362754607578,2023-08-04 05:05:00+00:00,2023-08-04 13:10:00+00:00,2023-07-04 00:00:00+00:00
1691132400000,1691132700000,1691154300000,-1,PULLBACK,1932.8015,1943.1785,943.1785,1943.2285,10.376999999999953,9.636696540425985,-100.48183482702086,-1.0048183482702087,stop,360,0.6782788859978939,2023-08-04 07:05:00+00:00,2023-08-04 13:05:00+00:00,2023-07-04 00:00:00+00:00
1691416800000,1691417100000,1691676600000,-1,PULLBACK,1933.415,1943.745,943.7449999999999,1919.357,10.329999999999927,9.680542110358248,136.0890609874162,1.360890609874162,timeout,4325,1.8270087124878946,2023-08-07 14:05:00+00:00,2023-08-10 14:10:00+00:00,2023-07-04 00:00:00+00:00
1691449200000,1691449500000,1691709000000,-1,PULLBACK,1935.6200000000001,1946.1285,946.1285,1912.575,10.508499999999913,9.516106009421025,219.2986629871082,2.192986629871082,timeout,4325,2.3009944330780314,2023-08-07 23:05:00+00:00,2023-08-10 23:10:00+00:00,2023-07-04 00:00:00+00:00
1691456400000,1691456700000,1691716200000,-1,PULLBACK,1935.363,1945.78,945.78,1915.2500000000002,10.416999999999916,9.599692809830163,193.07862148411243,1.9307862148411243,timeout,4325,2.296534510895692,2023-08-08 01:05:00+00:00,2023-08-11 01:10:00+00:00,2023-07-04 00:00:00+00:00
1691492400000,1691492700000,1691670900000,-1,PULLBACK,1930.425,1940.7665,940.7665,1930.475,10.341499999999996,9.66977711163758,-0.48348885558143934,-0.0048348885558143935,breakeven,2970,1.5358506986413785,2023-08-08 11:05:00+00:00,2023-08-10 12:35:00+00:00,2023-07-04 00:00:00+00:00
1691593200000,1691593500000,1691670900000,-1,PULLBACK,1917.055,1927.41,927.4100000000001,1927.46,10.355000000000018,9.657170449058409,-100.48285852245247,-1.0048285852245247,stop,1290,0.2426846933848301,2023-08-09 15:05:00+00:00,2023-08-10 12:35:00+00:00,2023-07-04 00:00:00+00:00
1691690400000,1691690700000,1691964300000,-1,PULLBACK,1913.3280000000002,1923.7,923.7,1914.4524999999999,10.371999999999844,9.64134207481696,-10.841689163128496,-0.10841689163128496,timeout,4560,0.18202853837258032,2023-08-10 18:05:00+00:00,2023-08-13 22:05:00+00:00,2023-07-04 00:00:00+00:00
1691769600000,1691769900000,1692029400000,-1,PULLBACK,1913.8105,1924.1284999999998,924.1284999999998,1912.267,10.317999999999756,9.691800736577084,14.959294436906676,0.14959294436906675,timeout,4325,1.042547005233603,2023-08-11 16:05:00+00:00,2023-08-14 16:10:00+00:00,2023-07-04 00:00:00+00:00
1691996400000,1691996700000,1692256200000,-1,PULLBACK,1911.79,1922.17,922.1700000000001,1896.7250000000001,10.38000000000011,9.633911368015314,145.13487475914903,1.4513487475914904,timeout,4325,2.093737957610763,2023-08-14 07:05:00+00:00,2023-08-17 07:10:00+00:00,2023-07-04 00:00:00+00:00
1692018000000,1692018300000,1692277800000,-1,PULLBACK,1910.1,1920.4,920.4000000000001,1902.5705,10.300000000000182,9.708737864077499,73.10194174757027,0.7310194174757026,timeout,4325,1.9459223300970425,2023-08-14 13:05:00+00:00,2023-08-17 13:10:00+00:00,2023-07-04 00:00:00+00:00
1692036000000,1692036300000,1692295800000,-1,PULLBACK,1910.0349999999999,1920.3249999999998,920.3249999999998,1886.1035,10.289999999999964,9.71817298347914,232.57045675413022,2.3257045675413024,timeout,4325,2.3937317784256607,2023-08-14 18:05:00+00:00,2023-08-17 18:10:00+00:00,2023-07-04 00:00:00+00:00
1692162000000,1692162300000,1692569100000,-1,PULLBACK,1903.655,1914.02,914.02,1890.0515,10.365000000000009,9.647853352629031,131.24457308248844,1.3124457308248845,timeout,6780,1.7608779546550952,2023-08-16 05:05:00+00:00,2023-08-20 22:05:00+00:00,2023-07-04 00:00:00+00:00
1692190800000,1692191100000,1692569100000,-1,PULLBACK,1900.468,1910.8249999999998,910.8249999999998,1890.0515,10.356999999999744,9.655305590422175,100.574490682633,1.00574490682633,timeout,6300,1.454523510669166,2023-08-16 13:05:00+00:00,2023-08-20 22:05:00+00:00,2023-07-04 00:00:00+00:00
1692201600000,1692201900000,1692569100000,-1,PULLBACK,1901.6449999999998,1911.975,911.9749999999999,1890.0515,10.330000000000155,9.680542110358035,112.23136495643318,1.1223136495643318,timeout,6120,1.5722652468537868,2023-08-16 16:05:00+00:00,2023-08-20 22:05:00+00:00,2023-07-04 00:00:00+00:00
1692259200000,1692259500000,1692569100000,-1,PULLBACK,1896.155,1906.5349999999999,906.5349999999999,1890.0515,10.379999999999882,9.633911368015523,58.80057803468217,0.5880057803468217,timeout,5160,1.0357899807321966,2023-08-17 08:05:00+00:00,2023-08-20 22:05:00+00:00,2023-07-04 00:00:00+00:00
1692262800000,1692263100000,1692569100000,-1,PULLBACK,1893.69,1904.03,904.03,1890.0515,10.339999999999918,9.671179883945918,35.18858800773743,0.3518858800773743,timeout,5100,0.801402321083194,2023-08-17 09:05:00+00:00,2023-08-20 22:05:00+00:00,2023-07-04 00:00:00+00:00
1692288000000,1692288300000,1692569100000,-1,PULLBACK,1889.233,1899.53,899.53,1890.0515,10.297000000000025,9.711566475672502,-7.948917160338773,-0.07948917160338773,timeout,4680,0.3719044381858836,2023-08-17 16:05:00+00:00,2023-08-20 22:05:00+00:00,2023-07-04 00:00:00+00:00
1692342000000,1692342300000,1692601800000,-1,PULLBACK,1891.8750000000002,1902.18,902.1800000000001,1889.3,10.304999999999836,9.704027171276234,24.98786996603895,0.2498786996603895,timeout,4325,0.6472586123241318,2023-08-18 07:05:00+00:00,2023-08-21 07:10:00+00:00,2023-07-04 00:00:00+00:00
1692349200000,1692349500000,1692609000000,-1,PULLBACK,1891.74,1902.065,902.065,1888.75,10.325000000000045,9.685230024213032,28.958837772397054,0.28958837772397056,timeout,4325,0.6329297820823075,2023-08-18 09:05:00+00:00,2023-08-21 09:10:00+00:00,2023-07-04 00:00:00+00:00
1692363600000,1692363900000,1692623400000,-1,PULLBACK,1889.98,1900.295,900.2950000000001,1896.1455,10.315000000000055,9.694619486185116,-59.77217644207497,-0.5977217644207498,timeout,4325,0.46291808046532607,2023-08-18 13:05:00+00:00,2023-08-21 13:10:00+00:00,2023-07-04 00:00:00+00:00
1692579600000,1692579900000,1692685500000,-1,PULLBACK,1889.663,1900.03,900.03,1900.08,10.366999999999962,9.645992090286521,-100.48229960451388,-1.004822996045139,stop,1760,0.43001832738495926,2023-08-21 01:05:00+00:00,2023-08-22 06:25:00+00:00,2023-07-04 00:00:00+00:00
1692597600000,1692597900000,1692623100000,-1,PULLBACK,1887.7635000000002,1898.12,898.1199999999999,1898.1699999999998,10.356499999999642,9.655771737556458,-100.48278858687739,-1.0048278858687738,stop,420,0.05566552406702493,2023-08-21 06:05:00+00:00,2023-08-21 13:05:00+00:00,2023-07-04 00:00:00+00:00
1692604800000,1692605100000,1692623100000,-1,PULLBACK,1887.88,1898.2,898.2,1898.25,10.319999999999936,9.689922480620215,-100.48449612403057,-1.0048449612403056,stop,300,0.06715116279069651,2023-08-21 08:05:00+00:00,2023-08-21 13:05:00+00:00,2023-07-04 00:00:00+00:00
1692889200000,1692889500000,1692972300000,1,PULLBACK,1921.8355,1911.438,2911.438,1911.3880000000001,10.397499999999809,9.617696561673656,-100.48088482808325,-1.0048088482808324,stop,1380,0.02014907429672188,2023-08-24 15:05:00+00:00,2023-08-25 14:05:00+00:00,2023-07-04 00:00:00+00:00
1692961200000,1692961500000,1692974100000,1,PULLBACK,1918.1285,1907.775,2907.775,1907.7250000000001,10.35349999999994,9.658569565847355,-100.48292847829194,-1.0048292847829194,stop,210,0.38407301878594075,2023-08-25 11:05:00+00:00,2023-08-25 14:35:00+00:00,2023-07-04 00:00:00+00:00
1692997200000,1693173900000,1693433400000,1,PULLBACK,1916.6319999999998,1905.35,2905.35,1943.955,11.281999999999925,8.863676653075755,242.18223719198969,2.421822371919897,timeout,4325,2.8512675057614394,2023-08-27 22:05:00+00:00,2023-08-30 22:10:00+00:00,2023-07-04 00:00:00+00:00
1693227600000,1693227900000,1693487400000,1,PULLBACK,1917.507,1907.1550000000002,2907.155,1943.3765,10.351999999999862,9.659969088099047,249.89857032457843,2.4989857032457845,timeout,4325,3.0228941267388465,2023-08-28 13:05:00+00:00,2023-08-31 13:10:00+00:00,2023-07-04 00:00:00+00:00
1693231200000,1693231500000,1693491000000,1,PULLBACK,1918.5695,1908.2335,2908.2335000000003,1944.43,10.336000000000013,9.674922600619183,250.1983359133124,2.501983359133124,timeout,4325,2.9247774767801937,2023-08-28 14:05:00+00:00,2023-08-31 14:10:00+00:00,2023-07-04 00:00:00+00:00
1693321200000,1693321500000,1693578900000,1,PULLBACK,1934.5855000000001,1924.2185,2924.2185,1934.5355000000002,10.36700000000019,9.64599209028631,-0.4822996045138768,-0.004822996045138768,breakeven,4290,1.7516157036751012,2023-08-29 15:05:00+00:00,2023-09-01 14:35:00+00:00,2023-07-04 00:00:00+00:00
1693476000000,1693476300000,1693578900000,1,PULLBACK,1945.1299999999999,1934.84,2934.84,1934.79,10.289999999999964,9.71817298347914,-100.48590864917352,-1.0048590864917353,stop,1710,0.7399902818270543,2023-08-31 10:05:00+00:00,2023-09-01 14:35:00+00:00,2023-07-04 00:00:00+00:00
1693483200000,1693483500000,1693578600000,1,PULLBACK,1946.03,1935.71,2935.71,1935.66,10.319999999999936,9.689922480620215,-100.48449612403057,-1.0048449612403056,stop,1585,0.6506298449612706,2023-08-31 12:05:00+00:00,2023-09-01 14:30:00+00:00,2023-07-04 00:00:00+00:00
1693486800000,1693487100000,1693578600000,1,PULLBACK,1946.2299999999998,1935.87,2935.87,1935.82,10.3599999999999,9.652509652509746,-100.48262548262505,-1.0048262548262505,stop,1525,0.6288127413127911,2023-08-31 13:05:00+00:00,2023-09-01 14:30:00+00:00,2023-07-04 00:00:00+00:00
1693792800000,1693793100000,1693902600000,1,PULLBACK,1943.435,1933.1100000000001,2933.11,1933.0600000000002,10.324999999999818,9.685230024213245,-100.48426150121021,-1.0048426150121021,stop,1825,0.25457627118644816,2023-09-04 02:05:00+00:00,2023-09-05 08:30:00+00:00,2023-07-04 00:00:00+00:00
1693818000000,1693818300000,1693902300000,1,PULLBACK,1944.3025,1933.9185,2933.9184999999998,1933.8685,10.384000000000015,9.630200308166396,-100.48151001540788,-1.0048151001540788,stop,1400,0.0,2023-09-04 09:05:00+00:00,2023-09-05 08:25:00+00:00,2023-07-04 00:00:00+00:00
1694106000000,1694106300000,1694181600000,-1,PULLBACK,1917.7694999999999,1928.0915,928.0915,1928.1415,10.322000000000116,9.68804495252847,-100.48440224762598,-1.0048440224762598,stop,1255,0.0,2023-09-07 17:05:00+00:00,2023-09-08 14:00:00+00:00,2023-07-04 00:00:00+00:00
1694116800000,1694117100000,1694181600000,-1,PULLBACK,1918.533,1928.79,928.79,1928.84,10.257000000000062,9.749439407234025,-100.48747197036126,-1.0048747197036125,stop,1075,0.0,2023-09-07 20:05:00+00:00,2023-09-08 14:00:00+00:00,2023-07-04 00:00:00+00:00
1694178000000,1694178300000,1694416500000,-1,PULLBACK,1920.1380000000001,1930.4865,930.4865,1930.5365,10.34849999999983,9.663236217809501,-100.48316181089002,-1.0048316181089003,stop,3970,0.280910276851737,2023-09-08 13:05:00+00:00,2023-09-11 07:15:00+00:00,2023-07-04 00:00:00+00:00
1694494800000,1694495100000,1694754600000,-1,PULLBACK,1922.0265,1932.315,932.315,1916.3005,10.288500000000113,9.719589833308929,55.65437138552581,0.5565437138552581,timeout,4325,2.0085532390532865,2023-09-12 05:05:00+00:00,2023-09-15 05:10:00+00:00,2023-07-04 00:00:00+00:00
1694606400000,1694606700000,1694783700000,-1,PULLBACK,1912.06,1922.3600000000001,922.3600000000001,1922.41,10.300000000000182,9.708737864077499,-100.48543689320344,-1.0048543689320344,stop,2950,1.038689320388328,2023-09-13 12:05:00+00:00,2023-09-15 13:15:00+00:00,2023-07-04 00:00:00+00:00
1694610000000,1694610300000,1694783700000,-1,PULLBACK,1912.035,1922.35,922.3499999999999,1922.3999999999999,10.314999999999827,9.69461948618533,-100.48473097430883,-1.0048473097430883,stop,2890,1.0347552108580012,2023-09-13 13:05:00+00:00,2023-09-15 13:15:00+00:00,2023-07-04 00:00:00+00:00
1694620800000,1694621100000,1694779800000,-1,PULLBACK,1910.1765,1920.5085,920.5084999999999,1920.5584999999999,10.33199999999988,9.678668215253694,-100.48393341076225,-1.0048393341076225,stop,2645,0.8531746031746184,2023-09-13 16:05:00+00:00,2023-09-15 12:10:00+00:00,2023-07-04 00:00:00+00:00
1694667600000,1694667900000,1694759100000,-1,PULLBACK,1909.2199999999998,1919.5135,919.5135,1919.5635,10.293500000000222,9.71486860640189,-100.48574343031966,-1.0048574343031966,stop,1520,0.7634429494340751,2023-09-14 05:05:00+00:00,2023-09-15 06:25:00+00:00,2023-07-04 00:00:00+00:00
1694671200000,1694671500000,1694758800000,-1,PULLBACK,1907.7745,1918.125,918.125,1918.175,10.350500000000011,9.661369015989555,-100.48306845079904,-1.0048306845079904,stop,1455,0.6195835949954113,2023-09-14 06:05:00+00:00,2023-09-15 06:20:00+00:00,2023-07-04 00:00:00+00:00
1694692800000,1694693100000,1694758500000,-1,PULLBACK,1907.2365,1917.5365,917.5364999999999,1917.5865,10.299999999999955,9.708737864077714,-100.48543689320346,-1.0048543689320346,stop,1090,0.5703883495145656,2023-09-14 12:05:00+00:00,2023-09-15 06:15:00+00:00,2023-07-04 00:00:00+00:00
1694696400000,1694696700000,1694742000000,-1,PULLBACK,1904.14,1914.49,914.49,1914.54,10.349999999999909,9.661835748792356,-100.48309178743918,-1.0048309178743917,stop,755,0.2684541062802074,2023-09-14 13:05:00+00:00,2023-09-15 01:40:00+00:00,2023-07-04 00:00:00+00:00
1694707200000,1694707500000,1694758800000,-1,PULLBACK,1907.693,1918.03,918.03,1918.08,10.336999999999989,9.673986649898433,-100.48369933249448,-1.0048369933249448,stop,855,0.0,2023-09-14 16:05:00+00:00,2023-09-15 06:20:00+00:00,2023-07-04 00:00:00+00:00
1695110400000,1695110700000,1695257700000,1,PULLBACK,1934.8249999999998,1924.52,2924.52,1924.47,10.304999999999836,9.704027171276234,-100.48520135856337,-1.0048520135856338,stop,2450,1.1984473556526503,2023-09-19 08:05:00+00:00,2023-09-21 00:55:00+00:00,2023-07-04 00:00:00+00:00
1695135600000,1695135900000,1695257100000,1,PULLBACK,1935.25,1924.93,2924.9300000000003,1924.88,10.319999999999936,9.689922480620215,-100.48449612403057,-1.0048449612403056,stop,2020,1.1555232558139783,2023-09-19 15:05:00+00:00,2023-09-21 00:45:00+00:00,2023-07-04 00:00:00+00:00
1695214800000,1695215100000,1695295200000,1,PULLBACK,1932.57,1922.255,2922.255,1922.2050000000002,10.314999999999827,9.69461948618533,-100.48473097430883,-1.0048473097430883,stop,1335,1.4158991759573911,2023-09-20 13:05:00+00:00,2023-09-21 11:20:00+00:00,2023-07-04 00:00:00+00:00
1695218400000,1695218700000,1695240900000,1,PULLBACK,1940.987,1930.68,2930.6800000000003,1930.63,10.307000000000016,9.702144173862408,-100.48510720869267,-1.0048510720869266,stop,370,0.6003686814786157,2023-09-20 14:05:00+00:00,2023-09-20 20:15:00+00:00,2023-07-04 00:00:00+00:00
1695654000000,1695654300000,1695913800000,-1,PULLBACK,1916.6200000000001,1926.93,926.9300000000001,1862.0049999999999,10.309999999999945,9.699321047526725,529.7284190106744,5.297284190106744,timeout,4325,5.073714839961246,2023-09-25 15:05:00+00:00,2023-09-28 15:10:00+00:00,2023-07-04 00:00:00+00:00
1695906000000,1695906300000,1696197900000,-1,PULLBACK,1872.14,1882.4850000000001,882.4850000000001,1848.1235000000001,10.345000000000027,9.66650555824067,232.15563073948658,2.3215563073948657,timeout,4860,2.464958917351393,2023-09-28 13:05:00+00:00,2023-10-01 22:05:00+00:00,2023-07-04 00:00:00+00:00
1695913200000,1695913500000,1695992700000,-1,PULLBACK,1865.0415000000003,1875.3615,875.3615,1875.4115,10.319999999999709,9.689922480620428,-100.48449612403058,-1.0048449612403059,stop,1320,0.6816375968992642,2023-09-28 15:05:00+00:00,2023-09-29 13:05:00+00:00,2023-07-04 00:00:00+00:00
1695999600000,1695999900000,1696259400000,-1,PULLBACK,1860.6000000000001,1870.9485,870.9485,1829.232,10.34849999999983,9.663236217809501,303.11639368025004,3.0311639368025003,timeout,4325,3.1925399816399262,2023-09-29 15:05:00+00:00,2023-10-02 15:10:00+00:00,2023-07-04 00:00:00+00:00
1696330800000,1696331100000,1696590600000,-1,PULLBACK,1825.52,1835.85,835.8499999999999,1822.5635,10.329999999999927,9.680542110358248,28.620522749274212,0.28620522749274213,timeout,4325,1.1742497579864661,2023-10-03 11:05:00+00:00,2023-10-06 11:10:00+00:00,2023-07-04 00:00:00+00:00
1696338000000,1696338300000,1696597800000,-1,PULLBACK,1824.5665,1834.8899999999999,834.8899999999999,1818.27,10.323499999999967,9.686637283866936,60.991911657867426,0.6099191165786743,timeout,4325,1.3367559451736328,2023-10-03 13:05:00+00:00,2023-10-06 13:10:00+00:00,2023-07-04 00:00:00+00:00
1696345200000,1696345500000,1696605000000,-1,PULLBACK,1826.1899999999998,1836.7817946805806,810.4523266225308,1826.9535,10.591794680580733,9.441270626529661,-7.2084101233577496,-0.0720841012335775,timeout,4325,1.4561743750827907,2023-10-03 15:05:00+00:00,2023-10-06 15:10:00+00:00,2023-07-04 00:00:00+00:00
1696348800000,1696349100000,1696608600000,-1,PULLBACK,1824.5615,1835.3702736319676,787.9929104352036,1833.4585,10.808773631967597,9.251743389670406,-82.312760937897,-0.82312760937897,timeout,4325,1.2762780006050392,2023-10-03 16:05:00+00:00,2023-10-06 16:10:00+00:00,2023-07-04 00:00:00+00:00
1696352400000,1696352700000,1696606200000,-1,PULLBACK,1823.638,1834.4412898011128,787.6623096898297,1834.4912898011128,10.803289801112896,9.256439643940547,-100.46282198219662,-1.0046282198219663,stop,4225,1.1914426287698046,2023-10-03 17:05:00+00:00,2023-10-06 15:30:00+00:00,2023-07-04 00:00:00+00:00
1696410000000,1696410300000,1696606200000,-1,PULLBACK,1822.6845,1833.0214999999998,833.0214999999998,1833.0714999999998,10.336999999999762,9.673986649898646,-100.4836993324945,-1.004836993324945,stop,3265,1.1529457289349323,2023-10-04 09:05:00+00:00,2023-10-06 15:30:00+00:00,2023-10-04 00:00:00+00:00
1696413600000,1696413900000,1696606200000,-1,PULLBACK,1821.9205000000002,1832.2035,832.2035000000001,1832.2535,10.282999999999902,9.724788485850526,-100.4862394242921,-1.004862394242921,stop,3205,1.0847029077117893,2023-10-04 10:05:00+00:00,2023-10-06 15:30:00+00:00,2023-10-04 00:00:00+00:00
1696438800000,1696439100000,1696602900000,-1,PULLBACK,1820.658,1831.06,831.06,1831.11,10.402000000000044,9.613535858488712,-100.480676792924,-1.00480676792924,stop,2730,0.9509228994424062,2023-10-04 17:05:00+00:00,2023-10-06 14:35:00+00:00,2023-10-04 00:00:00+00:00
1696453200000,1696457100000,1696602900000,-1,PULLBACK,1821.298,1831.425,831.425,1831.475,10.126999999999953,9.874592673052282,-100.49372963365217,-1.0049372963365217,stop,2430,1.0399427273625061,2023-10-04 22:05:00+00:00,2023-10-06 14:35:00+00:00,2023-10-04 00:00:00+00:00
1696507200000,1696507500000,1696606200000,-1,PULLBACK,1822.7164999999998,1833.1185,833.1185,1833.1685,10.402000000000271,9.613535858488502,-100.48067679292399,-1.0048067679292398,stop,1645,1.1488175350893584,2023-10-05 12:05:00+00:00,2023-10-06 15:30:00+00:00,2023-10-04 00:00:00+00:00
1696510800000,1696511100000,1696599300000,-1,PULLBACK,1815.4450000000002,1825.755,825.7550000000001,1825.805,10.309999999999945,9.699321047526725,-100.4849660523759,-1.004849660523759,stop,1470,0.45378273520855844,2023-10-05 13:05:00+00:00,2023-10-06 13:35:00+00:00,2023-10-04 00:00:00+00:00
1696575600000,1696575900000,1696602600000,-1,PULLBACK,1819.2085000000002,1829.52,829.52,1829.57,10.311499999999796,9.69791010037356,-100.48489550501823,-1.0048489550501822,stop,445,0.8186975706735587,2023-10-06 07:05:00+00:00,2023-10-06 14:30:00+00:00,2023-10-04 00:00:00+00:00
1696586400000,1696586700000,1696602900000,-1,PULLBACK,1820.2635,1830.5785,830.5785000000001,1830.6285,10.315000000000055,9.694619486185116,-100.48473097430882,-1.0048473097430881,stop,270,0.9206980126030073,2023-10-06 10:05:00+00:00,2023-10-06 14:35:00+00:00,2023-10-04 00:00:00+00:00
1696597200000,1696597500000,1696599300000,-1,PULLBACK,1814.825,1825.145,825.145,1825.195,10.319999999999936,9.689922480620215,-100.48449612403057,-1.0048449612403056,stop,30,0.05087209302326494,2023-10-06 13:05:00+00:00,2023-10-06 13:35:00+00:00,2023-10-04 00:00:00+00:00
1696953600000,1696953900000,1697213400000,1,PULLBACK,1861.707,1851.35,2851.35,1925.1295,10.357000000000198,9.655305590421753,612.3636188085227,6.123636188085227,timeout,4325,6.0247175823113785,2023-10-10 16:05:00+00:00,2023-10-13 16:10:00+00:00,2023-10-04 00:00:00+00:00
1697007600000,1697007900000,1697407500000,1,PULLBACK,1862.984,1852.63,2852.63,1927.3329999999999,10.353999999999814,9.6581031485418,621.4892795055156,6.214892795055156,timeout,6660,6.7303457600928525,2023-10-11 07:05:00+00:00,2023-10-15 22:05:00+00:00,2023-10-04 00:00:00+00:00
1697169600000,1697169900000,1697429400000,1,PULLBACK,1874.01,1863.71,2863.71,1920.06,10.299999999999955,9.708737864077714,447.08737864077824,4.4708737864077825,timeout,4325,5.695145631067994,2023-10-13 04:05:00+00:00,2023-10-16 04:10:00+00:00,2023-10-04 00:00:00+00:00
1697461200000,1697461500000,1697721000000,1,PULLBACK,1919.115,1908.6597978212487,2915.6800156963704,1953.63,10.455202178751279,9.564616569848441,330.1227409083199,3.301227409083199,timeout,4325,4.138609589773418,2023-10-16 13:05:00+00:00,2023-10-19 13:10:00+00:00,2023-10-04 00:00:00+00:00
1697529600000,1697529900000,1697789400000,1,PULLBACK,1920.4834999999998,1910.1535,2910.1535,1980.2079999999999,10.329999999999927,9.680542110358248,578.1655372700915,5.781655372700914,timeout,4325,5.950290416263375,2023-10-17 08:05:00+00:00,2023-10-20 08:10:00+00:00,2023-10-04 00:00:00+00:00
1697547600000,1697547900000,1697642100000,1,PULLBACK,1926.532,1916.1185,2916.1185,1942.1022499999997,10.413499999999885,9.602919287463495,149.51985403562617,1.4951985403562618,ladder_lock_1.50R,1570,3.442934652134293,2023-10-17 13:05:00+00:00,2023-10-18 15:15:00+00:00,2023-10-04 00:00:00+00:00
1697569200000,1697569500000,1697829000000,1,PULLBACK,1922.4505,1912.1135,2912.1135,1980.6365,10.336999999999989,9.673986649898433,562.8905872109916,5.628905872109916,timeout,4325,7.2099738802360624,2023-10-17 19:05:00+00:00,2023-10-20 19:10:00+00:00,2023-10-04 00:00:00+00:00
1697691600000,1697691900000,1698012300000,1,PULLBACK,1948.5384999999999,1938.1865,2938.1865,1971.743,10.351999999999862,9.659969088099047,224.15475270479484,2.2415475270479486,timeout,5340,4.679433925811512,2023-10-19 05:05:00+00:00,2023-10-22 22:05:00+00:00,2023-10-04 00:00:00+00:00
1697698800000,1697699100000,1698012300000,1,PULLBACK,1948.3400000000001,1938.05,2938.05,1971.743,10.290000000000191,9.718172983478926,227.4344023323553,2.274344023323553,timeout,5220,4.726919339164137,2023-10-19 07:05:00+00:00,2023-10-22 22:05:00+00:00,2023-10-04 00:00:00+00:00
1697731200000,1697731500000,1698012300000,1,PULLBACK,1956.6135000000002,1945.9599483927607,2974.4651091166793,1971.743,10.653551607239478,9.386541097904509,142.0136735407442,1.4201367354074421,timeout,4680,3.7890181122856106,2023-10-19 16:05:00+00:00,2023-10-22 22:05:00+00:00,2023-10-04 00:00:00+00:00
1697806800000,1697807100000,1697822400000,1,PULLBACK,1978.71,1967.7050323248043,3031.70179984435,1978.66,11.004967675195758,9.086805427460847,-0.4543402713726291,-0.004543402713726291,breakeven,255,1.6601593515970952,2023-10-20 13:05:00+00:00,2023-10-20 17:20:00+00:00,2023-10-04 00:00:00+00:00
1697835600000,1698012300000,1698012300000,1,PULLBACK,1968.547,1968.693798073342,3221.813990739135,1968.643798073342,0.1467980733418699,681.2078505084705,65.93960747460746,0.6593960747460745,ladder_lock_1.00R,0,0.0,2023-10-22 22:05:00+00:00,2023-10-22 22:05:00+00:00,2023-10-04 00:00:00+00:00
1698048000000,1698048300000,1698139200000,1,PULLBACK,1979.877,1967.7607849347628,3145.68229145849,1967.7107849347628,12.116215065237157,8.253402523937673,-100.41267012619652,-1.0041267012619652,stop,1515,0.22226412996964018,2023-10-23 08:05:00+00:00,2023-10-24 09:20:00+00:00,2023-10-04 00:00:00+00:00
1698062400000,1698062700000,1698139200000,1,PULLBACK,1979.8005,1968.6608645752228,3048.074407052943,1968.6108645752229,11.139635424777225,8.97695446814857,-100.44884772340703,-1.0044884772340703,stop,1275,0.1705172501224811,2023-10-23 12:05:00+00:00,2023-10-24 09:20:00+00:00,2023-10-04 00:00:00+00:00
1698127200000,1698127500000,1698139200000,1,PULLBACK,1976.88,1966.56,2966.56,1966.51,10.320000000000164,9.689922480620002,-100.48449612403056,-1.0048449612403056,stop,195,0.20106589147282536,2023-10-24 06:05:00+00:00,2023-10-24 09:20:00+00:00,2023-10-04 00:00:00+00:00
1698130800000,1698131100000,1698139200000,1,PULLBACK,1978.125,1967.685,2967.685,1967.635,10.440000000000055,9.578544061302631,-100.47892720306469,-1.0047892720306468,stop,135,0.0795019157087831,2023-10-24 07:05:00+00:00,2023-10-24 09:20:00+00:00,2023-10-04 00:00:00+00:00
1698206400000,1698206700000,1698246300000,1,PULLBACK,1973.6485,1963.3184999999999,2963.3185,1963.2685,10.330000000000155,9.680542110358035,-100.48402710551746,-1.0048402710551745,stop,660,1.291529525653439,2023-10-25 04:05:00+00:00,2023-10-25 15:05:00+00:00,2023-10-04 00:00:00+00:00
1698213600000,1698213900000,1698246300000,1,PULLBACK,1973.2535,1962.94,2962.94,1962.89,10.313499999999976,9.69602947592963,-100.48480147379604,-1.0048480147379604,stop,540,1.3318950889610934,2023-10-25 06:05:00+00:00,2023-10-25 15:05:00+00:00,2023-10-04 00:00:00+00:00
1698238800000,1698239100000,1698246300000,1,PULLBACK,1975.5200000000002,1965.145,2965.145,1965.095,10.375000000000227,9.63855421686726,-100.48192771084292,-1.0048192771084292,stop,120,1.1055421686746771,2023-10-25 13:05:00+00:00,2023-10-25 15:05:00+00:00,2023-10-04 00:00:00+00:00
1698249600000,1698249900000,1698617100000,1,PULLBACK,1981.6235000000001,1968.4419313342519,3250.748797909052,2002.7810000000002,13.181568665748273,7.586350497103248,160.50821064246216,1.6050821064246217,timeout,6120,2.092808579883379,2023-10-25 16:05:00+00:00,2023-10-29 22:05:00+00:00,2023-10-04 00:00:00+00:00
1698361200000,1698361500000,1698621000000,1,PULLBACK,1985.8855,1975.3415,2975.3415,2001.9009999999998,10.544000000000096,9.484066767829958,151.8920713201783,1.518920713201783,timeout,4325,2.2121111532624935,2023-10-26 23:05:00+00:00,2023-10-29 23:10:00+00:00,2023-10-04 00:00:00+00:00
1698372000000,1698372300000,1698631800000,1,PULLBACK,1985.8849999999998,1975.5265,2975.5265,2003.3400000000001,10.358499999999822,9.653907419028018,168.50895399913773,1.6850895399913772,timeout,4325,2.2517739054883115,2023-10-27 02:05:00+00:00,2023-10-30 02:10:00+00:00,2023-10-04 00:00:00+00:00
1698429600000,1698429900000,1698689400000,1,PULLBACK,1997.11,1986.4448829812798,3019.456584853315,1998.4530000000002,10.665117018720139,9.376362193164239,12.592454425422403,0.12592454425422403,timeout,4325,1.1345398253728856,2023-10-27 18:05:00+00:00,2023-10-30 18:10:00+00:00,2023-10-04 00:00:00+00:00
1698674400000,1698674700000,1698768900000,1,PULLBACK,1998.9434999999999,1988.6084999999998,2988.6085,1988.5584999999999,10.335000000000036,9.675858732462473,-100.48379293662269,-1.0048379293662268,stop,1570,0.8389937106918257,2023-10-30 14:05:00+00:00,2023-10-31 16:15:00+00:00,2023-10-04 00:00:00+00:00
1698681600000,1698681900000,1698768900000,1,PULLBACK,1999.6035,1989.0048011538713,3008.524685766748,1988.9548011538714,10.598698846128627,9.435120428629489,-100.47175602143105,-1.0047175602143106,stop,1450,0.7558474975375052,2023-10-30 16:05:00+00:00,2023-10-31 16:15:00+00:00,2023-10-04 00:00:00+00:00
1698742800000,1698743100000,1698768900000,1,PULLBACK,1997.327,1987.0145,2987.0145,1986.9645,10.3125,9.696969696969697,-100.48484848484804,-1.0048484848484804,stop,430,0.9975757575757488,2023-10-31 09:05:00+00:00,2023-10-31 16:15:00+00:00,2023-10-04 00:00:00+00:00
1698760800000,1698761100000,1698765300000,1,PULLBACK,2002.8995,1992.5445,2992.5445,1992.4945,10.355000000000018,9.657170449058409,-100.48285852245247,-1.0048285852245247,stop,70,0.4553355866730961,2023-10-31 14:05:00+00:00,2023-10-31 15:15:00+00:00,2023-10-04 00:00:00+00:00
1699016400000,1699016700000,1699018200000,1,PULLBACK,2000.555,1990.2350000000001,2990.235,1990.1850000000002,10.319999999999936,9.689922480620215,-100.48449612403057,-1.0048449612403056,stop,25,0.09302325581395758,2023-11-03 13:05:00+00:00,2023-11-03 13:30:00+00:00,2023-10-04 00:00:00+00:00
1699232400000,1699232700000,1699286400000,1,PULLBACK,1991.48,1981.17,2981.17,1981.1200000000001,10.309999999999945,9.699321047526725,-100.4849660523759,-1.004849660523759,stop,895,0.1290009699320984,2023-11-06 01:05:00+00:00,2023-11-06 16:00:00+00:00,2023-10-04 00:00:00+00:00
1699387200000,1699387500000,1699647000000,-1,PULLBACK,1967.1180000000002,1977.4615,977.4614999999999,1935.9750000000001,10.343499999999722,9.667907381447545,301.0876395804212,3.0108763958042117,timeout,4325,3.2602600667086787,2023-11-07 20:05:00+00:00,2023-11-10 20:10:00+00:00,2023-10-04 00:00:00+00:00
1699412400000,1699412700000,1699830300000,-1,PULLBACK,1968.355,1978.71,978.71,1941.9345,10.355000000000018,9.657170449058409,255.1472718493472,2.551472718493472,timeout,6960,3.37609850313859,2023-11-08 03:05:00+00:00,2023-11-12 23:05:00+00:00,2023-10-04 00:00:00+00:00
1699416000000,1699416300000,1699830300000,-1,PULLBACK,1967.493,1977.85,977.8499999999999,1941.9345,10.356999999999971,9.655305590421964,246.77512793279848,2.467751279327985,timeout,6900,3.2922178236941373,2023-11-08 04:05:00+00:00,2023-11-12 23:05:00+00:00,2023-10-04 00:00:00+00:00
1699437600000,1699437900000,1699545000000,-1,PULLBACK,1965.1999999999998,1975.5535,975.5535,1965.2499999999998,10.353500000000167,9.658569565847142,-0.4829284782919179,-0.004829284782919179,breakeven,1785,1.9512725165402565,2023-11-08 10:05:00+00:00,2023-11-09 15:50:00+00:00,2023-10-04 00:00:00+00:00
1699455600000,1699455900000,1699830300000,-1,PULLBACK,1959.8664999999999,1970.25,970.25,1941.9345,10.38350000000014,9.630664034285035,172.6970674627972,1.726970674627972,timeout,6240,2.549333076515592,2023-11-08 15:05:00+00:00,2023-11-12 23:05:00+00:00,2023-10-04 00:00:00+00:00
1699603200000,1699603500000,1699863000000,-1,PULLBACK,1955.083,1965.42,965.4200000000001,1937.6499999999999,10.336999999999989,9.673986649898433,168.64660926768153,1.6864660926768154,timeout,4325,2.098045854696745,2023-11-10 08:05:00+00:00,2023-11-13 08:10:00+00:00,2023-10-04 00:00:00+00:00
1699606800000,1699607100000,1699866600000,-1,PULLBACK,1954.6699999999998,1965.005,965.0050000000001,1937.27,10.335000000000264,9.67585873246226,168.359941944842,1.68359941944842,timeout,4325,2.0584905660376824,2023-11-10 09:05:00+00:00,2023-11-13 09:10:00+00:00,2023-10-04 00:00:00+00:00
1700143200000,1700143500000,1700435100000,1,PULLBACK,1972.5349999999999,1962.17,2962.17,1977.2100000000003,10.364999999999782,9.647853352629243,45.10371442354566,0.4510371442354566,timeout,4860,1.9935841775205545,2023-11-16 14:05:00+00:00,2023-11-19 23:05:00+00:00,2023-10-04 00:00:00+00:00
1700564400000,1700564700000,1700673300000,1,PULLBACK,1988.9215,1978.63,2978.63,1988.8715,10.291499999999814,9.716756546664898,-0.48583782733280306,-0.00485837827332803,breakeven,1810,1.7877374532381205,2023-11-21 11:05:00+00:00,2023-11-22 17:15:00+00:00,2023-10-04 00:00:00+00:00
1700665200000,1700665500000,1700666100000,1,PULLBACK,2002.2205,1991.8885,2991.8885,1991.8385,10.33199999999988,9.678668215253694,-100.48393341076225,-1.0048393341076225,stop,10,0.0,2023-11-22 15:05:00+00:00,2023-11-22 15:15:00+00:00,2023-10-04 00:00:00+00:00
1700712000000,1700712300000,1701039900000,1,PULLBACK,1998.205,1987.87,2987.87,2000.8159999999998,10.335000000000036,9.675858732462473,25.26366715045832,0.2526366715045832,timeout,5460,0.49762941461056975,2023-11-23 04:05:00+00:00,2023-11-26 23:05:00+00:00,2023-10-04 00:00:00+00:00
1700719200000,1700719500000,1701039900000,1,PULLBACK,1996.755,1986.3935,2986.3935,2000.8159999999998,10.361500000000206,9.65111229069131,39.19316701249446,0.3919316701249446,timeout,5340,0.6362978333252853,2023-11-23 06:05:00+00:00,2023-11-26 23:05:00+00:00,2023-10-04 00:00:00+00:00
1700726400000,1700726700000,1701039900000,1,PULLBACK,1996.75,1986.42,2986.42,2000.8159999999998,10.329999999999927,9.680542110358248,39.36108422071474,0.39361084220714737,timeout,5220,0.638722168441455,2023-11-23 08:05:00+00:00,2023-11-26 23:05:00+00:00,2023-10-04 00:00:00+00:00
1700805600000,1700805900000,1701065400000,1,PULLBACK,1994.6350000000002,1984.3735,2984.3734999999997,2010.9,10.261500000000296,9.745163962383385,158.5050918481645,1.585050918481645,timeout,4325,2.263850314281462,2023-11-24 06:05:00+00:00,2023-11-27 06:10:00+00:00,2023-10-04 00:00:00+00:00
1700820000000,1700820300000,1701079800000,1,PULLBACK,1994.9099999999999,1984.59,2984.59,2012.82,10.319999999999936,9.689922480620215,173.54651162790884,1.7354651162790884,timeout,4325,2.224370155038798,2023-11-24 10:05:00+00:00,2023-11-27 10:10:00+00:00,2023-10-04 00:00:00+00:00
1700834400000,1700834700000,1701094200000,1,PULLBACK,2000.077,1989.7135,2989.7135,2010.83,10.36349999999993,9.649249770830382,103.75838278573842,1.0375838278573841,timeout,4325,1.7164567954841734,2023-11-24 14:05:00+00:00,2023-11-27 14:10:00+00:00,2023-10-04 00:00:00+00:00
1701104400000,1701104700000,1701364200000,1,PULLBACK,2011.152,2000.8465,3000.8465,2039.795,10.305499999999938,9.703556353403581,277.93896463053903,2.77938964630539,timeout,4325,3.9355683858134234,2023-11-27 17:05:00+00:00,2023-11-30 17:10:00+00:00,2023-10-04 00:00:00+00:00
1701162000000,1701162300000,1701355500000,1,PULLBACK,2015.8020000000001,2005.4465,3005.4465,2031.2852500000004,10.35550000000012,9.656704166867737,149.51716479165705,1.4951716479165704,ladder_lock_1.50R,3220,3.467529332238857,2023-11-28 09:05:00+00:00,2023-11-30 14:45:00+00:00,2023-10-04 00:00:00+00:00
1701180000000,1701180300000,1701439800000,1,PULLBACK,2021.895,2011.5684999999999,3011.5685,2036.428,10.326500000000124,9.683823173388738,140.7350021788598,1.407350021788598,timeout,4325,2.8872318791458573,2023-11-28 14:05:00+00:00,2023-12-01 14:10:00+00:00,2023-10-04 00:00:00+00:00
1701270000000,1701270300000,1701352500000,1,PULLBACK,2044.6414999999997,2034.2965,3034.2965,2034.2465,10.3449999999998,9.666505558240884,-100.48332527791162,-1.0048332527791162,stop,1370,0.4454325761238007,2023-11-29 15:05:00+00:00,2023-11-30 13:55:00+00:00,2023-10-04 00:00:00+00:00
1701313200000,1701313500000,1701345000000,1,PULLBACK,2046.367,2036.05,3036.05,2036.0,10.317000000000007,9.692740137636903,-100.4846370068814,-1.004846370068814,stop,525,0.05403702626731516,2023-11-30 03:05:00+00:00,2023-11-30 11:50:00+00:00,2023-10-04 00:00:00+00:00
1701327600000,1701327900000,1701345000000,1,PULLBACK,2046.267,2035.9285,3035.9285,2035.8785,10.338500000000067,9.672583063306993,-100.48362915316491,-1.004836291531649,stop,285,0.039947768051458936,2023-11-30 07:05:00+00:00,2023-11-30 11:50:00+00:00,2023-10-04 00:00:00+00:00
1701406800000,1701407100000,1701666600000,1,PULLBACK,2040.59,2030.26,3030.26,2083.7780000000002,10.329999999999927,9.680542110358248,418.0832526621552,4.180832526621552,timeout,4325,10.042255566311804,2023-12-01 05:05:00+00:00,2023-12-04 05:10:00+00:00,2023-10-04 00:00:00+00:00
1701421200000,1701421500000,1701435000000,1,PULLBACK,2045.7599999999998,2035.395,3035.395,2035.345,10.364999999999782,9.647853352629243,-100.48239266763102,-1.0048239266763102,stop,225,0.3685479980704529,2023-12-01 09:05:00+00:00,2023-12-01 12:50:00+00:00,2023-10-04 00:00:00+00:00
1701957600000,1701957900000,1701960600000,1,PULLBACK,2037.5785000000003,2027.2335,3027.2335000000003,2027.1835,10.345000000000255,9.666505558240457,-100.48332527791158,-1.0048332527791157,stop,45,0.0,2023-12-07 14:05:00+00:00,2023-12-07 14:50:00+00:00,2023-10-04 00:00:00+00:00
1702018800000,1702019100000,1702042500000,1,PULLBACK,2030.8705,2020.51,3020.51,2020.46,10.360500000000002,9.652043820278942,-100.48260219101351,-1.004826021910135,stop,390,0.12205009410740511,2023-12-08 07:05:00+00:00,2023-12-08 13:35:00+00:00,2023-10-04 00:00:00+00:00
1702022400000,1702022700000,1702042500000,1,PULLBACK,2031.222,2020.915,3020.915,2020.865,10.307000000000016,9.702144173862408,-100.48510720869267,-1.0048510720869266,stop,330,0.08858057630734278,2023-12-08 08:05:00+00:00,2023-12-08 13:35:00+00:00,2023-10-04 00:00:00+00:00
1702371600000,1702371900000,1702388100000,-1,PULLBACK,1983.46,1993.85,993.8499999999999,1993.8999999999999,10.389999999999873,9.624639076034766,-100.4812319538013,-1.004812319538013,stop,270,0.038979788257960064,2023-12-12 09:05:00+00:00,2023-12-12 13:35:00+00:00,2023-10-04 00:00:00+00:00
1702389600000,1702389900000,1702494300000,-1,PULLBACK,1984.14,1994.495,994.4949999999999,1994.5449999999998,10.35499999999979,9.65717044905862,-100.48285852245249,-1.004828585224525,stop,1740,1.0321583775953953,2023-12-12 14:05:00+00:00,2023-12-13 19:05:00+00:00,2023-10-04 00:00:00+00:00
1702393200000,1702393500000,1702494300000,-1,PULLBACK,1981.5800000000002,1991.9250000000002,991.9250000000002,1991.9750000000001,10.345000000000027,9.66650555824067,-100.48332527791159,-1.004833252779116,stop,1680,0.7856935717738168,2023-12-12 15:05:00+00:00,2023-12-13 19:05:00+00:00,2023-10-04 00:00:00+00:00
1702584000000,1702584300000,1702665000000,1,PULLBACK,2033.6720000000003,2020.6692308796935,3285.0961429103318,2020.6192308796935,13.002769120306766,7.6906695085301005,-100.38453347542615,-1.0038453347542615,stop,1345,0.8427435647447173,2023-12-14 20:05:00+00:00,2023-12-15 18:30:00+00:00,2023-10-04 00:00:00+00:00
1702609200000,1702609500000,1702664400000,1,PULLBACK,2036.512,2025.5309939450033,3089.431599444693,2025.4809939450033,10.98100605499667,9.106633718182604,-100.45533168590872,-1.0045533168590872,stop,915,0.7392765252420789,2023-12-15 03:05:00+00:00,2023-12-15 18:20:00+00:00,2023-10-04 00:00:00+00:00
1702922400000,1702922700000,1702952400000,1,PULLBACK,2034.03,2023.6100000000001,3023.61,2023.5600000000002,10.419999999999845,9.59692898272567,-100.47984644913585,-1.0047984644913586,stop,495,0.0,2023-12-18 18:05:00+00:00,2023-12-19 02:20:00+00:00,2023-10-04 00:00:00+00:00
1702976400000,1702976700000,1703108100000,1,PULLBACK,2027.55,2017.185,3017.185,2027.5,10.365000000000009,9.647853352629031,-0.48239266763101285,-0.004823926676310129,breakeven,2190,1.8468885672937783,2023-12-19 09:05:00+00:00,2023-12-20 21:35:00+00:00,2023-10-04 00:00:00+00:00
1702987200000,1702987500000,1703247000000,1,PULLBACK,2026.8915,2016.5095000000001,3016.5095,2061.86,10.381999999999834,9.632055480639721,336.8185320747518,3.368185320747518,timeout,4325,3.4490464265075365,2023-12-19 12:05:00+00:00,2023-12-22 12:10:00+00:00,2023-10-04 00:00:00+00:00
1703127600000,1703127900000,1703263800000,1,PULLBACK,2037.3485,2027.0014999999999,3027.0015,2052.8190000000004,10.347000000000207,9.66463709287697,149.5167681453566,1.495167681453566,ladder_lock_1.50R,2265,3.184932830772168,2023-12-21 03:05:00+00:00,2023-12-22 16:50:00+00:00,2023-10-04 00:00:00+00:00
1703142000000,1703142300000,1703263800000,1,PULLBACK,2037.2815,2026.9245,3026.9245,2052.767,10.356999999999971,9.655305590421964,149.51723472047715,1.4951723472047715,ladder_lock_1.50R,2025,3.1883267355412164,2023-12-21 07:05:00+00:00,2023-12-22 16:50:00+00:00,2023-10-04 00:00:00+00:00
1703149200000,1703149500000,1703263800000,1,PULLBACK,2036.905,2026.5385,3026.5385,2052.4047499999997,10.36649999999986,9.64645733854255,149.5176771330722,1.495176771330722,ladder_lock_1.50R,1905,3.2217238219264765,2023-12-21 09:05:00+00:00,2023-12-22 16:50:00+00:00,2023-10-04 00:00:00+00:00
1703167200000,1703167500000,1703545500000,1,PULLBACK,2041.7450000000001,2031.385,3031.385,2053.7955,10.360000000000127,9.652509652509535,116.3175675675667,1.163175675675667,timeout,6300,2.756563706563694,2023-12-21 14:05:00+00:00,2023-12-25 23:05:00+00:00,2023-10-04 00:00:00+00:00
1703268000000,1703268300000,1703545500000,1,PULLBACK,2055.9719999999998,2044.3354577294863,3162.2896847809025,2053.7955,11.636542270513473,8.593618076169925,-18.704009742780215,-0.18704009742780214,timeout,4620,0.1526226570327641,2023-12-22 18:05:00+00:00,2023-12-25 23:05:00+00:00,2023-10-04 00:00:00+00:00
1703552400000,1703552700000,1703765400000,1,PULLBACK,2055.5035,2045.0985,3045.0985,2071.0609999999992,10.404999999999745,9.610764055742667,149.51946179721114,1.4951946179721114,ladder_lock_1.50R,3545,3.140941854877597,2023-12-26 01:05:00+00:00,2023-12-28 12:10:00+00:00,2023-10-04 00:00:00+00:00
1703556000000,1703556300000,1703815800000,1,PULLBACK,2063.9415,2053.4076196934166,3059.6956503517813,2069.5135,10.533880306583342,9.493177925849714,52.895987402835715,0.5289598740283572,timeout,4325,2.3014785904534225,2023-12-26 02:05:00+00:00,2023-12-29 02:10:00+00:00,2023-10-04 00:00:00+00:00
1703678400000,1703678700000,1703791500000,1,PULLBACK,2068.5399999999995,2058.19,3058.19,2068.4899999999993,10.349999999999454,9.66183574879278,-0.4830917874413965,-0.004830917874413965,breakeven,1880,1.8980676328504278,2023-12-27 12:05:00+00:00,2023-12-28 19:25:00+00:00,2023-10-04 00:00:00+00:00
1704340800000,1704341100000,1704467100000,-1,PULLBACK,2044.3365,2054.6865,1054.6865,2054.7365,10.349999999999909,9.661835748792356,-100.48309178744138,-1.004830917874414,stop,2100,1.8861352657004835,2024-01-04 04:05:00+00:00,2024-01-05 15:05:00+00:00,2024-01-04 00:00:00+00:00
1704376800000,1704377100000,1704467100000,-1,PULLBACK,2039.9750000000001,2050.315,1050.315,2050.3650000000002,10.339999999999918,9.671179883945918,-100.48355899419906,-1.0048355899419905,stop,1500,1.4661508704062092,2024-01-04 14:05:00+00:00,2024-01-05 15:05:00+00:00,2024-01-04 00:00:00+00:00
1704387600000,1704387900000,1704467100000,-1,PULLBACK,2044.518,2054.84,1054.8400000000001,2054.8900000000003,10.322000000000116,9.68804495252847,-100.48440224762818,-1.0048440224762818,stop,1320,1.908835496996682,2024-01-04 17:05:00+00:00,2024-01-05 15:05:00+00:00,2024-01-04 00:00:00+00:00
1704391200000,1704391500000,1704467100000,-1,PULLBACK,2042.92,2053.3199999999997,1053.32,2053.37,10.399999999999636,9.615384615384952,-100.480769230771,-1.00480769230771,stop,1260,1.7408653846154472,2024-01-04 18:05:00+00:00,2024-01-05 15:05:00+00:00,2024-01-04 00:00:00+00:00
1704402000000,1704402300000,1704467100000,-1,PULLBACK,2042.7965000000002,2053.1285,1053.1284999999998,2053.1785,10.331999999999653,9.678668215253907,-100.48393341076446,-1.0048393341076447,stop,1080,1.7403697251258905,2024-01-04 21:05:00+00:00,2024-01-05 15:05:00+00:00,2024-01-04 00:00:00+00:00
1704438000000,1704438300000,1704467100000,-1,PULLBACK,2042.2164999999998,2052.5215,1052.5214999999998,2052.5715,10.305000000000064,9.704027171276019,-100.48520135856556,-1.0048520135856556,stop,480,1.6886462882095687,2024-01-05 07:05:00+00:00,2024-01-05 15:05:00+00:00,2024-01-04 00:00:00+00:00
1704445200000,1704445500000,1704467100000,-1,PULLBACK,2042.13,2052.5299999999997,1052.53,2052.58,10.399999999999636,9.615384615384952,-100.480769230771,-1.00480769230771,stop,360,1.6649038461539096,2024-01-05 09:05:00+00:00,2024-01-05 15:05:00+00:00,2024-01-04 00:00:00+00:00
1704448800000,1704449100000,1704465000000,-1,PULLBACK,2038.59,2048.91,1048.9099999999999,2048.96,10.319999999999936,9.689922480620215,-100.48449612403277,-1.0048449612403276,stop,265,1.3347868217054213,2024-01-05 10:05:00+00:00,2024-01-05 14:30:00+00:00,2024-01-04 00:00:00+00:00
1704733200000,1704733500000,1704980100000,-1,PULLBACK,2031.958,2044.0029928679685,868.2037060710991,2044.0529928679684,12.044992867968404,8.30220499888654,-100.41511024994395,-1.0041511024994394,stop,4110,0.9200918690016181,2024-01-08 17:05:00+00:00,2024-01-11 13:35:00+00:00,2024-01-04 00:00:00+00:00
1704736800000,1704737100000,1704807600000,-1,PULLBACK,2027.34,2039.5181362345422,862.2045127803076,2039.5681362345422,12.178136234542308,8.211437125851656,-100.41057185629221,-1.004105718562922,stop,1175,0.07238381826437906,2024-01-08 18:05:00+00:00,2024-01-09 13:40:00+00:00,2024-01-04 00:00:00+00:00
1704859200000,1704859500000,1704881100000,-1,PULLBACK,2028.6985,2038.9985000000001,1038.9985000000001,2039.0485,10.300000000000182,9.708737864077499,-100.48543689320344,-1.0048543689320344,stop,360,0.4333495145630836,2024-01-10 04:05:00+00:00,2024-01-10 10:05:00+00:00,2024-01-04 00:00:00+00:00
1704898800000,1704899100000,1704979500000,-1,PULLBACK,2026.988,2037.435,1037.435,2037.485,10.446999999999889,9.572125969177856,-100.47860629845846,-1.0047860629845846,stop,1340,0.5850961998660139,2024-01-10 15:05:00+00:00,2024-01-11 13:25:00+00:00,2024-01-04 00:00:00+00:00
1704988800000,1704989100000,1705044900000,-1,PULLBACK,2028.7535,2039.1710861643762,1032.9124697267268,2039.2210861643762,10.41758616437619,9.59915266570661,-100.47995763328488,-1.0047995763328488,stop,930,1.4403528574892874,2024-01-11 16:05:00+00:00,2024-01-12 07:35:00+00:00,2024-01-04 00:00:00+00:00
1704992400000,1704992700000,1705006200000,-1,PULLBACK,2016.4955,2028.3719014383498,866.6817576033873,2028.4219014383498,11.87640143834983,8.420058931074204,-100.42100294655333,-1.0042100294655334,stop,225,0.23129901883661433,2024-01-11 17:05:00+00:00,2024-01-11 20:50:00+00:00,2024-01-04 00:00:00+00:00
1705334400000,1705334700000,1705394400000,1,PULLBACK,2053.6184999999996,2043.2799999999997,3043.2799999999997,2043.2299999999998,10.33849999999984,9.672583063307206,-100.48362915316493,-1.0048362915316493,stop,995,0.23562412342217795,2024-01-15 16:05:00+00:00,2024-01-16 08:40:00+00:00,2024-01-04 00:00:00+00:00
1705500000000,1705500300000,1705665900000,-1,PULLBACK,2022.115,2032.6080863227426,1020.1494540484881,2032.6580863227425,10.493086322742556,9.530084564658685,-100.4765042282325,-1.004765042282325,stop,2760,1.8958197224475335,2024-01-17 14:05:00+00:00,2024-01-19 12:05:00+00:00,2024-01-04 00:00:00+00:00
1705564800000,1705565100000,1705610100000,-1,PULLBACK,2012.0014999999999,2022.3515000000002,1022.3515000000002,2022.4015000000002,10.350000000000364,9.661835748791932,-100.48309178743916,-1.0048309178743917,stop,750,0.4020772946859477,2024-01-18 08:05:00+00:00,2024-01-18 20:35:00+00:00,2024-01-04 00:00:00+00:00
1705568400000,1705568700000,1705602600000,-1,PULLBACK,2009.4080000000001,2019.77,1019.77,2019.82,10.361999999999853,9.65064659332189,-100.48253232966566,-1.0048253232966566,stop,565,0.15132213858328566,2024-01-18 09:05:00+00:00,2024-01-18 18:30:00+00:00,2024-01-04 00:00:00+00:00
1706187600000,1706187900000,1706192100000,-1,PULLBACK,2013.4679999999998,2023.83,1023.8299999999999,2023.8799999999999,10.36200000000008,9.650646593321678,-100.48253232966564,-1.0048253232966564,stop,70,0.33323682686737316,2024-01-25 13:05:00+00:00,2024-01-25 14:15:00+00:00,2024-01-04 00:00:00+00:00
1706209200000,1706209500000,1706232300000,-1,PULLBACK,2013.8345,2024.29,1024.29,2024.34,10.455500000000029,9.564344125101595,-100.47821720625466,-1.0047821720625465,stop,380,0.0,2024-01-25 19:05:00+00:00,2024-01-26 01:25:00+00:00,2024-01-04 00:00:00+00:00
1706623200000,1706623500000,1706882700000,1,PULLBACK,2038.2335,2027.8564999999999,3027.8565,2027.8065,10.37700000000018,9.636696540425774,-100.48183482702085,-1.0048183482702084,stop,4320,2.5935241399247677,2024-01-30 14:05:00+00:00,2024-02-02 14:05:00+00:00,2024-01-04 00:00:00+00:00
1706634000000,1706634300000,1706893800000,1,PULLBACK,2036.3735000000001,2025.3543466063795,3087.7696859684465,2035.385,11.019153393620627,9.075107354244972,-8.970743619672591,-0.08970743619672591,timeout,4325,2.6111806390368772,2024-01-30 17:05:00+00:00,2024-02-02 17:10:00+00:00,2024-01-04 00:00:00+00:00
1706688000000,1706688300000,1707087900000,1,PULLBACK,2037.057,2026.685,3026.685,2041.03,10.372000000000071,9.641342074816748,38.30505206324652,0.3830505206324652,timeout,6660,2.708204782105633,2024-01-31 08:05:00+00:00,2024-02-04 23:05:00+00:00,2024-01-04 00:00:00+00:00
1706709600000,1706709900000,1706731500000,1,PULLBACK,2042.3750000000002,2032.04,3032.04,2031.99,10.335000000000264,9.67585873246226,-100.48379293662268,-1.0048379293662268,stop,360,1.2893081761005565,2024-01-31 14:05:00+00:00,2024-01-31 20:05:00+00:00,2024-01-04 00:00:00+00:00
1706756400000,1706756700000,1706784000000,1,PULLBACK,2047.4349999999997,2036.6257483793017,3080.550910449124,2036.5757483793018,10.809251620697978,9.251334274476143,-100.46256671372339,-1.004625667137234,stop,455,0.07678607447820836,2024-02-01 03:05:00+00:00,2024-02-01 10:40:00+00:00,2024-01-04 00:00:00+00:00
1706803200000,1706803500000,1706881200000,1,PULLBACK,2052.38,2039.9908100325256,3244.7598067799763,2039.9408100325256,12.389189967474522,8.07155272156865,-100.40357763607807,-1.0040357763607808,stop,1295,1.0304547781990394,2024-02-01 16:05:00+00:00,2024-02-02 13:40:00+00:00,2024-01-04 00:00:00+00:00
1707163200000,1707163500000,1707232500000,-1,PULLBACK,2025.643,2036.03,1036.03,2036.08,10.386999999999944,9.627418888995912,-100.48137094444935,-1.0048137094444936,stop,1150,0.225089053624743,2024-02-05 20:05:00+00:00,2024-02-06 15:15:00+00:00,2024-01-04 00:00:00+00:00
1707188400000,1707188700000,1707232500000,-1,PULLBACK,2025.77,2036.07,1036.07,2036.12,10.299999999999955,9.708737864077714,-100.48543689320346,-1.0048543689320346,stop,730,0.23932038834952976,2024-02-06 03:05:00+00:00,2024-02-06 15:15:00+00:00,2024-01-04 00:00:00+00:00
1707210000000,1707210300000,1707232200000,-1,PULLBACK,2023.5,2033.885,1033.885,2033.935,10.384999999999991,9.629272989889271,-100.48146364949402,-1.0048146364949402,stop,365,0.018777082330299844,2024-02-06 09:05:00+00:00,2024-02-06 15:10:00+00:00,2024-01-04 00:00:00+00:00
1707336000000,1707336300000,1707395700000,1,PULLBACK,2035.9655,2025.6635,3025.6635,2025.6135000000002,10.301999999999907,9.706853038245088,-100.48534265191181,-1.004853426519118,stop,990,0.24048728402249647,2024-02-07 20:05:00+00:00,2024-02-08 12:35:00+00:00,2024-01-04 00:00:00+00:00
1707350400000,1707350700000,1707394200000,1,PULLBACK,2036.87,2026.55,3026.55,2026.5,10.319999999999936,9.689922480620215,-100.48449612403057,-1.0048449612403056,stop,725,0.15242248062014294,2024-02-08 00:05:00+00:00,2024-02-08 12:10:00+00:00,2024-01-04 00:00:00+00:00
1707472800000,1707473100000,1707732600000,-1,PULLBACK,2031.315,2041.635,1041.635,2020.766,10.319999999999936,9.689922480620215,102.21899224806243,1.0221899224806243,timeout,4325,1.033914728682206,2024-02-09 10:05:00+00:00,2024-02-12 10:10:00+00:00,2024-01-04 00:00:00+00:00
1707480000000,1707480300000,1707739800000,-1,PULLBACK,2031.2330000000002,2041.5665,1041.5665,2022.5815,10.33349999999973,9.677263269947511,83.72284317995253,0.8372284317995253,timeout,4325,1.0478056805535985,2024-02-09 12:05:00+00:00,2024-02-12 12:10:00+00:00,2024-01-04 00:00:00+00:00
1707487200000,1707491100000,1707750600000,-1,PULLBACK,2024.883,2037.1315,1037.1315,2015.5749999999998,12.248499999999922,8.164265012042343,75.99297873209193,0.7599297873209193,timeout,4325,0.9187247418051191,2024-02-09 15:05:00+00:00,2024-02-12 15:10:00+00:00,2024-01-04 00:00:00+00:00
1707728400000,1707728700000,1707837000000,-1,PULLBACK,2023.385,2033.7849999999999,1033.7849999999999,1992.1850000000004,10.399999999999864,9.615384615384741,300.0,3.0,target,1805,2.9302884615384914,2024-02-12 09:05:00+00:00,2024-02-13 15:10:00+00:00,2024-01-04 00:00:00+00:00
1707746400000,1707746700000,1707823500000,-1,PULLBACK,2018.788,2029.125,1029.125,2029.175,10.336999999999989,9.673986649898433,-100.48369933249448,-1.0048369933249448,stop,1280,0.6329689465028441,2024-02-12 14:05:00+00:00,2024-02-13 11:25:00+00:00,2024-01-04 00:00:00+00:00
1707768000000,1707768300000,1707823500000,-1,PULLBACK,2018.8350000000003,2029.1965,1029.1965,2029.2465,10.36149999999975,9.651112290691735,-100.48255561453415,-1.0048255561453414,stop,920,0.15490035226562604,2024-02-12 20:05:00+00:00,2024-02-13 11:25:00+00:00,2024-01-04 00:00:00+00:00
1707793200000,1707793500000,1707823500000,-1,PULLBACK,2018.643,2028.9915,1028.9915,2029.0415,10.348500000000058,9.66323621780929,-100.48316181089002,-1.0048316181089003,stop,500,0.13654152775764633,2024-02-13 03:05:00+00:00,2024-02-13 11:25:00+00:00,2024-01-04 00:00:00+00:00
1707832800000,1707833100000,1708092600000,-1,PULLBACK,2004.1299999999999,2014.45,1014.45,2001.9600000000003,10.320000000000164,9.689922480620002,21.0271317829417,0.21027131782941702,timeout,4325,1.8914728682170006,2024-02-13 14:05:00+00:00,2024-02-16 14:10:00+00:00,2024-01-04 00:00:00+00:00
1707937200000,1707937500000,1708004100000,-1,PULLBACK,1991.475,2001.76,1001.76,2001.81,10.285000000000082,9.722897423432105,-100.48614487117116,-1.0048614487117116,stop,1110,0.1438988818667527,2024-02-14 19:05:00+00:00,2024-02-15 13:35:00+00:00,2024-01-04 00:00:00+00:00
1707969600000,1707969900000,1708004100000,-1,PULLBACK,1990.52,2000.8784999999998,1000.8784999999998,2000.9284999999998,10.358499999999822,9.653907419028018,-100.48269537095096,-1.0048269537095096,stop,570,0.0,2024-02-15 04:05:00+00:00,2024-02-15 13:35:00+00:00,2024-01-04 00:00:00+00:00
1707976800000,1707977100000,1708004100000,-1,PULLBACK,1991.655,2002.0104999999999,1002.0104999999999,2002.0604999999998,10.355499999999893,9.656704166867948,-100.48283520834296,-1.0048283520834296,stop,450,0.0,2024-02-15 06:05:00+00:00,2024-02-15 13:35:00+00:00,2024-01-04 00:00:00+00:00
1708480800000,1708481100000,1708902300000,1,PULLBACK,2025.795,2015.4635,3015.4635,2032.6464999999998,10.331500000000005,9.6791366210134,66.31660455887099,0.66316604558871,timeout,7020,1.485263514494487,2024-02-21 02:05:00+00:00,2024-02-25 23:05:00+00:00,2024-01-04 00:00:00+00:00
1708509600000,1708509900000,1708670100000,1,PULLBACK,2028.445,2018.1215000000002,3018.1215,2018.0715000000002,10.32349999999974,9.68663728386715,-100.48433186419291,-1.004843318641929,stop,2670,0.5863321547924893,2024-02-21 10:05:00+00:00,2024-02-23 06:35:00+00:00,2024-01-04 00:00:00+00:00
1708563600000,1708563900000,1708681500000,1,PULLBACK,2026.9285,2016.5549999999998,3016.555,2016.5049999999999,10.37350000000015,9.639947944280962,-100.4819973972136,-1.004819973972136,stop,1960,0.7296958596423534,2024-02-22 01:05:00+00:00,2024-02-23 09:45:00+00:00,2024-01-04 00:00:00+00:00
1708578000000,1708578300000,1708669800000,1,PULLBACK,2029.315,2018.895,3018.895,2018.845,10.420000000000073,9.59692898272546,-100.47984644913583,-1.0047984644913583,stop,1525,0.49740882917465995,2024-02-22 05:05:00+00:00,2024-02-23 06:30:00+00:00,2024-01-04 00:00:00+00:00
1708660800000,1708661100000,1708920600000,1,PULLBACK,2026.1005,2015.7935,3015.7934999999998,2032.1095,10.307000000000016,9.702144173862408,58.30018434073935,0.5830018434073935,timeout,4325,1.4591539730280234,2024-02-23 04:05:00+00:00,2024-02-26 04:10:00+00:00,2024-01-04 00:00:00+00:00
1708912800000,1708913100000,1709172600000,1,PULLBACK,2031.6549999999997,2021.335,3021.335,2035.6515,10.319999999999709,9.689922480620428,38.72577519380145,0.3872577519380145,timeout,4325,0.7330426356589628,2024-02-26 02:05:00+00:00,2024-02-29 02:10:00+00:00,2024-01-04 00:00:00+00:00
1708920000000,1708920300000,1709179800000,1,PULLBACK,2032.9745,2022.6185,3022.6185,2035.7645,10.355999999999995,9.656237929702593,26.940903823869885,0.26940903823869883,timeout,4325,0.6030803398995748,2024-02-26 04:05:00+00:00,2024-02-29 04:10:00+00:00,2024-01-04 00:00:00+00:00
1708992000000,1708992300000,1709251800000,1,PULLBACK,2031.7654999999997,2021.3885,3021.3885,2043.1814999999997,10.376999999999725,9.636696540426197,110.01252770550488,1.1001252770550487,timeout,4325,1.799604895441876,2024-02-27 00:05:00+00:00,2024-03-01 00:10:00+00:00,2024-01-04 00:00:00+00:00
1709215200000,1709215500000,1709311500000,1,PULLBACK,2048.0670000000005,2037.7,3037.7,2079.1680000000015,10.367000000000417,9.645992090286098,299.9999999999978,2.999999999999978,target,1600,2.9755956400114516,2024-02-29 14:05:00+00:00,2024-03-01 16:45:00+00:00,2024-01-04 00:00:00+00:00
1709287200000,1709287500000,1709311200000,1,PULLBACK,2046.792,2036.4365,3036.4365,2077.8584999999994,10.355499999999893,9.656704166867948,299.9999999999978,2.999999999999978,target,395,2.8466032543093402,2024-03-01 10:05:00+00:00,2024-03-01 16:40:00+00:00,2024-01-04 00:00:00+00:00
1709308800000,1709309100000,1709567700000,1,PULLBACK,2069.6245,2057.6068238145526,3225.0744423593105,2105.6775285563417,12.017676185447272,8.321076259409816,300.0,3.0,target,4310,2.8079887891191384,2024-03-01 16:05:00+00:00,2024-03-04 15:55:00+00:00,2024-01-04 00:00:00+00:00
1709694000000,1709694300000,1709784300000,1,PULLBACK,2126.8685,2116.4855,3116.4855,2158.017500000001,10.383000000000266,9.631127805065727,300.0,3.0,target,1500,2.4369642685158133,2024-03-06 03:05:00+00:00,2024-03-07 04:05:00+00:00,2024-01-04 00:00:00+00:00
1709719200000,1709719500000,1709784600000,1,PULLBACK,2129.0514999999996,2118.675,3118.675,2160.1809999999978,10.376499999999396,9.63716089240166,300.0,3.0,target,1085,2.8149183250616283,2024-03-06 10:05:00+00:00,2024-03-07 04:10:00+00:00,2024-01-04 00:00:00+00:00
1709726400000,1709726700000,1709817000000,1,PULLBACK,2132.9370000000004,2122.5699999999997,3122.5699999999997,2164.0380000000023,10.367000000000644,9.645992090285887,300.0,3.0,target,1505,2.732564869296601,2024-03-06 12:05:00+00:00,2024-03-07 13:10:00+00:00,2024-01-04 00:00:00+00:00
1709830800000,1709831100000,1709918400000,1,PULLBACK,2156.6469999999995,2143.9380080659316,3376.1372014727704,2194.773975802203,12.708991934067853,7.868444682220545,300.0,3.0,target,1455,2.746323247435528,2024-03-07 17:05:00+00:00,2024-03-08 17:20:00+00:00,2024-01-04 00:00:00+00:00
1709870400000,1709870700000,1709917800000,1,PULLBACK,2158.0535000000004,2147.715,3147.715,2189.0690000000013,10.338500000000295,9.67258306330678,300.0,3.0,target,785,2.8235720849251456,2024-03-08 04:05:00+00:00,2024-03-08 17:10:00+00:00,2024-01-04 00:00:00+00:00
1709874000000,1709874300000,1709917800000,1,PULLBACK,2158.1650000000004,2147.79,3147.79,2189.290000000002,10.375000000000455,9.638554216867048,300.0,3.0,target,725,2.8028915662648863,2024-03-08 05:05:00+00:00,2024-03-08 17:10:00+00:00,2024-01-04 00:00:00+00:00
1709877600000,1709877900000,1709917800000,1,PULLBACK,2158.2155000000002,2147.8385,3147.8385,2189.3465000000015,10.377000000000407,9.636696540425564,300.0,3.0,target,665,2.797484822202805,2024-03-08 06:05:00+00:00,2024-03-08 17:10:00+00:00,2024-01-04 00:00:00+00:00
1709881200000,1709881500000,1709918400000,1,PULLBACK,2161.605,2151.285,3151.285,2192.5650000000005,10.320000000000164,9.689922480620002,300.0,3.0,target,615,2.9016472868217194,2024-03-08 07:05:00+00:00,2024-03-08 17:20:00+00:00,2024-01-04 00:00:00+00:00
1709906400000,1709906700000,1710166200000,1,PULLBACK,2171.59,2158.7105200012975,3411.658519871524,2177.105,12.879479998702664,7.764288621130115,42.82005174553159,0.42820051745531595,timeout,4325,1.8121849641717802,2024-03-08 14:05:00+00:00,2024-03-11 14:10:00+00:00,2024-01-04 00:00:00+00:00
1709928000000,1709928300000,1710187800000,1,PULLBACK,2176.825,2160.6873786279716,3733.4495158308,2180.9399999999996,16.137621372028207,6.196700101870825,25.499420919197092,0.2549942091919709,timeout,4325,0.7413112331867906,2024-03-08 20:05:00+00:00,2024-03-11 20:10:00+00:00,2024-01-04 00:00:00+00:00
1710151200000,1710151500000,1710246000000,1,PULLBACK,2180.9069999999997,2168.845626637822,3343.782962855649,2168.795626637822,12.06137336217762,8.29092981348067,-100.41454649067555,-1.0041454649067554,stop,1575,0.3756620298488049,2024-03-11 10:05:00+00:00,2024-03-12 12:20:00+00:00,2024-01-04 00:00:00+00:00
1710158400000,1710158700000,1710246000000,1,PULLBACK,2179.3250000000003,2167.900550519346,3276.8454985847166,2167.8505505193457,11.424449480654403,8.753157005012369,-100.43765785025222,-1.0043765785025223,stop,1455,0.5350804877163513,2024-03-11 12:05:00+00:00,2024-03-12 12:20:00+00:00,2024-01-04 00:00:00+00:00
1710165600000,1710165900000,1710246000000,1,PULLBACK,2182.1265,2170.1676583559674,3329.401822759268,2170.1176583559673,11.958841644032418,8.362013895375979,-100.41810069477032,-1.004181006947703,stop,1335,0.2769080901453585,2024-03-11 14:05:00+00:00,2024-03-12 12:20:00+00:00,2024-01-04 00:00:00+00:00
1710169200000,1710169500000,1710246000000,1,PULLBACK,2182.325,2170.1197541876836,3356.144335419319,2170.0697541876834,12.205245812316207,8.193198362223141,-100.40965991811264,-1.0040965991811264,stop,1275,0.2550542650159924,2024-03-11 15:05:00+00:00,2024-03-12 12:20:00+00:00,2024-01-04 00:00:00+00:00
1710183600000,1710183900000,1710246000000,1,PULLBACK,2181.1800000000003,2169.3372749988143,3323.2597751174253,2169.287274998814,11.842725001185954,8.444002540799167,-100.4222001270415,-1.004222001270415,stop,1035,0.27696328333815273,2024-03-11 19:05:00+00:00,2024-03-12 12:20:00+00:00,2024-01-04 00:00:00+00:00
1710208800000,1710209100000,1710242400000,1,PULLBACK,2183.177,2172.795,3172.795,2172.745,10.382000000000062,9.632055480639512,-100.48160277403373,-1.0048160277403373,stop,555,0.0,2024-03-12 02:05:00+00:00,2024-03-12 11:20:00+00:00,2024-01-04 00:00:00+00:00
1710961200000,1710961500000,1710973200000,1,PULLBACK,2182.4765,2171.1640663114495,3260.257435166486,2216.4138010656525,11.312433688550755,8.839830822717607,300.0,3.0,target,195,0.9610664070458445,2024-03-20 19:05:00+00:00,2024-03-20 22:20:00+00:00,2024-01-04 00:00:00+00:00
1711443600000,1711443900000,1711622400000,1,PULLBACK,2178.7500000000005,2168.3835,3168.3835,2209.849500000002,10.366500000000542,9.646457338541916,300.0,3.0,target,2975,2.835093811797457,2024-03-26 09:05:00+00:00,2024-03-28 10:40:00+00:00,2024-01-04 00:00:00+00:00
1711497600000,1711497900000,1711622700000,1,PULLBACK,2179.8999999999996,2169.475402706552,3175.085132051368,2211.173791880343,10.424597293447732,9.592696694658308,300.0,3.0,target,2080,2.945293629644421,2024-03-27 00:05:00+00:00,2024-03-28 10:45:00+00:00,2024-01-04 00:00:00+00:00
1711526400000,1711526700000,1711623000000,1,PULLBACK,2180.9449999999997,2170.58,3170.58,2212.039999999999,10.364999999999782,9.647853352629243,300.0,3.0,target,1605,2.9534973468404178,2024-03-27 08:05:00+00:00,2024-03-28 10:50:00+00:00,2024-01-04 00:00:00+00:00
1711533600000,1711533900000,1711644000000,1,PULLBACK,2189.67,2178.20875711087,3289.8330460238576,2224.0537286673903,11.461242889130062,8.725057218256916,300.0,3.0,target,1835,2.8197639917962487,2024-03-27 10:05:00+00:00,2024-03-28 16:40:00+00:00,2024-01-04 00:00:00+00:00
1711591200000,1711591500000,1711643700000,1,PULLBACK,2189.7764999999995,2179.4015,3179.4015,2220.901499999998,10.374999999999545,9.638554216867892,300.0,3.0,target,870,2.8199036144579948,2024-03-28 02:05:00+00:00,2024-03-28 16:35:00+00:00,2024-01-04 00:00:00+00:00
1711594800000,1711595100000,1711659000000,1,PULLBACK,2195.2355000000002,2184.8514999999998,3184.8514999999998,2226.3875000000016,10.38400000000047,9.630200308165975,300.0,3.0,target,1065,2.877600154083061,2024-03-28 03:05:00+00:00,2024-03-28 20:50:00+00:00,2024-01-04 00:00:00+00:00
1711616400000,1711616700000,1711659000000,1,PULLBACK,2195.1549999999997,2184.8100000000004,3184.8100000000004,2226.189999999998,10.344999999999345,9.666505558241308,300.0,3.0,target,705,2.8962300628325024,2024-03-28 09:05:00+00:00,2024-03-28 20:50:00+00:00,2024-01-04 00:00:00+00:00
1711620000000,1711620300000,1711659000000,1,PULLBACK,2198.2254999999996,2187.8995,3187.8995,2229.2034999999983,10.325999999999567,9.684292078249486,300.0,3.0,target,645,2.604202982762121,2024-03-28 10:05:00+00:00,2024-03-28 20:50:00+00:00,2024-01-04 00:00:00+00:00
1711976400000,1711976700000,1711980300000,1,PULLBACK,2252.9849999999997,2237.7986984831423,3716.9288501689302,2237.748698483142,15.186301516857384,6.584881769204709,-100.32924408846144,-1.0032924408846144,stop,60,0.3003693819022893,2024-04-01 13:05:00+00:00,2024-04-01 14:05:00+00:00,2024-01-04 00:00:00+00:00
1712005200000,1712009100000,1712183400000,1,PULLBACK,2252.6,2236.107094024156,3813.8976916085767,2302.078717927531,16.49290597584377,6.06321288355517,300.0,3.0,target,2905,2.924681682576116,2024-04-01 22:05:00+00:00,2024-04-03 22:30:00+00:00,2024-01-04 00:00:00+00:00
1712066400000,1712066700000,1712072100000,1,PULLBACK,2265.8394999999996,2250.917551956815,3705.162356275347,2250.8675519568146,14.921948043184784,6.701537876327912,-100.33507689381761,-1.0033507689381762,stop,90,0.7249053520824212,2024-04-02 14:05:00+00:00,2024-04-02 15:35:00+00:00,2024-01-04 00:00:00+00:00
1712077200000,1712077500000,1712327700000,1,PULLBACK,2260.7700000000004,2243.8785713007005,3891.5214412306605,2311.4442860979,16.891428699299922,5.920162336779989,300.0,3.0,target,4170,2.9896523792621776,2024-04-02 17:05:00+00:00,2024-04-05 14:35:00+00:00,2024-01-04 00:00:00+00:00
1712152800000,1712153100000,1712327700000,1,PULLBACK,2275.6000000000004,2261.521518847058,3632.8696341412506,2317.8354434588277,14.078481152942459,7.103038950980845,300.0,3.0,target,2910,2.533618478620078,2024-04-03 14:05:00+00:00,2024-04-05 14:35:00+00:00,2024-01-04 00:00:00+00:00
1712156400000,1712156700000,1712280300000,1,PULLBACK,2283.225,2268.4670532151254,3700.7617317025843,2268.417053215125,14.757946784874548,6.776010339222135,-100.33880051696235,-1.0033880051696236,stop,2060,1.4937714792815247,2024-04-03 15:05:00+00:00,2024-04-05 01:25:00+00:00,2024-01-04 00:00:00+00:00
1712228400000,1712228700000,1712232900000,1,PULLBACK,2294.9550000000004,2284.317933736052,3310.5245601308598,2284.267933736052,10.637066263948327,9.401088375177746,-100.4700544187606,-1.004700544187606,stop,70,0.0,2024-04-04 11:05:00+00:00,2024-04-04 12:15:00+00:00,2024-04-04 00:00:00+00:00
1712325600000,1712325900000,1712585400000,1,PULLBACK,2300.2205000000004,2283.3985256410156,3928.5459615394693,2319.2464999999997,16.82197435898479,5.944605423000717,113.10206277800799,1.1310206277800798,timeout,4325,3.1785507966513507,2024-04-05 14:05:00+00:00,2024-04-08 14:10:00+00:00,2024-04-04 00:00:00+00:00
1712534400000,1712534700000,1712794200000,1,PULLBACK,2311.8149999999996,2291.7227514865085,4251.447602835617,2333.109,20.092248513491086,4.977043755598299,105.98116973171179,1.0598116973171179,timeout,4325,2.648782686729427,2024-04-08 00:05:00+00:00,2024-04-11 00:10:00+00:00,2024-04-04 00:00:00+00:00
1712541600000,1712541900000,1712754900000,1,PULLBACK,2324.7535,2303.514122455204,4389.101876934786,2324.7034999999996,21.239377544795843,4.708235907059452,-0.235411795353829,-0.00235411795353829,breakeven,3550,1.8965480469021554,2024-04-08 02:05:00+00:00,2024-04-10 13:15:00+00:00,2024-04-04 00:00:00+00:00
1712588400000,1712588700000,1712752500000,1,PULLBACK,2329.29,2308.5985316983,4337.395361868237,2329.24,20.691468301699842,4.832909803302108,-0.24164549016598452,-0.002416454901659845,breakeven,2730,1.7275236091903334,2024-04-08 15:05:00+00:00,2024-04-10 12:35:00+00:00,2024-04-04 00:00:00+00:00
1712595600000,1712595900000,1712752500000,1,PULLBACK,2328.985,2309.6446038623103,4199.334217631292,2328.935,19.340396137689822,5.170524910041725,-0.2585262455030268,-0.002585262455030268,breakeven,2610,1.863974230070028,2024-04-08 17:05:00+00:00,2024-04-10 12:35:00+00:00,2024-04-04 00:00:00+00:00
1712599200000,1712599500000,1712859000000,1,PULLBACK,2338.3934999999997,2318.791167872145,4239.524380657631,2360.5000000000005,19.60233212785488,5.101433816535542,112.77484666524694,1.1277484666524693,timeout,4325,1.3590984902323258,2024-04-08 18:05:00+00:00,2024-04-11 18:10:00+00:00,2024-04-04 00:00:00+00:00
1712689200000,1712689500000,1712752500000,1,PULLBACK,2350.0820000000003,2332.5644107515586,4046.6233355956747,2332.5144107515584,17.51758924844171,5.708548053145816,-100.28542740265833,-1.0028542740265833,stop,1050,0.559523337429089,2024-04-09 19:05:00+00:00,2024-04-10 12:35:00+00:00,2024-04-04 00:00:00+00:00
1712692800000,1712693100000,1712752500000,1,PULLBACK,2351.6549999999997,2334.429738555019,4015.455883053123,2334.379738555019,17.225261444980788,5.805427123379812,-100.29027135617005,-1.0029027135617006,stop,990,0.47769957084734394,2024-04-09 20:05:00+00:00,2024-04-10 12:35:00+00:00,2024-04-04 00:00:00+00:00
1712718000000,1712718300000,1712752500000,1,PULLBACK,2352.547,2337.9275939488184,3764.6681990669485,2337.8775939488182,14.619406051181613,6.840223169799535,-100.34201115849122,-1.0034201115849122,stop,570,0.5018329728523663,2024-04-10 03:05:00+00:00,2024-04-10 12:35:00+00:00,2024-04-04 00:00:00+00:00
1713279600000,1713279900000,1713372600000,1,PULLBACK,2383.4855,2362.035476514146,4465.487825099501,2361.985476514146,21.450023485853762,4.66199955752728,-100.23309997787722,-1.0023309997787722,stop,1545,0.6727731561467848,2024-04-16 15:05:00+00:00,2024-04-17 16:50:00+00:00,2024-04-04 00:00:00+00:00
1713315600000,1713315900000,1713372300000,1,PULLBACK,2384.9350000000004,2364.69533495094,4346.661839856926,2364.6453349509397,20.239665049060477,4.940793227437426,-100.24703966137277,-1.0024703966137276,stop,940,0.5108533157508724,2024-04-17 01:05:00+00:00,2024-04-17 16:45:00+00:00,2024-04-04 00:00:00+00:00
1713319200000,1713319500000,1713372300000,1,PULLBACK,2385.135,2365.728811025873,4266.697708438571,2365.6788110258726,19.406188974127417,5.152995270391384,-100.2576497635205,-1.002576497635205,stop,880,0.5224879554413225,2024-04-17 02:05:00+00:00,2024-04-17 16:45:00+00:00,2024-04-04 00:00:00+00:00
1713330000000,1713330300000,1713372300000,1,PULLBACK,2382.4455000000003,2365.5974221296806,4014.2052091616433,2365.5474221296804,16.848077870319685,5.935395169093111,-100.29676975845574,-1.0029676975845574,stop,700,0.7614518462429387,2024-04-17 05:05:00+00:00,2024-04-17 16:45:00+00:00,2024-04-04 00:00:00+00:00
1713344400000,1713344700000,1713371700000,1,PULLBACK,2393.3424999999997,2376.3662617645205,4030.490085312519,2376.3162617645203,16.976238235479286,5.890586513507227,-100.29452932567644,-1.0029452932567644,stop,450,0.11380613144097397,2024-04-17 09:05:00+00:00,2024-04-17 16:35:00+00:00,2024-04-04 00:00:00+00:00
1713362400000,1713362700000,1713371700000,1,PULLBACK,2393.78,2376.9308691483343,4024.343954314872,2376.880869148334,16.849130851665905,5.9350242383637735,-100.29675121191926,-1.0029675121191926,stop,150,0.08869893724233407,2024-04-17 14:05:00+00:00,2024-04-17 16:35:00+00:00,2024-04-04 00:00:00+00:00
1713452400000,1713452700000,1713501900000,1,PULLBACK,2380.3565,2363.9187470438264,3971.6940426612164,2380.3064999999997,16.437752956173426,6.083556570452266,-0.3041778285237199,-0.0030417782852371986,breakeven,820,2.2608625460600624,2024-04-18 15:05:00+00:00,2024-04-19 04:45:00+00:00,2024-04-04 00:00:00+00:00
1713456000000,1713456300000,1713496800000,1,PULLBACK,2384.5165,2368.2243008264095,3959.9442181854142,2384.4665,16.29219917359069,6.137906794197427,-0.3068953397109878,-0.003068953397109878,breakeven,675,2.0257240688229636,2024-04-18 16:05:00+00:00,2024-04-19 03:20:00+00:00,2024-04-04 00:00:00+00:00
1713492000000,1713492300000,1713496200000,1,PULLBACK,2410.0015000000003,2391.6914343999724,4174.047994402779,2391.6414343999722,18.310065600027883,5.461476882958175,-100.2730738441489,-1.002730738441489,stop,65,0.24505646773831288,2024-04-19 02:05:00+00:00,2024-04-19 03:10:00+00:00,2024-04-04 00:00:00+00:00
1713538800000,1713539100000,1713755100000,1,PULLBACK,2391.5699999999997,2371.3759509451957,4350.780856425632,2371.3259509451955,20.194049054804054,4.951953901300965,-100.24759769506595,-1.0024759769506595,stop,3600,0.49940455094622666,2024-04-19 15:05:00+00:00,2024-04-22 03:05:00+00:00,2024-04-04 00:00:00+00:00
1713560400000,1713737100000,1713755100000,1,PULLBACK,2388.7340000000004,2372.0136412798647,4222.649513293384,2371.9636412798645,16.720358720135664,5.9807329300641126,-100.2990366465043,-1.002990366465043,stop,300,0.0,2024-04-21 22:05:00+00:00,2024-04-22 03:05:00+00:00,2024-04-04 00:00:00+00:00
1713924000000,1713924300000,1713971100000,-1,PULLBACK,2317.975,2333.855907615198,784.2651460953837,2333.905907615198,15.880907615197884,6.296869324036676,-100.31484346620297,-1.0031484346620296,stop,780,0.3633293599968864,2024-04-24 02:05:00+00:00,2024-04-24 15:05:00+00:00,2024-04-04 00:00:00+00:00
1713988800000,1713989100000,1714049700000,-1,PULLBACK,2318.6435,2334.3009544090523,810.3555135037766,2334.3509544090525,15.657454409052207,6.3867342281505195,-100.31933671140868,-1.003193367114087,stop,1010,0.8424102446930861,2024-04-24 20:05:00+00:00,2024-04-25 12:55:00+00:00,2024-04-04 00:00:00+00:00
1714017600000,1714017900000,1714032300000,-1,PULLBACK,2312.8610000000003,2327.2276036208527,932.8172415355602,2327.277603620853,14.366603620852402,6.960587389969821,-100.34802936949976,-1.0034802936949976,stop,240,0.0,2024-04-25 04:05:00+00:00,2024-04-25 08:05:00+00:00,2024-04-04 00:00:00+00:00
1714665600000,1714665900000,1714739700000,-1,PULLBACK,2299.615,2316.4603713548754,666.823235867341,2316.5103713548756,16.845371354875624,5.93634879833365,-100.29681743991776,-1.0029681743991776,stop,1230,0.2674028316209397,2024-05-02 16:05:00+00:00,2024-05-03 12:35:00+00:00,2024-04-04 00:00:00+00:00
1714698000000,1714698300000,1714739700000,-1,PULLBACK,2303.57,2317.240519832623,1000.1885365702942,2317.290519832623,13.670519832622631,7.315010784108232,-100.36575053920674,-1.0036575053920673,stop,690,0.6188133372816643,2024-05-03 01:05:00+00:00,2024-05-03 12:35:00+00:00,2024-04-04 00:00:00+00:00
1714701600000,1714701900000,1714739700000,-1,PULLBACK,2302.2999999999997,2315.5942684160077,1028.1674268152728,2315.644268416008,13.29426841600798,7.5220385861614885,-100.37610192930944,-1.0037610192930944,stop,630,0.5407969641520767,2024-05-03 02:05:00+00:00,2024-05-03 12:35:00+00:00,2024-04-04 00:00:00+00:00
1714719600000,1714719900000,1714739700000,-1,PULLBACK,2298.19,2310.2961063042644,1139.6854758778404,2310.3461063042646,12.106106304264358,8.260294225631831,-100.41301471128308,-1.0041301471128308,stop,330,0.25437576067835543,2024-05-03 07:05:00+00:00,2024-05-03 12:35:00+00:00,2024-04-04 00:00:00+00:00
1714744800000,1714745100000,1714957800000,-1,PULLBACK,2289.575,2306.8392480872653,612.0644393607395,2306.8892480872655,17.264248087265514,5.792317133913419,-100.28961585669673,-1.0028961585669673,stop,3545,0.33980628466100943,2024-05-03 14:05:00+00:00,2024-05-06 01:10:00+00:00,2024-04-04 00:00:00+00:00
1714953600000,1714953900000,1714961100000,-1,PULLBACK,2293.595,2310.167112974608,704.9558155138052,2310.217112974608,16.57211297460799,6.034233543617601,-100.30171167718197,-1.0030171167718196,stop,120,0.07491500944401779,2024-05-06 00:05:00+00:00,2024-05-06 02:05:00+00:00,2024-04-04 00:00:00+00:00
1715176800000,1715177100000,1715184900000,-1,PULLBACK,2309.66,2321.239483307472,1197.641152560281,2321.289483307472,11.579483307471946,8.635963915200996,-100.43179819576163,-1.0043179819576162,stop,130,0.021158111592233013,2024-05-08 14:05:00+00:00,2024-05-08 16:15:00+00:00,2024-04-04 00:00:00+00:00
1715248800000,1715249100000,1715256300000,-1,PULLBACK,2307.243,2317.695,1317.6950000000002,2317.7450000000003,10.452000000000226,9.56754688097951,-100.47837734405071,-1.0047837734405072,stop,120,0.0,2024-05-09 10:05:00+00:00,2024-05-09 12:05:00+00:00,2024-04-04 00:00:00+00:00
1715356800000,1715357100000,1715580900000,1,PULLBACK,2365.35,2349.5265820126624,3888.218380746454,2349.476582012662,15.823417987337507,6.319747103945795,-100.31598735519844,-1.0031598735519844,stop,3730,0.3345042142118585,2024-05-10 16:05:00+00:00,2024-05-13 06:15:00+00:00,2024-04-04 00:00:00+00:00
1715562000000,1715562300000,1715578500000,1,PULLBACK,2364.4665,2351.4743726766565,3615.53710501101,2351.4243726766563,12.992127323343539,7.696968903647173,-100.38484844518376,-1.0038484844518376,stop,270,0.0,2024-05-13 01:05:00+00:00,2024-05-13 05:35:00+00:00,2024-04-04 00:00:00+00:00
1715778000000,1715778300000,1715781000000,1,PULLBACK,2373.0409999999997,2360.279034919103,3599.8755430087804,2360.229034919103,12.761965080896516,7.835783859782752,-100.39178919299056,-1.0039178919299057,stop,45,0.16956636272567993,2024-05-15 13:05:00+00:00,2024-05-15 13:50:00+00:00,2024-04-04 00:00:00+00:00
1715785200000,1715785500000,1716156300000,1,PULLBACK,2374.2105000000006,2357.148218884329,4022.676330451448,2424.7695,17.062281115671794,5.8608810464475045,296.32028482733523,2.9632028482733523,timeout,6180,2.8242413586620763,2024-05-15 15:05:00+00:00,2024-05-19 22:05:00+00:00,2024-04-04 00:00:00+00:00
1716228000000,1716228300000,1716257700000,1,PULLBACK,2435.8005,2416.522495413451,4304.772954068338,2416.472495413451,19.278004586548832,5.18725885508787,-100.25936294275533,-1.0025936294275533,stop,490,0.06351798468056455,2024-05-20 18:05:00+00:00,2024-05-21 02:15:00+00:00,2024-04-04 00:00:00+00:00
1716253200000,1716253500000,1716260100000,1,PULLBACK,2429.392,2413.048679451709,4008.530734280792,2412.998679451709,16.34332054829065,6.118707621534048,-100.30593538107782,-1.0030593538107782,stop,110,0.20638400807437415,2024-05-21 01:05:00+00:00,2024-05-21 02:55:00+00:00,2024-04-04 00:00:00+00:00
1716300000000,1716300300000,1716355200000,1,PULLBACK,2428.2700000000004,2411.423356130056,4054.0877431244517,2411.373356130056,16.846643869944273,5.935900394879707,-100.29679501974508,-1.0029679501974507,stop,915,0.3163538115451036,2024-05-21 14:05:00+00:00,2024-05-22 05:20:00+00:00,2024-04-04 00:00:00+00:00
1716544800000,1716545100000,1716804600000,-1,PULLBACK,2337.2749999999996,2350.6819466823254,1051.1372784497642,2344.42,13.406946682325724,7.458819846865598,-53.29326780585796,-0.5329326780585796,timeout,4325,0.3736495802287069,2024-05-24 10:05:00+00:00,2024-05-27 10:10:00+00:00,2024-04-04 00:00:00+00:00
1716552000000,1716552300000,1716811800000,-1,PULLBACK,2337.8915,2351.02646678221,1078.0297885612838,2345.9719999999998,13.13496678220963,7.6132663034552035,-61.51899836506653,-0.6151899836506654,timeout,4325,0.4283223622324052,2024-05-24 12:05:00+00:00,2024-05-27 12:10:00+00:00,2024-04-04 00:00:00+00:00
1716559200000,1716559500000,1716816000000,-1,PULLBACK,2337.155,2350.619456052007,1036.2238508513133,2350.6694560520073,13.46445605200688,7.42696174384965,-100.37134808719382,-1.0037134808719381,stop,4275,0.3631412944655454,2024-05-24 14:05:00+00:00,2024-05-27 13:20:00+00:00,2024-04-04 00:00:00+00:00
1716566400000,1716566700000,1716812400000,-1,PULLBACK,2334.2715000000003,2348.1130794530063,1000.6551341523977,2348.1630794530065,13.841579453006034,7.224609036816429,-100.36123045184213,-1.0036123045184213,stop,4095,0.14492565727856016,2024-05-24 16:05:00+00:00,2024-05-27 12:20:00+00:00,2024-04-04 00:00:00+00:00
1716768000000,1716768300000,1716812400000,-1,PULLBACK,2336.868,2348.649981260464,1210.651855214099,2348.699981260464,11.781981260463908,8.487536840307499,-100.42437684201693,-1.0042437684201693,stop,735,0.1675864149118938,2024-05-27 00:05:00+00:00,2024-05-27 12:20:00+00:00,2024-04-04 00:00:00+00:00
1716879600000,1716879900000,1716898800000,-1,PULLBACK,2341.465,2351.9049999999997,1351.9049999999997,2351.955,10.4399999999996,9.578544061303049,-100.47892720306689,-1.0047892720306688,stop,315,0.0717911877394566,2024-05-28 07:05:00+00:00,2024-05-28 12:20:00+00:00,2024-04-04 00:00:00+00:00
1717063200000,1717063500000,1717072800000,-1,PULLBACK,2332.818,2345.0203111284745,1166.839198281005,2345.0703111284747,12.20231112847432,8.195168845240156,-100.4097584422635,-1.004097584422635,stop,155,0.1464886431086976,2024-05-30 10:05:00+00:00,2024-05-30 12:40:00+00:00,2024-04-04 00:00:00+00:00
1717070400000,1717070700000,1717077000000,-1,PULLBACK,2335.5379999999996,2348.2306228607763,1118.3183367831036,2348.2806228607765,12.692622860776737,7.878592241878083,-100.39392961209533,-1.0039392961209535,stop,105,0.2405334211444929,2024-05-30 12:05:00+00:00,2024-05-30 13:50:00+00:00,2024-04-04 00:00:00+00:00
1717142400000,1717142700000,1717159500000,-1,PULLBACK,2340.0850000000005,2351.1158951010675,1286.0263849943253,2351.1658951010677,11.030895101067017,9.06544746222154,-100.45327237311274,-1.0045327237311275,stop,280,0.0,2024-05-31 08:05:00+00:00,2024-05-31 12:45:00+00:00,2024-04-04 00:00:00+00:00
1717149600000,1717149900000,1717159500000,-1,PULLBACK,2341.845,2352.447649347349,1330.0327146124587,2352.497649347349,10.602649347349143,9.431604943626834,-100.47158024718306,-1.0047158024718306,stop,160,0.0,2024-05-31 10:05:00+00:00,2024-05-31 12:45:00+00:00,2024-04-04 00:00:00+00:00
1717405200000,1717405500000,1717423500000,-1,PULLBACK,2325.1665,2337.7619010162744,1118.9217993888333,2337.8119010162745,12.595401016274536,7.939405809373584,-100.39697029047012,-1.0039697029047012,stop,300,0.02223033626622582,2024-06-03 09:05:00+00:00,2024-06-03 14:05:00+00:00,2024-04-04 00:00:00+00:00
1717509600000,1717509900000,1717559400000,-1,PULLBACK,2323.9285,2337.602716287528,1023.8810875347453,2337.652716287528,13.674216287527997,7.313033368589333,-100.36565166843079,-1.0036565166843079,stop,825,0.5768155069474704,2024-06-04 14:05:00+00:00,2024-06-05 03:50:00+00:00,2024-04-04 00:00:00+00:00
1717581600000,1717581900000,1717592100000,-1,PULLBACK,2331.9464999999996,2342.5337861433454,1326.655171808797,2342.5837861433456,10.587286143345864,9.445291139396497,-100.47226455697154,-1.0047226455697154,stop,170,0.19438409164873627,2024-06-05 10:05:00+00:00,2024-06-05 12:55:00+00:00,2024-04-04 00:00:00+00:00
1717682400000,1717682700000,1717747500000,1,PULLBACK,2361.0249999999996,2348.2375217951235,3583.985342282788,2360.9749999999995,12.787478204876152,7.8201501811254515,-0.39100750905769505,-0.00391007509057695,breakeven,1080,2.0647542523225724,2024-06-06 14:05:00+00:00,2024-06-07 08:05:00+00:00,2024-04-04 00:00:00+00:00
1717686000000,1717686300000,1717747500000,1,PULLBACK,2364.6905,2351.700127381186,3610.53738926259,2364.6405,12.990372618814035,7.698008589466433,-0.3849004294747219,-0.0038490042947472193,breakeven,1020,1.750334703029909,2024-06-06 15:05:00+00:00,2024-06-07 08:05:00+00:00,2024-04-04 00:00:00+00:00
1717729200000,1717729500000,1717747500000,1,PULLBACK,2377.1,2364.870093078218,3545.3607852564473,2364.8200930782177,12.229906921782003,8.176677111245679,-100.40883385556378,-1.0040883385556378,stop,300,0.8444872120494517,2024-06-07 03:05:00+00:00,2024-06-07 08:05:00+00:00,2024-04-04 00:00:00+00:00
1718280000000,1718280300000,1718282100000,-1,PULLBACK,2306.7329999999997,2319.932809253911,1041.8018838628284,2319.982809253911,13.199809253911098,7.5758670505310555,-100.37879335252794,-1.0037879335252793,stop,30,0.052500758660161746,2024-06-13 12:05:00+00:00,2024-06-13 12:35:00+00:00,2024-04-04 00:00:00+00:00
1718287200000,1718287500000,1718360700000,-1,PULLBACK,2310.335,2326.9868891015867,710.6479789429591,2327.036889101587,16.651889101586676,6.0053246445456745,-100.30026623222837,-1.0030026623222836,stop,1220,0.860863287795652,2024-06-13 14:05:00+00:00,2024-06-14 10:25:00+00:00,2024-04-04 00:00:00+00:00
1718294400000,1718294700000,1718351700000,-1,PULLBACK,2298.5130000000004,2316.864529378409,531.5615915375511,2316.914529378409,18.351529378408486,5.449137123015759,-100.27245685615178,-1.0027245685615178,stop,950,0.13693681590143122,2024-06-13 16:05:00+00:00,2024-06-14 07:55:00+00:00,2024-04-04 00:00:00+00:00
1718337600000,1718337900000,1718351700000,-1,PULLBACK,2305.0945,2316.968843174047,1175.7345257693578,2317.018843174047,11.874343174046771,8.421518439736994,-100.42107592198838,-1.0042107592198837,stop,230,0.09495262040803921,2024-06-14 04:05:00+00:00,2024-06-14 07:55:00+00:00,2024-04-04 00:00:00+00:00
1718798400000,1718798700000,1718977800000,1,PULLBACK,2330.9,2320.51,3320.51,2346.4349999999995,10.389999999999873,9.624639076034766,149.5187680461943,1.495187680461943,ladder_lock_1.50R,2985,3.6072666025024422,2024-06-19 12:05:00+00:00,2024-06-21 13:50:00+00:00,2024-04-04 00:00:00+00:00
1718845200000,1718845500000,1718977800000,1,PULLBACK,2330.2770000000005,2319.82,3319.82,2345.912500000001,10.457000000000335,9.562972171750674,149.52185139141073,1.4952185139141074,ladder_lock_1.50R,2205,3.6437314717412534,2024-06-20 01:05:00+00:00,2024-06-21 13:50:00+00:00,2024-04-04 00:00:00+00:00
1718877600000,1718877900000,1718976900000,1,PULLBACK,2335.1220000000003,2324.7165,3324.7165,2350.6802500000003,10.405500000000302,9.610302244005295,149.5194848877958,1.495194848877958,ladder_lock_1.50R,1650,3.196146268800033,2024-06-20 10:05:00+00:00,2024-06-21 13:35:00+00:00,2024-04-04 00:00:00+00:00
1718881200000,1718881500000,1718978100000,1,PULLBACK,2339.9585,2329.52,3329.52,2339.9085,10.438500000000204,9.579920486659773,-0.47899602433473126,-0.004789960243347313,breakeven,1610,2.7227092015135574,2024-06-20 11:05:00+00:00,2024-06-21 13:55:00+00:00,2024-04-04 00:00:00+00:00
1718956800000,1718957100000,1718976900000,1,PULLBACK,2363.437,2352.7891023554484,3377.8788668105926,2352.7391023554483,10.647897644551449,9.39152528867238,-100.46957626443533,-1.0046957626443533,stop,330,0.46417613739264263,2024-06-21 08:05:00+00:00,2024-06-21 13:35:00+00:00,2024-04-04 00:00:00+00:00
1719363600000,1719363900000,1719488700000,-1,PULLBACK,2318.0750000000003,2328.5035,1328.5034999999998,2318.1250000000005,10.42849999999953,9.589106774704367,-0.4794553387369626,-0.004794553387369626,breakeven,2080,2.2998034233112485,2024-06-26 01:05:00+00:00,2024-06-27 11:45:00+00:00,2024-04-04 00:00:00+00:00
1719406800000,1719407100000,1719492000000,-1,PULLBACK,2309.8315,2322.092125985073,1136.029527477746,2322.142125985073,12.260625985073148,8.156190403470935,-100.40780952017502,-1.0040780952017503,stop,1415,1.2837843695063076,2024-06-26 13:05:00+00:00,2024-06-27 12:40:00+00:00,2024-04-04 00:00:00+00:00
1719856800000,1719857100000,1720116600000,1,PULLBACK,2329.627,2317.3845289836936,3510.0816306143024,2355.995,12.242471016306354,8.168285623613489,215.38135532343998,2.1538135532343996,timeout,4325,2.858695761124126,2024-07-01 18:05:00+00:00,2024-07-04 18:10:00+00:00,2024-04-04 00:00:00+00:00
1719860400000,1719860700000,1720130700000,1,PULLBACK,2330.3655000000003,2318.383312627716,3480.0520498561355,2356.4100000000003,11.982187372284443,8.34572160266049,217.36014628049088,2.1736014628049087,timeout,4500,2.8591607638554204,2024-07-01 19:05:00+00:00,2024-07-04 22:05:00+00:00,2024-04-04 00:00:00+00:00
1719907200000,1719907500000,1719920700000,1,PULLBACK,2331.2749999999996,2320.8615,3320.8615,2320.8115,10.413499999999658,9.602919287463704,-100.48014596437493,-1.0048014596437493,stop,220,0.08210495990786008,2024-07-02 08:05:00+00:00,2024-07-02 11:45:00+00:00,2024-04-04 00:00:00+00:00
1719910800000,1719911100000,1719920700000,1,PULLBACK,2331.6059999999998,2321.255,3321.255,2321.205,10.350999999999658,9.66090232827778,-100.48304511641564,-1.0048304511641564,stop,160,0.0,2024-07-02 09:05:00+00:00,2024-07-02 11:45:00+00:00,2024-04-04 00:00:00+00:00
1719979200000,1719979500000,1720389900000,1,PULLBACK,2332.1985000000004,2321.7715,3321.7715,2389.015,10.42700000000059,9.590486237651707,544.8978613215329,5.448978613215329,timeout,6840,5.796489882036653,2024-07-03 04:05:00+00:00,2024-07-07 22:05:00+00:00,2024-04-04 00:00:00+00:00
1720080000000,1720080300000,1720389900000,1,PULLBACK,2358.0119999999997,2347.62,3347.62,2389.015,10.391999999999825,9.622786759045582,298.33525789069165,2.9833525789069166,timeout,5160,3.332034257120948,2024-07-04 08:05:00+00:00,2024-07-07 22:05:00+00:00,2024-07-04 00:00:00+00:00
1720119600000,1720130700000,1720390200000,1,PULLBACK,2357.4799999999996,2347.0434999999998,3347.0434999999998,2388.9305,10.436499999999796,9.581756335936564,301.3510276433765,3.013510276433765,timeout,4325,3.3688018013703007,2024-07-04 22:05:00+00:00,2024-07-07 22:10:00+00:00,2024-07-04 00:00:00+00:00
1720134000000,1720134300000,1720393800000,1,PULLBACK,2358.0299999999997,2347.56,3347.56,2385.303,10.4699999999998,9.551098376313458,260.48710601719824,2.6048710601719822,timeout,4325,3.3054918815664696,2024-07-04 23:05:00+00:00,2024-07-07 23:10:00+00:00,2024-07-04 00:00:00+00:00
1720141200000,1720141500000,1720182900000,1,PULLBACK,2359.37,2348.9435,3348.9435,2348.8934999999997,10.426500000000033,9.590946146837355,-100.47954730734361,-1.004795473073436,stop,690,0.8499016928020338,2024-07-05 01:05:00+00:00,2024-07-05 12:35:00+00:00,2024-07-04 00:00:00+00:00
1720184400000,1720184700000,1720428300000,1,PULLBACK,2372.624,2361.7023682073736,3413.96554746998,2372.5739999999996,10.921631792626158,9.156140941092332,-0.45780704705628206,-0.0045780704705628205,breakeven,4060,1.8325558286549453,2024-07-05 13:05:00+00:00,2024-07-08 08:45:00+00:00,2024-07-04 00:00:00+00:00
1720659600000,1720659900000,1720994700000,1,PULLBACK,2374.6855000000005,2364.2635,3364.2635,2411.08,10.42200000000048,9.595087315294126,349.20840529646654,3.4920840529646653,timeout,5580,4.751727115716494,2024-07-11 01:05:00+00:00,2024-07-14 22:05:00+00:00,2024-07-04 00:00:00+00:00
1720702800000,1720703100000,1720787700000,1,PULLBACK,2406.8255,2394.6951922452986,3568.175967715422,2394.6451922452984,12.130307754701334,8.243813926422689,-100.41219069632264,-1.0041219069632263,stop,1410,1.4329809557604374,2024-07-11 13:05:00+00:00,2024-07-12 12:35:00+00:00,2024-07-04 00:00:00+00:00
1720774800000,1720775100000,1720787700000,1,PULLBACK,2407.925,2396.545637812787,3492.3318565340874,2396.4956378127868,11.379362187213246,8.78783875183865,-100.43939193759353,-1.0043939193759353,stop,210,0.001406054200300898,2024-07-12 09:05:00+00:00,2024-07-12 12:35:00+00:00,2024-07-04 00:00:00+00:00
1721001600000,1721001900000,1721261400000,1,PULLBACK,2409.2270000000003,2398.0295370994145,3468.575827157998,2458.0085000000004,11.197462900585833,8.930594446958887,435.6477930143254,4.356477930143254,timeout,4325,6.62105341703082,2024-07-15 00:05:00+00:00,2024-07-18 00:10:00+00:00,2024-07-04 00:00:00+00:00
1721008800000,1721009100000,1721268600000,1,PULLBACK,2410.5699999999997,2399.779866172454,3434.2932489270397,2461.4385,10.79013382754556,9.267725646248733,471.43530203620827,4.714353020362083,timeout,4325,6.746533561443254,2024-07-15 02:05:00+00:00,2024-07-18 02:10:00+00:00,2024-07-04 00:00:00+00:00
1721016000000,1721016300000,1721026500000,1,PULLBACK,2412.1250000000005,2401.71,3401.71,2401.66,10.415000000000418,9.601536245798941,-100.48007681229168,-1.0048007681229167,stop,170,0.1443110897742858,2024-07-15 04:05:00+00:00,2024-07-15 06:55:00+00:00,2024-07-04 00:00:00+00:00
1721052000000,1721052300000,1721233800000,1,PULLBACK,2419.085,2408.30429330342,3494.8749629614344,2453.5332614290564,10.780706696580182,9.275829759075224,319.5362085120446,3.195362085120446,ladder_lock_3.20R,3025,5.96259612743114,2024-07-15 14:05:00+00:00,2024-07-17 16:30:00+00:00,2024-07-04 00:00:00+00:00
1721138400000,1721138700000,1721329800000,1,PULLBACK,2443.1899999999996,2429.416449825706,3768.271467255086,2443.1399999999994,13.773550174293632,7.260292280100431,-0.36301461400634216,-0.0036301461400634217,breakeven,3185,2.916895026453177,2024-07-16 14:05:00+00:00,2024-07-18 19:10:00+00:00,2024-07-04 00:00:00+00:00
1721271600000,1721271900000,1721323800000,1,PULLBACK,2466.11,2452.272041141952,3793.5679269467714,2452.2220411419516,13.837958858048296,7.226499299919438,-100.36132496499728,-1.0036132496499728,stop,865,0.6149750904231271,2024-07-18 03:05:00+00:00,2024-07-18 17:30:00+00:00,2024-07-04 00:00:00+00:00
1721314800000,1721315100000,1721321100000,1,PULLBACK,2468.9004999999997,2455.8819549840464,3717.5364565793734,2455.831954984046,13.01854501595335,7.681349941752841,-100.38406749708905,-1.0038406749708906,stop,100,0.0,2024-07-18 15:05:00+00:00,2024-07-18 16:45:00+00:00,2024-07-04 00:00:00+00:00
1721682000000,1721685900000,1721733300000,-1,PULLBACK,2395.895,2408.749119594267,1178.837160167553,2408.7991195942673,12.854119594267104,7.779607095347058,-100.38898035476878,-1.0038898035476878,stop,790,0.5562419073173217,2024-07-22 22:05:00+00:00,2024-07-23 11:15:00+00:00,2024-07-04 00:00:00+00:00
1721710800000,1721711100000,1721725200000,-1,PULLBACK,2396.153,2407.2592676672425,1339.9825009430344,2407.3092676672427,11.106267667242719,9.003924900436544,-100.45019624502348,-1.0045019624502347,stop,235,0.6670107566243303,2024-07-23 05:05:00+00:00,2024-07-23 09:00:00+00:00,2024-07-04 00:00:00+00:00
1722542400000,1722542700000,1722609600000,1,PULLBACK,2443.662,2427.1904174514184,4031.148672309583,2443.6119999999996,16.47158254858141,6.071062067355049,-0.30355310336885677,-0.0030355310336885677,breakeven,1115,2.0427606091133477,2024-08-01 20:05:00+00:00,2024-08-02 14:40:00+00:00,2024-07-04 00:00:00+00:00
1722603600000,1722603900000,1722604800000,1,PULLBACK,2473.3550000000005,2456.867508754492,4064.2666333052807,2456.817508754492,16.48749124550841,6.065204130267085,-100.30326020651445,-1.0030326020651446,stop,15,0.038119807958689134,2024-08-02 13:05:00+00:00,2024-08-02 13:20:00+00:00,2024-07-04 00:00:00+00:00
1722830400000,1722830700000,1722838800000,1,PULLBACK,2451.5899999999997,2425.640091614011,4968.130930212903,2425.590091614011,25.949908385988692,3.8535781518979726,-100.1926789075956,-1.001926789075956,stop,135,0.2644903364555322,2024-08-05 04:05:00+00:00,2024-08-05 06:20:00+00:00,2024-07-04 00:00:00+00:00
1723010400000,1723010700000,1723115400000,-1,PULLBACK,2391.16,2407.6611856204963,797.5426235708667,2407.7111856204965,16.50118562049647,6.0601706022740505,-100.30300853011481,-1.003030085301148,stop,1745,0.5875032390374616,2024-08-07 06:05:00+00:00,2024-08-08 11:10:00+00:00,2024-07-04 00:00:00+00:00
1723017600000,1723017900000,1723035000000,-1,PULLBACK,2388.9465,2405.33412433604,813.4216907320233,2405.3841243360403,16.387624336040062,6.102165753218883,-100.30510828766207,-1.0030510828766206,stop,285,0.007505663876462112,2024-08-07 08:05:00+00:00,2024-08-07 12:50:00+00:00,2024-07-04 00:00:00+00:00
1723053600000,1723053900000,1723114800000,-1,PULLBACK,2389.516,2405.234930531669,874.9418773647831,2405.284930531669,15.718930531668775,6.361755960339094,-100.31808779801811,-1.0031808779801812,stop,1015,0.5121531635871168,2024-08-07 18:05:00+00:00,2024-08-08 11:00:00+00:00,2024-07-04 00:00:00+00:00
1723424400000,1723424700000,1723649700000,1,PULLBACK,2428.9385,2417.490229224578,3526.6173067667905,2446.0609061631335,11.448270775422316,8.734943640107176,149.56325281799306,1.4956325281799305,ladder_lock_1.50R,3750,4.415470335355984,2024-08-12 01:05:00+00:00,2024-08-14 15:35:00+00:00,2024-07-04 00:00:00+00:00
1723528800000,1723529100000,1723641900000,1,PULLBACK,2463.1900000000005,2451.097751612349,3622.3225903774337,2451.0477516123487,12.09224838765158,8.269760659408757,-100.41348803297194,-1.0041348803297194,stop,1880,1.3478055922704204,2024-08-13 06:05:00+00:00,2024-08-14 13:25:00+00:00,2024-07-04 00:00:00+00:00
1723543200000,1723543500000,1723641900000,1,PULLBACK,2461.1794999999997,2449.840640769479,3543.4265638215893,2449.7906407694786,11.338859230520939,8.819229339299746,-100.44096146696658,-1.004409614669666,stop,1640,1.6146686035857425,2024-08-13 10:05:00+00:00,2024-08-14 13:25:00+00:00,2024-07-04 00:00:00+00:00
1723546800000,1723547100000,1723641900000,1,PULLBACK,2462.6400000000003,2451.5205592859447,3525.1146306914807,2451.4705592859445,11.1194407140556,8.993258075794618,-100.44966290379136,-1.0044966290379136,stop,1580,1.5151841206098735,2024-08-13 11:05:00+00:00,2024-08-14 13:25:00+00:00,2024-07-04 00:00:00+00:00
1723557600000,1723557900000,1723601700000,1,PULLBACK,2473.3195,2460.281287263564,3728.8025609071365,2460.231287263564,13.03821273643598,7.669762874825985,-100.3834881437427,-1.003834881437427,stop,730,0.0,2024-08-13 14:05:00+00:00,2024-08-14 02:15:00+00:00,2024-07-04 00:00:00+00:00
1723795200000,1723795500000,1724055000000,1,PULLBACK,2462.515,2450.455674511425,3611.8882233689515,2503.423,12.059325488574814,8.292337750958087,339.2229527161926,3.392229527161926,timeout,4325,3.899264518944307,2024-08-16 08:05:00+00:00,2024-08-19 08:10:00+00:00,2024-07-04 00:00:00+00:00
1724079600000,1724079900000,1724169900000,1,PULLBACK,2501.7385,2486.619270376764,3958.3422327003886,2501.6884999999997,15.119229623236151,6.6140936074093295,-0.33070468037166956,-0.0033070468037166957,breakeven,1500,1.9591937379187676,2024-08-19 15:05:00+00:00,2024-08-20 16:05:00+00:00,2024-07-04 00:00:00+00:00
1724126400000,1724126700000,1724169900000,1,PULLBACK,2502.315,2491.4313650813624,3536.794856945152,2502.265,10.883634918637654,9.188106799572562,-0.4594053399802994,-0.004594053399802994,breakeven,720,2.6686856199358573,2024-08-20 04:05:00+00:00,2024-08-20 16:05:00+00:00,2024-07-04 00:00:00+00:00
1724137200000,1724137500000,1724169900000,1,PULLBACK,2502.8500000000004,2491.8958859634668,3545.8072896168023,2502.8,10.95411403653361,9.128990228373105,-0.4564495114203158,-0.004564495114203158,breakeven,540,2.6026751141091506,2024-08-20 07:05:00+00:00,2024-08-20 16:05:00+00:00,2024-07-04 00:00:00+00:00
1724140800000,1724141100000,1724169900000,1,PULLBACK,2515.406,2503.2271798232186,3680.8591975013205,2503.1771798232185,12.1788201767813,8.210975985231162,-100.41054879926304,-1.0041054879926303,stop,480,1.3099791086837942,2024-08-20 08:05:00+00:00,2024-08-20 16:05:00+00:00,2024-07-04 00:00:00+00:00
1724184000000,1724184300000,1724247900000,1,PULLBACK,2515.5185,2500.7527663021965,3932.4761360825796,2500.7027663021963,14.765733697803626,6.772436916891898,-100.33862184584582,-1.0033862184584583,stop,1060,0.27573976907125464,2024-08-20 20:05:00+00:00,2024-08-21 13:45:00+00:00,2024-07-04 00:00:00+00:00
1724202000000,1724202300000,1724247900000,1,PULLBACK,2514.0905000000002,2501.31425526752,3726.738728515569,2501.2642552675197,12.776244732480336,7.8270260232081785,-100.39135130116183,-1.0039135130116184,stop,760,0.43044729614632576,2024-08-21 01:05:00+00:00,2024-08-21 13:45:00+00:00,2024-07-04 00:00:00+00:00
1724205600000,1724205900000,1724234100000,1,PULLBACK,2517.3015,2504.6444870341256,3731.3457836215994,2504.5944870341255,12.6570129658744,7.900758280774311,-100.39503791404015,-1.0039503791404014,stop,470,0.18080885325552903,2024-08-21 02:05:00+00:00,2024-08-21 09:55:00+00:00,2024-07-04 00:00:00+00:00
1724266800000,1724267100000,1724294400000,1,PULLBACK,2516.5325,2501.8009152349214,3926.059391742806,2501.750915234921,14.731584765078424,6.788135940204642,-100.33940679701146,-1.0033940679701145,stop,455,0.0,2024-08-21 19:05:00+00:00,2024-08-22 02:40:00+00:00,2024-07-04 00:00:00+00:00
1724274000000,1724277900000,1724301600000,1,PULLBACK,2513.7234999999996,2499.0030110954167,3836.7019015537403,2498.9530110954165,14.720488904582908,6.793252632313534,-100.33966263161692,-1.003396626316169,stop,395,0.04154073984659577,2024-08-21 22:05:00+00:00,2024-08-22 04:40:00+00:00,2024-07-04 00:00:00+00:00
1724288400000,1724288700000,1724294400000,1,PULLBACK,2514.1765,2502.0002005745737,3681.480143117192,2501.9502005745735,12.17629942542635,8.212675830817828,-100.41063379154238,-1.0041063379154238,stop,95,0.0,2024-08-22 01:05:00+00:00,2024-08-22 02:40:00+00:00,2024-07-04 00:00:00+00:00
1724684400000,1724684700000,1724724600000,1,PULLBACK,2517.4244999999996,2506.0003404458184,3607.96629586396,2505.9503404458183,11.424159554181188,8.75337914581213,-100.4376689572922,-1.004376689572922,stop,665,0.49447838794695714,2024-08-26 15:05:00+00:00,2024-08-27 02:10:00+00:00,2024-07-04 00:00:00+00:00
1724691600000,1724691900000,1724723400000,1,PULLBACK,2520.7055,2509.0118598742006,3637.1758724541373,2508.9618598742004,11.693640125799448,8.55165704812242,-100.42758285240767,-1.0042758285240767,stop,525,0.20250323889953364,2024-08-26 17:05:00+00:00,2024-08-27 01:50:00+00:00,2024-07-04 00:00:00+00:00
1724770800000,1724771100000,1724842200000,1,PULLBACK,2515.2605000000003,2502.506049844269,3737.4010654173735,2502.456049844269,12.75445015573132,7.840400705557986,-100.39202003527933,-1.0039202003527934,stop,1185,1.048575190361309,2024-08-27 15:05:00+00:00,2024-08-28 10:50:00+00:00,2024-07-04 00:00:00+00:00
1724778000000,1724778300000,1724843400000,1,PULLBACK,2514.8804999999998,2502.015701141232,3748.445587018039,2501.965701141232,12.8647988587677,7.773149125596112,-100.38865745628122,-1.0038865745628123,stop,1085,1.0691189307345172,2024-08-27 17:05:00+00:00,2024-08-28 11:10:00+00:00,2024-07-04 00:00:00+00:00
1724940000000,1724940300000,1725030600000,1,PULLBACK,2517.2515,2504.3905905937104,3749.831531222707,2504.34059059371,12.860909406289466,7.775499915355617,-100.3887749957692,-1.003887749957692,stop,1505,0.8640524280939071,2024-08-29 14:05:00+00:00,2024-08-30 15:10:00+00:00,2024-07-04 00:00:00+00:00
1724943600000,1724943900000,1725028200000,1,PULLBACK,2522.7070000000003,2509.5303341227304,3778.346921849661,2509.4803341227303,13.176665877269897,7.589173234824348,-100.37945866174259,-1.0037945866174258,stop,1405,0.42931952989399047,2024-08-29 15:05:00+00:00,2024-08-30 14:30:00+00:00,2024-07-04 00:00:00+00:00
1725019200000,1725019500000,1725028500000,1,PULLBACK,2519.89,2508.288072847445,3636.130788102922,2508.238072847445,11.601927152554708,8.619257704784012,-100.43096288524077,-1.0043096288524078,stop,150,0.3926502847414303,2024-08-30 12:05:00+00:00,2024-08-30 14:35:00+00:00,2024-07-04 00:00:00+00:00
1725364800000,1725365100000,1725365700000,-1,PULLBACK,2489.3405,2500.7258451757066,1402.6413276050284,2500.7758451757068,11.385345175706789,8.783220750598993,-100.43916103753155,-1.0043916103753154,stop,10,0.15660482598313147,2024-09-03 12:05:00+00:00,2024-09-03 12:15:00+00:00,2024-07-04 00:00:00+00:00
1725372000000,1725372300000,1725392100000,-1,PULLBACK,2479.66,2494.6761726259924,1032.0589100267787,2494.7261726259926,15.016172625992567,6.659486574288767,-100.33297432871565,-1.0033297432871564,stop,330,0.38754882119070866,2024-09-03 14:05:00+00:00,2024-09-03 19:35:00+00:00,2024-07-04 00:00:00+00:00
1725433200000,1725433500000,1725458700000,-1,PULLBACK,2483.925,2495.307576367072,1397.8999396598017,2495.3575763670724,11.382576367072033,8.785357266680323,-100.43926786333562,-1.0043926786333561,stop,420,1.0246801447992693,2024-09-04 07:05:00+00:00,2024-09-04 14:05:00+00:00,2024-07-04 00:00:00+00:00
1725454800000,1725455100000,1725458700000,-1,PULLBACK,2486.2035000000005,2499.2269677886225,1239.0301889263844,2499.2769677886226,13.023467788621929,7.678446449367803,-100.38392232246979,-1.0038392232246978,stop,60,0.2816838079951098,2024-09-04 13:05:00+00:00,2024-09-04 14:05:00+00:00,2024-07-04 00:00:00+00:00
1725458400000,1725458700000,1725458700000,-1,PULLBACK,2485.1099999999997,2498.371827232292,1213.1891040030687,2498.4218272322923,13.26182723229249,7.540439054770707,-100.37702195273991,-1.0037702195273992,stop,0,0.0,2024-09-04 14:05:00+00:00,2024-09-04 14:05:00+00:00,2024-07-04 00:00:00+00:00
1725555600000,1725555900000,1725638700000,1,PULLBACK,2510.8720000000003,2498.4342307028505,3702.011160417815,2498.3842307028503,12.43776929714977,8.040026922103783,-100.40200134610666,-1.0040200134610666,stop,1380,1.4491746525745954,2024-09-05 17:05:00+00:00,2024-09-06 16:05:00+00:00,2024-07-04 00:00:00+00:00
1725627600000,1725627900000,1725628500000,1,PULLBACK,2522.7799999999997,2511.8212731307804,3560.343960052725,2511.77127313078,10.95872686921939,9.125147582688424,-100.45625737913608,-1.0045625737913608,stop,10,0.0,2024-09-06 13:05:00+00:00,2024-09-06 13:15:00+00:00,2024-07-04 00:00:00+00:00
1725879600000,1725879900000,1725914400000,-1,PULLBACK,2494.1464999999994,2507.039863992516,1255.553464740893,2507.0898639925163,12.893363992516697,7.755927782543017,-100.38779638912857,-1.0038779638912856,stop,575,0.0381203850512057,2024-09-09 11:05:00+00:00,2024-09-09 20:40:00+00:00,2024-07-04 00:00:00+00:00
1725962400000,1725962700000,1726058400000,1,PULLBACK,2506.555,2496.1335,3496.1335,2506.5049999999997,10.421499999999924,9.595547665883101,-0.4797773832959005,-0.004797773832959005,breakeven,1595,2.127332917526334,2024-09-10 10:05:00+00:00,2024-09-11 12:40:00+00:00,2024-07-04 00:00:00+00:00
1725980400000,1725980700000,1726058400000,1,PULLBACK,2509.595,2498.583511378135,3553.73237356465,2509.5449999999996,11.011488621864828,9.081424268235288,-0.45407121341341633,-0.0045407121341341635,breakeven,1295,1.7372764625134618,2024-09-10 15:05:00+00:00,2024-09-11 12:40:00+00:00,2024-07-04 00:00:00+00:00
1726131600000,1726131900000,1726437900000,1,PULLBACK,2517.8499999999995,2507.4435,3507.4435,2578.227,10.406499999999596,9.609378753663949,580.1854610099722,5.8018546100997215,timeout,5100,6.526209580550911,2024-09-12 09:05:00+00:00,2024-09-15 22:05:00+00:00,2024-07-04 00:00:00+00:00
1726142400000,1726142700000,1726437900000,1,PULLBACK,2520.017,2509.615,3509.615,2578.227,10.402000000000044,9.613535858488712,559.6039223226283,5.596039223226282,timeout,4920,6.320707556239163,2024-09-12 12:05:00+00:00,2024-09-15 22:05:00+00:00,2024-07-04 00:00:00+00:00
1726488000000,1726488300000,1726566300000,1,PULLBACK,2583.5105,2572.466403564058,3631.8760471582655,2572.416403564058,11.04409643594181,9.054611264943402,-100.4527305632488,-1.0045273056324882,stop,1300,0.4979583465155532,2024-09-16 12:05:00+00:00,2024-09-17 09:45:00+00:00,2024-07-04 00:00:00+00:00
1726491600000,1726491900000,1726566300000,1,PULLBACK,2583.892,2572.932624738053,3627.6701509326786,2572.882624738053,10.959375261946661,9.124607708910359,-100.45623038544717,-1.0045623038544718,stop,1240,0.4669974225420266,2024-09-16 13:05:00+00:00,2024-09-17 09:45:00+00:00,2024-07-04 00:00:00+00:00
1726495200000,1726495500000,1726497300000,1,PULLBACK,2588.7850000000003,2577.360294399621,3672.3308544374895,2577.310294399621,11.424705600379184,8.752960776221753,-100.43764803881268,-1.0043764803881268,stop,30,0.0,2024-09-16 14:05:00+00:00,2024-09-16 14:35:00+00:00,2024-07-04 00:00:00+00:00
1726516800000,1726517100000,1726566900000,1,PULLBACK,2582.9970000000003,2571.9880575584925,3634.1823017092356,2571.9380575584923,11.00894244150777,9.08352464656034,-100.45417623232966,-1.0045417623232966,stop,830,0.33272950780342364,2024-09-16 20:05:00+00:00,2024-09-17 09:55:00+00:00,2024-07-04 00:00:00+00:00
1726520400000,1726524300000,1726566300000,1,PULLBACK,2583.6335000000004,2572.521267732886,3581.394494444285,2572.4712677328857,11.11223226711445,8.999091955262678,-100.44995459776477,-1.0044995459776478,stop,700,0.2723575180259379,2024-09-16 22:05:00+00:00,2024-09-17 09:45:00+00:00,2024-07-04 00:00:00+00:00
1726538400000,1726538700000,1726566300000,1,PULLBACK,2583.11,2572.6594999999998,3572.6594999999998,2572.6094999999996,10.450500000000375,9.568920147361027,-100.47844600736978,-1.004784460073698,stop,460,0.33969666523124686,2024-09-17 02:05:00+00:00,2024-09-17 09:45:00+00:00,2024-07-04 00:00:00+00:00
1726632000000,1726632300000,1726685700000,1,PULLBACK,2576.412,2565.306758395999,3632.4809187961146,2576.3619999999996,11.10524160400064,9.00475681357308,-0.45023784068029193,-0.004502378406802919,breakeven,890,2.116342970110059,2024-09-18 04:05:00+00:00,2024-09-18 18:55:00+00:00,2024-07-04 00:00:00+00:00
1726758000000,1726758300000,1727042700000,1,PULLBACK,2581.7135000000003,2563.1597224331904,4376.18747911416,2620.5624999999995,18.553777566809913,5.389738000248848,209.38593157166346,2.0938593157166348,timeout,4740,2.353968071608694,2024-09-19 15:05:00+00:00,2024-09-22 22:05:00+00:00,2024-07-04 00:00:00+00:00
1727096400000,1727096700000,1727356200000,1,PULLBACK,2627.5485000000003,2615.3621583562776,3790.79632272854,2670.63,12.186341643722699,8.205908132528926,353.52283121154306,3.5352283121154304,timeout,4325,4.730829127024909,2024-09-23 13:05:00+00:00,2024-09-26 13:10:00+00:00,2024-07-04 00:00:00+00:00
1727143200000,1727143500000,1727356800000,1,PULLBACK,2629.5820000000003,2619.1765,3619.1765,2662.829600000001,10.405500000000302,9.610302244005295,319.51948488779624,3.1951948488779625,ladder_lock_3.20R,3555,5.3450579020708595,2024-09-24 02:05:00+00:00,2024-09-26 13:20:00+00:00,2024-07-04 00:00:00+00:00
1727161200000,1727161500000,1727421000000,1,PULLBACK,2629.285,2617.8482343033784,3713.0248039655594,2667.8549999999996,11.436765696621478,8.743730758560602,337.2456953576799,3.372456953576799,timeout,4325,4.889057053649198,2024-09-24 07:05:00+00:00,2024-09-27 07:10:00+00:00,2024-07-04 00:00:00+00:00
1727164800000,1727165100000,1727424600000,1,PULLBACK,2629.4004999999993,2617.7490747102797,3743.84160368231,2664.4394999999995,11.651425289719555,8.582640965670816,300.72715679614157,3.007271567961416,timeout,4325,4.789070745639572,2024-09-24 08:05:00+00:00,2024-09-27 08:10:00+00:00,2024-07-04 00:00:00+00:00
1727168400000,1727168700000,1727428200000,1,PULLBACK,2629.526,2618.1039979452594,3714.5542034192868,2661.4600000000005,11.42200205474046,8.755032569662086,279.5832100795948,2.795832100795948,timeout,4325,4.874276832833708,2024-09-24 09:05:00+00:00,2024-09-27 09:10:00+00:00,2024-07-04 00:00:00+00:00
1727172000000,1727172300000,1727431800000,1,PULLBACK,2631.2755,2620.0950338063126,3691.4416531750508,2662.4455000000003,11.180466193687607,8.94417086618974,278.7898058991349,2.787898058991349,timeout,4325,4.823099418738494,2024-09-24 10:05:00+00:00,2024-09-27 10:10:00+00:00,2024-07-04 00:00:00+00:00
1727182800000,1727183100000,1727442600000,1,PULLBACK,2633.687,2621.246581185302,3819.0884626550933,2667.879,12.44041881469775,8.038314584863883,274.84605228566596,2.7484605228566594,timeout,4325,4.140776992100963,2024-09-24 13:05:00+00:00,2024-09-27 13:10:00+00:00,2024-07-04 00:00:00+00:00
1727251200000,1727251500000,1727358900000,1,PULLBACK,2657.4369999999994,2644.016556521772,3940.0109043445223,2657.3869999999993,13.420443478227298,7.451318591836055,-0.37256592959315815,-0.0037256592959315814,breakeven,1790,2.0687095806515057,2024-09-25 08:05:00+00:00,2024-09-26 13:55:00+00:00,2024-07-04 00:00:00+00:00
1727258400000,1727258700000,1727358900000,1,PULLBACK,2657.45,2644.5797222049973,3886.4575017052243,2657.3999999999996,12.870277795002494,7.769840060393244,-0.3884920030210755,-0.003884920030210755,breakeven,1670,2.1561306167591603,2024-09-25 10:05:00+00:00,2024-09-26 13:55:00+00:00,2024-07-04 00:00:00+00:00
1727265600000,1727265900000,1727358900000,1,PULLBACK,2657.8535000000006,2645.6798548604315,3825.6943688172632,2657.8035000000004,12.17364513956909,8.214466485059683,-0.41072332425447833,-0.004107233242544783,breakeven,1550,2.246369077336818,2024-09-25 12:05:00+00:00,2024-09-26 13:55:00+00:00,2024-07-04 00:00:00+00:00
1727287200000,1727287500000,1727356800000,1,PULLBACK,2661.0465,2647.1430566223503,4002.987394387317,2660.9964999999997,13.903443377649637,7.19246285137926,-0.35962314257027134,-0.003596231425702713,breakeven,1155,1.7372315148079147,2024-09-25 18:05:00+00:00,2024-09-26 13:20:00+00:00,2024-07-04 00:00:00+00:00
1727305200000,1727305500000,1727358600000,1,PULLBACK,2658.8905,2646.7669279646752,3809.0741314971856,2658.8405,12.123572035324742,8.248394096115206,-0.41241970480726065,-0.004124197048072606,breakeven,885,2.1701112447174546,2024-09-25 23:05:00+00:00,2024-09-26 13:50:00+00:00,2024-07-04 00:00:00+00:00
1727312400000,1727312700000,1727356800000,1,PULLBACK,2659.487,2647.9510501328064,3763.996036852162,2659.437,11.535949867193722,8.668553621612293,-0.4334276810821915,-0.004334276810821915,breakeven,735,2.228945192725186,2024-09-26 01:05:00+00:00,2024-09-26 13:20:00+00:00,2024-07-04 00:00:00+00:00
1727323200000,1727323500000,1727356800000,1,PULLBACK,2662.951,2651.8740512542913,3720.618925825138,2662.901,11.076948745708705,9.027756857567908,-0.4513878428800376,-0.004513878428800376,breakeven,555,2.0085856232403065,2024-09-26 04:05:00+00:00,2024-09-26 13:20:00+00:00,2024-07-04 00:00:00+00:00
1727334000000,1727334300000,1727356800000,1,PULLBACK,2662.1600000000003,2651.7108600968218,3656.774850414663,2662.11,10.449139903178548,9.570165671681817,-0.47850828358583164,-0.004785082835858316,breakeven,375,2.2049661707554873,2024-09-26 07:05:00+00:00,2024-09-26 13:20:00+00:00,2024-07-04 00:00:00+00:00
1727337600000,1727337900000,1727356500000,1,PULLBACK,2665.015,2654.3117629470485,3693.635468242185,2664.9649999999997,10.703237052951408,9.342967880210136,-0.46714839401220626,-0.004671483940122062,breakeven,310,1.8858780666204533,2024-09-26 08:05:00+00:00,2024-09-26 13:15:00+00:00,2024-07-04 00:00:00+00:00
1727362800000,1727363100000,1727449200000,1,PULLBACK,2666.386,2649.88197150882,4252.5348206268545,2649.8319715088196,16.50402849118018,6.059126718875965,-100.3029563359449,-1.003029563359449,stop,1435,0.6752593771851246,2024-09-26 15:05:00+00:00,2024-09-27 15:00:00+00:00,2024-07-04 00:00:00+00:00
1727366400000,1727366700000,1727448600000,1,PULLBACK,2671.85,2654.991580686761,4295.2835120106465,2654.941580686761,16.858419313238755,5.931754225704361,-100.29658771128629,-1.002965877112863,stop,1365,0.33695329879113256,2024-09-26 16:05:00+00:00,2024-09-27 14:50:00+00:00,2024-07-04 00:00:00+00:00
1727409600000,1727409900000,1727422200000,1,PULLBACK,2674.1634999999997,2661.4627377043917,3890.7389672652535,2661.4127377043915,12.700762295608001,7.873543152176039,-100.39367715761024,-1.0039367715761025,stop,205,0.0,2024-09-27 04:05:00+00:00,2024-09-27 07:30:00+00:00,2024-07-04 00:00:00+00:00
1727920800000,1727921100000,1727941500000,1,PULLBACK,2658.7749999999996,2647.035858182938,3775.4500398891214,2646.9858581829376,11.739141817061864,8.51851025895763,-100.42592551294942,-1.0042592551294942,stop,340,0.0,2024-10-03 02:05:00+00:00,2024-10-03 07:45:00+00:00,2024-07-04 00:00:00+00:00
1727928000000,1727928300000,1727941500000,1,PULLBACK,2656.5275,2645.2332501679416,3728.058233373773,2645.1832501679414,11.29424983205854,8.854063039773715,-100.4427031519903,-1.004427031519903,stop,220,0.05542643462892096,2024-10-03 04:05:00+00:00,2024-10-03 07:45:00+00:00,2024-07-04 00:00:00+00:00
1728039600000,1728039900000,1728045300000,1,PULLBACK,2658.6659999999997,2648.33,3648.33,2648.2799999999997,10.335999999999785,9.674922600619396,-100.48374613003274,-1.0048374613003275,stop,90,0.3475232198142582,2024-10-04 11:05:00+00:00,2024-10-04 12:35:00+00:00,2024-10-04 00:00:00+00:00
1728043200000,1728043500000,1728045300000,1,PULLBACK,2661.804,2651.3999999999996,3651.3999999999996,2651.3499999999995,10.404000000000451,9.611687812379436,-100.48058439062072,-1.0048058439062073,stop,30,0.0,2024-10-04 12:05:00+00:00,2024-10-04 12:35:00+00:00,2024-10-04 00:00:00+00:00
1728475200000,1728475500000,1728602400000,-1,PULLBACK,2618.71,2632.111346752638,1329.3266714888734,2632.161346752638,13.401346752637892,7.461936613222564,-100.37309683066248,-1.0037309683066247,stop,2115,1.1039935219262498,2024-10-09 12:05:00+00:00,2024-10-10 23:20:00+00:00,2024-10-04 00:00:00+00:00
1728478800000,1728479100000,1728602400000,-1,PULLBACK,2618.5229999999997,2632.0291434131636,1322.9648020968098,2632.079143413164,13.506143413163954,7.40403806926362,-100.37020190346453,-1.0037020190346453,stop,2055,1.0815818811579752,2024-10-09 13:05:00+00:00,2024-10-10 23:20:00+00:00,2024-10-04 00:00:00+00:00
1728482400000,1728482700000,1728563700000,-1,PULLBACK,2609.25,2623.8400974550805,1211.8303519470464,2623.8900974550806,14.590097455080468,6.853963814009937,-100.34269819070174,-1.0034269819070174,stop,1350,0.2508550755927537,2024-10-09 14:05:00+00:00,2024-10-10 12:35:00+00:00,2024-10-04 00:00:00+00:00
1728532800000,1728533100000,1728563700000,-1,PULLBACK,2611.31,2623.1457624387904,1490.569518559744,2623.1957624387906,11.835762438790425,8.448969850244787,-100.42244849251378,-1.0042244849251378,stop,510,0.04984892211641811,2024-10-10 04:05:00+00:00,2024-10-10 12:35:00+00:00,2024-10-04 00:00:00+00:00
1728874800000,1728875100000,1728967200000,1,PULLBACK,2655.66,2642.8319399380907,3883.6379461289844,2642.7819399380905,12.828060061909127,7.795410959832813,-100.38977054799307,-1.0038977054799307,stop,1535,0.8468544696214677,2024-10-14 03:05:00+00:00,2024-10-15 04:40:00+00:00,2024-10-04 00:00:00+00:00
1729004400000,1729004700000,1729264200000,1,PULLBACK,2660.271,2646.4156335675825,3993.002276809322,2717.8104999999996,13.855366432417668,7.217420086850108,415.2867430873075,4.1528674308730755,timeout,4325,4.296205393797975,2024-10-15 15:05:00+00:00,2024-10-18 15:10:00+00:00,2024-10-04 00:00:00+00:00
1729098000000,1729098300000,1729461900000,1,PULLBACK,2674.6544999999996,2660.711446929791,4004.5667539506844,2722.3799999999997,13.943053070208862,7.1720303649752974,342.28873518362866,3.4228873518362866,timeout,6060,3.41234446719981,2024-10-16 17:05:00+00:00,2024-10-20 22:05:00+00:00,2024-10-04 00:00:00+00:00
1729173600000,1729173900000,1729461900000,1,PULLBACK,2689.18,2676.1680433454394,3937.36370880153,2722.3799999999997,13.011956654560436,7.6852392499287925,255.14994309763452,2.551499430976345,timeout,4800,2.5402021292789896,2024-10-17 14:05:00+00:00,2024-10-20 22:05:00+00:00,2024-10-04 00:00:00+00:00
1729562400000,1729562700000,1729692900000,1,PULLBACK,2728.565,2716.7366727015838,3865.0694025432203,2728.515,11.828327298416298,8.454280768286575,-0.4227140384158666,-0.004227140384158666,breakeven,2170,2.501790764951333,2024-10-22 02:05:00+00:00,2024-10-23 14:15:00+00:00,2024-10-04 00:00:00+00:00
1729656000000,1729656300000,1729689600000,1,PULLBACK,2746.5799999999995,2735.1041041270496,3839.193691422088,2735.0541041270494,11.475895872949877,8.71391663945928,-100.43569583197456,-1.0043569583197456,stop,555,1.0088101293502203,2024-10-23 04:05:00+00:00,2024-10-23 13:20:00+00:00,2024-10-04 00:00:00+00:00
1729789200000,1729789500000,1729845600000,1,PULLBACK,2734.1035,2720.130398267296,4077.5905715376875,2720.080398267296,13.97310173270398,7.156607166607143,-100.35783035833165,-1.0035783035833166,stop,935,0.23863706597051051,2024-10-24 17:05:00+00:00,2024-10-25 08:40:00+00:00,2024-10-04 00:00:00+00:00
1730073600000,1730073900000,1730333400000,1,PULLBACK,2736.345,2722.7170644338826,4039.5106210456415,2785.27,13.62793556611723,7.337868565259973,359.00521955534555,3.5900521955534557,timeout,4325,3.9151197729944935,2024-10-28 00:05:00+00:00,2024-10-31 00:10:00+00:00,2024-10-04 00:00:00+00:00
1730124000000,1730124300000,1730383800000,1,PULLBACK,2741.3855,2728.2408552833185,4005.005326951443,2753.3750000000005,13.144644716681341,7.607660926209288,91.21205067479075,0.9121205067479075,timeout,4325,3.678266019517545,2024-10-28 14:05:00+00:00,2024-10-31 14:10:00+00:00,2024-10-04 00:00:00+00:00
1730192400000,1730192700000,1730382900000,1,PULLBACK,2755.1349999999998,2743.553503966384,3862.553107327921,2755.0849999999996,11.581496033615622,8.634463087475673,-0.43172315437535425,-0.0043172315437535426,breakeven,3170,2.987524228266575,2024-10-29 09:05:00+00:00,2024-10-31 13:55:00+00:00,2024-10-04 00:00:00+00:00
1730203200000,1730203500000,1730383500000,1,PULLBACK,2752.3365,2740.413202884164,3892.242914467727,2752.2864999999997,11.923297115835794,8.386941885997802,-0.41934709430141565,-0.004193470943014157,breakeven,3000,3.13659046123487,2024-10-29 12:05:00+00:00,2024-10-31 14:05:00+00:00,2024-10-04 00:00:00+00:00
1730210400000,1730210700000,1730382300000,1,PULLBACK,2761.255,2748.0076927929786,4030.2384134951267,2761.205,13.24730720702155,7.548703931844836,-0.3774351965936149,-0.0037743519659361492,breakeven,2860,2.1498708797893764,2024-10-29 14:05:00+00:00,2024-10-31 13:45:00+00:00,2024-10-04 00:00:00+00:00
1730293200000,1730293500000,1730295600000,1,PULLBACK,2783.0,2770.8961011754977,3940.6359836257147,2770.8461011754976,12.103898824502267,8.261800718093179,-100.41309003590617,-1.0041309003590617,stop,35,0.34740872019577457,2024-10-30 13:05:00+00:00,2024-10-30 13:40:00+00:00,2024-10-04 00:00:00+00:00
1730300400000,1730300700000,1730381100000,1,PULLBACK,2780.847,2767.1910948911177,4089.9316057793185,2767.1410948911175,13.655905108882507,7.322839401904955,-100.36614197009658,-1.0036614197009657,stop,1340,0.6508539660412732,2024-10-30 15:05:00+00:00,2024-10-31 13:25:00+00:00,2024-10-04 00:00:00+00:00
1730304000000,1730304300000,1730379900000,1,PULLBACK,2785.1250000000005,2770.454552398895,4198.999312509373,2770.404552398895,14.67044760110548,6.816424605372271,-100.34082123026985,-1.0034082123026986,stop,1260,0.3142371743076084,2024-10-30 16:05:00+00:00,2024-10-31 13:05:00+00:00,2024-10-04 00:00:00+00:00
1730354400000,1730354700000,1730369400000,1,PULLBACK,2785.6650000000004,2774.9380148169303,3802.1365331239,2774.88801481693,10.726985183070155,9.322283781823883,-100.46611418909289,-1.0046611418909288,stop,245,0.0037289135127261614,2024-10-31 06:05:00+00:00,2024-10-31 10:10:00+00:00,2024-10-04 00:00:00+00:00
1730786400000,1730786700000,1730797200000,-1,PULLBACK,2732.215,2743.6614662258958,1643.014843636273,2743.711466225896,11.44646622589562,8.736320714751908,-100.43681603573918,-1.0043681603573917,stop,175,0.0004368160357471302,2024-11-05 06:05:00+00:00,2024-11-05 09:00:00+00:00,2024-10-04 00:00:00+00:00
1730793600000,1730793900000,1730817000000,-1,PULLBACK,2736.1399999999994,2747.8240958784513,1616.4145080333224,2747.8740958784515,11.684095878451899,8.558642537709956,-100.42793212688704,-1.0042793212688705,stop,385,0.3095233073762491,2024-11-05 08:05:00+00:00,2024-11-05 14:30:00+00:00,2024-10-04 00:00:00+00:00
1730862000000,1730862300000,1731279900000,-1,PULLBACK,2737.018,2752.0417518523773,1301.8665666146558,2684.4055,15.023751852377245,6.656126976975911,350.19548057614634,3.5019548057614633,timeout,6960,6.201713188257781,2024-11-06 03:05:00+00:00,2024-11-10 23:05:00+00:00,2024-10-04 00:00:00+00:00
1730865600000,1730865900000,1730881500000,-1,PULLBACK,2733.94,2749.5746267200648,1217.6119547136075,2733.9900000000002,15.634626720064716,6.396059323352113,-0.3198029661687691,-0.0031980296616876906,breakeven,260,2.043732835590728,2024-11-06 04:05:00+00:00,2024-11-06 08:25:00+00:00,2024-10-04 00:00:00+00:00
1730872800000,1730873100000,1731279900000,-1,PULLBACK,2738.664,2754.65592814128,1202.063114013271,2684.4055,15.991928141279914,6.25315466131131,339.286792190762,3.3928679219076203,timeout,6780,5.929178718308797,2024-11-06 06:05:00+00:00,2024-11-10 23:05:00+00:00,2024-10-04 00:00:00+00:00
1730876400000,1730876700000,1730877600000,-1,PULLBACK,2706.6549999999997,2726.9655761311888,743.4079630123172,2727.015576131189,20.31057613118901,4.923543249294616,-100.24617716246563,-1.0024617716246562,stop,15,0.09847086498586992,2024-11-06 07:05:00+00:00,2024-11-06 07:20:00+00:00,2024-10-04 00:00:00+00:00
1731049200000,1731049500000,1731075000000,-1,PULLBACK,2686.043,2702.142333074341,1135.9090256402596,2702.192333074341,16.099333074340848,6.211437426521737,-100.31057187132721,-1.0031057187132721,stop,425,0.32846081111444186,2024-11-08 07:05:00+00:00,2024-11-08 14:10:00+00:00,2024-10-04 00:00:00+00:00
1731423600000,1731423900000,1731683400000,-1,PULLBACK,2610.0465,2626.814234228118,982.0408114163274,2575.5755,16.767734228118115,5.963834984473227,205.57935574977662,2.055793557497766,timeout,4325,4.340240548300254,2024-11-12 15:05:00+00:00,2024-11-15 15:10:00+00:00,2024-10-04 00:00:00+00:00
1731481200000,1731481500000,1731504900000,-1,PULLBACK,2605.08,2618.690581404916,1298.1324409132642,2618.740581404916,13.610581404916047,7.347224708849006,-100.36736123544378,-1.0036736123544379,stop,390,0.26563890934842727,2024-11-13 07:05:00+00:00,2024-11-13 13:35:00+00:00,2024-10-04 00:00:00+00:00
1731517200000,1731517500000,1731884700000,-1,PULLBACK,2585.5675,2602.8811711366548,907.3140574712247,2568.4599999999996,17.313671136654648,5.7757825715131395,98.80920034216408,0.9880920034216407,timeout,6120,2.7895297085637285,2024-11-13 17:05:00+00:00,2024-11-17 23:05:00+00:00,2024-10-04 00:00:00+00:00
1731632400000,1731632700000,1731892200000,-1,PULLBACK,2566.51,2582.7254919621596,1000.6762957461615,2578.4035000000003,16.215491962159376,6.166942096691296,-73.34652582699873,-0.7334652582699873,timeout,4325,0.7125593245622075,2024-11-15 01:05:00+00:00,2024-11-18 01:10:00+00:00,2024-10-04 00:00:00+00:00
1731636000000,1731636300000,1731891900000,-1,PULLBACK,2564.66,2581.005742536291,988.4314889071509,2581.0557425362913,16.345742536291255,6.117800997903725,-100.3058900498963,-1.003058900498963,stop,4260,0.5937019978415563,2024-11-15 02:05:00+00:00,2024-11-18 01:05:00+00:00,2024-10-04 00:00:00+00:00
1731650400000,1731650700000,1731676500000,-1,PULLBACK,2559.54,2574.385106689375,1135.8744377519035,2574.435106689375,14.845106689374916,6.7362264274983605,-100.33681132137615,-1.0033681132137615,stop,430,0.3088223005686579,2024-11-15 06:05:00+00:00,2024-11-15 13:15:00+00:00,2024-10-04 00:00:00+00:00
1731664800000,1731665100000,1731891900000,-1,PULLBACK,2563.5800000000004,2578.2484727497717,1156.901197772596,2578.298472749772,14.668472749771354,6.817342316810642,-100.34086711584177,-1.0034086711584178,stop,3780,0.24556067025154088,2024-11-15 10:05:00+00:00,2024-11-18 01:05:00+00:00,2024-10-04 00:00:00+00:00
1731700800000,1731701100000,1731891900000,-1,PULLBACK,2563.493,2579.578450586112,1013.2333919749174,2579.628450586112,16.085450586112074,6.216798184462326,-100.31083990922426,-1.0031083990922425,stop,3180,0.20129992521290777,2024-11-15 20:05:00+00:00,2024-11-18 01:05:00+00:00,2024-10-04 00:00:00+00:00
1732287600000,1732287900000,1732489500000,1,PULLBACK,2695.285,2678.181168904994,4334.064278405537,2695.2349999999997,17.103831095005717,5.84664333063952,-0.29233216653303945,-0.0029233216653303945,breakeven,3360,1.2095828054593956,2024-11-22 15:05:00+00:00,2024-11-24 23:05:00+00:00,2024-10-04 00:00:00+00:00
1732492800000,1732493100000,1732497000000,1,PULLBACK,2720.3849999999998,2701.8219229641545,4511.629626548726,2701.7719229641543,18.563077035845254,5.387037925172656,-100.26935189625961,-1.002693518962596,stop,65,0.0,2024-11-25 00:05:00+00:00,2024-11-25 01:10:00+00:00,2024-10-04 00:00:00+00:00
1732640400000,1732640700000,1732697400000,-1,PULLBACK,2628.2799999999997,2649.9309321502706,527.3377171231905,2649.9809321502707,21.65093215027082,4.618738782512381,-100.23093693912647,-1.0023093693912646,stop,945,0.38268560182504024,2024-11-26 17:05:00+00:00,2024-11-27 08:50:00+00:00,2024-10-04 00:00:00+00:00
1732730400000,1732730700000,1732846500000,-1,PULLBACK,2636.8235,2652.9432688199636,1088.0663868236056,2652.9932688199638,16.11976881996361,6.203562911904449,-100.31017814559634,-1.0031017814559633,stop,1930,0.9554107240624224,2024-11-27 18:05:00+00:00,2024-11-29 02:15:00+00:00,2024-10-04 00:00:00+00:00
1732896000000,1732896300000,1733095800000,1,PULLBACK,2659.397,2645.5310600949156,3988.925050603377,2645.4810600949154,13.86593990508436,7.211916443062905,-100.36059582215445,-1.0036059582215444,stop,3325,0.18628380172432088,2024-11-29 16:05:00+00:00,2024-12-01 23:30:00+00:00,2024-10-04 00:00:00+00:00
1733173200000,1733173500000,1733234100000,-1,PULLBACK,2636.783,2651.9081790004075,1179.59027895969,2651.9581790004077,15.12517900040757,6.611492002660289,-100.33057460013421,-1.0033057460013421,stop,1010,0.14396523835791336,2024-12-02 21:05:00+00:00,2024-12-03 13:55:00+00:00,2024-10-04 00:00:00+00:00
1733342400000,1733342700000,1733411100000,1,PULLBACK,2652.245,2638.268226786282,3984.94554815811,2638.218226786282,13.976773213717934,7.154727237174595,-100.35773636186002,-1.0035773636186003,stop,1140,0.2136759289382177,2024-12-04 20:05:00+00:00,2024-12-05 15:05:00+00:00,2024-10-04 00:00:00+00:00
1733378400000,1733378700000,1733389200000,1,PULLBACK,2653.6200000000003,2641.7702636142144,3786.243902192802,2641.720263614214,11.849736385785945,8.439006298904042,-100.42195031494674,-1.0042195031494674,stop,175,0.013080459763241396,2024-12-05 06:05:00+00:00,2024-12-05 09:00:00+00:00,2024-10-04 00:00:00+00:00
1733385600000,1733385900000,1733411400000,1,PULLBACK,2649.165,2637.1318038306235,3802.4514207682732,2637.0818038306234,12.033196169376424,8.310344034321691,-100.41551720171759,-1.004155172017176,stop,425,0.41605737407827437,2024-12-05 08:05:00+00:00,2024-12-05 15:10:00+00:00,2024-10-04 00:00:00+00:00
1733403600000,1733403900000,1733410800000,1,PULLBACK,2653.7550000000006,2641.807664683398,3794.5411963436236,2641.7576646833977,11.947335316602675,8.370067245123227,-100.41850336225768,-1.0041850336225768,stop,115,0.03486133007584659,2024-12-05 13:05:00+00:00,2024-12-05 15:00:00+00:00,2024-10-04 00:00:00+00:00
1733493600000,1733493900000,1733707800000,-1,PULLBACK,2635.4399999999996,2650.488414654053,1181.6469492487809,2650.538414654053,15.048414654053431,6.645218270421866,-100.3322609135223,-1.003322609135223,stop,3565,0.7278175310679463,2024-12-06 14:05:00+00:00,2024-12-09 01:30:00+00:00,2024-10-04 00:00:00+00:00
1733497200000,1733497500000,1733731200000,-1,PULLBACK,2635.3085,2651.5554564644776,1075.0598100167235,2651.605456464478,16.246956464477535,6.154998951258394,-100.30774994756405,-1.0030774994756404,stop,3895,0.45005352331600745,2024-12-06 15:05:00+00:00,2024-12-09 08:00:00+00:00,2024-10-04 00:00:00+00:00
1733515200000,1733515500000,1733707500000,-1,PULLBACK,2634.4900000000002,2649.3684032296164,1199.5280802679713,2649.4184032296166,14.878403229616197,6.72115135318722,-100.33605756766059,-1.003360575676606,stop,3200,0.4364379631192148,2024-12-06 20:05:00+00:00,2024-12-09 01:25:00+00:00,2024-10-04 00:00:00+00:00
1733706000000,1733706300000,1733707200000,-1,PULLBACK,2630.5800000000004,2646.490757799903,1101.9149778096048,2646.540757799903,15.910757799902512,6.2850557627502015,-100.31425278813866,-1.0031425278813866,stop,15,0.0,2024-12-09 01:05:00+00:00,2024-12-09 01:20:00+00:00,2024-10-04 00:00:00+00:00
1733824800000,1733825100000,1734084600000,1,PULLBACK,2665.5285,2653.285541419018,3835.7313995171967,2667.9215000000004,12.242958580981849,8.167960329077605,19.54592906748666,0.19545929067486661,timeout,4325,4.885379592226273,2024-12-10 10:05:00+00:00,2024-12-13 10:10:00+00:00,2024-10-04 00:00:00+00:00
1733896800000,1733897100000,1734012900000,1,PULLBACK,2690.2464999999997,2673.2837045624274,4183.663248319666,2690.1964999999996,16.962795437572368,5.895254727796889,-0.29476273639091677,-0.0029476273639091675,breakeven,1930,2.068851217899425,2024-12-11 06:05:00+00:00,2024-12-12 14:15:00+00:00,2024-10-04 00:00:00+00:00
1733900400000,1733900700000,1734012000000,1,PULLBACK,2697.281,2680.9729042365398,4237.682480582543,2697.2309999999998,16.308095763460187,6.131923766603048,-0.3065961883312678,-0.0030659618833126776,breakeven,1855,1.7205564896711611,2024-12-11 07:05:00+00:00,2024-12-12 14:00:00+00:00,2024-10-04 00:00:00+00:00
1733907600000,1733907900000,1734012900000,1,PULLBACK,2691.852,2675.412672530486,4248.645419481883,2691.8019999999997,16.439327469513955,6.082973904221192,-0.3041486952121661,-0.003041486952121661,breakeven,1750,2.03706630104561,2024-12-11 09:05:00+00:00,2024-12-12 14:15:00+00:00,2024-10-04 00:00:00+00:00
1733911200000,1733911500000,1734012300000,1,PULLBACK,2696.411,2679.767838778309,4277.683960947457,2696.361,16.643161221691116,6.008473911174368,-0.30042369555981135,-0.0030042369555981136,breakeven,1680,1.7381914177636382,2024-12-11 10:05:00+00:00,2024-12-12 14:05:00+00:00,2024-10-04 00:00:00+00:00
1733925600000,1733925900000,1733967300000,1,PULLBACK,2701.683,2685.648378262892,4233.310551973675,2701.633,16.034621737107955,6.236505085029605,-0.31182525425261465,-0.0031182525425261466,breakeven,690,1.4753700079654632,2024-12-11 14:05:00+00:00,2024-12-12 01:35:00+00:00,2024-10-04 00:00:00+00:00
1733976000000,1733976300000,1734012900000,1,PULLBACK,2711.0665000000004,2694.7265405509056,4288.122485460357,2694.6765405509054,16.33995944909475,6.119966228284619,-100.30599831141535,-1.0030599831141536,stop,610,0.5491139698328006,2024-12-12 04:05:00+00:00,2024-12-12 14:15:00+00:00,2024-10-04 00:00:00+00:00
1733986800000,1733987100000,1734009600000,1,PULLBACK,2719.2975,2703.288416578112,4244.096758766905,2703.238416578112,16.009083421888135,6.246453801550985,-100.31232269007869,-1.0031232269007868,stop,375,0.0463174549384776,2024-12-12 07:05:00+00:00,2024-12-12 13:20:00+00:00,2024-10-04 00:00:00+00:00
1734408000000,1734408300000,1734667800000,-1,PULLBACK,2653.2095,2663.6355,1663.6354999999999,2600.3750000000005,10.42599999999993,9.591406100134343,506.75714559754294,5.067571455975429,timeout,4325,6.689813926721663,2024-12-17 04:05:00+00:00,2024-12-20 04:10:00+00:00,2024-10-04 00:00:00+00:00
1734411600000,1734411900000,1734483900000,-1,PULLBACK,2651.3450000000003,2661.79,1661.79,2651.3950000000004,10.444999999999709,9.57395883197729,-0.47869794160060597,-0.00478697941600606,breakeven,1200,1.691670655816268,2024-12-17 05:05:00+00:00,2024-12-18 01:05:00+00:00,2024-10-04 00:00:00+00:00
1734418800000,1734419100000,1734461100000,-1,PULLBACK,2648.4615,2659.0344725028835,1654.9372222145275,2648.5115,10.572972502883658,9.458078130130968,-0.4729039065082688,-0.004729039065082688,breakeven,700,1.3984714323211702,2024-12-17 07:05:00+00:00,2024-12-17 18:45:00+00:00,2024-10-04 00:00:00+00:00
1734426000000,1734426300000,1734685800000,-1,PULLBACK,2643.8940000000002,2655.811445678507,1499.016877827831,2606.5095,11.917445678506738,8.391059854407496,313.69557712709803,3.1369557712709804,timeout,4325,5.070927246514802,2024-12-17 09:05:00+00:00,2024-12-20 09:10:00+00:00,2024-10-04 00:00:00+00:00
1734469200000,1734469500000,1734729000000,-1,PULLBACK,2643.314,2655.535121472967,1454.972974176257,2624.305,12.221121472967297,8.18255511339091,155.54219015044794,1.5554219015044795,timeout,4325,4.897463799242254,2024-12-17 21:05:00+00:00,2024-12-20 21:10:00+00:00,2024-10-04 00:00:00+00:00
1734508800000,1734509100000,1734908700000,-1,PULLBACK,2644.28,2654.7505,1654.7505,2623.2960000000007,10.470499999999902,9.550642280693467,200.41067761806664,2.0041067761806666,timeout,6660,5.8085573754835425,2024-12-18 08:05:00+00:00,2024-12-22 23:05:00+00:00,2024-10-04 00:00:00+00:00
1734526800000,1734527100000,1734908700000,-1,PULLBACK,2643.5950000000003,2654.045,1654.045,2623.2960000000007,10.449999999999818,9.56937799043079,194.24880382775004,1.9424880382775003,timeout,6360,5.75440191387569,2024-12-18 13:05:00+00:00,2024-12-22 23:05:00+00:00,2024-10-04 00:00:00+00:00
1734530400000,1734530700000,1734908700000,-1,PULLBACK,2643.4955,2654.0335,1654.0335,2623.2960000000007,10.538000000000011,9.489466691971902,191.68248244447943,1.9168248244447943,timeout,6300,5.696906433858378,2024-12-18 14:05:00+00:00,2024-12-22 23:05:00+00:00,2024-10-04 00:00:00+00:00
1734613200000,1734613500000,1734677100000,-1,PULLBACK,2605.89,2623.3697366251104,918.39607411405,2605.94,17.47973662511049,5.72090999679853,-0.2860454998409671,-0.002860454998409671,breakeven,1060,1.0560799854089846,2024-12-19 13:05:00+00:00,2024-12-20 06:45:00+00:00,2024-10-04 00:00:00+00:00
1734663600000,1734663900000,1734702600000,-1,PULLBACK,2596.714,2612.450846808137,1087.916165994424,2612.5008468081373,15.736846808137216,6.35451315115376,-100.31772565755885,-1.0031772565755885,stop,645,0.02363878892231094,2024-12-20 03:05:00+00:00,2024-12-20 13:50:00+00:00,2024-10-04 00:00:00+00:00
1734670800000,1734671100000,1734702600000,-1,PULLBACK,2597.5295,2612.159452094771,1203.6642426176327,2612.209452094771,14.629952094770942,6.8352923749997885,-100.34176461875124,-1.0034176461875124,stop,525,0.02785381642811046,2024-12-20 05:05:00+00:00,2024-12-20 13:50:00+00:00,2024-10-04 00:00:00+00:00
1735034400000,1735034700000,1735175100000,-1,PULLBACK,2613.1315,2623.6485000000002,1623.6485000000002,2623.6985000000004,10.51700000000028,9.508414947228044,-100.47542074736313,-1.0047542074736313,stop,2340,0.23733003708282097,2024-12-24 10:05:00+00:00,2024-12-26 01:05:00+00:00,2024-10-04 00:00:00+00:00
1735052400000,1735052700000,1735167900000,-1,PULLBACK,2610.3855,2620.965,1620.9650000000001,2621.0150000000003,10.57950000000028,9.452242544543443,-100.4726121272289,-1.0047261212722889,stop,1920,0.0,2024-12-24 15:05:00+00:00,2024-12-25 23:05:00+00:00,2024-10-04 00:00:00+00:00
1735520400000,1735520700000,1735563300000,-1,PULLBACK,2621.9974999999995,2633.1188319192083,1584.2356399983798,2622.0474999999997,11.121331919208842,8.991728753934527,-0.44958643769836193,-0.004495864376983619,breakeven,710,1.095417355448064,2024-12-30 01:05:00+00:00,2024-12-30 12:55:00+00:00,2024-10-04 00:00:00+00:00
1735542000000,1735542300000,1735658400000,-1,PULLBACK,2618.66,2629.3368730152993,1620.2995714854067,2618.71,10.676873015299407,9.366038151498588,-0.46830190757663304,-0.004683019075766331,breakeven,1935,2.059451298942218,2024-12-30 07:05:00+00:00,2024-12-31 15:20:00+00:00,2024-10-04 00:00:00+00:00
1735567200000,1735567500000,1735658400000,-1,PULLBACK,2606.2305,2619.5091831127143,1343.5908718412938,2619.5591831127144,13.278683112714134,7.530867266818917,-100.37654336334232,-1.0037654336334232,stop,1515,0.7198756020352008,2024-12-30 14:05:00+00:00,2024-12-31 15:20:00+00:00,2024-10-04 00:00:00+00:00
1735902000000,1735902300000,1735911600000,1,PULLBACK,2658.187,2646.835915617624,3741.5943538552206,2646.7859156176237,11.35108438237603,8.809731002904218,-100.4404865501468,-1.004404865501468,stop,155,0.06792302603240788,2025-01-03 11:05:00+00:00,2025-01-03 13:40:00+00:00,2024-10-04 00:00:00+00:00
1736305200000,1736305500000,1736723100000,1,PULLBACK,2649.5035,2637.9391663824626,3740.5225281362,2687.618,11.564333617537159,8.64727733627049,329.58665203328275,3.2958665203328277,timeout,6960,4.157394761345473,2025-01-08 03:05:00+00:00,2025-01-12 23:05:00+00:00,2025-01-04 00:00:00+00:00
1736316000000,1736316300000,1736358300000,1,PULLBACK,2650.6535,2639.880811057679,3665.7997052898163,2649.083122115357,10.77268894232111,9.282733450804878,-14.577399320177616,-0.14577399320177617,stop,700,1.7623269456353603,2025-01-08 06:05:00+00:00,2025-01-08 17:45:00+00:00,2025-01-04 00:00:00+00:00
1736341200000,1736341500000,1736358300000,1,PULLBACK,2652.5285,2642.0915,3642.0915,2650.4965239548915,10.436999999999898,9.58129730765555,-19.468966610217898,-0.19468966610217897,stop,280,1.6393599693399203,2025-01-08 13:05:00+00:00,2025-01-08 17:45:00+00:00,2025-01-04 00:00:00+00:00
1736366400000,1736366700000,1736723100000,1,PULLBACK,2658.832,2644.7500503468364,4007.695015663192,2687.618,14.08194965316352,7.1012894139651275,204.41771707040058,2.044177170704006,timeout,5940,2.751678635017365,2025-01-08 20:05:00+00:00,2025-01-12 23:05:00+00:00,2025-01-04 00:00:00+00:00
1736391600000,1736391900000,1736723100000,1,PULLBACK,2659.33,2647.446523857255,3781.294138131715,2687.618,11.883476142744712,8.41504613623124,238.0448251017094,2.380448251017094,timeout,5520,3.2188392975698283,2025-01-09 03:05:00+00:00,2025-01-12 23:05:00+00:00,2025-01-04 00:00:00+00:00
1736406000000,1736406300000,1736723100000,1,PULLBACK,2667.3624999999997,2655.7876617786096,3760.021483917637,2687.618,11.57483822139011,8.639429604743992,174.99596635889375,1.7499596635889376,timeout,5280,2.610706035109598,2025-01-09 07:05:00+00:00,2025-01-12 23:05:00+00:00,2025-01-04 00:00:00+00:00
1736449200000,1736449500000,1736723100000,1,PULLBACK,2672.0999999999995,2659.5194360805153,3851.925828028998,2687.618,12.58056391948412,7.948769279342496,123.3490016768407,1.233490016768407,timeout,4560,2.0254259000693153,2025-01-09 19:05:00+00:00,2025-01-12 23:05:00+00:00,2025-01-04 00:00:00+00:00
1736517600000,1736517900000,1736769600000,1,PULLBACK,2683.5685,2671.5855558568637,3785.0299701705326,2675.2461117137263,11.982944143136137,8.34519453696029,-69.451949261072,-0.69451949261072,stop,4195,1.1693703844915835,2025-01-10 14:05:00+00:00,2025-01-13 12:00:00+00:00,2025-01-04 00:00:00+00:00
1736737200000,1736737500000,1736769600000,1,PULLBACK,2689.1649999999995,2675.2537619784134,4015.877564137043,2675.2037619784132,13.911238021586087,7.188432822789019,-100.35942164114076,-1.0035942164114076,stop,535,0.12554597925005703,2025-01-13 03:05:00+00:00,2025-01-13 12:00:00+00:00,2025-01-04 00:00:00+00:00
1736748000000,1736748300000,1736769900000,1,PULLBACK,2687.6150000000002,2674.5050463070606,3928.5004156009854,2674.4550463070605,13.109953692939598,7.627792007675456,-100.38138960038516,-1.0038138960038516,stop,360,0.2514501635330156,2025-01-13 06:05:00+00:00,2025-01-13 12:05:00+00:00,2025-01-04 00:00:00+00:00
1736758800000,1736759100000,1736769600000,1,PULLBACK,2687.8235000000004,2675.017548737833,3894.812674954578,2674.9675487378327,12.805951262167582,7.808869325891346,-100.39044346629599,-1.00390443466296,stop,175,0.008706889298331636,2025-01-13 09:05:00+00:00,2025-01-13 12:00:00+00:00,2025-01-04 00:00:00+00:00
1736960400000,1736960700000,1737328200000,1,PULLBACK,2690.088,2676.2046189758485,4000.892721391003,2700.108,13.883381024151731,7.202856409835511,72.17262122655168,0.7217262122655168,timeout,6125,2.46042372103572,2025-01-15 17:05:00+00:00,2025-01-19 23:10:00+00:00,2025-01-04 00:00:00+00:00
1737079200000,1737079500000,1737107700000,1,PULLBACK,2715.3940000000002,2704.397222416277,3745.4749807885732,2704.347222416277,10.996777583723087,9.09357302524835,-100.45467865126408,-1.0045467865126407,stop,470,0.16541209332926385,2025-01-17 02:05:00+00:00,2025-01-17 09:55:00+00:00,2025-01-04 00:00:00+00:00
1737097200000,1737097500000,1737110700000,1,PULLBACK,2713.3379999999997,2702.813,3702.813,2702.763,10.524999999999636,9.501187648456385,-100.47505938242455,-1.0047505938242454,stop,220,0.08218527315917021,2025-01-17 07:05:00+00:00,2025-01-17 10:45:00+00:00,2025-01-04 00:00:00+00:00
1737104400000,1737104700000,1737144300000,1,PULLBACK,2712.3105,2701.7929999999997,3701.7929999999997,2701.7429999999995,10.517500000000382,9.507962918944271,-100.47539814594894,-1.0047539814594895,stop,660,0.439125267411445,2025-01-17 09:05:00+00:00,2025-01-17 20:05:00+00:00,2025-01-04 00:00:00+00:00
1737129600000,1737129900000,1737143700000,1,PULLBACK,2714.923,2703.821432916157,3759.178141300472,2703.7714329161568,11.101567083842838,9.007737308144494,-100.45038686540886,-1.0045038686540886,stop,230,0.18069521040140674,2025-01-17 16:05:00+00:00,2025-01-17 19:55:00+00:00,2025-01-04 00:00:00+00:00
1737352800000,1737353100000,1737612600000,1,PULLBACK,2707.9549999999995,2696.6219929149747,3773.7227014175214,2752.828,11.333007085024747,8.823783418624911,395.9496333439601,3.959496333439601,timeout,4325,4.853522069414723,2025-01-20 06:05:00+00:00,2025-01-23 06:10:00+00:00,2025-01-04 00:00:00+00:00
1737363600000,1737363900000,1737623400000,1,PULLBACK,2707.6195000000002,2695.6183784381196,3841.080534626205,2752.36,12.001121561880609,8.33255454370464,372.8026565626165,3.728026565626165,timeout,4325,4.611277347258887,2025-01-20 09:05:00+00:00,2025-01-23 09:10:00+00:00,2025-01-04 00:00:00+00:00
1737370800000,1737371100000,1737630600000,1,PULLBACK,2709.153,2697.090311000215,3829.55921097872,2751.2615,12.062688999784768,8.290025549177656,349.0805408375496,3.490805408375496,timeout,4325,4.46061404724608,2025-01-20 11:05:00+00:00,2025-01-23 11:10:00+00:00,2025-01-04 00:00:00+00:00
1737385200000,1737385500000,1737638700000,1,PULLBACK,2711.22,2698.5760889337034,3891.4671955633903,2739.257177867406,12.643911066296369,7.9089452207996125,221.7445038991307,2.217445038991307,ladder_lock_2.22R,4220,4.092088257241774,2025-01-20 15:05:00+00:00,2025-01-23 13:25:00+00:00,2025-01-04 00:00:00+00:00
1737392400000,1737392700000,1737638700000,1,PULLBACK,2708.465,2695.732510356101,3884.481474745975,2739.340020712202,12.732489643899044,7.853923529238168,242.49005163727952,2.4249005163727952,ladder_lock_2.43R,4100,4.279995627258367,2025-01-20 17:05:00+00:00,2025-01-23 13:25:00+00:00,2025-01-04 00:00:00+00:00
1737399600000,1737399900000,1737638700000,1,PULLBACK,2712.01,2698.9378329090873,3892.654542000356,2739.2406658181744,13.072167090912899,7.649841017524545,208.3102643103726,2.083102643103726,ladder_lock_2.09R,3980,3.8975939984287766,2025-01-20 19:05:00+00:00,2025-01-23 13:25:00+00:00,2025-01-04 00:00:00+00:00
1737417600000,1737417900000,1737638700000,1,PULLBACK,2710.9919999999997,2698.98259062059,3849.2235285615307,2740.110181241181,12.00940937940959,8.326804161697769,242.4613927401396,2.424613927401396,ladder_lock_2.43R,3680,4.32727358675116,2025-01-21 00:05:00+00:00,2025-01-23 13:25:00+00:00,2025-01-04 00:00:00+00:00
1737424800000,1737425100000,1737639600000,1,PULLBACK,2718.5820000000003,2704.7360908922437,4042.1270016678536,2736.3671817844875,13.845909107756597,7.222349881235255,128.45080554893798,1.2845080554893797,ladder_lock_1.29R,3575,3.205134430294593,2025-01-21 02:05:00+00:00,2025-01-23 13:40:00+00:00,2025-01-04 00:00:00+00:00
1737460800000,1737461100000,1737639600000,1,PULLBACK,2724.6234999999997,2710.7019053173776,4052.8613735796116,2736.271810634755,13.921594682622072,7.183085147912483,83.67080711878319,0.8367080711878319,ladder_lock_0.84R,2975,2.7537434377295265,2025-01-21 12:05:00+00:00,2025-01-23 13:40:00+00:00,2025-01-04 00:00:00+00:00
1737561600000,1737561900000,1737624300000,1,PULLBACK,2759.935,2745.627435555121,4127.383880043043,2745.5774355551207,14.307564444879063,6.98930977283082,-100.34946548864282,-1.0034946548864283,stop,1040,0.0,2025-01-22 16:05:00+00:00,2025-01-23 09:25:00+00:00,2025-01-04 00:00:00+00:00
1737741600000,1737741900000,1737943800000,1,PULLBACK,2773.8735,2760.793664500082,4015.927214491917,2760.7436645000816,13.079835499918318,7.64535609034414,-100.38226780451859,-1.003822678045186,stop,3365,0.08761578079535803,2025-01-24 18:05:00+00:00,2025-01-27 02:10:00+00:00,2025-01-04 00:00:00+00:00
1737748800000,1737749100000,1737942300000,1,PULLBACK,2775.27,2762.9937872475193,3939.115062495579,2762.943787247519,12.27621275248066,8.14583471435789,-100.40729173571937,-1.0040729173571936,stop,3220,0.0,2025-01-24 20:05:00+00:00,2025-01-27 01:45:00+00:00,2025-01-04 00:00:00+00:00
1738216800000,1738217100000,1738348500000,1,PULLBACK,2761.2050000000004,2750.6800000000003,3750.6800000000003,2797.506443434366,10.525000000000091,9.501187648455975,344.9068259797159,3.449068259797159,ladder_lock_3.45R,2190,5.272019002375235,2025-01-30 06:05:00+00:00,2025-01-31 18:35:00+00:00,2025-01-04 00:00:00+00:00
1738321200000,1738321500000,1738348500000,1,PULLBACK,2794.6905000000006,2784.3635,3784.3635,2795.4823910452114,10.32700000000068,9.683354313933709,7.668161568807784,0.07668161568807784,ladder_lock_0.08R,450,2.1305800329232256,2025-01-31 11:05:00+00:00,2025-01-31 18:35:00+00:00,2025-01-04 00:00:00+00:00
1738573200000,1738573500000,1738830300000,1,PULLBACK,2797.4005,2781.025779843055,4358.797795537589,2849.546059686109,16.374720156945386,6.106974595079397,318.45160824926256,3.1845160824926255,ladder_lock_3.19R,4280,5.16268364831524,2025-02-03 09:05:00+00:00,2025-02-06 08:25:00+00:00,2025-01-04 00:00:00+00:00
1738659600000,1738659900000,1738830300000,1,PULLBACK,2815.7550000000006,2800.716569851455,4249.559584705926,2852.1246397029104,15.038430148545558,6.649630248119449,241.8446562816751,2.418446562816751,ladder_lock_2.42R,2840,4.4009247871128645,2025-02-04 09:05:00+00:00,2025-02-06 08:25:00+00:00,2025-01-04 00:00:00+00:00
1738663200000,1738663500000,1738830300000,1,PULLBACK,2820.9184999999998,2805.87852914778,4261.375614369796,2851.9915582955596,15.039970852219994,6.648949055990981,206.60318162101507,2.0660318162101508,ladder_lock_2.07R,2780,4.057155469220439,2025-02-04 10:05:00+00:00,2025-02-06 08:25:00+00:00,2025-01-04 00:00:00+00:00
1738670400000,1738670700000,1738830300000,1,PULLBACK,2816.025,2801.4209179896675,4209.82911902293,2852.9333359793345,14.604082010332604,6.8474006054778735,252.72616213207533,2.5272616213207533,ladder_lock_2.53R,2660,4.513327161088632,2025-02-04 12:05:00+00:00,2025-02-06 08:25:00+00:00,2025-01-04 00:00:00+00:00
1738674000000,1738674300000,1738830300000,1,PULLBACK,2822.355,2807.5583524189765,4237.223110521295,2852.5082048379536,14.796647581023535,6.758287608893815,203.78403062477872,2.0378403062477872,ladder_lock_2.04R,2600,4.026790506007208,2025-02-04 13:05:00+00:00,2025-02-06 08:25:00+00:00,2025-01-04 00:00:00+00:00
1738792800000,1738796700000,1738830300000,1,PULLBACK,2868.2370000000005,2850.7740603585285,4446.868024505688,2850.7240603585283,17.462939641472076,5.7264127376649565,-100.2863206368843,-1.002863206368843,stop,560,0.26089536432799165,2025-02-05 23:05:00+00:00,2025-02-06 08:25:00+00:00,2025-01-04 00:00:00+00:00
1738807200000,1738807500000,1738828200000,1,PULLBACK,2872.4655,2856.6942695363286,4361.267315903436,2856.6442695363285,15.771230463671145,6.340659356310143,-100.31703296781666,-1.0031703296781667,stop,345,0.02076565939193648,2025-02-06 02:05:00+00:00,2025-02-06 07:50:00+00:00,2025-01-04 00:00:00+00:00
1738893600000,1738893900000,1738935300000,1,PULLBACK,2866.8349999999996,2852.6255811427536,4219.5674668674055,2852.5755811427534,14.209418857245964,7.037585492034807,-100.35187927460302,-1.0035187927460303,stop,690,0.2438523372990163,2025-02-07 02:05:00+00:00,2025-02-07 13:35:00+00:00,2025-01-04 00:00:00+00:00
1738915200000,1738915500000,1738935300000,1,PULLBACK,2864.775,2851.828612244775,4093.4673877672976,2851.7786122447746,12.94638775522526,7.724162282999692,-100.38620811415139,-1.0038620811415138,stop,330,0.4267599661357049,2025-02-07 08:05:00+00:00,2025-02-07 13:35:00+00:00,2025-01-04 00:00:00+00:00
1738940400000,1738940700000,1738946700000,1,PULLBACK,2876.7085,2861.2665315019476,4405.26338130722,2861.2165315019474,15.441968498052574,6.47585830864836,-100.3237929154336,-1.003237929154336,stop,100,0.6246936717437532,2025-02-07 15:05:00+00:00,2025-02-07 16:45:00+00:00,2025-01-04 00:00:00+00:00
1739458800000,1739459100000,1739546400000,1,PULLBACK,2915.6749999999997,2900.0630640232876,4410.256661694528,2909.551128046575,15.611935976712175,6.405355501660191,-39.2255769083327,-0.392255769083327,stop,1455,1.5364205974057494,2025-02-13 15:05:00+00:00,2025-02-14 15:20:00+00:00,2025-01-04 00:00:00+00:00
1739973600000,1739973900000,1739981100000,1,PULLBACK,2936.923,2922.7981299820435,4282.485131777688,2922.7481299820433,14.124870017956255,7.07971116710277,-100.35398555835643,-1.0035398555835642,stop,120,0.22563039489559025,2025-02-19 14:05:00+00:00,2025-02-19 16:05:00+00:00,2025-01-04 00:00:00+00:00
1739977200000,1739977500000,1739981100000,1,PULLBACK,2938.6699999999996,2924.1157635547547,4333.539408079285,2924.0657635547545,14.554236445244896,6.870851684745826,-100.34354258423855,-1.0034354258423854,stop,60,0.013295098010035915,2025-02-19 15:05:00+00:00,2025-02-19 16:05:00+00:00,2025-01-04 00:00:00+00:00
1740020400000,1740020700000,1740060600000,1,PULLBACK,2941.4365,2926.793213237901,4349.971889447818,2926.743213237901,14.643286762098796,6.829067928849819,-100.34145339644373,-1.0034145339644374,stop,665,0.8889397722984311,2025-02-20 03:05:00+00:00,2025-02-20 14:10:00+00:00,2025-01-04 00:00:00+00:00
1740078000000,1740078300000,1740102900000,1,PULLBACK,2942.4279999999994,2926.368012654944,4477.5667471605575,2926.3180126549437,16.05998734505556,6.226654968740515,-100.31133274843816,-1.0031133274843815,stop,410,0.4312269898601137,2025-02-20 19:05:00+00:00,2025-02-21 01:55:00+00:00,2025-01-04 00:00:00+00:00
1740171600000,1740171900000,1740431400000,1,PULLBACK,2935.2349999999997,2918.4056607435027,4552.339586393226,2950.415,16.82933925649695,5.942003929916327,90.19961965613157,0.9019961965613157,timeout,4325,1.221973108187296,2025-02-21 21:05:00+00:00,2025-02-24 21:10:00+00:00,2025-01-04 00:00:00+00:00
1740175200000,1740351900000,1740487500000,1,PULLBACK,2937.2490000000003,2919.6362564046813,4526.360615936566,2923.775512809362,17.61274359531899,5.677707136245225,-76.49851437239414,-0.7649851437239414,stop,2260,1.053271450844822,2025-02-23 23:05:00+00:00,2025-02-25 12:45:00+00:00,2025-01-04 00:00:00+00:00
1740355200000,1740355500000,1740360300000,1,PULLBACK,2937.7149999999997,2921.1130595186323,4505.307107655386,2921.063059518632,16.601940481367365,6.023392272260684,-100.30116961361412,-1.0030116961361413,stop,80,0.0,2025-02-24 00:05:00+00:00,2025-02-24 01:25:00+00:00,2025-01-04 00:00:00+00:00
1740380400000,1740380700000,1740487500000,1,PULLBACK,2939.28,2922.866033164355,4514.262716728805,2924.082066328711,16.41396683564517,6.09237248992342,-92.5914730026439,-0.925914730026439,stop,1780,1.00645993533532,2025-02-24 07:05:00+00:00,2025-02-25 12:45:00+00:00,2025-01-04 00:00:00+00:00
1740398400000,1740398700000,1740409800000,1,PULLBACK,2948.282,2931.4721046879517,4567.761635892769,2931.4221046879516,16.80989531204841,5.9488770241374125,-100.29744385120794,-1.0029744385120793,stop,185,0.4472365746746254,2025-02-24 12:05:00+00:00,2025-02-24 15:10:00+00:00,2025-01-04 00:00:00+00:00
1740708000000,1740708300000,1740956700000,-1,PULLBACK,2874.2949999999996,2891.9440861952367,1182.5354666715716,2868.176672390474,17.649086195237032,5.666015729867479,34.66654047605539,0.3466654047605539,ladder_lock_0.35R,4140,2.3273159610430567,2025-02-28 02:05:00+00:00,2025-03-02 23:05:00+00:00,2025-01-04 00:00:00+00:00
1741179600000,1741179900000,1741182300000,1,PULLBACK,2916.7789999999995,2900.2141066163385,4495.003444982525,2900.1641066163384,16.564893383661,6.036863484955255,-100.30184317424886,-1.0030184317424886,stop,40,0.0,2025-03-05 13:05:00+00:00,2025-03-05 13:45:00+00:00,2025-01-04 00:00:00+00:00
1741201200000,1741201500000,1741254000000,1,PULLBACK,2918.12,2896.481904275071,4996.291476767969,2896.431904275071,21.638095724928917,4.621478769261175,-100.2310739384639,-1.0023107393846389,stop,875,0.3712664969285967,2025-03-05 19:05:00+00:00,2025-03-06 09:40:00+00:00,2025-01-04 00:00:00+00:00
1741226400000,1741226700000,1741248300000,1,PULLBACK,2925.3455,2907.6806256502464,4616.9680606256425,2907.630625650246,17.664874349753518,5.660951672797792,-100.28304758364091,-1.002830475836409,stop,360,0.045740489516205754,2025-03-06 02:05:00+00:00,2025-03-06 08:05:00+00:00,2025-01-04 00:00:00+00:00
1741240800000,1741241100000,1741248900000,1,PULLBACK,2920.5420000000004,2904.560167109972,4440.543456112789,2904.510167109972,15.981832890028272,6.257104594204219,-100.31285522971135,-1.0031285522971134,stop,130,0.12783264685959972,2025-03-06 06:05:00+00:00,2025-03-06 08:15:00+00:00,2025-01-04 00:00:00+00:00
1741359600000,1741359900000,1741362600000,1,PULLBACK,2927.245,2909.450755203973,4643.525234806673,2909.400755203973,17.79424479602676,5.619794554154318,-100.28098972770873,-1.0028098972770874,stop,45,0.1416188227646878,2025-03-07 15:05:00+00:00,2025-03-07 15:50:00+00:00,2025-01-04 00:00:00+00:00
1741564800000,1741565100000,1741596300000,1,PULLBACK,2916.8084999999996,2899.9407117925984,4526.519532532779,2899.8907117925983,16.86778820740119,5.928459544928502,-100.29642297724752,-1.0029642297724752,stop,520,0.06441271295566844,2025-03-10 00:05:00+00:00,2025-03-10 08:45:00+00:00,2025-01-04 00:00:00+00:00
1741744800000,1741745100000,1741964700000,1,PULLBACK,2915.375,2902.8246323256035,4118.86139976526,2980.2257646512066,12.550367674396512,7.9678940565228125,516.7240222253091,5.167240222253091,ladder_lock_5.17R,3660,7.095250299452417,2025-03-12 02:05:00+00:00,2025-03-14 15:05:00+00:00,2025-01-04 00:00:00+00:00
1741755600000,1741755900000,1741962600000,1,PULLBACK,2915.585,2903.59180693125,4049.9111138062185,2981.6201138625006,11.99319306874986,8.338063051829428,550.6049430202652,5.506049430202652,ladder_lock_5.51R,3445,7.407368453984205,2025-03-12 05:05:00+00:00,2025-03-14 14:30:00+00:00,2025-01-04 00:00:00+00:00
1741759200000,1741759500000,1741962600000,1,PULLBACK,2916.575,2904.7435350075893,4032.040034248639,2982.0005700151787,11.831464992410474,8.45203870054528,552.9794497735269,5.529794497735269,ladder_lock_5.53R,3385,7.424946957655014,2025-03-12 06:05:00+00:00,2025-03-14 14:30:00+00:00,2025-01-04 00:00:00+00:00
1741766400000,1741766700000,1741964700000,1,PULLBACK,2915.0185,2902.5724740626665,4101.175067796028,2980.5744481253328,12.446025937333616,8.03469320275445,526.7219308027335,5.267219308027335,ladder_lock_5.27R,3300,7.183377284456575,2025-03-12 08:05:00+00:00,2025-03-14 15:05:00+00:00,2025-01-04 00:00:00+00:00
1741770000000,1741770300000,1741785600000,1,PULLBACK,2922.7350000000006,2909.9594044867617,4140.018955810599,2909.9094044867616,12.77559551323884,7.827423770295011,-100.39137118851617,-1.0039137118851618,stop,255,0.172986065323487,2025-03-12 09:05:00+00:00,2025-03-12 13:20:00+00:00,2025-01-04 00:00:00+00:00
1741780800000,1741781100000,1741964700000,1,PULLBACK,2915.8450000000003,2902.939004977192,4145.0385072579775,2979.7045099543843,12.905995022808384,7.748337096308573,494.80500993164065,4.948050099316407,ladder_lock_4.95R,3060,6.863322033168171,2025-03-12 12:05:00+00:00,2025-03-14 15:05:00+00:00,2025-01-04 00:00:00+00:00
1741784400000,1741784700000,1741965900000,1,PULLBACK,2918.0899999999997,2904.4533617645357,4217.117185310974,2978.293223529071,13.636638235464034,7.333185663013019,441.48141565055323,4.414814156505532,ladder_lock_4.42R,3020,6.330959178449035,2025-03-12 13:05:00+00:00,2025-03-14 15:25:00+00:00,2025-01-04 00:00:00+00:00
1741791600000,1741791900000,1742162700000,1,PULLBACK,2922.5370000000003,2907.7628833581966,4328.4745475385425,2986.9315000000006,14.77411664180363,6.768594185661713,435.86023828859544,4.358602382885954,timeout,6180,5.542531034870917,2025-03-12 15:05:00+00:00,2025-03-16 22:05:00+00:00,2025-01-04 00:00:00+00:00
1741874400000,1741874700000,1742162700000,1,PULLBACK,2950.975,2936.8746488791808,4289.909760961065,2986.9315000000006,14.100351120819141,7.092021974711693,255.00428813372585,2.5500428813372586,timeout,4800,3.7905439050438963,2025-03-13 14:05:00+00:00,2025-03-16 22:05:00+00:00,2025-01-04 00:00:00+00:00
1741964400000,1741964700000,1742224200000,1,PULLBACK,2986.125,2968.9685396251507,4620.6145771100255,2994.9379999999996,17.156460374849303,5.8287081259836135,51.36840471429153,0.5136840471429153,timeout,4325,0.8551589127036814,2025-03-14 15:05:00+00:00,2025-03-17 15:10:00+00:00,2025-01-04 00:00:00+00:00
1741971600000,1741971900000,1742231400000,1,PULLBACK,2990.42,2973.4951642686256,4604.12873740609,2996.4664999999995,16.924835731374515,5.908476843566901,35.725605234624126,0.35725605234624125,timeout,4325,0.6130930996727108,2025-03-14 17:05:00+00:00,2025-03-17 17:10:00+00:00,2025-01-04 00:00:00+00:00
1742166000000,1742166300000,1742425800000,1,PULLBACK,2989.8855000000003,2974.588754299345,4435.063324364893,3049.0500000000006,15.296745700655265,6.537338199700628,386.77834591618983,3.8677834591618985,timeout,4325,4.027915558363517,2025-03-16 23:05:00+00:00,2025-03-19 23:10:00+00:00,2025-01-04 00:00:00+00:00
1742202000000,1742202300000,1742461800000,1,PULLBACK,2989.0935000000004,2976.3383091613687,4197.507393024524,3042.61,12.755190838631734,7.8399454202699435,419.5664390838743,4.1956643908387425,timeout,4325,5.319246168744712,2025-03-17 09:05:00+00:00,2025-03-20 09:10:00+00:00,2025-01-04 00:00:00+00:00
1742223600000,1742223900000,1742466900000,1,PULLBACK,2999.3575,2984.7266259024295,4389.064035659479,3028.868251804859,14.63087409757054,6.834861631172468,201.70190521808414,2.0170190521808413,ladder_lock_2.02R,4050,3.9357867216943427,2025-03-17 15:05:00+00:00,2025-03-20 10:35:00+00:00,2025-01-04 00:00:00+00:00
1742410800000,1742411100000,1742466000000,1,PULLBACK,3047.55,3031.4856116302576,4572.924448604523,3031.4356116302574,16.064388369742574,6.224949104713563,-100.31124745523681,-1.003112474552368,stop,915,0.584616095169157,2025-03-19 19:05:00+00:00,2025-03-20 10:20:00+00:00,2025-01-04 00:00:00+00:00
1742497200000,1742497500000,1742532900000,1,PULLBACK,3043.777,3028.297021402969,4529.09488110607,3028.247021402969,15.479978597030822,6.459957252084364,-100.32299786260539,-1.003229978626054,stop,590,0.2076553258682547,2025-03-20 19:05:00+00:00,2025-03-21 04:55:00+00:00,2025-01-04 00:00:00+00:00
1742986800000,1742987100000,1743372300000,1,PULLBACK,3023.83,3010.9226599960834,4252.156660387727,3091.7165,12.907340003916488,7.747529697804264,525.9526748299897,5.259526748299898,timeout,6420,4.8484815601828615,2025-03-26 11:05:00+00:00,2025-03-30 22:05:00+00:00,2025-01-04 00:00:00+00:00
1743177600000,1743177900000,1743437400000,1,PULLBACK,3084.3635,3064.8199731800646,4966.322655173604,3113.8015,19.543526819935323,5.116783726977838,150.6278793547741,1.506278793547741,timeout,4325,2.213597392046521,2025-03-28 16:05:00+00:00,2025-03-31 16:10:00+00:00,2025-01-04 00:00:00+00:00
1743386400000,1743386700000,1743523800000,1,PULLBACK,3095.5555,3076.324145703748,4936.409575328985,3110.7767914074952,19.231354296251993,5.19984180310635,79.14830735795755,0.7914830735795755,ladder_lock_0.79R,2285,2.755292174629983,2025-03-31 02:05:00+00:00,2025-04-01 16:10:00+00:00,2025-01-04 00:00:00+00:00
1743498000000,1743498300000,1743523500000,1,PULLBACK,3131.6240000000003,3111.749034666425,5039.145568023932,3111.6990346664247,19.874965333575346,5.031455316858699,-100.25157276584385,-1.0025157276584384,stop,420,0.3479754497139331,2025-04-01 09:05:00+00:00,2025-04-01 16:05:00+00:00,2025-01-04 00:00:00+00:00
1743512400000,1743512700000,1743523200000,1,PULLBACK,3134.02,3115.7006107379157,4888.639536946365,3115.6506107379155,18.319389262084314,5.4586972616478135,-100.27293486308339,-1.002729348630834,stop,175,0.1438366728444318,2025-04-01 13:05:00+00:00,2025-04-01 16:00:00+00:00,2025-01-04 00:00:00+00:00
1743516000000,1743516300000,1743522900000,1,PULLBACK,3134.75,3116.190781399493,4890.112641450198,3116.140781399493,18.559218600506938,5.388157882749899,-100.26940789413847,-1.0026940789413847,stop,110,0.0035023026237903745,2025-04-01 14:05:00+00:00,2025-04-01 15:55:00+00:00,2025-01-04 00:00:00+00:00
1743559200000,1743559500000,1743570600000,1,PULLBACK,3133.7485,3114.3894889383446,4996.9405951039125,3114.3394889383444,19.359011061655565,5.165553120534665,-100.25827765602767,-1.0025827765602768,stop,185,0.07564952545025591,2025-04-02 02:05:00+00:00,2025-04-02 05:10:00+00:00,2025-01-04 00:00:00+00:00
1743606000000,1743606300000,1743661800000,1,PULLBACK,3125.5150000000003,3104.2020083357215,5180.501174763596,3122.999016671442,21.312991664278798,4.691973870923196,-11.804928037274276,-0.11804928037274276,stop,925,1.955614709400759,2025-04-02 15:05:00+00:00,2025-04-03 06:30:00+00:00,2025-01-04 00:00:00+00:00
1743609600000,1743609900000,1743624900000,1,PULLBACK,3126.635,3105.6227934545986,5138.493447994768,3105.5727934545985,21.01220654540157,4.759138445737608,-100.23795692228775,-1.0023795692228774,stop,250,0.34018321610130914,2025-04-02 16:05:00+00:00,2025-04-02 20:15:00+00:00,2025-01-04 00:00:00+00:00
1743627600000,1743631500000,1743662100000,1,PULLBACK,3144.3639999999996,3109.8437170443085,5432.122012613451,3118.079434088617,34.52028295569107,2.8968476338492417,-76.14238256714353,-0.7614238256714353,stop,510,0.6613792832841242,2025-04-02 22:05:00+00:00,2025-04-03 06:35:00+00:00,2025-01-04 00:00:00+00:00
1743634800000,1743635100000,1743662100000,1,PULLBACK,3147.139,3120.9131301125726,5631.1001188553455,3120.8631301125724,26.225869887427507,3.8130289073057315,-100.19065144536597,-1.0019065144536596,stop,450,0.7647410776492217,2025-04-02 23:05:00+00:00,2025-04-03 06:35:00+00:00,2025-01-04 00:00:00+00:00
1743994800000,1743995100000,1744179300000,-1,PULLBACK,3025.0665,3081.3713586193944,-2455.9145033200243,3025.1165,56.30485861939451,1.7760456637671844,-0.08880228318868229,-0.0008880228318868229,breakeven,3070,1.204807216701432,2025-04-07 03:05:00+00:00,2025-04-09 06:15:00+00:00,2025-04-04 00:00:00+00:00
1744005600000,1744005900000,1744179900000,-1,PULLBACK,3031.5835,3083.640672152627,-2063.576543110091,3031.6335000000004,52.05717215262666,1.920964890424888,-0.09604824452159381,-0.0009604824452159381,breakeven,2900,1.428304629802081,2025-04-07 06:05:00+00:00,2025-04-09 06:25:00+00:00,2025-04-04 00:00:00+00:00
1744027200000,1744027500000,1744179900000,-1,PULLBACK,3030.7450000000003,3075.464490878037,-1347.1345969256586,3030.7950000000005,44.719490878036595,2.2361614150020146,-0.11180807075050749,-0.001118080707505075,breakeven,2540,1.6439140642387486,2025-04-07 12:05:00+00:00,2025-04-09 06:25:00+00:00,2025-04-04 00:00:00+00:00
1744034400000,1744034700000,1744094400000,-1,PULLBACK,3014.7865,3060.645308461165,-1452.3855376552901,3014.8365000000003,45.8588084611647,2.1806061551879283,-0.10903030775979307,-0.0010903030775979306,breakeven,995,1.255080581710753,2025-04-07 14:05:00+00:00,2025-04-08 06:40:00+00:00,2025-04-04 00:00:00+00:00
1744038000000,1744038300000,1744182900000,-1,PULLBACK,2998.8599999999997,3047.342429285367,-1734.4004992513414,3047.392429285367,48.48242928536729,2.062602915613007,-100.10313014578102,-1.0010313014578103,stop,2410,0.858661593769697,2025-04-07 15:05:00+00:00,2025-04-09 07:15:00+00:00,2025-04-04 00:00:00+00:00
1744084800000,1744085100000,1744179900000,-1,PULLBACK,2994.115,3030.0365595557073,-492.11939601502127,3030.0865595557075,35.92155955570752,2.7838434978002273,-100.13919217489051,-1.0013919217489051,stop,1580,0.6576830263552911,2025-04-08 04:05:00+00:00,2025-04-09 06:25:00+00:00,2025-04-04 00:00:00+00:00
1744588800000,1744589100000,1744848600000,1,PULLBACK,3224.555,3191.3853145668195,6439.35385788484,3344.2000000000003,33.16968543318035,3.0148009754704472,360.705862710163,3.60705862710163,timeout,4325,3.9947620325471194,2025-04-14 00:05:00+00:00,2025-04-17 00:10:00+00:00,2025-04-04 00:00:00+00:00
1744596000000,1744596300000,1744626300000,1,PULLBACK,3240.3900000000003,3206.6484344989412,6513.804984604789,3206.598434498941,33.741565501059085,2.963703625335973,-100.14818518126735,-1.0014818518126736,stop,500,0.13810858894063854,2025-04-14 02:05:00+00:00,2025-04-14 10:25:00+00:00,2025-04-04 00:00:00+00:00
1744610400000,1744610700000,1744634700000,1,PULLBACK,3235.1699999999996,3203.706026596321,6280.10336696422,3203.6560265963208,31.463973403678665,3.1782381302263727,-100.15891190651189,-1.001589119065119,stop,400,0.06960341505197375,2025-04-14 06:05:00+00:00,2025-04-14 12:45:00+00:00,2025-04-04 00:00:00+00:00
1744682400000,1744682700000,1745186700000,1,PULLBACK,3224.5299999999997,3199.740631751953,5603.1774565566375,3330.8250000000003,24.789368248046685,4.033987433620042,428.7926942566445,4.287926942566445,timeout,8400,5.34624354577665,2025-04-15 02:05:00+00:00,2025-04-20 22:05:00+00:00,2025-04-04 00:00:00+00:00
1744704000000,1744704300000,1745186700000,1,PULLBACK,3226.61,3205.0512809223583,5282.423188686491,3330.8250000000003,21.558719077641854,4.638494506090955,483.4007049522695,4.834007049522695,timeout,8040,6.050916083195642,2025-04-15 08:05:00+00:00,2025-04-20 22:05:00+00:00,2025-04-04 00:00:00+00:00
1744736400000,1744736700000,1745186700000,1,PULLBACK,3222.09,3201.892882578034,5164.604624774616,3330.8250000000003,20.19711742196614,4.95120159529504,538.3689054644068,5.383689054644068,timeout,7500,6.6826367931697055,2025-04-15 17:05:00+00:00,2025-04-20 22:05:00+00:00,2025-04-04 00:00:00+00:00
1744740000000,1744740300000,1745186700000,1,PULLBACK,3228.74,3208.3233909653177,5177.984294433569,3330.8250000000003,20.416609034682097,4.897973009627996,500.00957468787635,5.000095746878763,timeout,7440,6.285078965954653,2025-04-15 18:05:00+00:00,2025-04-20 22:05:00+00:00,2025-04-04 00:00:00+00:00
1744894800000,1744895100000,1744900200000,1,PULLBACK,3329.41,3302.1920498320474,5920.987066627326,3302.142049832047,27.217950167952495,3.6740459653623736,-100.18370229826878,-1.0018370229826878,stop,85,0.07458313309686354,2025-04-17 13:05:00+00:00,2025-04-17 14:30:00+00:00,2025-04-04 00:00:00+00:00
1744920000000,1744920300000,1745186700000,1,PULLBACK,3321.5,3292.616449014379,6118.971547576453,3330.8250000000003,28.883550985620786,3.4621781805770144,32.2848115338816,0.322848115338816,timeout,4440,0.23265837373476841,2025-04-17 20:05:00+00:00,2025-04-20 22:05:00+00:00,2025-04-04 00:00:00+00:00
1744923600000,1745186700000,1745359500000,1,PULLBACK,3333.905,3299.6145597990662,6079.658579892419,3333.855,34.29044020093397,2.9162646910924255,-0.14581323455515174,-0.0014581323455515175,breakeven,2880,4.8313757137328235,2025-04-20 22:05:00+00:00,2025-04-22 22:05:00+00:00,2025-04-04 00:00:00+00:00
1745316000000,1745316300000,1745329500000,1,PULLBACK,3455.705,3417.7458831963236,7132.157563563971,3417.6958831963234,37.95911680367635,2.6344132429950258,-100.13172066215023,-1.0013172066215024,stop,220,0.3107290420112652,2025-04-22 10:05:00+00:00,2025-04-22 13:45:00+00:00,2025-04-04 00:00:00+00:00
1745946000000,1745946300000,1745987400000,1,PULLBACK,3329.488,3300.8708245688326,6096.288367685553,3300.8208245688324,28.617175431167198,3.494404968111884,-100.17472024840623,-1.0017472024840623,stop,685,0.0,2025-04-29 17:05:00+00:00,2025-04-30 04:30:00+00:00,2025-04-04 00:00:00+00:00
1745953200000,1745953500000,1746000900000,1,PULLBACK,3320.7650000000003,3292.897522204759,6006.645301728862,3292.8475222047587,27.867477795241484,3.5884122967553065,-100.17942061483842,-1.0017942061483842,stop,790,0.24096188572709143,2025-04-29 19:05:00+00:00,2025-04-30 08:15:00+00:00,2025-04-04 00:00:00+00:00
1745967600000,1745967900000,1746000900000,1,PULLBACK,3320.2299999999996,3294.506899155924,5748.816983563522,3294.456899155924,25.72310084407536,3.8875561934063003,-100.19437780967102,-1.0019437780967102,stop,550,0.2818478240219568,2025-04-29 23:05:00+00:00,2025-04-30 08:15:00+00:00,2025-04-04 00:00:00+00:00
1746201600000,1746201900000,1746408000000,-1,PULLBACK,3231.015,3261.404984043882,295.9065796556865,3261.454984043882,30.389984043882123,3.2905578316725452,-100.16452789158423,-1.0016452789158423,stop,3435,0.2423495843026907,2025-05-02 16:05:00+00:00,2025-05-05 01:20:00+00:00,2025-04-04 00:00:00+00:00
1746399600000,1746399900000,1746408300000,-1,PULLBACK,3238.718,3265.9724875806246,648.2237295181503,3266.022487580625,27.254487580624755,3.6691205330563657,-100.18345602665349,-1.0018345602665348,stop,140,0.0,2025-05-04 23:05:00+00:00,2025-05-05 01:25:00+00:00,2025-04-04 00:00:00+00:00
1746576000000,1746576300000,1746578700000,1,PULLBACK,3401.945,3365.3935077099977,6906.542736710262,3365.3435077099975,36.55149229000244,2.7358664102300407,-100.136793320512,-1.00136793320512,stop,40,0.0,2025-05-07 00:05:00+00:00,2025-05-07 00:45:00+00:00,2025-04-04 00:00:00+00:00
1746622800000,1746623100000,1746684000000,1,PULLBACK,3391.6250000000005,3358.0236919618787,6653.1544957739825,3357.9736919618786,33.601308038121715,2.9760746184805345,-100.14880373092457,-1.0014880373092456,stop,1015,0.6696167891580932,2025-05-07 13:05:00+00:00,2025-05-08 06:00:00+00:00,2025-04-04 00:00:00+00:00
1746626400000,1746626700000,1746683700000,1,PULLBACK,3395.09,3361.5026425360306,6659.238388932989,3361.4526425360305,33.58735746396951,2.9773107368531138,-100.14886553684319,-1.001488655368432,stop,950,0.5667310987599724,2025-05-07 14:05:00+00:00,2025-05-08 05:55:00+00:00,2025-04-04 00:00:00+00:00
1746669600000,1746669900000,1746681300000,1,PULLBACK,3409.5150000000003,3377.4375753802924,6519.1800373510405,3377.387575380292,32.07742461970793,3.1174572518069725,-100.15587286259091,-1.0015587286259091,stop,190,0.14371477930827706,2025-05-08 02:05:00+00:00,2025-05-08 05:15:00+00:00,2025-04-04 00:00:00+00:00
1747101600000,1747101900000,1747113300000,-1,PULLBACK,3224.725,3254.511886816471,338.3232051694099,3254.561886816471,29.786886816470997,3.357181991395753,-100.16785909957039,-1.001678590995704,stop,190,0.02098238744620819,2025-05-13 02:05:00+00:00,2025-05-13 05:15:00+00:00,2025-04-04 00:00:00+00:00
1747141200000,1747141500000,1747342800000,-1,PULLBACK,3241.1150000000002,3267.3602232706544,716.8378962051997,3241.1650000000004,26.24522327065415,3.8102171571850967,-0.1905108578599479,-0.001905108578599479,breakeven,3355,4.550923372541881,2025-05-13 13:05:00+00:00,2025-05-15 21:00:00+00:00,2025-04-04 00:00:00+00:00
1747144800000,1747145100000,1747151700000,-1,PULLBACK,3226.8700000000003,3254.055564465608,604.4991179048288,3254.105564465608,27.185564465607513,3.6784227940718357,-100.18392113970425,-1.0018392113970425,stop,110,0.02556503841880528,2025-05-13 14:05:00+00:00,2025-05-13 15:55:00+00:00,2025-04-04 00:00:00+00:00
1747188000000,1747188300000,1747340700000,-1,PULLBACK,3237.9150000000004,3261.7787108520056,982.9076256514227,3237.9650000000006,23.86371085200517,4.190463110291894,-0.20952315551535694,-0.0020952315551535693,breakeven,2540,4.870994319403307,2025-05-14 02:05:00+00:00,2025-05-15 20:25:00+00:00,2025-04-04 00:00:00+00:00
1747213200000,1747213500000,1747338600000,-1,PULLBACK,3231.6600000000003,3255.169475273729,991.2219479007986,3231.7100000000005,23.50947527372864,4.253604082424926,-0.21268020412202002,-0.0021268020412202,breakeven,2085,4.67832645005506,2025-05-14 09:05:00+00:00,2025-05-15 19:50:00+00:00,2025-04-04 00:00:00+00:00
1747224000000,1747224300000,1747324800000,-1,PULLBACK,3219.5950000000003,3243.1204362887693,967.0768074118309,3219.6450000000004,23.525436288769015,4.250718191685132,-0.2125359095850298,-0.002125359095850298,breakeven,1675,4.162303253298084,2025-05-14 12:05:00+00:00,2025-05-15 16:00:00+00:00,2025-04-04 00:00:00+00:00
1747393200000,1747393500000,1747605900000,-1,PULLBACK,3175.0899999999997,3207.4211264502082,65.80848142937748,3207.4711264502084,32.33112645020856,3.0929946147717637,-100.15464973073915,-1.0015464973073915,stop,3540,0.6192175218773065,2025-05-16 11:05:00+00:00,2025-05-18 22:05:00+00:00,2025-04-04 00:00:00+00:00
1747836000000,1747836300000,1747905900000,1,PULLBACK,3304.3735,3278.36686046058,5817.030814402542,3304.3235,26.00663953942012,3.845171916518582,-0.19225859582662855,-0.0019225859582662854,breakeven,1160,1.5548337161634596,2025-05-21 14:05:00+00:00,2025-05-22 09:25:00+00:00,2025-04-04 00:00:00+00:00
1747839600000,1747839900000,1747905900000,1,PULLBACK,3305.1055,3279.073620427682,5815.211577659506,3305.0555,26.031879572318303,3.8414437083650954,-0.19207218541895352,-0.001920721854189535,breakeven,1100,1.5252068099692844,2025-05-21 15:05:00+00:00,2025-05-22 09:25:00+00:00,2025-04-04 00:00:00+00:00
1747976400000,1747976700000,1748236200000,1,PULLBACK,3314.4335,3288.608477720312,5799.910705689144,3348.748,25.825022279688255,3.8722135035155967,132.87307026638575,1.3287307026638575,timeout,4325,1.977152214895044,2025-05-23 05:05:00+00:00,2025-05-26 05:10:00+00:00,2025-04-04 00:00:00+00:00
1748224800000,1748225100000,1748325000000,1,PULLBACK,3345.7105,3320.8600555896055,5743.704496629043,3320.8100555896053,24.85044441039463,4.024072903829891,-100.20120364519224,-1.0020120364519223,stop,1665,0.42174296068587824,2025-05-26 02:05:00+00:00,2025-05-27 05:50:00+00:00,2025-04-04 00:00:00+00:00
1748278800000,1748279100000,1748324100000,1,PULLBACK,3343.1705,3324.6790315998155,5071.425871618225,3324.6290315998153,18.491468400184658,5.407899353141765,-100.27039496765808,-1.0027039496765808,stop,750,0.3376692356101549,2025-05-26 17:05:00+00:00,2025-05-27 05:35:00+00:00,2025-04-04 00:00:00+00:00
1748314800000,1748315100000,1748323800000,1,PULLBACK,3343.6904999999997,3326.6993252839134,4962.616796892587,3326.649325283913,16.991174716086334,5.885408258754785,-100.2942704129388,-1.002942704129388,stop,145,0.1762385503084264,2025-05-27 03:05:00+00:00,2025-05-27 05:30:00+00:00,2025-04-04 00:00:00+00:00
1748995200000,1748995500000,1749136800000,1,PULLBACK,3360.6514999999995,3342.648491420195,5076.949349400711,3360.6014999999993,18.003008579804373,5.554627136720869,-0.27773135683705386,-0.0027773135683705386,breakeven,2355,2.3485796728126624,2025-06-04 00:05:00+00:00,2025-06-05 15:20:00+00:00,2025-04-04 00:00:00+00:00
1749002400000,1749002700000,1749013500000,1,PULLBACK,3371.6620000000003,3350.9457017857803,5351.5255232077525,3350.89570178578,20.716298214219933,4.827117227505381,-100.24135586137615,-1.0024135586137615,stop,180,0.02162548517921761,2025-06-04 02:05:00+00:00,2025-06-04 05:05:00+00:00,2025-04-04 00:00:00+00:00
1749027600000,1749027900000,1749135600000,1,PULLBACK,3363.5885,3342.764604411418,5356.804163269575,3363.5384999999997,20.823895588581763,4.802175441891496,-0.24010877209544831,-0.0024010877209544833,breakeven,1795,1.8893919167350068,2025-06-04 09:05:00+00:00,2025-06-05 15:00:00+00:00,2025-04-04 00:00:00+00:00
1749049200000,1749049500000,1749137700000,1,PULLBACK,3378.0715,3352.8194481773476,5817.524630442576,3352.7694481773474,25.252051822652447,3.960074242770824,-100.19800371213925,-1.0019800371213925,stop,1470,0.9845338578664676,2025-06-04 15:05:00+00:00,2025-06-05 15:35:00+00:00,2025-04-04 00:00:00+00:00
1749182400000,1749182700000,1749213900000,1,PULLBACK,3370.3399999999997,3348.2847619215854,5493.958569763034,3348.2347619215852,22.055238078414277,4.534070303139062,-100.22670351515778,-1.002267035151578,stop,520,0.21346402987181146,2025-06-06 04:05:00+00:00,2025-06-06 12:45:00+00:00,2025-04-04 00:00:00+00:00
1749477600000,1749477900000,1749554100000,-1,PULLBACK,3318.7580000000003,3338.8863047140308,1388.255833310957,3338.936304714031,20.12830471403049,4.968128286049581,-100.24840641430337,-1.0024840641430337,stop,1270,0.8020049492170078,2025-06-09 14:05:00+00:00,2025-06-10 11:15:00+00:00,2025-04-04 00:00:00+00:00
1749517200000,1749517500000,1749543600000,-1,PULLBACK,3315.9845000000005,3334.1049669191516,1592.2582750039821,3334.154966919152,18.120466919151113,5.518621592157333,-100.27593107960888,-1.0027593107960888,stop,435,0.7378121137635132,2025-06-10 01:05:00+00:00,2025-06-10 08:20:00+00:00,2025-04-04 00:00:00+00:00
1749574800000,1749575100000,1749612900000,-1,PULLBACK,3320.795,3340.8096497329334,1393.844676439624,3340.8596497329336,20.01464973293332,4.996340247486516,-100.24981701237523,-1.0024981701237523,stop,630,0.2240858600997766,2025-06-10 17:05:00+00:00,2025-06-11 03:35:00+00:00,2025-04-04 00:00:00+00:00
1749589200000,1749593100000,1749613200000,-1,PULLBACK,3322.5229999999997,3342.0515098922924,1493.400520663068,3342.1015098922926,19.528509892292732,5.120718403582178,-100.25603592018004,-1.0025603592018004,stop,335,0.31815023441454726,2025-06-10 22:05:00+00:00,2025-06-11 03:40:00+00:00,2025-04-04 00:00:00+00:00
1749718800000,1749719100000,1750025100000,1,PULLBACK,3357.4384999999997,3331.6035336224995,5856.250171372561,3440.0565,25.834966377500223,3.8707230556758305,319.79139741382727,3.1979139741382725,timeout,5100,3.4398341651179947,2025-06-12 09:05:00+00:00,2025-06-15 22:05:00+00:00,2025-04-04 00:00:00+00:00
1750644000000,1750644300000,1750677600000,-1,PULLBACK,3354.76,3376.584905856195,1250.0943202366666,3376.634905856195,21.82490585619462,4.581921253585465,-100.22909606268011,-1.0022909606268011,stop,555,0.3217196008205374,2025-06-23 02:05:00+00:00,2025-06-23 11:20:00+00:00,2025-04-04 00:00:00+00:00
1750654800000,1750655100000,1750677900000,-1,PULLBACK,3358.0179999999996,3378.8393910955033,1354.250281545179,3378.8893910955035,20.821391095503714,4.802753069730992,-100.24013765348742,-1.0024013765348743,stop,380,0.493699001803002,2025-06-23 05:05:00+00:00,2025-06-23 11:25:00+00:00,2025-04-04 00:00:00+00:00
1750849200000,1750849500000,1750895700000,-1,PULLBACK,3323.965,3340.3175260496755,1763.0649210821239,3340.3675260496757,16.35252604967536,6.11526315238527,-100.30576315762038,-1.0030576315762039,stop,770,0.6983630520024023,2025-06-25 11:05:00+00:00,2025-06-25 23:55:00+00:00,2025-04-04 00:00:00+00:00
1750852800000,1750853100000,1750894500000,-1,PULLBACK,3322.0215000000003,3338.358417046127,1767.666712433405,3338.4084170461274,16.336917046126928,6.121105941693417,-100.30605529708578,-1.0030605529708578,stop,690,0.5800666045645898,2025-06-25 12:05:00+00:00,2025-06-25 23:35:00+00:00,2025-04-04 00:00:00+00:00
1750856400000,1750856700000,1750893000000,-1,PULLBACK,3320.225,3336.9667086856894,1716.795840116733,3337.0167086856895,16.741708685689446,5.9731059641169395,-100.29865529820692,-1.0029865529820692,stop,605,0.4587345380441712,2025-06-25 13:05:00+00:00,2025-06-25 23:10:00+00:00,2025-04-04 00:00:00+00:00
1750942800000,1750943100000,1751234700000,-1,PULLBACK,3321.4865,3340.0838796616567,1545.4959134959815,3273.262,18.59737966165676,5.377101603521893,259.3080362790405,2.593080362790405,timeout,4860,3.4996596931442028,2025-06-26 13:05:00+00:00,2025-06-29 22:05:00+00:00,2025-04-04 00:00:00+00:00
1750971600000,1750975500000,1751235000000,-1,PULLBACK,3327.3045,3344.9048560336255,1666.919252671058,3271.6955,17.600356033625303,5.681703245602021,315.95383578468494,3.1595383578468494,timeout,4325,4.028469643712981,2025-06-26 22:05:00+00:00,2025-06-29 22:10:00+00:00,2025-04-04 00:00:00+00:00
1751256000000,1751256300000,1751310600000,-1,PULLBACK,3278.4764999999998,3300.357479020503,1174.1095769702497,3300.407479020503,21.88097902050322,4.570179419590715,-100.22850897098037,-1.0022850897098037,stop,905,0.14745683897308343,2025-06-30 04:05:00+00:00,2025-06-30 19:10:00+00:00,2025-04-04 00:00:00+00:00
1751284800000,1751285100000,1751302500000,-1,PULLBACK,3277.525,3297.0640720559654,1388.1568664594358,3297.1140720559656,19.539072055965335,5.117950315837528,-100.25589751579281,-1.002558975157928,stop,290,0.0,2025-06-30 12:05:00+00:00,2025-06-30 16:55:00+00:00,2025-04-04 00:00:00+00:00
1751511600000,1751511900000,1751546100000,1,PULLBACK,3351.7905000000005,3336.310145856265,4819.145560229753,3336.260145856265,15.48035414373544,6.459800536311878,-100.32299002681677,-1.0032299002681677,stop,570,0.7379030152628913,2025-07-03 03:05:00+00:00,2025-07-03 12:35:00+00:00,2025-04-04 00:00:00+00:00
1751518800000,1751519100000,1751546100000,1,PULLBACK,3351.4050000000007,3336.5981232127997,4757.935801932794,3336.5481232127995,14.806876787200963,6.753618702793544,-100.33768093514091,-1.003376809351409,stop,450,0.7975010645193513,2025-07-03 05:05:00+00:00,2025-07-03 12:35:00+00:00,2025-04-04 00:00:00+00:00
1751540400000,1751540700000,1751546100000,1,PULLBACK,3353.5049999999997,3337.027888973524,4947.738991621124,3336.977888973524,16.47711102647554,6.069025076017226,-100.30345125380195,-1.0030345125380196,stop,90,0.0,2025-07-03 11:05:00+00:00,2025-07-03 12:35:00+00:00,2025-04-04 00:00:00+00:00
1751983200000,1751983500000,1752081300000,-1,PULLBACK,3314.6615,3330.635040416747,1795.630998742047,3314.7115000000003,15.9735404167468,6.260352895539621,-0.31301764477811983,-0.003130176447781198,breakeven,1630,1.9672845956588534,2025-07-08 14:05:00+00:00,2025-07-09 17:15:00+00:00,2025-07-04 00:00:00+00:00
1752469200000,1752469500000,1752504000000,1,PULLBACK,3360.2950000000005,3343.4528247442313,4974.670350321081,3343.402824744231,16.842175255769234,5.9374753249729615,-100.29687376624973,-1.0029687376624974,stop,575,0.8396480730810079,2025-07-14 05:05:00+00:00,2025-07-14 14:40:00+00:00,2025-07-04 00:00:00+00:00
1752552000000,1752552300000,1752585600000,1,PULLBACK,3358.5399999999995,3344.0527805139554,4736.274729118418,3344.0027805139553,14.487219486044069,6.902635809192558,-100.34513179046088,-1.0034513179046087,stop,555,0.507205679259529,2025-07-15 04:05:00+00:00,2025-07-15 13:20:00+00:00,2025-07-04 00:00:00+00:00
1752717600000,1752717900000,1752738600000,1,PULLBACK,3344.6414999999997,3326.0454570928528,5130.499747807598,3325.9954570928526,18.596042907146966,5.377488130099295,-100.26887440650594,-1.0026887440650594,stop,345,0.0,2025-07-17 02:05:00+00:00,2025-07-17 07:50:00+00:00,2025-07-04 00:00:00+00:00
1752872400000,1753049100000,1753308600000,1,PULLBACK,3351.249,3338.3032456071405,4540.978684893078,3390.3650000000002,12.945754392859271,7.724540182467763,302.1531137774124,3.021531137774124,timeout,4325,6.737305324447518,2025-07-20 22:05:00+00:00,2025-07-23 22:10:00+00:00,2025-07-04 00:00:00+00:00
1753056000000,1753056300000,1753315800000,1,PULLBACK,3349.7349999999997,3337.5147015694224,4503.694544627194,3388.9615000000003,12.220298430577259,8.183106212020407,320.994615825824,3.20994615825824,timeout,4325,7.261156550643188,2025-07-21 00:05:00+00:00,2025-07-24 00:10:00+00:00,2025-07-04 00:00:00+00:00
1753059600000,1753059900000,1753319400000,1,PULLBACK,3352.87,3340.5045443144636,4521.0501128681135,3388.2365,12.36545568553629,8.087045277026764,286.01048678996773,2.860104867899677,timeout,4325,6.922389451455796,2025-07-21 01:05:00+00:00,2025-07-24 01:10:00+00:00,2025-07-04 00:00:00+00:00
1753074000000,1753074300000,1753333800000,1,PULLBACK,3358.4785,3345.804289258783,4556.525363380533,3380.19,12.674210741217394,7.890037655346318,171.3045525540507,1.713045525540507,timeout,4325,6.311241120511538,2025-07-21 05:05:00+00:00,2025-07-24 05:10:00+00:00,2025-07-04 00:00:00+00:00
1753153200000,1753153500000,1753286700000,1,PULLBACK,3392.33,3377.9220728009864,4755.714792702317,3392.2799999999997,14.407927199013557,6.940623631610697,-0.3470311815817973,-0.003470311815817973,breakeven,2220,3.202299634270734,2025-07-22 03:05:00+00:00,2025-07-23 16:05:00+00:00,2025-07-04 00:00:00+00:00
1753174800000,1753175100000,1753286700000,1,PULLBACK,3389.5735,3376.8557229616085,4598.633426800772,3389.5235,12.717777038391432,7.86300936854985,-0.39315046842892276,-0.0039315046842892274,breakeven,1860,3.8446184307524836,2025-07-22 09:05:00+00:00,2025-07-23 16:05:00+00:00,2025-07-04 00:00:00+00:00
1753182000000,1753182300000,1753286700000,1,PULLBACK,3387.565,3375.3607024515904,4548.940457292495,3387.515,12.204297548409613,8.193834967013842,-0.4096917483521826,-0.004096917483521826,breakeven,1740,4.1709487824339195,2025-07-22 11:05:00+00:00,2025-07-23 16:05:00+00:00,2025-07-04 00:00:00+00:00
1753185600000,1753185900000,1753286700000,1,PULLBACK,3391.955,3379.821259419334,4541.195317485895,3391.9049999999997,12.133740580665744,8.241481621862174,-0.41207408109460786,-0.004120740810946079,breakeven,1680,3.833401554184902,2025-07-22 12:05:00+00:00,2025-07-23 16:05:00+00:00,2025-07-04 00:00:00+00:00
1753272000000,1753272300000,1753275900000,1,PULLBACK,3428.9049999999997,3413.3376987246365,4910.567826260963,3413.2876987246364,15.567301275363207,6.423720992556358,-100.32118604962899,-1.0032118604962899,stop,60,0.03629402360794693,2025-07-23 12:05:00+00:00,2025-07-23 13:05:00+00:00,2025-07-04 00:00:00+00:00
1753678800000,1753679100000,1753938600000,-1,PULLBACK,3339.09,3354.8836448288157,1836.0191619472798,3297.9455000000003,15.793644828815559,6.331660682754475,260.51301296159073,2.6051301296159073,timeout,4325,4.46350419830776,2025-07-28 05:05:00+00:00,2025-07-31 05:10:00+00:00,2025-07-04 00:00:00+00:00
1753689600000,1753689900000,1753801800000,-1,PULLBACK,3334.4650000000006,3350.4440144638875,1817.0425680751346,3334.515000000001,15.97901446388687,6.258208240940234,-0.31291041204815007,-0.003129104120481501,breakeven,1865,2.005442830809331,2025-07-28 08:05:00+00:00,2025-07-29 15:10:00+00:00,2025-07-04 00:00:00+00:00
1753707600000,1753707900000,1753776900000,-1,PULLBACK,3327.8950000000004,3343.2159625032355,1867.1197121796695,3327.9450000000006,15.320962503235023,6.527005074184144,-0.32635025371039444,-0.0032635025371039444,breakeven,1150,1.6627545426484345,2025-07-28 13:05:00+00:00,2025-07-29 08:15:00+00:00,2025-07-04 00:00:00+00:00
1753772400000,1753772700000,1753801500000,-1,PULLBACK,3316.4615000000003,3331.6864815541426,1865.3883261399126,3331.7364815541428,15.224981554142232,6.568152456827981,-100.32840762284259,-1.0032840762284259,stop,480,0.2966506057126475,2025-07-29 07:05:00+00:00,2025-07-29 15:05:00+00:00,2025-07-04 00:00:00+00:00
1753797600000,1753797900000,1753801800000,-1,PULLBACK,3316.9515,3333.4152666183904,1753.3886047793296,3333.4652666183906,16.46376661839031,6.073944214460516,-100.30369721072412,-1.0030369721072412,stop,65,0.2661298657565851,2025-07-29 14:05:00+00:00,2025-07-29 15:10:00+00:00,2025-07-04 00:00:00+00:00
1753880400000,1753880700000,1753950000000,-1,PULLBACK,3312.7765,3328.701545802321,1796.5469655702248,3312.8265,15.925045802321165,6.279416790463763,-0.31397083952433036,-0.0031397083952433035,breakeven,1155,2.774340529278728,2025-07-30 13:05:00+00:00,2025-07-31 08:20:00+00:00,2025-07-04 00:00:00+00:00
1753934400000,1753934700000,1753950000000,-1,PULLBACK,3294.4845,3312.5617847128624,1566.5333134265793,3312.6117847128626,18.077284712862365,5.5318042277028425,-100.27659021138615,-1.0027659021138615,stop,255,0.008159411235863705,2025-07-31 04:05:00+00:00,2025-07-31 08:20:00+00:00,2025-07-04 00:00:00+00:00
1754020800000,1754021100000,1754051700000,-1,PULLBACK,3290.9100000000003,3307.5785744304007,1697.0711313903273,3307.628574430401,16.66857443040044,5.999313283661393,-100.29996566418416,-1.0029996566418415,stop,510,0.3067748847600485,2025-08-01 04:05:00+00:00,2025-08-01 12:35:00+00:00,2025-07-04 00:00:00+00:00
1754031600000,1754031900000,1754051700000,-1,PULLBACK,3291.9515,3308.1922068234658,1738.82152447688,3308.242206823466,16.240706823465644,6.157367477104716,-100.30786837385637,-1.0030786837385637,stop,330,0.3789859682158076,2025-08-01 07:05:00+00:00,2025-08-01 12:35:00+00:00,2025-07-04 00:00:00+00:00
1754035200000,1754035500000,1754045700000,-1,PULLBACK,3286.3315,3302.6344420503615,1727.6902370142452,3302.6844420503617,16.302942050361708,6.133862200521122,-100.30669311002717,-1.0030669311002718,stop,170,0.02800108094536531,2025-08-01 08:05:00+00:00,2025-08-01 10:55:00+00:00,2025-07-04 00:00:00+00:00
1754373600000,1754373900000,1754387700000,1,PULLBACK,3374.64,3361.2475900136874,4643.638588644944,3361.197590013687,13.392409986312487,7.466915969732372,-100.37334579848797,-1.0037334579848798,stop,230,0.03867862472321586,2025-08-05 06:05:00+00:00,2025-08-05 09:55:00+00:00,2025-07-04 00:00:00+00:00
1754380800000,1754381100000,1754387700000,1,PULLBACK,3374.2900000000004,3360.2398225118022,4713.107571331611,3360.189822511802,14.050177488198187,7.117347811726764,-100.35586739058763,-1.0035586739058764,stop,110,0.0,2025-08-05 08:05:00+00:00,2025-08-05 09:55:00+00:00,2025-07-04 00:00:00+00:00
1754492400000,1754492700000,1754525100000,1,PULLBACK,3379.9720000000007,3364.805528566789,4826.752671887948,3364.7555285667886,15.166471433211882,6.593491468359459,-100.32967457341917,-1.0032967457341917,stop,540,0.0,2025-08-06 15:05:00+00:00,2025-08-07 00:05:00+00:00,2025-07-04 00:00:00+00:00
1754532000000,1754532300000,1754615700000,1,PULLBACK,3383.11,3368.100960873141,4803.5048735590135,3383.06,15.00903912685908,6.662651696406555,-0.3331325848215397,-0.003331325848215397,breakeven,1390,1.5511652546988652,2025-08-07 02:05:00+00:00,2025-08-08 01:15:00+00:00,2025-07-04 00:00:00+00:00
1754550000000,1754550300000,1754555100000,1,PULLBACK,3388.4,3373.351290183167,4823.2222718665325,3373.3012901831667,15.048709816833252,6.645087932265234,-100.33225439661447,-1.0033225439661448,stop,80,0.566493746225587,2025-08-07 07:05:00+00:00,2025-08-07 08:25:00+00:00,2025-07-04 00:00:00+00:00
1754578800000,1754579100000,1754863500000,1,PULLBACK,3388.535,3368.048671543915,5351.681517152412,3399.3695,20.48632845608472,4.88130414458422,52.88648975449741,0.5288648975449741,timeout,4740,0.8716300745776749,2025-08-07 15:05:00+00:00,2025-08-10 22:05:00+00:00,2025-07-04 00:00:00+00:00
1754625600000,1754625900000,1754676300000,1,PULLBACK,3396.677,3375.1189953323496,5467.719462097391,3375.0689953323495,21.558004667650494,4.638648221004329,-100.23193241105105,-1.0023193241105104,stop,840,0.31000086060971904,2025-08-08 04:05:00+00:00,2025-08-08 18:05:00+00:00,2025-07-04 00:00:00+00:00
1754636400000,1754636700000,1754874600000,1,PULLBACK,3394.507,3373.9148176913895,5337.433048552475,3373.8648176913894,20.592182308610518,4.85621186241079,-100.24281059312142,-1.0024281059312141,stop,3965,0.4646180699361355,2025-08-08 07:05:00+00:00,2025-08-11 01:10:00+00:00,2025-07-04 00:00:00+00:00
1754661600000,1754661900000,1754676000000,1,PULLBACK,3401.0635,3378.492145540196,5546.127591520599,3378.4421455401957,22.571354459804297,4.430394293708994,-100.22151971468627,-1.0022151971468627,stop,235,0.0,2025-08-08 14:05:00+00:00,2025-08-08 18:00:00+00:00,2025-07-04 00:00:00+00:00
1754668800000,1754669100000,1754874600000,1,PULLBACK,3396.0539999999996,3373.0760770219035,5606.268374831535,3373.0260770219033,22.977922978096103,4.3520034467573865,-100.21760017233865,-1.0021760017233865,stop,3425,0.34905243644717987,2025-08-08 16:05:00+00:00,2025-08-11 01:10:00+00:00,2025-07-04 00:00:00+00:00
1754686800000,1754863500000,1754874600000,1,PULLBACK,3399.6085000000003,3374.637764189946,5826.861345195306,3374.587764189946,24.970735810054066,4.004687757728653,-100.20023438788715,-1.0020023438788714,stop,185,0.1788493552601392,2025-08-10 22:05:00+00:00,2025-08-11 01:10:00+00:00,2025-07-04 00:00:00+00:00
1755007200000,1755007500000,1755078900000,-1,PULLBACK,3345.1549999999997,3366.939023524559,1241.5366710686603,3366.9890235245593,21.784023524559416,4.590520198771339,-100.2295260099394,-1.002295260099394,stop,1190,0.6174249667347367,2025-08-12 14:05:00+00:00,2025-08-13 09:55:00+00:00,2025-07-04 00:00:00+00:00
1755018000000,1755018300000,1755131100000,-1,PULLBACK,3349.0429999999997,3372.2008555697726,1104.1152985925091,3372.2508555697727,23.15785556977289,4.3181891215578,-100.21590945607868,-1.0021590945607868,stop,1880,0.24883564812976036,2025-08-12 17:05:00+00:00,2025-08-14 00:25:00+00:00,2025-07-04 00:00:00+00:00
1755021600000,1755021900000,1755094200000,-1,PULLBACK,3348.5349999999994,3370.78550874336,1203.2346344073312,3370.83550874336,22.25050874336057,4.494279261360235,-100.22471396306882,-1.0022471396306882,stop,1205,0.23615190378815346,2025-08-12 18:05:00+00:00,2025-08-13 14:10:00+00:00,2025-07-04 00:00:00+00:00
1755025200000,1755025500000,1755094200000,-1,PULLBACK,3348.551,3369.6571152616916,1309.6455890925163,3369.707115261692,21.106115261691684,4.737963322957086,-100.2368981661487,-1.0023689816614871,stop,1145,0.2497143569364572,2025-08-12 19:05:00+00:00,2025-08-13 14:10:00+00:00,2025-07-04 00:00:00+00:00
1755046800000,1755047100000,1755069900000,-1,PULLBACK,3343.12,3360.852111277777,1634.8409835000482,3360.9021112777773,17.73211127777722,5.63948637776287,-100.28197431888916,-1.0028197431888914,stop,380,0.0,2025-08-13 01:05:00+00:00,2025-08-13 07:25:00+00:00,2025-07-04 00:00:00+00:00
1755108000000,1755108300000,1755130800000,-1,PULLBACK,3353.263,3369.6296741988413,1783.6622543147348,3369.6796741988414,16.366674198841338,6.109976821502282,-100.30549884107623,-1.0030549884107622,stop,375,0.1687881096940172,2025-08-13 18:05:00+00:00,2025-08-14 00:20:00+00:00,2025-07-04 00:00:00+00:00
1755118800000,1755122700000,1755130800000,-1,PULLBACK,3356.1745,3370.2247934456464,1923.2454488810024,3370.2747934456465,14.050293445646275,7.117289072064663,-100.35586445360453,-1.0035586445360452,stop,135,0.0,2025-08-13 22:05:00+00:00,2025-08-14 00:20:00+00:00,2025-07-04 00:00:00+00:00
1755169200000,1755169500000,1755468300000,-1,PULLBACK,3354.635,3371.717402873265,1700.977115546745,3335.734,17.082402873264982,5.853977379055156,110.64602644152322,1.1064602644152322,timeout,4980,1.4164576365230817,2025-08-14 11:05:00+00:00,2025-08-17 22:05:00+00:00,2025-07-04 00:00:00+00:00
1755176400000,1755176700000,1755468300000,-1,PULLBACK,3349.9795,3367.95555145705,1632.050405752035,3335.734,17.97605145705029,5.5629569284960825,79.2471029248909,0.792471029248909,timeout,4860,1.0870574133974034,2025-08-14 13:05:00+00:00,2025-08-17 22:05:00+00:00,2025-07-04 00:00:00+00:00
1755180000000,1755180300000,1755468300000,-1,PULLBACK,3343.6079999999997,3362.0841192101184,1573.1721981983135,3335.734,18.476119210118668,5.412392010614101,42.61717469157433,0.4261717469157433,timeout,4800,0.7127849658377979,2025-08-14 14:05:00+00:00,2025-08-17 22:05:00+00:00,2025-07-04 00:00:00+00:00
1755248400000,1755248700000,1755476700000,-1,PULLBACK,3340.815,3355.034983034911,1991.0366795438206,3340.8650000000002,14.21998303491091,7.032357194413946,-0.35161785972197646,-0.0035161785972197645,breakeven,3800,1.167125161770918,2025-08-15 09:05:00+00:00,2025-08-18 00:25:00+00:00,2025-07-04 00:00:00+00:00
1755255600000,1755255900000,1755489000000,-1,PULLBACK,3337.2514999999994,3351.3026078209177,1996.191825729113,3351.352607820918,14.051107820918332,7.116876567634533,-100.35584382838302,-1.00355843828383,stop,3885,0.9275425230597693,2025-08-15 11:05:00+00:00,2025-08-18 03:50:00+00:00,2025-07-04 00:00:00+00:00
1755266400000,1755266700000,1755489000000,-1,PULLBACK,3334.7200000000003,3350.387948207929,1852.743127415042,3350.4379482079294,15.66794820792893,6.38245663522132,-100.31912283176221,-1.003191228317622,stop,3705,0.6702536835477865,2025-08-15 14:05:00+00:00,2025-08-18 03:50:00+00:00,2025-07-04 00:00:00+00:00
1755277200000,1755277500000,1755491100000,-1,PULLBACK,3337.7565,3352.7501875775583,1901.8814298217362,3352.8001875775585,14.993687577558376,6.669473368891174,-100.33347366844578,-1.0033347366844578,stop,3560,0.9029133046804878,2025-08-15 17:05:00+00:00,2025-08-18 04:25:00+00:00,2025-07-04 00:00:00+00:00
1755525600000,1755525900000,1755692400000,-1,PULLBACK,3336.2519999999995,3351.067098020786,1935.357295942146,3336.3019999999997,14.815098020786536,6.749870966745786,-0.3374935483385171,-0.0033749354833851708,breakeven,2775,1.6289801097595578,2025-08-18 14:05:00+00:00,2025-08-20 12:20:00+00:00,2025-07-04 00:00:00+00:00
1755586800000,1755587100000,1755692100000,-1,PULLBACK,3335.574,3347.3427216782925,2219.0705538490283,3335.6240000000003,11.768721678292422,8.497099577471651,-0.4248549788751282,-0.004248549788751282,breakeven,1750,1.9930371913938656,2025-08-19 07:05:00+00:00,2025-08-20 12:15:00+00:00,2025-07-04 00:00:00+00:00
1755612000000,1755612300000,1755691500000,-1,PULLBACK,3333.5510000000004,3346.303349849044,2122.4683649446256,3333.6010000000006,12.75234984904364,7.841692016275689,-0.39208460081521085,-0.003920846008152109,breakeven,1320,1.6806706413883141,2025-08-19 14:05:00+00:00,2025-08-20 12:05:00+00:00,2025-07-04 00:00:00+00:00
1755615600000,1755615900000,1755693300000,-1,PULLBACK,3324.9679999999994,3339.103682002684,1973.735481734296,3339.153682002684,14.135682002684462,7.074296095583455,-100.35371480478047,-1.0035371480478046,stop,1290,0.9090116768019503,2025-08-19 15:05:00+00:00,2025-08-20 12:35:00+00:00,2025-07-04 00:00:00+00:00
1755849600000,1755849900000,1755871500000,-1,PULLBACK,3327.018,3338.417436230643,2250.173813166341,3338.467436230643,11.399436230643005,8.772363648229236,-100.43861818241305,-1.0043861818241304,stop,360,0.44383773878218435,2025-08-22 08:05:00+00:00,2025-08-22 14:05:00+00:00,2025-07-04 00:00:00+00:00
1756130400000,1756130700000,1756163700000,1,PULLBACK,3371.32,3358.7988675993092,4567.412107668399,3358.748867599309,12.52113240069093,7.986498089779953,-100.39932490449046,-1.0039932490449046,stop,550,0.3653822876074183,2025-08-25 14:05:00+00:00,2025-08-25 23:15:00+00:00,2025-07-04 00:00:00+00:00
1756170000000,1756170300000,1756192800000,1,PULLBACK,3384.007,3367.8370661093563,4915.630455173697,3367.787066109356,16.169933890643733,6.184317182512547,-100.30921585912675,-1.0030921585912675,stop,375,0.00822514185275811,2025-08-26 01:05:00+00:00,2025-08-26 07:20:00+00:00,2025-07-04 00:00:00+00:00
1756195200000,1756195500000,1756268700000,1,PULLBACK,3377.4429999999998,3361.217811023074,4925.936708715657,3377.3929999999996,16.225188976925892,6.163256412126333,-0.3081628206074377,-0.003081628206074377,breakeven,1220,0.9948728500454499,2025-08-26 08:05:00+00:00,2025-08-27 04:25:00+00:00,2025-07-04 00:00:00+00:00
1756209600000,1756209900000,1756469400000,1,PULLBACK,3378.135,3361.909395658841,4929.96982977478,3409.2364999999995,16.225604341159396,6.163098637030768,191.68161225960816,1.9168161225960816,timeout,4325,2.7513613090364566,2025-08-26 12:05:00+00:00,2025-08-29 12:10:00+00:00,2025-07-04 00:00:00+00:00
1756216800000,1756217100000,1756269300000,1,PULLBACK,3376.36,3360.0534023793066,4938.213164448658,3376.31,16.306597620693537,6.132487127363537,-0.30662435636929236,-0.0030662435636929237,breakeven,870,1.0563209076883637,2025-08-26 14:05:00+00:00,2025-08-27 04:35:00+00:00,2025-07-04 00:00:00+00:00
1756220400000,1756220700000,1756480200000,1,PULLBACK,3379.982,3363.4620879236413,4961.753295559464,3440.1349999999998,16.51991207635865,6.0533009823404695,364.124213990725,3.6412421399072503,timeout,4325,3.6911818730115753,2025-08-26 15:05:00+00:00,2025-08-29 15:10:00+00:00,2025-07-04 00:00:00+00:00
1756306800000,1756307100000,1756677900000,1,PULLBACK,3387.1349999999998,3373.0048056441897,4727.024241225224,3444.4715,14.13019435581009,7.077043491541342,405.7729041527626,4.057729041527626,timeout,6180,4.682985834005306,2025-08-27 15:05:00+00:00,2025-08-31 22:05:00+00:00,2025-07-04 00:00:00+00:00
1756350000000,1756350300000,1756677900000,1,PULLBACK,3392.107,3379.375318696577,4589.193449038881,3444.4715,12.731681303423102,7.85442217856282,411.2928901693538,4.112928901693539,timeout,5460,4.8068671011695665,2025-08-28 03:05:00+00:00,2025-08-31 22:05:00+00:00,2025-07-04 00:00:00+00:00
1756357200000,1756357500000,1756677900000,1,PULLBACK,3390.925,3378.9887110189875,4518.117609120263,3444.4715,11.936288981012694,8.377813251595374,448.602577276551,4.48602577276551,timeout,5340,5.226205573543965,2025-08-28 05:05:00+00:00,2025-08-31 22:05:00+00:00,2025-07-04 00:00:00+00:00
1756364400000,1756364700000,1756386600000,1,PULLBACK,3396.0905,3384.254220215351,4509.18219868023,3396.0404999999996,11.836279784648923,8.448600558572053,-0.42243002793013945,-0.004224300279301395,breakeven,365,1.0273075849195865,2025-08-28 07:05:00+00:00,2025-08-28 13:10:00+00:00,2025-07-04 00:00:00+00:00
1756389600000,1756389900000,1756677900000,1,PULLBACK,3407.9745,3393.3996460384737,4795.085042191134,3444.4715,14.57485396152606,6.861132211957306,250.41074233980785,2.5041074233980787,timeout,4800,3.110288454324509,2025-08-28 14:05:00+00:00,2025-08-31 22:05:00+00:00,2025-07-04 00:00:00+00:00
1756447200000,1756447500000,1756707000000,1,PULLBACK,3411.1800000000003,3399.6077439865094,4481.333345335595,3479.855,11.572256013490914,8.64135738817221,593.4452186327242,5.934452186327242,timeout,4325,6.4098564630375625,2025-08-29 06:05:00+00:00,2025-09-01 06:10:00+00:00,2025-07-04 00:00:00+00:00
1756454400000,1756454700000,1756714200000,1,PULLBACK,3412.97,3401.53050884551,4486.329624294469,3474.7,11.439491154489588,8.741647565394866,539.6219042118252,5.396219042118251,timeout,4325,6.6711883395310965,2025-08-29 08:05:00+00:00,2025-09-01 08:10:00+00:00,2025-07-04 00:00:00+00:00
1756472400000,1756472700000,1756732200000,1,PULLBACK,3417.14,3405.1861930859836,4545.5668844876245,3477.005,11.95380691401624,8.365535826310415,500.80280224207496,5.008028022420749,timeout,4325,6.035315821891647,2025-08-29 13:05:00+00:00,2025-09-01 13:10:00+00:00,2025-07-04 00:00:00+00:00
1756814400000,1756814700000,1757074200000,1,PULLBACK,3490.445,3471.086858490737,5345.90100941701,3552.49,19.358141509263078,5.165785153091733,320.5111398235746,3.2051113982357458,timeout,4325,4.519028851924626,2025-09-02 12:05:00+00:00,2025-09-05 12:10:00+00:00,2025-07-04 00:00:00+00:00
1756821600000,1756821900000,1757081400000,1,PULLBACK,3489.9675,3468.183735127217,5566.960222405489,3592.5885,21.783764872783195,4.5905747047858005,471.089366779822,4.71089366779822,timeout,4325,4.899864675520752,2025-09-02 14:05:00+00:00,2025-09-05 14:10:00+00:00,2025-07-04 00:00:00+00:00
1756947600000,1756947900000,1756951800000,1,PULLBACK,3562.3450000000003,3542.631157989402,5438.515359049251,3542.5811579894016,19.713842010598455,5.072577935150262,-100.25362889675844,-1.0025362889675844,stop,65,0.02569260724151098,2025-09-04 01:05:00+00:00,2025-09-04 02:10:00+00:00,2025-07-04 00:00:00+00:00
1756990800000,1756991100000,1757282700000,1,PULLBACK,3548.915,3526.2615486243494,5738.60668618942,3590.9450000000006,22.653451375650548,4.414338386754026,185.5346423952746,1.855346423952746,timeout,4860,2.239393863600318,2025-09-04 13:05:00+00:00,2025-09-07 22:05:00+00:00,2025-07-04 00:00:00+00:00
1757001600000,1757001900000,1757282700000,1,PULLBACK,3553.4384999999997,3529.690159740414,5851.824185699032,3590.9450000000006,23.748340259585802,4.210820583962111,157.93314223237857,1.5793314223237858,timeout,4680,1.9456728131284626,2025-09-04 16:05:00+00:00,2025-09-07 22:05:00+00:00,2025-07-04 00:00:00+00:00
1757012400000,1757012700000,1757282700000,1,PULLBACK,3546.885,3524.4666929481377,5717.297398134404,3590.9450000000006,22.418307051862485,4.460640126333363,196.53580396624977,1.9653580396624977,timeout,4500,2.353433730653472,2025-09-04 19:05:00+00:00,2025-09-07 22:05:00+00:00,2025-07-04 00:00:00+00:00
1757016000000,1757016300000,1757282700000,1,PULLBACK,3550.391,3528.669143451842,5641.754798267655,3590.9450000000006,21.72185654815803,4.603658061100666,186.6967490098789,1.8669674900987892,timeout,4440,2.2674857414145175,2025-09-04 20:05:00+00:00,2025-09-07 22:05:00+00:00,2025-07-04 00:00:00+00:00
1757030400000,1757030700000,1757290200000,1,PULLBACK,3553.305,3532.2127023191315,5581.942470406003,3588.525,21.09229768086834,4.7410671664616455,166.98038560278036,1.6698038560278037,timeout,4325,2.1970105249383334,2025-09-05 00:05:00+00:00,2025-09-08 00:10:00+00:00,2025-07-04 00:00:00+00:00
1757073600000,1757073900000,1757333400000,1,PULLBACK,3553.9120000000007,3536.825852705116,5185.590582193514,3616.453,17.08614729488454,5.852694482502748,366.03336563019997,3.6603336563019995,timeout,4325,3.9749159847365227,2025-09-05 12:05:00+00:00,2025-09-08 12:10:00+00:00,2025-07-04 00:00:00+00:00
1757077200000,1757077500000,1757337000000,1,PULLBACK,3581.385,3559.7216846547503,5635.053219179687,3628.058,21.663315345249885,4.616098616776449,215.44717074080614,2.1544717074080615,timeout,4325,2.1820298161502265,2025-09-05 13:05:00+00:00,2025-09-08 13:10:00+00:00,2025-07-04 00:00:00+00:00
1757311200000,1757311500000,1757571000000,1,PULLBACK,3591.8849999999993,3571.250561147908,5580.194446357162,3631.6564999999996,20.634438852091534,4.846266996490862,192.74330785093773,1.9274330785093772,timeout,4325,3.94025738149691,2025-09-08 06:05:00+00:00,2025-09-11 06:10:00+00:00,2025-07-04 00:00:00+00:00
1757433600000,1757433900000,1757455500000,1,PULLBACK,3646.2785,3619.8542119652975,6200.783015435501,3619.8042119652973,26.424288034702386,3.7843971375377223,-100.18921985687757,-1.0018921985687756,stop,360,0.0985078574901094,2025-09-09 16:05:00+00:00,2025-09-09 22:05:00+00:00,2025-07-04 00:00:00+00:00
1757480400000,1757480700000,1757581500000,1,PULLBACK,3643.6549999999997,3622.164661254602,5709.04853579442,3622.1146612546017,21.49033874539782,4.6532537799766,-100.23266268899967,-1.0023266268899966,stop,1680,0.6207207879799806,2025-09-10 05:05:00+00:00,2025-09-11 09:05:00+00:00,2025-07-04 00:00:00+00:00
1757512800000,1757513100000,1757561700000,1,PULLBACK,3651.8599999999997,3631.55855796276,5613.702761686751,3631.50855796276,20.301442037239667,4.925758466643226,-100.24628792333306,-1.0024628792333306,stop,810,0.15072820907930243,2025-09-10 14:05:00+00:00,2025-09-11 03:35:00+00:00,2025-07-04 00:00:00+00:00
1757527200000,1757527500000,1757568900000,1,PULLBACK,3647.945,3628.374479799417,5534.426499857754,3628.3244797994166,19.57052020058336,5.1097262093737905,-100.25548631046962,-1.002554863104696,stop,690,0.06921124150594048,2025-09-10 18:05:00+00:00,2025-09-11 05:35:00+00:00,2025-07-04 00:00:00+00:00
1757671200000,1757671500000,1757898300000,1,PULLBACK,3647.0750000000003,3630.417772932898,5233.640479643088,3630.367772932898,16.657227067102212,6.003400181624382,-100.30017000908231,-1.0030017000908231,stop,3780,0.412733762486649,2025-09-12 10:05:00+00:00,2025-09-15 01:05:00+00:00,2025-07-04 00:00:00+00:00
1757685600000,1757685900000,1757894700000,1,PULLBACK,3651.307,3634.595664325711,5233.529231754645,3634.5456643257107,16.711335674288875,5.983962140970838,-100.29919810704963,-1.0029919810704964,stop,3480,0.158156119385861,2025-09-12 14:05:00+00:00,2025-09-15 00:05:00+00:00,2025-07-04 00:00:00+00:00
1757696400000,1757696700000,1757896800000,1,PULLBACK,3649.9149999999995,3633.7268558759424,5188.041268281698,3633.6768558759422,16.18814412405709,6.177360371495006,-100.30886801857586,-1.0030886801857586,stop,3335,0.02223849733741798,2025-09-12 17:05:00+00:00,2025-09-15 00:40:00+00:00,2025-07-04 00:00:00+00:00
1757941200000,1757941500000,1758135300000,1,PULLBACK,3651.0750000000003,3634.964651816366,5185.999470179813,3651.025,16.110348183634414,6.207190487762661,-0.3103595243892621,-0.003103595243892621,breakeven,3230,3.4531531761996823,2025-09-15 13:05:00+00:00,2025-09-17 18:55:00+00:00,2025-07-04 00:00:00+00:00
1758042000000,1758042300000,1758091500000,1,PULLBACK,3690.473,3671.766758740346,5487.890884705701,3671.716758740346,18.70624125965378,5.345809380513187,-100.26729046902663,-1.0026729046902663,stop,820,0.236124400337263,2025-09-16 17:05:00+00:00,2025-09-17 06:45:00+00:00,2025-07-04 00:00:00+00:00
1758121200000,1758121500000,1758132300000,1,PULLBACK,3684.8669999999997,3667.5659723834415,5350.968734039309,3667.5159723834413,17.301027616558258,5.7800034897518575,-100.28900017448863,-1.0028900017448863,stop,180,0.18319721060768346,2025-09-17 15:05:00+00:00,2025-09-17 18:05:00+00:00,2025-07-04 00:00:00+00:00
1758132000000,1758132300000,1758132300000,1,PULLBACK,3688.534,3671.024266518375,5261.097614680894,3670.974266518375,17.509733481625062,5.711109201344571,-100.28555546006827,-1.0028555546006828,stop,0,0.0,2025-09-17 18:05:00+00:00,2025-09-17 18:05:00+00:00,2025-07-04 00:00:00+00:00
1758657600000,1758657900000,1758729600000,1,PULLBACK,3764.9,3739.5948911886126,6221.105772327355,3739.5448911886124,25.305108811387527,3.95177119155477,-100.19758855957846,-1.0019758855957845,stop,1195,0.5460557432490285,2025-09-23 20:05:00+00:00,2025-09-24 16:00:00+00:00,2025-07-04 00:00:00+00:00
1758668400000,1758668700000,1758728700000,1,PULLBACK,3766.2875000000004,3742.6524265860994,6029.559767976142,3742.602426586099,23.635073413900955,4.231000185562574,-100.2115500092789,-1.002115500092789,stop,1000,0.5259344780663339,2025-09-23 23:05:00+00:00,2025-09-24 15:45:00+00:00,2025-07-04 00:00:00+00:00
1758675600000,1758675900000,1758728700000,1,PULLBACK,3765.895,3743.4957938420957,5917.41640963249,3743.4457938420956,22.399206157904246,4.46444393140745,-100.22322219657117,-1.0022322219657118,stop,880,0.5724756453243713,2025-09-24 01:05:00+00:00,2025-09-24 15:45:00+00:00,2025-07-04 00:00:00+00:00
1758690000000,1758690300000,1758728100000,1,PULLBACK,3768.9100000000003,3746.549119401398,5925.137179261614,3746.499119401398,22.360880598602307,4.472095790639417,-100.22360478953279,-1.0022360478953278,stop,630,0.43862315514589345,2025-09-24 05:05:00+00:00,2025-09-24 15:35:00+00:00,2025-07-04 00:00:00+00:00
1758888000000,1758888300000,1759147800000,1,PULLBACK,3749.2985,3728.083945621954,5794.53938342652,3825.82,21.214554378045705,4.7137450175944755,360.70283936385704,3.6070283936385703,timeout,4325,3.846250953281481,2025-09-26 12:05:00+00:00,2025-09-29 12:10:00+00:00,2025-07-04 00:00:00+00:00
1758891600000,1758891900000,1759151400000,1,PULLBACK,3752.635,3731.3404137918146,5804.29903461034,3813.218,21.294586208185592,4.696029264074651,284.49954090543287,2.8449954090543286,timeout,4325,3.675112502064811,2025-09-26 13:05:00+00:00,2025-09-29 13:10:00+00:00,2025-07-04 00:00:00+00:00
1759100400000,1759100700000,1759360200000,1,PULLBACK,3771.2990000000004,3747.956002569562,5994.855745613379,3863.5715000000005,23.342997430438572,4.283939982343612,395.2898520208011,3.952898520208011,timeout,4325,5.29162976469037,2025-09-28 23:05:00+00:00,2025-10-01 23:10:00+00:00,2025-07-04 00:00:00+00:00
1759107600000,1759107900000,1759367400000,1,PULLBACK,3787.815,3763.565966501306,6119.969316370725,3857.473,24.24903349869419,4.123875700257703,287.2609335285507,2.872609335285507,timeout,4325,4.412815051196257,2025-09-29 01:05:00+00:00,2025-10-02 01:10:00+00:00,2025-07-04 00:00:00+00:00
1759244400000,1759244700000,1759342200000,1,PULLBACK,3854.6499999999996,3821.235578821127,7104.677696708398,3854.5999999999995,33.414421178872544,2.9927198039638214,-0.14963599019873544,-0.0014963599019873544,breakeven,1625,1.2022204360493378,2025-09-30 15:05:00+00:00,2025-10-01 18:10:00+00:00,2025-07-04 00:00:00+00:00
1759327200000,1759327500000,1759416000000,1,PULLBACK,3873.5799999999995,3846.7397080018545,6478.768907816407,3846.6897080018543,26.84029199814495,3.725741881158053,-100.18628709405857,-1.0018628709405857,stop,1475,0.8656761260870953,2025-10-01 14:05:00+00:00,2025-10-02 14:40:00+00:00,2025-07-04 00:00:00+00:00
1759330800000,1759331100000,1759416000000,1,PULLBACK,3873.6450000000004,3845.4688002874364,6606.088771543802,3845.418800287436,28.176199712564085,3.5490946621665547,-100.17745473310897,-1.0017745473310897,stop,1415,0.8223252332239771,2025-10-01 15:05:00+00:00,2025-10-02 14:40:00+00:00,2025-07-04 00:00:00+00:00
1759338000000,1759338300000,1759416300000,1,PULLBACK,3871.46,3843.0668124927392,6625.885563218881,3843.016812492739,28.39318750726079,3.5219715988008637,-100.17609857994069,-1.0017609857994068,stop,1300,0.8929958988759596,2025-10-01 17:05:00+00:00,2025-10-02 14:45:00+00:00,2025-07-04 00:00:00+00:00
1759377600000,1759377900000,1759414800000,1,PULLBACK,3867.3605000000002,3843.7464042247375,6131.455981751003,3867.3105,23.61409577526274,4.234758804728671,-0.21173794023720383,-0.0021173794023720384,breakeven,615,1.247327032138799,2025-10-02 04:05:00+00:00,2025-10-02 14:20:00+00:00,2025-07-04 00:00:00+00:00
1759384800000,1759385100000,1759414800000,1,PULLBACK,3868.7969999999996,3846.4966878264318,5994.327905183272,3868.7469999999994,22.300312173567818,4.484242158660376,-0.22421210793383445,-0.0022421210793383446,breakeven,495,1.2563949680134856,2025-10-02 06:05:00+00:00,2025-10-02 14:20:00+00:00,2025-07-04 00:00:00+00:00
1759392000000,1759392300000,1759414800000,1,PULLBACK,3869.1114999999995,3846.549322666668,6048.7670559998605,3869.0614999999993,22.56217733333142,4.432196348898854,-0.22160981744574892,-0.0022160981744574894,breakeven,375,1.2278735155172176,2025-10-02 08:05:00+00:00,2025-10-02 14:20:00+00:00,2025-07-04 00:00:00+00:00
1759395600000,1759395900000,1759416000000,1,PULLBACK,3875.242,3852.1936924761912,6097.824444857009,3852.143692476191,23.048307523808944,4.33871336959123,-100.21693566848035,-1.0021693566848036,stop,335,0.9359906352219102,2025-10-02 09:05:00+00:00,2025-10-02 14:40:00+00:00,2025-07-04 00:00:00+00:00
1759496400000,1759496700000,1759756200000,1,PULLBACK,3874.4700000000003,3851.947385782984,6050.858807484583,3934.985,22.522614217016326,4.439981923787862,268.68550611802186,2.6868550611802187,timeout,4325,3.309784525087645,2025-10-03 13:05:00+00:00,2025-10-06 13:10:00+00:00,2025-07-04 00:00:00+00:00
1759834800000,1759835100000,1759967100000,1,PULLBACK,3960.8085,3935.9232957472786,6361.093721019424,4009.5580914945567,24.88520425272145,4.018452048231189,195.8978957917348,1.9589789579173482,ladder_lock_1.96R,2200,3.9363148883653483,2025-10-07 11:05:00+00:00,2025-10-08 23:45:00+00:00,2025-10-04 00:00:00+00:00
1759856400000,1759856700000,1759967700000,1,PULLBACK,3977.3650000000002,3948.1567158092644,6807.985134882824,4000.8649316185288,29.208284190735867,3.4236862167931617,80.45639197793795,0.8045639197793796,ladder_lock_0.81R,1850,2.7868634620385495,2025-10-07 17:05:00+00:00,2025-10-08 23:55:00+00:00,2025-10-04 00:00:00+00:00
1759986000000,1759986300000,1760020200000,1,PULLBACK,4039.5049999999997,4006.7559089742404,7234.1650115501925,4006.70590897424,32.7490910257593,3.0535198647603217,-100.15267599323857,-1.0015267599323858,stop,565,0.5469770133745306,2025-10-09 05:05:00+00:00,2025-10-09 14:30:00+00:00,2025-10-04 00:00:00+00:00
1759996800000,1759997100000,1760027700000,1,PULLBACK,4032.2184999999995,4001.0797831692444,7057.951466244815,4001.029783169244,31.13871683075513,3.2114361212608435,-100.16057180606363,-1.0016057180606364,stop,510,0.8092658453771464,2025-10-09 08:05:00+00:00,2025-10-09 16:35:00+00:00,2025-10-04 00:00:00+00:00
1760428800000,1760429100000,1760665500000,1,PULLBACK,4127.1395,4083.159967898181,8413.513178080066,4286.2814357963625,43.97953210181913,2.273784990901795,361.8545450368257,3.618545450368257,ladder_lock_3.62R,3940,5.724753947293265,2025-10-14 08:05:00+00:00,2025-10-17 01:45:00+00:00,2025-10-04 00:00:00+00:00
1760450400000,1760450700000,1760665500000,1,PULLBACK,4124.793500000001,4079.5273876746396,8532.288620210704,4283.833275349279,45.266112325361064,2.209158128739353,351.344012505738,3.51344012505738,ladder_lock_3.51R,3580,5.613868453589857,2025-10-14 14:05:00+00:00,2025-10-17 01:45:00+00:00,2025-10-04 00:00:00+00:00
1760598000000,1760598300000,1760665500000,1,PULLBACK,4223.17,4187.026166980106,7770.409468969638,4301.220833960209,36.14383301989437,2.766723715909095,215.94509336419398,2.15945093364194,ladder_lock_2.16R,1120,4.308937016012566,2025-10-16 07:05:00+00:00,2025-10-17 01:45:00+00:00,2025-10-04 00:00:00+00:00
1760691600000,1760691900000,1760702400000,1,PULLBACK,4348.416499999999,4289.525088252983,10112.666262954683,4289.4750882529825,58.89141174701672,1.6980404618176899,-100.08490202309119,-1.000849020230912,stop,175,0.0,2025-10-17 09:05:00+00:00,2025-10-17 12:00:00+00:00,2025-10-04 00:00:00+00:00
1760961600000,1760961900000,1761033900000,1,PULLBACK,4279.975,4227.33826572534,9419.511693191369,4274.2580314506795,52.63673427466074,1.8998139109124002,-10.861176378248494,-0.10861176378248494,stop,1200,1.9186505658390811,2025-10-20 12:05:00+00:00,2025-10-21 08:05:00+00:00,2025-10-04 00:00:00+00:00
1761030000000,1761030300000,1761032400000,1,PULLBACK,4343.840000000001,4296.0912412307725,9016.467118153494,4296.041241230772,47.748758769228516,2.0942952775653003,-100.10471476387865,-1.0010471476387865,stop,35,0.0,2025-10-21 07:05:00+00:00,2025-10-21 07:40:00+00:00,2025-10-04 00:00:00+00:00
1761184800000,1761185100000,1761225600000,-1,PULLBACK,4072.2445,4140.264592130471,-2566.0446209166603,4140.314592130471,68.02009213047131,1.4701538452518867,-100.07350769226287,-1.0007350769226286,stop,675,0.0,2025-10-23 02:05:00+00:00,2025-10-23 13:20:00+00:00,2025-10-04 00:00:00+00:00
1761282000000,1761282300000,1761315300000,-1,PULLBACK,4111.2029999999995,4154.381073108554,-116.72623774684052,4131.934146217108,43.1780731085546,2.3159903349227418,-48.01313427069296,-0.4801313427069296,stop,550,1.547672121263795,2025-10-24 05:05:00+00:00,2025-10-24 14:15:00+00:00,2025-10-04 00:00:00+00:00
1761285600000,1761285900000,1761315300000,-1,PULLBACK,4103.7565,4146.326782172228,-37.70143505064061,4130.192564344457,42.57028217222796,2.3490565459591455,-62.099809997743904,-0.620998099977439,stop,490,1.3948462864251001,2025-10-24 06:05:00+00:00,2025-10-24 14:15:00+00:00,2025-10-04 00:00:00+00:00
1761670800000,1761671100000,1761725100000,-1,PULLBACK,3958.0449999999996,4006.0088793497634,-732.3790556265812,4006.0588793497636,47.96387934976383,2.0849022505201593,-100.10424511252639,-1.0010424511252638,stop,900,0.8600221783395562,2025-10-28 17:05:00+00:00,2025-10-29 08:05:00+00:00,2025-10-04 00:00:00+00:00
1761678000000,1761678300000,1761724800000,-1,PULLBACK,3955.9995,4002.148054133214,-557.5073591882283,4002.198054133214,46.14855413321402,2.166915126123703,-100.10834575630658,-1.0010834575630658,stop,775,0.8495282406211634,2025-10-28 19:05:00+00:00,2025-10-29 08:00:00+00:00,2025-10-04 00:00:00+00:00
1761685200000,1761689100000,1761722100000,-1,PULLBACK,3952.315,3994.86418188017,-257.554006136781,3994.91418188017,42.549181880169726,2.3502214515340785,-100.11751107257713,-1.0011751107257714,stop,550,0.8347986595849042,2025-10-28 22:05:00+00:00,2025-10-29 07:15:00+00:00,2025-10-04 00:00:00+00:00
1761692400000,1761692700000,1761698700000,-1,PULLBACK,3932.601,3980.088883174443,-618.7994342698662,3980.138883174443,47.487883174442686,2.105800328741935,-100.1052900164375,-1.0010529001643749,stop,100,0.0,2025-10-28 23:05:00+00:00,2025-10-29 00:45:00+00:00,2025-10-04 00:00:00+00:00
1761714000000,1761714300000,1761722100000,-1,PULLBACK,3951.435,3996.40402057741,-439.4980371635902,3996.45402057741,44.96902057740999,2.223753124172658,-100.11118765620904,-1.0011118765620903,stop,130,0.0,2025-10-29 05:05:00+00:00,2025-10-29 07:15:00+00:00,2025-10-04 00:00:00+00:00
1761764400000,1761764700000,1761816000000,-1,PULLBACK,3968.4565,4013.9352194468574,-432.23672523887944,4009.408438893715,45.47871944685767,2.1988306006911866,-90.0463763971364,-0.900463763971364,stop,855,1.1459535500092242,2025-10-29 19:05:00+00:00,2025-10-30 09:20:00+00:00,2025-10-04 00:00:00+00:00
1762250400000,1762250700000,1762412400000,-1,PULLBACK,3990.7000000000003,4021.976581056576,950.8184753990358,3992.348162113151,31.27658105657565,3.1972804130704624,-5.269636441941388,-0.052696364419413874,stop,2695,1.9605723492948128,2025-11-04 10:05:00+00:00,2025-11-06 07:00:00+00:00,2025-10-04 00:00:00+00:00
1762261200000,1762261500000,1762361400000,-1,PULLBACK,3984.1549999999997,4013.880424045662,1101.8380194794681,3989.1658480913243,29.725424045662294,3.364123581429365,-16.857112226985183,-0.16857112226985183,stop,1665,1.8426986917279224,2025-11-04 13:05:00+00:00,2025-11-05 16:50:00+00:00,2025-10-04 00:00:00+00:00
1762264800000,1762265100000,1762412400000,-1,PULLBACK,3975.15,4006.2608937566856,957.6715180880833,3991.896787513372,31.110893756685527,3.21430817070341,-53.82933593726564,-0.5382933593726564,stop,2455,1.4711888497309502,2025-11-04 14:05:00+00:00,2025-11-06 07:00:00+00:00,2025-10-04 00:00:00+00:00
1762938000000,1762938300000,1763045100000,1,PULLBACK,4131.875000000001,4105.0501742593,6740.032748329318,4189.9103485186,26.82482574070127,3.727890013774447,216.34939618840397,2.16349396188404,ladder_lock_2.17R,1780,4.208415036549917,2025-11-12 09:05:00+00:00,2025-11-13 14:45:00+00:00,2025-10-04 00:00:00+00:00
1762945200000,1762945500000,1763045100000,1,PULLBACK,4128.4800000000005,4101.735364539906,6710.698910549273,4190.430729079812,26.744635460094287,3.7390676028921823,231.63796407787544,2.3163796407787545,ladder_lock_2.32R,1660,4.347974762023135,2025-11-12 11:05:00+00:00,2025-11-13 14:45:00+00:00,2025-10-04 00:00:00+00:00
1762959600000,1762959900000,1763045100000,1,PULLBACK,4137.16,4111.033855623289,6671.64829329442,4191.397711246577,26.126144376710727,3.827583533111822,207.5993704410736,2.075993704410736,ladder_lock_2.08R,1420,4.118671260804959,2025-11-12 15:05:00+00:00,2025-11-13 14:45:00+00:00,2025-10-04 00:00:00+00:00
1763089200000,1763089500000,1763105100000,1,PULLBACK,4207.925,4167.611348952794,8129.476453673287,4167.561348952794,40.313651047205894,2.4805493276434687,-100.12402746638263,-1.0012402746638263,stop,260,0.06561052971615802,2025-11-14 03:05:00+00:00,2025-11-14 07:25:00+00:00,2025-10-04 00:00:00+00:00
1763470800000,1763471100000,1763474700000,-1,PULLBACK,4031.8549999999996,4071.487403532291,173.24705030321957,4071.537403532291,39.63240353229139,2.5231878737438356,-100.12615939368764,-1.0012615939368765,stop,60,0.0,2025-11-18 13:05:00+00:00,2025-11-18 14:05:00+00:00,2025-10-04 00:00:00+00:00
1763658000000,1763658300000,1763744100000,-1,PULLBACK,4048.4049999999997,4095.5262509408726,-533.0988431464102,4095.576250940873,47.12125094087287,2.122184746866731,-100.10610923734372,-1.001061092373437,stop,1430,0.534896665447758,2025-11-20 17:05:00+00:00,2025-11-21 16:55:00+00:00,2025-10-04 00:00:00+00:00
1763665200000,1763665500000,1763939100000,-1,PULLBACK,4059.89,4106.184323515345,-449.2480280191003,4069.424,46.294323515344786,2.1600920459903437,-20.594317566472164,-0.20594317566472164,timeout,4560,0.7925377716738583,2025-11-20 19:05:00+00:00,2025-11-23 23:05:00+00:00,2025-10-04 00:00:00+00:00
1763690400000,1763690700000,1763950200000,-1,PULLBACK,4068.038,4107.885113032035,182.87380982852437,4048.655,39.847113032035395,2.5095920981679205,48.64342363878833,0.4864342363878833,timeout,4325,1.1252509049765371,2025-11-21 02:05:00+00:00,2025-11-24 02:10:00+00:00,2025-10-04 00:00:00+00:00
1763694000000,1763694300000,1763744100000,-1,PULLBACK,4056.555,4097.119390672604,117.18032341220442,4097.169390672604,40.56439067260408,2.4652163718445026,-100.12326081859268,-1.0012326081859269,stop,830,0.8222729208287343,2025-11-21 03:05:00+00:00,2025-11-21 16:55:00+00:00,2025-10-04 00:00:00+00:00
1763708400000,1763708700000,1763732700000,-1,PULLBACK,4031.867,4073.1493252290775,39.21680232131757,4073.1993252290777,41.28232522907729,2.4223441738103646,-100.12111720869095,-1.0012111720869095,stop,400,0.2099445695441533,2025-11-21 07:05:00+00:00,2025-11-21 13:45:00+00:00,2025-10-04 00:00:00+00:00
1763946000000,1763946300000,1764009600000,-1,PULLBACK,4066.8165000000004,4108.534187479644,8.76543951528356,4108.584187479644,41.7176874796437,2.397064795329208,-100.1198532397669,-1.0011985323976689,stop,1055,0.622913243038235,2025-11-24 01:05:00+00:00,2025-11-24 18:40:00+00:00,2025-10-04 00:00:00+00:00
1763949600000,1763949900000,1763991300000,-1,PULLBACK,4043.41,4086.6487812310975,-156.22934187866167,4086.6987812310977,43.23878123109762,2.3127386376949803,-100.11563693188516,-1.0011563693188517,stop,690,0.05966865685252881,2025-11-24 02:05:00+00:00,2025-11-24 13:35:00+00:00,2025-10-04 00:00:00+00:00
1764064800000,1764065100000,1764324600000,1,PULLBACK,4129.04,4095.537480835626,7389.7893972729835,4167.712,33.50251916437401,2.984850169307216,115.43012574745009,1.1543012574745009,timeout,4325,1.9004541027979065,2025-11-25 10:05:00+00:00,2025-11-28 10:10:00+00:00,2025-10-04 00:00:00+00:00
1764090000000,1764090300000,1764349800000,1,PULLBACK,4137.115000000001,4100.489203980426,7695.068805937803,4210.799999999999,36.62579601957441,2.7303160850498833,201.18334072689677,2.0118334072689676,timeout,4325,2.0007756271245225,2025-11-25 17:05:00+00:00,2025-11-28 17:10:00+00:00,2025-10-04 00:00:00+00:00
1764115200000,1764115500000,1764543900000,1,PULLBACK,4134.675,4102.6166343127325,7229.453203039468,4223.670999999999,32.058365687267724,3.119310602901879,277.60616641585307,2.7760616641585307,timeout,7140,2.8608757194514345,2025-11-26 00:05:00+00:00,2025-11-30 23:05:00+00:00,2025-10-04 00:00:00+00:00
1764172800000,1764173100000,1764543900000,1,PULLBACK,4166.17,4133.817781523782,7294.039629145602,4223.670999999999,32.352218476217786,3.0909781372028724,177.7343338673002,1.777343338673002,timeout,6180,1.8613870342235495,2025-11-26 16:05:00+00:00,2025-11-30 23:05:00+00:00,2025-10-04 00:00:00+00:00
1764244800000,1764245100000,1764318600000,1,PULLBACK,4158.06,4135.562743532121,6321.288390320023,4148.635487064242,22.497256467879197,4.4449864428036605,-41.89183222947508,-0.4189183222947508,stop,1225,1.5401878024314524,2025-11-27 12:05:00+00:00,2025-11-28 08:30:00+00:00,2025-10-04 00:00:00+00:00
1764266400000,1764266700000,1764318600000,1,PULLBACK,4158.615000000001,4138.925848481969,6044.34100028503,4154.241696963938,19.689151518031395,5.078939024285513,-22.21173945488506,-0.2221173945488506,stop,865,1.7316642603301124,2025-11-27 18:05:00+00:00,2025-11-28 08:30:00+00:00,2025-10-04 00:00:00+00:00
1764270000000,1764270300000,1764318600000,1,PULLBACK,4159.920000000001,4140.994002161829,5969.093785978953,4155.788004323657,18.925997838172407,5.2837372621012895,-21.83237952193836,-0.2183237952193836,stop,805,1.732537448242963,2025-11-27 19:05:00+00:00,2025-11-28 08:30:00+00:00,2025-10-04 00:00:00+00:00
1764338400000,1764338700000,1764598200000,1,PULLBACK,4183.4,4159.085565417822,6520.029023635596,4247.424999999999,24.314434582177455,4.112783279496874,263.32094946978583,2.633209494697858,timeout,4325,3.31737099324221,2025-11-28 14:05:00+00:00,2025-12-01 14:10:00+00:00,2025-10-04 00:00:00+00:00
1764770400000,1764770700000,1764773700000,1,PULLBACK,4237.905000000001,4210.248225238602,6918.925701378414,4210.1982252386015,27.656774761398992,3.615750602256472,-100.18078753011348,-1.0018078753011348,stop,50,0.11226905620004766,2025-12-03 14:05:00+00:00,2025-12-03 14:55:00+00:00,2025-10-04 00:00:00+00:00
1764777600000,1764777900000,1764826800000,1,PULLBACK,4216.950000000001,4184.877474823081,7337.629992515065,4184.827474823081,32.07252517691995,3.1179334788382067,-100.15589667394248,-1.0015589667394247,stop,815,0.24017441587489208,2025-12-03 16:05:00+00:00,2025-12-04 05:40:00+00:00,2025-10-04 00:00:00+00:00
1765173600000,1765173900000,1765206300000,1,PULLBACK,4217.875000000001,4193.306699542092,6586.136745332885,4193.256699542092,24.568300457908663,4.070285617490057,-100.20351428087524,-1.0020351428087524,stop,540,0.019537370963934503,2025-12-08 06:05:00+00:00,2025-12-08 15:05:00+00:00,2025-10-04 00:00:00+00:00
1765342800000,1765343100000,1765395900000,1,PULLBACK,4207.6565,4187.0645443187595,6193.110112442815,4187.014544318759,20.591955681240506,4.856265308064017,-100.24281326540408,-1.0024281326540407,stop,880,0.5634967450212163,2025-12-10 05:05:00+00:00,2025-12-10 19:45:00+00:00,2025-10-04 00:00:00+00:00
1765346400000,1765346700000,1765361400000,1,PULLBACK,4212.097000000001,4191.066719724562,6234.894747268331,4191.016719724562,21.0302802754386,4.755048372645354,-100.23775241863314,-1.0023775241863313,stop,245,0.0,2025-12-10 06:05:00+00:00,2025-12-10 10:10:00+00:00,2025-10-04 00:00:00+00:00
1765443600000,1765443900000,1765553400000,1,PULLBACK,4217.3005,4192.3406540742435,6629.775246649909,4300.532808148487,24.95984592575678,4.006434987517577,333.46483145794053,3.3346483145794052,ladder_lock_3.34R,1825,5.43070259340514,2025-12-11 09:05:00+00:00,2025-12-12 15:30:00+00:00,2025-10-04 00:00:00+00:00
1765447200000,1765447500000,1765553400000,1,PULLBACK,4219.080000000001,4194.254535926084,6616.3009433177685,4300.840571852166,24.82546407391692,4.028122080709292,329.34156480912617,3.2934156480912615,ladder_lock_3.30R,1765,5.388418907364801,2025-12-11 10:05:00+00:00,2025-12-12 15:30:00+00:00,2025-10-04 00:00:00+00:00
1765458000000,1765458300000,1765553400000,1,PULLBACK,4221.12,4196.42253659971,6604.168876628686,4301.126573199421,24.697463400289962,4.048998813328576,323.9465199429412,3.239465199429412,ladder_lock_3.24R,1585,5.333746136797752,2025-12-11 13:05:00+00:00,2025-12-12 15:30:00+00:00,2025-10-04 00:00:00+00:00
1765461600000,1765461900000,1765553400000,1,PULLBACK,4221.755,4196.098069699731,6691.791099726634,4299.367639399462,25.65693030026887,3.8975824009215967,302.5016574124166,3.025016574124166,ladder_lock_3.03R,1525,5.109535648488177,2025-12-11 14:05:00+00:00,2025-12-12 15:30:00+00:00,2025-10-04 00:00:00+00:00
1765573200000,1765573500000,1765833000000,1,PULLBACK,4299.950000000001,4261.581819493291,8040.399870164243,4301.849999999999,38.368180506709905,2.606326353748044,4.952020072117965,0.04952020072117965,timeout,4325,1.297429258895746,2025-12-12 21:05:00+00:00,2025-12-15 21:10:00+00:00,2025-10-04 00:00:00+00:00
1765756800000,1765757100000,1765863300000,1,PULLBACK,4303.320000000001,4267.154385175338,7798.715867641618,4278.398770350675,36.16561482466295,2.765057375211703,-68.90862984121357,-0.6890862984121356,stop,1770,1.2832631278357223,2025-12-15 00:05:00+00:00,2025-12-16 05:35:00+00:00,2025-10-04 00:00:00+00:00
1765908000000,1765908300000,1766107800000,1,PULLBACK,4304.0650000000005,4272.359145314965,7403.944613818533,4309.748290629928,31.705854685035774,3.1539916205822087,17.925051024125654,0.17925051024125654,ladder_lock_0.18R,3325,2.207636434826485,2025-12-16 18:05:00+00:00,2025-12-19 01:30:00+00:00,2025-10-04 00:00:00+00:00
1765911600000,1765911900000,1766107800000,1,PULLBACK,4311.950000000001,4280.153849221038,7406.768927117215,4309.847698442077,31.79615077896233,3.1450347777997143,-6.611811513093392,-0.06611811513093392,stop,3265,1.9533811004913637,2025-12-16 19:05:00+00:00,2025-12-19 01:30:00+00:00,2025-10-04 00:00:00+00:00
1765929600000,1765929900000,1766107800000,1,PULLBACK,4308.91,4279.625987937372,7132.027194200176,4315.331975874744,29.28401206262788,3.4148326324322045,21.929972781768235,0.21929972781768237,ladder_lock_0.22R,2965,2.224763460029569,2025-12-17 00:05:00+00:00,2025-12-19 01:30:00+00:00,2025-10-04 00:00:00+00:00
1765962000000,1765962300000,1766107500000,1,PULLBACK,4319.875000000001,4292.008326118726,7017.175714246161,4317.876652237452,27.866673881275347,3.5885158173539224,-7.17110255448163,-0.0717110255448163,stop,2420,1.944437295633172,2025-12-17 09:05:00+00:00,2025-12-19 01:25:00+00:00,2025-10-04 00:00:00+00:00
1765969200000,1765969500000,1766107500000,1,PULLBACK,4318.3550000000005,4291.064219969718,6962.142222997956,4318.958439939435,27.290780030282804,3.664241179220107,2.2111494752630554,0.022111494752630554,ladder_lock_0.02R,2300,2.0411655488845244,2025-12-17 11:05:00+00:00,2025-12-19 01:25:00+00:00,2025-10-04 00:00:00+00:00
1765976400000,1765976700000,1766078100000,1,PULLBACK,4318.3150000000005,4292.704985586135,6784.206426972734,4322.549971172268,25.61001441386543,3.904722519244634,16.53638730470378,0.1653638730470378,ladder_lock_0.17R,1690,2.1766875683528815,2025-12-17 13:05:00+00:00,2025-12-18 17:15:00+00:00,2025-10-04 00:00:00+00:00
1765980000000,1765980300000,1766063400000,1,PULLBACK,4342.7015,4314.864486615696,7043.065825046108,4314.814486615695,27.837013384304555,3.5923394014813157,-100.17961697007472,-1.0017961697007471,stop,1385,0.21656418081831366,2025-12-17 14:05:00+00:00,2025-12-18 13:10:00+00:00,2025-10-04 00:00:00+00:00
1765990800000,1765991100000,1766107800000,1,PULLBACK,4334.215,4303.167746572407,7349.893089331737,4311.445493144814,31.047253427593205,3.220896825325139,-73.33823234408949,-0.7333823234408949,stop,1945,1.2833663400507807,2025-12-17 17:05:00+00:00,2025-12-19 01:30:00+00:00,2025-10-04 00:00:00+00:00
1766026800000,1766027100000,1766106300000,1,PULLBACK,4333.985,4307.184750730936,6918.709677637364,4320.149501461871,26.800249269063897,3.7313085783658044,-51.62451438128596,-0.5162451438128596,stop,1320,1.4953219127800894,2025-12-18 03:05:00+00:00,2025-12-19 01:05:00+00:00,2025-10-04 00:00:00+00:00
1766037600000,1766037900000,1766069400000,1,PULLBACK,4333.895,4310.117215873129,6630.395628560242,4310.067215873129,23.777784126871666,4.205606353663055,-100.21028031768392,-1.0021028031768393,stop,525,0.36231298736806294,2025-12-18 06:05:00+00:00,2025-12-18 14:50:00+00:00,2025-10-04 00:00:00+00:00
1766041200000,1766041500000,1766069100000,1,PULLBACK,4334.635000000001,4311.673129025048,6544.360226520228,4311.623129025048,22.961870974952944,4.355045810904568,-100.21775229054603,-1.0021775229054604,stop,460,0.3429598576086951,2025-12-18 07:05:00+00:00,2025-12-18 14:45:00+00:00,2025-10-04 00:00:00+00:00
1766073600000,1766073900000,1766106300000,1,PULLBACK,4338.952,4312.29244732186,6914.697715135926,4320.331894643718,26.659552678140244,3.751000671590261,-69.8440276964944,-0.6984402769649439,stop,540,1.3169013157818814,2025-12-18 16:05:00+00:00,2025-12-19 01:05:00+00:00,2025-10-04 00:00:00+00:00
1766152800000,1766153100000,1766412600000,1,PULLBACK,4328.975000000001,4306.004461443266,6541.058317116591,4423.339999999999,22.970538556734937,4.353402500903929,410.8088269977904,4.1080882699779036,timeout,4325,4.254362594008302,2025-12-19 14:05:00+00:00,2025-12-22 14:10:00+00:00,2025-10-04 00:00:00+00:00
1766156400000,1766156700000,1766416200000,1,PULLBACK,4333.4835,4309.548214197319,6645.576794465387,4420.4815,23.935285802681392,4.177932146889064,363.4717409150531,3.634717409150531,timeout,4325,3.9901967658685833,2025-12-19 15:05:00+00:00,2025-12-22 15:10:00+00:00,2025-10-04 00:00:00+00:00
1766361600000,1766361900000,1766500500000,1,PULLBACK,4356.150000000001,4332.584383915657,6607.645992349939,4450.270267831314,23.565616084343674,4.243470641382347,399.39659330122373,3.9939659330122375,ladder_lock_4.00R,2310,5.977564918983234,2025-12-22 00:05:00+00:00,2025-12-23 14:35:00+00:00,2025-10-04 00:00:00+00:00
1766548800000,1766549100000,1766591100000,1,PULLBACK,4494.076,4455.721804890379,8204.041315852495,4455.671804890379,38.35419510962129,2.6072767193832895,-100.13036383596963,-1.0013036383596963,stop,700,0.17475272211667353,2025-12-24 04:05:00+00:00,2025-12-24 15:45:00+00:00,2025-10-04 00:00:00+00:00
1766559600000,1766559900000,1766590800000,1,PULLBACK,4494.607000000001,4458.633774177902,7973.256356387727,4458.583774177901,35.973225822099266,2.779845224182466,-100.13899226120964,-1.0013899226120964,stop,515,0.12545441496732718,2025-12-24 07:05:00+00:00,2025-12-24 15:40:00+00:00,2025-10-04 00:00:00+00:00
1766570400000,1766570700000,1766588100000,1,PULLBACK,4495.710000000001,4461.332608552789,7815.071753274,4461.282608552789,34.377391447212176,2.908888539537792,-100.14544442697742,-1.0014544442697741,stop,290,0.09919309919820801,2025-12-24 10:05:00+00:00,2025-12-24 14:55:00+00:00,2025-10-04 00:00:00+00:00
1766577600000,1766577900000,1766590800000,1,PULLBACK,4492.513000000001,4459.134545129699,7710.680032159718,4459.084545129699,33.37845487030154,2.995944551315194,-100.14979722756631,-1.0014979722756632,stop,215,0.083197380189997,2025-12-24 12:05:00+00:00,2025-12-24 15:40:00+00:00,2025-10-04 00:00:00+00:00
1766757600000,1766757900000,1766967900000,1,PULLBACK,4526.080000000001,4494.901393889703,7528.462004919413,4494.851393889703,31.17860611029755,3.207327474686958,-100.16036637373493,-1.0016036637373493,stop,3500,0.7467620559313467,2025-12-26 14:05:00+00:00,2025-12-29 00:25:00+00:00,2025-10-04 00:00:00+00:00
1766775600000,1766775900000,1766967900000,1,PULLBACK,4531.772000000001,4496.3435329782415,7978.340235154146,4496.293532978241,35.42846702175939,2.8225889632363206,-100.14112944816233,-1.0014112944816234,stop,3200,0.45035818202914624,2025-12-26 19:05:00+00:00,2025-12-29 00:25:00+00:00,2025-10-04 00:00:00+00:00
1767150000000,1767150300000,1767324900000,-1,PULLBACK,4348.053,4393.055863807492,-17.53051694167607,4374.126727614983,45.00286380749185,2.2220808086296167,-57.93792974268979,-0.5793792974268979,stop,2910,1.6148527860554165,2025-12-31 03:05:00+00:00,2026-01-02 03:35:00+00:00,2025-10-04 00:00:00+00:00
1767200400000,1767200700000,1767324900000,-1,PULLBACK,4322.056,4373.023497040956,-615.826207054607,4373.073497040956,50.967497040956005,1.9620347438219872,-100.09810173719146,-1.0009810173719145,stop,2070,0.3275715106547783,2025-12-31 17:05:00+00:00,2026-01-02 03:35:00+00:00,2025-10-04 00:00:00+00:00
1767664800000,1767665100000,1767851100000,1,PULLBACK,4451.660500000001,4417.157123203058,7775.444802897211,4417.107123203058,34.503376796942575,2.898267047556378,-100.14491335237834,-1.0014491335237834,stop,3100,1.3966603988821662,2026-01-06 02:05:00+00:00,2026-01-08 05:45:00+00:00,2026-01-04 00:00:00+00:00
1767697200000,1767697500000,1767850500000,1,PULLBACK,4452.679,4418.920775572241,7715.643218348165,4418.870775572241,33.75822442775916,2.9622411040602796,-100.14811205520355,-1.0014811205520355,stop,2550,1.3973187511962828,2026-01-06 11:05:00+00:00,2026-01-08 05:35:00+00:00,2026-01-04 00:00:00+00:00
1767924000000,1767924300000,1768177800000,1,PULLBACK,4469.740000000001,4438.080725542356,7538.008171306743,4564.717823372935,31.659274457644642,3.1586320821655276,300.0,3.0,target,4225,2.978068879188521,2026-01-09 02:05:00+00:00,2026-01-12 00:30:00+00:00,2026-01-04 00:00:00+00:00
1767938400000,1767938700000,1768177200000,1,PULLBACK,4469.32,4439.914222100563,7264.492012044269,4557.537333698309,29.405777899436544,3.4006922157266293,300.0,3.0,target,3975,2.862294624132809,2026-01-09 06:05:00+00:00,2026-01-12 00:20:00+00:00,2026-01-04 00:00:00+00:00
1767967200000,1767967500000,1768178100000,1,PULLBACK,4483.461499999999,4454.145439280466,7298.751511233879,4571.409682158599,29.316060719533198,3.41109949787252,300.0,3.0,target,3510,2.7885226730183374,2026-01-09 14:05:00+00:00,2026-01-12 00:35:00+00:00,2026-01-04 00:00:00+00:00
1768309200000,1768309500000,1768569000000,1,PULLBACK,4593.905000000001,4562.8429653335525,7611.546431978312,4596.539999999999,31.0620346664482,3.219364123239984,8.483024464732205,0.08483024464732206,timeout,4325,1.5609086951528959,2026-01-13 13:05:00+00:00,2026-01-16 13:10:00+00:00,2026-01-04 00:00:00+00:00
1768312800000,1768313100000,1768336500000,1,PULLBACK,4612.495,4578.957039238298,7841.253115408428,4578.907039238298,33.53796076170147,2.9816958970920666,-100.14908479485514,-1.0014908479485514,stop,390,0.6371287792906174,2026-01-13 14:05:00+00:00,2026-01-13 20:35:00+00:00,2026-01-04 00:00:00+00:00
1768417200000,1768417500000,1768440300000,1,PULLBACK,4635.845,4599.935037230945,8134.4313141365,4599.885037230945,35.9099627690548,2.7847425140238355,-100.1392371257017,-1.001392371257017,stop,380,0.18226139754286205,2026-01-14 19:05:00+00:00,2026-01-15 01:25:00+00:00,2026-01-04 00:00:00+00:00
1768474800000,1768475100000,1768485000000,1,PULLBACK,4620.540000000001,4586.834209754545,7892.9132343001,4586.7842097545445,33.70579024545623,2.9668492941945095,-100.14834246471025,-1.0014834246471025,stop,165,0.056711324258478836,2026-01-15 11:05:00+00:00,2026-01-15 13:50:00+00:00,2026-01-04 00:00:00+00:00
1768500000000,1768500300000,1768577400000,1,PULLBACK,4617.367000000001,4581.5462021189305,8081.5759902259415,4581.49620211893,35.820797881070575,2.7916742762685582,-100.13958371381393,-1.0013958371381393,stop,1285,0.10122610925745283,2026-01-15 18:05:00+00:00,2026-01-16 15:30:00+00:00,2026-01-04 00:00:00+00:00
1768514400000,1768518300000,1768569600000,1,PULLBACK,4617.674,4583.808958694783,7763.913089216538,4583.758958694782,33.865041305217346,2.952897623798076,-100.14764488119043,-1.0014764488119043,stop,855,0.06044581435918765,2026-01-15 23:05:00+00:00,2026-01-16 13:20:00+00:00,2026-01-04 00:00:00+00:00
1768874400000,1768874700000,1768928400000,1,PULLBACK,4670.365000000001,4642.864731967626,7338.391535205012,4752.865804097126,27.50026803237506,3.636328194411547,300.0,3.0,target,895,2.91511704197291,2026-01-20 02:05:00+00:00,2026-01-20 17:00:00+00:00,2026-01-04 00:00:00+00:00
1769022000000,1769022300000,1769024400000,1,PULLBACK,4851.045,4798.198587084087,10017.839878675448,4798.148587084087,52.84641291591288,1.8922760218203654,-100.09461380109136,-1.0009461380109135,stop,35,0.047174441223971936,2026-01-21 19:05:00+00:00,2026-01-21 19:40:00+00:00,2026-01-04 00:00:00+00:00
1769090400000,1769090700000,1769130300000,1,PULLBACK,4822.865000000001,4775.253810106335,9486.872799472821,4965.698569680999,47.61118989366605,2.100346582879742,299.99999999999994,2.9999999999999996,target,660,2.9955142965030666,2026-01-22 14:05:00+00:00,2026-01-23 01:05:00+00:00,2026-01-04 00:00:00+00:00
1769094000000,1769094300000,1769185200000,1,PULLBACK,4835.7615000000005,4787.634966527311,9553.138313796191,4980.141100418069,48.126533472689516,2.077855868358922,300.0,3.0,target,1515,2.9207069335206977,2026-01-22 15:05:00+00:00,2026-01-23 16:20:00+00:00,2026-01-04 00:00:00+00:00
1769097600000,1769097900000,1769382300000,1,PULLBACK,4872.595,4821.023826061075,9916.991219953607,5011.6759999999995,51.57117393892531,1.9390677458385561,269.68748115897074,2.696874811589707,timeout,4740,2.2643463602029845,2026-01-22 16:05:00+00:00,2026-01-25 23:05:00+00:00,2026-01-04 00:00:00+00:00
1769162400000,1769162700000,1769390400000,1,PULLBACK,4919.485500000001,4872.696464234178,9479.400040816374,5059.852607297468,46.78903576582252,2.1372528491609977,300.0,3.0,target,3795,2.97109136199692,2026-01-23 10:05:00+00:00,2026-01-26 01:20:00+00:00,2026-01-04 00:00:00+00:00
1769166000000,1769166300000,1769391000000,1,PULLBACK,4930.8185,4884.831323931737,9402.198930758059,5068.780028204791,45.98717606826358,2.174519258402811,300.0,3.0,target,3745,2.9999667688925182,2026-01-23 11:05:00+00:00,2026-01-26 01:30:00+00:00,2026-01-04 00:00:00+00:00
1769173200000,1769173500000,1769391300000,1,PULLBACK,4940.267,4894.79798339012,9373.849644378122,5076.674049829639,45.46901660987987,2.199299818995232,300.0,3.0,target,3630,2.9623029051992322,2026-01-23 13:05:00+00:00,2026-01-26 01:35:00+00:00,2026-01-04 00:00:00+00:00
1769482800000,1769483100000,1769586900000,1,PULLBACK,5073.185,5000.680973043073,12191.083668735628,5290.697080870782,72.50402695692719,1.3792337363469132,300.0,3.0,target,1730,2.9674903454371973,2026-01-27 03:05:00+00:00,2026-01-28 07:55:00+00:00,2026-01-04 00:00:00+00:00
1769493600000,1769493900000,1769585700000,1,PULLBACK,5083.8,5016.896138037769,11637.282334260959,5284.511585886695,66.90386196223153,1.4946820268230832,300.0,3.0,target,1530,2.988168308024709,2026-01-27 06:05:00+00:00,2026-01-28 07:35:00+00:00,2026-01-04 00:00:00+00:00
1769529600000,1769529900000,1769579100000,1,PULLBACK,5091.495000000001,5033.502096913521,10790.792405561404,5265.47370925944,57.9929030864796,1.7243489233653124,300.0,3.0,target,820,2.9376008258451405,2026-01-27 16:05:00+00:00,2026-01-28 05:45:00+00:00,2026-01-04 00:00:00+00:00
1769540400000,1769540700000,1769577000000,1,PULLBACK,5088.795000000001,5034.548345087101,10395.213836376974,5251.534964738702,54.24665491290034,1.8434316394358743,300.0,3.0,target,605,2.943591641851176,2026-01-27 19:05:00+00:00,2026-01-28 05:10:00+00:00,2026-01-04 00:00:00+00:00
1769731200000,1769731500000,1769738700000,1,PULLBACK,5439.615000000001,5282.244430132792,20908.301416853614,5282.194430132792,157.37056986720836,0.635442828251696,-100.0317721414127,-1.000317721414127,stop,120,0.06719807908761569,2026-01-30 00:05:00+00:00,2026-01-30 02:05:00+00:00,2026-01-04 00:00:00+00:00
1770040800000,1770041100000,1770104100000,-1,PULLBACK,4704.993,4906.2,-15093.8,4906.25,201.20699999999943,0.4970006013707291,-100.02485003006863,-1.0002485003006862,stop,1050,0.5281004140015055,2026-02-02 14:05:00+00:00,2026-02-03 07:35:00+00:00,2026-01-04 00:00:00+00:00
1770278400000,1770278700000,1770591900000,-1,PULLBACK,4914.275,5035.390106395922,-6939.27053319629,4991.084,121.11510639592234,0.825660836007545,-63.41818315290369,-0.6341818315290368,timeout,5220,2.127216064673118,2026-02-05 08:05:00+00:00,2026-02-08 23:05:00+00:00,2026-01-04 00:00:00+00:00
1770282000000,1770282300000,1770591900000,-1,PULLBACK,4910.73,5029.467063081927,-6700.239245110826,4991.084,118.73706308192777,0.842197014179142,-67.673898877351,-0.6767389887735099,timeout,5160,2.139963659238206,2026-02-05 09:05:00+00:00,2026-02-08 23:05:00+00:00,2026-01-04 00:00:00+00:00
1770314400000,1770314700000,1770591900000,-1,PULLBACK,4868.254999999999,4986.528916905948,-6757.362773688803,4991.084,118.27391690594868,0.8454949545597608,-103.85129977362139,-1.038512997736214,timeout,4620,1.7892195129402702,2026-02-05 18:05:00+00:00,2026-02-08 23:05:00+00:00,2026-01-04 00:00:00+00:00
1770354000000,1770354300000,1770385200000,-1,PULLBACK,4813.0684999999985,4935.649819508093,-7241.332131301243,4935.699819508093,122.58131950809457,0.8157849858468571,-100.04078924929249,-1.000407892492925,stop,515,0.030090229202948147,2026-02-06 05:05:00+00:00,2026-02-06 13:40:00+00:00,2026-01-04 00:00:00+00:00
1770699600000,1770699900000,1770912900000,1,PULLBACK,5032.67,4966.538367311456,11478.7016361659,4966.4883673114555,66.13163268854441,1.512135659359313,-100.07560678296824,-1.0007560678296823,stop,3550,1.295166874276141,2026-02-10 05:05:00+00:00,2026-02-12 16:15:00+00:00,2026-01-04 00:00:00+00:00
1770703200000,1770703500000,1770912900000,1,PULLBACK,5040.197000000001,4974.837055360637,11438.63151929691,4974.787055360637,65.35994463936368,1.529989056015418,-100.07649945280106,-1.0007649945280106,stop,3490,1.1952963000667496,2026-02-10 06:05:00+00:00,2026-02-12 16:15:00+00:00,2026-01-04 00:00:00+00:00
1770710400000,1770710700000,1770912900000,1,PULLBACK,5034.652000000001,4972.332022224224,11148.629799801904,4972.2820222242235,62.31997777577726,1.6046218816026012,-100.08023109408042,-1.0008023109408042,stop,3370,1.3425791052274734,2026-02-10 08:05:00+00:00,2026-02-12 16:15:00+00:00,2026-01-04 00:00:00+00:00
1770714000000,1770714300000,1770912900000,1,PULLBACK,5042.554999999999,4980.789377779635,11092.851599816056,4980.739377779635,61.765622220364094,1.6190235992964717,-100.08095117996513,-1.0008095117996512,stop,3310,1.2266775153609715,2026-02-10 09:05:00+00:00,2026-02-12 16:15:00+00:00,2026-01-04 00:00:00+00:00
1770732000000,1770732300000,1770912900000,1,PULLBACK,5052.000000000001,4992.92500966289,10816.42404337386,4992.87500966289,59.07499033711065,1.6927637131948956,-100.08463818566005,-1.0008463818566005,stop,3010,1.1226662860465375,2026-02-10 14:05:00+00:00,2026-02-12 16:15:00+00:00,2026-01-04 00:00:00+00:00
1770768000000,1770768300000,1770912900000,1,PULLBACK,5042.9,4985.678032242463,10618.874807996184,4985.628032242463,57.22196775753673,1.7475805869473784,-100.08737902934769,-1.0008737902934768,stop,2410,1.3180514923845235,2026-02-11 00:05:00+00:00,2026-02-12 16:15:00+00:00,2026-01-04 00:00:00+00:00
1770775200000,1770775500000,1770912900000,1,PULLBACK,5053.490000000001,4998.0929971886535,10456.293278323252,4998.042997188653,55.39700281134719,1.8051518119228753,-100.09025759059648,-1.0009025759059649,stop,2290,1.1703069969467668,2026-02-11 02:05:00+00:00,2026-02-12 16:15:00+00:00,2026-01-04 00:00:00+00:00
1770778800000,1770779100000,1770912900000,1,PULLBACK,5056.660000000001,5001.570997389464,10429.97125844302,5001.520997389463,55.089002610537136,1.8152443366413848,-100.0907622168324,-1.000907622168324,stop,2230,1.119306886638114,2026-02-11 03:05:00+00:00,2026-02-12 16:15:00+00:00,2026-01-04 00:00:00+00:00
1770825600000,1770825900000,1770912900000,1,PULLBACK,5060.730000000001,4993.618451316991,11659.77331961798,4993.568451316991,67.11154868301037,1.4900565098316008,-100.07450282549185,-1.0007450282549184,stop,1450,0.564284400273212,2026-02-11 16:05:00+00:00,2026-02-12 16:15:00+00:00,2026-01-04 00:00:00+00:00
1770829200000,1770829500000,1770912900000,1,PULLBACK,5076.133500000001,5008.299276222919,11701.871653930979,5008.2492762229185,67.83422377708212,1.4741821227087606,-100.0737091061357,-1.0007370910613569,stop,1390,0.331197126598357,2026-02-11 17:05:00+00:00,2026-02-12 16:15:00+00:00,2026-01-04 00:00:00+00:00
1770890400000,1770890700000,1770912900000,1,PULLBACK,5073.9800000000005,5024.091921569802,9928.899764589507,5024.041921569802,49.88807843019822,2.0044869064242823,-100.10022434532158,-1.0010022434532158,stop,370,0.18246844309180374,2026-02-12 10:05:00+00:00,2026-02-12 16:15:00+00:00,2026-01-04 00:00:00+00:00
1771549200000,1771549500000,1771801800000,1,PULLBACK,5007.365000000001,4967.691689576137,8848.022731962434,5126.384931271592,39.67331042386377,2.520586231187033,300.0,3.0,target,4205,2.7886757827360733,2026-02-20 01:05:00+00:00,2026-02-22 23:10:00+00:00,2026-01-04 00:00:00+00:00
1771563600000,1771563900000,1771801500000,1,PULLBACK,5000.865,4962.249301826948,8722.81911913212,5116.7120945191555,38.615698173051896,2.5896204064953396,300.0,3.0,target,3960,2.7362188177070426,2026-02-20 05:05:00+00:00,2026-02-22 23:05:00+00:00,2026-01-04 00:00:00+00:00
1771592400000,1771592700000,1771802100000,1,PULLBACK,5026.235,4987.334298841271,8788.75441471413,5142.937103476184,38.900701158728225,2.570647752387949,300.0,3.0,target,3490,2.909099235467351,2026-02-20 13:05:00+00:00,2026-02-22 23:15:00+00:00,2026-01-04 00:00:00+00:00
1771902000000,1771902300000,1771940400000,1,PULLBACK,5190.93,5136.248148972887,10523.433251684197,5136.198148972887,54.681851027113225,1.8287603312919383,-100.09143801656492,-1.0009143801656493,stop,635,0.0005211966944079568,2026-02-24 03:05:00+00:00,2026-02-24 13:40:00+00:00,2026-01-04 00:00:00+00:00
1772020800000,1772021100000,1772119800000,1,PULLBACK,5182.39,5135.824507121288,9720.873794992445,5135.774507121288,46.565492878712575,2.1475129719010235,-100.10737564859544,-1.0010737564859544,stop,1645,0.744972249952476,2026-02-25 12:05:00+00:00,2026-02-26 15:30:00+00:00,2026-01-04 00:00:00+00:00
1772031600000,1772031900000,1772053200000,1,PULLBACK,5192.06,5147.030081321236,9575.021949197679,5146.980081321236,45.02991867876426,2.2207457382586653,-100.11103728691334,-1.0011103728691335,stop,355,0.5556305837123278,2026-02-25 15:05:00+00:00,2026-02-25 21:00:00+00:00,2026-01-04 00:00:00+00:00
1772035200000,1772035500000,1772053200000,1,PULLBACK,5195.68,5149.531504084004,9694.381095683568,5149.481504084004,46.148495915996136,2.1669178597289385,-100.10834589298685,-1.0010834589298685,stop,295,0.46372042198200464,2026-02-25 16:05:00+00:00,2026-02-25 21:00:00+00:00,2026-01-04 00:00:00+00:00
1772078400000,1772078700000,1772116500000,1,PULLBACK,5193.683500000001,5146.8048008393735,9751.174716902042,5146.754800839373,46.87869916062755,2.1331649937075885,-100.10665824968576,-1.0010665824968576,stop,630,0.2362800205280043,2026-02-26 04:05:00+00:00,2026-02-26 14:35:00+00:00,2026-01-04 00:00:00+00:00
1772150400000,1772150700000,1772406300000,1,PULLBACK,5185.660000000001,5140.42954747845,9574.974799633368,5321.351357564652,45.23045252155043,2.210899834626995,300.0,3.0,target,4260,2.0926498569719487,2026-02-27 00:05:00+00:00,2026-03-01 23:05:00+00:00,2026-01-04 00:00:00+00:00
1772157600000,1772157900000,1772406300000,1,PULLBACK,5195.075000000001,5148.805461856419,9694.759276214478,5333.883614430745,46.269538143581485,2.161249150352109,300.0,3.0,target,4140,1.8421731320398556,2026-02-27 02:05:00+00:00,2026-03-01 23:05:00+00:00,2026-01-04 00:00:00+00:00
1772164800000,1772165100000,1772406300000,1,PULLBACK,5184.945000000001,5140.071617621096,9542.909855511467,5319.565147136714,44.87338237890435,2.2284925873341677,300.0,3.0,target,4020,2.1252353833000206,2026-02-27 04:05:00+00:00,2026-03-01 23:05:00+00:00,2026-01-04 00:00:00+00:00
1772172000000,1772172300000,1772406300000,1,PULLBACK,5198.570000000001,5156.160986622272,9329.062324395069,5325.797040133188,42.409013377729025,2.357989305464831,300.0,3.0,target,3900,1.9274558281265157,2026-02-27 06:05:00+00:00,2026-03-01 23:05:00+00:00,2026-01-04 00:00:00+00:00
1772496000000,1772496300000,1772518500000,1,PULLBACK,5347.05,5285.526306669902,11344.89563967973,5285.4763066699015,61.52369333009847,1.6253900666115935,-100.08126950333087,-1.0008126950333087,stop,370,0.5242451851345671,2026-03-03 00:05:00+00:00,2026-03-03 06:15:00+00:00,2026-01-04 00:00:00+00:00
1772506800000,1772507100000,1772517600000,1,PULLBACK,5367.960000000001,5304.860786717847,11525.782114933085,5304.810786717847,63.09921328215387,1.5848058129162548,-100.0792402906461,-1.000792402906461,stop,175,0.10879691905668301,2026-03-03 03:05:00+00:00,2026-03-03 06:00:00+00:00,2026-01-04 00:00:00+00:00
1772787600000,1772787900000,1772810700000,-1,PULLBACK,5107.815,5162.607701576956,-206.8124561186978,5162.657701576956,54.79270157695646,1.8250605851136907,-100.09125302925602,-1.0009125302925603,stop,380,0.8035376744138603,2026-03-06 09:05:00+00:00,2026-03-06 15:25:00+00:00,2026-01-04 00:00:00+00:00
1773014400000,1773014700000,1773093900000,-1,PULLBACK,5074.67,5150.759044716153,-2313.1454268991647,5150.809044716153,76.08904471615278,1.3142496449133525,-100.0657124822459,-1.000657124822459,stop,1320,0.766864667806946,2026-03-09 00:05:00+00:00,2026-03-09 22:05:00+00:00,2026-01-04 00:00:00+00:00
1773039600000,1773039900000,1773107700000,-1,PULLBACK,5097.095,5175.727988170086,-2620.0708288384994,5175.777988170086,78.63298817008581,1.2717308896324355,-100.06358654448186,-1.0006358654448186,stop,1130,0.45379173334754186,2026-03-09 07:05:00+00:00,2026-03-10 01:55:00+00:00,2026-01-04 00:00:00+00:00
1773046800000,1773047100000,1773107400000,-1,PULLBACK,5095.615000000001,5169.931326534411,-2152.201326906652,5169.981326534411,74.31632653441011,1.3455993408621696,-100.06727996704336,-1.0006727996704337,stop,1005,0.46023534255509363,2026-03-09 09:05:00+00:00,2026-03-10 01:50:00+00:00,2026-01-04 00:00:00+00:00
1773054000000,1773054300000,1773105900000,-1,PULLBACK,5086.514999999999,5159.441358083242,-2045.1944502409378,5159.491358083243,72.92635808324303,1.3712463179068026,-100.06856231589559,-1.0006856231589558,stop,860,0.3442239631841331,2026-03-09 11:05:00+00:00,2026-03-10 01:25:00+00:00,2026-01-04 00:00:00+00:00
1773064800000,1773065100000,1773084300000,-1,PULLBACK,5073.445,5143.6301729988645,-1791.387126887501,5143.680172998865,70.1851729988648,1.4248023582077292,-100.07124011791065,-1.0007124011791064,stop,320,0.17144646776312816,2026-03-09 14:05:00+00:00,2026-03-09 19:25:00+00:00,2026-01-04 00:00:00+00:00
1773172800000,1773173100000,1773270000000,1,PULLBACK,5199.592000000001,5143.002330798068,10737.91925099129,5142.952330798068,56.58966920193234,1.767106989849401,-100.0883553494928,-1.000883553494928,stop,1615,0.40772459576794184,2026-03-10 20:05:00+00:00,2026-03-11 23:00:00+00:00,2026-01-04 00:00:00+00:00
1773190800000,1773191100000,1773234300000,1,PULLBACK,5216.070000000001,5165.065768987495,10194.488870238016,5165.015768987495,51.00423101250544,1.960621658534202,-100.09803108292706,-1.0009803108292707,stop,720,0.12930299838031778,2026-03-11 01:05:00+00:00,2026-03-11 13:05:00+00:00,2026-01-04 00:00:00+00:00
1773198000000,1773198300000,1773233400000,1,PULLBACK,5218.12,5168.413188565748,10077.09433199096,5168.363188565748,49.706811434251904,2.011796715874077,-100.10058983579405,-1.0010058983579406,stop,585,0.032993466140323155,2026-03-11 03:05:00+00:00,2026-03-11 12:50:00+00:00,2026-01-04 00:00:00+00:00
1773320400000,1773320700000,1773326400000,1,PULLBACK,5181.9800000000005,5141.293957848201,9165.398173028112,5141.243957848201,40.686042151799484,2.4578453619769736,-100.1228922680993,-1.0012289226809932,stop,95,0.09020292478455672,2026-03-12 13:05:00+00:00,2026-03-12 14:40:00+00:00,2026-01-04 00:00:00+00:00
1773370800000,1773371100000,1773617100000,-1,PULLBACK,5111.419999999999,5155.0938000233255,867.7137976907334,4980.39859993002,43.673800023326294,2.28970229168494,300.0,3.0,target,4100,2.540230067929625,2026-03-13 03:05:00+00:00,2026-03-15 23:25:00+00:00,2026-01-04 00:00:00+00:00
1773414000000,1773414300000,1773673800000,-1,PULLBACK,5041.148499999999,5089.766524270226,294.96409724756995,4997.830000000001,48.61802427022667,2.0568503451350506,89.0996716757296,0.890996716757296,timeout,4325,1.4919055450885228,2026-03-13 15:05:00+00:00,2026-03-16 15:10:00+00:00,2026-01-04 00:00:00+00:00
1773662400000,1773662700000,1773840000000,-1,PULLBACK,4996.63,5049.484584450262,-182.97386057599942,4838.066246649213,52.85458445026234,1.8919834682288126,300.0,3.0,target,2955,2.765162218568432,2026-03-16 12:05:00+00:00,2026-03-18 13:20:00+00:00,2026-01-04 00:00:00+00:00
1773673200000,1773673500000,1773864900000,-1,PULLBACK,4995.454999999999,5051.651343672459,-506.9830235734107,4826.865968982619,56.19634367245999,1.7794752018538667,300.0,3.0,target,3190,2.854367197533674,2026-03-16 15:05:00+00:00,2026-03-18 20:15:00+00:00,2026-01-04 00:00:00+00:00
1773694800000,1773698700000,1773839100000,-1,PULLBACK,5006.4715,5055.4511849117025,33.83269374150768,4859.532445264891,48.97968491170286,2.0416627869344808,300.0,3.0,target,2340,2.7546420570737946,2026-03-16 22:05:00+00:00,2026-03-18 13:05:00+00:00,2026-01-04 00:00:00+00:00
1773702000000,1773702300000,1773840000000,-1,PULLBACK,5001.0509999999995,5051.563600275152,138.7035727599714,4849.513199174543,50.51260027515218,1.9797040630512013,300.0,3.0,target,2295,2.9808899003377562,2026-03-16 23:05:00+00:00,2026-03-18 13:20:00+00:00,2026-01-04 00:00:00+00:00
1773709200000,1773709500000,1773839100000,-1,PULLBACK,5002.009999999999,5049.449216563779,408.5275601859157,4859.692350308659,47.439216563780064,2.107960612409232,300.00000000000006,3.0000000000000004,target,2160,2.7500454149490654,2026-03-17 01:05:00+00:00,2026-03-18 13:05:00+00:00,2026-01-04 00:00:00+00:00
1773745200000,1773745500000,1773838500000,-1,PULLBACK,4999.709999999999,5041.817073258833,904.1097473754526,4873.388780223497,42.107073258834134,2.37489790338301,300.0,3.0,target,1550,2.985638522706491,2026-03-17 11:05:00+00:00,2026-03-18 12:55:00+00:00,2026-01-04 00:00:00+00:00
1773759600000,1773759900000,1773837600000,-1,PULLBACK,5006.929999999999,5049.235053242022,906.7297290397182,4880.0148402739305,42.30505324202295,2.3637838115439798,300.0,3.0,target,1295,2.8643504903955805,2026-03-17 15:05:00+00:00,2026-03-18 12:40:00+00:00,2026-01-04 00:00:00+00:00
1773763200000,1773763500000,1773839100000,-1,PULLBACK,4997.4415,5042.77247801045,570.8746769654481,4861.44856596865,45.33097801045005,2.205996966951545,300.0,3.0,target,1260,2.777162671649798,2026-03-17 16:05:00+00:00,2026-03-18 13:05:00+00:00,2026-01-04 00:00:00+00:00
1773799200000,1773799500000,1773837300000,-1,PULLBACK,4998.14,5033.812148866094,1536.5972622567178,4891.1235534017205,35.672148866093266,2.803307431110521,300.0,3.0,target,630,2.8468007459042144,2026-03-18 02:05:00+00:00,2026-03-18 12:35:00+00:00,2026-01-04 00:00:00+00:00
1773802800000,1773803100000,1773837600000,-1,PULLBACK,4991.192999999999,5026.796995375659,1540.097457809809,4884.38101387302,35.603995375659906,2.808673547586274,300.0,3.0,target,575,2.961451345207215,2026-03-18 03:05:00+00:00,2026-03-18 12:40:00+00:00,2026-01-04 00:00:00+00:00
1773820800000,1773821100000,1773837600000,-1,PULLBACK,4993.143,5030.138652975722,1529.7733554035894,4882.156041072834,36.995652975721896,2.7030202728310866,300.0,3.0,target,275,2.9027599558919457,2026-03-18 08:05:00+00:00,2026-03-18 12:40:00+00:00,2026-01-04 00:00:00+00:00
1774015200000,1774015500000,1774226400000,-1,PULLBACK,4615.639999999999,4699.726037977907,-3619.3777598128017,4363.381886066276,84.08603797790784,1.1892580790436729,300.0,3.0,target,3515,2.5613645877402997,2026-03-20 14:05:00+00:00,2026-03-23 00:40:00+00:00,2026-01-04 00:00:00+00:00
1774609200000,1774609500000,1774623000000,-1,PULLBACK,4413.9865,4477.121255480103,-1749.3542925301963,4477.171255480103,63.134755480103195,1.5839136342503903,-100.0791956817128,-1.000791956817128,stop,225,0.13711148374888585,2026-03-27 11:05:00+00:00,2026-03-27 14:50:00+00:00,2026-01-04 00:00:00+00:00
1775160000000,1775160300000,1775426700000,1,PULLBACK,4673.090499999999,4597.865212267002,12030.343985566906,4635.435,75.22528773299746,1.3293402127611291,-50.056970381625284,-0.5005697038162529,timeout,4440,0.05336636284129853,2026-04-02 20:05:00+00:00,2026-04-05 22:05:00+00:00,2026-01-04 00:00:00+00:00
1775484000000,1775484300000,1775526900000,1,PULLBACK,4681.572,4621.625474331597,10459.728041171908,4621.5754743315965,59.94652566840341,1.6681533897919951,-100.0834076694899,-1.000834076694899,stop,710,0.25288371312549823,2026-04-06 14:05:00+00:00,2026-04-07 01:55:00+00:00,2026-04-04 00:00:00+00:00
1775487600000,1775487900000,1775526900000,1,PULLBACK,4683.7585,4623.2052618793405,10582.329073945335,4623.15526187934,60.553238120659444,1.6514393466578656,-100.0825719673332,-1.000825719673332,stop,650,0.0,2026-04-06 15:05:00+00:00,2026-04-07 01:55:00+00:00,2026-04-04 00:00:00+00:00
1775592000000,1775592300000,1775672400000,1,PULLBACK,4701.980000000001,4638.927291766992,10837.198115067742,4721.8095835339855,63.05270823300907,1.5859746996188253,31.4492177888768,0.314492177888768,ladder_lock_0.32R,1335,2.4568571967999904,2026-04-07 20:05:00+00:00,2026-04-08 18:20:00+00:00,2026-04-04 00:00:00+00:00
1775653200000,1775653500000,1775660400000,1,PULLBACK,4800.500000000001,4737.432211655942,10966.21104606162,4737.382211655942,63.0677883440585,1.5855954779080312,-100.07927977389569,-1.000792797738957,stop,115,0.08736631083270714,2026-04-08 13:05:00+00:00,2026-04-08 15:00:00+00:00,2026-04-04 00:00:00+00:00
1775732400000,1775732700000,1776031500000,1,PULLBACK,4741.8915,4693.2449976945945,9487.39522823509,4666.794499999999,48.64650230540519,2.0556462491834453,-154.37286637493054,-1.5437286637493053,timeout,4980,1.2041359033841912,2026-04-09 11:05:00+00:00,2026-04-12 22:05:00+00:00,2026-04-04 00:00:00+00:00
1775786400000,1775786700000,1776031500000,1,PULLBACK,4765.47,4722.03273922658,8987.75881656867,4721.98273922658,43.43726077342035,2.3021709522988822,-100.11510854761536,-1.0011510854761536,stop,4080,0.6649475470072456,2026-04-10 02:05:00+00:00,2026-04-12 22:05:00+00:00,2026-04-04 00:00:00+00:00
1775793600000,1775793900000,1776031500000,1,PULLBACK,4767.410000000001,4723.946448618835,9000.301586735222,4723.896448618835,43.463551381165416,2.300778395281666,-100.1150389197645,-1.001150389197645,stop,3960,0.6199102269327019,2026-04-10 04:05:00+00:00,2026-04-12 22:05:00+00:00,2026-04-04 00:00:00+00:00
1775800800000,1775801100000,1776031500000,1,PULLBACK,4766.490000000002,4725.5233766152205,8755.185715093128,4725.47337661522,40.96662338478109,2.441011529330717,-100.12205057646698,-1.0012205057646697,stop,3840,0.6801512474750294,2026-04-10 06:05:00+00:00,2026-04-12 22:05:00+00:00,2026-04-04 00:00:00+00:00
1775822400000,1775822700000,1776031500000,1,PULLBACK,4769.320000000001,4728.819134914654,8682.905643449347,4728.7691349146535,40.50086508534696,2.469083062528943,-100.1234541531269,-1.001234541531269,stop,3480,0.6180979084581717,2026-04-10 12:05:00+00:00,2026-04-12 22:05:00+00:00,2026-04-04 00:00:00+00:00
1775840400000,1775840700000,1776031500000,1,PULLBACK,4764.81,4722.145896348743,8899.556261474458,4722.095896348743,42.66410365125739,2.3438907990992752,-100.11719453995538,-1.0011719453995538,stop,3180,0.17719814441189327,2026-04-10 17:05:00+00:00,2026-04-12 22:05:00+00:00,2026-04-04 00:00:00+00:00
1775847600000,1775847900000,1776031500000,1,PULLBACK,4766.14,4724.7010024639685,8783.600756067239,4724.651002463968,41.43899753603182,2.4131857898601075,-100.12065928949345,-1.0012065928949345,stop,3060,0.09209923567000872,2026-04-10 19:05:00+00:00,2026-04-12 22:05:00+00:00,2026-04-04 00:00:00+00:00
1776261600000,1776261900000,1776267300000,1,PULLBACK,4829.495,4791.6380882408575,8517.829264155098,4791.588088240857,37.85691175914235,2.641525559090283,-100.132076277955,-1.00132076277955,stop,90,0.010301949680460751,2026-04-15 14:05:00+00:00,2026-04-15 15:35:00+00:00,2026-04-04 00:00:00+00:00
1776297600000,1776297900000,1776348000000,1,PULLBACK,4824.080000000001,4788.660112597662,8278.648852831431,4788.610112597662,35.419887402338645,2.8232726678119637,-100.1411636333911,-1.001411636333911,stop,835,0.3908397517685221,2026-04-16 00:05:00+00:00,2026-04-16 14:00:00+00:00,2026-04-04 00:00:00+00:00
1776322800000,1776323100000,1776347700000,1,PULLBACK,4826.892000000001,4793.124369701222,8092.187399578954,4793.074369701222,33.767630298778386,2.961415980783754,-100.14807079903973,-1.0014807079903973,stop,410,0.10462682660107366,2026-04-16 07:05:00+00:00,2026-04-16 13:55:00+00:00,2026-04-04 00:00:00+00:00
1776340800000,1776341100000,1776347700000,1,PULLBACK,4823.195500000001,4792.399839885309,7792.265851354463,4792.349839885309,30.7956601146916,3.2472107961827152,-100.16236053980973,-1.0016236053980974,stop,110,0.0010715795626928066,2026-04-16 12:05:00+00:00,2026-04-16 13:55:00+00:00,2026-04-04 00:00:00+00:00
1776862800000,1776863100000,1777039800000,-1,PULLBACK,4743.735,4779.556701845652,1257.3865172804326,4730.161903691304,35.82170184565257,2.7916038280614606,37.89070761400072,0.3789070761400072,ladder_lock_0.38R,2945,2.378027720934141,2026-04-22 13:05:00+00:00,2026-04-24 14:10:00+00:00,2026-04-04 00:00:00+00:00
1776870000000,1776870300000,1777040100000,-1,PULLBACK,4735.599999999999,4773.714712305689,1017.0934817366956,4734.85092461138,38.114712305689864,2.623658790809546,1.9653182283307087,0.019653182283307088,ladder_lock_0.02R,2830,2.0215290983187364,2026-04-22 15:05:00+00:00,2026-04-24 14:15:00+00:00,2026-04-04 00:00:00+00:00
1776898800000,1776899100000,1777039800000,-1,PULLBACK,4724.965999999999,4759.358538566929,1435.504681873942,4726.19557713386,34.39253856692994,2.9076074104094993,-3.57512758608258,-0.0357512758608258,stop,2345,1.9311165376975514,2026-04-22 23:05:00+00:00,2026-04-24 14:10:00+00:00,2026-04-04 00:00:00+00:00
1776909600000,1776909900000,1777040100000,-1,PULLBACK,4722.8,4762.6500303321955,839.1469971126285,4738.188560664391,39.850030332195274,2.5094083785228367,-38.616183064629105,-0.38616183064629106,stop,2170,1.6122948832009225,2026-04-23 02:05:00+00:00,2026-04-24 14:15:00+00:00,2026-04-04 00:00:00+00:00
1776934800000,1776935100000,1776947700000,-1,PULLBACK,4702.779999999999,4740.904203770119,990.4838267582018,4740.954203770119,38.1242037701204,2.6230056004048103,-100.13115028002072,-1.001311502800207,stop,210,0.4678130488321512,2026-04-23 09:05:00+00:00,2026-04-23 12:35:00+00:00,2026-04-04 00:00:00+00:00
1776967200000,1776967500000,1777241100000,-1,PULLBACK,4708.825,4755.544937312396,142.0512060728097,4698.9305,46.719937312395814,2.140413830852205,21.178324649365912,0.21178324649365912,timeout,4560,1.0760930534609383,2026-04-23 18:05:00+00:00,2026-04-26 22:05:00+00:00,2026-04-04 00:00:00+00:00
1776970800000,1776971100000,1777241100000,-1,PULLBACK,4700.374999999999,4747.187441790082,136.4432627818942,4698.9305,46.81244179008263,2.1361842317139144,3.0857181227079673,0.030857181227079672,timeout,4500,0.8934590549143213,2026-04-23 19:05:00+00:00,2026-04-26 22:05:00+00:00,2026-04-04 00:00:00+00:00
1776996000000,1776996300000,1777040100000,-1,PULLBACK,4698.819999999999,4740.4014979124,658.2517066723403,4740.451497912401,41.581497912401574,2.404915768322412,-100.12024578841655,-1.0012024578841656,stop,730,0.968459579903402,2026-04-24 02:05:00+00:00,2026-04-24 14:15:00+00:00,2026-04-04 00:00:00+00:00
1777021200000,1777021500000,1777039800000,-1,PULLBACK,4690.33,4730.363382690644,781.0251136262323,4730.4133826906445,40.03338269064443,2.4979153216390437,-100.12489576608242,-1.0012489576608241,stop,305,0.3769354220353353,2026-04-24 09:05:00+00:00,2026-04-24 14:10:00+00:00,2026-04-04 00:00:00+00:00
1777024800000,1777025100000,1777039800000,-1,PULLBACK,4681.499999999999,4721.253855355598,805.3683197957903,4721.303855355598,39.753855355598716,2.515479293907441,-100.12577396469584,-1.0012577396469584,stop,245,0.15746900379858841,2026-04-24 10:05:00+00:00,2026-04-24 14:10:00+00:00,2026-04-04 00:00:00+00:00
1777291200000,1777291500000,1777510200000,-1,PULLBACK,4704.575,4735.009099648417,1731.5991348067964,4574.693199296833,30.434099648417032,3.2857880192030358,426.76406466298204,4.26764064662982,ladder_lock_4.27R,3645,6.367906468035787,2026-04-27 12:05:00+00:00,2026-04-30 00:50:00+00:00,2026-04-04 00:00:00+00:00
1777294800000,1777295100000,1777510200000,-1,PULLBACK,4698.759999999999,4729.426663959243,1716.2602680348718,4574.888327918488,30.666663959244033,3.260869853104984,403.92940114430536,4.0392940114430536,ladder_lock_4.04R,3585,6.1299951064072005,2026-04-27 13:05:00+00:00,2026-04-30 00:50:00+00:00,2026-04-04 00:00:00+00:00
1777338000000,1777338300000,1777421700000,-1,PULLBACK,4689.919999999999,4715.9238194489735,2185.541874551581,4609.792638897949,26.003819448974355,3.8455889218975563,308.13689219493097,3.0813689219493097,ladder_lock_3.08R,1390,5.17097114382952,2026-04-28 01:05:00+00:00,2026-04-29 00:15:00+00:00,2026-04-04 00:00:00+00:00
1777341600000,1777341900000,1777507500000,-1,PULLBACK,4669.945,4697.377118059761,2029.1653120836213,4567.989236119523,27.432118059761706,3.6453619724932267,371.66566452638676,3.7166566452638676,ladder_lock_3.72R,2760,5.802377332047071,2026-04-28 02:05:00+00:00,2026-04-30 00:05:00+00:00,2026-04-04 00:00:00+00:00
1777442400000,1777442700000,1777512600000,-1,PULLBACK,4590.47,4623.638204689465,1370.817735742905,4579.681409378932,33.1682046894648,3.0149355666441284,32.52690557742292,0.3252690557742292,ladder_lock_0.33R,1165,2.4027981238705656,2026-04-29 06:05:00+00:00,2026-04-30 01:30:00+00:00,2026-04-04 00:00:00+00:00
1777950000000,1777950300000,1777986600000,-1,PULLBACK,4538.464999999998,4576.230155401557,873.7146152459236,4576.280155401557,37.76515540155833,2.647943558994957,-100.13239717795022,-1.0013239717795022,stop,605,0.25741983308763733,2026-05-05 03:05:00+00:00,2026-05-05 13:10:00+00:00,2026-04-04 00:00:00+00:00
1778212800000,1778213100000,1778459100000,1,PULLBACK,4720.475,4675.573523751148,9096.221148636283,4675.523523751148,44.901476248852305,2.2270982683460443,-100.11135491341771,-1.0011135491341772,stop,4100,0.6358365556127996,2026-05-08 04:05:00+00:00,2026-05-11 00:25:00+00:00,2026-04-04 00:00:00+00:00
1778220000000,1778220300000,1778450700000,1,PULLBACK,4728.13,4684.393283234409,8995.064959793523,4684.343283234409,43.736716765591154,2.2864084777088864,-100.11432042388586,-1.0011432042388586,stop,3840,0.4777450514172818,2026-05-08 06:05:00+00:00,2026-05-10 22:05:00+00:00,2026-04-04 00:00:00+00:00
1778230800000,1778231100000,1778460900000,1,PULLBACK,4716.3550000000005,4672.185726408891,9029.11308551982,4672.135726408891,44.16927359110923,2.2640173104438115,-100.1132008655226,-1.001132008655226,stop,3830,0.7396544553219949,2026-05-08 09:05:00+00:00,2026-05-11 00:55:00+00:00,2026-04-04 00:00:00+00:00
1778238000000,1778238300000,1778450700000,1,PULLBACK,4720.735000000001,4677.854289607665,8876.925328841065,4677.804289607665,42.88071039233546,2.332050917185227,-100.11660254585969,-1.001166025458597,stop,3540,0.6597372044716998,2026-05-08 11:05:00+00:00,2026-05-10 22:05:00+00:00,2026-04-04 00:00:00+00:00
1778245200000,1778245500000,1778450700000,1,PULLBACK,4724.7015,4682.329081345386,8899.92094680683,4682.279081345386,42.372418654614194,2.3600257708940195,-100.11800128854513,-1.0011800128854513,stop,3420,0.5740408683834168,2026-05-08 13:05:00+00:00,2026-05-10 22:05:00+00:00,2026-04-04 00:00:00+00:00
1778248800000,1778249100000,1778253600000,1,PULLBACK,4748.535000000001,4704.3337898207155,9066.454807749198,4704.283789820715,44.201210179285226,2.2623814957642203,-100.11311907478861,-1.0011311907478861,stop,75,0.011085669329239742,2026-05-08 14:05:00+00:00,2026-05-08 15:20:00+00:00,2026-04-04 00:00:00+00:00
1778554800000,1778555100000,1778569500000,1,PULLBACK,4730.8550000000005,4689.630953917643,8737.035562153353,4689.580953917643,41.224046082357745,2.425768683651749,-100.12128843418301,-1.0012128843418302,stop,240,0.04572573968681871,2026-05-12 03:05:00+00:00,2026-05-12 07:05:00+00:00,2026-04-04 00:00:00+00:00
1779084000000,1779084300000,1779112500000,-1,PULLBACK,4530.278,4581.29373198311,-444.0794663278393,4581.34373198311,51.01573198310962,1.960179656602951,-100.09800898283049,-1.000980089828305,stop,470,0.0,2026-05-18 06:05:00+00:00,2026-05-18 13:55:00+00:00,2026-04-04 00:00:00+00:00
1779091200000,1779091500000,1779326100000,-1,PULLBACK,4545.835,4595.273779107885,-289.1041316806459,4554.552558215772,49.43877910788524,2.0227036711764286,-17.633037006735314,-0.17633037006735314,stop,3910,1.8491556961894926,2026-05-18 08:05:00+00:00,2026-05-21 01:15:00+00:00,2026-04-04 00:00:00+00:00
1779098400000,1779098700000,1779146700000,-1,PULLBACK,4542.4349999999995,4588.7696921899615,13.300473193737162,4588.819692189962,46.33469218996197,2.1582100856529305,-100.10791050428303,-1.0010791050428303,stop,800,0.25305013254281394,2026-05-18 10:05:00+00:00,2026-05-18 23:25:00+00:00,2026-04-04 00:00:00+00:00
1779127200000,1779127500000,1779290400000,-1,PULLBACK,4546.599999999999,4593.322447834481,-24.92233561368812,4549.229895668964,46.7224478344815,2.1402988206923372,-5.628762598828196,-0.05628762598828196,stop,2715,1.9730344678552203,2026-05-18 18:05:00+00:00,2026-05-20 15:20:00+00:00,2026-04-04 00:00:00+00:00
1779181200000,1779181500000,1779289200000,-1,PULLBACK,4542.139999999999,4581.480555602418,714.4249953605895,4534.206111204837,39.340555602418135,2.5419061441484403,20.167200675414286,0.20167200675414285,ladder_lock_0.20R,1795,2.229887164954205,2026-05-19 09:05:00+00:00,2026-05-20 15:00:00+00:00,2026-04-04 00:00:00+00:00
1779447600000,1779447900000,1779660300000,-1,PULLBACK,4513.92,4549.796802943767,1029.1165085670564,4549.846802943767,35.87680294376696,2.7873163658629023,-100.13936581829365,-1.0013936581829366,stop,3540,0.5959282390214915,2026-05-22 11:05:00+00:00,2026-05-24 22:05:00+00:00,2026-04-04 00:00:00+00:00
1779458400000,1779458700000,1779660300000,-1,PULLBACK,4513.239999999999,4549.939936613505,938.9462752630393,4549.989936613505,36.699936613506,2.724800346472502,-100.13624001732413,-1.0013624001732413,stop,3360,0.5640336717197781,2026-05-22 14:05:00+00:00,2026-05-24 22:05:00+00:00,2026-04-04 00:00:00+00:00
1779469200000,1779469500000,1779660300000,-1,PULLBACK,4514.5734999999995,4551.68243102765,892.4393282627143,4551.73243102765,37.108931027650215,2.694769082016646,-100.13473845410132,-1.0013473845410132,stop,3180,0.256811493516204,2026-05-22 17:05:00+00:00,2026-05-24 22:05:00+00:00,2026-04-04 00:00:00+00:00
1779476400000,1779476700000,1779660300000,-1,PULLBACK,4514.6085,4550.0962543044525,1074.820823859156,4550.146254304453,35.48775430445221,2.8178734315530987,-100.14089367157817,-1.0014089367157817,stop,3060,0.2695295937280939,2026-05-22 19:05:00+00:00,2026-05-24 22:05:00+00:00,2026-04-04 00:00:00+00:00
1779836400000,1779836700000,1779973800000,-1,PULLBACK,4509.98,4545.534982934156,1100.5366895185748,4437.429965868311,35.554982934156214,2.8125452959768995,204.05025722004353,2.0405025722004355,ladder_lock_2.04R,2285,4.009803640294835,2026-05-26 23:05:00+00:00,2026-05-28 13:10:00+00:00,2026-04-04 00:00:00+00:00
1779843600000,1779843900000,1779973800000,-1,PULLBACK,4514.474999999999,4549.775291407513,1100.2461506563113,4437.520582815024,35.300291407513214,2.8328378042430633,217.99938220509117,2.179993822050912,ladder_lock_2.18R,2165,4.166070424243003,2026-05-27 01:05:00+00:00,2026-05-28 13:10:00+00:00,2026-04-04 00:00:00+00:00
1779847200000,1779847500000,1779973500000,-1,PULLBACK,4507.385,4542.1956277355475,1137.1328541808575,4436.631255471094,34.810627735547314,2.872685915338543,203.25328536565056,2.0325328536565057,ladder_lock_2.03R,2100,4.020999019706423,2026-05-27 02:05:00+00:00,2026-05-28 13:05:00+00:00,2026-04-04 00:00:00+00:00
1779861600000,1779861900000,1779973800000,-1,PULLBACK,4496.805,4532.1564462399765,1077.011822242272,4437.632892479954,35.35144623997621,2.828738584587743,167.38242367333055,1.6738242367333056,ladder_lock_1.68R,1865,3.6602038604485707,2026-05-27 06:05:00+00:00,2026-05-28 13:10:00+00:00,2026-04-04 00:00:00+00:00
1779922800000,1779923100000,1779977400000,-1,PULLBACK,4456.4315,4493.962751725792,855.3375791465328,4441.302503451585,37.53125172579257,2.6644461722356327,40.31039694318981,0.4031039694318981,ladder_lock_0.40R,905,2.3718899825241717,2026-05-27 23:05:00+00:00,2026-05-28 14:10:00+00:00,2026-04-04 00:00:00+00:00
1779933600000,1779933900000,1779977700000,-1,PULLBACK,4409.184499999999,4450.180823265876,433.24849667820854,4448.868646531753,40.996323265876526,2.4392431328893207,-96.79928191215417,-0.9679928191215417,stop,730,1.0189450339018593,2026-05-28 02:05:00+00:00,2026-05-28 14:15:00+00:00,2026-04-04 00:00:00+00:00
1780362000000,1780362300000,1780375800000,-1,PULLBACK,4480.67,4513.987339064012,1269.903432662793,4514.0373390640125,33.31733906401223,3.001440175275436,-100.15007200876433,-1.0015007200876433,stop,225,0.5095995201591176,2026-06-02 01:05:00+00:00,2026-06-02 04:50:00+00:00,2026-04-04 00:00:00+00:00
1780365600000,1780365900000,1780374000000,-1,PULLBACK,4473.2015,4508.346279130868,1073.7183660440205,4508.396279130869,35.1447791308683,2.8453728398073266,-100.14226864199088,-1.0014226864199087,stop,135,0.011950565927192841,2026-06-02 02:05:00+00:00,2026-06-02 04:20:00+00:00,2026-04-04 00:00:00+00:00
1780534800000,1780535100000,1780547700000,-1,PULLBACK,4447.7429999999995,4483.766995148902,955.0674802586536,4483.816995148903,36.02399514890294,2.7759275334858398,-100.13879637667479,-1.001387963766748,stop,210,0.10065513236417696,2026-06-04 01:05:00+00:00,2026-06-04 04:35:00+00:00,2026-04-04 00:00:00+00:00
1780617600000,1780617900000,1780877400000,-1,PULLBACK,4461.0199999999995,4494.066028414044,1261.4631870096377,4346.35,33.046028414044486,3.026082249493565,347.00085154942457,3.4700085154942455,timeout,4325,4.52933399816325,2026-06-05 00:05:00+00:00,2026-06-08 00:10:00+00:00,2026-04-04 00:00:00+00:00
1780624800000,1780625100000,1780884600000,-1,PULLBACK,4446.2699999999995,4480.643565316191,1109.7870336970718,4319.575,34.37356531619116,2.909212328722167,368.5826559874541,3.6858265598745406,timeout,4325,4.233151221338692,2026-06-05 02:05:00+00:00,2026-06-08 02:10:00+00:00,2026-04-04 00:00:00+00:00
1780664400000,1780664700000,1780924200000,-1,PULLBACK,4406.014999999999,4444.180268793043,663.6533894886966,4324.900000000001,38.16526879304365,2.620183301793669,212.5361685249905,2.125361685249905,timeout,4325,3.584410756853744,2026-06-05 13:05:00+00:00,2026-06-08 13:10:00+00:00,2026-04-04 00:00:00+00:00
1780959600000,1780959900000,1781141400000,-1,PULLBACK,4326.978,4365.38926309238,630.6129538543173,4104.605526184761,38.41126309238007,2.6034030633019656,578.9251795246284,5.789251795246284,ladder_lock_5.79R,3025,7.8715974341385495,2026-06-08 23:05:00+00:00,2026-06-11 01:30:00+00:00,2026-04-04 00:00:00+00:00
1780995600000,1780995900000,1781013000000,-1,PULLBACK,4326.299999999999,4360.520935881002,977.927347780786,4360.570935881002,34.22093588100233,2.9221877609581903,-100.14610938804844,-1.0014610938804844,stop,285,0.04602445723508618,2026-06-09 09:05:00+00:00,2026-06-09 13:50:00+00:00,2026-04-04 00:00:00+00:00
1781017200000,1781017500000,1781141700000,-1,PULLBACK,4299.915,4340.6233253475175,345.29079059576634,4109.816650695035,40.70832534751753,2.456499970124617,466.9765893883862,4.669765893883862,ladder_lock_4.67R,2070,6.762621592754555,2026-06-09 15:05:00+00:00,2026-06-11 01:35:00+00:00,2026-04-04 00:00:00+00:00
1781168400000,1781168700000,1781199300000,-1,PULLBACK,4083.965,4143.417357765184,-1748.6684187531928,4143.467357765184,59.45235776518348,1.682019078115722,-100.0841009539061,-1.000841009539061,stop,510,0.5121159386185036,2026-06-11 09:05:00+00:00,2026-06-11 17:35:00+00:00,2026-04-04 00:00:00+00:00
1781197200000,1781197500000,1781199300000,-1,PULLBACK,4079.75,4134.58261937585,-1286.6793182092006,4134.6326193758505,54.8326193758503,1.823731952591026,-100.09118659762987,-1.0009118659762988,stop,30,0.13404429851543875,2026-06-11 17:05:00+00:00,2026-06-11 17:35:00+00:00,2026-04-04 00:00:00+00:00
1781650800000,1781651100000,1781719500000,1,PULLBACK,4336.6365,4307.102412138613,7145.861198277312,4323.634824277226,29.53408786138698,3.385918010040883,-44.02260799045198,-0.4402260799045198,stop,1140,1.5269982337582897,2026-06-16 23:05:00+00:00,2026-06-17 18:05:00+00:00,2026-04-04 00:00:00+00:00
1781658000000,1781658300000,1781719500000,1,PULLBACK,4337.905000000001,4309.694528833805,7063.741645453386,4325.329057667608,28.21047116619593,3.544783049204371,-44.57898720763667,-0.4457898720763667,stop,1020,1.553678410466241,2026-06-17 01:05:00+00:00,2026-06-17 18:05:00+00:00,2026-04-04 00:00:00+00:00
1781704800000,1781705100000,1781719500000,1,PULLBACK,4340.39,4313.104251507214,6985.829100785862,4326.9555030144265,27.285748492786297,3.6649168714003806,-49.236314661206926,-0.49236314661206926,stop,240,1.5152598804804633,2026-06-17 14:05:00+00:00,2026-06-17 18:05:00+00:00,2026-04-04 00:00:00+00:00
1781708400000,1781708700000,1781719500000,1,PULLBACK,4345.106500000001,4314.933269256699,7271.606343586881,4321.276538513396,30.173230743302156,3.3141959789041806,-78.97716253634641,-0.7897716253634641,stop,180,1.213940274132881,2026-06-17 15:05:00+00:00,2026-06-17 18:05:00+00:00,2026-04-04 00:00:00+00:00
1781877600000,1781877900000,1782090000000,-1,PULLBACK,4150.874999999999,4192.779883015334,63.79158148184797,4192.829883015334,41.904883015335145,2.3863567394617204,-100.11931783697352,-1.0011931783697352,stop,3535,0.32604792131264426,2026-06-19 14:05:00+00:00,2026-06-22 01:00:00+00:00,2026-04-04 00:00:00+00:00
1782151200000,1782151500000,1782404400000,-1,PULLBACK,4182.4664999999995,4222.251084716683,319.79261304841384,4043.8606694333657,39.78458471668364,2.513536353643653,348.3907939562067,3.483907939562067,ladder_lock_3.49R,4215,5.601579143957853,2026-06-22 18:05:00+00:00,2026-06-25 16:20:00+00:00,2026-04-04 00:00:00+00:00
1782180000000,1782180300000,1782401100000,-1,PULLBACK,4160.67,4197.881448087873,545.7366393006528,4038.8543961757446,37.21144808787267,2.687345027902591,327.3605572580649,3.273605572580649,ladder_lock_3.27R,3680,5.403175913100949,2026-06-23 02:05:00+00:00,2026-06-25 15:25:00+00:00,2026-04-04 00:00:00+00:00
1782226800000,1782227100000,1782465600000,-1,PULLBACK,4129.643499999999,4170.506470501888,152.70942031311097,4046.167441003776,40.86297050188841,2.44720339152482,204.28289468668387,2.042828946866839,ladder_lock_2.04R,3975,4.161065578728333,2026-06-23 15:05:00+00:00,2026-06-26 09:20:00+00:00,2026-04-04 00:00:00+00:00
1782234000000,1782234300000,1782403200000,-1,PULLBACK,4133.57,4173.2500357898925,290.24645680060394,4043.471571579786,39.68003578989283,2.5201590172323303,227.062366821663,2.27062366821663,ladder_lock_2.27R,2815,4.384068626377351,2026-06-23 17:05:00+00:00,2026-06-25 16:00:00+00:00,2026-04-04 00:00:00+00:00
1782237600000,1782237900000,1782401100000,-1,PULLBACK,4127.36,4165.870533233472,387.81720988627103,4041.372566466944,38.510533233472415,2.596692167146687,223.2828951283317,2.232828951283317,ladder_lock_2.23R,2720,4.355951110388555,2026-06-23 18:05:00+00:00,2026-06-25 15:25:00+00:00,2026-04-04 00:00:00+00:00
1782442800000,1782443100000,1782459000000,-1,PULLBACK,3990.0334999999995,4035.0200470255104,-381.98465552548805,4035.0700470255106,44.986547025510845,2.222886765309911,-100.1111443382659,-1.0011114433826591,stop,265,0.05842857862615654,2026-06-26 03:05:00+00:00,2026-06-26 07:30:00+00:00,2026-04-04 00:00:00+00:00
1782453600000,1782453900000,1782466200000,-1,PULLBACK,4007.41,4050.4899111935297,-181.00120815943865,4050.53991119353,43.079911193529824,2.321267552079332,-100.11606337760439,-1.001160633776044,stop,205,0.0,2026-06-26 06:05:00+00:00,2026-06-26 09:30:00+00:00,2026-04-04 00:00:00+00:00
1782853200000,1782857100000,1782906600000,-1,PULLBACK,4010.75,4043.7596794202336,433.2917373968676,4033.8843588404675,33.009679420233624,3.0294144552856204,-70.08356108507688,-0.7008356108507688,stop,825,1.5157675227021559,2026-06-30 22:05:00+00:00,2026-07-01 11:50:00+00:00,2026-04-04 00:00:00+00:00
1782864000000,1782864300000,1782906300000,-1,PULLBACK,4005.3800000000006,4040.2857695000994,595.2088194901448,4030.5765390001993,34.90576950009881,2.864855908697756,-72.18445363345285,-0.7218445363345285,stop,700,1.2795878916198646,2026-07-01 00:05:00+00:00,2026-07-01 11:45:00+00:00,2026-04-04 00:00:00+00:00
1783090800000,1783091100000,1783330500000,1,PULLBACK,4170.660000000001,4137.890039478907,7335.386091588134,4137.840039478907,32.76996052109371,3.0515752356683787,-100.15257876178397,-1.0015257876178396,stop,3990,0.9717741337985752,2026-07-03 15:05:00+00:00,2026-07-06 09:35:00+00:00,2026-04-04 00:00:00+00:00
