mfe_r,mae_r,peak_bar,final_r,hold
1.1695647034452874,3.739732592319213,44,-3.68007984713821,240
0.5493547476703741,2.124801046508343,109,-1.3477890438549442,240
2.1646357739406934,1.5377841707655977,107,-0.6071609306752251,240
2.05890597526078,1.0011655556478278,12,0.16260034976622922,240
3.698990847784252,0.2229628870699615,197,2.757687550202375,240
1.0399239364115787,2.7714589295887517,21,-1.5900785927450256,240
3.255717874370307,0.8579459109121904,239,3.108430164996349,240
0.9535350977394388,0.5860867530616524,89,0.23960171290161308,240
2.506915605932716,0.7421977425899681,168,-0.12065470994924092,240
1.4986401906513789,4.332023238173417,18,-2.8243360830131485,240
2.8610815170794632,1.7321448861864592,179,0.7636463900131175,240
1.3420078250264247,1.2186084528633858,240,1.2693639786889248,240
0.9602321721683831,3.4953469245439472,10,-3.2816791700321635,240
4.919243449151933,0.7604584606939861,192,4.034857107442236,240
0.19663119720237635,4.385021110989418,6,-1.7228253539602667,240
1.0117633152189367,6.03571105192677,21,-5.007977997259591,240
0.5268667550653588,2.8409573071015606,20,-2.0739081345681694,240
2.420299804976222,0.762109285427995,238,2.336454776593811,240
0.5850940736418614,1.2402734400887812,47,0.2500233760178864,240
3.2819155363869936,0.711256914281925,165,0.6056110484095474,240
4.328113159758421,3.942895378912067,75,-3.210959469066813,240
0.03318422286274322,6.859569268348108,1,-3.680911120720472,240
0.2756233783116121,1.5319674503933165,56,-0.07794686347359099,240
1.2054591103334162,0.45128327541404856,123,0.8790622135668641,240
3.326590295316104,0.09612528600123421,176,2.6849540112586308,240
0.13146256886906604,12.87022916755657,4,-8.338482939697004,240
5.470250230878335,1.5556051714891077,210,3.3345634264072808,240
5.602196238358645,0.5722216702142874,90,2.8781040889820555,240
3.87397686074433,1.0728338486357474,30,0.5232329436263297,240
3.138925485639464,0.019298392453774404,83,2.8536449015396412,240
3.2748072131773323,0.35978454728595877,136,1.717642142058086,240
1.6560460881334356,0.11878505457853421,239,1.6163474180604838,240
4.8290357255773655,0.5720909690233464,214,2.3448438261000137,240
5.358165472215502,0.3349714972339221,169,0.8492711697547686,240
1.5517574613958147,1.4676020549148463,230,0.25853147396408555,240
2.203053482576475,1.8415971479482687,65,-1.0027744304563133,240
0.14198953579604587,4.600884809155102,1,-2.247037385143794,240
1.3920971464509586,1.7497017981444312,92,0.0686047606750536,240
0.3514503928006985,1.4530395272246595,228,-0.3552294292825096,240
1.730927124071928,2.426550237608015,53,-0.9225588617443942,240
2.9508964721077224,1.16808385737267,65,1.190053642337107,240
0.4565879833049518,3.7550784370555608,73,-3.3812226353409094,240
3.246723178836138,0.9548498800861414,225,1.688960476939646,240
0.608523762248699,1.810141636190793,6,-1.3494176845239227,240
0.5302167964921517,2.963530108904909,47,-1.7690442874243077,240
2.4741834066248494,1.022245977660142,156,0.16119390737058042,240
1.2658838806401536,6.087950223657021,50,-3.613556337681502,240
0.46340048500377734,6.599675258183821,179,-4.5182533806078204,240
0.0972331726519057,4.23564174200662,9,-1.4409490613818967,240
0.8031996322252795,2.0832888386875354,150,-0.8812658022545041,240
1.207125434161546,0.97446992218306,211,0.955654603000508,240
2.489436631306228,0.3506656954459531,240,2.3952495643475324,240
2.163184395651353,0.5818398123863819,189,0.700324494678098,240
3.023815252468419,0.9892195611647425,240,2.9066424114353357,240
3.4148993912645644,1.7590325275778242,176,2.9376133001738753,240
0.5366962152703931,1.3542131610467214,88,-0.4859094874128255,240
0.192191867774011,1.64058639129344,7,-0.17022708288549315,240
0.07037791989928782,5.578101799424548,2,-4.768400276542931,240
4.25485887383208,0.275877587879781,238,3.8637412808883353,240
6.131780015117959,11.153779007809687,204,5.69735564754971,240
1.361234618782357,1.4086719476165426,186,0.5208474226828452,240
1.2327962853054997,3.3578159325599266,229,0.11576889485959593,240
0.11903898576471461,1.5317694575007592,1,-0.1547506814940556,240
1.3721464564202694,1.6324981017361293,55,-1.5858552988293275,240
0.34064335995293277,5.528800358384392,5,-4.774115345449824,240
3.3840014538941166,2.3418731866077396,240,3.105711860646318,240
7.901159537581366,1.4521653349959245,185,6.148616187799356,240
2.369560928019282,0.6775615370170824,232,1.2423372216824897,240
0.4996713030556035,2.6658662086036617,135,-1.6069499451548361,240
1.1993540924660648,2.5147747100096876,75,-0.8666300539109463,240
7.303891899424199,0.22287897483486274,239,6.965811219319332,240
6.310817540367081,0.171091102953361,236,5.718109076564279,240
0.18975075490456206,1.3907216443899693,2,-0.848366659418562,240
0.39089148647625677,0.7354931916592018,193,-0.5223887540758255,240
0.5332223553738915,0.8631549036096006,186,-0.34958065399741034,240
4.450550046275019,0.25609167729468435,201,2.1865634905232327,240
0.14429192288430773,4.2501887927045185,138,-2.726609482744997,240
1.355619496961516,4.057444466599889,13,-0.9880018486535873,240
1.5559740492733618,1.355622577895178,14,0.9381791566409248,240
3.7626447393474627,0.3293291965208211,214,1.9157415731104865,240
0.12439982405724204,4.419014916351257,2,-2.9923128305105102,240
0.6144126081780681,3.031012766195529,7,-2.037220495151236,240
7.443402437630109,0.23625474583260703,239,5.824193082046084,240
3.0315911928691266,4.7066157822359145,149,-3.4585503509086832,240
2.809531564129665,3.6789756666730367,140,1.1687111174547486,240
2.7436792439285127,3.5851400669539144,110,0.7268733190485634,240
2.496600881025117,3.763384408094187,95,1.4205106963135115,240
1.7450985644658734,0.9988073092948803,159,1.628360267567668,240
1.4354736502035528,10.0969571900807,29,-1.8490366407498975,240
1.4275847165769744,0.7640053211419207,90,1.0696733026646996,240
3.6153557519126283,1.6277328983972703,224,0.8812755447397708,240
0.09428013499881002,1.1779629438568795,2,-0.6820494337630383,240
0.7273013063494954,0.2509948328493624,235,0.598739418128371,240
2.92094784930602,0.8337380823093692,69,-0.5623585980134692,240
12.511278760983014,0.8137543579150255,208,11.654269391308942,240
1.1976492510818557,0.21899620227648833,24,-0.1652385832065911,240
0.09372124020911216,1.9332302882341885,41,-0.7765999237716648,240
2.661096013153334,0.47470348202769763,182,1.9375111410507557,240
2.0081301282377804,0.12604221017671519,79,1.007625578530575,240
8.350144090516912,0.44891868632007087,179,5.984983926019218,240
8.216032955627671,0.4707633789792323,164,5.872932625455988,240
0.09375008405221795,3.777086719701536,1,-2.9166692816227897,240
1.5805917483416887,2.0902413646859994,8,-1.3524856602751782,240
0.1588557548334691,0.6739398144115415,159,-0.1617705393258524,240
0.6757304134084359,1.1342978389501974,222,0.1491522536819946,240
2.3670651345370954,1.9290686014851293,216,-1.1741132869878672,240
2.2675968602229712,3.933305720443566,36,-3.650968473130818,240
0.35671274590818924,2.50288529980262,239,-0.7392208350124506,240
6.198673715249538,2.6736753879133626,209,5.411148546468299,240
3.2709394662468743,6.682929084661184,124,-3.5662632223473567,240
4.012856560538192,0.10841073547430194,240,3.88951169313642,240
4.813118808514507,0.4022322411983334,187,4.075693032984131,240
0.6983781711679461,4.705197621156648,88,-3.2529720078092668,240
4.3441676748297455,3.0588589414889413,105,2.2051919396738673,240
0.21267352672917553,4.822781206135591,1,-3.1336626188442445,240
1.2158165043066775,1.5125144310871117,15,-0.2010773449430032,240
1.0534112009999055,1.1425341134599067,46,-0.2832780267791397,240
1.1460740492531696,1.2525956556716122,103,-0.20987920472528512,240
3.2333124593061826,2.4112060243405606,195,1.2078993988601785,240
3.548038843273477,6.308946711458796,105,-1.9856758038521702,240
1.8380449256261475,0.0804959955311202,82,0.7456219981313399,240
2.4018531604822435,0.5861615128244527,221,1.6260345812485255,240
0.22149801199418456,2.440123035931104,1,-1.5000181824924337,240
0.22996543752717136,1.374437673189284,2,-0.6387267715015957,240
2.764821960228076,1.3221544088416641,182,2.3767983837202533,240
2.7682825281859085,1.3699017692232132,167,2.5063589729170905,240
0.0024952883964748937,3.1116246303362227,1,-2.789732427197883,240
1.992045923679128,0.6151521577719455,231,1.8985951490729076,240
0.21226329642787334,3.165460851083176,1,-2.4735607257088383,240
1.905989948465462,0.3696764615070727,129,0.7396821095341086,240
3.0278417108917535,0.16999735120408732,141,2.5767820723635797,240
0.12449738868448439,3.597085265917061,4,-2.543303797409703,240
2.4086728656608902,2.611367677508604,174,-0.4527193767154938,240
0.1411649350261934,2.0387919304613504,1,-0.9411767061505538,240
0.8780717096985642,5.318999833094496,21,-3.048425919900373,240
3.6760906790402905,0.45736882804263507,91,0.8236247337332857,240
1.736323624377512,2.4839001411704156,26,-2.409613321447095,240
1.420974775287371,0.5378430435444,239,1.2284204199412936,240
1.5046321739538364,0.6726991609642233,89,1.0005335621933427,240
2.4220889275581214,2.357785681693644,162,1.9398145835754677,240
2.534520175530549,4.842790168441576,66,-1.7383267847848256,240
1.8392917904103625,2.2017843053440123,214,0.2951213731776289,240
1.101805731286326,0.3532104497425586,161,0.018451292150651957,240
1.7283037822407865,4.509818038353706,51,-3.3900719259161667,240
0.610344363608844,1.2374005371734116,57,0.03850982294206054,240
0.7813277979245596,1.8438712838360254,26,0.1853998164567322,240
3.083737561317811,2.1029868249239234,240,1.9196989823844952,240
2.108390488851682,3.2755409136159255,157,0.79530643194397,240
1.9178567588054116,0.054655109688016595,194,0.8077308423559858,240
2.1188951490054633,1.413530529069588,198,0.16919786753026597,240
1.6575202989204276,2.517194517447825,231,1.369427485060529,240
4.649912560571836,0.20778677324903183,193,3.692999789029894,240
3.1536839088912973,0.08274044564202197,237,2.932830565524089,240
0.5935390681022754,2.397810227890507,28,-1.4718016744086302,240
0.5131141447846421,1.3515532370362284,130,-0.4496361062548685,240
0.1345705734050522,4.069965137393574,42,-3.7277108444027864,240
3.0392399474672076,5.651286842188451,144,-3.2266461640671387,240
0.9282741436315985,7.215617478722704,54,-5.801985459288173,240
1.2113242711591465,3.609471434534308,12,-1.1951892167332219,240
0.09248219786035748,4.520067420429178,1,-2.35424994928492,240
5.519959964457386,2.4185736660844674,194,2.1700499506557422,240
0.7692700004993058,1.9436736837190094,51,-0.7644300338048097,240
0.7277987873695171,0.9540150338333179,127,-0.03717760039374893,240
1.5467702242176142,0.7073029663963077,236,1.459967405696968,240
1.395295226885006,2.802450886785726,157,-2.4254585516529006,240
0.9853629155655534,2.670363451423324,224,-0.20246362642013782,240
1.1686629310177583,2.978052108517358,64,-0.48784882818049286,240
1.1051431665380966,0.7957878347927463,36,-0.38412124851725177,240
0.4441070652809427,2.2314559919448147,9,-1.0760495778448689,240
5.495694115863172,1.6121995084159715,213,4.857276033973189,240
3.0065802143258185,0.4167656305649991,52,2.269101977019555,240
2.2879383327488862,0.03477350143036687,7,2.033064373401218,240
1.7562033796632779,0.664499223097357,234,1.4030824003262479,240
2.3192653673356185,0.14948227412446774,189,1.7804629642238723,240
1.7516426367004267,1.9229474635599102,238,1.4367938442514285,240
1.2798513633644686,3.109308567452717,17,-2.4905215719522005,240
3.0312845898124747,1.4836321678529631,234,1.665271028342491,240
1.3043758478755012,4.272726061687861,120,-3.803662276393058,240
0.29557070355199866,1.8910045721131794,3,-1.604390556547526,240
2.2636700185612972,0.1200877720606677,147,1.8388634037004778,240
1.4749778014912973,2.5961459291467497,134,-1.965609299086587,240
0.23090407651061612,6.45527483462243,3,-3.3789799805024168,240
2.121805407026783,2.8531104336886464,18,0.7076304653591954,240
3.0892549946469883,0.3824382654405132,171,2.1419187208765815,240
1.6991045809572163,0.015728228613627195,210,1.6434859174538903,240
0.3685762633244177,1.7989416498864548,44,-1.1835278469583843,240
4.902024777972537,0.6761413486858744,223,4.609639329892221,240
8.37348747804197,0.7286379982863384,157,5.03387165469023,240
0.06694440745207028,2.3904205868500426,1,-0.6353403197810555,240
2.0060146565880554,0.6025656928613037,151,1.1541245614374405,240
0.6140173508727532,2.1874879124631414,34,-1.4892577957583557,240
0.3160022696805405,1.4549271166541242,37,-0.8742729461161122,240
3.155708931433813,1.5211793430422165,190,2.9385336714377086,240
3.3986586684385798,1.5856346595283108,160,1.358752875658469,240
1.1432405953545552,10.317797501902238,38,-9.138425868054151,240
0.4785443436707738,2.8505722525687447,116,-0.3786967130454159,240
0.01873217373359711,3.588014077421155,1,-2.594406062097115,240
0.8084963534766587,0.3547832099643896,75,-0.05733737527900073,240
0.5195005773248076,0.6768350378860614,114,0.42504592690213766,240
9.123884368223495,0.5532790291942179,165,2.0464364595545597,240
1.76202099899484,0.6224817865934175,239,1.5388434142300265,240
1.692314950165109,0.7189902082534244,74,-0.12260873686884076,240
1.3124357613587343,1.7383255117333463,158,0.12255194857726731,240
4.587716421698576,1.1404092415035703,128,2.1713981580703163,240
1.2303697832152514,3.7810442416623857,122,-3.6075983784880554,240
1.388150354895258,6.209659254231488,17,-6.0167063549010855,240
2.865805698206233,0.48402193308062275,209,2.396178469455214,240
1.2170514633197445,0.4189956624661181,89,0.16585244972625238,240
1.586575010168278,4.526897713725163,238,0.44134551695864477,240
1.5201547544754006,3.261011362555344,11,-2.055403907982207,240
0.6740775590191834,1.0286535553025804,14,-0.3006380018362977,240
0.5264112345033617,1.2577499880718785,183,-0.8593450548754592,240
2.3316062120007293,2.283658963222592,238,0.9813203583214035,240
1.1170645902894532,3.638166057763789,42,-3.108504650786141,240
0.6273838846468054,1.352344060968092,17,-0.5343319959863596,240
0.8863643535083143,0.6845925922903958,46,-0.5331949542687512,240
1.032610013848523,0.7921150003632663,165,-0.0812244538937007,240
0.5952230995689956,1.469031280467836,37,-1.011456458857436,240
0.2891188713756384,3.039963433157679,1,-0.6213824113777944,240
6.3476404531339226,0.3970755959892662,235,6.289721993129744,240
1.493707090263629,7.046546452723725,41,-4.448660578591478,240
2.145273675701585,1.617409113766993,47,1.3271122618452171,240
3.217319103086538,1.5599553839053244,214,2.357708319521674,240
0.915889856234363,3.390464477946301,31,-3.1596342251326623,240
3.4844229307971277,0.8507088255733652,217,2.8625802608258892,240
1.7946806183708108,0.11491006949654464,53,1.1636222971529153,240
1.0120833831930334,0.18481240212990954,25,0.5911398451256402,240
0.6963284126968741,0.738312919933026,240,0.6621946669764694,240
2.230450184055538,0.4251192423976805,190,1.37055986919545,240
2.4795892703686455,0.26930337680024646,175,1.2443360074742678,240
1.3645629572626665,2.200759786292109,239,1.210188158057305,240
0.051627757658769514,7.119467781183148,1,-4.049681310776006,240
6.853859209730606,0.07769556998903411,178,2.469054220574103,240
3.711101952327518,1.8456547042906695,43,0.18357584324184803,240
3.843069495447105,1.4347836776078022,219,1.653397166947614,240
1.1728771443306214,3.190683434438153,4,-2.948808166401553,240
1.2421178457253708,0.8099535096031806,14,-0.1985875505157044,240
0.25817354188364694,1.5974487904051833,4,-0.7676052629219725,240
0.07230570130906956,1.72653036779732,1,-1.2764737269568502,240
0.3874191902326172,1.8077384475100329,12,-1.7685392039789485,240
1.3886470263167485,0.6278341343472944,225,0.9962506923497308,240
1.6753102857872046,0.8926144169749638,113,0.7703774108285859,240
1.5142623194936624,4.7084375332650446,126,-3.4642576726584364,240
6.706126377024931,1.0740818427266252,77,2.3704553488750557,240
5.383195069784148,2.2932197493961035,32,3.880908073565321,240
0.4256619865833948,1.5442776310742217,190,-1.139998978196695,240
1.727447882246548,1.0801993817373443,141,1.283172330080312,240
0.598629409548914,0.8167346982994178,21,0.047333488196828054,240
0.7465020152195385,0.7103656119350192,6,-0.6675725027822421,240
0.9781386962816934,0.531072342502279,10,-0.22401596992822448,240
8.247044346663007,10.013047188650704,18,-8.12379300211273,240
0.3423094975634374,2.0961092666617174,17,-1.851838265507507,240
1.4324959334683887,0.4944043045905995,208,1.3231266630181273,240
0.22471445426372455,1.301516887946997,85,-0.6003347127728463,240
1.2491920557758542,0.46409815209314986,158,0.06564330298342384,240
0.1778096904503812,11.216460044325226,1,-9.757457279568753,240
1.7519249230827392,1.5671424545600081,237,1.167638079576541,240
3.0414092502307866,7.2164441476867145,17,-3.152896331345637,240
0.7457523878049513,8.18060902002465,2,-4.834016845692682,240
3.3620916523666646,0.51860360887618,109,1.0156576127513228,240
2.9413128965095865,1.0964882403903051,49,0.12540481341703288,240
1.55239526191863,2.498848976298205,185,0.2795074031000154,240
0.21709721256156972,3.9945887111332525,1,-3.4516894946843233,240
0.8604121763534553,0.25812365290610645,86,0.6099707750220319,240
0.1934200463390004,0.63125269668819,149,-0.12660221214913916,240
0.22191626546362705,4.436794852267524,6,-3.8335397168408334,240
1.1547360341447699,1.0540506033748778,142,-0.5820876466398615,240
16.58896153890245,0.06912067307869711,146,14.634731600039247,240
0.16726298013821336,16.2598916268981,4,-14.465996164915625,240
6.991092057711357,2.91114849283888,171,4.995946744557701,240
0.7791160640078538,3.8222467623280694,6,-2.806598182696502,240
0.522897177718298,1.318922778162397,12,-0.6522737990094755,240
0.608337864352069,4.643701869434958,41,-4.222415259772893,240
7.4544203370786635,1.8060655157397025,207,5.4258684896897895,240
0.031398129724835924,1.349314497914328,64,-0.27694760577712935,240
5.099274231866203,1.7271578865232355,162,3.9584237677230547,240
5.356514481492824,0.793815148957291,57,4.308289223500322,240
0.7072595387106246,3.0023401610168676,97,-1.8626062465381432,240
2.7049545521178096,2.5874724158497684,88,-1.203475542255688,240
3.2299320225600874,3.534838823087696,227,1.8352751263035543,240
5.922496371598306,0.4350745030055105,182,3.8155437921117463,240
0.9526960372340991,1.9056854373742576,93,-0.7254864665373133,240
1.936348539708965,1.637525736579318,154,-1.225096077596861,240
2.009942783517091,0.15511514959751796,65,0.5280469247565757,240
9.042585235610273,0.18219392462066686,171,8.76419888421163,240
4.587050382269031,0.1829432865940594,21,1.7329106411117676,240
1.3663732368915316,0.9430085563489119,237,0.8158295802179083,240
2.0127001647089036,7.7115681088191685,10,-6.309247637977532,240
3.6358875099904564,0.4214386966862383,140,1.4516221774748672,240
1.547305931530809,2.6286186857656006,35,0.3460580055200203,240
0.6311454674396634,2.3664692090823327,13,-1.7246958859132968,240
0.9076664036546753,1.3842420299135516,9,-0.5614536031554628,240
0.21422582372553864,4.857049206944908,10,-2.4956360562147495,240
7.44522455210938,0.1054556480943956,198,6.7463716460865415,240
10.679161337757135,0.3269077776852201,228,8.855730804443704,240
0.33770087737573634,11.332553137207798,11,-8.160100754778403,240
0.05250161249229882,6.255010293166124,1,-4.906514331092816,240
0.30444304235392966,7.061184502039613,6,-6.037685917870289,240
0.13429147772347896,7.26792476343912,7,-7.026462562451012,240
0.9770666110484577,8.481741614384257,62,-6.003704764489546,240
0.6417574339223325,7.927512020155957,17,-6.214855289085193,240
6.892264838369168,0.5849792075225578,96,2.659588059331804,240
0.9704888700768447,5.768083871686123,92,-5.138321453553773,240
1.465367299348709,0.595383476822274,43,0.33403307786882336,240
0.31512486512326476,12.182504188414642,130,-5.9525134920844645,240
0.6030094690688332,14.972707739185628,10,-7.996044582209237,240
1.8697647308899594,0.8784926354657332,35,1.2045028962363409,240
4.483634986850053,0.4491775884319218,238,4.0118914019245855,240
2.682906497008794,0.10846112733560191,235,2.4088915100319377,240
0.49689218776092015,4.43018880646971,26,-4.380867280305111,240
3.97019134596118,0.7607006966115563,228,2.8647026839662173,240
2.472854264140471,2.3184225362828905,48,-2.189296847864128,240
3.6621497555824623,0.17406653212361536,94,2.059987373269213,240
0.37283838824448445,2.131467653276952,5,-1.0226852175540402,240
2.9141159022902317,0.9648252313394696,232,1.9648391691656264,240
0.8781586071845303,5.715441567857158,14,-2.0326275175338404,240
0.2465526129394296,2.2758050247131387,2,-0.15975025953075248,240
2.642916464971752,0.4664770393856545,112,1.864936532799076,240
2.5374540426957033,0.28509550485865676,82,1.734504403646898,240
0.5450306231489549,0.874332477047062,197,-0.03317055170656271,240
2.197077809417809,3.2796334321570995,69,-3.2506141400711637,240
2.225964751477069,3.6751189816889975,54,-1.1432660134670034,240
3.208014849517981,1.4777031390401878,162,1.5011561592124372,240
0.5720958528213552,1.9903274759702299,52,-0.37067579869218714,240
1.7957870741383726,0.2877616804755688,198,0.22876802204371938,240
4.3585087576830235,1.3545792426267107,198,2.7974758363218064,240
6.761173171403714,0.9342296713189526,207,5.660735805072242,240
3.063128790934424,0.9002198349137266,148,0.27053535163436704,240
2.212042002600908,1.5549395402572022,13,-0.7594380917250161,240
2.917932007567089,1.6654103860853013,112,-1.5873587068705517,240
2.9965940311845514,2.1978562116305196,97,-1.6831408735313071,240
9.444065332772352,0.13725191947732665,145,4.783040514997936,240
2.212879192074353,3.3962051761509366,10,-1.8603113184769755,240
0.7699473803245963,2.2112462551935934,96,-1.8176929932160457,240
0.3343746550807886,4.101303144975053,51,-2.6871818811959933,240
0.8510679994322635,10.335115488357706,5,-5.651817052148678,240
1.6413309848150937,4.014958688101564,86,-2.1254381811608725,240
2.0806931015034795,0.4589073167794424,227,1.7364727920413445,240
1.4720961347594907,0.5801809651147555,44,0.23767714091493725,240
0.7185987664656864,2.8268790242396116,28,-2.4089168567425467,240
0.05778571078414872,5.911478213223816,1,-4.693729337433228,240
1.6339933290072814,0.873152451449734,215,0.49814385154895807,240
2.433557804103282,0.41424722442504053,125,0.9463755549627025,240
0.6371708692822551,2.69935880417018,18,-1.878900687747467,240
5.810350399990968,1.7874992479272478,240,5.708375216262638,240
1.255767872127003,7.823021047683444,43,-6.507234858138671,240
1.2097297352459238,7.714855088251418,13,-7.10746163262296,240
2.5758151477087923,0.09835791464761229,206,1.1488720971314856,240
0.741532651841179,1.582820135802913,53,-0.24993040727358484,240
1.6835606896540527,0.7841316422115355,71,0.969918930261603,240
9.365785466201029,1.2529679388292856,212,7.469847137709429,240
9.39160247446749,0.7737104815452938,152,2.912765055399046,240
0.7592045148520834,0.8951528642959027,216,0.06510202649423559,240
1.6881573648086488,0.3213587608571403,231,1.2545824181297238,240
1.655971368905512,0.40873289589957934,216,0.7229270231525752,240
1.562670340694366,5.032429171164962,36,-3.19769301891232,240
0.4869310644384372,5.284293211205819,32,-4.798555605258663,240
0.01875340860722311,4.6981976913288594,1,-1.3986917252900386,240
1.0567207169669166,0.7519809713322358,80,0.6262888109852209,240
0.230448100002446,5.198585068411812,2,-4.20027669769867,240
0.6276268762843233,3.8341340179716097,14,-3.2292980617758427,240
4.341407085632115,0.44731738349947076,233,3.3610264931100144,240
0.26001534644745083,2.4571450239282115,240,0.18990406553040698,240
1.263999777485419,1.3222102935538231,233,1.2049139153107438,240
2.1910040720493753,0.9577059169927581,238,2.1177569655872395,240
3.006475734591034,0.2278417711367477,204,1.8185915914371416,240
0.28352425968154893,2.81222586724618,145,-1.074462784844317,240
2.589181877166539,1.8163811780585355,187,-0.8195281832401561,240
0.7499833295931155,3.915326505118786,7,0.34021800164496685,240
2.8938901192332205,5.186650035407892,93,-3.8948409926993945,240
1.6763334029477477,6.686508574115788,18,-3.487881259194289,240
0.8485775403884727,2.3849791497285873,224,0.6335866067681976,240
3.6985127126267288,0.7189765976107682,214,-0.048339791442297234,240
3.7553336862714586,3.798908464825646,139,-3.7555532065665362,240
2.411849272944307,1.4051803886630616,157,0.552855110578329,240
5.667178938351835,1.0083758419774833,154,2.512936622070939,240
2.0172294882276396,0.9288401774509293,152,0.2589370647860693,240
2.4139511731861654,2.028081682647482,179,-1.4417212557717627,240
2.914368374736554,1.8463104695774775,8,0.8814375770969708,240
2.819115111888132,0.17908463611053835,84,2.5688369933893576,240
2.2179571306753,0.28530354003009123,81,1.2368093722342643,240
0.6641489043550398,2.214456828401717,7,-1.8503978680825695,240
1.6616957489583848,0.19626327743598151,194,1.4112264234685639,240
2.730217586109529,5.4543712746929485,57,-2.8573503342411852,240
2.4270072789835995,0.37235142571236063,11,0.7464267006178718,240
1.1985998832258116,0.9819167454399268,167,-0.33870995748628846,240
0.09632217236071833,4.7850286637600865,4,-2.3926427614431587,240
0.8624619086770765,2.974016104560838,6,-2.159882993199884,240
1.0617382615931732,0.7326335399933601,39,0.2389764575932678,240
5.6657158227465,0.05103675541184568,222,5.110035261486551,240
4.902618345914322,0.04275991262692281,207,4.024873957627348,240
1.5652256948536842,0.6347859762461597,231,1.264741008989843,240
1.894179682834604,0.9751044345469114,157,-0.6939755350706298,240
1.5308733743447829,3.9998138376498678,36,-3.954213354158699,240
5.357487933153251,0.3355060512593113,203,4.696819495455999,240
1.5452010037735229,7.658300704226345,119,-7.238576804282907,240
3.3926549071085055,1.4613205308390513,169,2.4395458400874253,240
0.7177591256339805,1.0181597684187242,109,-0.08876264647751872,240
2.4656651354424506,0.08653384409386725,153,1.6901570659918062,240
0.6655399394691401,1.5817416628822312,35,-0.492349995670144,240
0.6013835291295928,2.37689680560785,53,-1.6788337148428205,240
1.0860485863592184,2.2258518646540613,8,-0.544425481831899,240
3.7749052866437744,4.1926830734458465,129,-3.6895783860299884,240
0.4089516547102556,1.0940107960400718,14,-0.4682105728290827,240
0.017536689200571835,4.353101861684986,1,-1.695721599227118,240
5.290073217139049,0.9323066319016596,154,1.9072939679820669,240
3.1790739432538904,1.140849292546233,76,0.9460701450383859,240
4.761485649093417,0.7590687737368652,226,4.115799789672576,240
0.004580692780790196,6.674832830464797,1,-5.070826908377797,240
1.0052783294629295,2.237415156683548,21,0.5839696907701054,240
2.182061103852564,0.6654597547022344,165,1.4393337448689396,240
5.0676450275396165,2.2673322926885047,35,-2.093377408396549,240
5.133242348362056,1.8243707900666675,20,-1.3635881053429724,240
0.8943398815458391,4.8194045395961185,5,-4.511845181363018,240
0.014739358413739355,1.5736721666344562,1,-1.5230670360808591,240
1.1015321059222694,3.312141058218266,21,-2.351444107391179,240
2.272817739221515,0.6578015412918109,200,0.7827838341371126,240
1.4851893968719985,1.3953762542530348,104,-1.1095741081050372,240
0.472409317406344,5.196318316297268,6,-4.655764185073963,240
3.7261752602470626,0.10896595554905478,93,2.38574053381687,240
0.20972746389290906,2.179341907409253,164,-1.551172691884528,240
5.492895120664446,0.9382920307771931,144,0.9656634435770951,240
0.5929279522070191,4.224611659474794,182,-0.6289271493053155,240
1.2314198105103304,2.709984047276021,13,-2.0813671797212314,240
0.2930854543038157,1.8218036046590493,25,-0.7263845478758529,240
3.060534417409468,0.48555313963967744,227,1.7446337543966293,240
2.870360232609421,2.9477928506208837,92,0.5735749482334183,240
8.6947304762201,0.821906266248026,121,4.593251202014798,240
1.3103864771101497,2.030718503645863,181,0.0445450818150998,240
0.7315050596486862,4.834805107878461,224,-1.6084244584277378,240
2.815021802242061,1.8229948945691794,59,0.32599655409475525,240
1.6164392536382215,0.0010783450658262365,132,1.065404925013176,240
1.9696350178194058,3.7382508843129783,215,-0.028213214221363768,240
2.322078409374532,3.369703970714261,170,-0.716352221701564,240
2.8198398955011097,5.208467160934237,156,-4.2564078147728095,240
1.5931069851569915,8.383938980845715,96,-3.1130237566009726,240
0.5799178838254851,1.1592716451957723,3,-0.04005269431085233,240
0.7052848189484698,0.7585791575737194,116,-0.2574739476436301,240
1.8093105593625913,0.46515769359596676,87,0.38217181398717776,240
1.1671785062393765,0.7466730942751275,57,0.38136529008688874,240
0.45605261318319157,2.324362493134326,72,-1.3896697552658424,240
6.297438066494707,0.11979107952297578,106,0.7345084612846992,240
3.367707209472394,0.7862611834742135,118,2.077569710120539,240
2.965609763771558,1.5899995217759515,32,1.232249629376368,240
2.137839875113909,0.7260184170716957,75,0.10565459756805679,240
3.671558975934265,1.7644067398789762,217,0.8986242739378854,240
2.2532444351590533,3.670998091926949,52,-2.0986732647682116,240
2.132848608324228,0.5429365233337495,164,1.317267852846629,240
2.966971166331515,0.4429287361371714,193,2.098049204556286,240
1.0490965104389816,3.936631089330764,5,-2.976545435434005,240
4.951334186958104,1.6292207358551596,235,3.280223990976244,240
0.722325818477917,0.970314601501899,235,0.594822151734471,240
1.438242533586969,1.5661076786182409,103,0.11921261642032546,240
1.494624153103261,1.3232946875891152,164,0.22453177322638984,240
1.1244921089942586,2.198547792766855,89,-1.5202979602592686,240
6.183945983413871,0.37253434292650744,233,5.50693048957818,240
4.6482277959183325,1.4201503611883803,188,2.0845726549154375,240
4.082374275089555,2.068471792201206,173,1.0034484817247595,240
3.19046658812614,0.2955379576369513,73,-0.2774543413479935,240
0.11708150784395932,1.6897527126287484,21,-0.45719147875640403,240
2.0755705219581535,0.44728831165479993,134,0.6635333545357862,240
0.35453650078635557,5.278208729572353,2,-1.8033497679445547,240
1.7964239475958388,1.2636282930090175,124,-1.2007896346767604,240
3.654773144628982,0.271694273329624,93,2.4171086959434116,240
0.137147511187384,1.6090546026077464,2,-0.8304567526376923,240
0.8090792209021286,1.5122001421862787,141,-0.5861079171784894,240
3.180920475321058,2.5287265853172496,194,-0.7178751000118974,240
0.7711659860131412,4.399004818397317,235,0.3387614066046269,240
0.3021629572915843,5.5555287202044195,3,-5.434335099290663,240
5.411151820400844,0.405120179889242,225,4.117429848266997,240
4.225385603959698,0.13884992009898647,134,2.5952834400789784,240
2.8130142489732095,2.523450400116424,56,1.6186265408176184,240
3.2501291929268254,5.210006093184149,231,2.5641722778367497,240
3.491702279754603,4.754658423495702,54,-1.9819920995264486,240
4.483041116946924,0.8020671561440004,240,4.394627711467377,240
2.6394565392319422,2.1701076708790423,191,0.7065466835419782,240
0.15481744893185895,2.275634361123382,1,-1.4614767179168844,240
4.1361706082088405,1.2041216845379854,206,1.8017648895996579,240
0.9960635046543619,2.3299896883776716,56,-0.2909587831189163,240
1.8358631505318397,9.319438969697252,139,-6.100000532352764,240
0.3547611996831269,3.374976763527977,1,-2.120277823639526,240
2.884654894616982,0.5248123307037516,199,1.6815749673563438,240
3.3016308074569625,0.2920605872932305,109,1.5516084507300678,240
1.0355532334253885,3.0238339501496108,39,-1.8763040042626948,240
0.9440542585178571,2.561363956786472,134,-0.4005858173993927,240
0.4999051299492799,3.0541842324464055,29,-2.0403294066006747,240
0.8427315999090826,2.4224913516286004,217,0.6081568246766585,240
2.4103853115441627,2.0709393139515493,106,0.8035945741130894,240
0.7171833852555587,1.1240153744579795,123,0.6345327747417299,240
1.2231286359267317,1.9753423285494678,44,-1.4492094826014223,240
1.444481394514417,0.9707473674657214,117,1.1985936470598626,240
3.1330602511941996,1.6572781731357018,233,2.9000759021942297,240
2.2363743292162273,0.02721235318247016,71,1.750761617729204,240
0.852103143643592,1.3543291641879922,228,0.08384442769767206,240
0.7637016335976153,2.948176494982715,142,-1.6618916051873667,240
2.5624540179736726,1.5180414798422026,168,-0.16896461688687073,240
2.5887085213870766,2.057017695717412,220,1.6313784093996337,240
0.6087238041042895,4.127147391827149,3,-2.615564441475357,240
1.774386989205908,5.490519789847514,70,-5.47271565982305,240
11.2412599019815,1.3377270288556509,203,9.162510346973088,240
5.216785938823953,0.8043248550187979,169,2.74450631533299,240
4.533606656953532,1.9048849387565303,95,1.2465265481183854,240
4.385347490164099,0.27998054760245183,141,2.3636038982379213,240
3.795250212144204,0.8473833355937329,240,3.706232164768623,240
0.3331916382075274,8.149644279986333,3,-7.146880928634349,240
0.4910380254425903,1.578448807506171,43,-0.9113288433775597,240
0.18455783995784847,1.8644658978192594,2,-1.0539224018642395,240
0.9143593092288489,1.114399359278202,238,0.6100838308014431,240
1.5904841420908067,1.241939758307807,199,0.6641952867010055,240
1.5253008317976964,2.5941525368727247,165,-1.5937682008060057,240
1.4836627903925435,2.8502732905111836,150,-0.24370887103139438,240
0.9511157176768221,1.2539706301936708,46,-1.1459046489208953,240
1.8608428207859808,1.5240386903269716,47,-1.0457768250752302,240
1.736555267331326,7.080321005578208,122,-2.7650006198286015,240
0.6598127580613342,5.474490128663889,2,-1.321684214275791,240
1.581682899748751,6.107562841360228,18,-4.835842889651944,240
1.0778373537373191,1.1080279733944292,238,0.9537442373531175,240
0.9654266069697096,1.480601328123503,24,-0.30537778103399327,240
0.009527727948820775,1.7459561466362825,1,-1.2211371321176425,240
0.49434901993645364,1.1972108075087318,13,-0.29018026829313587,240
0.5691806413854129,4.123369175596077,44,-2.5932176307060475,240
2.020627623628895,1.9432858504526913,217,0.04073726984085094,240
1.913956700909448,2.651388459373315,78,-1.0033015764071083,240
0.005649875394193707,3.0749446832927188,2,-2.690753156487226,240
0.9325265140933332,0.9152575045731023,240,0.8997153960048552,240
4.785282428764582,0.2084061885482655,210,3.767431209556687,240
5.662696262417275,0.19614586356811364,240,5.662696262417275,240
6.163617656917781,0.10293712424410144,130,4.62599436352352,240
0.04029771791250754,5.551262503189958,1,-4.494706711670398,240
1.8896681050732411,5.105143618265341,68,-1.2491094696899019,240
4.652002358327213,0.3468055007930891,144,3.917590709588946,240
4.665349894587477,0.9069554491358729,206,3.5853223886574956,240
0.262346355348947,3.510671227942203,12,-3.2384034104273933,240
2.200570048256752,0.2676245123244405,147,1.2299729299294253,240
1.8872115001371486,2.6427179161724106,99,-1.6229397085200772,240
9.485759602171829,0.7142903350249737,154,7.1689796612734975,240
1.226578584342393,2.0132679257629413,31,0.6231543579741935,240
3.250903281362354,1.085434484308814,213,2.361225016238664,240
2.6482352792240667,1.7096715265158235,221,1.5273605817452505,240
4.142650647542095,0.706146659717161,121,1.3939518477534771,240
6.4480727815709855,0.6619313726694821,142,4.484643465362417,240
2.1789419141367197,0.9944413646252248,52,0.050196528569769285,240
0.3704828210565574,2.5645350134711022,14,-1.5979717963930582,240
0.5075472693237196,1.4232127980638465,32,-1.0571086990839575,240
0.4168258651772194,1.4657060973441909,9,-0.5994831203822526,240
4.882424885589995,2.1608463388727635,138,3.775794655293202,240
0.5248508023856451,2.472972051222233,33,-1.395698089096349,240
0.32478145785415724,4.320348695176317,156,-3.2679560643000665,240
8.03720537737669,2.6643886319522423,99,5.3651577051601285,240
0.947654547297055,1.9286022444385733,118,-1.794072870929089,240
2.2343458293022516,1.8141144840736305,41,-0.79744392512087,240
0.3202934446062524,1.4722979783756005,49,-0.8283451153609779,240
4.054748406698186,0.4030510258447256,195,1.9151809565194116,240
0.8886610862369136,5.290122558092883,58,-4.72052166173508,240
4.8818063430111245,0.05757630524762775,166,3.6826690625663536,240
2.78655841313882,3.489542457414264,129,0.7533399223759898,240
1.5282160378643597,0.48491802059065503,130,-0.26263518682768167,240
1.203786201384114,1.675141848842475,40,-1.5153000693727534,240
0.07393537875170024,2.957415150067125,1,-2.5215855490046386,240
2.625284876805508,0.8907566136811387,222,2.2519501817966794,240
0.9251025950113594,1.6965405614462394,50,-1.025815223200054,240
0.3643960736252535,2.850673708714046,20,-2.7883286577693265,240
4.884829470690289,0.0,235,4.567157721339716,240
3.0105688028128923,2.747226327090412,40,0.519160880709954,240
0.7058666660919224,0.5286374645078783,240,0.6424558557424519,240
1.205537477163077,4.584081583330507,38,-3.4697192094822062,240
0.8177975742452764,7.83898455440617,44,-6.046960652841682,240
3.3472091312267787,0.8003700745755322,240,3.3426551051980065,240
7.6650914862336315,1.9960653543287594,70,-0.022141369564502182,240
0.8786582372812671,0.7216835985648518,104,-0.19064500686413854,240
0.6332020691092353,2.850564789220096,32,-1.0237537102751941,240
0.6120036841809362,4.660843344282366,145,-1.2863771705713374,240
1.9783364494650184,2.977274236910982,40,-0.5800677861085767,240
1.0604366978188444,3.9297256668187757,6,-3.0232145556725833,240
1.3400424722716595,2.8357061379181983,96,-1.341950870406686,240
2.2898738871444704,1.8828324879984468,239,1.9252533239498169,240
2.987578331358252,1.584494040621064,231,2.1718818350515026,240
6.366849734924516,0.8755711059397929,210,5.5877982784583775,240
0.43988285374157743,4.10879402383165,239,0.3017308206782105,240
0.7846268592108484,4.220757333519924,239,0.5498430245515334,240
7.573689403150732,0.38477457104848667,124,1.9478339079288156,240
7.618217800308076,0.3221406428633945,109,2.246218768265553,240
0.7288894229879543,6.972583725563577,170,-3.321160638569169,240
5.9548694468759376,1.1446725286650619,64,1.346781642875751,240
0.11961903573355312,2.0425514592239735,1,-1.6012023566259008,240
0.5675319870050296,7.230777908508676,37,-5.851245647020664,240
1.9663314753157437,1.4985468694255484,236,1.557298831055651,240
0.5709743268064111,4.393971178687612,17,-3.6332314437313933,240
0.9794060198193049,1.9317628515191407,147,-0.3809427326799958,240
3.3601167321232195,0.3828658905924907,133,2.585014107462236,240
0.34163099219850257,3.4463734492984046,174,-2.1427095830690477,240
1.2448737208978937,3.1997455799489356,67,-1.631602697425446,240
2.7890397884520093,0.006889051400952117,231,1.9000590066062817,240
0.1734631491186193,1.3186739397289151,227,-0.03628565874428476,240
4.381889878389249,0.5418590298166331,220,3.7061718848294527,240
2.2323132850826735,3.8537021227391404,63,-1.5633161715512967,240
0.6598227172542549,1.6444488759256157,29,-0.1436226133185745,240
0.784413662462178,5.987249678725455,15,-5.347117187675271,240
3.0387200725599617,1.802250404939785,164,0.8139428765785611,240
0.8135609757617409,1.4764486641926808,29,-1.3742550367225854,240
1.190636443629663,5.051756046033403,14,-1.463382310174375,240
1.8531879978984835,3.6958664230301284,144,-0.1224170605628717,240
2.5370660907742977,0.47040909925569374,183,1.0191847923294464,240
2.303374512766613,2.1059637562602602,185,0.16958275014926408,240
1.3158122065368805,4.170810575096462,62,-3.1603924483262222,240
3.111380919809398,4.471210409717676,229,2.006335896962606,240
2.721432710451298,5.687973513615231,15,-2.4877249941436337,240
0.8774982940306663,3.8752396985082282,23,-2.126934979356145,240
0.04321730069153651,6.005404075266954,1,-3.9003613874146907,240
3.341837845870447,1.442847102938619,154,1.8535141866786136,240
1.4633030831443603,2.3937681439156706,222,0.568419860260863,240
0.11643063808461175,0.8454822971177388,169,-0.6396068137011495,240
0.4533943520841654,5.816232169919017,12,-4.998515545705482,240
5.34831619289374,1.2012260967995325,198,3.49768775244613,240
1.8525561936800503,0.47509589322443935,23,-0.3773755004708877,240
2.4635388407925505,0.3264166296228124,163,1.4407667346409396,240
0.55351341712267,1.131410685219885,234,-0.07558993802114487,240
1.644466773135439,3.8495103970144124,177,-2.0527481788793116,240
2.539458657104351,3.4866465257091703,72,-1.403899467538294,240
1.0401844070211206,1.0959583698642856,161,0.3920909587860091,240
0.31535896787480333,1.6976210215558776,2,-0.9737168799402872,240
1.3632142497541888,4.882571744054051,198,-4.1468080338133095,240
1.929428717073428,4.210273729188419,78,-0.6076517419992595,240
1.8473277327034665,4.178919235337066,3,-2.166651526499361,240
0.9345705027375802,1.1114684630656553,63,0.4831979902658875,240
0.5155449961800711,2.566139700088013,53,-1.8663887389805132,240
4.352264849993446,0.558160680691997,212,3.7907718667301054,240
0.3863448355627754,3.6376736041397573,77,-2.0167487661612618,240
0.43959886883319577,3.8519276492745953,32,-0.9202473881358388,240
0.2964262164743208,2.679336480431091,136,-2.481239813941365,240
0.3573561021974065,5.370759157848159,106,-4.595751003347665,240
6.857084315759424,0.9572008606081668,226,5.813157202679901,240
4.278038175926102,1.435439645236487,47,-0.5736408166933814,240
6.540624793431786,1.4437563584038933,235,2.961232371712655,240
3.6546293342280833,2.0489243867067066,100,1.806716917243134,240
1.0778208359491035,2.563334179036334,73,-2.1705730853762106,240
0.2243403048273044,1.988126135573251,15,-1.6558070897214072,240
0.5712558345316852,2.332466983159248,236,-0.00343483402951913,240
2.2580362609109743,1.7591385352363311,189,1.547169888092414,240
1.119592885019875,0.4235879961602984,236,0.8784527723470693,240
0.9944514134124003,1.0664944653544803,159,-0.71142513792646,240
1.8453003944586817,1.2567131996743497,233,1.5939577545238117,240
6.4628688485038275,0.6590107424958755,109,6.097396341661802,240
4.557202780950075,0.27841431780724346,240,4.249839092485198,240
4.382024615605121,0.7823808570954313,233,1.2581614988902086,240
8.193203670664799,3.3389424554392573,198,5.806923467054382,240
0.9611406052266596,0.6998279512992257,10,0.04246330626323398,240
0.7317129114765338,0.6092418142365414,143,0.3375220408684017,240
0.7715050766420952,3.281125368172524,110,-1.7953780361324068,240
1.0316247073668217,3.983092781037961,238,0.7558438450013196,240
3.211181559845618,0.2985224159559881,175,2.323517432495997,240
1.5979189149921544,0.7851502816874624,109,0.5828548230891792,240
0.14309540632281068,4.600517313282755,4,-4.105575554942068,240
0.09054186245549825,3.6202430063276636,10,-1.2189153498963876,240
0.5887386385882717,2.5879313418159136,48,-0.1445085749261679,240
4.263416836026604,1.3358368256038997,221,3.5306068766910674,240
2.2611054454979347,2.499521325805361,71,-0.5408393538715014,240
1.737952781509142,4.118419854948294,190,0.5726928365190792,240
0.9956323960249861,1.0050904815513468,133,-0.9645558292959103,240
2.015567723223728,0.7107846216762329,148,0.8307924501519811,240
0.8330549691234345,2.3243297602429704,104,-1.7518021649635356,240
1.1330083408917881,2.4674651196040887,113,-0.6607360363877405,240
4.398342866060579,2.898370600336533,209,2.5639432233746193,240
0.2616443249615373,3.031020525083149,50,-1.3010560916516776,240
0.6787367878346436,2.4596319606486166,153,-0.3921526580600558,240
0.6866008505427618,2.689315241563726,123,-0.4690486709323607,240
3.2174444154554265,2.161248132541792,194,-0.39084453371756894,240
5.194194261978294,2.3858485601958206,166,3.2590493286740694,240
3.913817124338169,0.4697465345761201,76,0.40459333371871714,240
1.0525299808222897,2.6833750867436836,224,0.5283044335079485,240
1.7000802980317162,1.9731393489770837,209,1.115775777139029,240
1.0605375916531068,0.7630525775489415,227,0.7993884145750206,240
1.76291002470325,0.49849194431808946,187,0.7460538220705408,240
1.4963137440287009,0.8351437814779487,172,0.6858249348935748,240
2.111070822476771,0.1629504358069442,119,0.3220667437124665,240
2.3250350142909744,1.3377931888303136,44,-0.16515965294203955,240
5.334617963899292,0.0008995140360687823,104,5.095747014321425,240
0.5719775291014546,1.6559597767110483,74,-1.0534697650270424,240
0.2408672346668046,5.811451944250746,2,-4.908874242507586,240
5.87399567227705,1.073305637948044,209,3.9434750098369036,240
0.5557383196955393,3.66155987572237,185,-3.061821620216161,240
3.3590417329835467,0.25029422891887226,234,3.0937350270457555,240
5.865483994993037,0.14764208934433845,196,2.535643249274814,240
0.8812691880025809,1.933035178709281,44,-1.7964901202666386,240
2.9147119255567855,0.7559322749800468,153,1.6496335065727774,240
4.869759890305952,0.7657008540590823,217,2.5116938843340786,240
0.797286189465754,2.6545159345531943,93,-1.6364857884245212,240
0.042185412461822,3.651342423168713,1,-3.5990537816718664,240
2.8712055461106885,1.5263805163588173,237,2.642002013245271,240
4.8500930061380405,1.6598928958034147,138,-0.6610863370746797,240
3.6050299304501596,3.417809114550369,216,2.166272267740206,240
2.005535602659692,5.413304298395947,198,-4.010792929254148,240
2.5191534180816255,5.1066703727730784,168,-3.5978098890236607,240
0.3710007639279055,1.0520917186013752,114,0.02768662417382201,240
0.759104628172112,1.2525226364840538,38,-0.668012072791455,240
1.4198049692626458,6.142278096721127,13,-1.2441311310606689,240
0.18191794835077774,6.244983284098429,1,-5.606321343995566,240
2.1808943829847482,0.9090464119195355,220,0.7945379676713412,240
3.4927529597164773,0.35714258416289224,239,3.133533965180647,240
1.2548972312309357,2.9695957978389282,172,-2.7063841070411536,240
1.8420108018242713,2.8703859009096147,22,-1.5733167832805037,240
0.12013692395354243,3.564062077284528,1,-1.9270384135192906,240
2.3019513669045093,0.20389294658144522,232,2.066455013602992,240
2.485943685058213,0.10089297522100349,217,1.8038056450419122,240
1.9422696065234892,1.4265761783229598,156,1.304239309971486,240
1.549813018105171,1.7316845241895271,126,0.9506412465268026,240
1.6312419757008216,1.7215046520518338,180,0.596710734123235,240
0.9726378889954448,2.6417067700400314,66,-2.1508655463731086,240
2.8356284565726835,2.102921433493505,110,-1.8063167880261635,240
2.1073162644841266,1.8230719224643448,22,-1.5091547146958817,240
2.8410918223464767,1.09871268814395,221,2.62617360916539,240
0.06549394035253721,3.42617364437568,1,-3.226539708541979,240
0.3791491774369479,3.001597654708379,9,-2.036711607000545,240
3.5312352551431063,0.7297371811550719,114,0.4173355965534886,240
2.484204387300325,1.5610720184923161,84,-1.1769083100834217,240
0.695563629752422,0.9922396014478355,19,-0.3815902957496084,240
0.8525398999847968,0.3022382254126895,232,0.4590599461456399,240
2.8029589985361225,3.3994595371341525,83,-2.4676129245980656,240
5.45078836679557,0.08738093975836309,191,1.5124576258456388,240
5.162624152819612,2.977252573856495,51,-2.8903656313613406,240
0.5549073548658736,1.1067592394387362,72,-0.5211274332940353,240
4.2044576069406405,2.3878391778612027,189,0.3231335614715886,240
4.340641821253605,0.5792078635720235,39,1.0849468830924385,240
5.445563026460662,0.2328269227465948,184,0.9971577297427023,240
4.255290962619623,0.41413435476807,165,0.869117782816198,240
1.2273937741339709,2.347789264521054,74,-1.7232896661142927,240
2.3227559680665117,1.433212849537588,115,1.5661579328656858,240
0.3321488442413056,6.4494142824931355,8,-6.1882765704689335,240
0.3179271845834011,3.1051208529337746,2,-2.251423929496557,240
2.010099571862654,0.02550638792995174,176,1.6404531498626485,240
0.8064599310569746,0.3927126010291437,225,0.47376385038170354,240
0.006294791186756853,2.302005136999028,2,-1.9337598525733941,240
1.900556490014722,0.15538112439860477,119,1.0631340090444554,240
1.534026453687502,1.4692330989083249,235,1.5165147361795903,240
1.1178053430891997,2.9080070036681733,36,-0.8993836093816804,240
1.1162411403670043,3.0098566651572103,6,0.29980051076306863,240
4.161393342005546,0.9013669601250577,239,3.197500239729033,240
1.9357871369207842,1.567252355168694,59,0.3952702631050686,240
0.8062093718518866,2.2386341853767564,14,0.11935081391784522,240
0.1611713308116455,1.0298962344773837,4,-0.7338439317807678,240
1.0411121681830622,0.5496459829084184,148,-0.39041706306866575,240
1.4168764398463187,4.0421399935551,73,-2.6039891326903803,240
4.296531464834509,1.2640676954475416,210,2.491338899760465,240
8.12266443404242,0.734702884773983,143,-0.6061689876151821,240
0.7214535931419085,0.6882034787507773,9,-0.3790513040574582,240
0.5336759225804206,1.2279991892025346,110,-1.1204471537845735,240
4.145408267635041,1.7887139968730763,148,2.1553579796445708,240
2.2976781934583927,0.675331090644949,73,1.4321676577468734,240
3.487803450108507,0.8026780919246814,224,1.4559364286537764,240
4.822587776290947,0.9133079790467761,239,3.422577213415029,240
0.6456860355004828,4.933907035515901,81,-4.544691821937704,240
6.758177742276829,2.762139082165875,239,6.17614963947233,240
4.933537023376195,7.473118118518075,89,-1.3798399845401992,240
4.431826588909275,8.738163127853774,44,1.6798621208359632,240
0.1669181183085748,1.5839630336920714,29,-0.9979905293720482,240
1.971307963645464,0.4652286794203247,239,1.905597698190615,240
1.3038917941903594,2.302567082944232,14,-2.180824629049231,240
3.845315192124223,1.4460509932011538,229,2.9165541606310725,240
1.486437614122815,1.4280756757692012,152,1.0310609109156097,240
1.6235507468949102,0.8114588301159266,149,0.6512879044134107,240
1.8475487217509072,0.8002889199944988,104,0.8677541364758873,240
4.06404036863306,0.20685235409207636,46,3.455651091891594,240
1.4290915935946449,1.1707056515286645,1,0.6037054721166847,240
1.7168583823758652,0.24171188270195904,139,0.5430303850215422,240
0.6128954609836731,2.49231993509121,6,-0.2039944713888491,240
1.4561783472655105,0.7415204881347576,238,1.4382699279294653,240
1.575476437972548,3.1880824759830957,104,-1.5130312015450815,240
2.56366133521292,2.3839859253950237,74,-0.8747124829206337,240
3.3507384321084848,1.6972782343585495,120,1.9977447711048724,240
7.434228758649524,0.3173890767239707,225,6.894746084813564,240
5.353743689627481,0.11152273978883609,239,5.072002031213649,240
7.628030795696243,0.7580003227040015,239,6.944682019925108,240
2.673279354055929,0.5754963034373219,217,1.5369000846557213,240
2.426709138401839,0.0306358641098661,97,1.2132300331679269,240
1.7819452912338887,1.5310517671001282,231,1.6994073344926501,240
3.325449448429395,0.46944102874623267,113,0.7423349976236316,240
2.8504253190017463,2.01531687261765,191,-0.30908226350619666,240
4.122833302992501,0.36685879220783196,158,2.453419698001585,240
10.863932484044946,2.3252342509786517,233,10.117100888570253,240
1.1248654413816694,1.5308942194862727,184,-1.4853195607193777,240
2.751726536537635,0.6697980124212958,177,1.1023084842103343,240
1.2796547606686808,1.6231353357167941,37,0.1747200086010262,240
2.640037823697967,2.505696541214671,171,-0.7907605834448251,240
2.138840239424177,2.9836775224396743,141,-1.5559394066015169,240
0.6332438217597643,0.47615663336817055,91,0.23674329808583766,240
0.7240053172546369,2.2036439143407542,223,-0.19526829069345392,240
1.1406669945379757,5.788070235141194,43,-3.4444884186490916,240
0.4243302988678191,0.6575624554524963,42,0.09813147846972317,240
0.23218954653745663,1.264775217510034,198,-0.2382342973662515,240
1.3239483037909918,1.065225836568824,184,0.37833285407839223,240
1.7796112965841893,1.0252808847678339,124,-0.9306092862267002,240
2.117498826518213,0.7966913325616217,109,-0.335330041569149,240
0.9372531181741132,1.0683844961428242,130,0.36229246092652645,240
0.10104475659636328,1.9259347907832083,1,-1.500894911422711,240
1.8261356751305435,1.112135724918479,118,-0.6185061297102243,240
2.0456540507942678,0.8450129686114183,227,0.44881408985515175,240
0.523338464554259,2.9480785922853943,4,-1.3820558042799604,240
2.948700715687923,1.133779625610296,128,0.514804501018154,240
3.398745287968139,11.606370388678345,239,2.971599275704402,240
0.343231800738504,4.371072506457529,8,-2.674143297262222,240
1.0287633221044492,0.9664746388052929,234,0.9044716834111072,240
3.78288230720188,0.005055398272282696,217,3.0339611631452863,240
3.52651677986586,0.076020228883221,172,1.9025603228592334,240
2.236572867733745,1.5918668097749356,152,-0.566985501952181,240
0.6894075799316275,3.051326183240754,7,-0.03431026442916028,240
0.5367290553348357,5.183784374349029,16,-4.826318580578699,240
6.158268451767357,-0.0010383187408680552,121,0.8334238426267573,240
0.5542995561245513,0.42335023024686824,39,0.13094932587762328,240
0.5344002538939102,0.5224615248175167,86,-0.16486816343532504,240
0.5963659424871366,6.630808988568415,13,-4.39415802856798,240
3.404279584301263,1.8978893952677718,92,1.5607062951236679,240
0.7365295208009851,0.27604867419152557,45,0.25578272026512644,240
0.5464916116379919,1.8834237883919636,45,-1.8654244150584858,240
3.8677522830789384,0.4754160115950703,196,2.9002389963241937,240
2.83919916240669,2.189735200035528,236,1.3464566196216836,240
2.5139267251267183,3.066611620726183,124,-2.3016957252163723,240
3.843786588132935,1.90724719783717,146,2.730357805914189,240
3.7356218755540542,3.8472086797120606,49,-3.262645989749224,240
1.5881121205358009,0.8410015181465622,79,0.0843511970439021,240
0.3163767835650992,2.663541709685143,41,-2.4004357603138176,240
1.6088446188734125,1.4781661611486887,238,1.0211486040785274,240
1.3303707943681438,0.8803031572105642,220,1.1186932995538872,240
0.32121213702956974,1.2785739308658306,10,-0.2625685988640521,240
1.4572600417769337,0.5442856536649586,240,1.255096798987138,240
4.325707470739176,0.5177336039261982,95,2.6676243583174015,240
1.9674725367485424,2.8759950556107228,239,1.6077869821497714,240
1.0164548401849556,3.1150407912205296,23,0.2382674005542912,240
4.692552801650922,0.2716301043761016,199,3.973915798781974,240
0.007083491843869878,4.642048321722097,1,-3.5478849482297052,240
3.555868036170587,0.2297739680728297,94,2.246752373692112,240
1.0987693616666951,3.8716594342318715,150,0.6284517273047024,240
1.2002940338692742,4.0120967795379086,135,-0.7566472459236527,240
2.3317180140110683,5.158006325872489,30,-4.314522714233831,240
0.9420768940150893,12.917797829453036,143,-9.581657165631002,240
10.87346652223085,2.1919633184705174,211,5.835050635855765,240
14.86255885748104,0.019672340294091577,199,12.425727027499148,240
3.4722506672951456,3.2195155722282145,25,-1.4875759144452319,240
0.5508373348775909,1.625696394009952,16,-1.4768697550531753,240
2.525203469322091,0.04007280896130356,125,0.8933153874628615,240
2.6002956822078542,0.5429282792985843,158,1.8135629497578514,240
2.0048064429845507,0.8355433340642751,38,0.08067560052431907,240
0.6984198671740017,1.6016369871676992,19,-0.5204980013522963,240
1.6222821900026865,0.2511325631111747,89,-0.04065955783702366,240
2.0566004722500435,0.6795676138524365,134,0.06589582209355482,240
1.7248327124484604,1.450867965986803,89,-0.1397719392449402,240
0.002014073342713845,6.95772825535729,1,-6.818309622856211,240
5.511513954978943,0.7768938468874074,230,4.577640765019777,240
0.1034249796801522,7.187286631400362,7,-4.901444689192637,240
3.1577499364454273,0.79855203234503,237,2.095758058378261,240
1.364033886679485,2.8771526562111664,228,1.133292553467931,240
0.2650790333845006,4.082724442415981,57,-1.354566543802464,240
2.9740703357247895,4.511178970356608,48,-3.035398099585482,240
3.8895309116129795,0.2676904317412466,173,-0.2284217940271802,240
1.74661375357044,2.74402070778914,181,0.9635368457486573,240
2.6040403699561367,2.003279054756473,23,0.7311440346946498,240
0.4802967511069081,0.6922827372033887,6,-0.24680494033427156,240
0.2084995656777019,1.5977708231426093,3,-1.429011383560158,240
3.4566581336812385,0.9109892199210897,217,1.8562501252809442,240
2.0109521289581376,0.9490484284973919,163,1.120431620660407,240
9.347567577377726,0.09114520940071719,195,6.314505549855913,240
2.1648208218124196,0.37588314822500635,186,0.02893967601377725,240
1.3013162534581004,1.9132547503946005,108,0.037457033168722995,240
0.879722697222225,6.127271263336718,38,-4.621890640548975,240
4.586775729448158,3.3014497322704717,174,-2.752242815760477,240
1.2993424911885876,1.0855883910177615,100,-0.08242049988566728,240
1.2315731129141532,0.41573883559605884,40,-0.15418129002237038,240
3.149538295147237,1.5584678578426447,94,2.979423845875666,240
0.718190424679519,1.6973936222110666,213,-0.3011374071878431,240
5.0772584525220585,0.5176781482554403,199,2.3571382895320276,240
1.1916213942951392,3.0932301340891253,94,-1.2599493300531404,240
1.4999410784155824,3.7058743861912276,49,-1.6688365024042966,240
2.110523614889738,2.610131293469936,77,0.27117084927872553,240
1.1797716386693826,0.8785533479452805,73,0.39385486822851834,240
0.40390038619989743,1.8487845207998324,13,0.03172335017115622,240
1.3729154838074742,0.6932543532097859,76,-0.4723644857654811,240
5.415873903730949,0.3494594355280048,133,2.181356288321767,240
2.812482977629687,1.4949740972422072,172,0.9181380751790696,240
0.642951821418726,6.95756054436809,14,-5.156409632472041,240
3.9046486937526987,0.543556969799726,208,3.1970644734981963,240
1.1576620597320795,4.739900170831128,45,-4.144017671219482,240
4.6908028643138895,0.1002892740668958,205,2.9200387121013,240
3.3246455731041538,5.1657189255292515,105,-3.6405340329233926,240
3.7172416884988735,4.392744461218247,45,-1.5910330261223915,240
0.4828290645427096,5.617617783857341,2,-3.8259284260125384,240
0.1852366496127455,2.202886651423328,17,-2.165660636629774,240
2.7211593588597367,0.07155990009451488,161,2.0262750658359563,240
0.36689485340655975,3.422948542191943,14,-2.721337318423357,240
5.296437089797999,0.30886193237721044,232,4.693247904214582,240
4.91709848833833,0.07527507004245966,197,1.4164804484511824,240
2.9213237385940634,0.8190377970305476,122,2.6451986180968174,240
1.733816672588086,6.064049275115335,60,-5.54460939534768,240
0.5508865013158534,7.90436815107062,33,-7.90436815107062,240
1.3106991315759382,6.020513312965566,187,0.6474066323540423,240
1.1620660520871944,5.461748458092053,17,-5.394464947716007,240
0.01116957395463173,4.8798220637374525,1,-4.497859256046735,240
3.3224620225777604,0.10980595567855836,234,2.947458046669405,240
2.4564405628012174,1.1822372548574198,233,2.056958004107244,240
0.8113645782174466,1.2539993187337537,43,-0.10370526685344549,240
0.08248511630136951,1.8503417981099965,2,-0.6632249216116894,240
0.47048995877893485,1.8596459823785898,25,-0.5431286708811492,240
0.7638229157678583,2.7148230178131127,111,-2.4521393439428345,240
4.261108145527219,1.3554842183503586,231,2.847724575082747,240
3.670093692042605,3.361594016163377,55,-2.644940717932256,240
0.45981341691120464,4.045206135414657,15,-3.2167740293722584,240
0.5348771305086693,1.9060158467097947,7,-0.7390111983272436,240
1.3377317403732767,0.5789527532107104,84,0.10372903495034742,240
1.5985163508121905,0.25820509677516595,24,0.717914846776859,240
0.7511625039560119,0.6957038687957021,102,0.5644700687621779,240
3.766226862063338,1.4960759171800506,237,3.389744916771225,240
2.372562100615742,6.718800739741651,117,-3.548006375536927,240
1.1767329573254868,1.8421320330377078,82,-0.643231421884989,240
1.9494648998881619,0.716406343897787,224,0.7516172417074456,240
9.526613297844861,2.8810447120485017,24,3.0844489417189953,240
2.8213893351831936,0.8310373611962413,193,2.0863403640501863,240
3.6285577066503913,0.7714561790849126,240,3.294056965683317,240
4.124961935350976,0.39405485281263614,224,3.562127952613872,240
3.934260365698805,0.0034847301734142553,209,3.443958830310068,240
0.4442310440120916,2.2460770177611162,75,-0.8691476948062969,240
1.237811742941008,1.5073711569149535,30,0.5089205445424354,240
1.3513093634687252,1.4853235152176565,15,0.23321090132786496,240
2.203739789136289,0.9897194401827814,101,-0.47855297746573017,240
0.9074879477918525,2.396098678539417,41,-1.2906571761270582,240
0.047066672098881414,7.154419411589764,1,-5.271182022517652,240
4.581900323015069,3.2104061365549468,59,-1.9420454179423778,240
0.6506950407149955,1.287289396086899,5,0.3686813338511984,240
1.4351143396102854,0.49237089643531196,240,1.4316998396349307,240
3.5675165260112407,1.030982839877603,169,2.82658735417721,240
3.244228554532993,0.007200596059327972,240,3.12649880896312,240
3.645610307102448,3.1063237812520064,211,3.194813520787997,240
5.297956973264851,0.7831762482217085,228,3.559759081553258,240
0.8320721817293151,2.059777831530564,28,-1.8959654688162293,240
1.4198510182709074,0.41012622083222094,192,0.4208510711589951,240
1.8264069571577755,0.004132142437098882,177,0.673539217232367,240
0.4733193734545112,1.3222375843568734,240,0.43534267225752177,240
2.0452680321903363,3.6202337895992547,59,-2.6526506599319712,240
1.0269784070708088,3.1555488691226707,16,-2.732844941048556,240
5.478628006218994,0.20150495577054753,240,5.327329672424988,240
10.414642329572153,0.007960525912433946,239,10.071202497345618,240
9.719881839915463,1.365310913467,185,8.0064482910267,240
0.3726931552786986,1.062090012462676,94,-0.6218675928101322,240
3.612673099165069,0.06761307021669764,239,2.7514960995610807,240
1.8818867904592897,2.554077883489507,150,-0.18527150625076086,240
0.7652688369653161,0.5073633003517846,96,-0.4213947881471234,240
1.6310981604499317,0.07230045037455535,227,1.5281423191166323,240
0.6970363765303502,1.6463742635838068,229,0.5486488779683861,240
0.21843691858811018,2.0247084662703165,2,-0.6145183191603982,240
1.338173995542115,0.3707103636299797,84,-0.21157615875466282,240
1.6991482841863261,1.9881945465305662,151,-0.45359925178124694,240
2.5397357767547386,2.2553840601587583,73,-1.7736515424548438,240
0.4107325013297414,4.521935163515814,239,0.1676337441883493,240
2.9069662838854313,4.563292686661579,231,1.2421691707392617,240
0.174552852632683,6.584443291848394,4,-4.888887558009555,240
0.19634769997372334,3.630507472061155,2,-1.7274139755160438,240
0.8407375712804451,0.4376837470625033,216,0.2796045622260303,240
2.4571592953335037,0.4383304585267074,163,0.011149900375928974,240
3.0146386606047333,8.066060397345598,108,-5.784872861974681,240
0.6793026920397068,0.44427144831499005,172,-0.1693056923821822,240
0.742611950826945,4.3869034537808576,4,-1.684928606319893,240
0.5924225480956093,1.4610393626413583,50,-1.0154082035959993,240
0.44862361361681635,3.770799531293721,3,-3.7487618800986784,240
0.6151522595863634,5.606565624794024,17,-4.368713225135583,240
1.852368048161241,6.1643979482916045,45,-3.6041301950892572,240
0.7681803331286444,2.61879659021184,30,-2.544854098252803,240
2.79011913509024,1.8372263194638065,181,-1.2373323413181536,240
3.2788386695109004,3.9739171885373556,46,-3.3817354895480194,240
0.4816093237220977,1.12687543506275,14,-0.891881073353853,240
5.729037687192061,0.7195844196174965,137,4.120525307865528,240
6.8168456216762845,0.04320954359679601,224,5.75659144567197,240
2.425459653911725,2.6847421717861195,192,1.1428346134965117,240
0.9185804580860516,4.606820176159139,68,-3.312456803401528,240
4.2432085794370415,1.447851576091881,184,-1.283713946921056,240
0.4296413866934113,1.79082596252829,7,-0.6641609789086991,240
1.68906618013253,0.9279105607416911,229,0.2131504693877533,240
2.46539843617836,0.899023272659651,123,0.3414559545197675,240
8.90968625562851,1.0161153243700114,239,8.600013013915675,240
0.13402030328669773,10.467128261476146,1,-10.440039051237353,240
0.843097282832343,4.576926806520316,8,-1.5276195138749034,240
0.47959731635471914,3.1259725986306663,4,-2.844989905754625,240
0.3613838623123004,4.551105156345002,40,-4.472416734712505,240
0.5200886985616471,3.439119188126611,32,-2.04010672410641,240
3.259306893285565,2.0897987932834456,67,-0.9545496898927908,240
3.1756545830530483,2.1626898216018313,37,1.293189295062171,240
0.8443164129049805,4.387235018539299,238,-0.501453322036903,240
1.4102569236905487,0.31315181958340943,48,0.44187376559209535,240
0.45789803608199026,0.7967844637005663,74,-0.7252378955626289,240
0.05170934691903689,7.6997679912332355,1,-0.9423764652800413,240
6.314141595287896,1.6525846193505453,179,2.8646043548515006,240
1.634650533776566,1.514564316896327,186,-0.15777481417767583,240
1.1986026771660239,1.7157977037287844,114,0.6997721313153809,240
3.511866224713943,0.2578529482546477,164,0.4491317725891428,240
1.2637973109962923,1.1295581438831046,33,-0.6966604082506624,240
0.3118463896150659,2.508381433980091,13,-2.4389688169790316,240
1.4127122342553267,2.19244329429796,36,-1.1651940934890475,240
0.1791438039426737,6.240435466037355,2,-5.847097983467518,240
5.4781770974625745,2.443489559798718,163,4.379789674316429,240
0.6732548527129196,7.996694408649523,14,-7.954587060473022,240
0.868477274935088,5.020181995257977,81,-2.1150131505267544,240
4.9381356234547304,1.1032401866612542,158,1.3392128879263618,240
0.07412704554318596,4.950627684490523,1,-3.401019446707091,240
3.1118954129955347,2.848130868372396,95,-1.6062668777287596,240
0.31516030894817004,1.4733538725112127,58,-1.1664222922561072,240
0.1211855054858138,4.536646723139393,1,-4.482786498479113,240
0.5469717387395433,5.222326204444694,3,-4.955957067735163,240
6.2792194654036555,1.4793450329041067,233,4.932296622145476,240
0.849153523950376,2.561574983524895,238,0.5619061728566053,240
0.32904259399692626,1.697859785024272,151,-0.08021524859060984,240
1.537323847645536,0.5254740527158135,121,0.9772767518471842,240
1.1270718390889218,0.6124725529919404,76,-0.25385878600916084,240
2.333643228643793,0.41181939329006784,171,1.228743733240463,240
2.580838140466449,0.2061055648152554,96,0.6672922742040226,240
0.20599748048752042,2.5942807698902093,216,-0.8516708333908215,240
0.25018958668733127,10.47835440575802,2,-8.925772577128747,240
9.428480925198885,1.5925448154259365,212,9.266148354275254,240
4.71764636147076,0.23729100572262593,124,1.4655209094477426,240
1.7246158812471684,2.6801550208382814,75,-2.042053596762896,240
1.8223060562847022,1.197226531103551,184,1.6394212285081575,240
1.711336398729032,3.150475984431711,57,-2.9211000121785986,240
18.64781404084337,2.823443154944022,181,13.37199471895469,240
2.307400703872532,16.747970200395,99,-11.887688974237541,240
0.44410851118070405,1.9083151660914426,161,-1.2339972063028302,240
2.407917176923809,1.049451476341236,171,-0.33485608278272644,240
2.6398230558869824,0.9234895014966907,156,0.20185562874237015,240
3.1653692906087127,0.10049601132144233,174,1.6201793500360229,240
1.4060255432255193,1.5092887284117904,114,-0.5440024321046978,240
1.7498814301904018,1.6461725589749379,239,1.2678272325038906,240
1.914407488103759,2.250873878532103,89,-1.5287652406127343,240
0.3762663330463837,1.6380033749474199,2,0.09394914682809032,240
0.8235210046436322,1.8520870464475157,9,-1.664372699800827,240
0.8873513573231578,2.4368614070908707,104,-1.9785083666589338,240
1.89885199598504,0.18476853254339243,96,0.2842592808360381,240
7.368029377578822,0.12913780798081637,182,5.695694764225961,240
1.5885729070872723,2.485483982062083,144,-0.6421770831482193,240
0.15059193387412834,9.122499968912603,2,-7.492226995229279,240
1.9363296854318781,0.08012847974931529,44,1.546110503563406,240
1.0655780805718205,0.21258972933798234,93,0.7307196757332705,240
3.47628620690244,4.158282410981333,91,-1.815499154376806,240
3.986649686923842,4.397318313649032,240,3.946528764694108,240
1.2104212126874354,2.975023644181971,132,-2.089617191870626,240
0.9475688238306216,6.177031147066928,205,-5.528475571910517,240
2.8481015686902107,6.008198154168177,85,-3.5214143438901195,240
0.9593875158063977,7.239207956845922,10,-5.485197687678319,240
4.857225175540557,1.026813660985842,205,3.471762487472412,240
5.605159302566783,0.63184278526243,175,4.887396473283234,240
0.2046843423186453,5.494944028932348,2,-4.784038988554499,240
0.5814153175617514,2.994683511224071,13,-2.3432878884717296,240
2.019659370214779,1.4306024187837667,236,0.8447793104136871,240
2.3648341711007315,0.5157941898643916,194,1.997647351184414,240
2.3978295375564107,3.9738177379739805,114,-3.252377193526059,240
4.044538626718791,2.607026511811468,239,3.8921101252182138,240
0.9332784805360448,2.680913529960877,108,-2.5102864393364848,240
3.066904016659376,0.2666577548649652,25,0.7272484223592021,240
1.450656504177677,0.7189657235618419,31,0.005453595880341957,240
3.675137253012997,2.8032323930447887,240,3.05714069369978,240
0.976771379021937,2.187411059719731,37,-1.335230234268863,240
1.8399236207300296,1.426631778364545,231,1.5903986709019058,240
0.7304540833025333,2.1490378787661855,114,-0.3676481391530507,240
1.7728737149561398,0.44934587245450175,229,0.4957101965666233,240
1.955762323734365,1.6264665278313772,240,1.9033054428031242,240
2.7375950930163215,1.7591823382752179,240,2.6651786350862974,240
1.8764249595065,12.900464453015083,31,-10.243024317598422,240
0.2860747320752043,10.219318404737239,10,-6.949242024762153,240
0.01043649602572306,5.165369766335883,1,-3.8105386405954107,240
2.0888841277173555,1.3595372961940653,29,-0.4092262765108085,240
2.5774966970267013,0.6008369935394919,172,-0.4950412460692369,240
0.5238135230602657,2.7062231426675956,59,-1.9845489653085489,240
1.0690233831424543,3.9106885693690026,227,-0.30766120229321353,240
1.9020229629096235,2.3175540152093403,182,1.1077159884660122,240
1.1701613226055785,0.8454275584375512,222,0.48710064625204086,240
0.6857400458546561,6.725779825059687,36,-3.248024136586949,240
0.7971344804411672,2.540166168125528,150,-2.0247313192880823,240
6.3088518230022945,0.6946274675586027,151,5.853257925162403,240
3.838448017536433,0.6297724411180439,239,3.3202194301256873,240
2.475575923845534,3.5379610694201338,154,-3.442687627097784,240
0.6628853375562289,1.1559710538882553,151,-0.26708313492699454,240
2.288394731177756,0.859614609626484,140,0.7944330347384442,240
7.152036037758229,0.5516543223315884,198,6.934619334251171,240
3.8888561876687673,1.7789995963981493,78,0.5545562805176593,240
1.5109338766552503,3.3293099508214357,15,-3.035006308759964,240
0.9210898235812567,3.3562134062691014,12,-1.294047688901342,240
1.3664699847852075,0.551696956079733,207,0.8862630201203491,240
1.3867718411176266,2.8992887868663217,224,0.5256264563240022,240
2.527595220505459,0.21944580417349624,144,0.47900535749717205,240
1.0192386949279528,1.977530240289259,218,0.2281302396825675,240
0.8472589065065429,7.7426402722460645,7,-7.738148279674891,240
0.44843536132692097,3.7894854554528963,130,-3.5520936944739727,240
4.0891826642404885,0.13322446744156394,80,0.6269283316146346,240
0.23559602654992715,1.3515684788425455,3,-1.1943939305178959,240
0.642523465346408,0.7179648748660015,148,-0.5580968991875023,240
0.7440676669787651,1.7585685588406916,13,-0.7134620515467704,240
3.4927649045108,2.074130140375396,238,2.7942119236086658,240
1.1511264495028914,2.2859892429097606,179,-0.8137501416479689,240
2.181065979997964,1.3189229116198113,201,1.1040130022362877,240
0.6504112595551479,1.853201656949653,11,-1.6088801152129637,240
0.8604621284683045,0.8046823420073451,185,0.49475099329187505,240
1.5602105590204263,1.1193841649480205,97,0.027079335635950202,240
0.8489531944684025,1.2941662267240994,223,0.40125887938968324,240
1.698840269933276,0.9632824485618199,93,-0.6715330060593014,240
3.156579121428278,0.18356064913498574,213,2.56842613712016,240
3.771416781668425,1.2631539460134453,234,2.7128486622683523,240
4.11467460857262,0.015863805719783623,146,3.420038215617022,240
0.47399491863525806,1.270560581714239,49,-1.166470158065718,240
3.0148025756318986,3.8440141625557738,175,-1.423719384548401,240
6.2993577403145595,1.9198235574543798,105,5.490033599052113,240
1.095212751969371,6.832460165423311,10,-4.610445117344884,240
0.17200822295569476,3.6817135256520843,1,-0.5689705384136828,240
1.6408436598784175,1.6419009045046509,240,1.5822723075862621,240
1.677479290069655,1.6464699236034972,124,-0.9587416454006706,240
2.971261564053692,1.279333200106123,240,2.93547769943652,240
2.348337879846158,0.05311485014070565,58,1.0222176653447659,240
1.2365938697756793,1.9771385100392043,227,0.32958844063634823,240
0.13105872549776523,3.570436513759036,3,-2.198932188497243,240
0.738366829730211,0.42946651493622845,28,0.13553582901898156,240
2.2755541607465837,0.0,64,1.7473656458013627,240
2.7053596950124423,2.6376191924128722,160,-2.528978763715668,240
-0.002539349781668425,1.2273947169984467,1,-1.1220117010566666,240
2.090416168647121,3.3815770219116175,85,-2.361778788655275,240
0.7959390608344529,1.5968883246269334,89,-0.5809558066348205,240
3.948508056191669,1.7031286313281806,36,-0.6563005048560767,240
5.046219485906199,1.5757833943164792,213,4.619441202297396,240
2.117444639534743,1.0487019996140103,111,-0.07522103348013305,240
1.092948502629607,4.42873754594971,38,-4.070544339205576,240
0.16030406204800332,2.501534992946763,1,-1.0192171846262805,240
0.7931363245420705,3.9619392367813213,26,-3.525327545070536,240
2.7435570251287706,1.553319753052777,89,0.4376225929653703,240
0.45953056937373843,3.288955607019393,240,0.1731029266853417,240
1.88323388717827,1.7821361751544793,77,-0.8617476492668196,240
3.7826342076315287,1.2783770447950824,204,1.7264679677129255,240
4.499584439888157,0.9304408047685199,238,4.337628128444452,240
0.7219693418803144,4.908121981288106,24,-4.216554865280551,240
1.2695347337366603,6.051291311766981,40,-3.5678617223403144,240
0.5937912559369611,0.41194268380625676,9,0.2814648683570147,240
5.768051869147559,2.6356880710779094,240,5.768051869147559,240
6.342935615280821,1.3990100750179721,200,4.208379353046628,240
2.3771899829629874,2.1605733128575095,220,1.075710247905512,240
-0.009679653317303562,5.533535146396859,1,-5.506109461997869,240
5.132413711626736,0.7933707792056839,235,4.989323902399277,240
0.3002256558180638,2.729169944695685,6,-1.6132464477314996,240
1.3046765007636176,0.21511231774915923,109,0.3794905982933255,240
0.46043256886596207,1.3919162668021021,225,-0.276967445333138,240
3.913705088986033,1.8034157379012616,29,2.5451454720830755,240
3.0264210474085216,0.6339251558681914,157,0.334837188886399,240
0.8668442578959592,1.782830642475855,44,-0.7333224330696863,240
1.2796209605116984,2.8192043646779226,218,0.4482847516039193,240
2.10333680100422,1.7644139648525177,98,-0.3042977464043378,240
2.2788912169919047,1.609885971266489,40,0.628297602744877,240
1.2536035744980027,0.14982129524838783,137,0.862135028848907,240
0.46382474837058996,1.5600048943391662,17,-1.4869122955415885,240
1.4080893705378932,1.7895761383266615,110,-0.9831813446267093,240
1.9752243360778385,1.3071337518162989,50,0.2614267503632304,240
0.014169129656134805,2.2733581359246973,1,-0.9258739056352334,240
0.6703802738740978,1.1469332076931869,68,0.11221582845289285,240
1.3541631030365466,0.17320690852804219,238,1.2596866074759359,240
0.9125777669759401,1.8602203911656614,202,0.4308817199983669,240
0.09544565238465916,13.74949619167657,5,-12.748913516119037,240
2.320101684074669,0.5707650493004989,229,1.5002967010181938,240
1.9971937648582656,3.563864559225931,44,-2.7080648996821246,240
0.150468336205057,2.3420538481579256,2,-1.2363954795717464,240
1.4719755097382388,0.173273028708709,59,0.13805493344282688,240
0.03507250637770661,1.8196441544189983,1,-0.7447749883732658,240
0.9558491639731883,5.551277836921134,60,-4.000942394268747,240
0.7592087410750326,5.712346788372415,45,-4.49288119010165,240
1.7766243847719334,0.11338711041659912,129,0.6404900648287017,240
0.6425560704290226,2.0676026444026596,29,-1.1280428791975656,240
1.8073672725376124,1.5032922493695449,239,1.5067088226636414,240
1.3383765073252445,2.0614113028150305,232,0.8380178724996206,240
6.352567312834338,0.9948525817069928,229,5.822028054476345,240
4.04107445582663,0.7138840991347447,122,1.6076015972878543,240
0.46871426028740293,4.400055118447158,180,-2.1622235221586488,240
1.1917432945698,1.6616669382544653,240,1.1917432945698,240
1.4812302786318996,3.7204688054211448,118,-2.786210387675238,240
1.691790012803542,5.2400901725266245,74,-4.060885632998921,240
6.108763744875534,0.15350630544463165,139,4.37689773473055,240
0.966653654321673,1.6711369486146062,16,-0.2884511069329601,240
0.5221031031606348,3.9400948468329324,7,-3.0872183491235035,240
1.6183464381483919,2.6694595384796753,33,-1.1124024939365453,240
4.74250968536234,0.7471171055055109,193,3.711529318979341,240
1.5947506777476093,8.943531225144246,88,-2.6298274767506125,240
7.051578232564204,12.1827312577497,230,5.572807496876843,240
0.08487025380563874,2.844872393705321,1,-2.202329370905917,240
2.4996610912025994,0.04789328546155014,54,1.4699554537801929,240
0.18618197342338993,7.707360832122226,39,-6.7681443846520155,240
1.0163783972243006,4.456428357059875,31,-2.0922797682108762,240
0.25067225074505567,1.1589522242239774,10,-0.2311393480896881,240
2.7671780299504127,0.4008726659761671,239,2.6063775939150475,240
0.22655570507558112,7.339128474277903,122,-6.885662516857541,240
0.006408505455010311,5.9342760513449395,1,-4.646166454886702,240
1.7555570645904643,1.9665423807430185,62,-1.2832949638438431,240
1.0454359621030949,2.8691920898247627,17,-2.5110838694594158,240
0.5683681174064723,2.8812165600563655,224,0.21736962483888062,240
0.7812104121844425,1.507945313059615,29,-1.275042764707428,240
2.398312172999607,1.6754966247524055,150,1.3554306993294338,240
1.352853600881892,0.3163290037356394,238,1.0962093148322531,240
2.0260327664611255,1.3473671457830467,46,-1.0406944264880762,240
0.9602165972194978,2.9333425584406028,45,-1.567022472009054,240
3.286304152399771,2.0844308544608743,92,-1.4613757492566315,240
16.978392724144822,0.8403937065074519,240,16.463312710478878,240
20.311061914382584,1.2511119075623336,240,20.278775155477657,240
0.5378936661255197,1.613429528686989,105,-0.5118665532484923,240
0.15029004991651318,1.421445586614622,2,-0.41602236145771504,240
0.3026275080792148,1.2520471412689387,148,-1.1881096628463133,240
1.2438440667478232,5.26736873013934,20,-2.7254455987980544,240
2.063539145084347,3.4102656203713746,149,-3.0043943844705545,240
6.3730881069443175,2.5586610333552735,190,1.9151070559973482,240
0.5967802416364558,1.7525996819602714,31,-1.4766183053931698,240
0.724363309610484,1.9087103959739384,64,-1.218603979344883,240
3.395541994448402,1.0485336140844526,158,2.8438426219213606,240
0.3808867485501457,2.0748461812699324,59,-0.573821532745055,240
5.287065048662916,1.0744118173910582,183,2.5825111635060556,240
1.7827894584508275,2.372679064523505,136,-0.7263083175319132,240
2.870801156939004,0.5030310062940501,58,-0.14898689039922425,240
0.6051786981725967,1.8939577840121413,17,-1.45302073742187,240
2.3983564078983086,0.0671481404524255,209,1.8432164554188606,240
1.634075772022894,1.7305163175863094,39,-0.49343073312241986,240
0.9821935414042844,2.8998206924571988,23,0.38559320608711056,240
3.438273206750546,1.7770210959718435,226,3.1690939028040646,240
0.5686784717922817,3.443664079186565,13,-1.6270522942944792,240
0.48597254425784053,3.0771539524378424,239,-0.16716648929030695,240
4.98508767650506,1.473239319386001,237,4.593040231026602,240
4.236255836734182,0.4168355030802619,60,2.7275376516034697,240
0.9972031470052654,1.2937520027401614,240,0.9816842690626397,240
2.2225477823982747,1.1096931317523062,50,1.2649237094417158,240
7.929109606688806,1.6059572182791264,211,5.258901572735793,240
7.101302940762668,2.6893007134710922,151,1.5271955044563335,240
7.6529223222978455,0.02759577743531038,31,2.351773476983227,240
5.174809152370948,0.09970353863649165,228,1.8415830077572433,240
0.5596749427108595,4.334386779912917,20,-2.6319848657212157,240
1.6787553822987784,0.08246359121715557,208,0.807804302457331,240
0.9106731377269299,1.669472140536605,74,-0.23267041246370906,240
2.2066492947072045,2.514133212822062,50,-1.5803769026641938,240
1.9884981721943047,1.5632401502552742,15,-0.3648046756829983,240
7.679398535141659,0.2595290666123072,222,6.434989933693145,240
0.706367313747461,3.7440499247988632,2,-1.664359035396364,240
1.441490557704296,3.33723234157621,72,-3.2282120472960094,240
5.517520597185009,-0.009947452999647954,154,2.4407733843676307,240
1.8336105011779693,0.49276187143164946,128,1.096143754817486,240
0.6736746203533511,2.008118216992285,105,-1.2441040881623258,240
2.6204799555348375,2.2456298426899957,208,0.6282210224528464,240
2.840774093042731,2.080862001075879,58,-1.4552546141851646,240
5.491235328122798,1.2761841416977928,96,4.686803525425391,240
0.23835458266507378,2.601115889707432,18,-1.937346047901692,240
1.831898177722845,0.6560038867451556,226,1.0028228430147932,240
0.5598777770472926,2.003809762812492,7,-0.6409218849648933,240
0.0073112395047954986,2.490451883300131,1,-1.0796263668674504,240
0.49083315429308666,4.107498501715815,19,-2.8804156159831718,240
0.17797988185530084,1.9639159377139854,2,-1.7695700897109905,240
3.203345177202993,0.0328211596024591,240,3.1869345974016885,240
4.591028527036987,0.06578396833598611,137,4.012822068503655,240
2.0981091518423662,0.8991896365038884,239,1.6169638200287921,240
2.942603413666867,1.03433616232266,240,2.8734632958645463,240
0.32817762406314666,2.377766266215684,4,-2.2324037094800886,240
0.5964011153549902,1.7855820408338459,59,-1.4680214282674802,240
0.23133363055015424,2.3260121208755904,16,-0.34541596890390763,240
7.873890164410086,0.7600760048643007,151,2.276321081857791,240
0.9246342319925284,6.0311136505364145,194,-1.696698695914796,240
4.127241885927755,3.202456254246092,172,1.829092706317557,240
0.2574624367600222,4.554461493278773,19,-2.2652658069691163,240
0.8048062708358391,5.270971702916717,228,-2.8906807512612156,240
0.21849432067145486,2.5383972799935037,5,-1.923803611055426,240
1.534080528107824,0.9581080554608595,209,0.8224222325777361,240
1.021067696960218,3.7115426924469,111,-3.554543937538481,240
0.28285115113705317,1.871144679231282,185,-0.903914646096848,240
7.141538501487633,1.0904067548060312,240,7.141538501487633,240
7.750062741706635,0.2176120165533894,229,5.562115836143127,240
1.5393215030725858,1.7107829523881626,65,0.4473323845269623,240
4.3652474894487865,0.06564281939028281,137,1.2946554242459254,240
4.0169772307433504,0.564975700526465,190,2.6607665134319833,240
0.5071569006950777,2.8039026966355025,156,-0.1734097766709968,240
0.35161708851392354,1.6452530932700709,204,-1.2938984055685245,240
3.261915706745094,0.02436083425509329,132,0.14129283867900935,240
1.082223733203053,0.9320674791884032,49,-0.7722559449821256,240
0.5560993567154128,0.7556500343346411,25,0.13815046912116735,240
0.7359240793673038,3.282328049641577,46,-3.0876814634321197,240
3.153152809601746,1.6623981042556082,214,1.023821088682318,240
4.442920267524387,1.257599752230818,135,2.1481856992190127,240
2.5380118998391894,2.7451916903510365,112,-0.8586900617076031,240
0.9674091734732585,0.35340777923944744,6,-0.27308782941235193,240
4.2705611430481705,0.6443302777229772,229,3.652453609185906,240
2.1951449613184066,0.3225094492931726,240,2.0980453421764476,240
3.1062079005786147,3.4122982142087865,134,-3.3185739831156322,240
7.488906699249615,1.294587403853716,213,5.915701571522962,240
1.054754315956722,2.0270460217568593,239,0.9628948037124396,240
0.4871941763682524,3.2383745135224915,43,-2.8353512318514507,240
2.927985772270838,1.2356008602172517,157,0.006851760777486856,240
1.381247709786671,9.589805527946902,29,-9.427305797383815,240
0.5197145605160254,1.674162477727842,135,-1.5719235477902618,240
0.7246420714442445,10.575913445164069,6,-8.921413043518276,240
1.7151289975461521,12.470219672766879,29,-3.894574685035832,240
13.036780225096972,0.9352748459152085,29,1.3185790115803784,240
4.054078962889898,1.239309604045993,178,3.1196776725286695,240
0.9834169140321949,0.7551652663818871,159,0.49316321576466454,240
1.2702532194262486,1.8227673107024815,131,-1.5740477712099659,240
1.7532451353359244,1.7164122543416702,240,1.7532451353359244,240
0.0586400976466626,8.48515907558994,1,-8.27287771851809,240
3.9181457181404555,0.07397962177284649,96,2.410502676096257,240
0.8008628956455448,2.7417171790773622,222,-1.0609606458028966,240
4.527913317470289,0.3602662066478184,205,3.066887795645855,240
7.229646784643222,1.4055215767511147,240,7.129013395793237,240
0.9417808869938463,0.978892648679446,134,0.8429405166756376,240
3.30852022587694,0.19606045782970227,240,2.879637974374353,240
0.8575003124699818,2.769545015584131,9,-0.3753057918776024,240
1.2562370012742452,2.8137351772896246,231,0.6669730898000019,240
2.6654827038715805,0.8531913660674189,141,2.010173206291737,240
0.5843596563671613,0.7030577115667392,238,0.39489929902938326,240
0.8400798399952818,4.298232094668287,52,-1.0585198442094053,240
1.9562229068708545,3.2148554339150537,37,-0.4222342511859562,240
5.247435137838513,1.8635669048140826,237,4.619040026965877,240
2.559386562613237,5.7484947201373044,149,-2.0531342755027673,240
2.8252143195193438,0.04275677561341052,44,0.8407885543383683,240
1.2069801464713807,0.42767979018026925,191,0.5782647862207085,240
0.24005171801570394,3.16868267780755,7,-2.8740737511519088,240
0.6780559071179619,4.616875052960338,27,-4.233405232829909,240
4.176655023446552,0.44633473841607724,206,3.5881812304032037,240
3.0959745212499667,1.0542915837722748,138,2.335903844576961,240
3.9269190879106084,0.5430349061297057,228,3.523559826758631,240
0.686996490061305,2.8041298041576224,17,-1.960270816861014,240
3.040104498325278,2.8115487533433168,72,-1.5654503080975328,240
4.555903762698893,0.6776451816675886,232,3.979065302271144,240
1.2301997420006614,4.595569282577805,34,-4.048857015681081,240
2.026046750060946,1.6372815773464189,238,1.6661364544911916,240
0.12655439090656745,21.47545909047681,2,-18.264035251429245,240
0.47877505240106233,23.06296734562912,1,-15.594387421063496,240
0.23855465993050953,0.9937779551880062,65,-0.039918945606476554,240
0.497915033663882,0.7059501586666537,229,-0.18827412210417177,240
2.611965472372332,0.7901266608481365,205,0.264322947693908,240
2.2931478008819637,2.1179397406701486,202,1.1980974245577372,240
1.3052944295262796,3.1321427887768447,70,-2.5908543860359177,240
2.4371218472964666,0.45025237135867396,145,0.09685661476899977,240
3.57794018645185,6.518240991146018,102,0.4575715276438025,240
0.6778359470194377,4.395352801818712,14,-0.41992763547053524,240
2.4022642103252947,1.4244843842325055,183,0.40927464324055823,240
2.882637579492365,1.1820825886792838,220,0.37448422393602304,240
2.4704857335847663,3.8226271213416427,238,1.585028713569085,240
0.26734187688768624,4.964296013182306,5,-2.0475808346754114,240
1.7710540918120716,3.8165103237443643,99,-1.6610061541877525,240
1.6102630365849884,0.17505570087948022,183,1.20185169526335,240
0.24895327072309495,1.3801428694817757,24,-0.2393613758791499,240
0.39624309984107436,5.0869872509163585,50,-3.5787508760284568,240
4.267338452411165,0.28966787104878133,206,2.155461026125827,240
5.784926148616105,1.9535307334433127,188,2.6996108280967093,240
2.210396189042595,5.064951202029777,53,-2.075957800891518,240
9.565717801235447,0.6615841329155783,157,4.2216423538413155,240
7.519612795669675,1.3771738183316893,97,1.9012311120331333,240
0.40142298135376075,6.558973071635682,27,-6.51836670068944,240
0.7128279373555865,1.0895085826837365,204,-0.9597552620604546,240
0.35255377778537994,6.199689108124115,16,-0.899012133352508,240
2.0444864898205286,2.915586814489094,96,0.596870130890717,240
2.3068553073829374,0.4638001292566666,81,1.151276916594556,240
0.8005084675130014,1.3124700192359158,88,-1.2069484485183193,240
0.9201675703052835,1.1349913069113289,43,0.06193435569369139,240
1.0578062522567335,0.9509187009333004,180,0.0027673152445565003,240
3.4703296915626676,1.2719523075949453,45,2.083069557952221,240
4.334579088893508,0.07703406204923968,212,3.7338103031004803,240
0.031563379718524964,4.328917528399698,1,-1.686361237518537,240
3.9966231609919842,0.06589471271033606,77,0.9577489775313994,240
1.9082296296299415,1.932550203340846,135,1.32865164996393,240
2.139559317817369,0.010289310944530668,15,1.3884396188625128,240
0.4876763220806106,0.9312412180433913,28,-0.8973093517988407,240
1.0107168883563875,1.3577722500858325,34,-0.08840089402549628,240
2.339579284292498,0.579942901005771,239,-0.13995262616657467,240
2.8674679173693285,0.8288160692669057,193,1.7021499052877762,240
3.0569073302769514,0.6829190590499187,178,1.6500013347171887,240
0.06277982978052353,2.7755293166050587,1,-2.310297735916985,240
0.5546353763683722,1.8286868157659932,192,-0.9264967727038496,240
0.7429274445484145,2.646047893519733,117,-1.7101757000233193,240
0.8384263884338212,2.263715916854409,28,-1.8785980224620922,240
7.1645290796452565,18.13954433077436,134,-10.47455781598662,240
3.5315060576523583,0.6403595081708913,115,2.9072721479183086,240
0.8491379757560701,1.8965575104945167,89,-1.392731910763419,240
0.6712744502971222,2.219291185744889,75,-1.0204803060493226,240
1.6520198012931004,1.942846296021244,210,1.2865286948122083,240
3.7155914534301813,0.5372737093433458,233,3.356814838991894,240
4.109769194710805,1.6023118460078885,112,-0.987097555563598,240
2.2838334003858454,0.02214242908952062,235,1.755578306390777,240
0.4977101637262435,1.5372607923619286,81,-0.7873774790145434,240
0.448764345770524,3.0231089671943043,9,-2.3973281768670587,240
2.203985781149388,0.739987595349535,133,-0.0672715995771783,240
1.324897241352365,1.6681180122859218,240,1.0483686581358385,240
3.235996901978642,3.5538876609796177,52,-0.5384489205452349,240
2.784205784240358,1.3316455505128046,123,1.4127833510397327,240
0.04515810355992662,3.3997334246248276,1,-2.4159585404587474,240
2.5641503341094354,0.49735432896459886,48,1.709620461119524,240
0.6214000903817063,1.4717816258973166,145,-0.5724536128346444,240
3.883482688769331,3.9867234734274644,142,0.663007714854139,240
0.8573613066086877,0.3383127865580408,73,0.5317919209206678,240
4.526471459483961,0.8066258044991551,216,3.754789733157894,240
8.356792982951614,0.520672459997062,240,8.276896691676265,240
12.587824426515063,0.8039662904741586,227,10.080550834127191,240
2.872445494054147,0.882332398988867,28,1.6398188865694654,240
3.0924621536633645,0.14563506878452143,151,2.0461006198546365,240
0.7103007200725235,5.13817974234658,62,-2.1051722768340033,240
0.99469154985859,2.421990144372343,5,-1.207533108000441,240
1.793055674344108,0.06198217145882127,72,0.6630616580105521,240
0.622794046663383,1.1113517825171582,162,0.29812948098421954,240
0.6848444048873228,1.1177132444668845,227,-0.12160490596437376,240
1.1932989707006736,0.8201593850540976,119,-0.5744854212219397,240
1.8878146761471497,0.3887893080874196,137,0.5569673355926453,240
1.1291436222292022,1.7930425901538387,92,-1.0745605384159023,240
3.762601385822246,1.8272618036419,166,3.2500942604654197,240
0.36297730728669686,2.4224054230234144,18,-0.5116423448890263,240
1.397000210652253,0.8925279123610995,166,0.7062612176075207,240
2.854862546269383,1.4009061788191222,167,0.9498207425553306,240
2.5911004223596428,1.0698856914254382,228,1.958497711080837,240
2.0109252763790146,2.9192759417102403,123,-1.1671444261138681,240
2.0401777717124836,0.5053374990103255,199,1.327923018077623,240
1.4449614563946482,1.28237051211801,154,0.7159246417345935,240
2.634978145635046,0.3315701765717413,240,2.634978145635046,240
0.4692351381111883,2.8984474307376766,180,-2.5310496347873865,240
0.7142635148023716,4.238347533803952,15,0.15744518337038707,240
0.22822477870646843,7.66320947093234,17,-6.258502030161649,240
7.582914266047049,0.22976599379234494,202,6.442676654193341,240
0.3766052442335563,4.792595472595119,2,-3.6578325445677358,240
4.917828015611376,0.03770654358931706,112,3.7450906005825444,240
0.10620626848079599,4.995646479752115,1,-3.7179603707955042,240
0.619655608832255,1.452659589117224,33,-0.7025111449220256,240
1.423653685091899,0.1526606540834638,96,0.8675593268638812,240
1.2067598718439985,0.19270296014788238,81,0.8340341277950467,240
4.554503901408529,0.13873463451113452,123,3.7066811349512525,240
0.5220813434785034,2.6234587509796174,16,-1.6814282268406315,240
6.007674719651756,12.325853301153865,194,-6.058932500020677,240
5.131699682035896,0.21723847341377117,54,0.8363929783032983,240
0.021051850761390527,2.5005937513043497,1,-1.9685311057577686,240
1.0362391732288807,0.9762542717394307,220,0.037490563430923274,240
0.5087475887610129,1.2391366391165712,89,-0.5722013942980999,240
0.21126005853860486,2.7774555016536917,20,-1.0543731769937439,240
8.91457360091286,2.1965303829338896,215,7.858055331928464,240
9.581624273769748,0.08667511377420774,155,6.6037150076673665,240
4.248966905400277,0.8309158910213871,198,2.1245791803373724,240
1.1564556546587337,4.836980126704176,60,-4.4077902149540735,240
2.002993248839852,0.8338523558673139,107,0.0,240
0.8332824857320197,5.850483334698084,7,-5.340360401205741,240
0.4430684030099392,7.10421503651704,46,-6.860527414861453,240
0.4820384103870338,3.029129370872203,2,-2.214622182578134,240
5.936482157227323,0.08272761792061141,211,3.8993145659303865,240
2.072284323533013,2.540553616215573,106,0.06094245424319103,240
1.0562218100050484,3.3600768060641863,30,-1.0785915732300944,240
0.3112049617981119,3.037395393999735,19,-1.5909916586310882,240
0.006780405375617199,8.808499961139102,1,-7.928805145200226,240
0.5686124793440828,3.309005859044395,2,-2.714312137473347,240
0.5700616856406404,4.75829900055538,61,-3.802171314058875,240
0.7005326854589837,3.956483736997538,43,-3.135739922274419,240
2.3560617228192715,0.20191472361396182,233,1.9997278594772638,240
1.0569333939655747,3.5383252915323786,90,-3.5383252915323786,240
1.3013738763770655,0.9209286491298143,149,-0.8729171907392668,240
0.07091899008108106,4.275042476275445,2,-2.5125911872923568,240
0.03669747978322063,3.999305737949342,1,-1.6518662958652897,240
1.3250623340701002,6.62116826092555,53,-3.4230086395239447,240
0.8673407522807822,5.218917934015358,115,-0.6494726877986706,240
1.1664937324564515,3.047869908588633,7,-1.4155887482415288,240
1.564336532482938,1.229360408401659,61,-0.17899487546325293,240
4.988199276065373,1.8333444721522283,212,3.7662607736637397,240
0.4414034550524917,2.6457011829613726,9,-1.6400962500526963,240
1.8114964872419606,0.06038321624134377,240,1.7988160118313379,240
1.6722221726538367,0.8240422436774836,117,-0.39720241630724445,240
9.280243235596371,0.799491498023727,240,8.319593569553398,240
0.1599671601562938,10.60065206268762,13,-2.0187101557785883,240
0.1401070281492752,4.772826303182451,2,-3.6290017127182153,240
0.7449863699638568,2.565975252077305,197,0.31661253889986496,240
3.078267695906732,2.649374034449956,228,1.831802397463687,240
0.5021921976343848,2.1569533014391906,59,-0.12999358473564016,240
1.9066810638849059,2.6154927223796314,218,1.1941531611130018,240
1.6647591578511525,7.394679538246269,1,-2.2789876701386587,240
2.5564718958370305,2.843749125192519,118,1.9499398144997213,240
1.0964756528420188,1.7638956154413552,196,-0.386172931196417,240
0.8593072127530458,4.082678039846883,33,-2.2565291153380005,240
4.254530763435705,0.13846364901048952,149,2.1005788648469785,240
1.4792319789118828,2.700089176647114,111,-1.661984872914625,240
1.424202504868004,2.684468030758368,14,-0.8902159207272562,240
0.4156316803068895,1.31156676626157,41,-0.772434252203813,240
0.5858165089844505,1.2187846162486764,26,-0.32985068975158843,240
0.3836719740271516,8.097013339865955,31,-6.2032084760686015,240
2.57322466263152,2.4973039019241328,173,-0.49678122412452264,240
8.458831283410692,1.6632103709067332,195,7.617452506099663,240
1.0999073963607162,0.3707120460865125,236,0.5412350581228099,240
1.624219870520623,1.306361788332742,83,0.2640667144330014,240
2.044372731564547,2.489820051933023,202,0.4620713085757392,240
3.771608434882091,2.333523655088464,152,0.9165011422077756,240
3.528138605432429,1.8955688706557727,122,2.7458980925897647,240
0.3266074289901204,2.8092690101723026,183,-1.5447548416006938,240
3.0719131110012086,0.9685308314965012,121,0.6571576083433148,240
0.3159988563885037,1.4412484017382985,177,0.14969633562350074,240
0.6645586553504726,0.8290840066649646,87,-0.7093558278670234,240
2.1042939030813055,0.33796289714829303,198,1.3968296836004133,240
1.5010168074420063,3.50588008138166,71,-1.6350251121061226,240
4.675855423709509,0.438858669663344,240,4.486946583043577,240
20.03057811100068,0.6110134701986315,174,19.90373154259207,240
0.6359115318644785,1.5063498817198953,209,-1.0811598141404712,240
0.021357372002573583,2.271000556275762,1,-1.3058253198585388,240
2.0847240921736705,3.1554035625029067,153,-2.3089232031190594,240
2.3363354616888046,0.22258783410071145,108,1.116788433800059,240
0.3917173251455433,2.0551985220635935,6,-0.8343754683591641,240
1.1860968903693563,1.0705594052595975,60,-0.12062641186029187,240
1.4889871007741275,0.46283992547891306,30,-0.4609226101289173,240
0.9575077057028901,5.108350144033113,90,-4.938090054568502,240
1.9656062786343504,5.306309908997685,147,-3.4487706235225493,240
1.6574692966068971,3.9263703246151054,84,-1.4506088539724906,240
2.1431441345067803,0.7564978922549467,216,1.3172921206670014,240
1.597071457703509,0.29109952275045436,51,0.36110685307441176,240
0.5625200526735745,1.8064769594161971,151,-0.7729592090695887,240
1.7728315158977244,1.3167621656265436,230,-0.8237654008353791,240
1.606698390342019,4.498399240542546,170,-3.718206452327866,240
1.3490122449081483,2.12504196929874,88,0.08984143404230073,240
3.870808619871065,0.89277819023918,236,3.514778952890273,240
0.8673121252996391,0.27144883310908274,34,-0.14168304947645716,240
8.11665509091526,0.9329729474841605,220,6.484476313310053,240
0.8340720728474218,2.438096604758609,224,-1.5586926544243493,240
0.4300104288758665,1.1481953860035607,12,-0.33424088913825756,240
0.6210932774391716,2.3964282742660075,47,-1.2657480995893808,240
3.615307473137808,0.7454906134718503,169,1.8358566879871563,240
4.535872440011989,0.2496424398052092,221,4.456793157837639,240
3.6623756653290025,0.7064362771793475,237,2.5748829605431345,240
1.4738326437569496,0.6616153550431997,66,0.6000235352044431,240
1.7651645701588727,0.3397417144942153,46,-0.3397417144942153,240
0.07126383067115269,2.8235969082933363,11,-2.0025136418631106,240
0.646211015716929,2.4018131971442207,52,-2.206218060490034,240
4.895697158441047,5.366655800855624,197,-1.0277756968512761,240
0.06560882020083277,0.9696761222900127,1,-0.6027115347261536,240
0.20333382878264575,0.43622199314427534,16,-0.09457387385242587,240
0.5419476003994405,0.4128042518766265,231,0.11866544243547389,240
1.1337457127006323,6.0738969161325205,23,-5.610190807481557,240
6.620729830996426,0.8602757868335287,240,6.359253367325659,240
0.8963798220515818,0.5736202236227538,62,0.12042095790432919,240
0.578136437798146,5.007722864598958,177,-1.2839097606560324,240
3.0200611704324483,1.1749998511447504,239,1.469417427482456,240
4.658165547857629,1.8360299506394222,199,1.7912301071187116,240
2.104465009141095,5.623500850229315,214,0.5054719760361581,240
0.4261209464326861,3.4758508731335653,11,-2.8522012424285768,240
4.265567741654172,0.005167670809212816,227,3.045480663588655,240
0.14335298417579964,3.0752073695469426,73,-2.5373689946485545,240
2.76650049184014,0.4472771747182099,238,2.323050046850332,240
3.2189758198149736,0.14420301174943467,233,3.047661706990976,240
0.8522717759405409,3.2885413567481154,7,-3.0776975040363097,240
1.0899814220521085,6.803733241618972,152,-4.81840993716684,240
6.086369786417863,2.3625535676765854,226,5.867496771963161,240
2.053748771605163,5.925174132004169,32,-5.6483042397474215,240
1.9759928933687445,0.5238642096640326,224,1.407305021588838,240
2.4082169886546105,0.292097656585602,179,1.6375437266802688,240
0.8438179753402355,3.161445107306957,12,-3.036021331093376,240
1.7354877606674077,0.399067749073959,153,0.7707186298910215,240
1.4378730953662675,0.16196654170752506,221,0.22043579120359874,240
0.5342447347468312,1.936314996576449,161,0.27651123073387135,240
4.337629881762463,2.1160340463022025,214,3.6961020994708274,240
3.9227338529668248,0.6787455343249412,94,2.9354013795258824,240
2.479631614212569,4.207310100778343,69,-1.3806231968825173,240
1.718452726610187,1.945546428716887,213,1.463996237680075,240
1.105792859279387,0.7760237721649393,77,0.5353415578380815,240
0.41492256902195906,1.504094312704554,108,-0.6608645756599398,240
2.5820656049727715,4.379121696660247,190,-1.4160955925932188,240
3.7852756719291647,0.449771186720036,238,3.392983776041454,240
3.976004767512638,0.5529361844496307,109,3.004209425447721,240
2.799098485976835,1.637613544894109,79,2.0077189759988476,240
1.3698778155930484,5.058979544187063,5,-3.6594772269892544,240
4.585151325545931,1.7280362249768841,221,0.916002012148712,240
1.7455098654622179,4.652666677873295,144,1.415512975474359,240
5.0907778141130535,1.841729797809994,56,2.5719575849844136,240
2.199672772301789,1.9206545876894308,20,-0.9618273916114735,240
1.3775646702417101,0.5319103402442704,240,1.281987030979075,240
0.5543557356674931,1.6447538616731925,103,-0.6586340784823935,240
1.978907130999931,3.0352646074018352,16,-1.1318388117779077,240
2.1548329403500883,2.9687423432900455,55,-2.631952245521885,240
0.8578549495846898,0.618680361521273,107,-0.04247952255169866,240
1.1544288000579639,0.5492739045377707,124,0.9078277033331804,240
1.1115105194337256,3.8753930456252266,28,-2.5935245453450047,240
4.615772749329865,0.324519550065098,100,3.304920907205432,240
3.5517902201791416,0.3399520051218536,40,2.4681932038532937,240
7.38702121050888,1.9339346397332808,226,3.8678692794665617,240
7.756501642065074,2.2366674909764765,181,1.6611745781522984,240
1.6075817898875708,8.246223261706747,128,-7.002743117249612,240
8.455326490813814,0.25087742484217607,199,7.822636587852244,240
1.5981004229860147,0.08874521145910012,49,0.31189564646247236,240
0.6159201991938956,1.1279160572626845,19,-0.9931336353255982,240
1.381655070530689,0.2420521571456014,193,0.9687425671646153,240
2.4839192101413796,1.3997991268405698,100,-1.3060212463568697,240
0.6863034923046877,4.6507112811008495,231,-0.3974635333129873,240
3.5500936904719707,2.5445554025789905,21,-1.9466677719399412,240
2.687241955162196,0.7956618618218758,13,1.317344165764061,240
0.7633887407049907,0.825638132011161,208,0.04529754813794281,240
1.2383466435319666,1.035286343771333,93,0.05709955705041668,240
3.9924425363238507,0.4884717621929765,198,2.9210611379139344,240
2.355730329648409,0.5885398035788094,92,1.0193396277685127,240
1.423352059451697,3.1229639536041454,47,-3.1198943998853226,240
3.0776299583333864,2.0639453880165157,21,-1.8776677852752302,240
0.45530332981589183,1.5803431705866196,235,0.32987460605368263,240
5.959093062668129,0.16704752488483174,216,3.9874212249745224,240
2.182843499968745,0.6162022633327515,205,0.15741085447230774,240
1.4766131398621523,1.6985318776448832,240,1.3029631991569013,240
1.0683167507019198,2.686165995317857,62,-1.967887176057025,240
0.25009384573027016,3.6056459193019874,2,-2.868753244559107,240
0.07193072645478356,4.403758919624636,31,-2.3377486097827376,240
0.40205480137113864,2.225576536245614,5,-1.0701308247026338,240
2.709520002043766,4.330404174436191,212,2.689733818298669,240
0.2828176541726211,14.76215427680889,2,-14.001460890820232,240
7.71510703691344,0.43207150382382625,229,7.575486672209305,240
-0.011902390084511988,2.7121579539059577,1,-0.9569521627883049,240
1.7931854302154489,4.723091489604058,172,-1.4646075219041332,240
0.9394029573101591,1.135828461255665,193,-1.0175969677726817,240
0.5241999721948388,2.8862984829392446,14,-2.0396007532634637,240
8.176437263212527,1.5175388401790277,240,8.165223109644703,240
0.25432087534573256,2.459240578461159,15,-0.9015000466527883,240
1.3894432279707745,1.8579145078995367,41,-1.1019722152869897,240
1.5189635449081358,1.5405729847883094,212,0.6332766409318841,240
0.6058163842345594,4.841284574369098,53,-2.5636865531512294,240
1.7066926192848035,16.250769595325693,12,-12.100649856305607,240
0.06491016129995485,7.322353020851323,1,-5.462190073396144,240
1.641257728552147,1.7837239957448052,80,-0.867023705579566,240
4.575283271558083,0.2523783826882379,87,3.4002361038057094,240
5.8412620245093425,0.6776875422374663,224,3.768625479752152,240
0.8573992730723665,0.9903357410717842,205,0.05550393256651173,240
0.16318427233380736,1.757649592511636,15,-1.5929155254126632,240
1.0250374026236742,2.124850598606014,139,-2.0336647329493154,240
3.061341802199054,1.146228182283048,210,2.9005482696143443,240
0.027849736258030913,4.5464694441276094,21,-3.3837429553538163,240
2.765159861048502,3.9388753203409035,31,-0.6220550741464874,240
3.834721391980342,0.15255965669590033,232,3.054108286593582,240
1.0545109405481539,0.32209608049894994,240,0.8947113347192256,240
0.46445003746347785,1.4389275902792211,14,-1.3754816693544918,240
0.23285235591310185,2.856919289856152,7,-1.9583480189609535,240
0.36355906007049804,2.518944916202877,10,-1.7346960866221628,240
1.7335367425303052,4.2469421995665275,6,-2.6203588807398606,240
2.0995429901445455,0.21251074009579957,41,0.9160054524822845,240
4.76124123392376,0.7767075346250789,174,3.882816272937852,240
9.413827492545455,1.2530357799104004,240,8.842460081267593,240
15.855776072703083,0.022557334612910374,234,15.141385285514831,240
1.8185729577745091,5.439583660389635,14,-4.691145085438613,240
0.2621306282711053,1.9535082988820711,8,-0.5877730827752667,240
2.70020155517641,0.20238924149911394,188,0.9889290392043774,240
1.1874384165742233,1.2838969994331835,158,0.39431603441135943,240
9.480952996316311,0.9050846569209781,186,7.625656926340511,240
0.8126540768635667,2.0692722902367024,71,-0.6359901471106023,240
0.17029429462820805,8.068909205851659,20,-5.835269796772127,240
8.314880933341097,0.5077522574581134,230,6.873915044071773,240
2.232268458691604,1.2624220925932963,214,0.878592148373916,240
0.467028389791174,1.817809399676762,64,-1.2861858959977137,240
1.446502042996435,3.916932498451146,28,-2.57878266841315,240
0.5760535519573716,0.903394173058401,2,0.1546033982296999,240
1.825587523684156,0.36203634435929805,204,1.7012406941625602,240
0.04743888580822438,3.0005095273729787,1,-1.908097406954823,240
7.93561055309451,0.3170785182856221,235,7.307218580492026,240
5.503348280865118,0.09035347923812677,205,4.602551472703619,240
1.2403461961661182,0.5917932351048802,207,0.6449235647300949,240
0.2545848396036343,1.4279895094133088,2,-0.7423907560470595,240
3.1969417970908616,0.3636738552468518,136,0.5110794711060263,240
4.017687194362115,0.049699247827430806,226,1.7792330722187502,240
8.593405284556644,0.3533319636584807,162,6.532922043853616,240
2.5771112952412767,2.087362136079305,122,-1.6499393073507986,240
1.5788967510131782,3.039614950721199,193,1.0346493034794608,240
1.3346434399768041,2.679817380502769,62,-2.3990040325240356,240
-0.0016557421608785088,3.5804241555709773,1,-2.724878527593124,240
1.3543489770014585,5.715358690260369,32,-3.8158459533881857,240
5.850544976321368,0.12108542404544892,180,2.43775229959732,240
0.012963949446304667,3.7660273141548957,1,-2.5355864623314095,240
0.12898837486410766,3.814896997003072,3,-2.851432809242204,240
3.405685123087762,0.6524071676917871,231,3.1761455370236717,240
3.073415042623995,0.6754077412217496,171,2.072696233382655,240
2.8064905907046644,1.091504746002389,126,0.547049817588074,240
1.554967944631778,3.565838950380792,224,0.11211518143314828,240
1.7241041412008196,0.6713010702120068,117,0.022109606423784366,240
0.09990563581277637,2.425324980547425,23,-1.4075898671812377,240
2.1435042780629154,1.1447863571404069,47,0.04827261676389581,240
3.4184491817276443,2.500797043970966,90,1.4149520073112942,240
2.056891416008658,5.701725880706191,68,-5.0045941005074885,240
2.908405294304044,0.8362836705532395,114,1.354548373372985,240
4.627478735093596,2.3949262290617814,233,4.538879909576405,240
4.302582632183884,1.0977476013091338,197,0.9501172718492928,240
3.9247323275560078,0.17286775769415136,118,2.8198748056609637,240
0.04182796499988857,3.2548849244312827,1,-2.6676202958328865,240
0.2620634009370922,2.269762924813007,3,-1.9129175051760359,240
4.2141780757628355,0.7749246481558468,138,3.272837939174353,240
0.1556633990967338,2.9540261138935993,1,-1.3973921229260173,240
0.4852831147943868,7.0575591913779085,8,-5.182831764178897,240
5.18997167716531,1.5146164256695498,227,4.231934524316315,240
3.6335025228676567,1.1351525823320068,167,1.6954491084148287,240
0.9733128584865036,1.1891852722338554,110,0.13422835983005774,240
0.7731987980887468,0.46972267849885235,43,-0.015550546011770862,240
0.3334044742467213,2.7787970762229435,240,-0.02840206956368905,240
1.181578722910488,2.351234852022031,159,-1.8122342573793933,240
0.9439684891002867,1.111004555584005,89,0.07630586293557372,240
0.5821817099921874,0.46244300598836285,166,0.3913411301587892,240
0.57651061817173,0.5482111668077388,24,-0.02455037874739895,240
2.523615005092028,1.2567095544885794,174,-0.5043047078444886,240
6.70857424886845,4.970021634116107,198,2.759826274623415,240
0.5064656789176656,4.383936236347772,89,-4.153833514264993,240
0.3445623169218342,3.8540036894376217,228,-0.09124883453834558,240
1.7458638056119589,2.9247174628757096,30,-2.0420277110050624,240
3.9886883417055823,1.774885030895912,220,2.1206994332522235,240
0.8741022891029107,1.001168276815929,83,-0.7600221660682366,240
1.5091836146428181,1.1978378079635552,240,1.4555033031463886,240
0.7332631328947189,5.727058686396679,42,-1.018755631714814,240
6.351853704323406,0.4804702953901911,178,1.9257031043651214,240
6.2450291597976,0.3455654214324332,73,3.8498515952508754,240
-1.3382208909785283,6.833134962094758,179,-2.0896642574554223,240
0.36668225240374924,5.824215900530907,4,-5.103495611323662,240
4.464514144275115,0.6972716536671085,222,3.9577068144575955,240
0.6487466109644258,3.052004563041182,2,-2.0667548848696558,240
7.195713496296669,0.35450334027437747,112,3.6553755020338783,240
1.9479658835975608,2.7319146287541405,39,0.5247860330775505,240
1.4802655398455866,0.9675452047824563,227,0.6551955954571922,240
2.3055171914007855,0.32635876687159343,197,0.170864440740459,240
1.1890644442396634,3.728572926361197,183,-3.3552869213322065,240
0.0258124468415907,3.066841340366365,5,-2.2674621272408952,240
1.0575082274952472,1.785322713477075,9,-1.2841467554662396,240
0.5919701271659011,1.046807606168322,89,-0.675655112769058,240
3.90299754391559,0.12784866981423057,156,1.9213431617951424,240
3.5164091375320554,1.0005341017857017,235,2.9626652639575863,240
0.27371612116671695,4.209700129830675,1,-3.757909534839612,240
2.7423427161552145,0.36862300418743427,175,1.5312218176560395,240
8.981555392545957,4.508783821691157,140,0.549436910325237,240
4.258824841254172,0.3128651695400319,15,1.916855682977086,240
1.7700982056764294,0.24371437259611092,33,1.4541544508192055,240
1.4424265082967636,0.6108328825812845,225,0.725005337479823,240
0.8051966252570691,4.757547265511251,28,-3.307114243270734,240
0.6548250735918136,5.209824423005929,13,-2.476423285463505,240
4.845706234357924,0.07984651168346178,121,2.939834012445675,240
3.0741144400752582,1.1229764170807084,230,1.7423555339955388,240
0.2002519707715757,5.553976345978401,1,-1.7364017272809398,240
8.264520157345835,1.9789357489458945,186,5.027400051004779,240
1.0524706836783806,1.3154370853838944,78,0.03509445765973186,240
1.1783254714865523,2.213617215220572,55,-2.0440200808851436,240
0.1166098762811346,2.8202843983234827,56,-1.084410583280058,240
0.9983678006971334,3.3838103549232454,231,0.82883644193244,240
0.9154322723633899,4.2751915887512695,55,-3.7766189115549027,240
2.6334365873953223,1.7921019681171457,231,1.672515686329044,240
4.405452023023218,2.2361438503441136,211,0.4797113656303043,240
0.3762287188198732,1.3136237786269853,18,-0.7028316504471351,240
1.0285315421187493,0.4175788730952588,205,0.6338911422649497,240
1.934470609985017,0.05336120164152224,237,1.3253906083911924,240
10.557898955764689,1.300395108136711,236,7.943122796680634,240
0.02748816123402713,10.818118565640624,1,-6.698864892721578,240
11.869026514177811,0.8209124966576488,239,11.206699386192483,240
17.441470549420846,1.2469925706567646,240,17.317106505411758,240
0.42865184256036165,19.441861529196835,4,-19.441861529196835,240
7.770100362334209,1.821225885606974,200,7.608632898321263,240
2.0874313019143576,2.497608058156804,127,-2.3501075064799073,240
4.73317565942769,0.6711489634578177,240,4.6670060433121225,240
2.744166989038061,2.7975754507953026,134,0.6040295905024176,240
1.6946329300274716,3.5890981418374803,98,-1.0998658428286272,240
2.326921322953897,1.7992088086411369,23,0.30148405235894504,240
2.1252630431033483,1.950590136341804,65,-0.22407995175490725,240
-0.012700568156204413,2.527413063098424,1,-1.8415823826596893,240
0.20678481211111346,11.569502697220228,20,-8.9246235550926,240
7.292618996071326,1.84104198489247,37,4.408885490702752,240
0.2700448697360283,7.2833460983126495,1,-3.5305089474398224,240
2.951735009621847,0.37842756533627925,120,1.6569721253646634,240
2.536119166433386,0.05565910384359757,177,1.1398016482730762,240
1.9274823081316934,0.899870936183098,50,0.06541068695979974,240
6.058665292819552,0.29433668322166845,211,5.414563222299505,240
4.581529124222044,0.46384930742567854,136,2.170055239418333,240
3.014306391569645,1.8984576268511058,154,-1.3390185176621097,240
1.2154630540500988,2.557487094081774,53,-2.471521141339608,240
3.401458190485626,0.8742511922174362,227,2.4842110379951294,240
1.8093439827241988,1.0851406640275456,216,0.3043516840952398,240
1.7079274605376273,0.3445175564174824,78,0.2804097096409089,240
0.4844623128954596,3.0452256069893644,17,-1.0969271682666746,240
1.3694778541581067,1.5324943214300069,239,0.9348447909178891,240
2.574813858796745,0.7893724790893957,50,-0.7531140006759518,240
3.8758287558392586,2.0469408162255047,239,1.9760347330050936,240
12.574938088295953,1.4123990221262688,174,9.702608527229518,240
3.2339480591437284,0.1593968301508487,226,2.8090463469595064,240
0.2585063097912099,0.9757874356811964,17,-0.7880357110177193,240
3.9104860242031885,1.2092146564557678,230,3.047169036643458,240
1.1863534748898965,4.257077701755845,32,-2.311182106779578,240
0.8859800095023002,1.3148204563622221,235,0.33523567927115666,240
3.247428315732777,1.999138735673,195,-1.2908293129091517,240
5.093391664911316,0.8727758478364014,135,4.435510950235468,240
1.4042454463008582,0.36985797585926694,154,0.9776939120981244,240
0.2414104294290591,1.2608492855888471,182,-1.19098067496913,240
0.7202056083418783,1.2105233422078578,152,-1.0459258187168117,240
1.839789766451185,1.5142219535479735,151,0.02018578113666005,240
1.4237076351325901,2.8914378089828316,218,1.052169897016722,240
2.0995435447699484,2.789220139723406,209,0.9708625330479819,240
8.176235729777167,0.16429589942952597,181,7.458698536349904,240
2.229797207950278,0.24338138439854234,121,1.5588963471417707,240
1.0480600109272673,0.4919465357413564,91,0.4915690831563689,240
0.7432886430459759,0.6215430894435866,76,0.548495757282153,240
0.06324658974156017,1.587707494202068,1,-1.413234143190905,240
0.7504549097029227,6.907909631274317,178,-6.085625811425909,240
12.575696612863714,2.1738840593289215,228,10.472497444935113,240
16.692129161168335,0.09094117164074762,174,14.577378240097403,240
0.1915764864677313,2.677066468303021,3,-1.6937773753343088,240
0.15156848449177932,0.9043427862573071,12,-0.26401741238023413,240
0.21791038956967013,1.0455387199469832,7,-0.4293535293253061,240
0.8141368492550092,1.7341392751538511,44,-1.384588368545293,240
5.217878433318385,1.849651041658897,164,-0.9110173620116168,240
7.250640448303383,5.831863480110363,221,5.027623981396448,240
10.106114859398012,0.37499308981155416,45,3.962767575520804,240
0.134075829997222,1.8878596733840225,2,-1.0159168595093386,240
0.4471210193994126,1.3222724978192908,106,-1.1092620346447633,240
1.7889293079611177,1.0143066051886396,240,1.7889293079611177,240
2.647717158649942,1.7096726753007172,98,2.379583154448581,240
0.5657882571934232,1.3786676427515328,11,-0.3254543147885946,240
5.864860184915385,0.3999417563993738,240,5.664889306715698,240
0.4023220247288431,20.537873266337062,2,-13.985619470224266,240
1.757648347569842,2.814376481889758,208,1.1432438880068783,240
4.2582896498365175,0.3642792615980565,196,2.571541750392434,240
0.25987460457945205,2.4872598404299127,20,-0.8186050044252976,240
1.7584915588565062,0.760844277229151,113,1.0292030350607517,240
2.8996728258485853,2.6612210072976485,235,0.04596289904785216,240
2.096273061980849,3.3355962047040784,134,0.41280639570409605,240
1.561194379582707,2.1164220244012135,229,1.2253080938791863,240
1.9497650339601122,1.8136191407139337,199,1.7181655017290312,240
0.6829635638379346,2.91674602600349,14,-2.867781044369085,240
0.08421029587919866,1.5640355494108398,13,-0.9240373007287643,240
0.19200449820585413,1.226763695322247,20,-0.8479174318970223,240
0.9809172891335071,3.2186836820880718,53,-2.144018324544315,240
3.7126937220369007,0.9999709420126459,121,-0.8582190289859739,240
2.3948045359747674,2.4867922446333033,91,-0.6043418897133466,240
3.4601557478435994,1.5800827989327033,140,-1.317465159220994,240
3.348336962559729,2.2700974724108414,169,0.027836530567587347,240
0.2850567255180392,4.724085749590875,8,-3.2637872801255106,240
1.2318481301660134,0.3327170482611278,134,0.03276576289899141,240
1.8117798568299257,0.2870708410753831,231,1.1848151652293617,240
10.353992030124408,3.354126756366642,148,2.99951975690607,240
10.66543020861736,5.847200861181022,88,-5.359419585538571,240
2.5308282357757514,0.47822671643563186,143,0.39259014718019924,240
1.120086600597707,6.492129573012996,92,-4.813681483829311,240
7.2347198439628375,1.0588633123338171,224,6.49133977879709,240
0.3062746440729093,7.371473819844731,15,-3.1114719522856213,240
3.3504406341115396,1.3834268577631486,119,-1.2590073116687988,240
1.2443429068203007,7.090137404062152,44,-5.129643034616734,240
0.2536329605603893,0.7884532478152187,85,-0.6144955628235282,240
0.9867443104513074,2.570088203991925,123,-2.5381648929669014,240
3.984844170918126,1.081629296844062,215,2.9704575030489364,240
0.19102012272729102,3.3560724669577353,78,-1.3622324853821945,240
6.8334825156205765,2.7734612945325945,215,5.946362658998672,240
1.8955291346488903,3.196410558154005,179,-0.1993502718382192,240
6.014630833797117,0.6339666072015461,113,2.909870575511725,240
2.1656778549930267,1.1341169421992734,59,0.48823216126418567,240
0.7559044922558734,3.742730649708896,31,-3.3112630412975634,240
0.7806891290219521,3.1897109868443465,99,-1.1545182574130024,240
1.09207756555724,1.9538677968181266,30,-1.3992717706672873,240
0.4882107177743376,8.944675980324567,2,-3.6293842328542683,240
0.2128679988057875,0.8531970195246933,41,-0.09763637546526593,240
1.1168495421362892,0.7502184340058634,240,0.9893011042101028,240
0.14040723343047057,3.5101808357613287,2,-1.3376980057737742,240
0.28083282564610107,4.091290849411372,2,-2.712253868739083,240
0.15021638699870138,8.0341732422386,1,-3.6418460863966056,240
1.2920748683626473,5.745805473314165,34,-1.6041231384577903,240
0.45560310722521,1.436140229296714,11,0.05282354866381531,240
0.1705251605570146,1.3994446103213967,3,-0.6656829438427883,240
1.1364355743707855,2.3006392577984056,15,0.08021898172038015,240
0.7884403428119489,12.135340048431482,14,-9.563921318132925,240
0.15626349757133615,5.1653287622600965,1,-3.749748385550682,240
1.0797073160808792,3.9174866305459055,46,-2.7618913145348816,240
1.8497825723288792,11.553767228532957,137,-7.623444000686245,240
2.0477191063372664,10.580232326369163,92,-7.533523331001043,240
1.1465295257931278,1.8578255005800868,78,-0.9948195451566996,240
3.701056908895113,0.06381132601543298,221,3.267139891990215,240
2.9745972919951975,0.7829060815984031,159,0.8319460702590724,240
0.8749390940248153,2.2753145845154545,10,-1.0882350569465613,240
0.011307422043087306,1.8643112093527225,5,-1.8643112093527225,240
1.9389177083050562,0.9031793825415564,200,0.21398403832506893,240
4.236901103978072,1.763123522234967,141,1.6147831117550489,240
4.347550673397851,0.5598590565113993,81,3.016014917335633,240
2.497306076810039,3.668661546171267,210,1.4217119682891968,240
1.8299094009985784,5.046822418165139,57,-0.8411370696942956,240
4.38390504701812,0.06993086387725712,108,2.237635620454934,240
4.043589139321203,0.28112096931424396,78,3.124138026705389,240
0.6317310538577545,1.5026679800745906,236,0.4370640939274649,240
1.4079661383188635,1.3416852787402973,209,0.2992681235514086,240
1.5584681931381663,0.9935544442739686,59,0.3419214795756274,240
0.9719800478303207,0.9092716576476697,29,-0.22189122679998047,240
0.8188930358966316,2.4649852134698245,203,0.6635985224781452,240
1.0215370129724466,0.7897527944060047,23,0.4318960594407487,240
3.8218394235267032,2.706250763755598,233,3.02637386602915,240
0.7598882435619275,5.079386805758074,137,-4.361589026244719,240
7.506199593962579,0.8107693431440904,240,7.021123918577256,240
4.569939342643551,0.06018435048609334,57,2.119551213882891,240
2.2240621192658687,1.3062561683349359,75,-0.6206341496318027,240
0.17601042402032413,2.2611175187117407,7,-1.1276733425686596,240
5.444600027043908,0.15299061141026837,97,2.567630236864581,240
0.7056462618589145,3.949633402097442,25,-0.5949638622653292,240
3.0782142897351377,0.5247594149115331,236,2.3747922924026366,240
10.049574635793284,0.049446613286245826,227,9.557580833593605,240
1.6371123238022278,0.24312741577452818,68,-0.13820732963820975,240
3.7420240220299745,1.0459616552183661,239,3.5331815109378235,240
1.4911105584445588,2.3410412072829243,110,-1.5899176620312812,240
4.17817635041648,0.7356099263244003,41,1.2335358674787196,240
1.2238716332728068,0.7557171370492112,47,-0.5428767360442958,240
0.4650221348360622,2.974038067276117,3,-2.039850351577232,240
5.207349866705337,0.8815950402824082,171,3.340002087673039,240
2.0358824226917873,0.14745509425300293,51,0.1189661974022282,240
0.5952242036889123,0.5870730442117068,17,-0.011373710898504363,240
0.639547303447344,6.991923062544062,20,-4.08488986505669,240
0.8105799613904936,3.4658130859447525,7,-2.6985974846288303,240
1.8283544097932722,1.7068498445854736,49,-0.18428192389851217,240
11.735224603565964,0.8492764226387183,235,9.874707839546105,240
0.8932469021105987,10.781248052143834,6,-9.754870167597042,240
0.3860186055160353,4.3275950075349545,40,-4.29685404918903,240
0.661298845235477,2.804146317089098,26,-2.079896606052765,240
2.4682183643873348,1.8474929714538166,96,-0.5720692744706388,240
1.559603593668748,2.76173797178316,191,1.3376267420744894,240
1.4517516457701334,0.7650044426005252,209,0.5909220120296088,240
1.8012017666297813,1.9759452216009965,124,1.0481246847236478,240
3.9202885690603333,0.2842957359243038,27,-0.16833300153401087,240
0.9172641439634958,3.0777860239639323,6,-2.7317272787413454,240
1.1290297616947298,5.584203669596198,9,-0.6074854165536627,240
3.771390157151033,1.9095344600997832,55,-0.587163966944495,240
0.9860572822499657,0.2313137056215513,105,0.31789112115431817,240
2.0274828464688213,0.28915024595042954,235,1.4535492406991402,240
1.0592025789615442,2.4484928581774894,200,-0.1141382089398359,240
0.39593787993829466,6.26555983181846,27,-3.90910097335993,240
2.9235987916654858,4.433372298944304,222,-0.6603495340247344,240
5.702153249678969,10.230424412385124,87,-9.891707600177543,240
0.8687751634687074,0.7449671349463571,174,0.49038876822963123,240
0.8802075062844246,1.0925188645839248,222,0.5716075031147413,240
2.90571867619133,1.5163221498421957,125,-1.0577135291083626,240
1.7768449998833638,3.2281276842463336,207,0.4128305494234469,240
1.7866537662589745,0.5788357029418625,141,0.9497617722089705,240
7.864521913954333,0.4397085287446726,225,2.6837508132734,240
7.938054238016919,0.47223552124195073,195,0.7914829540250724,240
0.3643674641455921,0.9596834767952848,239,0.029806353494366958,240
0.4248728876192696,1.48808993972727,58,-1.4585232808810038,240
4.421955610446725,0.33691090365295945,172,2.198726499636006,240
4.769027196686429,-0.010730311192561815,142,2.0904235878809714,240
0.9415030530351296,3.0468875505110633,35,-0.5195153887967282,240
1.3965617462595723,1.6462309991153345,240,1.2579173747394905,240
7.932535632877451,0.02357083917018579,55,5.074503651210544,240
0.2324961508350297,1.99449678419324,43,-1.8415702307148207,240
2.929155346371114,0.5746189913931324,166,0.3153396903989734,240
7.299898357441225,10.8353749936088,14,-8.549373999993588,240
1.1068302966727683,0.6079466243985616,51,0.04960443611164067,240
1.3620389956851044,0.4649866600110707,182,0.7272868271969295,240
3.2252836548906814,0.7963663345408659,238,2.909493773770688,240
0.5706680681841994,1.4712443475911097,198,0.5514942536314693,240
0.3541743623007453,6.953282618468709,3,-5.514143757350889,240
0.11815177960569233,7.57352907272809,1,-5.120748405465996,240
0.10257698280911802,7.4045195040744485,13,-4.989600886291358,240
1.4464231587497414,3.5931831536288086,11,-1.1532105407858924,240
1.690295348275653,1.7844714787183218,21,-0.9357783502579788,240
1.071418261032181,2.428042216211292,6,-0.877710481282987,240
4.32148755354428,8.989940694320158,134,-8.460142941361571,240
4.186244244079754,10.61560702730352,104,-8.592255642664972,240
11.46657063635094,3.5792096692207633,210,8.479449823518365,240
9.237796232156631,1.0201873254728486,237,8.924428692015582,240
-0.008275582636835652,3.2619588226889698,1,-2.961279320217086,240
0.8136732165688845,0.27326368676753965,52,0.24879231183297257,240
1.7923418886188207,1.4746358013385787,69,-1.3547467117988314,240
0.4378574296942669,1.0698166065727617,123,-0.24894677574891994,240
3.1716565725669303,1.681499100996048,149,0.9002205974813431,240
0.12173941763780609,6.971720325211544,1,-4.376696576807002,240
0.975406989863081,1.5405210840930117,115,-1.133572058839993,240
1.4872570897758224,1.1942412329560517,70,-0.9623823554265862,240
5.193798878779616,1.4724905025946229,143,1.1813677384714814,240
1.4303482387998805,3.733528789454895,194,-1.3655401280669892,240
3.753632621712488,0.4554698838297695,78,-0.33907564723190114,240
2.600428180953205,1.2873122968555344,33,0.3268454383999559,240
1.5070820627899373,0.26850312612935945,63,-0.24540608302148578,240
0.6883233882499716,4.969694863164814,3,-3.045830993006093,240
3.5873409832889482,0.8611823692466087,84,1.0328307544099922,240
2.995181113545709,1.3829199754934693,39,0.5751615906446857,240
1.912912834555858,1.1574987687678022,68,0.09986033529070516,240
2.156890267195721,0.8868638976617773,110,1.1055227246951693,240
0.6127379649828356,1.5765827121187321,53,-0.27663816626072646,240
4.73432631266517,1.535972664761202,54,-1.1098772095433411,240
3.608199543366679,2.344233406028471,9,-2.2165470309299744,240
1.3616367461469425,0.6832146282167373,167,0.4313259257981424,240
1.0367100099345425,0.2908912053191556,62,0.5693156446961071,240
0.5393657812223994,0.9401633435251979,13,-0.5381799896178657,240
0.24908221364209543,1.0166198412164316,239,0.17185223385111417,240
1.1630564113979684,0.5884295398079263,215,0.5697838301102566,240
3.425328410841588,0.8783831804699468,192,2.2508568999546132,240
0.11763645743964334,5.277955723796634,3,-4.407445938742739,240
2.8365936736594777,1.9751844441732207,166,1.3896953585069451,240
0.11437485050185313,4.165150805779791,2,-3.4671465097997545,240
4.299574841567397,0.10853401089402255,155,3.6648317678554228,240
2.5953687029786514,0.6157849692481446,210,0.943195638165453,240
-0.01573203491571102,2.706853927587411,1,-0.8935795832091808,240
2.56433332489244,5.005862824331644,34,-3.521729539859017,240
4.596067891109805,0.08487389763242303,97,4.040875533147828,240
0.6498350610498072,1.6300331978286848,7,0.17397818781006505,240
2.6026707300291476,0.2531526538336227,67,0.6191807213428234,240
0.6645755437797665,2.1555881384527957,10,0.19860307621360365,240
0.9134506594111568,0.6097683787821992,37,0.2828491954142029,240
2.285796899524599,1.6281955784994688,238,1.9771510871925515,240
7.258940436470681,0.8757560397547988,97,5.55894341812298,240
0.6507554325818937,3.0592214150240373,229,-0.18784692899268798,240
7.268631641902288,6.711952269951577,195,3.199718464910666,240
0.8158695755573413,0.9022447204956185,90,-0.8952032684626742,240
2.0009188949167407,0.31411178143739205,185,0.6666150028282486,240
1.7940630448545363,1.156088039680207,51,1.3034022681477522,240
1.3949420512351587,1.533357692916909,26,-1.2211135765515078,240
1.1388142649209725,0.35950088715024464,73,-0.21008845559250036,240
1.0717621914038362,0.5320936237274115,239,0.9490850503778236,240
0.23206234946419707,3.232410079168303,2,-1.1777243383452887,240
1.2797705720468944,1.4161229851923713,240,1.2219118329375942,240
6.526546118091966,1.6995301300803616,215,4.897099704716083,240
0.4187349685212389,0.6521908556847084,117,-0.19737634096547524,240
2.8881962894516757,0.37225813226444543,188,0.7162385916304341,240
3.780841340744293,2.317531675406163,238,3.1421426548486893,240
7.296532465164307,0.8833281425488716,211,5.273816409181705,240
0.9358130667164273,7.580799254408777,141,-7.0503914506019445,240
11.537967146080115,0.9270577259394273,240,10.734538524569532,240
2.9681781263277536,1.3439238812739644,149,0.6197006637698981,240
1.553013950693916,1.8979891151375172,84,0.3433066025841791,240
0.5063002341583462,2.922441857926481,3,-2.702137167430314,240
0.9670944993751327,1.717642984559505,142,0.012992760851323526,240
1.5364230768588683,1.9041571247627813,159,-1.8688949557853831,240
2.7426682669868137,0.9651799527062283,162,1.6412332004456052,240
2.0221831104224206,3.439646391173261,137,-0.7933924165295603,240
3.474073102313851,2.0501924364359736,192,0.25786429928444715,240
3.8453575544265495,3.457184298594658,162,-3.348059286914732,240
5.35028846821887,2.5293761707410782,102,-1.5357511695000658,240
4.445003575512442,0.13692749219647907,173,1.9560482894275835,240
1.0991789021943732,2.060826133341631,240,0.5870166897023363,240
5.02518039088537,5.172253279887374,240,4.959434629135062,240
0.9433457815889744,0.6314691946942136,107,0.2720519628698192,240
1.1218712916391198,2.2828991051467,107,-1.2190237940103834,240
3.030453221431369,0.784829846719643,146,0.5000392694287683,240
3.8837062790603256,2.635957119180717,111,-1.9111405740587823,240
0.22077464663927074,1.933822367784861,178,-0.9865355969270344,240
0.8506661185559745,4.242474720925448,50,-4.168654792311568,240
2.86220722913252,0.7916821745317212,209,2.6906147206059883,240
1.006247062057719,0.5914525425491716,193,0.02166560659936313,240
1.5760195069202245,0.9183078574313399,160,-0.8433086835274334,240
1.9883635123105095,5.119132242602581,55,-5.061288940426333,240
0.5346709815136179,8.047839838627187,3,-0.9349798397506991,240
0.5591214800945351,0.48327494547751704,181,0.21513347922960274,240
0.5769445774039068,1.729159487936143,140,-1.4288000648767816,240
0.3121499067003071,4.628131071606838,4,-4.511237209180663,240
3.406256141600988,0.9612041828152511,183,2.0987526586755916,240
0.4694044280814057,0.5591906665582377,74,-0.4432578861074103,240
0.852786684900049,0.862668647737983,217,0.5963898112689735,240
0.169422761000235,6.541749509914413,1,-3.5701704841690636,240
1.1523889198518185,3.8312246299888137,21,-2.679983126917525,240
0.4589649643209869,1.5365202077598625,78,-0.7964392027922692,240
0.3600898002500435,1.051690845174501,195,-0.5287032781446576,240
3.737191610699285,1.8675009249947225,178,-1.6058245202221078,240
2.7799291964709227,4.771878462431234,134,0.3076588307364496,240
3.540264454410266,4.10079789474821,59,1.373677919673596,240
0.5437341073886638,1.718721168218237,138,0.26125306598164755,240
1.0232660288536097,1.0948040963572774,109,-0.2595896120394349,240
2.50289741549934,2.0003916603377423,137,1.2143889083064965,240
0.2091741400512025,4.316899707255276,2,-2.1632898991217155,240
0.8656444501501168,4.934215043489799,10,-3.242103118785989,240
4.389167347339569,4.218564963165596,89,3.291234836315261,240
0.583998767813739,3.528619060947249,58,-2.1002847252099257,240
0.9098018701670177,0.6793187297247323,73,-0.01961128475697542,240
0.18583608099318985,3.1627871476755645,1,-1.5985476736218664,240
2.6349612127079314,2.101203021260665,196,1.0900695459134098,240
1.200082263522947,3.714131750252958,19,-2.412645070572648,240
0.8559022974138135,6.545902589104292,6,-0.5889498708224447,240
0.6794353614249763,0.42056811881069295,178,0.15495574381838448,240
2.67141368893773,0.6776600802174019,186,1.6531223457166844,240
2.103350003157281,3.872690004004165,163,-1.7115159457774294,240
2.160113334910457,3.782657309241692,68,-0.5988545375067272,240
0.8223389831396356,1.6714814763727228,71,-1.281280717188908,240
1.4793248332600029,0.5476815258842017,89,-0.4947788873901631,240
1.337816312143861,0.7887971912140581,74,-0.1793249325640659,240
0.05250803019520142,8.267995216143232,25,-6.991646174471924,240
0.3070827560621875,6.870976666888875,12,-4.240727560451827,240
1.166581981269533,2.583598681344354,135,0.3804071678052418,240
0.7355696606173024,5.072270112894359,46,-1.4552015283677058,240
1.261150031142613,1.7390797533105657,95,-1.6021988352963854,240
1.821221252783593,1.360818477505368,167,1.0219391982703836,240
1.4675713651766176,0.13884806928025803,87,0.6033739516947751,240
0.4372599386961054,0.9087752642946841,27,-0.5984617594135948,240
1.4722150004506358,0.16664847722443465,174,0.9105820109103403,240
0.7614630308088588,2.4650308625053854,180,-1.5898719764089004,240
0.0,4.9745769717828905,1,-3.754171409687936,240
2.384886214984772,0.5284950175791421,226,2.2097549699464816,240
0.5040170237103802,0.9425802529388558,22,-0.5291038438950882,240
1.222928741256607,2.0894825425766856,217,-0.22132759427657314,240
1.8872473514492183,1.9015597392002206,131,-0.3192457601041829,240
5.363369542634846,0.42812374098100875,145,2.6179808488453067,240
1.3144518323454966,0.3033538567109578,166,0.6539232733780165,240
3.004837694554391,2.2167207784467693,149,-0.00970434767018031,240
0.32649092159570386,0.9330232329406771,36,-0.7015223507479206,240
1.77594375714639,0.36993342902764176,238,1.6330106579797192,240
4.355284440147654,0.5781013406410245,201,3.0065309241334246,240
4.1758884448028315,1.7293736862617908,108,-0.7517971719444559,240
3.951222668267964,1.4671472218428583,63,-0.007241284571371163,240
0.9907583524497371,0.7497796414616746,144,-0.15162292242736503,240
0.9508805251815419,1.0435808422596473,84,-0.30801787174634493,240
1.5223251422922708,0.5456952365988686,54,-0.1845198464827286,240
0.9166310580480077,3.6074597137815445,142,-2.4990574746832266,240
0.24330411754779768,2.0446317025590526,6,-1.485947482798005,240
1.0711224884069985,0.5965712572059209,157,-0.49510471106113413,240
2.550270430063544,1.077579054956372,192,1.9719696705702454,240
8.558156803285282,0.44192971408618936,101,8.05908368273953,240
0.18301462078603986,3.479565477695778,13,-3.1357267588938527,240
0.019489588112868935,3.7559220520528522,1,-3.2603296686092116,240
0.03408296708131679,2.524127737089965,1,-2.0373093572797796,240
1.488372066749493,0.4728516800546682,237,0.9593494153057294,240
4.414701709148727,0.21471890482240275,139,2.4753443555930477,240
0.26047512154662233,2.3763289023689835,11,-1.9600108155973113,240
1.7321258623232778,1.373187233058535,240,1.6794376231652055,240
0.7759305705871202,6.124719155734601,48,-5.901867033633933,240
0.5202115301527095,0.92649723269483,214,0.2946815075172047,240
4.203538655292481,0.0,198,3.0802261680902094,240
5.272111903978247,0.1312418692355268,134,2.3008820447257,240
0.41362008453665616,2.7779169033281548,1,-1.5295615206693958,240
0.5964142279719234,1.981834778364996,79,-1.3605699575609327,240
0.2648098526110412,1.25113331068131,217,0.2517558457920724,240
0.7212901700973507,1.2269473930447716,12,-0.5549796929005186,240
2.1513627398679387,2.398494106008955,201,0.03504441103666626,240
0.42216386329011435,1.9328418492404935,26,-0.26008309434837,240
0.45248777724571876,0.7010233431300656,38,-0.08217976542627416,240
2.205048511479546,0.20190805647289053,136,1.2053379634436872,240
2.766723179858706,0.002398991980575049,224,1.8129525110186988,240
1.6452158297061026,2.272316033854496,94,1.1435356663875558,240
0.5338851610212025,1.2415933977237752,178,-0.9867400160856841,240
10.552385975924619,5.725792923248989,140,5.419937527505825,240
4.566182328905738,11.774023040412672,29,-8.443072796691272,240
0.2727330169029226,3.1954188744161334,7,-1.824104320171282,240
0.5573078959240914,3.3747300423882582,29,-2.515694941664563,240
2.401195595047654,0.941890783965607,194,0.32243542745517473,240
2.4576747480900023,2.6209551379699874,235,1.7354469654674192,240
3.8650776030542007,0.3242228452894099,92,1.9709336121534318,240
0.34071679086975254,5.680526782909118,5,-2.881023108643584,240
2.3949114008727785,1.9398014523538392,133,0.5009466866879202,240
1.1194314335981759,0.10006428462206443,127,0.49528800839042936,240
0.5496722583740858,0.4707637519496389,37,-0.09625371991078571,240
3.625100757783053,0.946532267200245,240,3.370990227957983,240
1.300546555548178,4.832532667156127,76,-4.26989478452306,240
5.234471950280678,0.13039107286222937,236,5.102668699734161,240
1.5143820684141116,1.499546977990403,125,0.9221812966249464,240
3.716717564002859,0.38867634656239286,235,3.417112880194263,240
2.3657609883429283,1.141703562378825,178,1.5435724158295152,240
1.2335230290229569,1.867045520364925,192,0.4540315242704284,240
1.3335423279052194,1.8054111516257645,21,-1.313026292091465,240
1.5093259731439288,6.466945666816571,16,-1.8823331498711298,240
1.3300149852793155,1.6461247415783424,49,1.0727554495678544,240
0.04621172365932105,1.8269804948688007,2,-0.7964590572672336,240
1.1536637010355908,1.720061900509932,75,-1.4458059302379402,240
0.06654003238554211,2.447637239182327,1,-1.116836591474565,240
2.587999296685716,1.1767038597019464,141,0.6368154592893049,240
1.943032240225324,4.324722989097612,190,-2.8625279602741545,240
5.595035092879406,1.7558402811804097,95,4.553357827619905,240
2.2706385586574367,1.5802326765800536,140,0.35744418008268564,240
0.8945595426128383,2.1757254939321617,35,-1.0388982789030257,240
1.8744564132951715,1.4855889205370378,121,0.6301626494695939,240
0.8894088884468954,5.769148722610458,147,-3.8329199833241585,240
6.3223235959249005,1.2255871472219202,239,5.99129805600694,240
6.946843535274214,1.2595288488662553,233,5.900350723159857,240
9.435411301468012,0.8769249434552447,153,3.048537357075856,240
1.1710749008813324,1.1624077372430248,51,-1.0360283976814948,240
0.19482185242311562,2.144164889511712,6,-1.0308971613792206,240
1.8753142501793418,0.3686818185607676,214,1.1698557704333103,240
1.9026639683463333,2.5913886860547177,66,-1.3972688517541414,240
1.8347726973006715,2.2241025135575656,34,0.2819284876338885,240
1.2865111286615145,1.150292303273934,192,-0.22324751938545942,240
5.401306561977039,2.7704799147084294,196,-1.6035658201981398,240
8.143899998285281,1.5354112541097142,144,3.6912708343421823,240
1.624392486073953,1.5212564552118808,24,-1.2136900774632764,240
0.33816705709794437,1.0300490819651675,79,-0.9303481047862939,240
0.45614616922294826,1.5954350504107266,4,-0.3958598245379483,240
6.284298842142722,0.5402595290700428,239,3.613255730420501,240
0.9865571612308003,5.565753896324788,40,-0.6024110099552011,240
2.626856848383243,0.12999711657475366,194,1.0397077874287157,240
0.7149566994143622,2.1964294756047327,168,0.03437291824120136,240
2.340092474872515,0.08235023497758305,204,1.9459648911270537,240
0.05408184887268989,5.88140106489921,9,-5.471956400725853,240
3.6266847783925455,0.37857302504531065,123,1.8688963005638266,240
0.992840644004359,1.419691372186739,170,0.8065356300463066,240
1.8380120312811403,0.5507737537575115,230,1.7174063427201502,240
2.5931538997002073,0.19251704247072343,227,2.5070278543844604,240
0.16513398111211847,3.0046046801761013,5,-2.43022561543871,240
1.8470513865785163,0.22011493207932384,235,1.3152664709607111,240
0.5572425811525693,1.6523081851070822,6,-1.586479173748294,240
1.630752096645896,0.9542142168789091,159,0.2725871946217324,240
0.22519834724239843,6.823509921444713,8,-4.472439176233959,240
4.711994907646731,0.23266744561469135,235,4.489676755329406,240
2.1077081518503333,3.253713188833344,239,1.4966361760425808,240
2.7540167226747796,2.5121826685693893,25,-1.8505562401097415,240
0.35220604462188965,0.7186616467746243,80,-0.567293705460062,240
1.687884227270756,3.5979725020623166,28,-1.0955464181401149,240
1.3000229583245084,2.6203587753728192,84,-1.334046996686912,240
2.967106295690197,1.355605591144515,238,2.023585157795555,240
0.4777413509941764,4.202307765346227,9,-2.5188622655913018,240
0.6639525177918172,10.41554231756356,60,-9.124069548340795,240
0.06187542320708001,1.9704942467503879,2,-0.5949559923763105,240
2.81342067663092,0.7043226453189474,240,2.6845528519655755,240
3.4587054141100757,1.1291795453473799,226,2.011647593391775,240
0.35923059536424856,2.9238642129033656,14,-1.8202532572709331,240
2.2186623021716914,1.0451942322863472,140,0.935923926183882,240
0.01055575302996987,6.92809257195737,1,-4.894350821530161,240
0.2904292339114056,4.585114451434085,1,-1.2412681185644747,240
0.3846970456289676,1.7824521022519229,24,-1.222586524462583,240
1.2879419821150528,4.173866818652798,58,-2.0669391487168935,240
4.711821632595516,0.1873189803846478,223,3.0023486176051817,240
3.9849201603309976,10.219196269031285,211,-9.426257841188786,240
2.121666799436594,0.19211943459454353,238,1.6121326468160075,240
0.6417728867904607,1.4313480141745512,240,0.4550753197240227,240
0.6445905320161088,1.605358048811447,130,-1.5343070409957285,240
4.289973808675618,1.0304662511278833,65,0.4662256281564269,240
0.309921551779893,0.5544836751808155,236,0.25099091963499554,240
1.527119019593353,2.888246841404481,63,-1.0972018173382776,240
3.3478173148946824,2.1873851251210965,230,3.034067185486344,240
9.04670046877989,3.96465219510326,146,-1.514796357563014,240
0.3633183269911431,1.5981575676302204,13,-0.7532209218108769,240
0.2309167054867935,1.5936291056303509,228,-0.5570359123588425,240
1.5799035777449577,0.4900819321756073,233,1.4135979379824797,240
1.507842076505289,0.825078952159265,183,0.29227672075799105,240
3.714227714668022,1.0248972722593883,240,3.6276808338994266,240
3.193323812030895,0.4959328647470275,114,1.5845659824849014,240
8.004350456781482,0.38584253568644633,196,5.132176264306236,240
2.610621182476337,1.0465928409542167,232,2.588433414247966,240
3.059633284012452,4.573278502741745,204,0.937942550067415,240
0.5678727705535046,8.777061123492343,69,-4.631100352960762,240
6.678273955233845,9.565645341761599,240,3.89123593735007,240
10.099917019927378,9.30693448269983,120,-9.115390109271019,240
0.6164221131697523,0.2827119612751545,232,0.5148489534300594,240
0.08910324340699304,4.35615856655715,1,-3.664618394116024,240
3.2045312894174027,0.4354069621579134,78,1.5716219478616777,240
0.46749566127776143,0.44701143074462374,27,-0.1015107424195871,240
0.4474758934549685,1.8824636558894232,21,-1.6495309990225373,240
3.7940399831721234,2.523676033750322,101,-0.23872611130087382,240
1.615787591187459,2.794565015363943,235,-0.2415056186117343,240
1.8086363081559993,2.4913328301076487,30,-1.8876049356950713,240
0.3501993901318857,1.1230532166299667,32,-0.3361109089197402,240
0.4961580161246074,0.6458416423377017,34,-0.16166946592837247,240
0.6693124442332309,0.5549543616875511,122,0.1556540567983586,240
1.0474971490093976,0.35914187966051664,15,0.3259285554235046,240
3.1077186367858944,1.0783481949393396,240,2.9447896985466335,240
0.29030214148772643,4.1654159631753815,22,-3.084184090693149,240
2.9048658027405345,4.507536032877518,236,-3.770499165162185,240
9.61161847388938,2.4012812536440675,196,9.194738386047325,240
0.5216499980066666,1.4766707635881795,3,0.15308421095339292,240
1.4300877356582753,1.3162337220146667,221,0.239906671605878,240
0.594060635000986,3.127224852175122,9,-0.9359257174070479,240
1.9859987949457771,1.590963612299885,238,1.6071979348744816,240
2.7445161084229666,4.093594127935373,178,-1.62723843590618,240
4.374614833123083,0.5241052286522897,229,2.88965001860864,240
0.5253585667562876,8.032199679302249,19,-6.771797447172184,240
8.984385813433896,0.24996552308341807,180,6.472232306443271,240
1.952277416850367,0.6505887831547059,101,1.7376291144743274,240
6.259222334755631,3.4926869727434373,192,0.14318482465137214,240
1.792699359463433,0.05475125621043686,62,1.233635899424545,240
0.1895657160654676,1.809034416229366,178,-1.736848795873371,240
1.2581476768865942,5.682711626086217,18,-4.831474164400804,240
4.369357689935291,0.7802424446313486,225,4.077793407994288,240
4.100472115116606,2.8707297475837876,107,-1.2029914783685958,240
5.461344870499088,0.6172604357363232,120,3.7669249377703764,240
3.357052388300261,0.4514736204938684,90,2.276152041424428,240
0.14441875603045282,12.132196133813288,35,-9.133082956459248,240
1.1979748376481736,2.5182487306483097,18,-0.9644948228863013,240
0.5007037243576505,1.1683086901678135,70,-0.17463508074252793,240
0.8002832112511747,3.6562939214042127,33,0.03501239049209531,240
0.37374135621088955,1.9530862434614467,10,-1.15062903280511,240
0.464780772599558,0.8632060512496612,140,0.04004714833083015,240
3.874074088163792,0.34494832787121216,74,0.4920586441691477,240
2.0390810200634246,2.2145023368134513,111,0.7451570218791335,240
0.6545097624826689,3.4476437375683746,14,-2.5598384832588623,240
0.031522900676532815,3.215335869019658,1,-2.9136166768289042,240
7.4501419754100064,2.468095376479251,180,-1.050863136879163,240
3.341558006719834,6.588900051320849,204,-1.498368575218836,240
0.07196575069016553,1.2291326889929328,209,-0.16446290672413263,240
4.985201801289494,0.5767370523946,214,4.089303948271298,240
1.2170590048945222,1.6350476887933976,15,-1.4042148576121156,240
0.2729605462103792,3.337563042299105,12,-1.1593930270852546,240
3.813092004429678,1.695349735454407,181,-0.3034290719705872,240
2.97739416782536,4.068948327137552,223,1.4133200163728628,240
1.2852238665689955,0.7333691467165219,186,0.938725223343581,240
1.7421801247640443,0.8574792801574191,201,0.9663655379550687,240
0.35297893041107714,4.268838939659693,2,-2.85140792222759,240
0.73404895548984,2.8342445781411914,39,-2.5895615929779114,240
0.24661612365686425,2.7557918003993014,1,-2.059818158404568,240
2.6706897211416454,1.1914174375925728,54,0.4327658276339689,240
1.328960782833985,4.00970228060611,232,1.0088812088392622,240
-0.030733692413422053,12.518857376317348,1,-11.56611291150732,240
12.962716396722453,1.1042122234108058,236,12.834849346004066,240
0.6096468947343665,3.5838950947744457,13,-3.3125134430891165,240
6.322525969730014,1.933653105556051,157,5.787085361515071,240
0.34219544880237207,4.4545093597012295,9,-4.388855581733249,240
2.9814465067900597,0.18711197123886716,105,1.0038206270730028,240
0.1321395115558379,5.400669714234744,26,-2.3499520232500393,240
2.5843362046776144,4.4056879938821405,156,-1.5951385559393296,240
0.30679578356296433,0.6338011306461416,148,-0.0883864043121304,240
0.17471097248702086,1.154919076137118,58,-1.1519728540040508,240
4.1427975309888865,0.3646084561709976,138,2.487263772750729,240
1.520020883874316,1.407150507479392,18,0.4460120159748957,240
0.09083880399206326,4.557970576776146,1,-0.9618226305038847,240
1.5638390184851645,2.733469309318824,39,-1.719789723929521,240
1.8488165114288462,1.5249089453964515,226,0.8976653100202407,240
2.060614961273816,0.7031541314325809,193,1.5680959391241385,240
0.3832799873113026,7.117195990791329,114,-3.471214979420672,240
3.2148414660971225,5.8403405349506405,114,-4.511317245964906,240
0.5995869329112025,7.944526861074055,3,-6.847721495992502,240
2.2790139839529235,5.444272793381797,24,-4.18763636833068,240
1.634273996911178,4.986123818959281,116,-3.092355637720063,240
6.008536010162161,2.088839145715805,135,1.387156678079236,240
1.8369351337193893,5.72394789178435,179,-1.385426189076633,240
3.9065083390628423,3.436184086922698,119,0.2933402562173179,240
6.390014688840677,0.14266777801188998,89,1.786524038017089,240
6.5103045916039495,0.9379731770133446,216,5.581523763856256,240
0.3617616641918688,3.962664001372712,4,-3.802389846351032,240
0.27664181347753586,1.1852081289775545,4,-0.15324091465680156,240
1.1828441625385429,2.433962785929159,143,0.2696188899903304,240
4.970548410069095,2.5137085853780015,239,4.835485103436694,240
1.7755991404995968,2.0282971548235613,123,-1.0246976406283268,240
1.524514546183612,1.7939825926400184,48,-1.6234801148271156,240
3.8126715258250456,0.3967137467090026,240,3.548949187082101,240
0.8147000957978522,5.633995687358981,57,-5.508345423827976,240
11.108799837907618,0.2457894630110396,236,10.741645453327045,240
1.9102170828348024,0.5143863541700162,101,0.488919599319703,240
1.9907554410822386,0.20126166216272223,229,1.3949515205073124,240
3.3743916993603924,0.730134172961588,213,1.9772213683844613,240
3.832096373174281,8.39900710244184,93,-8.383204643171032,240
2.5375850050486113,8.823212230196887,34,-5.401847619941972,240
7.295075921447953,1.5739690364912373,94,5.349377276936252,240
1.665796905292326,0.039368907658273646,121,1.1163545877860017,240
1.5108992412189575,1.45672797574113,79,-0.044221441206369276,240
0.2266815343448372,3.9499173153978684,14,-3.161752693752955,240
2.7914202494731035,1.518448452288975,170,-0.4628988353398426,240
0.5779509893026422,1.2792439466330683,40,-0.17562604285476277,240
0.5386585603597854,1.6725900347844098,23,-1.3007206492417271,240
2.6513606497490647,1.1362493545942058,201,-0.5450766818011594,240
7.446443564281228,4.68036935796013,209,4.840930913979384,240
5.45061333983957,1.3988324882380332,89,2.2119749509130116,240
0.8169582149917638,2.8492883317342814,232,-0.10773318459276486,240
0.7282277342557588,4.229063359031609,2,-1.2981776544843482,240
3.568848963141961,0.27805308830535025,221,1.9180653127520155,240
1.776642932473786,0.7670767427607177,114,0.3656160175776351,240
0.04424160105104103,2.498913099368553,1,-2.009797621081541,240
2.253803250099271,0.054637654547967464,191,1.245397038350304,240
0.8190121983687612,1.428194825254506,131,-1.2532240374210901,240
1.1125324744086214,1.209925889676712,226,0.6592785033532477,240
1.4313635590369715,0.35061232173319756,225,1.1193036001088619,240
5.425426270416774,0.9632097364145933,226,4.208145394345973,240
0.9374333260587215,4.008481869345149,6,-0.5896073860727546,240
2.8331911933020635,0.6793597018273617,94,2.400202218268638,240
0.8989376098726136,0.583821899587651,84,0.43323781555031105,240
2.4938537239818914,3.476270763766047,240,2.0031493524167137,240
0.18475158583296636,4.2759468295799845,7,-3.411356180435508,240
0.09553191313377696,3.199363770853108,2,-1.9934325873933616,240
1.6922110957690721,1.5487032554090383,15,0.5003663198988467,240
3.249673586550024,2.5241087473635644,237,2.4269321129321626,240
1.1410736783402469,0.9376264333646669,119,0.5143677084922643,240
1.7214947126983144,4.201030207278299,140,-2.8373519475656,240
11.44987950189469,1.540739342892619,222,10.086116975415486,240
1.8694441044299446,2.8959706069957067,164,0.45824292704891745,240
2.609733057595171,1.8723775483003444,169,0.04534141740612504,240
2.287961423336829,0.41022598533026855,49,0.8760650810430172,240
1.494973863806592,1.2817170389842003,19,-0.07333423465834253,240
1.9953296021802258,0.13247001508247377,65,0.6085341317852462,240
0.25845044441178444,1.8880533808413307,17,-1.6520467082362695,240
2.3549970060578573,1.2301015289374844,44,-0.5381694189101265,240
-0.004416907594478131,5.119195902121071,1,-3.4451879237742897,240
0.27708290510673866,2.8324030299808314,217,-0.5618625575777236,240
0.5923000644289528,4.009243239145458,15,-3.829758371136666,240
2.366143477326818,0.620773812464034,218,2.0574992299571684,240
7.219381843524001,0.26716387043153517,240,6.9458023741457255,240
0.8518647893295799,7.610053613392794,72,-5.792865053588671,240
8.963215456837833,0.07993139037302636,234,8.654389630396512,240
24.488146260344656,0.8311822386015651,215,19.003378152261124,240
18.954045755564582,0.5756775937061063,170,13.134931573734008,240
0.10071113828428026,1.8304300042717467,9,-1.2123837834116848,240
1.0283707894990282,3.003312872528309,27,-1.606244648118897,240
0.5260310378334799,5.417005217146743,9,-2.320331823663625,240
0.06252081657204098,1.9381453137325595,6,-0.6542108778521782,240
1.4969357919513564,0.3334769084368442,111,0.9122830866675976,240
0.6589429621169255,1.4935490668257612,21,-0.740314308294146,240
2.4093798754376685,0.915538535576644,103,0.34304457642517644,240
5.011511358610184,2.3168191780203444,227,2.7695039939866226,240
2.6252822475808375,1.0094684690547755,240,2.5904893503237734,240
0.07020033835736134,9.246158633839148,5,-9.142059272777024,240
0.7713270586252813,4.878368842108492,25,-4.700617768118597,240
4.9016810874776064,0.028789620564421824,240,4.891753632110572,240
0.5234311134313495,5.18213404099375,4,-4.456398106648532,240
-0.015136803536538929,5.850626846936624,1,-4.7436219482965285,240
3.2660231807583204,9.44879012789238,204,0.4248697354059479,240
0.11943454000570843,3.184097664269262,1,-1.8678475165533137,240
1.2487633205416784,1.509642571872595,239,1.0584783432344813,240
0.10008700566003224,3.953977734413897,3,-3.2695990200355824,240
1.1460056248682513,2.0752667076419913,34,-1.0961792933522847,240
0.25628219485014986,3.1795009798595126,25,-2.9232187850093627,240
0.7434850710448625,1.3824991719197286,230,0.09054150748080086,240
1.6495814040301982,2.5368029587563314,171,-2.253885679040654,240
6.4580196455961625,0.909371664325919,145,1.4945666925756071,240
2.677016211203254,0.5994497114067033,24,-0.13724243392724508,240
2.9344699019467524,0.13662511689227014,173,2.771113783923412,240
1.100601075584909,2.2765888508594787,49,-0.9216415510997067,240
3.4024373465771607,2.232626602680589,164,0.2401440754747511,240
2.833266947397787,0.8103180193692733,59,0.22897497624147267,240
2.0975680299276718,0.6846107054531994,168,1.4867018210750005,240
1.4352996016302577,1.210183166821692,237,1.248918104128641,240
1.9283702185389477,0.49924140049836485,87,1.234891890401954,240
0.6123348453580264,4.392525702673336,4,-1.5142834923929547,240
1.171425156137943,1.3012055620893723,111,0.7004478764755406,240
1.542001406570836,7.485502235532886,35,-6.971099968380967,240
5.93323094299886,0.2156846248954872,48,0.8078654641726144,240
4.6302835590231215,1.2887104793807134,18,0.24205228046630345,240
0.6050720951300586,0.8985330165445926,30,0.03763789161364697,240
1.5926734968935412,0.017145512352992515,107,0.16670395745699998,240
1.7508758725865354,0.9354196023781566,206,0.5912303282798743,240
0.09134530149648933,3.8765267525492333,1,-1.2772203463644591,240
2.472940543594662,2.0970774452919088,133,0.9345865769700413,240
1.830320500859392,1.9272348237103145,13,-1.3576506455516149,240
3.90679784601246,2.8306311059405074,33,-2.078951709347992,240
1.404510112319654,0.7902253598378312,79,-0.15230499457888377,240
0.06353565124860344,2.9223898170775984,10,-2.6622438434611815,240
0.15747502506558206,3.007514822973217,114,-2.3879409538629535,240
0.6695518260912253,4.653967410313801,12,-1.9213226313925456,240
0.49596891226588585,3.4368808698122004,194,0.04461096036255136,240
2.833806676598078,2.185876004310666,199,2.392359405369299,240
0.045446476610165876,2.9169307906816138,2,-1.1415861721383744,240
1.5072071745770055,0.22178592620720602,125,0.7798430489805692,240
0.5467527885747119,1.044479404594491,192,0.17956087890467382,240
1.1248605269433507,2.4352033748189643,28,-1.4231280656037035,240
0.031353636815062744,4.448116336766993,1,-2.194754577052527,240
9.144824947056529,0.7990451797930199,207,8.50291619593126,240
1.492203930152783,0.2154691019832033,59,7.31223905408729e-14,240
5.781232740348112,0.6900092333939704,200,4.225275664248736,240
2.345210100462421,1.2142052293969234,65,0.7859833851105906,240
3.6195573644499923,1.3897868492950598,148,0.27265121246605417,240
0.9129725513983044,4.045073299762236,219,-1.789604387473827,240
3.875674959518386,1.3283950366042574,103,2.263783983275721,240
0.5042818764881816,1.528178524357791,30,-1.1402562835592784,240
1.588867285375848,0.41711862253460996,25,1.0742153804925012,240
0.8638171974222423,0.40063124697372027,151,0.03209735721361685,240
1.3468278764467325,2.7289130271462887,56,-2.2881970989894413,240
1.0118060436423508,3.9182891683133683,29,-3.5940193841876438,240
2.345560870734503,6.072220857943158,164,-2.560201818339478,240
2.2869956773331,7.643523851357433,16,-7.03535555126269,240
0.12801323537915818,1.0667769614928,1,-0.26471308315901126,240
1.0275028027554862,2.4305814193801876,41,-1.5783051065132183,240
0.34639365876150385,3.544109958634134,5,-3.0337380114105654,240
2.366780578192279,0.8356234647823139,89,-0.562543901127958,240
1.657637896634799,1.028878694463001,83,1.0603166545715002,240
5.779970868208333,2.778685618421594,235,5.141289529805147,240
3.4631126599628628,1.9773375379723337,31,-1.6631811067057294,240
0.9492992570860502,3.17247435548202,54,-1.3614766183427145,240
1.3141998722381867,2.7918055486967233,24,-2.45456378254041,240
4.0718239961461915,2.5839498911997922,219,3.547294002141203,240
1.1652096602907316,1.9932557354964717,151,0.9345295021378068,240
1.778363787319491,4.3763305221415,135,-3.4604281966879684,240
0.9946243750538134,1.7219202143730385,17,0.3332312721043215,240
0.32805838272013516,2.108078866738167,210,0.10530269074964686,240
2.4981293912930527,0.33353899439020446,75,1.5895475152550187,240
0.3002691586459884,5.415975522716269,2,-4.126112404153165,240
0.5279986145466966,3.093415611778438,7,-2.3437769008430034,240
2.4118821799781216,1.2267607900817774,137,1.1338728973601906,240
3.1571480216153867,1.2245492868236485,232,2.3543499277116395,240
3.3220709966679163,2.73383251897979,194,1.2949209128127726,240
3.2708181139468446,1.0707174232899703,119,1.5600379164887206,240
3.468457767811855,0.907825402147324,213,2.9203586647684032,240
5.557428653399545,1.1590359223666251,195,-0.27341360219935357,240
0.7641890451936785,2.8728614763795832,10,-2.726850659585604,240
1.5218838398681425,1.4150238761631473,137,1.0288250021894558,240
1.0960494680516597,0.1848758138882631,63,-0.12038936928198465,240
0.929492261594279,0.6053929861699708,126,0.7338096802060463,240
1.4018906032478398,0.8733455707035426,232,0.2706636291203931,240
6.434424809275024,0.719437835439294,155,3.1730995057802716,240
1.6253266055963365,2.0648597030954052,236,1.459319375095975,240
0.39705172957609874,3.020515170493299,5,-2.4270001825166667,240
0.8633307556912172,1.0227756604866516,32,0.1060194282212211,240
1.8827754488950532,0.01910985230863964,52,0.62698515432031,240
1.2113187675543862,2.814766454772074,166,0.5000071814049525,240
1.1651026842785923,2.7268360695886265,49,-1.5617333853098463,240
0.2214586523342691,6.898271752560701,5,-6.5445989794299875,240
1.1445879578364588,4.453799667327264,29,-2.8927593361192527,240
2.2895117081935314,1.311204034662607,137,1.124374444231638,240
2.5287377945691754,3.7178241818973152,238,2.2749379887939654,240
2.229875941443354,7.899184075620622,29,-5.8596985767841705,240
4.1869827480629365,0.002373572986482063,71,2.314945733665355,240
0.6628239245878657,0.4440693213835203,58,-0.1286791783554095,240
1.2356788272242911,1.3038652495557927,230,0.4417711869350361,240
0.9482553021267007,1.4977116454152068,16,-1.1122059852048445,240
1.0107779198193905,2.7502562004386473,32,-2.4446721781678526,240
6.386226294553428,21.71610301891178,89,-15.413139689625348,240
0.2061829105999572,1.19586088147984,12,-0.6694880391245812,240
0.6585537469476304,0.7668872637618406,113,-0.31160140494130606,240
1.3428734336747257,3.6170628408361094,22,-2.818342339705226,240
4.733210259950148,1.151775853664416,225,3.534089029281275,240
2.6940909833413635,0.29945951217172895,143,1.9778256152745988,240
4.225249522501635,0.7263159941027331,230,3.079170622886802,240
4.333273539815865,3.6460050668706536,228,2.9957574556686137,240
13.55637732320143,2.3754610948760027,228,12.024707864795083,240
3.3446518417883513,15.72614469272787,51,-15.67903692030836,240
0.7647421678828392,0.6963169987660648,102,-0.5553347058756134,240
3.516569052307219,0.3405612015667261,75,2.985586533735415,240
1.9519595037184299,1.1540782467242114,83,-1.0187233906268982,240
2.6285471468426835,2.4396695075487655,104,-2.1170035404212983,240
1.4194988484415347,1.9705125402531074,57,-1.04981722230003,240
0.5244943513435505,5.561380152896256,46,-4.844488347552748,240
1.0654046743472831,4.95451285208855,31,-4.6324080463200294,240
4.0728394411374795,0.13162225023193458,224,3.779793676470305,240
4.314368835025288,1.0096319371847045,187,3.291346553846165,240
5.410407097504282,0.30516457913571127,209,3.4533447144553704,240
0.005957361683263122,2.8436473101684347,1,-2.7920168422464298,240
0.5344462899377118,2.128011239273288,7,-1.4500754784963608,240
1.1237377678214238,2.929558227274186,187,-2.0645414804163775,240
0.29249187177614955,10.534750347249126,3,-9.21273751645396,240
1.573143117666,0.5254482579059079,98,0.9623801426161478,240
0.09360855272216455,3.5450464805109188,1,-1.5460509352824408,240
6.208992694342611,0.4313764855978156,240,6.098202012249119,240
1.5619887821636316,0.5494525245492844,109,0.48752426342123545,240
0.5996636008706026,0.5328021540835997,149,-0.46176186687251003,240
3.273320304655087,0.5879028927888978,20,2.427678841524125,240
0.7840908149435302,0.7646658360439942,188,0.2475913977191861,240
1.833240309992673,2.1634585966000692,204,0.22210411447987058,240
1.115086353811305,1.4826666054429827,128,-0.07686130938761823,240
5.976939454510958,0.8890859716443865,233,3.772714366402959,240
0.0203957624174477,8.77879576729531,1,-5.679788936877049,240
0.1609065195380903,2.569425484158771,35,-2.2069818174804556,240
1.6923847442569295,1.9472119070581893,221,0.46810641862438845,240
0.7268963977693031,1.5585984251134963,36,-1.233007406764759,240
2.86053009738565,0.5692238732832604,110,1.4904298504892748,240
0.6528997461399403,2.788386481190291,9,-0.9139078956718081,240
3.4300629890500383,15.71994185733027,59,-15.363865954255562,240
16.79614811378208,0.15441111774389354,225,16.197411126611446,240
0.4363208119785142,1.0987640885592065,98,-0.3598850492962102,240
0.13380695796216965,2.3172932265255466,5,-1.7800380165261591,240
4.347571991073142,0.6787822076385168,30,-0.35341552959683675,240
1.3062961521798524,2.4803252705667513,18,-1.9103216710151478,240
2.0612356158613343,4.939064074873051,32,-3.9678785605329745,240
4.417720259440292,1.312203409924192,213,4.230396432184903,240
0.5130332550421094,1.4247327303537698,233,0.16543659118072523,240
11.827007382408379,1.1495139342805027,225,11.379706981203093,240
6.81609265092719,0.8156228795640709,240,4.309074031271464,240
5.26523650258943,1.0391063035622445,181,2.796888378165495,240
5.316802933278282,0.9132185586271968,220,4.414333130556017,240
5.694410813807901,0.8036556392196454,205,3.789613746265164,240
12.181246330833993,0.43167275529470756,216,11.120220054631899,240
0.309130678399261,1.280673115272598,172,-0.1448320054968482,240
2.1818140729138062,0.19681583773992595,224,2.0660400507139003,240
1.3588490642484397,1.2125913881180355,160,0.13635565810164546,240
2.8328909928887493,0.9625178421180176,220,0.7669382071723813,240
1.066401773941702,5.99575000860221,4,-3.297974318115465,240
0.852951154983113,3.9069076422256668,3,-1.7118148282875383,240
1.0674248561504998,0.8796474992569797,214,0.6013346310041566,240
2.5001237683502,0.5063318267486457,233,1.8668936312605429,240
1.824767185202805,0.8453565297929945,157,0.47989338124824527,240
6.8335893973955875,-0.009287923068147347,102,5.366097552626934,240
2.947245234225979,1.4671026359970993,93,1.6274300404847168,240
0.0387576222721824,2.3036306753721054,4,-0.6309332930953914,240
0.6958176888228423,1.9008843334907508,16,-1.5809115724473304,240
0.5908299438132801,1.0838581055441925,58,-0.3912071283299447,240
0.39423225109912785,0.6870496839807775,28,-0.686049819575807,240
1.1362949560919708,1.224861892968087,151,-0.8374286542076266,240
0.7394284905628316,1.5740661850847062,55,-0.6181183210319191,240
2.121824549388898,1.68707762336727,55,-0.1330195818423768,240
13.583157104674276,4.307801253196641,225,12.274414960282341,240
2.183489737476498,0.33068441458448666,211,1.7296091684391046,240
2.0176682408490976,0.716685198533229,223,0.5073668675818401,240
7.252203900771446,0.13590559814055683,234,7.069434303272256,240
1.2375895119394493,1.6139901437553876,84,0.6345602274593395,240
2.4343088938889457,0.29415351467604745,69,2.0666170005439293,240
0.013536130001039485,4.56330014593389,1,-0.8960918060655391,240
1.6590589804679732,2.16075693513406,53,-1.3307646239088702,240
2.693245143487045,1.7492956081576274,229,2.325928333830628,240
0.20672563685731632,1.850943455803442,2,-0.948690911751597,240
0.3939624801836594,2.417397552015989,18,-1.7607934183766119,240
6.401850138173584,0.13677741306150562,240,6.201688070278657,240
1.127438894341467,19.314423265596655,99,-18.434655024920875,240
1.5296841501208864,0.6242733724773191,56,-0.2839186490754406,240
0.4531891010803851,1.4193228425707507,121,-0.6225393903445186,240
2.3886115803393864,5.028847892042616,149,-4.321381256033698,240
3.341388539889618,2.4936917820012603,239,2.6993634894310863,240
1.6546503804750319,0.6592713522628321,240,1.6502872345302457,240
2.139143621157204,0.3682518544462135,237,2.044368725284257,240
0.2886200618049229,1.3764769754657333,126,-0.6613703185421492,240
0.037777709666895386,5.6027249413823395,1,-4.6001626463735255,240
0.14760994006764103,6.464879626061293,6,-4.789061979291193,240
0.813049060945073,1.5781662141463901,223,0.14346965583151022,240
1.0206199864043035,1.5208797318626162,81,-1.377577061445614,240
2.015341658037122,0.3054199737900633,172,1.0453106145208946,240
0.8086399115427697,2.4169348467224903,55,-2.285156490767347,240
3.139261074085271,2.3383933105021035,209,1.3448956061767376,240
1.903427150842711,2.210244480985189,240,1.7496403214367329,240
0.45676999708309174,2.706963245871298,233,-0.665922574694787,240
2.8738353341542706,1.5500288783062055,171,1.558503008137402,240
0.5848385746552441,2.336821159153408,30,-1.0965327471746045,240
0.36665092028904966,2.5166014323184047,149,-2.211844454871678,240
8.210351082934876,0.9056669282084115,141,3.6247968152211487,240
1.4965380220210134,2.6128474918515128,81,-1.8162257169786542,240
1.583274014813552,1.4207982971362454,215,0.8158355185501144,240
0.8715770577673637,2.2706875978678798,92,-0.3123151123666763,240
1.4512872107784955,0.6793971366182296,190,-0.2990807815923807,240
0.6500358819106158,2.045569693223097,100,-1.460345836866297,240
1.317631204535868,1.1278339119157563,53,1.1862330788757396,240
7.70134139906992,2.0848090081095463,235,5.516916943473997,240
8.56142055958898,1.4131239271799303,190,6.904254445344181,240
8.386549277148944,1.7894018020981652,145,3.322064954071515,240
2.1509145414613062,8.270999549075711,119,-4.2499222144749025,240
1.9615840585974527,8.42080822538141,104,-4.880369805207653,240
0.6104219453949402,1.1741631645714234,164,-0.9264695152502626,240
4.077377120747307,0.557925563713971,240,4.017896783464128,240
1.8190751677867334,0.5301818435430949,26,0.9011535540884216,240
0.026299461178052232,2.222562307396557,3,-0.9655168198487686,240
1.5833966833893134,0.6824399525518826,102,-0.28960427334291305,240
0.6150467705802631,1.7481124931108205,145,-0.6134350127953956,240
7.4072401144130895,0.7041183410596596,206,3.783575664007304,240
1.485037892768271,7.0408052321427625,23,-2.6979938353085204,240
5.9869517355269375,0.8406866953463263,229,4.954026103019765,240
5.480885666728701,0.006263869333256109,109,3.0912195160349536,240
1.453160032485074,0.8704452773623773,225,0.055266366816599036,240
1.6271670980811588,0.7627789868079032,210,0.2248901251280703,240
3.0299707691918303,3.144532897362413,144,-0.18566965600014174,240
2.219739575150332,5.0407444155551975,134,1.2107670409914306,240
9.368430247207847,2.159156161830222,233,6.791617465982744,240
5.786759725846171,0.2722527379420069,239,5.281147498239658,240
1.349027319128753,0.8040737090251413,237,0.8289171824271151,240
1.048507025717346,1.2516209521651163,226,0.10155696322388504,240
6.36065852164032,0.29514188053885143,240,6.119539508583633,240
8.930498802603182,0.5240706097934987,237,8.404169267767303,240
2.729912006865167,0.5883935343365131,206,1.7013201614215538,240
2.5205786132024484,0.4262621444451483,131,1.9750514127983512,240
0.42524017653323587,2.755568263772839,16,-1.6073899875409166,240
3.6436315753605255,0.17751262686355804,223,2.811541136937965,240
3.145020474208978,2.0519074552217953,103,-1.3686663174800047,240
8.24168718844966,1.3073452696408412,224,7.020491959105669,240
0.500228095529232,8.185774828037086,2,-5.075201529781235,240
0.042985259649258416,8.748933180620671,3,-4.481213318439344,240
5.971984782011896,0.08646856620395209,104,3.724799774936287,240
0.32282138395566307,4.326765420402922,7,-2.8286824237691333,240
1.9092853620443206,2.9501059037656336,167,1.431344927706308,240
1.2408810920293276,2.8789096874290183,87,-1.573294098633001,240
3.5804657080796085,0.7680588673181411,224,3.085294918664417,240
2.151604678373585,2.3786122595850587,26,-2.338873514515282,240
0.07226399395014185,5.025844224411765,2,-4.8207077254561606,240
5.617635219948061,1.705167228491676,223,3.5431063889558048,240
0.3166696734296436,6.41807861610987,2,-4.347010971625822,240
0.8519617987615505,5.306359680734433,107,-4.304542071546514,240
1.2330854390680577,0.13246823791911372,133,0.6865731843363521,240
1.3477909772508585,0.21540469845316987,73,0.3514497711604441,240
2.409959908504798,0.3105089951399165,94,2.103259042550801,240
0.6690876127534026,2.5431671347300906,96,-1.4142799776676624,240
6.843263826373187,1.9351458400581691,232,6.5921380303351755,240
0.6353206373889994,8.893117925091648,5,-7.831965198852825,240
0.6456160100235084,9.123955558708511,31,-8.819164744674188,240
5.58355181484231,1.1327803506338274,225,4.401946382066626,240
1.7971697471113683,0.8503957793902422,196,1.278995252202947,240
1.8856843159239896,0.8610860382136077,181,1.6504149065760145,240
2.0121442871665596,0.48658802584746713,25,-0.15625643646932202,240
1.155204939202518,2.325130799830098,23,-0.6009751606357021,240
1.0602250645439797,3.3939749107592143,6,-2.365117451674944,240
0.5640225790114061,0.7404255028606551,33,-0.14392300292008234,240
0.22510644755075584,3.314259543167476,2,-2.6735719616774327,240
4.996819907359689,2.718622369468915,230,4.548387351571043,240
9.699080892369775,14.115777262706176,15,-2.2078963646296446,240
3.42563124504712,1.1767532702630032,138,1.8821396812072748,240
0.07902163259558838,1.3433677541262377,4,-0.7087252673423571,240
0.6846283578106254,1.1016800806486646,170,-0.8786394489363147,240
0.861046798216181,4.920982573526847,20,-4.563047421942795,240
0.4813355084095822,5.960217155466361,77,-4.680720410667427,240
1.1741294353348306,1.9964586559860504,28,-1.50596506345864,240
2.4602237086536793,2.255128851157388,191,-0.7682482956392496,240
2.847107645982185,1.862598055717592,176,0.7072665741241978,240
1.7119692333722314,3.046243906767187,146,0.5006702474957694,240
2.9535985639080216,0.6664685988790279,83,2.2007590679915103,240
2.2857784559728365,1.2188750789650544,240,2.2228187508761734,240
2.233853785769866,1.5988486081203308,233,2.163135881937366,240
0.48439915569981845,2.137305046640751,77,-1.9048784342128187,240
0.3017496560722138,2.9508496450624286,2,-2.6582926670122076,240
1.5779011204950395,2.2593228978206406,45,-2.0013147416316768,240
6.67943390176125,5.219637240906634,186,5.179752086238328,240
0.9794789606045847,4.045418195691894,45,-3.628126140795349,240
0.22006728811074566,2.2832807219892466,28,-1.911545438018486,240
1.152792213227631,0.7516040328666233,191,0.26753111216070824,240
3.0381629207486904,0.5435032617539571,214,2.6783422883008234,240
1.103638991788908,2.5015817147216826,48,-1.6778378339057771,240
2.522536782489161,4.655665564402624,51,-4.41564550033108,240
1.6037649646687249,0.40436196354653803,45,0.1386532804426191,240
0.7668589863761588,1.8839698206194144,144,-0.9862217707385125,240
1.4839371959500554,1.119277581929397,129,0.7750613940617471,240
0.43913832800869124,1.179019874593369,224,-0.05589033265567362,240
2.803612462671013,0.05474322302979917,110,1.9419604608816983,240
0.6379545822618634,3.4239928979293923,5,-3.3441221974560116,240
4.526747599206992,0.11525284560493801,223,3.7852876258155614,240
2.0153611239586424,2.5083484114139445,209,0.3909350550590466,240
2.0953666109685622,0.2441464297030858,139,1.176463839833248,240
0.05221329818397243,3.486688023177325,1,-1.5083841697606546,240
3.3094350568014885,0.4988608458701671,236,2.527431707396467,240
2.283012179056008,1.1837113877650058,240,2.198601582581915,240
1.132099996352481,1.6071855971213456,30,-0.7217987956886023,240
1.690237717418365,2.1815178844187937,160,0.058485734166803194,240
6.513144351369019,0.21709378052425357,240,6.44695722316046,240
1.9836618176339365,2.931031340883056,177,-0.9063282442636285,240
2.9472339118099815,1.876427968908736,61,1.584389984480971,240
2.8859051342731954,3.473067451922875,223,0.19447115867878778,240
2.753085631458809,1.6136967274030318,58,-0.17786543375517083,240
2.0635232711440787,0.24789564411870338,229,1.6525821698197583,240
2.1248862674583537,0.07019997107942119,214,1.5828422050523558,240
0.29078827333715723,1.737918724056846,5,-1.1905859493239184,240
1.928749970923928,1.0783184988292287,234,1.3543186210802995,240
0.0984608762617383,7.382104197730682,1,-1.2775298694971498,240
4.950985818186838,2.4970353424633505,35,-2.0284481056535224,240
0.5564791707037814,2.85976054366536,14,-1.1884309603277843,240
2.1995697598276265,1.9253400680988069,132,-0.7124010469909472,240
3.264178442399739,0.7387234102772743,102,1.019082294900612,240
1.6813628230900037,0.4142696894589979,70,0.5556523405560175,240
0.009177770473668643,3.050002572664733,1,-1.580870964090832,240
1.7151282383985984,0.03836439509905168,23,0.5682726024051936,240
0.4731178331659057,1.1417946338601683,87,-1.1345117481728835,240
0.5024693161539036,3.0366332018992948,60,-2.5610159534090493,240
1.2857093457665543,2.6490572765722025,15,-2.5556034242100094,240
0.18517706961270977,4.115822415163869,1,-3.294754276315403,240
1.8688090050277864,0.7538611465652335,182,1.6807270376134489,240
1.4286825652071817,11.879295573185248,30,-9.69373064204101,240
2.038855707671367,2.1551600336238614,213,0.9623904288077516,240
1.273009425136938,3.66542014629869,3,-0.8803755624076331,240
2.597012440188196,2.1916755491978726,199,2.0388990576007626,240
0.6625687291018768,2.0428158736581485,64,-1.6765511724776823,240
1.408482381456951,1.6531808724065058,34,-1.3269162178071263,240
1.6760123825284736,0.9377046770416891,96,0.42223656003572585,240
2.7392129692381193,0.10901884392618742,51,1.6206246630711483,240
0.9798050747976678,0.7221193364715356,161,0.27955906262571706,240
1.5842982568051827,1.0436164827559968,181,0.36309081900919554,240
0.8749406486767215,3.1793617937827636,240,0.7599249765501278,240
0.13807775413517276,4.3557255168135365,21,-0.9288867096374729,240
4.076128911391959,0.48760572591310997,65,-0.06373931057682976,240
3.6616380836536706,1.44933457202342,207,3.285669051967971,240
2.6420317038607313,6.612477064466559,214,1.5541192310951035,240
1.908196547512323,0.7521096114352479,97,1.5617680076365852,240
6.157242391098215,0.5901154552045914,214,4.592137438520834,240
0.3420793540732659,6.470761563179871,28,-3.872518978281821,240
1.0828734863386307,3.9053665973183387,32,-0.9239534866372519,240
0.39196037170251236,4.461515900655351,2,-1.71527612203808,240
3.432614072580997,2.8988811909730843,236,2.2498620069378386,240
1.3926135292833324,1.0502792617914316,140,-0.9793144468054001,240
1.168013600437913,1.1890196136116729,32,-0.42012026347628306,240
0.28860759505824196,2.5023758530477287,6,-1.0741382672478372,240
5.368059142951048,1.4207363234486066,240,4.966954165090822,240
13.64118361782368,1.6907057053146273,160,9.627009229100562,240
7.716383873428074,0.5725059002865566,70,3.9388843593534677,240
5.795782314618339,-0.014508545978685037,40,2.2483155548978617,240
0.13629337750440387,5.914545586638088,1,-3.7879653370987914,240
2.259240323332043,0.3332429196111999,195,1.625693452291953,240
0.21726780165402046,2.844593373412156,6,-1.8159477746352541,240
1.8812345722343213,0.3918336680949403,237,1.6993891130079488,240
3.312746509150793,0.5000372089284305,197,1.8386784869972843,240
3.6174469676059573,0.3427282814594889,182,1.8510573244095245,240
0.16407859211790937,3.9774913882349607,1,-2.0396666364987563,240
8.369460108165322,0.3247301506096168,219,7.09504744162176,240
5.924279783842144,0.7745524805729995,159,5.041656298378384,240
6.0259741612581434,0.6319860687034525,144,4.197635863733507,240
6.1104728342639865,0.5234586567097522,129,3.7911881919119197,240
0.4656587375800725,0.7590811153459096,105,-0.07528754545222997,240
0.8289540921385177,0.518485622589257,143,-0.4217715798046285,240
0.7498867736412349,1.0764124168101568,113,-0.6764004038369908,240
1.6065661242004048,0.4716713364639465,174,0.6961786538201816,240
1.5946925729585997,1.1216191600299257,156,0.8605163267813972,240
0.27907861737240913,5.257297812394666,3,-4.703092133293964,240
1.1641676404737136,3.3090982858023095,32,-2.4787710406563312,240
2.4276195474449183,3.283032234133437,237,1.3725387441322694,240
4.002110617604948,0.9449622977607691,63,-0.48048930394612344,240
2.5882457012964784,1.797899013385389,239,2.2432434581873766,240
1.6371874297668256,3.3541295922422134,82,-3.276590268775704,240
1.2462823032512897,1.324790370613925,106,-0.5056451796236531,240
3.5414879408679907,0.5031622211070826,171,1.0150132717776366,240
2.984936707794673,2.682447080288131,240,2.984936707794673,240
0.5716996906592094,4.063288405424159,60,-1.7227728933289272,240
2.1184160602852193,1.3246999855876465,197,1.8509002576402365,240
4.0588683396992975,1.0635537360710174,235,2.0402867589931843,240
1.2597125201184722,4.97103946862504,35,-3.889460209633053,240
0.3616899179045067,2.479479568792042,151,-2.140157316862998,240
0.22938818249516635,2.708214229583415,106,-0.1290308526535175,240
0.13878841019335192,2.255762277363488,1,-1.8240762482555057,240
0.0026823775860662685,1.1094726369514012,223,-0.24698507465703104,240
0.04216173580379962,2.8521755494114003,2,-1.42361736049862,240
1.8608963326690475,1.3490497929950105,199,0.12806168310845806,240
2.9459000509661393,2.3926551094070487,193,2.041060193275831,240
3.149404732607499,3.030171394166758,148,-1.9324023816261602,240
3.4164555520678386,4.509555077851172,73,3.0756412512533977,240
4.249672317369643,6.691535540582634,232,3.725068008209334,240
1.3231463558077947,1.3866360398164739,122,0.5264130662891574,240
0.9008703793151419,0.6945439732002395,209,0.5295643197422149,240
0.6969825977431237,0.9386203145340124,223,-0.47917553594832474,240
0.877633339070005,0.8460385388634336,208,-0.28435320185865015,240
1.9814585444032016,2.6849318233047663,49,-1.9027075913183875,240
4.014892056493042,4.2696064031780345,105,-3.399808309004594,240
4.992554069426989,8.49212572419031,79,-8.42384776348486,240
9.9261678131782,1.1798363165842447,166,6.722241049280508,240
2.8528785328078836,1.135124931667765,238,2.7827071733956648,240
2.9292789790817624,1.053163694020027,223,2.4793658002077237,240
0.45943022989931226,1.7162800630960404,114,-0.5350681336021003,240
1.1524500971853493,0.3493364357093407,90,0.990043811168293,240
0.7908238764402463,6.028511242709595,23,-3.030867602191243,240
0.07816127724039064,4.681505228170794,1,-2.7605142007199373,240
0.4187372590137709,2.862552323735565,12,-1.0758326500818072,240
3.8946695441907475,1.5088082244998318,160,-0.8427414778774927,240
1.3961023421847731,1.0423729077767543,48,-0.6303157474824059,240
5.2092709607382055,0.28333622059332486,235,4.9122164128911585,240
1.8944911823421209,8.749335393450542,109,-3.0658618464241787,240
0.038990571165619804,1.586300605839032,5,-0.7640099813115472,240
1.1225583018038017,0.7210278323124985,240,1.0763607101526562,240
0.9773433920958122,2.802520882419453,111,-0.9351775754875307,240
10.10105019721527,2.294829372180081,185,8.723202334001494,240
3.4743078170055015,0.02048731882261832,226,3.0833414828068526,240
2.4583478133017995,0.027440520568712035,166,1.6302897514346053,240
1.7048357675014043,0.6616809887493142,227,1.1542213627111033,240
4.15954079812632,1.0899776983389302,212,1.6428585823314579,240
2.660653083090081,1.4522243039418943,107,-1.3061032682480487,240
2.7927842388072297,1.4313019223887007,32,-0.4413883136047346,240
2.0518795101446132,0.0582589298735348,175,0.7169732303098683,240
4.935590528524769,1.0441478688213985,234,4.2352985843755135,240
1.9173639223624612,3.7875757248907793,61,-3.3300601066986046,240
1.9283401505022066,1.8053480680097602,71,-0.11113213168028398,240
1.8912697052027483,1.971593901176562,227,-0.06142438515649168,240
1.8667063620039273,1.8991708204735307,75,-1.0028812295577163,240
2.475475142492682,0.09332773175120555,187,1.5107068725493338,240
1.7824457559836058,0.5040522834542428,239,1.6546064087307193,240
1.1774538626561248,2.108300268568451,111,-1.9334587478812824,240
2.4355279073187095,2.6361883626905462,14,0.2006604553719776,240
0.9414604126362156,1.4335407398811297,64,-1.4129898213419672,240
1.7698575458391441,3.4638640539997776,234,1.5748120203793188,240
1.0829813504313062,7.169810838256683,49,-5.9445399673306465,240
2.8066697782816217,0.136478073831208,237,2.1612045113301486,240
1.48219765805744,3.4100418051225696,27,0.03901757234958559,240
6.192798176741081,0.2665385852237687,169,4.669769805546094,240
0.6656858669509055,1.1292800029673091,240,0.5344574702401084,240
2.106091995334984,0.9963162469514288,144,1.479848731570593,240
6.486633436617344,0.9953866831368832,140,2.2863071173693585,240
4.732477830497952,0.21581332126046834,240,4.659255453641693,240
1.7057153623993893,0.18605290743829922,88,1.276383764699778,240
0.6179958021335022,2.4301589122341416,119,-2.115640204055536,240
3.1234174985614196,2.7290044831941227,229,2.2943652647670403,240
1.1516739202603656,7.773798961757601,27,-6.945298845651764,240
1.6824163365994385,0.41674211008835493,235,1.2228414232838565,240
0.7501248970406474,2.3047488238706433,18,-2.280935335075542,240
2.8222382896086606,2.8170503515764143,240,2.7029157148643947,240
2.9053412104707004,5.398086200191804,165,-5.352305759609279,240
4.4924706330146105,6.3413375397224305,105,-0.7781798025246192,240
7.185036986721713,3.84164396467729,171,-1.0611003727557276,240
4.6454058588259075,14.713592796260782,39,-14.421488168221074,240
1.7730022295462307,0.9707107197637509,220,0.922905267049313,240
1.7742742470954105,0.21162854331930833,70,1.0727377885510392,240
2.0998444039231035,0.35203273830474957,240,2.070929434189918,240
0.9495352576619992,14.244769853663831,95,-13.579712155778326,240
2.20213032621598,0.9873688966914511,79,0.5135719140885164,240
3.9405373411511344,0.5241121688037912,222,2.5891141138905187,240
0.10304885770991981,6.921579381599352,1,-6.098237363255676,240
2.1453089166741575,0.9332093787532236,233,1.3572362534060345,240
8.262031590498445,0.6871298179735723,154,6.321377565161876,240
1.394581138947036,7.418625183197811,31,-1.353381971670773,240
0.9157718707153479,0.8582103910459674,217,0.7844344100612402,240
0.7953013663748711,1.0802742376547612,61,-1.006936523869923,240
0.8834312339826034,2.8160290517428197,38,-2.2487608118612488,240
7.009272538886559,1.8264585586350521,227,5.8691628604884425,240
1.5084615663048115,0.6884929737411406,105,-0.04636727160331438,240
1.670029198975537,4.702686582981088,67,-2.731294604262758,240
2.6411299195439097,0.7964349269160278,27,-0.4141461619964724,240
1.5316638012427122,0.4930326082105107,215,0.7848644093941138,240
0.7406883426247813,1.3485765026072352,22,0.4700378295494947,240
1.0650488851962612,2.0178204310958585,235,0.2875653134537925,240
0.5680444906962913,6.890931556489909,21,-5.872537246813939,240
0.9712667109389652,2.2493763877712163,240,0.8649589117316038,240
8.116915274194756,5.068449657263363,87,3.2795850723469564,240
9.810588620248438,4.507499913524446,42,8.467875672734175,240
0.15897629818689332,2.1938729149801346,54,-2.1679656663865674,240
2.6143724540249775,1.7789256092126657,32,-0.32229522677030076,240
1.4204341422473177,0.6456127938804737,99,0.7088196408337849,240
1.2289975540136022,2.2283617832858145,181,-1.7475752107996094,240
2.12034234990577,1.748881630654238,76,-0.9100380020293309,240
1.81117282018474,0.9503539256669027,42,0.10532082176471744,240
1.4083499650324502,1.3438207570124046,61,-1.2200860006344452,240
1.7452534786304728,0.6162550214197409,83,-0.30812751070987043,240
0.4162856078637285,3.2793962415088944,11,-2.3450477829765357,240
9.742081150936624,1.5591171608626677,239,6.3933408013215205,240
2.510389643289528,0.5851422918549957,197,1.5738510921551727,240
0.0934356645127733,3.146446002470562,1,-1.2298469341505736,240
0.8172076268174632,1.3523476351663726,181,0.13810885196440872,240
0.9911381138382863,4.508584101435941,15,-3.4486603771734488,240
0.3702941084215979,1.3025706732500253,205,0.22050796113377363,240
0.6320902863911507,3.8851086549961873,15,-3.2509913553939356,240
1.2068449258877845,6.626502086472704,34,-4.868775439796804,240
8.429410543366592,0.5366926856750445,229,7.664631888952581,240
2.810407740539961,0.9530453421945788,55,0.06917264580456926,240
0.48553671089152944,1.6902917124953734,19,-0.9986366411787526,240
0.738653953282726,0.5584800127682418,57,-0.4564538054885577,240
1.238803910270409,0.7532390878711791,172,-0.7039184835931792,240
1.8004211585977818,1.5309438051415498,20,1.0505711315896613,240
0.10091487207261818,5.535016792054395,1,-4.973973820964851,240
1.2963409214953527,2.2111463894204597,170,-0.8037533618431923,240
1.8049705055012768,7.480564894439091,27,-6.983028090552675,240
1.171633434169519,1.4166398895724943,51,-0.6710978102154292,240
1.4739098483947632,1.1101363538973639,116,0.9031617794419666,240
4.413493024391237,1.5204626174564895,225,3.972403186562418,240
3.694822762955183,0.20512183310349213,75,3.148620138139621,240
1.947951245550894,0.7826335921903896,94,-0.07515557464565543,240
0.7575608160337888,2.022643947805394,41,0.3902586021992131,240
0.9298521638038253,1.6636143942710624,104,0.774318983747718,240
1.9708237142026508,-0.007718882656400841,74,1.4434310567155415,240
1.1087811789196598,0.7405178835932802,197,0.5633044770274617,240
1.7128492181477322,0.217820596153999,167,0.8550229321360352,240
5.334137282205658,0.2543252405569364,221,4.065857464165523,240
0.04544340505744549,8.165830324104249,1,-7.7708222647621366,240
8.997339562777984,0.2986336175561796,215,6.345528793113132,240
2.1590157389370352,2.3398414769105575,201,-0.5272268504770796,240
1.4238068956410201,3.6367115888665746,48,-0.13478378530147914,240
1.780367665074975,0.19696041414071375,208,1.600786111005697,240
1.7434508195453027,0.7932558557015748,203,-0.25966288801731924,240
1.433009154865624,1.316927407684148,167,-0.8858238155634958,240
4.796960620604016,1.2057680646874682,191,4.159752418762639,240
3.9298867060646234,-0.06231733131513962,200,2.196685928860443,240
1.9231161172620719,2.5768156706350327,240,1.101493742839351,240
0.9729770301954843,9.034048673283223,39,-7.506560840038287,240
12.248747243465944,0.2640402005249766,163,11.107161670608248,240
2.1343124546721963,1.905744241441317,119,0.1347190130963762,240
1.355205275710041,3.532688300132075,185,-0.31877566798966767,240
2.9134244279434784,2.142373041325773,28,-0.9942504722174986,240
11.311988761856014,0.19252888438547677,131,5.9867315001758366,240
0.45284496959282455,1.4315744200028764,32,0.2989141996869338,240
0.7099114375781471,4.7749340362156385,105,-4.364029224801022,240
2.3888274141453243,0.015526442863991286,216,0.9933182121464387,240
0.6709959423602525,3.285545698140974,216,-3.115951124544199,240
0.543594012544301,1.8559823834767306,26,-1.6780862395423743,240
2.2659693569866275,0.2522458164458073,183,1.835305767932782,240
0.9598752058855587,2.174428583068786,5,-1.7898531748478221,240
15.318987859739451,1.4397237452818834,175,14.29253027134211,240
1.6476957270946604,1.7990653646742976,66,-0.16129551545346743,240
2.1830798957874755,2.313910770858223,57,-1.7374853271643356,240
1.3909028262506977,2.507248933948838,227,0.9932863135899443,240
2.4657165886777057,3.056680414301871,19,-0.41614404245018066,240
3.842006559728751,0.03573302872589201,127,2.7577426516105565,240
8.541880505200762,0.9622485147252507,235,8.032670500151909,240
4.530817700532561,0.6197824898722206,217,1.5479726563433878,240
2.8966259337571096,6.743406940437313,156,-5.314067505875927,240
2.8508777277473474,6.701914923277013,111,-3.2378209333004278,240
1.4309641058447777,2.128436313041663,39,-2.0697208285440167,240
0.9111397301357276,3.2529791990405177,9,-2.888664332096019,240
1.7851550536382401,0.9916975567239991,140,-0.5867640566274304,240
2.782025677898832,1.8196575138720184,228,2.0887617940927523,240
1.854614915738533,1.2842417262977839,138,0.6476719404184456,240
1.0848978977347656,0.9549691441996507,48,-0.7405795065836598,240
0.6841763949443819,3.369036856741801,25,-2.7344660498433306,240
-0.0010945143844876212,2.2861121948294616,1,-1.7705959197469412,240
3.287143969376503,0.7059594627143644,216,2.646539140698931,240
4.3460981334661914,0.9161484308411133,162,0.21221636862221985,240
5.4412216189145575,0.326205583586926,195,4.242809795626489,240
0.03043104682104069,5.2934005128035615,1,-4.582755487832022,240
3.972918181466364,11.438725016516843,47,-10.849918744014388,240
0.19639871441943374,2.0210797937348723,1,-1.1532715207187727,240
2.05706257386354,0.5364752144874896,239,1.863089674752683,240
2.427537570139159,1.836492929117968,221,1.5283702265660015,240
0.3677481089067349,4.388666441963815,1,-2.117266545138982,240
0.2168645286727899,0.9530515059598023,5,-0.096698531384136,240
0.2964372828186438,1.8457129334725677,10,-0.8059815523634247,240
0.09285312912205414,2.0877178428908345,4,-1.3307393178704696,240
0.9869798136794978,1.7614959511170698,14,0.0811338419555757,240
0.6554959943853393,2.3478168631168828,136,-1.7925240780643688,240
0.9394329208814441,2.5905971039522857,61,-0.21052588702325997,240
1.0729051603165907,10.316018534846593,131,-1.68246495683295,240
1.4178709032468042,0.08419306992480635,217,1.05278590976755,240
0.08096085478724789,1.5159222120494003,27,-1.383779207684122,240
3.823601446991043,0.27909499613054345,189,2.5479731411464335,240
6.030308065733238,0.8025545276274575,230,5.119525606550907,240
1.3953915582443306,3.6544446466873985,53,-0.37485367915661455,240
2.093569740900427,2.6199393799664357,20,-1.6519015511073962,240
2.226031373775266,1.8159207468629508,113,-1.6968683725551932,240
5.284906961225407,0.04949076752987921,203,4.0311408504686455,240
1.3797706333234927,1.1680048654096007,80,-1.0504564449492924,240
1.153211069724507,1.620085069468993,238,1.1134605288446549,240
0.39746723385426047,3.382095453716353,20,-2.6089047817423854,240
1.8559651921483293,0.2710499853176848,74,1.446878043576084,240
9.721979639176528,8.09543551996298,153,-6.7444405877115745,240
3.202996649328914,1.0624611403670943,137,2.1245414702896337,240
0.12946070365382956,4.065012598571547,1,-1.3015615371477558,240
0.12957592745592394,3.54719285632671,26,-1.466571985512847,240
0.7785683032877672,1.2723748381426607,147,-0.5851607438030081,240
2.067677508691228,0.8989038397897658,96,-0.6751712657163569,240
0.15996666224464348,6.113076718853087,5,-5.286708653228573,240
0.24266497492649985,4.658230248920576,9,-3.8239870203939117,240
0.6393858193512881,1.23910171560426,50,-0.26003245670219105,240
0.8036634671242158,2.149174702971782,208,-0.48338869281835656,240
2.1703183177470113,0.8117351226099926,25,-0.02092162810459439,240
0.8697275788829673,2.185529316850118,148,0.22913502786440984,240
0.5990287725830796,2.0179804684385316,42,-1.6685571990958181,240
2.033069070268227,1.985247194023977,233,1.0055380609175961,240
1.4094447662795113,1.3617646645206343,96,0.053892736681908075,240
1.2078580737417095,0.24465113958229717,106,-0.03105845558976876,240
0.24679975639154839,3.3067378386006285,40,-0.6401637784415352,240
0.02494769082908156,4.730492280229947,1,-2.8057608453031073,240
0.17750601812186798,3.9618340520847455,198,-1.0158548851499516,240
0.5237584611804135,1.8402799155973177,114,-1.413347468858028,240
1.58497623417322,1.3868295106437822,234,1.4071775789625387,240
3.5093104592463154,1.3352310628930582,237,2.5062838586867873,240
0.4136433155590916,2.3183017408730486,13,-1.8402338677551433,240
1.8247030920890535,0.46723238471603146,191,1.282481741742866,240
0.7882554719258564,2.8331342792901815,44,-1.8003230930826513,240
4.336838381405988,0.6362518493728677,208,2.661931961696385,240
5.4237454303702215,0.8289376735070346,240,5.395823319262485,240
0.663759178069168,7.584662803057183,7,-5.775514311612941,240
8.553790231061768,0.19027642576675122,214,7.168520191956471,240
1.0067089909675924,3.186877104372035,19,-2.4909049684548035,240
0.2235364674366823,10.709927087651607,1,-6.039352591388968,240
1.761032372210617,0.8439770044105068,91,0.8425795553918225,240
1.2538451984801604,1.8287268992574328,103,0.5826635173697615,240
2.4298029875207106,1.4328533609374965,168,0.9155341837948355,240
1.8709626125518846,0.5115958773687395,225,0.40907339953123006,240
2.0192640106628823,0.6559673057893418,195,1.0153389045865076,240
0.8412955313773611,2.1687793510751128,74,-0.7267104769244265,240
3.0019659772926306,0.46427629219458255,169,0.08313262249175205,240
2.218978038871997,1.0825007405248792,151,-0.7301683226390036,240
1.56931358921652,3.480768962066115,106,-3.0560592888109994,240
1.7274366471771598,3.872525655233576,61,-2.8959805049610523,240
0.9073822266842576,8.023421005601055,57,-6.316762637833537,240
0.5416417122393614,3.6313447247780517,3,-3.3272436149991553,240
1.6162785139609985,1.0128086341318872,82,-0.71288172758448,240
2.3802601359137805,0.2362455478515051,195,1.5623586866867518,240
1.5078054559130845,5.481496822290467,63,-0.3267252799313745,240
0.32746433192296154,3.145088625382079,1,-2.9984832550232925,240
7.307552576640284,0.4934995928648433,84,3.5775059506493863,240
3.48097264414728,0.8884268985148887,9,0.941452377818116,240
6.201140003898528,0.17268184896999722,215,5.227531066088514,240
5.914322239369629,0.9957050408019257,181,4.949208520495528,240
5.905467438342257,2.382624510176903,173,3.0812397108832053,240
1.377334245839749,6.840778084981865,9,-4.4453359299933615,240
2.139875804742061,0.857135848658394,23,-0.5417857300648475,240
0.37603755233374736,6.350482600913203,8,-3.732667493166343,240
0.22572105196048398,2.937145944386576,11,-2.4250057424592537,240
1.2098491152643238,0.3879809892281299,151,0.1954713380842985,240
1.7190223690484865,0.5124824831713288,223,1.641471211826796,240
2.157819885287691,1.7171090802002094,158,1.472431430394136,240
3.9781891711279047,0.5196390639797683,199,3.2472682899254486,240
1.161535604084421,3.9478346325935503,25,-1.1219818201292067,240
0.7470363557748815,2.549102590764089,5,-2.0798317884442197,240
4.297930735367283,1.0175939202812883,233,4.0172151711517,240
0.6679933839992929,6.931300445660503,10,-5.7618217696437775,240
0.22478867246660603,7.292734144453467,26,-5.04300488968384,240
0.8329019194937722,1.2210912806675909,155,0.3265029873644375,240
0.7441642571222845,6.549213372168447,8,-4.822565696811559,240
0.7126277043031316,7.556869647889766,5,-5.445070706027519,240
1.2082424362403794,0.23894979642049213,204,0.6407463079232221,240
0.9005821200782814,0.14239726465033672,174,0.6421513327528767,240
0.5916948085498187,1.6381633129272015,39,-0.8423093452289923,240
0.48225404516771286,1.8264897301232301,24,-1.3787908960659734,240
0.8432383159999335,3.522794817482453,10,-3.357770157602073,240
0.8025821169061342,1.423204148262518,38,-0.660234257119639,240
1.284519106312294,1.180271042343284,190,0.832841022935252,240
0.335987738955415,2.9245129954152795,1,-2.491514712113458,240
1.172317692349041,0.40065074447615356,162,0.42560976631322023,240
0.4578201527598316,1.203224083787613,133,-0.5082299529734325,240
0.5456951979241677,3.909548883178263,52,-3.2767769744035142,240
2.4079782159264007,3.063701794076667,29,0.39511037271348126,240
0.4978876552283572,5.049916372639405,7,-0.9736514806894155,240
0.30561807703435256,3.1072924999025124,3,-2.1402285109391466,240
0.7803009100891953,0.8796928511083201,14,0.23142004177545766,240
0.9739745359188214,0.5535321120283327,201,0.33726136880409546,240
3.365595998361209,0.18026191547627193,165,1.2102997077912236,240
0.19479668833048994,7.469608215921107,5,-3.993580575940589,240
0.32778718398809037,6.065614700351359,230,-0.22369744457151855,240
4.9856353311340795,1.2273399911137837,59,-0.3443948374310983,240
3.0178589722609077,1.8994064268899382,108,-1.376033127990449,240
0.6009142351421746,3.513281639324725,98,-2.918726284977268,240
4.84229909906149,1.192100518510456,240,4.7960741514956675,240
2.3065109788841713,7.231474765771781,63,-6.901792169119505,240
0.41847765240484414,2.4647590391400285,8,-2.108159023288561,240
0.23146289667941133,3.2035449848941213,14,-2.9880875012828754,240
2.9327508111265765,0.3760909049895368,202,1.17225108692331,240
2.458070597546027,1.428473075450209,21,2.0208939257161638,240
1.16974010256879,1.166779600021563,74,-1.0062292695804256,240
2.4279834294278415,1.9235728609803462,101,1.5459416930102463,240
3.578027850523629,1.2877640099836105,205,1.6361938291401712,240
1.9824730919087294,2.2741399731427383,130,-1.5355127973517393,240
0.8419854671613703,0.2332923634472223,196,0.13104365329625606,240
0.7729968320832117,0.3285919395744722,31,0.3665589217866163,240
1.2265513327730013,4.2913337800717715,38,-2.466097726134813,240
4.336557668336527,2.0552121483070573,194,-0.9905842389600806,240
4.377490410739498,4.014727389827959,134,-1.1218252157387842,240
2.472353987656061,0.8910430143432547,30,1.763972025756645,240
0.047421930929623164,3.2771050163383593,1,-2.47430164352391,240
3.0422906684813045,0.039103993168163625,131,2.2684226436838286,240
0.1901177881825282,1.1506539383517027,2,-0.3716893824969087,240
0.6194874404668012,2.8186116392916913,39,-2.4931277663062072,240
10.92851411288347,0.24027293512267656,213,10.205592919333508,240
9.155236593859666,4.976569722990189,235,8.448260465085653,240
0.31302584914716314,3.8778641021268667,2,-3.335375144758706,240
0.0986564159361742,2.023531683798153,3,-1.5232825860777888,240
1.1842862130203222,0.04765370508172215,34,0.5892563916830513,240
2.1030610322820733,1.7993533795796761,224,1.3724838797760421,240
2.398371643127683,0.07469940958153823,104,1.4007652655723024,240
0.5860260400603341,1.2292181280011292,18,-0.4639928186779784,240
9.462249842693476,0.12312621786187053,198,8.651668908435274,240
2.837916532590859,0.610256558148314,24,0.9061080433899552,240
1.6167096861509693,1.722995622789168,15,-0.3374002823271128,240
0.716455229295739,6.456947082165241,11,-3.570784331407088,240
0.7887537291606259,3.5134105223089667,16,-1.6609070570418363,240
1.3136354471349754,2.4959073495565107,172,-0.1253589560618582,240
2.9436065422998614,1.4686310183893958,52,0.7055822197679535,240
0.010839142464568298,4.164639404712944,1,-1.576493054010791,240
2.9662020821723254,0.9411443606879076,26,-0.6184010963702266,240
2.558484768697925,0.5105921176272011,222,2.1615329369103797,240
1.4659614911230796,2.047958526771296,206,-1.7021154989359015,240
3.543701073219144,0.6048613082107249,86,0.8220787968825736,240
1.972437400045942,0.7450352090825415,11,0.06468522745539064,240
3.085310307860014,1.5544800208616922,203,2.6462876239821282,240
-0.020420225734579925,5.388670679949879,3,-3.6869852020709697,240
1.0312847081983747,1.8922315471789017,209,-1.2793855177109208,240
3.8667524665247224,0.9114276815262468,236,1.948156141611382,240
2.1922279306002586,2.4278694088715684,206,-0.46191446111223944,240
11.593007898144194,0.49029092065837115,240,11.242774993172143,240
1.3208940516922827,0.12019531472708504,205,0.6290297495583498,240
5.4933582193270345,0.4534467217407032,123,4.535692749087184,240
4.007907837869252,1.318608697762065,181,1.6958152953226446,240
8.358672329685811,1.4670465434467235,177,6.926555465845121,240
2.5207308233521366,0.4565395921306184,233,2.226630063696593,240
3.3822714934593474,-0.0034112672652881365,194,1.9607964240449922,240
0.2579571624163981,1.0975772378253037,214,-0.48874000916201243,240
0.7528297224986777,4.839164835908561,26,-2.701867033382166,240
1.3512705767964133,1.9678916937179896,221,0.5815205140611656,240
0.22623602549925162,1.6261104574300214,59,-1.2042333427223955,240
1.4095112977272934,0.4797433031422093,57,0.8633256698578514,240
2.6338261583979885,0.021070609267217977,223,0.8006831521530056,240
1.6961239658674885,1.5859089953958436,232,1.4284590375796529,240
1.0655532875081244,1.3874156559945483,203,0.4433818341393721,240
0.4021017950251969,3.9149383328484766,3,-3.83888124867246,240
0.10814716201957257,6.164388235118606,1,-5.048227902576577,240
1.3705178778166767,0.6755290959623825,126,-0.42453886160120413,240
1.332326454151558,1.3614333387641642,195,0.25907873237671925,240
2.4684258437679825,1.801390331907257,216,0.6830211123628869,240
1.0992045368222438,1.1605174226184327,196,0.6555246389495185,240
1.5027102842151967,4.857074813774129,65,-0.7056600995788032,240
3.218965268126476,3.1140213321807066,21,-2.3418311185685927,240
2.600432705056887,2.182628759429942,207,1.6087006602082117,240
0.04716175392284024,2.3633278910315303,1,-1.2416429328623577,240
0.7341290362862334,1.5230470537469698,116,-0.9201517035932919,240
0.0305192291580401,1.957072247406804,1,-1.2015612598580865,240
7.841200474279507,7.889665209115701,77,-5.262974986548611,240
8.341976948524529,7.752252059697349,62,-5.646307482311515,240
9.778908804120949,0.06627222252008343,128,8.45062650035883,240
2.490050000329441,0.05374688967062528,121,1.2607707245712452,240
4.61546449519306,1.0015416460919648,186,2.883553052715705,240
0.7904475727964676,2.460763163144373,221,-0.038878454241406714,240
1.8316348222563363,6.3460881418750175,105,-5.585691247492512,240
0.8103260335924819,0.37353379473454845,214,0.19888194643458465,240
1.9727051490680296,5.1531828912854944,34,-4.233300933488382,240
3.3118587944269366,3.3390031735293513,115,-1.3254282408472777,240
1.0482915954909218,6.294069085057137,10,-3.817368828287856,240
0.7545791312748209,0.7697078220097654,134,0.14843243739850245,240
7.544733317783577,0.02600485995967037,225,6.105667383171264,240
0.7481277047481505,3.1050307867584417,14,-1.8660103324695794,240
2.0357844739269138,0.565922082349464,188,1.395147519371201,240
0.4917643889070382,3.7774110858353955,7,-2.5542389155167227,240
0.7948644666097234,2.070168516822597,50,-1.1872814592673093,240
0.2671980967273094,1.1951498308583786,151,-0.16387693768544273,240
1.6078436952377084,2.7423818647753,149,-2.3246748642005572,240
3.433529646354876,2.0002867765648857,138,-1.7701675025321781,240
15.154858527038597,0.8638026360491623,235,13.751667017021278,240
1.3742716448162278,2.385509911225695,112,1.312445843278082,240
3.9790455194264895,0.6293745109814004,124,2.2680209808224596,240
1.9521261705246298,2.6096308075944314,46,-2.330998351575035,240
1.129071433549378,0.3288731102948145,77,0.676334700736277,240
6.353695010121873,1.1983888528310496,149,4.03281908409663,240
1.4664760166256434,6.667005920766445,41,-3.86515449901468,240
0.5246848108457917,4.2282455907157015,7,-3.197195313359718,240
0.04278575204942062,4.938170783510839,1,-0.767320111630593,240
0.8690501993895544,3.058905733916745,2,-2.1421037203233904,240
0.2866502338118417,3.0953109035311748,47,-1.2146750363856718,240
1.0231335342540389,2.0522328617108556,26,-2.003015067789023,240
1.6648215071306456,0.022197620094996103,227,1.4211373394693476,240
14.624785202001055,0.9594273980035589,118,6.817898533975268,240
3.5355863854917504,0.09227972745869518,158,0.13682856140414246,240
0.3789761742618923,5.1070226590297345,8,-3.431878431879146,240
0.4046110711525765,4.176489330130045,13,-2.5961066186749977,240
1.976263054380019,0.21039038801077664,179,0.7338225197758105,240
1.614759150700124,1.6020982928179632,74,-0.39931679399874537,240
7.768423899831915,2.503103763812591,233,6.479136370367798,240
2.4970584904253834,1.356338470614508,128,1.3888154405901652,240
1.8474706162327124,3.0925051619548225,43,-2.113546547375036,240
4.242960927371925,0.9968476554616083,240,4.171351856258529,240
7.367668812033782,0.027063360907296104,136,2.7769279342146396,240
1.7879904103991382,0.8053838416615484,125,1.4190203490088351,240
0.04867402689636027,1.6456856335133363,15,-0.9435088464886652,240
1.2062284188064831,2.525161799276031,4,-2.3889171937218063,240
1.76059447730655,2.788013361876721,113,-2.140720426569916,240
0.15893903804892243,4.984083711620175,1,-2.5909508417959963,240
2.252586987395893,1.5789300600667067,50,-0.8148353618112381,240
7.831643871560359,0.0795534630743138,163,6.0577935970568975,240
6.963018736660426,0.8065437870529755,148,5.611576534322744,240
4.768421255657719,0.6845292232243311,224,3.8128078162392396,240
6.714816546795492,0.36333596383347855,238,6.3150408514386065,240
3.288754239779499,3.1615196300502695,225,2.4239061225767693,240
1.7011251250036719,9.012583443727296,132,-8.527944522696728,240
11.294821335433335,1.6995051839514552,232,8.039394685976502,240
0.3284523642948271,8.144710471292388,1,-4.962052469436577,240
2.123743458982734,0.3008032544292622,218,0.40590318669972336,240
1.2789098575384923,1.6452693731743604,173,-0.7780215520219277,240
3.3231009936655154,1.3432158069724944,214,2.937072914009039,240
0.8136543822798764,2.8617241692760813,24,-1.6944352510978278,240
0.33872775820402784,1.953293767083491,6,-0.9236049484146208,240
2.939925048358404,0.8901012805109374,198,2.4393254135370097,240
1.0226562492254037,2.0751992715393,239,0.8768819886498402,240
1.5055954395413353,3.9743696380827553,96,-2.5679179096868143,240
1.8578214785672347,4.20384996507124,212,-0.023561625188391888,240
4.727768431616376,0.36161281084077673,92,3.053075690587204,240
0.7622205443571884,3.0781983522120098,8,-0.8613092151237332,240
0.5109926015408846,3.397370282412691,86,-2.324711183991828,240
1.2186147428478429,0.2885999684581435,223,0.6727883562215612,240
4.372607927731589,0.5883905476524693,156,1.670491539603932,240
0.1779930397994133,5.106782123706498,8,-2.6223229118119376,240
0.975080553467135,3.2245885475161646,140,-0.9307328664878122,240
2.585994153574482,1.870643827303879,167,-1.7916447432907667,240
0.006738920611347835,1.3231792260942803,1,-0.8650893436030821,240
2.1223536337769704,3.917463998366607,149,-2.2231325686851826,240
4.775493879549881,2.0346249474539957,154,-0.12743485828973763,240
1.0116061830283765,4.138748330886206,68,-0.889050675337141,240
0.737533674122651,3.1718693599993113,8,-1.8610983971146324,240
0.29486134797426233,3.5903604645966642,17,-2.1716717967461605,240
2.4045814642880816,1.8945614232311394,235,1.7067758280040068,240
4.1906049621992425,0.7581366882229281,163,0.7003486469530578,240
0.9250262734582125,6.79750772432213,8,-4.545387723027994,240
1.6032294735511403,0.4360014821836,49,0.8655145022350489,240
0.6037944743588505,0.903922350441195,113,0.40916475368641003,240
10.459250744328742,0.006367884775696376,235,9.853346507906824,240
0.0999619796741985,7.403850627886909,1,-5.104725095374889,240
3.9449314291406217,0.9405275134834669,239,2.732412889059049,240
2.2318374478483194,5.948818058863805,70,-2.5616536957104485,240
2.422721620430972,0.40976203314601156,227,1.7661809067467473,240
0.9711959740672291,1.8312269531587404,215,0.43933471068160707,240
0.9989377363335739,1.7242618341161697,118,-0.6095396029819455,240
4.557912168141861,0.8641734931933066,134,2.0246528641059154,240
3.300718109286282,2.207813668656095,101,0.19620935427418673,240
0.12931485820895275,2.020590537541529,1,-1.6470822479366698,240
0.4936268851254836,1.1631644420412244,16,-1.1577794214761015,240
4.689812270714956,1.2605464661031893,178,2.252482855866862,240
5.027144792934674,2.321528127690019,229,3.0905343199873574,240
1.4023862604788881,0.9765896390340566,235,1.3539801738022077,240
1.9736220321058786,0.765728654289113,231,1.8609185163281787,240
0.6538674811230784,2.014874169820962,8,-1.8139595671017592,240
1.36827005841535,2.6221000694663723,64,-2.487617982283562,240
6.0539398455140185,0.4383084067932898,239,5.346863303183613,240
3.634677079988016,1.0887631958635329,99,1.1922277526112757,240
0.9253135627406731,1.059919865436433,34,-0.23686015654943815,240
1.4457853992348157,0.5942999675159238,192,0.7407216986429106,240
2.9674217804797216,0.12725408751645248,73,0.5079121931240111,240
2.742951527368491,0.33781613547592987,43,0.4157737052010031,240
1.7390009641602784,1.6970337041971197,13,-1.433001273966688,240
1.9902744847263554,2.9506223763401547,191,1.3114776177811232,240
1.5136615571187297,2.0216370540183863,144,-0.6186703211831749,240
0.23747039817243673,1.9424410983058487,3,-0.5564818366818244,240
1.6610727767892983,1.5130081861686517,94,-1.2037049794561923,240
1.1391343405107288,2.5707049427128474,209,-0.91237736117087,240
1.8217366007846996,8.604870735947166,240,1.584034330737102,240
0.9291270889704627,2.986027594195601,6,-2.587179543328312,240
5.76135777232499,0.7947356775106973,233,5.509850104322414,240
7.685009500289278,2.2721201615592928,140,5.199659600491459,240
1.9126031750798436,0.46530228977525806,238,1.7877659753839672,240
4.332488435927876,0.49332086140399756,230,3.306228298512884,240
2.143100425634365,1.6412513414951797,80,0.6485631276143479,240
4.75177626572891,4.9823700784211695,239,4.032256032192347,240
0.46010784215848904,3.7060979033063672,21,-0.08812280203846301,240
3.191604598935725,1.3252561125823277,129,1.5463476201445927,240
7.744367274634664,0.40223741169029104,236,6.176105594161342,240
0.281890350605555,7.708746480312644,12,-2.199250115832343,240
2.90833477960121,1.019211327842651,234,2.728867194627951,240
0.3210128341869563,1.7849651134274636,18,-1.7559847881190893,240
6.3100283741024015,0.08320030442115503,239,5.936176785952928,240
1.852070788752927,1.5275141018455827,134,0.4236134854249263,240
11.159824615771404,2.5383698828941865,222,9.20993494794265,240
2.109900648812753,0.28396158966811774,91,1.0937474020645357,240
0.46430389363865493,1.0521301438870023,191,-0.4780578014314421,240
0.28014142278166176,0.9920076409456143,236,0.19408428023532528,240
0.1473436366423596,1.3592450480258231,2,-0.9631908099029517,240
0.8681806465476125,0.739614554446613,164,-0.739614554446613,240
2.1943341220511186,0.5412930849064038,144,1.5570951727433961,240
2.1272975470022417,0.5955644779109583,99,1.046358769855293,240
1.6750206290919005,1.0046134334923664,240,1.5662177301578075,240
0.4742962286482935,4.223221638549009,1,-2.61831609430785,240
1.9944960787601709,1.7726103590649174,151,-1.4688114527888194,240
1.5233494979743643,1.0763267108195742,209,0.9888751655654308,240
7.170407827384361,0.49264068905429537,235,6.260378444438178,240
5.292705141698471,0.8614046965478662,155,2.531676403816487,240
4.967917629097436,0.1738485161335197,236,4.751448186427949,240
1.2931311028292538,0.5584783470332869,147,0.45055784352861405,240
4.79976824288268,1.231662478241021,189,1.4025719020691796,240
1.6601067187996759,0.5210800992116065,202,1.1190408687986695,240
0.8855287119607301,3.1593581306463174,108,-2.4682424213333634,240
0.5172602056848865,3.1484204548660566,3,-1.8316789265018592,240
8.06728948060435,0.022525339594879196,209,6.114181642449903,240
0.26522654895218983,8.840884965069868,43,-7.282678989976129,240
0.3174178514159029,9.87293187196252,13,-7.508787225377732,240
0.8233804460087494,2.0275281232055344,83,-1.5158004277072963,240
5.764976382482349,0.17760478769371765,231,5.237206874987279,240
5.655869848748557,0.16644837395297918,171,3.814543149058071,240
4.932011862509939,0.8565821500564744,141,3.3682169839201133,240
3.2350240792122116,0.06992657281592382,200,2.9976417662323143,240
3.127758813054734,0.666512647698439,180,1.4611178877986954,240
0.7606052562429492,2.141729309714862,41,-1.8821293606250524,240
0.7724704422730045,2.340597453624655,26,-2.3189730866558556,240
1.4153738734729233,0.34871288406914475,68,0.07124421124277647,240
3.912904743983141,0.5650052284832106,168,2.094415933170873,240
1.006998931646277,3.6103300888562613,162,-0.25661659945324017,240
2.455959770393932,1.515460694191637,205,0.5787809035781791,240
1.383614636308665,1.7794633558330957,224,0.08078545296438024,240
0.8550079067961285,6.085532995156254,98,-2.52900343163174,240
3.875098469134634,0.17751088620165548,169,2.0851661510677366,240
7.81298101737988,0.7996839123304376,236,5.064853060843759,240
1.167921835073903,7.7942660870754175,32,-7.034758636045788,240
1.3983909953143079,1.1524134948295386,155,0.5227269248032841,240
1.6794168667887681,1.7072850165681406,240,1.6757529267779854,240
2.51912710331781,2.2402795112510603,240,2.260187902098712,240
3.0386399897734893,2.1818548390637953,209,2.7150797804350213,240
0.3607891192223131,2.6387986165820068,210,0.11912541639188658,240
0.6234121552051088,5.419252793547391,30,-3.0540273712474924,240
0.006554069692096102,4.275875067224832,1,-2.3971509899410015,240
1.811823346402489,0.4248607408620445,199,1.2088752829198683,240
2.303205133348819,1.5745171966197162,108,0.6356639448061187,240
0.45386527064379323,1.8184091298011982,48,-1.1725187830331003,240
3.666432040036329,1.8326363652972413,210,2.69330769474873,240
1.366790383077526,0.5471591971153643,54,0.449689542568395,240
0.6577706624344534,1.302543589070178,221,0.45108535548210293,240
4.137921343910857,1.8368697027557708,227,1.4272974041684054,240
0.9921621557786008,6.593277223475862,19,-5.449807931782133,240
1.5614527458162528,5.074215474208994,40,-3.442297734678974,240
3.5363354624930916,0.6535252412853874,194,1.178957388467152,240
0.5475754335579333,3.46203230142033,63,-1.7235248907071876,240
2.675859168286536,1.1433988700042679,89,1.9974651581934084,240
1.951086477121148,1.26348465587701,67,-0.5458736469885599,240
1.40228424189716,1.3866717655199365,22,-0.4371493385671559,240
8.047954739246844,1.7845319423891233,139,6.8671866499059036,240
5.471866044850384,0.4592075818032765,79,4.008410106580622,240
1.371034565922894,3.461193990383251,61,-3.4560949099510756,240
3.3982827617635287,0.34139019208780874,149,2.226845828128696,240
0.6794255345135165,0.958061416637476,14,0.03670877403888238,240
2.285181446630414,2.688243615611247,90,-0.4001683132019516,240
3.5401537758063304,1.6948624836736514,196,2.1184218960683694,240
1.8301121313886985,3.8812059975504023,40,-1.9947575494336318,240
2.1373445521133605,2.166016523370513,238,1.8236128245146723,240
8.818166715482905,1.3094530989651225,196,4.352259811610375,240
0.040520881796043226,4.120973678655829,1,-3.062901947523111,240
1.2728705857456253,0.09774867647521783,111,0.6706030994687991,240
3.1909257295582703,0.6245413201484288,63,0.6602293955853855,240
2.2224543649927604,0.9667356249338304,130,1.6694667284697595,240
0.7042475494511089,1.9971952981023886,10,-1.8329899485452563,240
0.974832386837718,3.847445055388856,20,-0.11392913248054261,240
0.10168807799453765,1.6977487804303713,35,-0.7770295525016492,240
1.1624225702557085,1.823147652421078,44,-0.8136681422061202,240
0.6588868186549292,2.6585591797453003,32,-1.8359768630064977,240
3.200334884315456,0.5980315309705452,163,0.9019867476932804,240
0.06733962532708612,2.957095599567124,1,-2.3923287945199405,240
4.743118306849461,0.12187754459602392,238,4.262682281137655,240
2.088285648145813,1.9164021558197315,89,-0.7007709738859418,240
2.0775311298736985,1.996335175876595,44,-0.6551950743338508,240
0.622332252908051,2.580534073010768,52,-0.5677758006678385,240
1.0255194064063797,2.7671190556965417,129,-2.639737512764406,240
0.037450062731659226,6.21300981435626,1,-5.922438774269068,240
2.513169798650226,0.5595740146218174,220,2.105301320347505,240
1.8919480587296587,1.086133324480053,208,1.2247541871242498,240
1.4836750824713794,0.6269117513138585,133,-0.19322952519364414,240
5.310553295501673,1.418853199782896,176,3.549656930721937,240
0.4340715522978167,1.7545105873406632,39,-1.0387895545443795,240
8.254031072475653,2.379485655753507,224,4.860529421787056,240
2.778915328884481,0.7538325369812475,236,2.364148190402638,240
0.22499089552057017,3.2226277453522307,185,-2.40275603096853,240
0.8727162027414127,1.104038569732859,85,0.2593176307241639,240
0.5056933705592271,1.943497491438812,228,-0.19391249547751907,240
2.0928902973888017,0.5089340489644549,142,0.03089956725842827,240
1.0227111597157288,5.228230505275711,184,-4.839740682591876,240
0.1363493085635438,2.7734269508063027,2,-1.6905263896350315,240
6.519357364547392,0.41941310888750943,171,4.484868255955793,240
1.5946114492938104,3.3313169881290547,217,1.5507552488181795,240
2.7977798843277375,3.2655662973621977,81,-2.8727150963518815,240
0.5532557288239283,0.49923176947019965,118,0.0979709107453056,240
2.2193248641351304,2.4164359540422096,176,1.7949276532742304,240
2.531220991410916,9.923103727178747,41,-9.008366646137436,240
2.4383275094628236,0.7945773202835327,225,1.2064384764832699,240
0.6652272397200738,0.6863167687108622,102,0.23549974039514365,240
2.7295478025990048,1.1193261919184514,59,1.3781042510330501,240
0.7461405145637675,3.5821557039550695,134,-2.957691159683955,240
1.1401677411197253,5.491778672943615,36,-0.899485182516651,240
3.045674271269169,0.16819695876378465,193,1.8703098947575747,240
2.4439550428086827,0.11503618567898902,88,0.9296502730904772,240
2.1109238801400765,0.2769990611948124,58,0.7685529986687304,240
0.4598776128229107,5.27495210979585,96,-4.670290994291554,240
0.6971555854686713,3.4480789310306017,112,-1.971381660834442,240
1.5182708903955102,2.703346216943597,140,-1.8923423518603106,240
0.19235155295448436,4.83886795932485,1,-1.9790263803977606,240
0.5636697539988001,1.37979340989307,240,0.5165554954802505,240
0.25458455701969723,2.425422495257464,13,-1.625372291751875,240
3.0245013390442623,2.1191910731416295,240,2.889342341599681,240
0.532626193477299,0.7871909181989233,207,0.23736710781203862,240
7.581325088325385,0.588783620100897,198,7.1905199604833925,240
2.6036527062249526,0.5523597897276187,156,1.3070629836558936,240
1.606140267356425,0.7158012180525828,168,-0.37064775400523275,240
1.229348155535042,1.1451187549924782,153,0.8302612339176811,240
3.4947540063168647,0.24451181352717494,237,3.093580122484392,240
0.07948391973978787,7.005896110314089,1,-6.224202330409345,240
3.2222617823481263,0.38097207168927893,37,0.44522936111412825,240
0.31996949593040125,5.598406677139074,39,-3.850228967585618,240
3.6579644645156746,0.481494405713604,175,3.22625758642212,240
0.27409304560976694,3.581658163304714,3,-3.369104277454403,240
1.7165935601566604,0.27936425274261734,187,0.5304595037198926,240
4.418076632954351,1.597197837081919,167,1.912538635214087,240
6.37437797870006,0.7362053466911005,181,1.3337720234752126,240
1.3267386230285458,2.0472224291572463,111,0.04425306626479344,240
1.1688164776933272,2.206761612324534,81,-0.29150280514322685,240
0.43760249718622557,1.6060462783330758,127,-0.9639285247298222,240
0.09835320728054987,3.7601322087142393,12,-3.016456181372878,240
1.8255957611184497,1.727239090677363,37,0.364639363587293,240
2.833511423586481,4.960519006767747,52,-2.646672079054802,240
2.5439222218603432,5.287441598063442,37,-2.349974043583676,240
1.9136670945699976,3.6927126950180487,63,-1.298017122334116,240
0.8836236311325562,0.6088737273813112,42,-0.10326405280822207,240
0.41092051313293987,2.157630709238862,10,-1.4440969545654698,240
0.330745564243536,1.6412131241926224,180,-0.6436129898794056,240
0.5867768768362528,1.6297124901168376,8,-0.3536737339835299,240
2.6867937871082748,3.55696295428347,220,0.32467626966413504,240
11.37063509077874,0.6680236820201128,228,9.496463813795847,240
0.213274227048324,2.042652295264831,6,-2.0316208697278575,240
0.7264072182221777,1.7240442869251387,128,-0.9915273053775171,240
1.5282813115780058,3.2416572500910656,7,-3.1866291177592134,240
10.811701179022409,0.3595160279045656,164,4.346629871207297,240
3.153907108656823,4.320872005244522,207,2.252240323775155,240
4.031331127925323,3.246976553684808,177,3.1289763080026125,240
1.8701208577146344,3.5834884035133636,158,-2.232687678405832,240
3.4903861993965495,1.5756132120997837,94,2.3013123132282662,240
0.3479466213929559,2.2633452802314147,5,-0.8698119650574084,240
2.023525964010075,0.4571489041676667,143,1.4818815601393336,240
0.44639649453793123,9.519870560209345,39,-9.025569588813905,240
0.5997873939127953,14.44762601601167,9,-13.660981780149386,240
14.96814655035733,0.08049193753265867,218,14.090449048177437,240
0.5463957136220261,2.299065041162774,5,-1.4032684564891693,240
0.2326941399856189,1.1434085846259878,6,-0.9001554365865779,240
0.3063897742825005,0.871065585178779,224,0.2260099803709299,240
1.4017833887805753,4.916415069480684,48,-2.8773225409867456,240
2.6896990661610296,1.9876737605468804,90,-0.013654284910470675,240
2.3698187310579675,0.1551154078510565,109,1.8656936555419685,240
0.0462772029083719,1.9634756091141545,3,-1.8158843869812435,240
1.6226136153641575,0.11495804935961297,192,0.6453785227210643,240
1.0515416921632432,0.04396690002072447,177,0.1703717375805156,240
0.8114629758130071,1.7450125758148993,87,-1.4308460560502687,240
3.692937423046754,1.1012301389305192,172,0.1542418975149303,240
1.9471168763767817,3.0231205869817503,97,0.8832621243597487,240
5.772996071175767,0.13604670285130244,223,2.747657516517073,240
2.813847346581945,3.203657733633499,238,1.5184336440240387,240
4.294779912633362,2.375781401462669,133,1.5907365559837394,240
6.375133311249244,1.9364267979290728,230,5.625187672745001,240
4.9790197384602335,3.4896087947167427,185,2.728160189069142,240
4.510885529394475,3.467924717215803,104,-1.3506822618042866,240
1.738182656941273,5.624673845941711,155,0.0014767907025011046,240
0.4874472103446331,9.388195006735463,35,-3.642142631850158,240
0.5831954125350796,1.6349991389572658,200,0.35855717955859717,240
0.4636990649737606,0.7142989447602934,26,-0.16324707133374666,240
2.759318367211586,1.3065238812856794,225,2.4217246103001573,240
4.202714871050086,0.38000295672913187,146,0.7776804695850505,240
0.21223503981432654,8.380302017612658,1,-7.411352325904281,240
1.5610690696157206,0.6070775576309775,101,-0.3018772297525197,240
2.392959628796077,0.24320309964949086,214,2.2534850065132015,240
2.6328950760932086,0.01818518948167845,238,2.4281468028100144,240
0.2959879268494549,1.2263784946605818,5,-0.6851592948343903,240
1.28755904148177,0.03736581944286198,135,0.597737427433611,240
1.6892539491183522,0.2795897598323798,240,1.5480110996363,240
0.4593752973494681,2.6678733181393883,153,-0.8411096993721086,240
1.6803561937295153,1.5654435494517474,55,1.1936879872767114,240
0.8597750408910345,5.521828289925427,86,-3.4729406501073594,240
1.1712926841438105,0.6512797442348566,186,0.7692610194098598,240
0.13055131682302068,1.907499795802429,9,-1.7473931114207892,240
0.7712877693303547,3.3887138022306407,26,-1.7759795069065842,240
1.6343197323956,3.797333215294967,7,0.2624173360162518,240
0.23519382594408422,1.3256379280487929,4,-0.6813493866744912,240
0.28172209134875237,1.0688562793155771,3,-0.4638125655257347,240
0.059431621058758516,1.4102903560105897,1,-0.7660075603115529,240
2.638585689928336,1.8421442636253522,170,-1.5709728883961225,240
4.744302652983918,1.3224111161132859,120,1.4712740310326045,240
0.39996705323450765,6.616736187772214,7,-4.968000233601479,240
2.153965907179854,3.4390248901646787,92,-2.752039377951399,240
0.9101032987588128,1.3124516652070763,82,-0.5896341722627484,240
0.8876552239660954,0.573251026572526,78,-0.48701083909486276,240
1.2892899242933438,3.4860157309544455,154,-3.082187704232218,240
3.181605299464488,1.3997772605553904,176,2.030720353410849,240
0.2788699303996454,2.5053314714941033,11,-1.6010282536414016,240
0.3123245342497283,3.167950220528614,3,-1.5606066512931656,240
9.026235044333697,0.6532474930140817,232,8.89190483507914,240
0.04963634290251938,1.8948053448746034,1,-0.48823547787477584,240
1.324644425213181,0.4137851299251378,118,1.0361770774939356,240
0.09298715449418983,6.925721285330738,2,-6.390292695568325,240
0.5056760839969443,7.614118027148377,3,-7.614118027148377,240
0.5017921632232366,7.215072975910727,3,-6.423732554419168,240
0.19710132976256511,3.6873353955808508,4,-2.187119284458563,240
1.9675180365761622,3.547525221791748,240,1.5323445925199293,240
0.49900660939375163,6.2386810596431985,5,0.24840486247500163,240
3.6787566611498543,1.7989944477730642,211,2.9487403181934475,240
2.5116320345249172,0.00617867659173834,121,1.4983290734865728,240
0.8682639812952884,0.777084498164495,216,-0.6555118539902228,240
2.433542996715695,1.3812398563155386,232,2.2444227819722915,240
3.3736473187911793,1.5713261476517888,221,2.345229474827426,240
10.391897874910496,0.22793876984506414,188,7.140785822674207,240
3.919290493447096,1.4224651483296662,230,3.306901353845862,240
3.7478937633865574,2.443146707925948,192,0.5335671416840078,240
2.87723407541323,3.900964010184506,238,2.6234445168016114,240
4.250224770657501,3.3619969029360255,92,-3.144993556921917,240
0.39270364091202103,0.9458929802775532,150,-0.19101580607155322,240
0.7747333615563538,4.685718311542329,20,-4.506111112511035,240
1.185950683993131,5.230458672794516,119,-4.982285047847293,240
3.2154367170580347,0.22463329151621717,169,2.7394990721271237,240
1.1426787800865958,3.933235675932571,129,-2.663989288428211,240
4.519030559988193,0.986224001584981,133,1.8269608933339978,240
1.968562761027456,0.40759439013023613,36,1.3634811021614648,240
1.0680972383932088,0.518960328173759,240,0.7747885492105693,240
6.063747619488347,1.437853843878571,226,5.148135797965384,240
4.445793411095383,4.0833453029353715,149,3.4933770183636783,240
1.5636351140209503,2.795986132160837,40,-1.8658733563904497,240
4.5143871340861965,1.0459419909813725,208,1.1396637277328991,240
5.040305065882529,1.3252800446685324,133,-0.2254036299972128,240
3.355140732832794,3.000719985261704,118,-1.6323679592441072,240
2.2651847870273314,3.418006541456866,13,-2.653655668016151,240
3.8428618035528683,1.009863328696933,229,1.3411630743635312,240
0.5040046525047424,4.251956934123246,32,-0.996758416359009,240
1.1930621630518314,2.0666644450709337,110,0.39632798393489166,240
0.9925667188903438,0.5812618775565563,128,0.15512068301742712,240
1.0477540154778968,1.7646745420424526,224,-0.35536514748162673,240
2.5147890041835876,3.7654071287189597,44,-2.8260004178749014,240
1.3947231426263313,0.1965027181475765,100,0.4109486756124436,240
0.8398694075231592,2.8327558135465134,236,0.5534481592802313,240
1.7514270283820847,1.9133295942720632,161,-0.4082965582940479,240
0.748673030757863,4.5466722042718954,26,-3.8783921987370453,240
2.2207928399292722,2.4384767830608958,37,-0.22893268277672005,240
3.4216133710995043,0.1630784470819988,124,0.18829871854927824,240
1.9553234941205386,1.6059473960027997,79,-0.41557194557498783,240
5.90033149911182,0.5664167696484248,234,5.232701671194383,240
0.26214250895891533,4.780155925500419,6,-4.439879678434401,240
4.137478301464415,0.022723252951419647,173,2.708185690818776,240
2.9953799947487836,1.4640442597285497,227,2.398850159729012,240
5.7430106845824405,1.5546985608262882,181,3.2751305912075557,240
1.5455425849956534,2.8067053343521966,66,-2.072263497962199,240
10.799510273919676,1.0616645528348152,190,6.692325173608159,240
1.6043656010853349,8.65085145413122,68,-4.943128047537327,240
1.4042831158777045,1.679533342243324,117,1.0994104382818184,240
0.26919499725836277,0.9431718314862784,42,-0.39573643279141973,240
1.365240443103449,1.3547140125908195,98,-1.0148606846091242,240
0.5407405968888908,3.3824659497369733,17,-0.8990646899509227,240
0.5089157310516434,2.3060781549375324,2,-0.0032488048921470365,240
4.077702141991683,2.295635055828949,230,3.921153407002248,240
0.9327389643228841,0.6985839677314795,240,0.8456931842165903,240
3.5533293512233928,1.3150539139725719,131,0.6575269569861638,240
1.7687457478670356,12.629879933953909,160,-4.5304757115282275,240
2.4218085836190983,12.17036665671188,115,-2.333176617650866,240
12.936925518240072,1.9868663779290565,145,4.040859930649121,240
0.10144057122999163,1.5186990326859644,135,-1.5124081445476758,240
0.8103598795122581,1.8260109285009436,19,-1.1534894056372964,240
2.2629141242295425,5.4290932635284745,49,-3.298296424028031,240
2.9179807963793767,5.532918138623125,145,-1.9272245259806968,240
2.8545649289431876,2.103693304922085,96,-1.700305337564689,240
11.352269019764725,1.1834921447765951,239,10.71204476968167,240
0.5742051457831515,7.9379267763355585,3,-5.257766837878151,240
0.8423013406607104,1.4601441104307982,155,-0.549124630927942,240
1.7859147000040245,2.3734883675379987,230,0.8195106415602655,240
3.474177520729259,1.851230469791724,202,2.940483253422091,240
0.9006210416965096,2.4148649071685773,165,-1.5613734747871955,240
3.374990286049384,4.978763183429047,240,2.3418136047875793,240
5.12422164522687,6.416554334574527,14,-5.991487700722954,240
1.9380596065835387,1.215981240846528,66,-0.7701320604157952,240
0.31358838976066533,1.5176253168649132,15,-0.9920836810607124,240
3.262451036334754,0.6900222591180668,114,2.4526959428464026,240
3.5719115883597716,1.4872445603401794,201,3.0594089489711473,240
3.960182613408144,1.1498276510276277,186,3.34354117152643,240
5.4887533377551,1.918476511093405,221,5.1623735163656805,240
3.159946696206226,1.1996903086584585,163,2.2652401809594056,240
2.3740846919643905,0.4237780729594926,118,1.1570355303879893,240
0.278786851984892,2.5383336873079534,1,-1.4323876188185056,240
4.274512027928692,0.6101993454810721,197,2.839395341472974,240
0.21490164045411367,4.816620000224607,1,-4.337595513853253,240
4.008339936729072,1.991864381166373,223,3.0583486050197304,240
1.3484578515953076,0.7343216653630622,185,-0.3454606767275062,240
1.4420249303469082,4.894673455320812,13,-0.41515271575108326,240
2.3708018290726325,5.553574559216355,29,-4.680322835422277,240
4.354303581804889,2.7716189098124455,214,3.768479765108717,240
0.5035169929330964,6.081489465089179,10,-3.7229174404608414,240
0.8250969370325645,1.4125822031516373,115,-0.7641708675674613,240
4.370693961416246,1.339058190130974,160,2.1426938249421585,240
4.808711173662765,0.1253408373772422,238,3.8298589198596953,240
4.703394321703358,0.5914841485138912,133,4.184202680229668,240
4.501385100080151,0.8626378683631595,118,4.235070347819669,240
0.44990438108375636,2.9845719708604634,228,-0.9035211362356695,240
2.608726065031449,0.843043327560499,139,0.9913976328321461,240
2.01672806547524,2.3281726313845708,230,1.306879626815236,240
5.1129076172668695,0.007519687643207923,138,2.270785674871369,240
2.3952075445788323,3.1577579420297877,22,0.8180720057069941,240
2.4596880469757045,1.8248888513834791,217,1.4159089864509733,240
1.9260539155280236,0.8549161243064474,76,0.11396562926409144,240
0.6200623210876952,2.057905791251225,8,-0.2094412881454916,240
2.2461345246263513,1.829457687672039,180,1.222875481782215,240
2.0553382954512402,1.7097794266543174,237,1.8031294528221733,240
2.2604883207362474,1.4809534714684511,81,-1.3117016461577669,240
2.6922833620567648,2.6344149643834416,221,0.7242317648208614,240
2.961694397770938,1.8725038304231618,101,2.1977968636870426,240
4.168341411084311,0.05050436161183369,71,2.7653302455089053,240
4.414812271695977,0.7892389430779368,232,3.456720127695162,240
1.059629541591263,2.590355039366312,234,0.3676893366705259,240
2.1382124401855327,4.1566394825045405,165,-3.3046981563850215,240
2.6958938488277933,0.08622444839522901,129,1.4542863223635896,240
5.541282286229169,0.07488542617267174,220,4.7658712120238835,240
2.8001657905208805,0.9951621214243189,163,1.2144113355732622,240
2.029510876256557,2.727869990701313,97,-0.9051603260088911,240
1.7649901614668047,2.899080655025775,12,-0.08251610054249951,240
3.7683398432318365,0.4308735992880314,118,0.6191420143465542,240
1.7418133337352915,2.046384879744358,58,-1.472676137059601,240
0.5933311872951222,0.7169286238496161,134,0.5862412658488377,240
0.353714340018392,2.906660724157628,13,-0.8880992533285629,240
2.545233584125941,0.8278607902146933,135,1.021864150071146,240
0.2616523610421681,2.489111983455605,3,-1.982977587823254,240
1.0748763095583658,0.0548231956762225,44,-0.023761895009780275,240
0.1793716672671849,3.2404066874137145,71,-2.1773845737989967,240
4.211771422560739,0.16847085690245875,166,2.08395775847735,240
0.5968922620706549,2.2227236003574524,6,-2.060775018043704,240
1.758013198541706,2.646317670709459,93,-2.5747955715010953,240
2.4693448985762534,0.001455123687923118,110,0.8425166153657161,240
7.597952497743117,0.649617784176274,118,5.514596784614135,240
0.837248245180768,3.4583536505778194,104,-0.7693120714837416,240
2.3105548084556102,1.560571444399509,176,-0.5965776759536426,240
2.7742677954449575,1.2020003137398179,115,-0.03264917392405578,240
4.691670497408269,1.9547892631122221,239,3.753230638363151,240
1.8440856118493858,0.6864630914610345,152,1.184413700115442,240
3.4360503104179996,0.4632045908583223,174,2.5062797020618426,240
0.08485455778143004,4.008741445993033,1,-2.9168754237393104,240
1.0177310086175804,0.21583763902566067,41,0.7725578058974535,240
0.9804337171432296,0.28236924634145166,74,0.7889356997908461,240
0.8567691236117743,1.1757607672472865,199,-0.7021983509240937,240
1.3157325616910358,0.2242862251924007,38,0.5913000482348679,240
0.12240358195157398,28.786434300623526,8,-28.245933090432473,240
0.5614869048316782,43.57932938435472,28,-41.235739545413715,240
2.5523397981131115,0.31710594987933716,211,2.0346098701726762,240
-0.0023079770274953273,2.9359474726109553,1,-2.7114716199815554,240
0.30306471324914014,2.811651740383235,6,-2.6051110625181724,240
3.7961665583952136,0.7521926865631311,195,2.7966286321044693,240
3.962937158843924,0.518327419914978,237,3.1212077903588034,240
1.2850691234574776,1.968320039995777,215,0.3295049034506962,240
0.9230020741283141,3.239421565195674,59,-0.7205730478105495,240
1.3303780350524315,3.2092702225246503,58,0.15117932216510419,240
3.9870605668689865,0.5457544376971316,53,2.223090629081332,240
0.7920872570126022,2.461362054849147,13,0.12928696963634465,240
0.2690140434045989,0.7958609428577016,54,-0.2941717149548443,240
2.3902493250402457,0.7303381931967627,212,0.6930644563936903,240
3.1434506695988076,2.624605335153024,198,-1.274421956796926,240
0.1676936854653683,1.8882357033157389,165,-1.374944071515552,240
1.3639821307615736,1.0108453532653041,60,-0.2783467094923097,240
3.4249273379855762,1.8898328236201813,82,-1.556744150531075,240
6.008643934304383,0.7918838222786287,159,3.206719602473873,240
0.7492334177477491,6.494928105504643,67,-2.5952467570463966,240
8.128893037956619,4.936310016614777,54,-4.597415443730117,240
0.8393583232477522,1.726940649539105,238,0.6177885795333247,240
1.8032384386607272,2.753256768954974,171,0.1141159278532955,240
2.1751687178924413,0.0030168775559970525,111,1.1816103761088756,240
4.211206833996836,1.7797026788244392,140,-1.4290216362403718,240
6.160436303811898,1.456013184225315,240,5.566818244558024,240
4.590296803002854,0.5423402716668722,218,3.7864851813827163,240
6.065040294801971,0.5851118682252587,219,5.407110476542116,240
1.62957918093123,4.124982607182113,48,-2.756165509986561,240
5.578345570894474,0.22025665912123013,224,4.9622693988059385,240
0.15786825334892393,3.3497241017654362,33,-3.178128174212272,240
4.538707179349224,0.5145735917329614,180,2.680265350768123,240
3.895839982975716,1.244974436641998,165,0.1370158142587559,240
1.4992067281473938,6.519034096638696,105,-5.912919165291791,240
1.666810719529909,4.860253100490919,68,-4.842149258009949,240
0.9466285768542353,0.9073274771832276,26,0.38350834276069456,240
2.475563749782538,6.309310258057902,123,-4.569492160240068,240
6.074968263362856,0.2926786944486732,14,0.8331467130316457,240
0.655400704987112,9.011187648069196,5,-8.611736445329024,240
0.9269430147936074,0.7592145715033448,104,0.08942071090670786,240
0.6866972391507052,1.6549788966010088,107,-0.20766850849584706,240
1.4143895028693858,1.101998314112694,196,0.18319138641231575,240
0.10633499786541509,3.3030308711974787,2,-2.7181883829372424,240
1.301956058312293,1.9106036508577777,161,-0.8059647671859539,240
2.9715150052779555,1.0531623473639253,234,2.1907967910261736,240
2.1249120869684965,0.4724495475977967,100,1.5507846007728763,240
2.3076278727499733,2.032402914232309,100,-1.3084377175589934,240
0.9051366139870016,1.139284572855374,164,-0.5360844431846872,240
1.5756801035904888,0.8708399234725298,82,-0.4287594782066366,240
0.6153207339549227,0.8511660395303839,6,0.37168026005210175,240
0.8677807080546884,3.4827708954146392,38,-0.19539626010209124,240
2.7031980227455845,4.818733923460399,145,-3.3295284078832426,240
2.17318076837394,0.8030651926339996,201,0.9668362742013448,240
0.6852077007009344,2.957272003049259,9,0.09368835149399408,240
2.841500546997647,0.2983270036654064,224,2.5619946652348786,240
0.10182827716778758,1.4868448291526886,1,-0.26034602804235,240
0.7118394242355855,1.1124336254316005,235,0.3311350825249639,240
1.990300287681086,1.0932795348789752,108,0.4568014013382588,240
1.461828401533915,2.000517922728883,221,0.40977237082380735,240
1.3169719739475743,3.3254010682138415,148,-2.2931797913361054,240
5.518467402055055,0.15547898390459647,106,4.008625123810256,240
3.1055077066719763,0.9050194180319615,176,1.731969736254346,240
1.523807019636615,3.4302445538906094,23,-2.632295222413732,240
2.562334243969035,1.9796911061899223,123,-1.9229502776601994,240
0.32334661831200345,7.024802374509051,8,-6.803057502594264,240
3.307998388218709,1.098412633662141,129,1.9864667401735645,240
1.831629236784673,0.20630025023147372,72,0.21032752211897615,240
3.2385755703223125,1.8281997095395877,149,1.106616159766653,240
1.1821407236390151,0.7899593958082455,235,0.8094797333925892,240
1.6923403968108357,1.015966127406993,231,0.8159686474350603,240
1.024107241152806,1.6155702467384587,36,-0.9080737001264783,240
3.359778712361823,2.3619188382683354,240,3.2752712300352633,240
0.6945848101173806,1.059013759124669,37,0.5031239989508545,240
0.8822739647175152,2.2924950006909888,128,-1.8885623421457776,240
2.4791230465500056,1.1370298911028611,224,1.792178114584163,240
2.1621855368520237,1.4584331110686377,237,1.6873384197898336,240
0.8033418019271573,3.448167811350591,32,-1.0450536549407141,240
0.7040731984783182,2.398811934000024,54,-0.9123270540060404,240
3.5900661431692455,0.7767497847990845,240,3.49949107992392,240
1.212633713369144,3.2021487017628485,70,-2.7693532509703758,240
2.950707220129858,0.7085661334651998,211,1.9101555556004692,240
2.0210921509376756,1.3676369508608701,149,-0.8042164823337475,240
1.7730916170316318,1.7744630943685848,224,0.8619735062302124,240
2.688634261140717,1.1014496940797296,239,2.5766158808906354,240
0.8058639819367687,4.558823663293526,41,-4.06557055127676,240
3.677720841718044,0.73517668208201,209,2.8276026233926888,240
0.019045919315757363,2.6473827848823994,9,-2.0349451715620024,240
3.5161015311538786,6.663908214244445,107,-4.526273307888438,240
0.1975298322150001,2.8175279019841306,152,-0.3085227855546943,240
1.1259822247520272,2.115073443685424,36,-1.2505706152120992,240
2.451506575163636,1.304390794761273,95,-0.19156380127288963,240
2.576170459200081,3.442576709610489,167,-2.948347993006941,240
2.5839087740114848,4.136265496963424,152,-3.812801217448084,240
2.5974075866074497,3.0130344255864876,232,1.3424101709629939,240
2.1053050456130222,1.4388244960289618,240,2.0315611933107407,240
0.8865831828292046,3.9191614741965495,22,-3.245393932638044,240
4.794147356301566,0.057329116368277026,240,4.567697346646806,240
2.98517467509919,0.06300446355558943,175,1.728370912819582,240
1.2395969423820612,0.694700829061383,145,0.7126848110256362,240
5.781958056073414,0.166188015983006,141,4.237101957498761,240
3.0465086695388024,3.582878071384318,239,2.6833921857542826,240
2.867164591806607,0.025445905186392583,228,2.4761421448598115,240
0.96375971592702,0.7899867975644467,33,0.22046494599217667,240
2.3312071697697245,3.6512404041386093,109,-3.590515525019491,240
2.0074050957321687,7.216105574123459,49,-6.261598831414888,240
8.514247931807574,0.5821779582955654,210,8.373729438995877,240
0.37544058907602107,5.031870407341918,26,-3.751573005712184,240
0.8192195460903804,0.5102504906246867,49,-0.4551067663763868,240
0.22605170588918433,1.3880578446080698,187,-0.2652725496474676,240
0.8195485389199485,0.8243262757927833,18,-0.008555482307080128,240
1.1954230146380853,0.5562102645765453,22,0.20438581952170742,240
1.0099384232632733,1.226347682619272,213,0.14584288432270873,240
1.8417237958369197,1.2144506694365593,126,0.7440948260770059,240
1.9817302284918183,1.0924412365103593,111,0.747879096280023,240
1.6974500904294136,0.7235179784812708,132,-0.02146406858294215,240
4.869354487081512,9.635500268359808,28,-5.470291784153105,240
0.2167630436128605,8.217349902912234,1,-8.05475929393921,240
10.068118795216389,0.29465126117669205,234,8.590270521626039,240
0.15795456930371296,12.4412254878434,3,-10.132542742653982,240
9.870970076242786,0.5205970356475204,176,-0.17551421302330622,240
0.5427622515400776,0.543636632137192,119,0.13723973720389368,240
0.8284200881796252,1.1025708390237607,109,-0.4603683481233196,240
1.0354301932475067,1.1516543911378085,104,0.34017859670702705,240
1.38299030928017,4.262648128867892,42,-1.9120682987693498,240
1.339203466420797,2.60503660062583,20,-1.3322735649128827,240
3.1176654823736194,3.914725224172063,222,2.021860233974173,240
0.009650973387799633,8.724335178017682,1,-8.146386636686154,240
1.6577681411909373,0.8954716373301692,162,1.3827483770514006,240
1.5404935123515247,2.23509007925327,120,-2.136930805688538,240
4.51196732323279,1.559929006155176,213,2.1223556243242188,240
3.2588714727032917,3.428895074555275,185,1.033323883385857,240
4.576092485057837,0.7488779043921419,114,2.7595353214050853,240
0.9590505650105106,0.617987802740902,150,0.07447978853826723,240
1.360634264024289,0.7293288467195559,200,0.08464232876223574,240
6.095439284333164,0.4630067858872491,223,5.667578228067738,240
0.437084545318793,3.1396993732570073,2,-2.2511330720895164,240
1.8788304568176368,0.12357533655369166,175,1.3010877579750955,240
1.7389314765721557,1.805158310435828,235,1.4383309168899048,240
1.0264130284855348,4.70907458336095,17,-2.685990050074253,240
0.22896049863105292,3.268259153026144,13,-2.068749284091619,240
1.728483678168101,1.2533453954762497,172,0.07647531226634308,240
1.831720735280146,3.430299247147528,112,-3.336265217037682,240
2.0513290966285154,4.789749838147952,82,-4.036352606295286,240
0.3854719326971165,5.152978289394045,3,-4.590859082598954,240
1.0160609799930773,3.333110093098897,76,-2.744141177006578,240
0.9405039156071857,4.991469576204531,95,-4.155780856011369,240
1.4120593389415874,0.6932130886634952,111,0.216987693667418,240
1.1551338807310065,1.3103819060220128,185,-0.027063839591135758,240
4.8070336704079315,0.9105951046899405,215,3.9709129913335763,240
0.7745089666338792,1.935225782845957,50,-1.435196514184731,240
3.0591048944110244,0.0679033817795923,235,2.4646625776453033,240
0.10159243405803628,2.259277198313061,11,-0.6724726458954199,240
2.1309565030992865,0.24761323129529816,160,0.24553743175151396,240
7.311805961215409,1.2971731533879791,189,5.67751436118428,240
5.637557663503148,1.722343411532557,129,3.7297600323221194,240
1.6094727265335096,0.9289893497106709,215,1.0654032667427429,240
2.318747324547327,0.18717075970262065,233,2.1760635280204257,240
0.7411946616787509,1.4218489960295093,2,-0.4803620364620045,240
4.082299561573412,0.042329425158144425,134,1.6334178178665073,240
3.5663572770422314,2.1786994396001433,59,-1.515666363661372,240
2.632542687996857,3.2031047271542956,202,1.1647653553288109,240
3.4417579130599263,1.3197555508084535,208,0.952735754480228,240
1.3332587075724158,2.2936075501742423,68,-0.9937200379045983,240
3.329997157627128,0.0444714021050724,92,2.887426336677803,240
1.3002632625671802,1.4032752267802144,10,-0.1119466753947848,240
0.5242537681058531,3.958485141993405,78,-1.9500763402358867,240
0.6234233623738701,1.5556084531158667,238,0.07014332258048488,240
1.1868158705323746,0.9987663752569083,208,0.516149838430996,240
0.8864600817428938,4.593693956206172,124,-2.7982911094875744,240
0.8330168251908602,0.48010069803716826,147,0.38323827650338116,240
1.4326634937862173,2.2025072896831737,122,-0.06324151245909287,240
2.4643056001181796,0.6382955488830496,25,-0.2595600570616024,240
2.862104597426986,0.7487402279077375,240,2.8526148606981687,240
2.5055148002110283,0.15069255013298327,199,1.3170528881622408,240
8.411449311062498,0.6637738580488771,239,8.226662449481184,240
4.733027589399832,0.2702233332154968,92,2.496270425740926,240
1.4374822567107064,3.755216478292996,72,-3.3183135502443233,240
3.7980337153316377,1.1085493987372812,172,3.380466573072194,240
0.11107314459877993,4.2453260460431315,9,-3.8924693712129526,240
2.888209463129717,0.41310489270056366,169,1.8519224456045922,240
0.2750936153112873,2.969035234864513,44,-0.8708764727807776,240
0.29694523894697966,5.428904660030609,1,-0.4554048059186923,240
8.843766047854325,0.1823039267767324,238,8.667133798799583,240
0.07405936145116963,8.744979895163164,1,-8.059089218087738,240
0.21969735793417697,6.159888205330203,1,-5.670320390418143,240
2.1023588861938425,2.232243683076857,218,0.9979347437535382,240
0.7419163650788873,2.1577746349723297,8,-1.6056893845337203,240
0.774068061526046,2.18163268475473,186,-1.0108200612279201,240
5.909151821215187,1.4574877571451281,232,4.59557769946749,240
1.387572331759516,4.50618453757041,26,-3.320490734658145,240
1.0854201586296792,1.394683991789886,235,1.061446218074654,240
1.348385701230131,2.6818391134101756,44,-0.17918746860205656,240
3.966565943849343,0.7358755725179916,145,2.357189214640145,240
2.957292110803003,0.9578232657526384,150,-0.6576303461055251,240
0.7998641600408014,6.51634998359243,10,-4.899514742168919,240
4.0449279971210155,0.5022933474784316,55,1.626495520256371,240
1.6742613348301179,0.22090396349444835,102,-0.03377128938311997,240
1.0857144549197542,1.451444553934596,193,0.18012082639062874,240
0.8080537781775674,1.9463556222189715,6,-1.5434998255623282,240
4.635700028577786,0.46667215882685914,231,3.7542831043195712,240
0.12496204831952627,4.898251956524593,16,-4.421183303304757,240
0.8752553308040555,7.833827178745974,81,-7.3212610472892035,240
1.0055250769097626,7.798886604342529,36,-5.683545199884604,240
1.4139882196039408,2.054593474413418,94,-0.5915215515922081,240
0.463095772819996,2.0652622551997433,4,-1.3742408854081507,240
3.879964441695582,0.4437782641576836,45,1.8578734671269472,240
5.09759356682012,1.2406526398998177,177,2.2735373177042804,240
2.36836119616666,0.7551969211740202,110,1.6191315904363976,240
3.052355795946614,0.7583032404253309,207,2.9584941570666325,240
3.13129602197336,0.01850457566938603,230,1.8810303441351541,240
1.16846814720793,1.7565486777704447,240,0.8231417891450206,240
1.1079922498470975,2.2702978452750107,58,-0.5404177885284377,240
1.8434631653097455,2.643037550263408,128,-2.0352802526092884,240
1.4337501077606636,2.9756516077332344,117,-1.8266670923097301,240
1.6047740752986714,2.438508011794824,25,-1.0611159191769755,240
1.2360720559913214,1.0823188582509091,59,-0.40856889062461543,240
0.30593319913694866,7.212780221396916,4,-6.0671985847532355,240
0.8053518434692392,0.7834804898444677,65,-0.5584485625504548,240
0.49303276682852254,3.4923750631448796,18,-0.3298811400696615,240
0.556524735853083,2.9735259067590065,177,-0.41633091253760834,240
0.8420534181593042,1.4510424469654672,12,-1.30788595995561,240
1.7751166625808157,2.704148514770352,36,-1.9808603039087875,240
7.895398923912922,0.28287655380261184,240,7.765024263338085,240
0.701097416528956,14.781902323860365,20,-13.462080126437828,240
1.558909597699793,2.289364321703079,239,1.0605232694137674,240
1.8275400973005784,2.274647880655547,44,-2.0674844831241987,240
5.050218147499186,-0.004733876828434486,205,3.265546583177663,240
1.1185280605563908,0.9980811150127884,199,0.4542155898210213,240
1.4656541573787307,2.228623223880311,214,0.43272591253205206,240
2.0708852208117587,2.7455241174885607,154,-2.4124745355849164,240
0.6459209507619091,0.9547134617831844,138,-0.6768831362895741,240
0.681063970203388,1.739025870521759,238,0.3115030289946223,240
0.9840217200494497,2.100130271700016,229,0.2483970911945387,240
1.981743344746998,2.393487345420469,136,-1.5936151339545868,240
0.002194811057775758,5.324611626532083,1,-4.7399139607002585,240
2.9561404306165593,0.08572146479172094,239,2.816307291175139,240
2.8472556222105427,0.9560660666161059,234,2.581733655733941,240
0.2162375370153615,5.153956485377927,1,-3.181090855407966,240
0.6221741741688778,4.978811615767926,74,-4.852164353964348,240
0.39363364175494964,2.171389582022005,8,-1.5342597857769302,240
4.557181010543681,1.9354822824703002,221,2.798164147119344,240
2.377036662116129,6.09129031665822,110,-5.498143301782195,240
1.257371458583701,2.209219525615997,82,-1.174650883352026,240
0.8520662462853037,3.1575415916465497,17,-2.948113815903653,240
2.228063371179342,0.7989185120817663,109,1.5277065735181814,240
1.3546413401363584,1.0678454526630776,239,0.8686388245318984,240
4.307609798513176,0.2289712557385852,100,2.3902345020876474,240
1.1616766569420138,0.5582949325082813,134,1.0693870864661617,240
0.8904388684329886,0.8933085292410253,31,-0.39331233430304907,240
0.4834031796502939,2.9022347769859107,7,-1.3115755735983508,240
3.3921888772670914,0.7076150013688169,84,-0.0008649375271397787,240
1.6851827567941104,2.0136182518927406,24,-1.0850163108933717,240
0.5806850299416577,2.191177952907463,26,-1.0985166463698641,240
1.0870938149834874,0.8372032535633419,188,0.39001729718348394,240
2.745593230080524,1.175335841855903,23,-0.9932875257153808,240
1.7235715171558568,2.305263396582272,225,1.3345522405564703,240
1.7460736270587829,1.2557007304653787,119,-0.9642149186110253,240
1.8447552562727214,0.6142835582499355,191,0.9963202049090863,240
5.235053022456597,2.8451480892516203,149,0.15245050469676996,240
1.0304493217596622,2.623077799266674,224,-1.798505878081354,240
2.683302891260796,0.11627867503646551,106,1.3886117396943707,240
1.486494262233073,0.7661647448801698,46,-0.36564599586671104,240
1.4597967371935003,2.0367344060362624,203,0.026880962317431513,240
1.3405405763841904,1.0334765811097446,75,-0.5511111258467413,240
0.2978645061031188,2.0387448758065427,3,-1.2937081510872517,240
4.529907825894053,0.8050442128982855,230,2.7929428399683753,240
1.5818488828575468,5.825782167096242,229,1.2669002161238188,240
0.6875093133026222,3.53656491691588,14,-2.2355063158415454,240
3.950114323065956,0.007632481205333717,199,2.629084476027504,240
1.5873352912807501,1.7317060825724153,111,-0.6463232026223483,240
2.0232267829412813,1.320062244788293,21,-0.3365305042024944,240
0.3906719671644328,1.0076182258697828,105,-0.051715504970189015,240
0.5289758540425292,3.409371450655201,3,-1.4659955438034875,240
0.44294976918036183,2.0189449138434816,119,-1.0184489011078548,240
2.059507339062727,0.3967351372494804,71,1.417867768988061,240
0.7558650115342826,0.5729515096651923,78,-0.04943608158609731,240
1.4246735497256418,0.10324426065696693,202,1.2074878208709912,240
1.0227811203064103,3.3483354775639915,43,-2.820747026365067,240
1.1894495224928574,1.5571154593296792,95,-1.0364359001456707,240
1.7638602694288008,2.9534933863862634,50,-1.5126488232666264,240
1.1326356952608232,2.071420290111245,52,-1.1266217004185997,240
0.1731227765704037,3.0466968939000716,2,-1.4826524956595868,240
3.1319857403811113,6.03259330037242,195,1.8974237178069255,240
1.7495703255554877,5.906509390774349,17,-3.9372837631449764,240
0.7220856638472684,6.726593058230491,2,-5.573365459811901,240
1.1336130392100874,1.7743036035433246,59,0.09658045062484572,240
3.2780079299383567,19.92318795261548,62,-18.955595381215133,240
20.28689884799881,2.99667462731225,210,17.08185693278881,240
0.5967893458777274,3.144953121447681,7,-2.160193095600164,240
0.302403847796176,0.8824257991068797,174,-0.09736622126454673,240
2.1951103020026586,0.08619494753522684,222,1.7724412873227635,240
1.8279524919157006,3.5451199843213588,157,-3.270373185536502,240
1.294226726426267,1.1719650923509406,13,0.20784477792803915,240
6.782934518364605,0.25815371084054145,240,6.700498879608947,240
0.950893265881407,1.0249586142866223,33,-0.3184809981421183,240
2.085251760806713,1.4561738717260218,96,0.41220092946183345,240
3.1767343889269553,1.703281219786293,130,1.49426537594909,240
0.8998290988468438,3.110238521461609,50,-1.6354433106199449,240
0.25486545580353187,2.0905014427876516,7,-1.3422676866358378,240
5.390437240785841,0.5607501827662101,223,4.634328929829927,240
2.983116775979501,0.5056850375235616,78,2.0978138391384595,240
1.008272679461106,4.717669015562202,51,-4.595088986532284,240
5.871686061301489,1.3155549782916085,204,4.3628857189672186,240
2.0523509391758257,0.13926864072615092,146,0.15995210222007908,240
0.2626027880611185,3.548115212502912,119,-1.9926691445205185,240
2.5037995857172715,1.4334370509569927,95,2.084142028035687,240
9.61025527652727,0.15505515592677913,230,8.920892710840258,240
0.39617613500342636,209.12886405103376,87,-206.61166154635035,240
0.5382612592763918,0.12218078930520589,95,0.2839488741143046,240
1.1681191079175859,0.6944682634820427,132,0.6515606133356253,240
0.38477786128032676,1.0620419965886119,239,0.10377064039310462,240
1.4486853800885786,0.17448034515874283,239,1.3654333296843946,240
4.172723851731061,0.5245659017646342,233,3.1641190843955544,240
1.5151462741463126,1.7651774646611704,116,-0.15671470630573212,240
6.902385652141275,2.2545360358373303,117,2.583165643247517,240
2.1665886359224875,0.406336047146065,215,1.5343313574098014,240
3.3482237573128204,0.39942104927802347,158,2.0892793346848095,240
2.4560484168862904,0.22854526445792359,224,1.1238948772772388,240
1.179926989282021,3.9379036596324113,44,-3.4441990293735674,240
5.326937516442077,1.40197158439326,109,1.1764731884855308,240
2.5415649921683197,0.08391006139623072,128,1.3429866516419282,240
0.6224639188625576,1.3474226784698868,8,-0.10268951280682749,240
0.8131449270246052,0.9838593056623419,115,0.19855269457875468,240
1.9712297642643688,0.8828065593343638,206,1.7329165794339514,240
2.5731145995447826,0.26625520204525566,196,0.9390929195420399,240
1.4361044715448883,3.522579443558056,23,-3.2543760569764797,240
0.7269340634759729,2.6564631707958823,20,-0.6493806427635617,240
0.2538098704100815,2.245483192346961,6,-0.6072558469729543,240
0.9929999513050238,3.3497049926870033,46,-2.5826904563090904,240
1.072699186355709,1.6006103026113188,19,0.019104711751924706,240
1.1603122503953882,1.3407875212760594,166,0.8472754973637041,240
1.497247053529652,0.9429693317340003,26,0.42703786742105465,240
1.1962792484196776,0.2139405757881776,93,0.42233226056144485,240
0.8063750102700147,0.639594636659978,222,0.39023368970899364,240
1.2297699360595316,0.816711224727518,186,-0.7380247612154978,240
2.0735673477481926,1.318493798915099,234,1.6500504367910849,240
5.9306425290764055,0.1705029918894518,116,1.6370671878612744,240
1.9352338153851707,4.128045589805097,41,-1.5154421710058223,240
0.792588255377497,1.0083042570339864,30,-0.20716069280885357,240
0.8080066842010982,1.0465070995533439,15,-0.24963882525125913,240
0.7706158449793529,1.6617265016781004,124,-1.170972865460775,240
1.0445368292196355,2.5786891856724083,190,0.3120691559440679,240
0.6616913132941907,3.049846210008767,87,-3.049846210008767,240
2.3512859699888415,2.0171052441930124,121,-0.6719677184168728,240
3.757692174203371,6.238247516133943,160,-4.935154771467391,240
5.2377989176065265,1.8108408798578564,239,4.142141477415123,240
1.1655958930454275,2.9683334191306594,74,-2.5131838826815494,240
4.535984776475452,0.639626674266451,212,3.435001571996155,240
6.068904720579522,2.509109800040413,224,2.6528877638980672,240
0.9463386088876221,4.769263703829213,15,-1.2460198684981316,240
1.0702908346370734,1.201521977984813,16,-1.0255437552894835,240
2.2644874766943905,0.5749481297404736,232,2.168869653886265,240
1.4192022515967162,1.7965351725186596,104,-0.37377770878200656,240
2.1621259001290003,4.9127594417129785,78,-2.8480620641660046,240
0.6179694053215169,2.06311660839059,53,-0.8110848444842128,240
1.6610520968730398,2.017211141674018,131,-1.6088563747901294,240
1.1117214110620999,5.241439476272969,101,-3.165136252671353,240
3.3215642795974025,3.1367465819295655,67,-1.436571028484575,240
4.184031485222068,0.5902451006660856,85,2.095708621238736,240
0.8554170298767481,4.400486821014422,10,-2.214514352124318,240
5.718281191455547,0.22467154559860242,227,2.72381719374556,240
0.7334971923035442,1.2613846870834429,5,-0.44556374518863806,240
0.9067619028119333,2.1625862930754804,23,-0.37520337113655483,240
1.1025729831125166,0.5024273750496596,127,-0.0726401024168372,240
3.220376512264194,0.5276591275708894,204,2.809398493028803,240
0.5326639560980809,1.9567844293262528,127,-0.5871544929938755,240
2.637242315413597,2.04652973617346,217,-0.5688747759411747,240
11.362720470572235,3.78956165251603,240,10.857354459463387,240
5.961348323037643,4.887616072069284,110,-0.3907465989763272,240
6.26468867356822,1.2146111671361652,229,5.690468334761846,240
4.160018326076328,0.5087737891080689,229,3.2151635014075537,240
0.15499320587753238,5.060969862383775,1,-4.347278349102305,240
0.09899237205904754,1.937348483832425,1,-1.8830647202851911,240
2.308544299011282,2.329524079092117,105,0.8697002607159732,240
0.3007457291395423,1.5640782886783962,17,-0.30408734835215523,240
0.13195006131214562,1.727546181512927,2,-0.6797427400929485,240
0.6822985572305772,1.0570358922346421,29,-0.27792470188343893,240
4.505876612769418,1.8450597267082163,47,-1.1876089036461561,240
2.4890397788854326,0.5508290410900812,208,1.5687510020697044,240
4.017531679915576,3.7490733182161105,129,-1.00410400220048,240
0.5148545772923916,6.360611241477205,16,-4.595580451781752,240
5.1927489148226345,0.6750372085624422,92,0.8155860004945814,240
4.854209374619147,0.005136729496959718,109,2.721667586573698,240
0.25329087167503644,2.1355377126597634,5,-0.14157874122872577,240
0.2951404977831757,1.332861325220357,19,-1.2540622309280687,240
0.6199634012745115,2.6960439274189096,85,-0.9323357062868414,240
4.117873917078878,0.5293001388557865,93,2.2603956641828886,240
7.601505806790209,0.12435383223997126,77,4.540911878404984,240
1.791115507678225,2.928328948412066,16,-1.6695935006776412,240
16.129820262955015,0.37692008026282153,231,14.139256194549654,240
2.711943341163711,0.6843506047777501,212,1.9457001043764712,240
1.9382602913757245,3.6054172857314986,108,-1.7368855605503992,240
0.7445362542257523,3.82757321441235,4,-1.4790384665396759,240
0.11830727658247803,7.060433574092635,1,-2.2769469518962775,240
6.472895490100541,0.012883430142472478,135,1.7782071186506156,240
0.4003890150460208,2.559163021985358,240,0.17306627059854904,240
3.5899358621564774,0.8004822905879471,205,2.275300999879208,240
0.6746014608429531,3.811028061989027,5,-1.2978777775265586,240
0.04936661593707348,2.8234750757740925,1,-2.7527162595977486,240
