time,open,high,low,close,volume
1225152000,731.000000,748.800000,730.600000,739.300000,0.0000
1225238400,750.800000,752.800000,750.800000,752.800000,0.0000
1225324800,760.500000,774.000000,737.200000,737.200000,0.0000
1225411200,731.400000,736.000000,716.800000,716.800000,0.0000
1225670400,728.800000,731.500000,725.400000,725.400000,0.0000
1225756800,726.000000,760.000000,726.000000,756.000000,0.0000
1225843200,757.400000,757.400000,739.000000,741.300000,0.0000
1225929600,743.400000,759.000000,731.200000,731.200000,0.0000
1226016000,731.500000,743.000000,727.200000,733.200000,0.0000
1226275200,749.000000,753.600000,745.600000,745.600000,0.0000
1226361600,734.200000,735.600000,729.800000,732.000000,0.0000
1226448000,730.400000,734.700000,717.700000,717.700000,0.0000
1226534400,714.300000,715.500000,704.900000,704.900000,0.0000
1226620800,726.500000,747.100000,726.500000,742.400000,0.0000
1226880000,741.900000,741.900000,741.900000,741.900000,0.0000
1226966400,738.000000,744.900000,732.600000,732.600000,0.0000
1227052800,736.000000,758.800000,735.000000,735.900000,0.0000
1227139200,740.500000,750.000000,739.500000,748.600000,0.0000
1227225600,771.300000,791.700000,771.200000,791.700000,0.0000
1227484800,819.900000,824.000000,819.400000,819.400000,0.0000
1227571200,818.400000,818.400000,818.400000,818.400000,0.0000
1227657600,819.100000,822.000000,806.800000,808.500000,0.0000
1227830400,811.100000,819.000000,808.200000,816.200000,0.0000
1228089600,817.200000,817.300000,766.000000,774.600000,0.0000
1228176000,765.300000,786.000000,759.700000,781.300000,0.0000
1228262400,780.000000,781.900000,762.900000,768.800000,0.0000
1228348800,770.000000,780.400000,761.700000,763.800000,0.0000
1228435200,764.500000,769.600000,740.000000,750.500000,0.0000
1228694400,755.000000,780.200000,754.200000,767.400000,0.0000
1228780800,775.000000,776.500000,762.300000,772.400000,0.0000
1228867200,784.100000,811.000000,783.100000,807.100000,0.0000
1228953600,803.400000,832.100000,801.000000,824.900000,0.0000
1229040000,821.500000,827.000000,813.800000,818.900000,0.0000
1229299200,828.000000,842.000000,824.000000,835.400000,0.0000
1229385600,839.000000,859.000000,831.600000,841.700000,0.0000
1229472000,854.400000,880.800000,853.500000,867.500000,0.0000
1229558400,862.400000,873.000000,852.000000,859.600000,0.0000
1229644800,846.600000,852.100000,833.300000,836.400000,0.0000
1229904000,848.500000,851.000000,844.000000,846.200000,0.0000
1229990400,848.000000,848.000000,835.000000,837.200000,0.0000
1230076800,838.900000,848.900000,838.500000,847.100000,0.0000
1230249600,847.000000,872.400000,845.800000,870.400000,0.0000
1230508800,882.900000,882.900000,874.600000,874.600000,0.0000
1230595200,878.100000,878.100000,866.500000,869.300000,0.0000
1230681600,860.000000,883.600000,858.400000,883.600000,0.0000
1230854400,881.500000,881.500000,868.900000,878.800000,0.0000
1231113600,882.000000,883.500000,847.000000,857.200000,0.0000
1231200000,855.100000,867.600000,840.000000,865.400000,0.0000
1231286400,862.000000,867.000000,837.700000,841.100000,0.0000
1231372800,837.900000,861.000000,837.900000,853.900000,0.0000
1231459200,855.900000,862.100000,854.300000,854.300000,0.0000
1231718400,844.400000,844.400000,815.400000,820.300000,0.0000
1231804800,825.600000,825.600000,815.700000,820.100000,0.0000
1231891200,825.900000,827.100000,808.200000,808.200000,0.0000
1231977600,805.600000,808.800000,805.600000,806.700000,0.0000
1232064000,834.000000,842.500000,834.000000,839.300000,0.0000
1232409600,838.700000,862.700000,824.000000,854.600000,0.0000
1232496000,850.500000,851.000000,844.500000,849.600000,0.0000
1232582400,856.800000,860.900000,846.200000,858.200000,0.0000
1232668800,875.000000,899.100000,875.000000,895.300000,0.0000
1232928000,907.300000,911.600000,901.200000,908.500000,0.0000
1233014400,902.800000,903.000000,895.200000,899.200000,0.0000
1233100800,886.100000,894.600000,883.700000,888.100000,0.0000
1233187200,888.100000,909.700000,874.200000,905.100000,0.0000
1233273600,909.800000,930.300000,902.000000,927.300000,0.0000
1233532800,929.000000,929.000000,902.200000,906.700000,0.0000
1233619200,903.200000,913.300000,889.800000,892.000000,0.0000
1233705600,900.100000,909.200000,897.000000,901.600000,0.0000
1233792000,906.300000,924.400000,904.400000,913.600000,0.0000
1233878400,914.500000,918.500000,909.500000,913.900000,0.0000
1234137600,910.000000,911.000000,891.800000,892.400000,0.0000
1234224000,898.000000,917.500000,892.000000,913.700000,0.0000
1234310400,913.700000,947.200000,912.200000,943.800000,0.0000
1234396800,938.800000,952.800000,936.400000,948.500000,0.0000
1234483200,947.300000,947.300000,934.200000,941.500000,0.0000
1234828800,939.500000,973.800000,937.300000,967.000000,0.0000
1234915200,968.400000,988.000000,962.200000,977.700000,0.0000
1235001600,982.700000,986.200000,972.000000,976.100000,0.0000
1235088000,974.000000,1004.900000,971.600000,1001.800000,0.0000
1235347200,995.600000,996.500000,980.000000,994.600000,0.0000
1235433600,988.000000,991.600000,963.200000,969.100000,0.0000
1235520000,963.300000,977.500000,953.100000,965.700000,0.0000
1235606400,953.000000,956.000000,933.000000,941.800000,0.0000
1235692800,943.400000,963.200000,929.000000,941.500000,0.0000
1235952000,945.000000,955.800000,924.500000,939.000000,0.0000
1236038400,927.000000,931.800000,906.400000,912.900000,0.0000
1236124800,914.900000,923.200000,900.100000,906.000000,0.0000
1236211200,912.000000,932.600000,908.900000,927.000000,0.0000
1236297600,933.500000,944.500000,931.800000,942.100000,0.0000
1236556800,940.500000,940.500000,914.500000,917.700000,0.0000
1236643200,921.600000,921.800000,892.100000,895.600000,0.0000
1236729600,894.700000,912.400000,894.100000,910.400000,0.0000
1236816000,909.200000,927.500000,908.000000,923.700000,0.0000
1236902400,924.400000,937.000000,924.400000,929.800000,0.0000
1237161600,926.400000,929.600000,916.700000,921.600000,0.0000
1237248000,923.200000,924.400000,912.400000,916.400000,0.0000
1237334400,915.400000,944.000000,885.000000,888.700000,0.0000
1237420800,938.000000,960.800000,933.900000,958.300000,0.0000
1237507200,960.600000,960.600000,954.100000,955.800000,0.0000
1237766400,950.700000,952.600000,937.900000,952.100000,0.0000
1237852800,923.300000,923.300000,923.300000,923.300000,0.0000
1237939200,921.200000,936.500000,920.800000,935.400000,0.0000
1238025600,939.600000,943.000000,937.600000,939.600000,0.0000
1238112000,923.000000,923.000000,923.000000,923.000000,0.0000
1238371200,924.600000,932.500000,908.600000,915.500000,0.0000
1238457600,918.000000,924.500000,911.600000,922.600000,0.0000
1238544000,918.600000,932.500000,916.900000,926.100000,0.0000
1238630400,926.900000,930.300000,894.900000,907.400000,0.0000
1238716800,904.600000,910.300000,891.300000,895.600000,0.0000
1238976000,895.000000,895.000000,865.100000,871.500000,0.0000
1239062400,872.200000,884.700000,872.200000,882.200000,0.0000
1239148800,884.000000,889.100000,879.000000,884.800000,0.0000
1239235200,882.400000,886.100000,874.700000,882.200000,0.0000
1239580800,882.500000,899.400000,882.500000,894.700000,0.0000
1239667200,896.100000,897.800000,887.400000,890.900000,0.0000
1239753600,890.000000,895.300000,888.900000,892.800000,0.0000
1239840000,890.900000,893.400000,872.800000,879.300000,0.0000
1239926400,874.000000,875.700000,865.000000,867.400000,0.0000
1240185600,868.800000,889.000000,866.100000,887.000000,0.0000
1240272000,886.900000,895.100000,880.700000,882.100000,0.0000
1240358400,883.100000,893.000000,883.000000,891.800000,0.0000
1240444800,893.600000,909.000000,892.600000,905.900000,0.0000
1240531200,911.200000,913.600000,906.700000,913.600000,0.0000
1240790400,918.000000,918.000000,906.300000,907.400000,0.0000
1240876800,899.700000,899.700000,890.100000,892.800000,0.0000
1240963200,890.100000,902.500000,887.800000,899.800000,0.0000
1241049600,898.200000,898.900000,881.300000,890.700000,0.0000
1241136000,884.000000,888.500000,881.500000,887.600000,0.0000
1241395200,885.800000,907.500000,885.800000,901.600000,0.0000
1241481600,903.500000,912.300000,902.000000,903.700000,0.0000
1241568000,901.300000,911.100000,901.300000,910.500000,0.0000
1241654400,922.400000,924.000000,910.400000,915.000000,0.0000
1241740800,910.100000,915.300000,910.100000,914.400000,0.0000
1242000000,913.100000,914.400000,913.000000,913.000000,0.0000
1242086400,918.500000,923.500000,916.100000,923.500000,0.0000
1242172800,922.000000,929.700000,921.200000,925.500000,0.0000
1242259200,922.600000,928.000000,922.600000,928.000000,0.0000
1242345600,925.200000,931.600000,925.200000,930.900000,0.0000
1242604800,929.600000,932.900000,918.700000,921.300000,0.0000
1242691200,926.300000,926.300000,926.300000,926.300000,0.0000
1242777600,933.000000,940.500000,932.000000,937.000000,0.0000
1242864000,939.100000,950.800000,937.400000,950.800000,0.0000
1242950400,956.900000,958.700000,956.900000,958.500000,0.0000
1243296000,953.000000,953.500000,944.000000,953.100000,0.0000
1243382400,947.200000,956.000000,947.200000,953.200000,0.0000
1243468800,948.600000,964.900000,944.000000,961.500000,0.0000
1243555200,959.200000,980.400000,959.000000,978.800000,0.0000
1243814400,978.800000,988.100000,973.000000,978.600000,0.0000
1243900800,974.700000,986.500000,969.800000,983.200000,0.0000
1243987200,981.700000,990.300000,961.000000,964.500000,0.0000
1244073600,963.600000,982.000000,960.900000,981.200000,0.0000
1244160000,981.400000,983.000000,954.000000,961.700000,0.0000
1244419200,958.000000,960.100000,944.400000,951.700000,0.0000
1244505600,953.500000,963.700000,948.400000,954.000000,0.0000
1244592000,956.000000,966.000000,949.200000,954.000000,0.0000
1244678400,954.300000,961.900000,943.100000,961.300000,0.0000
1244764800,955.900000,956.500000,935.800000,940.100000,0.0000
1245024000,938.500000,938.500000,926.900000,926.900000,0.0000
1245110400,930.900000,938.600000,930.900000,931.600000,0.0000
1245196800,931.500000,937.800000,930.400000,935.400000,0.0000
1245283200,942.000000,942.000000,931.000000,934.000000,0.0000
1245369600,932.000000,936.500000,932.000000,935.600000,0.0000
1245628800,925.000000,926.200000,919.000000,920.600000,0.0000
1245715200,921.900000,926.500000,917.300000,923.900000,0.0000
1245801600,925.400000,942.700000,922.900000,934.100000,0.0000
1245888000,932.300000,939.100000,932.300000,939.100000,0.0000
1245974400,945.300000,946.000000,939.600000,940.700000,0.0000
1246233600,940.200000,942.500000,934.800000,940.400000,0.0000
1246320000,941.400000,943.900000,925.300000,927.100000,0.0000
1246406400,929.300000,944.200000,928.000000,941.000000,0.0000
1246492800,941.400000,941.500000,926.600000,930.700000,0.0000
1246838400,928.700000,933.700000,920.200000,924.000000,0.0000
1246924800,924.200000,931.700000,921.200000,928.800000,0.0000
1247011200,919.600000,919.600000,905.600000,909.000000,0.0000
1247097600,907.200000,917.400000,907.200000,915.900000,0.0000
1247184000,910.700000,913.500000,908.500000,912.200000,0.0000
1247443200,911.500000,922.200000,908.400000,922.200000,0.0000
1247529600,920.200000,926.200000,920.200000,922.500000,0.0000
1247616000,928.900000,941.000000,928.300000,939.100000,0.0000
1247702400,938.400000,938.400000,934.800000,935.100000,0.0000
1247788800,936.900000,937.800000,931.800000,937.200000,0.0000
1248048000,954.100000,954.500000,948.500000,948.500000,0.0000
1248134400,948.600000,948.600000,945.800000,946.600000,0.0000
1248220800,949.200000,953.000000,946.400000,953.000000,0.0000
1248307200,954.200000,954.500000,949.800000,954.500000,0.0000
1248393600,950.300000,952.800000,950.300000,952.800000,0.0000
1248652800,955.100000,957.100000,953.300000,953.300000,0.0000
1248739200,949.500000,949.500000,937.500000,939.000000,0.0000
1248825600,927.200000,927.200000,927.200000,927.200000,0.0000
1248912000,929.200000,937.000000,928.400000,934.900000,0.0000
1248998400,934.400000,958.100000,932.000000,953.700000,0.0000
1249257600,952.600000,964.000000,952.400000,956.600000,0.0000
1249344000,956.600000,969.500000,950.800000,967.500000,0.0000
1249430400,967.600000,968.100000,959.800000,964.200000,0.0000
1249516800,964.100000,971.100000,956.500000,960.700000,0.0000
1249603200,964.300000,964.300000,954.600000,957.300000,0.0000
1249862400,955.000000,956.100000,943.500000,945.000000,0.0000
1249948800,947.200000,949.700000,943.100000,945.800000,0.0000
1250035200,947.500000,951.500000,943.000000,950.700000,0.0000
1250121600,952.600000,960.100000,952.300000,954.700000,0.0000
1250208000,957.400000,957.400000,942.100000,947.000000,0.0000
1250467200,947.400000,947.400000,931.500000,934.300000,0.0000
1250553600,938.600000,938.600000,935.500000,937.700000,0.0000
1250640000,941.800000,944.900000,933.400000,943.300000,0.0000
1250726400,942.900000,945.700000,940.100000,940.300000,0.0000
1250812800,957.000000,957.600000,952.600000,953.200000,0.0000
1251072000,953.500000,956.900000,941.300000,942.300000,0.0000
1251158400,946.300000,954.500000,943.500000,944.500000,0.0000
1251244800,947.500000,947.900000,940.300000,944.300000,0.0000
1251331200,944.200000,949.400000,942.900000,945.500000,0.0000
1251417600,949.300000,962.200000,948.100000,957.000000,0.0000
1251676800,959.500000,959.500000,944.800000,951.700000,0.0000
1251763200,954.200000,956.500000,948.700000,954.700000,0.0000
1251849600,954.000000,978.800000,954.000000,976.600000,0.0000
1251936000,978.100000,995.800000,978.100000,995.800000,0.0000
1252022400,992.600000,995.000000,985.500000,994.900000,0.0000
1252368000,997.700000,1006.900000,993.200000,997.900000,0.0000
1252454400,1002.000000,1002.800000,988.800000,995.300000,0.0000
1252540800,996.200000,997.200000,987.300000,995.400000,0.0000
1252627200,999.700000,1011.900000,999.700000,1004.900000,0.0000
1252886400,1002.900000,1003.800000,998.500000,999.900000,0.0000
1252972800,998.000000,1008.000000,994.900000,1005.000000,0.0000
1253059200,1014.700000,1019.800000,1014.700000,1018.900000,0.0000
1253145600,1017.200000,1019.500000,1011.600000,1012.300000,0.0000
1253232000,1013.900000,1017.600000,1009.200000,1009.200000,0.0000
1253491200,1003.700000,1003.700000,998.000000,1003.700000,0.0000
1253577600,1011.500000,1019.400000,1011.500000,1014.200000,0.0000
1253664000,1014.400000,1015.200000,1008.200000,1013.000000,0.0000
1253750400,1015.000000,1015.000000,993.900000,997.500000,0.0000
1253836800,997.300000,997.400000,986.700000,990.200000,0.0000
1254096000,993.200000,993.200000,991.400000,992.500000,0.0000
1254182400,990.500000,995.700000,984.700000,993.100000,0.0000
1254268800,992.500000,1009.000000,992.500000,1008.000000,0.0000
1254355200,1007.400000,1008.800000,998.000000,999.500000,0.0000
1254441600,998.800000,1007.300000,986.800000,1003.200000,0.0000
1254700800,1004.100000,1017.600000,1003.000000,1016.700000,0.0000
1254787200,1019.500000,1043.800000,1018.300000,1038.600000,0.0000
1254873600,1038.300000,1048.200000,1038.300000,1043.300000,0.0000
1254960000,1045.800000,1060.400000,1045.100000,1055.400000,0.0000
1255046400,1049.300000,1051.500000,1044.000000,1047.800000,0.0000
1255305600,1049.000000,1058.400000,1049.000000,1056.700000,0.0000
1255392000,1064.000000,1068.400000,1056.500000,1064.200000,0.0000
1255478400,1064.000000,1070.200000,1057.600000,1063.900000,0.0000
1255564800,1062.200000,1062.200000,1048.000000,1049.800000,0.0000
1255651200,1051.500000,1056.200000,1043.700000,1050.700000,0.0000
1255910400,1053.600000,1061.200000,1049.200000,1057.300000,0.0000
1255996800,1065.500000,1066.200000,1054.000000,1057.800000,0.0000
1256083200,1053.700000,1064.000000,1047.500000,1063.700000,0.0000
1256169600,1061.200000,1061.200000,1051.500000,1057.800000,0.0000
1256256000,1063.800000,1065.900000,1050.200000,1055.600000,0.0000
1256515200,1055.600000,1055.600000,1039.900000,1042.100000,0.0000
1256601600,1039.500000,1042.100000,1034.700000,1034.700000,0.0000
1256688000,1042.100000,1042.100000,1028.000000,1029.900000,0.0000
1256774400,1035.200000,1047.300000,1032.400000,1046.400000,0.0000
1256860800,1045.500000,1045.800000,1035.600000,1039.700000,0.0000
1257120000,1043.500000,1061.800000,1043.500000,1053.400000,0.0000
1257206400,1063.600000,1087.000000,1056.800000,1084.300000,0.0000
1257292800,1082.200000,1097.400000,1082.200000,1086.700000,0.0000
1257379200,1086.000000,1092.300000,1086.000000,1088.700000,0.0000
1257465600,1092.500000,1100.000000,1090.200000,1095.100000,0.0000
1257724800,1098.600000,1109.300000,1098.600000,1100.800000,0.0000
1257811200,1100.900000,1108.600000,1098.200000,1101.900000,0.0000
1257897600,1106.300000,1117.600000,1106.300000,1114.000000,0.0000
1257984000,1121.300000,1121.300000,1104.300000,1106.000000,0.0000
1258070400,1105.000000,1118.200000,1105.000000,1116.100000,0.0000
1258329600,1136.500000,1149.400000,1136.500000,1138.600000,0.0000
1258416000,1131.300000,1140.400000,1131.300000,1138.800000,0.0000
1258502400,1136.500000,1149.400000,1136.500000,1140.700000,0.0000
1258588800,1143.000000,1144.800000,1135.500000,1141.400000,0.0000
1258675200,1144.900000,1146.400000,1137.300000,1146.400000,0.0000
1258934400,1164.300000,1164.300000,1164.300000,1164.300000,0.0000
1259020800,1168.700000,1169.800000,1165.500000,1165.500000,0.0000
1259107200,1186.900000,1186.900000,1186.900000,1186.900000,0.0000
1259280000,1192.800000,1195.000000,1130.100000,1174.200000,0.0000
1259539200,1179.900000,1183.700000,1163.700000,1181.100000,0.0000
1259625600,1181.000000,1202.700000,1176.000000,1199.100000,0.0000
1259712000,1196.400000,1217.300000,1196.400000,1212.000000,0.0000
1259798400,1218.000000,1226.400000,1204.600000,1217.400000,0.0000
1259884800,1207.800000,1211.200000,1147.000000,1168.800000,0.0000
1260144000,1157.600000,1165.500000,1136.300000,1163.400000,0.0000
1260230400,1159.500000,1169.300000,1125.300000,1142.800000,0.0000
1260316800,1130.300000,1147.000000,1116.500000,1120.400000,0.0000
1260403200,1131.500000,1134.800000,1122.200000,1125.700000,0.0000
1260489600,1132.700000,1141.400000,1110.800000,1119.400000,0.0000
1260748800,1114.500000,1127.500000,1114.500000,1123.300000,0.0000
1260835200,1127.900000,1128.600000,1111.900000,1122.400000,0.0000
1260921600,1125.700000,1140.000000,1122.400000,1135.500000,0.0000
1261008000,1141.500000,1141.500000,1095.700000,1106.800000,0.0000
1261094400,1098.000000,1115.200000,1097.800000,1110.800000,0.0000
1261353600,1115.500000,1119.200000,1090.800000,1095.400000,0.0000
1261440000,1094.400000,1097.400000,1075.000000,1086.000000,0.0000
1261526400,1086.200000,1094.600000,1080.000000,1093.300000,0.0000
1261612800,1092.000000,1105.300000,1092.000000,1104.100000,0.0000
1261958400,1111.800000,1111.900000,1102.800000,1107.200000,0.0000
1262044800,1105.000000,1105.200000,1097.000000,1097.000000,0.0000
1262131200,1096.500000,1097.100000,1086.000000,1091.500000,0.0000
1262217600,1094.000000,1106.100000,1094.000000,1095.200000,0.0000
1262563200,1097.100000,1122.300000,1097.100000,1117.700000,0.0000
1262649600,1122.000000,1126.500000,1115.000000,1118.100000,0.0000
1262736000,1120.700000,1139.200000,1120.700000,1135.900000,0.0000
1262822400,1132.100000,1133.100000,1129.200000,1133.100000,0.0000
1262908800,1124.900000,1138.200000,1122.700000,1138.200000,0.0000
1263168000,1143.000000,1161.200000,1143.000000,1150.700000,0.0000
1263254400,1155.000000,1157.200000,1127.200000,1128.900000,0.0000
1263340800,1128.100000,1136.400000,1121.000000,1136.400000,0.0000
1263427200,1137.000000,1145.900000,1132.800000,1142.600000,0.0000
1263513600,1132.800000,1133.400000,1127.200000,1130.100000,0.0000
1263859200,1131.100000,1139.700000,1130.500000,1139.700000,0.0000
1263945600,1133.000000,1133.000000,1109.800000,1112.300000,0.0000
1264032000,1104.800000,1107.500000,1089.800000,1102.700000,0.0000
1264118400,1091.400000,1095.400000,1083.000000,1089.200000,0.0000
1264377600,1100.400000,1100.400000,1095.200000,1095.200000,0.0000
1264464000,1094.700000,1097.900000,1093.000000,1097.900000,0.0000
1264550400,1094.400000,1094.400000,1084.400000,1084.400000,0.0000
1264636800,1087.800000,1095.700000,1073.200000,1083.600000,0.0000
1264723200,1085.000000,1090.800000,1074.500000,1083.000000,0.0000
1264982400,1081.000000,1107.300000,1076.800000,1104.300000,0.0000
1265068800,1106.800000,1118.500000,1100.200000,1117.400000,0.0000
1265155200,1115.800000,1124.900000,1108.600000,1111.400000,0.0000
1265241600,1110.000000,1110.700000,1059.000000,1062.400000,0.0000
1265328000,1068.300000,1068.500000,1045.200000,1052.200000,0.0000
1265587200,1067.500000,1073.400000,1061.600000,1065.700000,0.0000
1265673600,1063.400000,1082.000000,1063.100000,1076.700000,0.0000
1265760000,1078.000000,1081.100000,1063.300000,1075.800000,0.0000
1265846400,1076.800000,1097.100000,1075.600000,1094.200000,0.0000
1265932800,1089.600000,1092.000000,1079.800000,1089.500000,0.0000
1266278400,1094.800000,1120.400000,1092.400000,1119.300000,0.0000
1266364800,1116.400000,1127.000000,1108.500000,1119.500000,0.0000
1266451200,1104.500000,1123.700000,1100.800000,1118.000000,0.0000
1266537600,1107.300000,1126.200000,1099.700000,1121.300000,0.0000
1266796800,1123.400000,1127.400000,1110.000000,1112.600000,0.0000
1266883200,1116.400000,1118.300000,1102.600000,1102.700000,0.0000
1266969600,1106.200000,1106.300000,1091.900000,1096.500000,0.0000
1267056000,1100.600000,1108.200000,1088.700000,1107.800000,0.0000
1267142400,1106.800000,1118.300000,1106.800000,1118.300000,0.0000
1267401600,1119.300000,1121.900000,1113.600000,1117.800000,0.0000
1267488000,1117.700000,1137.400000,1115.700000,1136.900000,0.0000
1267574400,1133.700000,1145.000000,1133.700000,1142.700000,0.0000
1267660800,1134.700000,1139.000000,1128.600000,1132.600000,0.0000
1267747200,1131.300000,1139.700000,1128.000000,1134.800000,0.0000
1268006400,1134.600000,1136.300000,1119.300000,1123.600000,0.0000
1268092800,1123.200000,1124.000000,1113.100000,1122.000000,0.0000
1268179200,1127.100000,1127.100000,1106.900000,1107.800000,0.0000
1268265600,1107.500000,1109.000000,1101.200000,1108.000000,0.0000
1268352000,1117.400000,1117.400000,1099.900000,1101.500000,0.0000
1268611200,1104.200000,1107.100000,1101.400000,1105.100000,0.0000
1268697600,1114.500000,1127.000000,1114.500000,1122.200000,0.0000
1268784000,1127.800000,1131.400000,1118.000000,1124.000000,0.0000
1268870400,1121.100000,1127.800000,1121.100000,1127.400000,0.0000
1268956800,1124.200000,1124.200000,1104.200000,1107.400000,0.0000
1269216000,1102.100000,1102.400000,1094.800000,1099.300000,0.0000
1269302400,1094.800000,1104.700000,1094.800000,1103.500000,0.0000
1269388800,1092.400000,1092.400000,1085.500000,1088.600000,0.0000
1269475200,1092.400000,1092.700000,1085.500000,1092.700000,0.0000
1269561600,1098.400000,1104.200000,1092.300000,1104.200000,0.0000
1269820800,1110.700000,1110.700000,1109.400000,1110.300000,0.0000
1269907200,1109.700000,1112.900000,1101.100000,1104.500000,0.0000
1269993600,1103.100000,1118.700000,1102.000000,1113.300000,0.0000
1270080000,1112.900000,1127.700000,1111.300000,1125.100000,0.0000
1270425600,1122.300000,1133.300000,1119.900000,1132.900000,0.0000
1270512000,1130.800000,1138.500000,1122.700000,1135.100000,0.0000
1270598400,1135.800000,1153.000000,1132.600000,1152.300000,0.0000
1270684800,1146.400000,1152.300000,1144.000000,1152.200000,0.0000
1270771200,1150.700000,1164.800000,1150.500000,1161.100000,0.0000
1271030400,1168.500000,1169.000000,1154.600000,1161.600000,0.0000
1271116800,1155.500000,1157.000000,1145.000000,1152.800000,0.0000
1271203200,1151.200000,1160.600000,1151.200000,1159.000000,0.0000
1271289600,1157.500000,1159.800000,1151.000000,1159.700000,0.0000
1271376000,1159.600000,1160.000000,1130.400000,1136.300000,0.0000
1271635200,1133.900000,1137.100000,1124.000000,1135.200000,0.0000
1271721600,1136.400000,1145.800000,1136.000000,1138.600000,0.0000
1271808000,1142.600000,1150.000000,1138.400000,1148.200000,0.0000
1271894400,1144.000000,1144.000000,1133.600000,1142.300000,0.0000
1271980800,1139.500000,1154.600000,1139.100000,1153.100000,0.0000
1272240000,1160.100000,1160.100000,1151.400000,1153.500000,0.0000
1272326400,1152.800000,1170.700000,1148.600000,1161.700000,0.0000
1272412800,1166.200000,1173.900000,1161.100000,1171.300000,0.0000
1272499200,1166.800000,1171.200000,1164.000000,1168.400000,0.0000
1272585600,1170.000000,1181.300000,1170.000000,1180.100000,0.0000
1272844800,1178.600000,1187.500000,1177.300000,1182.700000,0.0000
1272931200,1181.000000,1191.800000,1168.300000,1168.600000,0.0000
1273017600,1167.500000,1177.200000,1159.200000,1174.600000,0.0000
1273104000,1175.900000,1210.600000,1175.900000,1196.900000,0.0000
1273190400,1205.000000,1210.800000,1194.600000,1210.000000,0.0000
1273449600,1202.000000,1203.800000,1189.200000,1200.400000,0.0000
1273536000,1204.200000,1233.500000,1201.500000,1219.900000,0.0000
1273622400,1230.600000,1246.500000,1227.100000,1242.700000,0.0000
1273708800,1235.300000,1240.000000,1228.700000,1228.800000,0.0000
1273795200,1236.200000,1246.200000,1217.500000,1227.400000,0.0000
1274054400,1233.300000,1235.900000,1225.200000,1227.700000,0.0000
1274140800,1214.100000,1216.800000,1208.200000,1214.300000,0.0000
1274227200,1224.100000,1226.800000,1191.200000,1192.600000,0.0000
1274313600,1179.500000,1191.800000,1179.400000,1187.800000,0.0000
1274400000,1182.400000,1182.400000,1175.700000,1175.700000,0.0000
1274659200,1184.000000,1193.800000,1184.000000,1193.800000,0.0000
1274745600,1195.600000,1200.000000,1192.100000,1197.800000,0.0000
1274832000,1213.300000,1213.300000,1213.300000,1213.300000,0.0000
1274918400,1211.700000,1218.500000,1205.400000,1211.900000,0.0000
1275004800,1210.400000,1214.800000,1201.100000,1212.200000,0.0000
1275350400,1217.000000,1228.200000,1209.300000,1224.800000,0.0000
1275436800,1224.900000,1226.200000,1213.000000,1220.600000,0.0000
1275523200,1223.700000,1224.200000,1201.000000,1208.300000,0.0000
1275609600,1207.600000,1220.400000,1196.900000,1216.200000,0.0000
1275868800,1220.400000,1244.700000,1211.000000,1239.300000,0.0000
1275955200,1241.500000,1252.100000,1234.100000,1244.000000,0.0000
1276041600,1237.000000,1238.200000,1222.000000,1228.500000,0.0000
1276128000,1232.800000,1233.500000,1215.100000,1220.800000,0.0000
1276214400,1219.500000,1229.600000,1218.000000,1228.900000,0.0000
1276473600,1230.200000,1232.700000,1217.700000,1223.300000,0.0000
1276560000,1222.600000,1236.000000,1222.400000,1233.200000,0.0000
1276646400,1232.000000,1237.600000,1228.500000,1229.300000,0.0000
1276732800,1233.900000,1251.100000,1233.900000,1247.500000,0.0000
1276819200,1247.700000,1261.500000,1242.900000,1257.200000,0.0000
1277078400,1257.400000,1264.800000,1232.000000,1239.700000,0.0000
1277164800,1239.500000,1242.800000,1232.100000,1239.900000,0.0000
1277251200,1240.200000,1245.100000,1226.900000,1234.100000,0.0000
1277337600,1236.400000,1248.100000,1230.700000,1245.500000,0.0000
1277424000,1246.700000,1256.900000,1243.700000,1255.800000,0.0000
1277683200,1254.500000,1262.000000,1238.000000,1238.200000,0.0000
1277769600,1239.400000,1245.000000,1228.500000,1242.000000,0.0000
1277856000,1244.200000,1246.200000,1236.700000,1245.500000,0.0000
1277942400,1241.700000,1242.400000,1204.200000,1206.300000,0.0000
1278028800,1201.400000,1211.600000,1200.800000,1207.400000,0.0000
1278374400,1207.300000,1211.800000,1190.500000,1194.800000,0.0000
1278460800,1185.800000,1198.700000,1185.300000,1198.600000,0.0000
1278547200,1203.300000,1203.300000,1189.300000,1195.800000,0.0000
1278633600,1199.200000,1213.000000,1195.000000,1209.600000,0.0000
1278892800,1206.200000,1206.200000,1198.500000,1198.500000,0.0000
1278979200,1205.200000,1217.400000,1205.200000,1213.300000,0.0000
1279065600,1212.000000,1213.800000,1202.400000,1206.800000,0.0000
1279152000,1213.200000,1213.200000,1208.100000,1208.100000,0.0000
1279238400,1200.900000,1201.000000,1186.700000,1188.000000,0.0000
1279497600,1182.200000,1182.200000,1180.000000,1181.700000,0.0000
1279584000,1183.200000,1191.600000,1181.500000,1191.500000,0.0000
1279670400,1190.700000,1194.500000,1184.100000,1191.600000,0.0000
1279756800,1194.400000,1196.000000,1194.400000,1195.500000,0.0000
1279843200,1193.700000,1198.600000,1187.700000,1187.700000,0.0000
1280102400,1192.600000,1192.600000,1182.200000,1183.000000,0.0000
1280188800,1174.000000,1174.200000,1158.000000,1158.000000,0.0000
1280275200,1159.800000,1160.400000,1159.800000,1160.400000,0.0000
1280361600,1163.800000,1169.200000,1158.700000,1168.400000,0.0000
1280448000,1168.200000,1183.100000,1165.800000,1181.700000,0.0000
1280707200,1181.800000,1191.800000,1174.700000,1183.400000,0.0000
1280793600,1183.800000,1190.500000,1180.000000,1185.200000,0.0000
1280880000,1186.300000,1203.000000,1186.300000,1193.700000,0.0000
1280966400,1194.300000,1199.500000,1190.000000,1197.200000,0.0000
1281052800,1195.400000,1211.000000,1195.300000,1203.400000,0.0000
1281312000,1205.800000,1209.600000,1199.800000,1200.700000,0.0000
1281398400,1200.500000,1206.500000,1191.000000,1196.200000,0.0000
1281484800,1202.800000,1208.000000,1193.000000,1197.500000,0.0000
1281571200,1200.500000,1215.500000,1199.000000,1214.800000,0.0000
1281657600,1212.800000,1216.000000,1212.500000,1214.900000,0.0000
1281916800,1218.000000,1225.400000,1218.000000,1224.500000,0.0000
1282003200,1227.400000,1227.400000,1224.000000,1226.600000,0.0000
1282089600,1226.000000,1231.600000,1218.000000,1229.700000,0.0000
1282176000,1229.600000,1237.600000,1228.800000,1233.800000,0.0000
1282262400,1232.500000,1232.800000,1223.000000,1227.200000,0.0000
1282521600,1228.900000,1228.900000,1222.900000,1226.900000,0.0000
1282608000,1223.000000,1234.000000,1211.500000,1231.800000,0.0000
1282694400,1230.700000,1240.700000,1230.700000,1239.500000,0.0000
1282780800,1240.900000,1243.300000,1235.000000,1235.400000,0.0000
1282867200,1235.700000,1241.900000,1234.800000,1236.000000,0.0000
1283126400,1237.100000,1237.900000,1234.000000,1237.100000,0.0000
1283212800,1237.100000,1249.400000,1233.000000,1248.300000,0.0000
1283299200,1252.300000,1254.300000,1243.600000,1246.300000,0.0000
1283385600,1247.100000,1252.500000,1246.900000,1251.500000,0.0000
1283472000,1240.000000,1249.200000,1240.000000,1249.200000,0.0000
1283817600,1256.100000,1258.000000,1248.900000,1257.300000,0.0000
1283904000,1260.200000,1260.200000,1254.700000,1255.600000,0.0000
1283990400,1253.900000,1256.400000,1244.100000,1248.900000,0.0000
1284076800,1239.000000,1249.600000,1239.000000,1244.500000,0.0000
1284336000,1242.600000,1247.000000,1242.600000,1245.100000,0.0000
1284422400,1253.800000,1272.400000,1253.400000,1269.700000,0.0000
1284508800,1268.400000,1269.800000,1263.500000,1266.700000,0.0000
1284595200,1268.700000,1275.200000,1266.600000,1271.900000,0.0000
1284681600,1275.800000,1279.600000,1273.800000,1275.600000,0.0000
1284940800,1281.700000,1282.000000,1279.000000,1279.000000,0.0000
1285027200,1278.200000,1289.800000,1271.800000,1272.400000,0.0000
1285113600,1293.500000,1294.500000,1288.500000,1290.200000,0.0000
1285200000,1289.400000,1294.300000,1289.400000,1294.300000,0.0000
1285286400,1296.800000,1297.400000,1294.200000,1296.000000,0.0000
1285545600,1297.800000,1297.900000,1296.300000,1296.700000,0.0000
1285632000,1287.500000,1308.600000,1287.500000,1306.600000,0.0000
1285718400,1309.400000,1312.500000,1305.000000,1308.500000,0.0000
1285804800,1307.200000,1315.200000,1295.700000,1307.800000,0.0000
1285891200,1309.000000,1320.000000,1309.000000,1316.100000,0.0000
1286150400,1318.300000,1319.100000,1312.000000,1315.400000,0.0000
1286236800,1312.900000,1341.100000,1312.900000,1338.900000,0.0000
1286323200,1339.100000,1349.000000,1339.000000,1346.400000,0.0000
1286409600,1347.900000,1363.200000,1325.700000,1333.900000,0.0000
1286496000,1333.500000,1348.400000,1325.000000,1344.200000,0.0000
1286755200,1346.700000,1353.700000,1344.000000,1353.300000,0.0000
1286841600,1346.900000,1352.200000,1343.600000,1345.700000,0.0000
1286928000,1356.400000,1374.000000,1355.100000,1369.500000,0.0000
1287014400,1372.800000,1383.900000,1371.300000,1376.700000,0.0000
1287100800,1379.200000,1382.400000,1364.700000,1371.100000,0.0000
1287360000,1358.000000,1372.600000,1358.000000,1371.200000,0.0000
1287446400,1366.800000,1370.500000,1328.500000,1335.100000,0.0000
1287532800,1336.000000,1345.800000,1334.200000,1343.300000,0.0000
1287619200,1344.200000,1346.200000,1317.500000,1324.700000,0.0000
1287705600,1326.700000,1328.100000,1319.000000,1324.400000,0.0000
1287964800,1333.600000,1349.100000,1333.100000,1338.300000,0.0000
1288051200,1341.200000,1341.200000,1328.300000,1338.000000,0.0000
1288137600,1341.000000,1341.800000,1321.100000,1322.200000,0.0000
1288224000,1327.900000,1343.600000,1325.900000,1342.100000,0.0000
1288310400,1340.200000,1358.700000,1336.800000,1357.100000,0.0000
1288569600,1360.300000,1360.300000,1350.200000,1350.200000,0.0000
1288656000,1356.800000,1356.800000,1355.500000,1356.400000,0.0000
1288742400,1351.400000,1359.200000,1327.500000,1337.100000,0.0000
1288828800,1368.600000,1392.500000,1368.600000,1382.700000,0.0000
1288915200,1390.700000,1398.000000,1378.200000,1397.300000,0.0000
1289174400,1390.500000,1409.200000,1387.100000,1402.800000,0.0000
1289260800,1405.200000,1423.200000,1382.900000,1409.800000,0.0000
1289347200,1395.200000,1408.100000,1384.000000,1399.100000,0.0000
1289433600,1400.700000,1413.500000,1397.300000,1403.100000,0.0000
1289520000,1407.900000,1407.900000,1360.100000,1365.400000,0.0000
1289779200,1363.700000,1372.600000,1355.300000,1368.400000,0.0000
1289865600,1356.500000,1358.200000,1329.500000,1338.300000,0.0000
1289952000,1336.900000,1341.800000,1331.300000,1336.800000,0.0000
1290038400,1349.500000,1353.200000,1347.700000,1352.900000,0.0000
1290124800,1350.700000,1352.200000,1344.500000,1352.200000,0.0000
1290384000,1357.700000,1357.700000,1357.700000,1357.700000,0.0000
1290470400,1369.400000,1377.500000,1364.500000,1377.500000,0.0000
1290556800,1377.800000,1377.800000,1372.900000,1372.900000,0.0000
1290729600,1372.100000,1372.100000,1362.300000,1362.300000,0.0000
1290988800,1364.000000,1369.300000,1352.600000,1366.000000,0.0000
1291075200,1366.700000,1390.100000,1362.800000,1385.000000,0.0000
1291161600,1386.800000,1396.600000,1382.300000,1387.300000,0.0000
1291248000,1387.600000,1398.600000,1383.300000,1388.500000,0.0000
1291334400,1385.100000,1415.100000,1385.100000,1405.400000,0.0000
1291593600,1414.000000,1428.400000,1410.000000,1415.300000,0.0000
1291680000,1424.500000,1431.100000,1398.000000,1408.300000,0.0000
1291766400,1402.500000,1403.800000,1372.000000,1382.500000,0.0000
1291852800,1380.600000,1394.200000,1380.500000,1392.100000,0.0000
1291939200,1388.900000,1392.000000,1373.100000,1384.300000,0.0000
1292198400,1384.500000,1399.200000,1383.600000,1397.300000,0.0000
1292284800,1401.900000,1407.600000,1391.800000,1403.600000,0.0000
1292371200,1394.000000,1394.000000,1379.500000,1385.500000,0.0000
1292457600,1380.900000,1385.000000,1362.500000,1370.400000,0.0000
1292544000,1376.400000,1378.600000,1365.900000,1378.600000,0.0000
1292803200,1379.500000,1386.700000,1376.500000,1385.500000,0.0000
1292889600,1385.800000,1390.000000,1381.500000,1388.200000,0.0000
1292976000,1388.000000,1389.500000,1385.000000,1386.800000,0.0000
1293062400,1388.400000,1388.400000,1373.700000,1380.000000,0.0000
1293408000,1373.500000,1384.200000,1373.500000,1382.400000,0.0000
1293494400,1389.800000,1406.700000,1389.800000,1405.200000,0.0000
1293580800,1403.400000,1413.100000,1402.900000,1413.100000,0.0000
1293667200,1413.800000,1413.800000,1403.100000,1405.600000,0.0000
1293753600,1405.700000,1421.100000,1405.700000,1421.100000,0.0000
1294012800,1415.600000,1423.900000,1413.700000,1422.600000,0.0000
1294099200,1409.600000,1410.900000,1375.800000,1378.500000,0.0000
1294185600,1383.400000,1384.000000,1364.200000,1373.400000,0.0000
1294272000,1374.800000,1376.500000,1368.900000,1371.400000,0.0000
1294358400,1372.700000,1377.200000,1355.500000,1368.500000,0.0000
1294617600,1369.000000,1374.000000,1365.700000,1373.700000,0.0000
1294704000,1375.400000,1384.500000,1373.900000,1384.000000,0.0000
1294790400,1382.600000,1385.700000,1378.000000,1385.700000,0.0000
1294876800,1386.100000,1392.500000,1371.400000,1386.900000,0.0000
1294963200,1375.000000,1376.000000,1356.700000,1360.400000,0.0000
1295308800,1365.100000,1371.000000,1359.200000,1368.100000,0.0000
1295395200,1371.900000,1376.200000,1367.000000,1370.200000,0.0000
1295481600,1367.700000,1367.700000,1345.000000,1346.500000,0.0000
1295568000,1341.700000,1345.600000,1338.600000,1341.000000,0.0000
1295827200,1352.300000,1352.300000,1341.800000,1344.500000,0.0000
1295913600,1330.400000,1332.300000,1323.600000,1332.300000,0.0000
1296000000,1339.800000,1341.700000,1333.000000,1333.000000,0.0000
1296086400,1342.000000,1342.000000,1318.400000,1318.400000,0.0000
1296172800,1314.000000,1346.600000,1307.700000,1340.700000,0.0000
1296432000,1339.000000,1345.900000,1323.300000,1333.800000,0.0000
1296518400,1333.100000,1342.900000,1325.300000,1339.600000,0.0000
1296604800,1344.000000,1344.000000,1327.000000,1331.500000,0.0000
1296691200,1335.600000,1355.800000,1324.900000,1352.300000,0.0000
1296777600,1354.800000,1360.000000,1345.000000,1348.300000,0.0000
1297036800,1345.800000,1353.800000,1343.800000,1347.600000,0.0000
1297123200,1351.200000,1367.000000,1350.000000,1363.400000,0.0000
1297209600,1362.800000,1366.500000,1359.600000,1364.800000,0.0000
1297296000,1364.300000,1364.500000,1351.700000,1361.900000,0.0000
1297382400,1364.000000,1368.800000,1355.200000,1359.900000,0.0000
1297641600,1357.800000,1365.600000,1356.600000,1364.600000,0.0000
1297728000,1361.600000,1376.000000,1361.600000,1373.600000,0.0000
1297814400,1373.600000,1382.000000,1370.500000,1374.700000,0.0000
1297900800,1377.700000,1384.700000,1377.000000,1384.700000,0.0000
1297987200,1384.100000,1391.800000,1381.800000,1388.200000,0.0000
1298332800,1395.100000,1408.700000,1395.100000,1400.500000,0.0000
1298419200,1397.800000,1413.800000,1397.800000,1413.400000,0.0000
1298505600,1415.100000,1415.300000,1408.300000,1415.300000,0.0000
1298592000,1401.700000,1411.000000,1401.000000,1408.700000,0.0000
1298851200,1410.700000,1415.700000,1407.700000,1409.300000,0.0000
1298937600,1415.300000,1434.400000,1415.300000,1430.700000,0.0000
1299024000,1432.500000,1440.500000,1428.800000,1437.200000,0.0000
1299110400,1432.300000,1432.300000,1415.900000,1416.000000,0.0000
1299196800,1418.900000,1429.800000,1416.800000,1428.200000,0.0000
1299456000,1434.500000,1445.000000,1429.500000,1434.100000,0.0000
1299542400,1431.600000,1432.600000,1424.300000,1426.900000,0.0000
1299628800,1430.000000,1435.700000,1426.100000,1429.300000,0.0000
1299715200,1429.500000,1429.800000,1403.800000,1412.200000,0.0000
1299801600,1413.700000,1422.600000,1404.900000,1421.500000,0.0000
1300060800,1420.000000,1427.700000,1420.000000,1424.600000,0.0000
1300147200,1413.300000,1413.300000,1385.500000,1392.600000,0.0000
1300233600,1398.000000,1404.200000,1394.300000,1396.000000,0.0000
1300320000,1387.700000,1404.000000,1387.700000,1404.000000,0.0000
1300406400,1406.400000,1419.300000,1406.400000,1415.900000,0.0000
1300665600,1433.500000,1433.500000,1426.200000,1426.200000,0.0000
1300752000,1430.400000,1430.400000,1427.500000,1427.500000,0.0000
1300838400,1432.200000,1439.700000,1432.200000,1437.900000,0.0000
1300924800,1437.700000,1446.900000,1434.800000,1434.800000,0.0000
1301011200,1436.000000,1436.000000,1426.100000,1426.100000,0.0000
1301270400,1413.200000,1419.800000,1413.200000,1419.800000,0.0000
1301356800,1416.000000,1416.000000,1416.000000,1416.000000,0.0000
1301443200,1418.700000,1430.300000,1412.000000,1423.800000,0.0000
1301529600,1423.300000,1440.000000,1420.700000,1438.900000,0.0000
1301616000,1433.400000,1436.500000,1413.000000,1428.100000,0.0000
1301875200,1429.100000,1439.100000,1428.800000,1432.200000,0.0000
1301961600,1437.900000,1457.600000,1430.300000,1451.800000,0.0000
1302048000,1456.900000,1462.300000,1452.000000,1457.700000,0.0000
1302134400,1459.700000,1462.700000,1453.900000,1458.500000,0.0000
1302220800,1457.600000,1475.500000,1457.500000,1473.400000,0.0000
1302480000,1476.000000,1476.000000,1459.700000,1467.400000,0.0000
1302566400,1461.800000,1467.200000,1444.400000,1452.900000,0.0000
1302652800,1455.000000,1462.000000,1454.000000,1454.900000,0.0000
1302739200,1456.800000,1476.000000,1452.700000,1471.700000,0.0000
1302825600,1477.600000,1487.500000,1473.200000,1485.300000,0.0000
1303084800,1486.300000,1497.300000,1477.500000,1492.300000,0.0000
1303171200,1493.300000,1499.500000,1489.000000,1494.500000,0.0000
1303257600,1494.000000,1505.300000,1494.000000,1498.300000,0.0000
1303344000,1503.700000,1508.300000,1501.700000,1503.200000,0.0000
1303689600,1513.300000,1518.000000,1502.800000,1508.600000,0.0000
1303776000,1501.500000,1506.300000,1495.000000,1503.000000,0.0000
1303862400,1507.100000,1516.700000,1505.200000,1516.700000,0.0000
1303948800,1528.600000,1536.000000,1526.600000,1530.800000,0.0000
1304035200,1538.700000,1568.700000,1537.300000,1556.000000,0.0000
1304294400,1572.900000,1576.600000,1543.100000,1556.700000,0.0000
1304380800,1542.500000,1547.000000,1527.500000,1540.100000,0.0000
1304467200,1535.000000,1539.000000,1506.200000,1514.900000,0.0000
1304553600,1514.700000,1520.700000,1471.000000,1480.900000,0.0000
1304640000,1473.200000,1494.800000,1472.300000,1491.200000,0.0000
1304899200,1501.500000,1512.800000,1501.300000,1502.900000,0.0000
1304985600,1508.400000,1516.900000,1508.400000,1516.600000,0.0000
1305072000,1524.000000,1524.100000,1495.200000,1501.100000,0.0000
1305158400,1492.100000,1506.600000,1484.800000,1506.600000,0.0000
1305244800,1503.500000,1511.300000,1490.200000,1493.400000,0.0000
1305504000,1489.300000,1494.900000,1489.300000,1490.400000,0.0000
1305590400,1489.800000,1491.800000,1473.000000,1479.800000,0.0000
1305676800,1496.400000,1497.000000,1495.600000,1495.600000,0.0000
1305763200,1491.500000,1492.200000,1491.500000,1492.200000,0.0000
1305849600,1499.000000,1513.300000,1488.700000,1508.800000,0.0000
1306108800,1510.500000,1515.300000,1507.000000,1515.300000,0.0000
1306195200,1527.100000,1527.100000,1521.900000,1523.200000,0.0000
1306281600,1526.400000,1527.500000,1526.100000,1526.600000,0.0000
1306368000,1521.200000,1522.800000,1519.500000,1522.800000,0.0000
1306454400,1519.400000,1538.500000,1518.400000,1536.300000,0.0000
1306800000,1536.700000,1541.100000,1532.400000,1535.900000,0.0000
1306886400,1535.700000,1550.600000,1529.700000,1542.400000,0.0000
1306972800,1541.300000,1544.500000,1520.000000,1532.000000,0.0000
1307059200,1534.700000,1546.300000,1525.000000,1541.700000,0.0000
1307318400,1542.900000,1553.900000,1542.000000,1546.500000,0.0000
1307404800,1545.000000,1549.900000,1537.200000,1543.300000,0.0000
1307491200,1544.200000,1544.200000,1531.300000,1538.100000,0.0000
1307577600,1536.100000,1548.800000,1534.400000,1542.100000,0.0000
1307664000,1543.700000,1543.900000,1526.400000,1528.600000,0.0000
1307923200,1528.100000,1533.000000,1511.300000,1515.000000,0.0000
1308009600,1517.200000,1526.200000,1513.100000,1523.800000,0.0000
1308096000,1525.000000,1533.400000,1515.000000,1525.600000,0.0000
1308182400,1526.000000,1531.200000,1522.000000,1529.300000,0.0000
1308268800,1523.000000,1541.600000,1523.000000,1538.600000,0.0000
1308528000,1536.000000,1545.700000,1535.200000,1541.500000,0.0000
1308614400,1540.100000,1547.500000,1540.000000,1546.000000,0.0000
1308700800,1547.200000,1558.500000,1544.400000,1552.900000,0.0000
1308787200,1547.200000,1547.200000,1514.700000,1520.100000,0.0000
1308873600,1524.700000,1525.000000,1498.500000,1500.500000,0.0000
1309132800,1503.500000,1503.500000,1490.700000,1496.000000,0.0000
1309219200,1499.900000,1505.000000,1496.100000,1499.700000,0.0000
1309305600,1504.100000,1512.200000,1504.100000,1509.900000,0.0000
1309392000,1511.500000,1514.000000,1498.800000,1502.300000,0.0000
1309478400,1502.200000,1502.200000,1480.000000,1482.300000,0.0000
1309824000,1490.400000,1515.000000,1490.300000,1512.300000,0.0000
1309910400,1513.700000,1532.800000,1510.300000,1528.700000,0.0000
1309996800,1529.100000,1533.100000,1522.700000,1530.200000,0.0000
1310083200,1527.000000,1542.600000,1526.600000,1541.200000,0.0000
1310342400,1550.000000,1555.200000,1543.100000,1548.800000,0.0000
1310428800,1548.200000,1565.000000,1542.000000,1561.900000,0.0000
1310515200,1574.000000,1585.600000,1570.800000,1585.200000,0.0000
1310601600,1586.300000,1592.800000,1583.600000,1589.000000,0.0000
1310688000,1582.300000,1592.200000,1582.300000,1589.800000,0.0000
1310947200,1592.800000,1605.000000,1592.800000,1602.100000,0.0000
1311033600,1608.100000,1608.800000,1583.300000,1600.900000,0.0000
1311120000,1584.300000,1596.700000,1582.400000,1596.700000,0.0000
1311206400,1598.000000,1601.600000,1586.600000,1586.800000,0.0000
1311292800,1588.500000,1606.500000,1588.500000,1601.300000,0.0000
1311552000,1610.000000,1619.400000,1610.000000,1612.000000,0.0000
1311638400,1609.800000,1618.500000,1609.800000,1616.600000,0.0000
1311724800,1619.700000,1622.500000,1615.000000,1615.000000,0.0000
1311811200,1614.200000,1620.600000,1602.800000,1613.400000,0.0000
1311897600,1617.100000,1634.900000,1610.600000,1628.300000,0.0000
1312156800,1623.000000,1631.800000,1607.000000,1619.000000,0.0000
1312243200,1619.300000,1660.600000,1616.800000,1641.900000,0.0000
1312329600,1659.900000,1672.300000,1651.600000,1663.400000,0.0000
1312416000,1660.500000,1681.800000,1640.000000,1656.200000,0.0000
1312502400,1647.500000,1666.100000,1642.600000,1648.800000,0.0000
1312761600,1679.100000,1720.000000,1678.100000,1710.200000,0.0000
1312848000,1722.500000,1779.000000,1720.100000,1740.000000,0.0000
1312934400,1744.000000,1795.600000,1741.300000,1781.300000,0.0000
1313020800,1795.100000,1813.500000,1733.000000,1748.800000,0.0000
1313107200,1760.600000,1764.200000,1723.800000,1740.200000,0.0000
1313366400,1734.900000,1765.200000,1730.500000,1755.500000,0.0000
1313452800,1769.000000,1787.300000,1761.600000,1782.400000,0.0000
1313539200,1784.800000,1794.300000,1782.000000,1791.200000,0.0000
1313625600,1786.500000,1828.500000,1785.500000,1818.900000,0.0000
1313712000,1823.700000,1874.400000,1823.700000,1848.900000,0.0000
1313971200,1868.600000,1895.000000,1858.400000,1888.700000,0.0000
1314057600,1909.000000,1909.300000,1824.600000,1858.300000,0.0000
1314144000,1833.000000,1853.100000,1753.100000,1754.100000,0.0000
1314230400,1748.400000,1772.500000,1707.300000,1759.800000,0.0000
1314316800,1768.500000,1829.300000,1768.500000,1794.100000,0.0000
1314576000,1817.900000,1817.900000,1786.700000,1788.400000,0.0000
1314662400,1787.200000,1839.600000,1783.100000,1826.700000,0.0000
1314748800,1830.600000,1837.900000,1811.400000,1828.500000,0.0000
1314835200,1825.800000,1829.500000,1814.100000,1826.000000,0.0000
1314921600,1828.600000,1884.200000,1828.600000,1873.700000,0.0000
1315267200,1886.300000,1911.600000,1864.000000,1869.900000,0.0000
1315353600,1868.900000,1873.700000,1792.800000,1814.200000,0.0000
1315440000,1839.300000,1870.000000,1835.000000,1854.400000,0.0000
1315526400,1858.100000,1881.300000,1830.000000,1856.400000,0.0000
1315785600,1852.400000,1852.400000,1806.000000,1809.900000,0.0000
1315872000,1817.800000,1835.300000,1808.100000,1826.800000,0.0000
1315958400,1843.000000,1843.000000,1809.000000,1823.500000,0.0000
1316044800,1816.300000,1816.300000,1775.800000,1778.500000,0.0000
1316131200,1768.500000,1819.100000,1768.500000,1812.100000,0.0000
1316390400,1814.700000,1818.900000,1776.400000,1776.400000,0.0000
1316476800,1778.800000,1807.800000,1776.000000,1806.600000,0.0000
1316563200,1808.000000,1812.000000,1782.800000,1805.500000,0.0000
1316649600,1773.200000,1773.200000,1730.900000,1739.200000,0.0000
1316736000,1737.300000,1737.300000,1636.300000,1637.500000,0.0000
1316995200,1646.400000,1661.800000,1562.400000,1592.500000,0.0000
1317081600,1653.800000,1665.400000,1650.600000,1650.600000,0.0000
1317168000,1650.000000,1650.000000,1616.300000,1616.300000,0.0000
1317254400,1604.000000,1633.800000,1585.000000,1615.500000,0.0000
1317340800,1620.800000,1639.400000,1609.400000,1620.400000,0.0000
1317600000,1627.800000,1660.800000,1627.600000,1656.000000,0.0000
1317686400,1661.000000,1678.100000,1596.600000,1614.700000,0.0000
1317772800,1629.300000,1644.700000,1599.600000,1640.300000,0.0000
1317859200,1642.600000,1654.700000,1637.600000,1651.900000,0.0000
1317945600,1657.000000,1665.000000,1626.200000,1634.500000,0.0000
1318204800,1645.600000,1676.800000,1645.600000,1669.600000,0.0000
1318291200,1685.000000,1685.000000,1657.600000,1659.700000,0.0000
1318377600,1667.100000,1691.000000,1665.900000,1681.300000,0.0000
1318464000,1676.100000,1678.800000,1656.200000,1667.300000,0.0000
1318550400,1665.800000,1683.300000,1665.800000,1681.800000,0.0000
1318809600,1683.600000,1693.500000,1667.300000,1675.500000,0.0000
1318896000,1666.000000,1666.000000,1627.500000,1651.700000,0.0000
1318982400,1659.300000,1659.300000,1641.000000,1646.000000,0.0000
1319068800,1643.200000,1643.800000,1608.700000,1611.900000,0.0000
1319155200,1626.100000,1647.400000,1626.100000,1635.100000,0.0000
1319414400,1646.200000,1657.800000,1638.800000,1651.500000,0.0000
1319500800,1645.000000,1706.800000,1645.000000,1699.600000,0.0000
1319587200,1717.000000,1723.600000,1708.900000,1722.700000,0.0000
1319673600,1717.800000,1746.700000,1717.800000,1746.700000,0.0000
1319760000,1752.000000,1752.000000,1733.000000,1746.200000,0.0000
1320019200,1741.900000,1741.900000,1716.000000,1724.200000,0.0000
1320105600,1706.700000,1720.100000,1682.500000,1711.000000,0.0000
1320192000,1724.300000,1741.400000,1723.200000,1728.700000,0.0000
1320278400,1740.500000,1766.000000,1726.600000,1764.200000,0.0000
1320364800,1757.000000,1761.200000,1754.900000,1755.300000,0.0000
1320624000,1771.500000,1797.000000,1768.700000,1790.300000,0.0000
1320710400,1785.700000,1798.400000,1785.700000,1798.400000,0.0000
1320796800,1793.000000,1793.000000,1774.200000,1790.900000,0.0000
1320883200,1766.800000,1766.800000,1754.800000,1758.900000,0.0000
1320969600,1777.000000,1789.500000,1777.000000,1787.500000,0.0000
1321228800,1779.000000,1779.000000,1777.800000,1777.800000,0.0000
1321315200,1779.200000,1783.100000,1761.300000,1781.700000,0.0000
1321401600,1777.500000,1777.500000,1757.700000,1773.800000,0.0000
1321488000,1755.300000,1755.300000,1714.000000,1719.800000,0.0000
1321574400,1725.000000,1736.000000,1719.000000,1724.700000,0.0000
1321833600,1704.600000,1704.600000,1674.400000,1678.300000,0.0000
1321920000,1675.400000,1702.200000,1675.400000,1702.200000,0.0000
1322006400,1691.200000,1700.000000,1681.600000,1695.700000,0.0000
1322179200,1690.100000,1693.500000,1675.300000,1685.500000,0.0000
1322438400,1710.800000,1710.800000,1710.800000,1710.800000,0.0000
1322524800,1711.300000,1718.400000,1704.000000,1713.400000,0.0000
1322611200,1714.000000,1749.200000,1699.900000,1745.500000,0.0000
1322697600,1747.000000,1753.300000,1734.500000,1735.300000,0.0000
1322784000,1744.800000,1762.900000,1741.600000,1747.000000,0.0000
1323043200,1748.900000,1752.600000,1718.700000,1730.700000,0.0000
1323129600,1722.100000,1731.800000,1703.000000,1727.900000,0.0000
1323216000,1730.600000,1741.900000,1720.000000,1740.900000,0.0000
1323302400,1742.000000,1752.300000,1705.400000,1709.800000,0.0000
1323388800,1713.300000,1720.700000,1705.700000,1712.800000,0.0000
1323648000,1707.500000,1708.200000,1658.500000,1664.200000,0.0000
1323734400,1654.700000,1671.800000,1628.000000,1659.900000,0.0000
1323820800,1636.500000,1639.500000,1565.800000,1584.300000,0.0000
1323907200,1571.400000,1592.800000,1565.600000,1574.600000,0.0000
1323993600,1587.400000,1595.900000,1586.000000,1595.600000,0.0000
1324252800,1596.400000,1603.400000,1589.700000,1594.400000,0.0000
1324339200,1596.400000,1617.000000,1596.400000,1615.600000,0.0000
1324425600,1615.600000,1635.000000,1608.300000,1611.900000,0.0000
1324512000,1608.800000,1610.000000,1601.900000,1608.900000,0.0000
1324598400,1612.000000,1612.800000,1604.700000,1604.700000,0.0000
1324944000,1599.000000,1599.000000,1592.600000,1594.200000,0.0000
1325030400,1584.900000,1588.600000,1561.300000,1562.900000,0.0000
1325116800,1559.300000,1559.300000,1525.000000,1539.900000,0.0000
1325203200,1549.400000,1579.500000,1547.900000,1565.800000,0.0000
1325548800,1568.900000,1604.300000,1566.000000,1599.700000,0.0000
1325635200,1596.600000,1618.600000,1594.500000,1611.900000,0.0000
1325721600,1610.800000,1624.100000,1597.800000,1619.400000,0.0000
1325808000,1622.500000,1627.800000,1616.100000,1616.100000,0.0000
1326067200,1614.300000,1620.100000,1607.500000,1607.500000,0.0000
1326153600,1619.900000,1639.000000,1619.900000,1631.000000,0.0000
1326240000,1634.800000,1645.400000,1633.800000,1639.200000,0.0000
1326326400,1645.200000,1656.100000,1645.200000,1647.300000,0.0000
1326412800,1638.900000,1643.400000,1630.400000,1630.400000,0.0000
1326758400,1643.700000,1657.800000,1642.100000,1655.200000,0.0000
1326844800,1654.000000,1660.300000,1654.000000,1659.500000,0.0000
1326931200,1663.000000,1664.400000,1653.500000,1654.100000,0.0000
1327017600,1652.800000,1664.300000,1652.800000,1663.700000,0.0000
1327276800,1676.900000,1680.000000,1669.900000,1678.000000,0.0000
1327363200,1666.900000,1668.200000,1664.200000,1664.200000,0.0000
1327449600,1673.000000,1706.200000,1658.300000,1699.800000,0.0000
1327536000,1729.000000,1729.000000,1721.000000,1726.300000,0.0000
1327622400,1727.000000,1734.100000,1724.400000,1731.800000,0.0000
1327881600,1737.200000,1739.900000,1715.700000,1731.000000,0.0000
1327968000,1731.700000,1747.700000,1725.000000,1737.800000,0.0000
1328054400,1738.200000,1751.100000,1734.000000,1747.100000,0.0000
1328140800,1745.100000,1761.100000,1742.900000,1756.800000,0.0000
1328227200,1758.700000,1761.300000,1724.500000,1737.900000,0.0000
1328486400,1728.000000,1738.300000,1713.300000,1722.800000,0.0000
1328572800,1722.000000,1748.000000,1713.200000,1746.400000,0.0000
1328659200,1744.000000,1751.500000,1728.200000,1729.300000,0.0000
1328745600,1731.400000,1749.700000,1726.100000,1739.000000,0.0000
1328832000,1732.700000,1734.400000,1706.400000,1723.300000,0.0000
1329091200,1725.000000,1733.000000,1718.400000,1723.000000,0.0000
1329177600,1720.000000,1724.900000,1715.000000,1715.900000,0.0000
1329264000,1723.600000,1737.000000,1723.600000,1726.300000,0.0000
1329350400,1718.400000,1728.400000,1707.000000,1726.800000,0.0000
1329436800,1733.600000,1735.100000,1718.800000,1724.500000,0.0000
1329782400,1736.100000,1760.000000,1733.600000,1757.100000,0.0000
1329868800,1758.700000,1781.900000,1750.000000,1770.000000,0.0000
1329955200,1774.000000,1786.000000,1773.000000,1784.900000,0.0000
1330041600,1778.500000,1780.700000,1771.300000,1775.100000,0.0000
1330300800,1773.600000,1775.600000,1768.100000,1773.600000,0.0000
1330387200,1767.900000,1789.400000,1767.900000,1787.000000,0.0000
1330473600,1789.900000,1790.400000,1669.000000,1709.900000,0.0000
1330560000,1698.600000,1724.600000,1698.600000,1721.100000,0.0000
1330646400,1723.000000,1723.000000,1705.200000,1708.800000,0.0000
1330905600,1705.500000,1709.500000,1695.400000,1703.000000,0.0000
1330992000,1708.700000,1708.700000,1666.000000,1671.400000,0.0000
1331078400,1676.000000,1684.000000,1673.100000,1683.300000,0.0000
1331164800,1686.400000,1702.400000,1686.400000,1698.100000,0.0000
1331251200,1698.800000,1710.900000,1680.700000,1710.900000,0.0000
1331510400,1708.100000,1708.100000,1694.900000,1699.200000,0.0000
1331596800,1698.400000,1701.700000,1685.100000,1693.700000,0.0000
1331683200,1676.900000,1681.000000,1637.400000,1642.500000,0.0000
1331769600,1646.300000,1660.200000,1640.000000,1659.100000,0.0000
1331856000,1660.000000,1663.400000,1641.300000,1655.500000,0.0000
1332115200,1661.200000,1668.000000,1652.100000,1666.900000,0.0000
1332201600,1648.100000,1652.300000,1642.000000,1646.700000,0.0000
1332288000,1657.800000,1660.000000,1646.100000,1650.000000,0.0000
1332374400,1648.000000,1649.400000,1633.800000,1642.300000,0.0000
1332460800,1652.500000,1665.100000,1646.300000,1662.300000,0.0000
1332720000,1665.000000,1692.900000,1657.800000,1685.500000,0.0000
1332806400,1687.800000,1690.800000,1684.400000,1684.800000,0.0000
1332892800,1670.100000,1670.100000,1657.900000,1657.900000,0.0000
1332979200,1661.800000,1664.500000,1644.300000,1652.200000,0.0000
1333065600,1660.600000,1670.000000,1659.000000,1669.300000,0.0000
1333324800,1670.400000,1682.800000,1662.000000,1677.500000,0.0000
1333411200,1677.600000,1679.500000,1638.700000,1670.000000,0.0000
1333497600,1646.500000,1647.000000,1612.300000,1612.300000,0.0000
1333584000,1620.800000,1633.200000,1620.400000,1628.500000,0.0000
1333929600,1645.300000,1646.400000,1636.500000,1642.500000,0.0000
1334016000,1649.000000,1661.700000,1636.200000,1659.500000,0.0000
1334102400,1654.800000,1659.700000,1654.700000,1659.000000,0.0000
1334188800,1660.000000,1680.100000,1650.000000,1679.500000,0.0000
1334275200,1673.300000,1674.800000,1650.000000,1659.100000,0.0000
1334534400,1650.800000,1656.800000,1641.200000,1648.700000,0.0000
1334620800,1652.000000,1653.000000,1637.000000,1650.300000,0.0000
1334707200,1653.200000,1653.300000,1638.100000,1638.800000,0.0000
1334793600,1642.100000,1653.100000,1632.000000,1640.600000,0.0000
1334880000,1641.700000,1645.600000,1640.900000,1642.100000,0.0000
1335139200,1642.400000,1642.400000,1625.100000,1631.900000,0.0000
1335225600,1634.400000,1648.600000,1634.400000,1643.000000,0.0000
1335312000,1641.300000,1643.800000,1626.900000,1641.400000,0.0000
1335398400,1658.300000,1659.600000,1658.300000,1659.600000,0.0000
1335484800,1654.500000,1666.900000,1654.000000,1664.000000,0.0000
1335744000,1663.000000,1665.700000,1653.000000,1663.400000,0.0000
1335830400,1665.000000,1670.500000,1661.700000,1661.700000,0.0000
1335916800,1659.200000,1659.200000,1648.300000,1653.400000,0.0000
1336003200,1651.200000,1652.200000,1631.300000,1634.200000,0.0000
1336089600,1635.700000,1645.600000,1629.400000,1644.700000,0.0000
1336348800,1637.900000,1640.000000,1632.600000,1638.600000,0.0000
1336435200,1636.700000,1636.700000,1596.000000,1604.000000,0.0000
1336521600,1595.300000,1595.300000,1586.300000,1593.700000,0.0000
1336608000,1594.200000,1595.100000,1592.400000,1595.100000,0.0000
1336694400,1586.100000,1589.600000,1583.600000,1583.600000,0.0000
1336953600,1563.000000,1563.100000,1555.500000,1560.600000,0.0000
1337040000,1555.400000,1558.300000,1542.400000,1556.800000,0.0000
1337126400,1541.400000,1541.400000,1528.500000,1536.200000,0.0000
1337212800,1546.900000,1579.000000,1546.900000,1574.500000,0.0000
1337299200,1573.700000,1591.600000,1568.200000,1591.600000,0.0000
1337558400,1591.900000,1594.100000,1588.400000,1588.400000,0.0000
1337644800,1575.700000,1591.100000,1568.400000,1576.300000,0.0000
1337731200,1538.200000,1548.100000,1534.400000,1548.100000,0.0000
1337817600,1559.000000,1569.400000,1551.500000,1557.300000,0.0000
1337904000,1558.200000,1568.800000,1557.300000,1568.800000,0.0000
1338249600,1574.700000,1582.500000,1548.600000,1548.600000,0.0000
1338336000,1553.900000,1569.000000,1530.400000,1563.400000,0.0000
1338422400,1562.700000,1572.600000,1551.800000,1562.600000,0.0000
1338508800,1560.000000,1630.000000,1545.500000,1620.500000,0.0000
1338768000,1623.000000,1627.900000,1609.000000,1612.200000,0.0000
1338854400,1619.300000,1622.700000,1612.900000,1615.200000,0.0000
1338940800,1619.700000,1639.700000,1616.500000,1632.800000,0.0000
1339027200,1622.600000,1627.200000,1581.900000,1586.600000,0.0000
1339113600,1589.900000,1593.900000,1566.500000,1590.100000,0.0000
1339372800,1608.000000,1608.000000,1583.000000,1595.500000,0.0000
1339459200,1594.100000,1612.800000,1588.500000,1612.700000,0.0000
1339545600,1608.200000,1622.400000,1608.200000,1618.100000,0.0000
1339632000,1621.200000,1626.400000,1610.100000,1618.400000,0.0000
1339718400,1624.300000,1630.000000,1621.500000,1627.000000,0.0000
1339977600,1622.600000,1627.600000,1615.000000,1625.700000,0.0000
1340064000,1629.800000,1630.700000,1622.000000,1622.200000,0.0000
1340150400,1618.300000,1618.300000,1598.600000,1614.800000,0.0000
1340236800,1603.200000,1603.300000,1564.500000,1564.500000,0.0000
1340323200,1565.500000,1569.300000,1560.000000,1566.000000,0.0000
1340582400,1574.900000,1587.500000,1571.000000,1587.500000,0.0000
1340668800,1583.500000,1583.500000,1567.700000,1574.000000,0.0000
1340755200,1567.000000,1577.500000,1563.000000,1577.500000,0.0000
1340841600,1573.700000,1573.700000,1548.400000,1549.700000,0.0000
1340928000,1562.600000,1603.500000,1561.900000,1603.500000,0.0000
1341187200,1597.100000,1598.300000,1589.700000,1597.200000,0.0000
1341273600,1603.800000,1624.000000,1603.800000,1621.300000,0.0000
1341446400,1618.500000,1619.200000,1598.000000,1608.900000,0.0000
1341532800,1592.300000,1593.800000,1578.400000,1578.400000,0.0000
1341792000,1582.100000,1588.600000,1580.900000,1588.600000,0.0000
1341878400,1599.200000,1599.800000,1567.600000,1579.300000,0.0000
1341964800,1577.400000,1579.500000,1575.200000,1575.200000,0.0000
1342051200,1569.300000,1574.700000,1557.200000,1564.900000,0.0000
1342137600,1567.800000,1594.100000,1567.800000,1591.600000,0.0000
1342396800,1586.200000,1591.200000,1585.800000,1591.200000,0.0000
1342483200,1596.000000,1596.000000,1576.300000,1589.100000,0.0000
1342569600,1581.200000,1583.700000,1569.900000,1570.400000,0.0000
1342656000,1580.000000,1586.900000,1578.400000,1580.100000,0.0000
1342742400,1583.900000,1584.400000,1576.100000,1582.500000,0.0000
1343001600,1571.700000,1577.100000,1569.800000,1577.100000,0.0000
1343088000,1574.000000,1581.900000,1574.000000,1576.000000,0.0000
1343174400,1583.700000,1608.000000,1583.300000,1608.000000,0.0000
1343260800,1614.900000,1615.000000,1614.100000,1615.000000,0.0000
1343347200,1613.400000,1617.900000,1613.400000,1617.900000,0.0000
1343606400,1622.900000,1625.800000,1613.100000,1619.700000,0.0000
1343692800,1621.100000,1627.500000,1610.000000,1610.500000,0.0000
1343779200,1613.400000,1617.600000,1592.000000,1603.700000,0.0000
1343865600,1600.000000,1615.000000,1583.100000,1587.400000,0.0000
1343952000,1589.300000,1606.000000,1585.100000,1606.000000,0.0000
1344211200,1604.700000,1614.100000,1603.200000,1612.900000,0.0000
1344297600,1610.800000,1615.700000,1609.000000,1609.700000,0.0000
1344384000,1610.200000,1614.800000,1603.000000,1612.900000,0.0000
1344470400,1612.800000,1617.100000,1610.100000,1617.100000,0.0000
1344556800,1615.800000,1624.100000,1605.000000,1619.700000,0.0000
1344816000,1622.000000,1623.700000,1607.300000,1609.600000,0.0000
1344902400,1612.800000,1615.600000,1591.200000,1599.400000,0.0000
1344988800,1593.800000,1604.600000,1592.000000,1603.700000,0.0000
1345075200,1600.200000,1616.100000,1600.200000,1616.100000,0.0000
1345161600,1617.800000,1617.800000,1611.400000,1616.300000,0.0000
1345420800,1614.000000,1621.400000,1611.600000,1620.100000,0.0000
1345507200,1620.000000,1639.900000,1620.000000,1639.900000,0.0000
1345593600,1638.400000,1653.100000,1635.000000,1637.400000,0.0000
1345680000,1659.900000,1672.700000,1658.000000,1669.600000,0.0000
1345766400,1665.800000,1669.800000,1662.200000,1669.800000,0.0000
1346025600,1674.900000,1675.400000,1663.900000,1672.400000,0.0000
1346112000,1659.900000,1671.000000,1659.200000,1666.500000,0.0000
1346198400,1667.200000,1667.300000,1659.800000,1659.800000,0.0000
1346284800,1655.400000,1662.000000,1650.700000,1653.500000,0.0000
1346371200,1658.600000,1690.000000,1646.200000,1684.600000,0.0000
1346716800,1689.100000,1698.000000,1687.700000,1692.900000,0.0000
1346803200,1690.400000,1693.300000,1690.400000,1690.800000,0.0000
1346889600,1696.400000,1712.400000,1696.400000,1702.600000,0.0000
1346976000,1696.700000,1738.200000,1696.700000,1737.500000,0.0000
1347235200,1733.100000,1733.500000,1727.200000,1728.700000,0.0000
1347321600,1736.000000,1736.000000,1731.800000,1731.800000,0.0000
1347408000,1742.200000,1742.300000,1730.500000,1730.600000,0.0000
1347494400,1728.700000,1769.100000,1728.700000,1769.100000,0.0000
1347580800,1771.000000,1774.500000,1766.000000,1769.800000,0.0000
1347840000,1774.800000,1774.800000,1753.800000,1767.700000,0.0000
1347926400,1766.300000,1768.400000,1766.300000,1768.400000,0.0000
1348012800,1776.000000,1778.500000,1768.000000,1769.000000,0.0000
1348099200,1769.100000,1771.300000,1759.700000,1767.700000,0.0000
1348185600,1785.300000,1785.300000,1772.300000,1775.500000,0.0000
1348444800,1762.100000,1762.100000,1762.100000,1762.100000,0.0000
1348531200,1772.600000,1772.700000,1763.800000,1763.800000,0.0000
1348617600,1762.800000,1764.200000,1737.600000,1750.600000,0.0000
1348704000,1752.600000,1780.200000,1750.700000,1777.600000,0.0000
1348790400,1776.800000,1782.200000,1767.500000,1771.100000,0.0000
1349049600,1766.000000,1791.000000,1763.300000,1780.500000,0.0000
1349136000,1777.900000,1779.300000,1772.700000,1772.700000,0.0000
1349222400,1772.200000,1779.900000,1771.900000,1777.300000,0.0000
1349308800,1783.500000,1794.800000,1783.500000,1794.100000,0.0000
1349395200,1792.200000,1792.200000,1776.600000,1778.600000,0.0000
1349654400,1778.000000,1778.000000,1766.800000,1773.500000,0.0000
1349740800,1776.700000,1776.700000,1762.300000,1763.000000,0.0000
1349827200,1762.400000,1764.200000,1758.100000,1763.200000,0.0000
1349913600,1761.600000,1771.000000,1761.600000,1768.800000,0.0000
1350000000,1769.500000,1769.500000,1753.600000,1758.000000,0.0000
1350259200,1750.000000,1750.000000,1729.900000,1736.000000,0.0000
1350345600,1736.700000,1744.700000,1736.600000,1744.700000,0.0000
1350432000,1749.400000,1751.500000,1746.000000,1751.500000,0.0000
1350518400,1749.100000,1749.100000,1740.500000,1743.300000,0.0000
1350604800,1741.100000,1741.100000,1721.000000,1722.800000,0.0000
1350864000,1715.000000,1728.300000,1715.000000,1725.100000,0.0000
1350950400,1726.600000,1728.500000,1708.300000,1708.300000,0.0000
1351036800,1708.400000,1708.500000,1698.600000,1700.500000,0.0000
1351123200,1711.700000,1716.700000,1711.700000,1712.000000,0.0000
1351209600,1706.100000,1716.200000,1706.100000,1710.900000,0.0000
1351468800,1712.000000,1712.000000,1707.000000,1707.700000,0.0000
1351555200,1709.100000,1714.400000,1709.000000,1710.500000,0.0000
1351641600,1714.400000,1724.500000,1714.400000,1717.500000,0.0000
1351728000,1722.300000,1725.100000,1714.100000,1714.100000,0.0000
1351814400,1711.300000,1711.300000,1674.100000,1674.100000,0.0000
1352073600,1682.800000,1683.100000,1674.300000,1682.200000,0.0000
1352160000,1690.100000,1718.000000,1690.100000,1714.100000,0.0000
1352246400,1707.700000,1726.500000,1703.700000,1713.200000,0.0000
1352332800,1715.900000,1729.600000,1714.200000,1725.400000,0.0000
1352419200,1733.700000,1734.100000,1727.600000,1730.300000,0.0000
1352678400,1733.200000,1734.900000,1730.300000,1730.300000,0.0000
1352764800,1721.600000,1728.200000,1718.500000,1724.200000,0.0000
1352851200,1722.000000,1729.500000,1722.000000,1729.500000,0.0000
1352937600,1724.900000,1724.900000,1706.300000,1713.300000,0.0000
1353024000,1710.000000,1714.300000,1706.900000,1714.300000,0.0000
1353283200,1721.800000,1734.000000,1721.800000,1734.000000,0.0000
1353369600,1730.600000,1731.100000,1722.500000,1723.200000,0.0000
1353456000,1725.800000,1727.900000,1725.800000,1727.900000,0.0000
1353628800,1735.000000,1751.300000,1735.000000,1751.300000,0.0000
1353888000,1750.300000,1750.500000,1749.400000,1749.500000,0.0000
1353974400,1746.400000,1746.400000,1742.200000,1742.200000,0.0000
1354060800,1739.800000,1739.800000,1716.300000,1716.500000,0.0000
1354147200,1719.600000,1729.000000,1717.700000,1727.200000,0.0000
1354233600,1725.200000,1731.200000,1708.400000,1710.900000,0.0000
1354492800,1714.900000,1721.900000,1714.500000,1719.600000,0.0000
1354579200,1716.300000,1716.800000,1691.600000,1694.400000,0.0000
1354665600,1697.100000,1706.000000,1685.000000,1692.400000,0.0000
1354752000,1694.300000,1702.100000,1686.400000,1700.300000,0.0000
1354838400,1701.200000,1704.500000,1684.000000,1704.000000,0.0000
1355097600,1704.200000,1717.000000,1704.200000,1713.000000,0.0000
1355184000,1710.000000,1714.100000,1705.900000,1708.200000,0.0000
1355270400,1710.100000,1722.300000,1708.000000,1716.600000,0.0000
1355356800,1707.200000,1707.200000,1689.900000,1695.600000,0.0000
1355443200,1698.300000,1699.200000,1694.400000,1695.800000,0.0000
1355702400,1690.500000,1698.500000,1689.500000,1697.000000,0.0000
1355788800,1701.400000,1702.800000,1661.000000,1669.500000,0.0000
1355875200,1675.300000,1676.000000,1664.600000,1666.500000,0.0000
1355961600,1667.900000,1671.000000,1637.600000,1644.900000,0.0000
1356048000,1648.000000,1659.100000,1635.800000,1659.100000,0.0000
1356307200,1657.700000,1663.800000,1654.900000,1658.600000,0.0000
1356480000,1654.500000,1666.700000,1654.500000,1659.800000,0.0000
1356566400,1656.200000,1662.600000,1656.200000,1662.600000,0.0000
1356652800,1664.000000,1664.000000,1653.700000,1654.900000,0.0000
1356912000,1655.400000,1677.100000,1655.400000,1674.800000,0.0000
1357084800,1672.800000,1693.800000,1670.000000,1687.900000,0.0000
1357171200,1686.100000,1686.800000,1662.000000,1673.700000,0.0000
1357257600,1647.000000,1658.300000,1625.700000,1648.100000,0.0000
1357516800,1656.500000,1659.900000,1643.800000,1645.500000,0.0000
1357603200,1647.700000,1661.500000,1647.700000,1661.500000,0.0000
1357689600,1658.600000,1662.100000,1651.200000,1654.800000,0.0000
1357776000,1672.500000,1677.300000,1672.500000,1677.300000,0.0000
1357862400,1673.100000,1673.100000,1654.200000,1660.000000,0.0000
1358121600,1665.400000,1673.800000,1664.100000,1668.900000,0.0000
1358208000,1671.600000,1684.300000,1671.600000,1683.400000,0.0000
1358294400,1674.400000,1682.700000,1674.400000,1682.700000,0.0000
1358380800,1676.400000,1694.600000,1671.000000,1690.400000,0.0000
1358467200,1687.400000,1692.000000,1686.600000,1686.600000,0.0000
1358812800,1690.300000,1694.700000,1687.800000,1692.800000,0.0000
1358899200,1691.300000,1693.700000,1685.200000,1686.300000,0.0000
1358985600,1680.800000,1681.700000,1668.000000,1669.500000,0.0000
1359072000,1663.000000,1663.000000,1656.400000,1656.400000,0.0000
1359331200,1651.600000,1655.500000,1651.600000,1652.400000,0.0000
1359417600,1661.200000,1661.500000,1660.700000,1660.700000,0.0000
1359504000,1662.400000,1683.200000,1661.800000,1679.900000,0.0000
1359590400,1675.400000,1680.000000,1657.400000,1660.600000,0.0000
1359676800,1663.900000,1681.200000,1659.900000,1669.400000,0.0000
1359936000,1668.000000,1676.500000,1661.600000,1675.300000,0.0000
1360022400,1674.200000,1683.400000,1666.500000,1672.400000,0.0000
1360108800,1672.200000,1678.500000,1668.000000,1677.700000,0.0000
1360195200,1677.000000,1682.100000,1663.100000,1670.400000,0.0000
1360281600,1671.500000,1672.500000,1664.800000,1666.000000,0.0000
1360540800,1666.500000,1668.000000,1643.700000,1648.200000,0.0000
1360627200,1643.800000,1650.400000,1642.400000,1648.700000,0.0000
1360713600,1652.200000,1652.300000,1640.200000,1644.200000,0.0000
1360800000,1641.100000,1646.900000,1632.700000,1634.700000,0.0000
1360886400,1633.200000,1633.900000,1599.500000,1608.800000,0.0000
1361232000,1610.000000,1617.000000,1599.700000,1603.600000,0.0000
1361318400,1604.700000,1606.900000,1561.800000,1577.600000,0.0000
1361404800,1568.500000,1581.200000,1554.500000,1578.200000,0.0000
1361491200,1580.000000,1585.400000,1572.300000,1572.400000,0.0000
1361750400,1579.400000,1596.000000,1577.700000,1586.200000,0.0000
1361836800,1593.300000,1615.200000,1589.000000,1615.200000,0.0000
1361923200,1612.800000,1612.800000,1591.800000,1595.200000,0.0000
1362009600,1596.000000,1601.600000,1575.100000,1577.700000,0.0000
1362096000,1579.600000,1585.600000,1566.000000,1571.900000,0.0000
1362355200,1580.800000,1580.800000,1569.700000,1572.100000,0.0000
1362441600,1577.600000,1585.500000,1571.400000,1574.600000,0.0000
1362528000,1577.600000,1582.600000,1566.800000,1574.600000,0.0000
1362614400,1580.000000,1583.500000,1573.900000,1574.800000,0.0000
1362700800,1578.600000,1581.200000,1561.800000,1576.600000,0.0000
1362960000,1576.000000,1579.700000,1576.000000,1577.800000,0.0000
1363046400,1579.800000,1595.600000,1579.800000,1591.500000,0.0000
1363132800,1592.300000,1596.000000,1585.000000,1588.300000,0.0000
1363219200,1585.700000,1590.600000,1575.700000,1590.600000,0.0000
1363305600,1590.500000,1594.400000,1590.200000,1592.500000,0.0000
1363564800,1605.900000,1607.700000,1601.600000,1604.600000,0.0000
1363651200,1613.100000,1613.100000,1611.300000,1611.300000,0.0000
1363737600,1610.000000,1613.000000,1606.200000,1607.500000,0.0000
1363824000,1612.800000,1613.800000,1611.900000,1613.800000,0.0000
1363910400,1611.000000,1611.000000,1604.100000,1606.200000,0.0000
1364169600,1607.100000,1607.800000,1596.100000,1604.600000,0.0000
1364256000,1595.800000,1595.800000,1595.800000,1595.800000,0.0000
1364342400,1598.500000,1608.100000,1590.300000,1606.200000,0.0000
1364428800,1604.700000,1606.600000,1593.600000,1594.800000,0.0000
1364774400,1596.800000,1600.500000,1594.800000,1600.000000,0.0000
1364860800,1599.200000,1602.600000,1574.100000,1575.100000,0.0000
1364947200,1575.700000,1576.400000,1549.200000,1552.800000,0.0000
1365033600,1557.300000,1557.300000,1539.100000,1551.800000,0.0000
1365120000,1553.200000,1580.600000,1550.100000,1575.400000,0.0000
1365379200,1575.800000,1580.600000,1567.600000,1572.000000,0.0000
1365465600,1571.600000,1589.300000,1570.000000,1586.200000,0.0000
1365552000,1584.400000,1586.000000,1557.000000,1558.300000,0.0000
1365638400,1557.100000,1566.700000,1554.800000,1564.300000,0.0000
1365724800,1560.800000,1560.800000,1480.200000,1501.000000,0.0000
1365984000,1478.200000,1487.400000,1338.000000,1360.600000,0.0000
1366070400,1358.000000,1401.000000,1323.000000,1386.800000,0.0000
1366156800,1373.200000,1394.200000,1370.200000,1382.200000,0.0000
1366243200,1347.500000,1396.400000,1347.500000,1392.000000,0.0000
1366329600,1419.300000,1420.300000,1395.100000,1395.300000,0.0000
1366588800,1406.800000,1434.900000,1406.800000,1421.000000,0.0000
1366675200,1429.500000,1429.500000,1405.800000,1408.600000,0.0000
1366761600,1423.200000,1430.100000,1420.400000,1423.400000,0.0000
1366848000,1433.000000,1461.800000,1433.000000,1461.800000,0.0000
1366934400,1467.400000,1480.000000,1451.400000,1453.600000,0.0000
1367193600,1462.700000,1475.500000,1462.300000,1467.400000,0.0000
1367280000,1471.100000,1476.600000,1461.000000,1472.200000,0.0000
1367366400,1475.800000,1477.100000,1440.000000,1446.300000,0.0000
1367452800,1459.000000,1471.200000,1453.500000,1467.700000,0.0000
1367539200,1465.500000,1487.100000,1461.400000,1464.300000,0.0000
1367798400,1468.100000,1477.200000,1466.800000,1468.100000,0.0000
1367884800,1462.000000,1466.200000,1441.200000,1449.000000,0.0000
1367971200,1455.500000,1474.700000,1450.700000,1473.900000,0.0000
1368057600,1471.200000,1473.400000,1453.000000,1468.800000,0.0000
1368144000,1455.600000,1459.300000,1423.000000,1436.800000,0.0000
1368403200,1440.000000,1440.600000,1427.800000,1434.500000,0.0000
1368489600,1430.100000,1444.400000,1422.000000,1424.700000,0.0000
1368576000,1425.700000,1425.700000,1390.100000,1396.500000,0.0000
1368662400,1390.400000,1395.100000,1370.600000,1387.100000,0.0000
1368748800,1386.700000,1391.100000,1359.100000,1364.900000,0.0000
1369008000,1342.900000,1391.900000,1342.900000,1384.300000,0.0000
1369094400,1386.500000,1392.300000,1358.500000,1377.800000,0.0000
1369180800,1387.200000,1395.700000,1364.500000,1367.600000,0.0000
1369267200,1380.600000,1394.800000,1377.800000,1392.000000,0.0000
1369353600,1386.800000,1386.800000,1386.800000,1386.800000,0.0000
1369612800,1385.950000,1396.150000,1384.150000,1395.950000,0.0000
1369699200,1380.800000,1392.500000,1379.100000,1379.100000,0.0000
1369785600,1391.300000,1391.300000,1391.300000,1391.300000,0.0000
1369872000,1392.100000,1417.500000,1388.300000,1411.500000,0.0000
1369958400,1412.400000,1421.100000,1384.200000,1392.600000,0.0000
1370217600,1389.100000,1416.300000,1388.300000,1411.700000,0.0000
1370304000,1410.900000,1414.100000,1389.000000,1397.100000,0.0000
1370390400,1397.500000,1410.000000,1395.600000,1398.400000,0.0000
1370476800,1401.700000,1422.700000,1391.600000,1415.700000,0.0000
1370563200,1411.500000,1416.400000,1377.900000,1383.000000,0.0000
1370822400,1378.800000,1386.900000,1375.600000,1386.200000,0.0000
1370908800,1384.200000,1384.400000,1366.000000,1377.000000,0.0000
1370995200,1375.000000,1393.500000,1373.700000,1391.800000,0.0000
1371081600,1386.800000,1390.900000,1373.400000,1377.600000,0.0000
1371168000,1383.900000,1389.600000,1377.800000,1387.300000,0.0000
1371427200,1390.300000,1390.500000,1380.000000,1382.800000,0.0000
1371513600,1383.100000,1383.500000,1363.000000,1366.600000,0.0000
1371600000,1368.100000,1373.600000,1348.100000,1373.600000,0.0000
1371686400,1348.100000,1348.100000,1275.400000,1285.900000,0.0000
1371772800,1280.400000,1300.000000,1268.900000,1291.600000,0.0000
1372032000,1297.300000,1297.300000,1275.700000,1276.800000,0.0000
1372118400,1281.300000,1286.000000,1273.200000,1274.800000,0.0000
1372204800,1273.900000,1273.900000,1228.800000,1229.600000,0.0000
1372291200,1224.700000,1241.600000,1198.300000,1211.400000,0.0000
1372377600,1200.900000,1232.300000,1183.200000,1223.800000,0.0000
1372636800,1234.700000,1261.000000,1234.200000,1255.900000,0.0000
1372723200,1254.100000,1266.300000,1241.200000,1243.600000,0.0000
1372809600,1243.800000,1258.200000,1240.300000,1252.100000,0.0000
1372896000,1254.550000,1256.150000,1244.450000,1247.050000,0.0000
1372982400,1252.700000,1254.100000,1208.900000,1212.900000,0.0000
1373241600,1218.800000,1235.200000,1215.400000,1234.900000,0.0000
1373328000,1234.700000,1254.500000,1234.400000,1245.900000,0.0000
1373414400,1244.600000,1263.900000,1244.600000,1247.400000,0.0000
1373500800,1284.600000,1285.000000,1278.900000,1280.100000,0.0000
1373587200,1282.300000,1282.300000,1273.300000,1277.800000,0.0000
1373846400,1292.100000,1292.400000,1281.600000,1283.800000,0.0000
1373932800,1279.400000,1291.400000,1279.400000,1290.800000,0.0000
1374019200,1286.200000,1300.000000,1272.900000,1277.900000,0.0000
1374105600,1275.300000,1286.400000,1275.200000,1284.600000,0.0000
1374192000,1291.700000,1293.300000,1290.000000,1293.300000,0.0000
1374451200,1317.000000,1336.400000,1317.000000,1336.400000,0.0000
1374537600,1334.800000,1342.300000,1327.900000,1335.100000,0.0000
1374624000,1342.200000,1345.100000,1318.600000,1319.700000,0.0000
1374710400,1318.500000,1336.800000,1318.500000,1329.000000,0.0000
1374796800,1326.500000,1326.500000,1321.700000,1321.700000,0.0000
1375056000,1328.400000,1328.400000,1328.400000,1328.400000,0.0000
1375142400,1327.200000,1329.600000,1316.200000,1324.000000,0.0000
1375228800,1325.500000,1338.400000,1304.900000,1312.400000,0.0000
1375315200,1323.000000,1328.500000,1306.900000,1311.000000,0.0000
1375401600,1306.700000,1317.600000,1283.000000,1310.600000,0.0000
1375660800,1311.200000,1318.300000,1297.500000,1302.600000,0.0000
1375747200,1303.000000,1305.900000,1279.300000,1283.200000,0.0000
1375833600,1282.500000,1288.400000,1274.000000,1286.100000,0.0000
1375920000,1283.900000,1312.800000,1283.700000,1310.700000,0.0000
1376006400,1315.100000,1315.800000,1306.700000,1312.900000,0.0000
1376265600,1317.200000,1342.400000,1317.200000,1334.700000,0.0000
1376352000,1331.900000,1339.100000,1320.200000,1321.200000,0.0000
1376438400,1317.700000,1336.300000,1317.700000,1334.000000,0.0000
1376524800,1340.100000,1369.600000,1319.900000,1361.600000,0.0000
1376611200,1366.800000,1378.900000,1361.000000,1371.700000,0.0000
1376870400,1379.000000,1384.400000,1363.900000,1366.200000,0.0000
1376956800,1355.000000,1377.000000,1355.000000,1373.100000,0.0000
1377043200,1372.500000,1377.300000,1360.900000,1370.600000,0.0000
1377129600,1362.000000,1380.400000,1362.000000,1371.200000,0.0000
1377216000,1376.800000,1398.200000,1373.900000,1395.700000,0.0000
1377475200,1398.600000,1403.000000,1391.300000,1393.000000,0.0000
1377561600,1403.800000,1421.100000,1398.700000,1420.600000,0.0000
1377648000,1417.300000,1428.000000,1415.100000,1419.000000,0.0000
1377734400,1417.400000,1417.400000,1404.500000,1412.900000,0.0000
1377820800,1407.200000,1409.800000,1392.300000,1396.100000,0.0000
1378080000,1380.400000,1398.000000,1379.600000,1393.700000,0.0000
1378166400,1393.000000,1414.400000,1382.300000,1412.000000,0.0000
1378252800,1413.000000,1413.000000,1387.100000,1389.900000,0.0000
1378339200,1393.500000,1397.500000,1367.100000,1373.100000,0.0000
1378425600,1371.000000,1390.100000,1368.900000,1386.700000,0.0000
1378684800,1389.800000,1389.800000,1386.500000,1386.800000,0.0000
1378771200,1377.500000,1377.500000,1357.600000,1364.100000,0.0000
1378857600,1365.800000,1365.800000,1356.700000,1363.900000,0.0000
1378944000,1360.000000,1360.000000,1322.400000,1330.400000,0.0000
1379030400,1322.900000,1323.000000,1305.300000,1308.400000,0.0000
1379289600,1328.400000,1329.600000,1310.800000,1317.900000,0.0000
1379376000,1313.000000,1313.100000,1309.500000,1309.500000,0.0000
1379462400,1292.100000,1347.700000,1292.100000,1307.800000,0.0000
1379548800,1362.900000,1373.000000,1362.900000,1369.400000,0.0000
1379635200,1347.500000,1347.500000,1330.700000,1332.500000,0.0000
1379894400,1327.100000,1327.800000,1317.600000,1326.900000,0.0000
1379980800,1321.200000,1324.900000,1309.400000,1316.000000,0.0000
1380067200,1322.700000,1335.900000,1322.700000,1335.900000,0.0000
1380153600,1335.200000,1338.300000,1323.600000,1323.600000,0.0000
1380240000,1321.500000,1343.800000,1319.700000,1338.400000,0.0000
1380499200,1345.800000,1350.900000,1322.000000,1326.500000,0.0000
1380585600,1328.000000,1334.200000,1283.800000,1286.000000,0.0000
1380672000,1288.500000,1321.000000,1280.000000,1320.600000,0.0000
1380758400,1312.000000,1319.500000,1302.500000,1317.400000,0.0000
1380844800,1316.200000,1318.100000,1305.700000,1309.700000,0.0000
1381104000,1313.800000,1325.400000,1311.800000,1324.800000,0.0000
1381190400,1326.500000,1330.000000,1321.200000,1324.200000,0.0000
1381276800,1317.600000,1319.000000,1295.300000,1306.900000,0.0000
1381363200,1303.400000,1310.800000,1285.000000,1296.600000,0.0000
1381449600,1286.900000,1291.600000,1263.800000,1268.000000,0.0000
1381708800,1275.800000,1285.800000,1272.100000,1276.400000,0.0000
1381795200,1270.500000,1284.800000,1254.100000,1273.000000,0.0000
1381881600,1282.800000,1284.000000,1269.200000,1282.000000,0.0000
1381968000,1307.000000,1322.700000,1307.000000,1322.700000,0.0000
1382054400,1318.800000,1326.000000,1312.600000,1314.400000,0.0000
1382313600,1316.800000,1317.700000,1315.700000,1315.700000,0.0000
1382400000,1313.900000,1342.600000,1313.900000,1342.500000,0.0000
1382486400,1331.900000,1333.900000,1331.900000,1333.900000,0.0000
1382572800,1334.500000,1350.200000,1334.500000,1350.200000,0.0000
1382659200,1346.200000,1353.000000,1346.200000,1352.400000,0.0000
1382918400,1351.400000,1359.200000,1349.000000,1352.000000,0.0000
1383004800,1359.600000,1359.700000,1345.200000,1345.200000,0.0000
1383091200,1340.800000,1355.800000,1335.600000,1349.000000,0.0000
1383177600,1334.000000,1334.000000,1321.700000,1323.600000,0.0000
1383264000,1325.700000,1325.700000,1308.000000,1313.100000,0.0000
1383523200,1314.600000,1320.500000,1312.100000,1314.600000,0.0000
1383609600,1313.300000,1317.500000,1306.900000,1308.000000,0.0000
1383696000,1313.500000,1318.600000,1312.500000,1317.700000,0.0000
1383782400,1323.600000,1323.600000,1298.000000,1308.400000,0.0000
1383868800,1308.000000,1308.100000,1281.300000,1284.500000,0.0000
1384128000,1281.600000,1281.800000,1281.000000,1281.000000,0.0000
1384214400,1282.300000,1282.300000,1268.500000,1271.100000,0.0000
1384300800,1274.000000,1280.500000,1268.300000,1268.300000,0.0000
1384387200,1280.200000,1293.300000,1278.100000,1286.200000,0.0000
1384473600,1287.700000,1288.500000,1281.500000,1287.300000,0.0000
1384732800,1284.700000,1284.800000,1272.200000,1272.200000,0.0000
1384819200,1274.200000,1275.200000,1271.000000,1273.400000,0.0000
1384905600,1269.000000,1269.000000,1241.900000,1257.900000,0.0000
1384992000,1245.700000,1247.100000,1236.500000,1243.500000,0.0000
1385078400,1243.200000,1247.000000,1241.400000,1244.000000,0.0000
1385337600,1231.100000,1241.100000,1229.000000,1241.100000,0.0000
1385424000,1243.000000,1243.000000,1241.400000,1241.400000,0.0000
1385510400,1241.600000,1254.800000,1235.500000,1237.800000,0.0000
1385596800,1237.900000,1245.300000,1236.200000,1243.800000,0.0000
1385683200,1237.800000,1254.500000,1233.700000,1250.600000,0.0000
1385942400,1251.400000,1251.500000,1217.800000,1222.300000,0.0000
1386028800,1219.200000,1225.700000,1215.600000,1221.700000,0.0000
1386115200,1225.100000,1250.400000,1212.900000,1248.200000,0.0000
1386201600,1240.000000,1241.500000,1218.600000,1233.200000,0.0000
1386288000,1228.700000,1242.000000,1213.000000,1230.300000,0.0000
1386547200,1230.200000,1243.200000,1229.000000,1235.300000,0.0000
1386633600,1239.000000,1267.000000,1239.000000,1262.400000,0.0000
1386720000,1261.900000,1261.900000,1252.100000,1258.500000,0.0000
1386806400,1253.500000,1255.400000,1225.900000,1226.000000,0.0000
1386892800,1226.700000,1239.000000,1222.200000,1235.700000,0.0000
1387152000,1238.400000,1250.600000,1228.900000,1245.500000,0.0000
1387238400,1237.000000,1240.400000,1231.200000,1231.200000,0.0000
1387324800,1231.500000,1245.100000,1217.000000,1236.100000,0.0000
1387411200,1226.600000,1226.600000,1188.700000,1195.000000,0.0000
1387497600,1190.900000,1207.800000,1190.900000,1205.100000,0.0000
1387756800,1205.200000,1205.200000,1195.900000,1198.400000,0.0000
1387843200,1199.800000,1205.600000,1197.700000,1205.100000,0.0000
1388016000,1207.100000,1215.900000,1207.100000,1214.100000,0.0000
1388102400,1213.400000,1218.500000,1212.900000,1216.100000,0.0000
1388361600,1215.000000,1215.500000,1194.400000,1203.100000,0.0000
1388448000,1196.400000,1212.400000,1182.000000,1201.900000,0.0000
1388534400,1203.600000,1205.400000,1202.800000,1205.400000,0.0000
1388620800,1204.300000,1227.300000,1204.300000,1225.000000,0.0000
1388707200,1221.700000,1239.000000,1221.700000,1238.400000,0.0000
1388966400,1232.800000,1247.000000,1221.900000,1237.800000,0.0000
1389052800,1239.300000,1242.400000,1226.000000,1229.400000,0.0000
1389139200,1227.500000,1227.500000,1218.600000,1225.300000,0.0000
1389225600,1225.800000,1229.300000,1225.800000,1229.300000,0.0000
1389312000,1235.000000,1246.800000,1234.000000,1246.700000,0.0000
1389571200,1250.600000,1252.700000,1245.500000,1250.900000,0.0000
1389657600,1251.000000,1251.300000,1242.000000,1245.200000,0.0000
1389744000,1243.100000,1243.200000,1238.100000,1238.100000,0.0000
1389830400,1239.300000,1242.800000,1238.700000,1240.000000,0.0000
1389916800,1239.700000,1254.300000,1239.700000,1251.700000,0.0000
1390176000,1255.700000,1257.900000,1253.100000,1255.100000,0.0000
1390262400,1256.400000,1257.500000,1240.000000,1242.300000,0.0000
1390348800,1241.700000,1242.000000,1239.000000,1239.000000,0.0000
1390435200,1235.200000,1264.200000,1235.200000,1262.600000,0.0000
1390521600,1258.300000,1269.400000,1258.300000,1264.500000,0.0000
1390780800,1259.800000,1264.400000,1254.400000,1263.600000,0.0000
1390867200,1257.900000,1258.400000,1251.000000,1251.000000,0.0000
1390953600,1262.200000,1262.200000,1262.200000,1262.200000,0.0000
1391040000,1267.000000,1267.700000,1237.500000,1242.200000,0.0000
1391126400,1243.600000,1254.500000,1238.400000,1240.100000,0.0000
1391385600,1242.400000,1266.300000,1241.200000,1260.400000,0.0000
1391472000,1258.400000,1260.700000,1247.800000,1251.700000,0.0000
1391558400,1254.000000,1273.700000,1253.100000,1257.300000,0.0000
1391644800,1258.000000,1267.000000,1253.500000,1257.600000,0.0000
1391731200,1258.300000,1271.400000,1257.900000,1263.300000,0.0000
1391990400,1269.600000,1277.300000,1265.700000,1274.800000,0.0000
1392076800,1274.000000,1292.000000,1273.800000,1290.100000,0.0000
1392163200,1290.500000,1296.200000,1285.500000,1295.300000,0.0000
1392249600,1293.300000,1303.500000,1287.500000,1300.400000,0.0000
1392336000,1301.700000,1320.700000,1301.500000,1319.000000,0.0000
1392595200,1323.700000,1332.200000,1321.100000,1328.500000,0.0000
1392681600,1322.900000,1330.600000,1313.900000,1324.700000,0.0000
1392768000,1318.300000,1321.600000,1309.100000,1320.600000,0.0000
1392854400,1310.700000,1323.500000,1309.600000,1317.100000,0.0000
1392940800,1320.000000,1328.300000,1317.400000,1323.900000,0.0000
1393200000,1324.300000,1339.000000,1321.400000,1338.300000,0.0000
1393286400,1336.400000,1343.900000,1333.100000,1343.000000,0.0000
1393372800,1341.200000,1344.000000,1325.600000,1328.200000,0.0000
1393459200,1329.300000,1335.000000,1324.600000,1331.600000,0.0000
1393545600,1329.800000,1332.600000,1321.100000,1321.400000,0.0000
1393804800,1335.900000,1354.100000,1332.900000,1350.100000,0.0000
1393891200,1350.400000,1350.400000,1332.200000,1337.800000,0.0000
1393977600,1334.800000,1341.000000,1334.800000,1340.200000,0.0000
1394064000,1338.000000,1351.700000,1333.300000,1351.700000,0.0000
1394150400,1349.500000,1352.700000,1329.200000,1338.100000,0.0000
1394409600,1336.000000,1344.700000,1330.500000,1341.400000,0.0000
1394496000,1340.000000,1352.400000,1338.100000,1346.500000,0.0000
1394582400,1349.100000,1370.500000,1348.700000,1370.300000,0.0000
1394668800,1366.800000,1374.500000,1366.500000,1372.200000,0.0000
1394755200,1376.100000,1386.600000,1369.800000,1379.000000,0.0000
1395014400,1386.100000,1391.400000,1372.200000,1372.900000,0.0000
1395100800,1359.300000,1361.800000,1353.400000,1359.000000,0.0000
1395187200,1357.100000,1358.000000,1332.700000,1341.400000,0.0000
1395273600,1333.700000,1333.700000,1325.800000,1330.500000,0.0000
1395360000,1339.100000,1339.100000,1335.000000,1336.000000,0.0000
1395619200,1333.000000,1333.000000,1310.500000,1311.200000,0.0000
1395705600,1315.500000,1315.500000,1307.500000,1311.400000,0.0000
1395792000,1315.200000,1315.200000,1303.400000,1303.400000,0.0000
1395878400,1294.700000,1294.700000,1294.700000,1294.700000,0.0000
1395964800,1292.200000,1299.400000,1285.900000,1293.800000,0.0000
1396224000,1294.300000,1298.800000,1282.400000,1283.400000,0.0000
1396310400,1285.100000,1287.900000,1277.300000,1279.600000,0.0000
1396396800,1280.200000,1294.100000,1280.200000,1290.500000,0.0000
1396483200,1290.800000,1293.600000,1282.700000,1284.400000,0.0000
1396569600,1285.500000,1306.100000,1284.400000,1303.200000,0.0000
1396828800,1301.400000,1304.000000,1296.300000,1298.000000,0.0000
1396915200,1296.600000,1314.100000,1296.600000,1308.700000,0.0000
1397001600,1309.500000,1313.600000,1301.100000,1305.500000,0.0000
1397088000,1311.800000,1323.800000,1311.200000,1320.100000,0.0000
1397174400,1319.000000,1322.800000,1316.300000,1318.700000,0.0000
1397433600,1320.100000,1330.000000,1320.100000,1327.200000,0.0000
1397520000,1322.700000,1322.700000,1291.500000,1300.000000,0.0000
1397606400,1302.700000,1304.000000,1295.000000,1303.100000,0.0000
1397692800,1300.100000,1303.000000,1292.500000,1293.400000,0.0000
1398038400,1290.000000,1299.200000,1283.700000,1288.000000,0.0000
1398124800,1289.200000,1291.600000,1276.000000,1280.600000,0.0000
1398211200,1284.300000,1287.700000,1282.400000,1284.200000,0.0000
1398297600,1284.600000,1297.900000,1272.400000,1290.500000,0.0000
1398384000,1293.800000,1304.600000,1293.800000,1300.700000,0.0000
1398643200,1305.400000,1305.400000,1293.000000,1298.900000,0.0000
1398729600,1295.500000,1300.500000,1289.100000,1296.000000,0.0000
1398816000,1296.000000,1296.500000,1286.600000,1295.600000,0.0000
1398902400,1288.700000,1288.700000,1278.000000,1283.100000,0.0000
1398988800,1276.700000,1302.700000,1276.700000,1302.600000,0.0000
1399248000,1305.600000,1314.200000,1305.500000,1309.000000,0.0000
1399334400,1309.400000,1309.400000,1306.900000,1308.300000,0.0000
1399420800,1310.300000,1312.000000,1288.000000,1288.600000,0.0000
1399507200,1291.500000,1291.500000,1285.500000,1287.400000,0.0000
1399593600,1287.300000,1287.300000,1287.300000,1287.300000,0.0000
1399852800,1282.100000,1295.900000,1281.200000,1295.600000,0.0000
1399939200,1295.500000,1295.500000,1292.000000,1294.600000,0.0000
1400025600,1292.800000,1306.900000,1292.800000,1305.700000,0.0000
1400112000,1302.500000,1302.500000,1292.800000,1293.500000,0.0000
1400198400,1293.300000,1293.300000,1293.300000,1293.300000,0.0000
1400457600,1293.700000,1293.700000,1293.700000,1293.700000,0.0000
1400544000,1290.700000,1294.500000,1290.100000,1294.500000,0.0000
1400630400,1287.400000,1288.000000,1287.400000,1288.000000,0.0000
1400716800,1294.200000,1295.000000,1294.200000,1294.900000,0.0000
1400803200,1293.200000,1293.400000,1291.600000,1291.600000,0.0000
1400976000,1293.900000,1294.200000,1291.100000,1291.700000,0.0000
1401062400,1291.600000,1294.400000,1291.400000,1292.500000,0.0000
1401148800,1291.900000,1291.900000,1265.400000,1265.400000,0.0000
1401235200,1259.300000,1259.300000,1259.300000,1259.300000,0.0000
1401321600,1258.300000,1260.600000,1250.900000,1256.300000,0.0000
1401408000,1255.100000,1259.600000,1241.800000,1245.600000,0.0000
1401667200,1250.000000,1250.700000,1240.900000,1243.700000,0.0000
1401753600,1244.100000,1247.500000,1240.500000,1244.300000,0.0000
1401840000,1245.100000,1248.800000,1242.700000,1244.000000,0.0000
1401926400,1244.000000,1256.600000,1241.200000,1253.000000,0.0000
1402012800,1253.400000,1256.600000,1246.300000,1252.100000,0.0000
1402272000,1252.700000,1256.100000,1251.800000,1253.500000,0.0000
1402358400,1252.400000,1262.300000,1251.000000,1259.800000,0.0000
1402444800,1259.900000,1264.400000,1259.100000,1260.800000,0.0000
1402531200,1260.000000,1274.500000,1260.000000,1273.600000,0.0000
1402617600,1272.500000,1274.700000,1271.300000,1273.700000,0.0000
1402876800,1279.800000,1283.500000,1270.800000,1274.900000,0.0000
1402963200,1272.800000,1272.800000,1260.900000,1271.700000,0.0000
1403049600,1269.900000,1272.700000,1267.400000,1272.400000,0.0000
1403136000,1277.200000,1321.000000,1277.200000,1313.700000,0.0000
1403222400,1321.400000,1321.400000,1306.800000,1316.200000,0.0000
1403481600,1312.300000,1318.000000,1312.300000,1318.000000,0.0000
1403568000,1315.600000,1325.600000,1315.600000,1320.900000,0.0000
1403654400,1315.300000,1323.400000,1312.000000,1322.200000,0.0000
1403740800,1319.600000,1319.600000,1312.400000,1316.100000,0.0000
1403827200,1317.400000,1320.900000,1313.300000,1319.000000,0.0000
1404086400,1315.300000,1328.700000,1311.800000,1321.800000,0.0000
1404172800,1326.700000,1331.400000,1326.200000,1326.400000,0.0000
1404259200,1326.800000,1330.700000,1326.800000,1330.700000,0.0000
1404345600,1327.300000,1327.700000,1313.000000,1320.400000,0.0000
1404432000,1321.100000,1324.000000,1319.600000,1321.300000,0.0000
1404691200,1319.600000,1320.300000,1313.200000,1316.500000,0.0000
1404777600,1318.400000,1323.500000,1316.000000,1316.000000,0.0000
1404864000,1324.000000,1330.400000,1323.800000,1323.800000,0.0000
1404950400,1330.500000,1343.700000,1328.000000,1338.700000,0.0000
1405036800,1337.900000,1339.000000,1336.200000,1337.000000,0.0000
1405296000,1332.800000,1332.800000,1304.700000,1306.300000,0.0000
1405382400,1307.400000,1312.100000,1294.100000,1296.900000,0.0000
1405468800,1298.400000,1303.100000,1296.900000,1299.600000,0.0000
1405555200,1303.100000,1323.800000,1303.100000,1316.700000,0.0000
1405641600,1322.700000,1322.700000,1306.200000,1309.200000,0.0000
1405900800,1311.000000,1315.500000,1311.000000,1313.700000,0.0000
1405987200,1306.100000,1306.100000,1306.100000,1306.100000,0.0000
1406073600,1304.500000,1304.500000,1304.500000,1304.500000,0.0000
1406160000,1297.500000,1297.500000,1290.600000,1290.600000,0.0000
1406246400,1294.800000,1303.100000,1294.800000,1303.100000,0.0000
1406505600,1307.400000,1308.000000,1303.300000,1303.300000,0.0000
1406592000,1310.900000,1310.900000,1298.300000,1298.300000,0.0000
1406678400,1298.600000,1303.000000,1291.000000,1294.900000,0.0000
1406764800,1295.100000,1297.300000,1280.600000,1281.300000,0.0000
1406851200,1284.100000,1296.600000,1279.700000,1293.600000,0.0000
1407110400,1294.400000,1295.000000,1285.900000,1287.700000,0.0000
1407196800,1288.000000,1292.700000,1282.600000,1284.000000,0.0000
1407283200,1288.100000,1309.000000,1287.800000,1306.700000,0.0000
1407369600,1305.300000,1313.200000,1302.500000,1310.800000,0.0000
1407456000,1310.800000,1322.100000,1308.000000,1308.900000,0.0000
1407715200,1308.400000,1309.700000,1305.300000,1308.500000,0.0000
1407801600,1306.200000,1315.800000,1305.800000,1308.800000,0.0000
1407888000,1308.800000,1312.800000,1305.000000,1312.800000,0.0000
1407974400,1311.800000,1316.400000,1309.700000,1313.900000,0.0000
1408060800,1311.700000,1312.800000,1292.000000,1304.500000,0.0000
1408320000,1301.400000,1302.100000,1295.700000,1297.700000,0.0000
1408406400,1298.800000,1301.700000,1294.000000,1295.100000,0.0000
1408492800,1295.400000,1295.800000,1288.400000,1293.400000,0.0000
1408579200,1290.000000,1290.000000,1272.000000,1273.700000,0.0000
1408665600,1276.000000,1280.000000,1275.000000,1278.600000,0.0000
1408924800,1277.300000,1277.600000,1273.700000,1277.300000,0.0000
1409011200,1289.400000,1289.500000,1281.100000,1283.800000,0.0000
1409097600,1281.500000,1282.300000,1281.500000,1281.900000,0.0000
1409184000,1284.500000,1293.700000,1284.300000,1288.700000,0.0000
1409270400,1289.500000,1289.700000,1284.800000,1285.800000,0.0000
1409443200,1288.500000,1289.000000,1286.800000,1287.700000,0.0000
1409529600,1287.600000,1290.900000,1285.900000,1287.400000,0.0000
1409616000,1284.500000,1286.400000,1262.500000,1263.700000,0.0000
1409702400,1266.300000,1271.100000,1263.100000,1268.900000,0.0000
1409788800,1268.700000,1272.700000,1260.300000,1265.100000,0.0000
1409875200,1263.200000,1268.100000,1263.200000,1265.800000,0.0000
1410134400,1268.400000,1268.400000,1252.700000,1252.700000,0.0000
1410220800,1246.800000,1246.800000,1246.800000,1246.800000,0.0000
1410307200,1256.700000,1256.700000,1243.500000,1243.500000,0.0000
1410393600,1237.400000,1237.400000,1237.400000,1237.400000,0.0000
1410480000,1227.000000,1229.900000,1227.000000,1229.900000,0.0000
1410739200,1226.700000,1235.000000,1226.700000,1233.600000,0.0000
1410825600,1238.300000,1238.300000,1235.200000,1235.200000,0.0000
1410912000,1236.200000,1236.200000,1221.900000,1234.400000,0.0000
1410998400,1216.200000,1225.700000,1216.200000,1225.700000,0.0000
1411084800,1218.300000,1218.300000,1215.300000,1215.300000,0.0000
1411344000,1214.900000,1216.800000,1212.400000,1216.800000,0.0000
1411430400,1221.000000,1221.000000,1221.000000,1221.000000,0.0000
1411516800,1216.800000,1218.600000,1216.800000,1218.600000,0.0000
1411603200,1209.500000,1221.200000,1209.500000,1221.200000,0.0000
1411689600,1214.100000,1214.100000,1214.100000,1214.100000,0.0000
1411948800,1216.300000,1222.200000,1214.700000,1217.500000,0.0000
1412035200,1214.800000,1218.200000,1204.000000,1210.500000,0.0000
1412121600,1207.700000,1217.800000,1205.500000,1214.600000,0.0000
1412208000,1215.300000,1219.500000,1210.300000,1214.200000,0.0000
1412294400,1212.400000,1212.400000,1191.000000,1192.200000,0.0000
1412553600,1187.700000,1208.000000,1182.800000,1206.700000,0.0000
1412640000,1209.100000,1211.700000,1205.300000,1211.700000,0.0000
1412726400,1210.200000,1217.900000,1205.300000,1205.300000,0.0000
1412812800,1223.900000,1229.000000,1223.900000,1224.600000,0.0000
1412899200,1223.500000,1223.500000,1217.000000,1221.000000,0.0000
1413158400,1229.800000,1234.000000,1227.000000,1229.300000,0.0000
1413244800,1235.900000,1235.900000,1233.600000,1233.600000,0.0000
1413331200,1243.700000,1247.000000,1230.900000,1244.100000,0.0000
1413417600,1242.100000,1243.000000,1236.700000,1240.500000,0.0000
1413504000,1237.400000,1238.300000,1232.600000,1238.300000,0.0000
1413763200,1237.300000,1244.000000,1235.400000,1244.000000,0.0000
1413849600,1251.000000,1251.000000,1251.000000,1251.000000,0.0000
1413936000,1244.800000,1244.800000,1244.300000,1244.800000,0.0000
1414022400,1228.000000,1228.500000,1227.900000,1228.500000,0.0000
1414108800,1229.400000,1232.700000,1229.400000,1231.200000,0.0000
1414368000,1230.200000,1230.200000,1227.300000,1229.100000,0.0000
1414454400,1224.900000,1231.000000,1224.700000,1229.200000,0.0000
1414540800,1224.300000,1224.300000,1224.300000,1224.300000,0.0000
1414627200,1213.700000,1214.700000,1195.800000,1198.100000,0.0000
1414713600,1199.600000,1199.700000,1161.400000,1171.100000,0.0000
1414972800,1166.400000,1172.300000,1163.100000,1169.400000,0.0000
1415059200,1166.900000,1171.000000,1165.000000,1167.400000,0.0000
1415145600,1168.100000,1168.700000,1137.800000,1145.400000,0.0000
1415232000,1141.100000,1147.500000,1137.900000,1142.300000,0.0000
1415318400,1139.900000,1169.700000,1132.900000,1169.600000,0.0000
1415577600,1171.000000,1171.000000,1150.700000,1159.600000,0.0000
1415664000,1155.000000,1170.500000,1151.600000,1162.800000,0.0000
1415750400,1162.500000,1168.100000,1157.500000,1158.900000,0.0000
1415836800,1163.700000,1164.500000,1155.000000,1161.100000,0.0000
1415923200,1155.200000,1191.000000,1148.000000,1185.000000,0.0000
1416182400,1183.100000,1186.900000,1180.600000,1183.000000,0.0000
1416268800,1197.100000,1197.100000,1193.900000,1196.700000,0.0000
1416355200,1196.500000,1198.300000,1190.000000,1193.600000,0.0000
1416441600,1191.800000,1191.900000,1190.700000,1190.700000,0.0000
1416528000,1191.000000,1202.400000,1189.000000,1197.500000,0.0000
1416787200,1197.700000,1197.900000,1195.500000,1195.500000,0.0000
1416873600,1197.100000,1197.100000,1197.100000,1197.100000,0.0000
1416960000,1200.500000,1201.000000,1193.700000,1196.600000,0.0000
1417046400,1197.300000,1199.300000,1185.400000,1188.800000,0.0000
1417132800,1197.000000,1198.300000,1163.800000,1175.200000,0.0000
1417392000,1160.000000,1220.400000,1141.700000,1218.000000,0.0000
1417478400,1212.300000,1212.300000,1191.300000,1199.200000,0.0000
1417564800,1198.100000,1213.700000,1196.100000,1208.500000,0.0000
1417651200,1208.200000,1213.000000,1201.600000,1207.500000,0.0000
1417737600,1203.100000,1206.000000,1186.700000,1190.100000,0.0000
1417996800,1190.600000,1207.000000,1187.200000,1194.700000,0.0000
1418083200,1202.000000,1238.000000,1202.000000,1231.500000,0.0000
1418169600,1231.200000,1234.600000,1226.600000,1228.900000,0.0000
1418256000,1226.600000,1232.000000,1216.200000,1225.100000,0.0000
1418342400,1227.800000,1227.800000,1216.200000,1222.000000,0.0000
1418601600,1223.100000,1223.100000,1198.000000,1207.200000,0.0000
1418688000,1197.200000,1222.000000,1192.700000,1193.900000,0.0000
1418774400,1198.200000,1199.600000,1184.000000,1194.300000,0.0000
1418860800,1189.700000,1207.300000,1189.700000,1194.700000,0.0000
1418947200,1198.000000,1200.800000,1195.900000,1195.900000,0.0000
1419206400,1198.000000,1198.000000,1172.700000,1179.700000,0.0000
1419292800,1179.300000,1180.300000,1175.000000,1177.900000,0.0000
1419379200,1177.000000,1179.300000,1173.500000,1173.500000,0.0000
1419465600,1175.000000,1178.900000,1175.000000,1177.000000,0.0000
1419552000,1177.200000,1195.300000,1177.200000,1195.300000,0.0000
1419811200,1186.500000,1186.500000,1181.300000,1181.700000,0.0000
1419897600,1181.400000,1210.300000,1181.400000,1200.200000,0.0000
1419984000,1199.200000,1199.200000,1182.700000,1183.900000,0.0000
1420070400,1184.100000,1187.500000,1184.100000,1186.800000,0.0000
1420156800,1184.000000,1194.500000,1169.500000,1186.000000,0.0000
1420416000,1180.300000,1206.900000,1180.100000,1203.900000,0.0000
1420502400,1203.500000,1220.000000,1203.500000,1219.300000,0.0000
1420588800,1219.200000,1219.200000,1210.600000,1210.600000,0.0000
1420675200,1207.000000,1215.700000,1206.300000,1208.400000,0.0000
1420761600,1211.100000,1220.200000,1210.300000,1216.000000,0.0000
1421020800,1224.200000,1234.400000,1219.100000,1232.700000,0.0000
1421107200,1239.200000,1239.300000,1230.300000,1234.300000,0.0000
1421193600,1229.600000,1243.800000,1225.600000,1234.400000,0.0000
1421280000,1231.500000,1265.000000,1227.300000,1264.700000,0.0000
1421366400,1256.100000,1279.700000,1256.100000,1276.900000,0.0000
1421539200,1281.000000,1281.900000,1275.700000,1279.000000,0.0000
1421625600,1279.400000,1279.500000,1272.500000,1275.900000,0.0000
1421712000,1278.900000,1297.300000,1273.800000,1294.200000,0.0000
1421798400,1295.200000,1303.500000,1286.700000,1293.700000,0.0000
1421884800,1293.200000,1302.100000,1283.500000,1300.700000,0.0000
1421971200,1299.800000,1299.800000,1292.600000,1292.600000,0.0000
1422230400,1289.500000,1290.600000,1279.400000,1279.400000,0.0000
1422316800,1277.200000,1291.700000,1277.200000,1291.700000,0.0000
1422403200,1285.900000,1286.800000,1285.900000,1285.900000,0.0000
1422489600,1283.300000,1285.400000,1251.000000,1254.600000,0.0000
1422576000,1258.000000,1284.300000,1257.000000,1278.500000,0.0000
1422835200,1284.100000,1284.100000,1266.000000,1276.200000,0.0000
1422921600,1273.500000,1284.700000,1255.300000,1259.700000,0.0000
1423008000,1262.000000,1271.600000,1256.800000,1263.800000,0.0000
1423094400,1271.800000,1272.600000,1257.800000,1262.000000,0.0000
1423180800,1265.000000,1267.600000,1228.000000,1233.900000,0.0000
1423440000,1237.500000,1242.300000,1235.400000,1240.800000,0.0000
1423526400,1237.500000,1245.000000,1231.200000,1231.600000,0.0000
1423612800,1233.300000,1237.400000,1219.000000,1219.000000,0.0000
1423699200,1217.900000,1229.800000,1217.900000,1220.100000,0.0000
1423785600,1222.200000,1232.800000,1222.200000,1226.500000,0.0000
1423958400,1228.200000,1229.300000,1227.800000,1228.800000,0.0000
1424044800,1228.700000,1236.400000,1228.500000,1231.700000,0.0000
1424131200,1227.700000,1234.000000,1203.000000,1208.100000,0.0000
1424217600,1207.100000,1210.200000,1197.800000,1199.700000,0.0000
1424304000,1216.500000,1220.000000,1205.000000,1207.100000,0.0000
1424390400,1206.500000,1213.100000,1199.100000,1204.400000,0.0000
1424649600,1201.300000,1203.300000,1191.600000,1200.300000,0.0000
1424736000,1203.400000,1203.500000,1193.800000,1196.900000,0.0000
1424822400,1204.300000,1204.600000,1201.000000,1201.000000,0.0000
1424908800,1204.800000,1219.000000,1204.800000,1209.600000,0.0000
1424995200,1207.700000,1217.800000,1204.500000,1212.600000,0.0000
1425254400,1214.300000,1222.700000,1204.900000,1207.700000,0.0000
1425340800,1201.500000,1212.000000,1195.000000,1204.000000,0.0000
1425427200,1204.800000,1206.900000,1198.000000,1200.600000,0.0000
1425513600,1201.700000,1205.400000,1195.900000,1195.900000,0.0000
1425600000,1195.000000,1195.700000,1163.700000,1164.100000,0.0000
1425859200,1169.400000,1174.200000,1166.300000,1166.400000,0.0000
1425945600,1166.400000,1168.400000,1156.500000,1160.100000,0.0000
1426032000,1162.000000,1163.500000,1147.700000,1150.700000,0.0000
1426118400,1155.400000,1160.500000,1149.700000,1152.100000,0.0000
1426204800,1158.200000,1159.200000,1152.600000,1152.600000,0.0000
1426464000,1159.700000,1162.300000,1150.100000,1153.300000,0.0000
1426550400,1153.600000,1158.200000,1144.300000,1148.300000,0.0000
1426636800,1148.700000,1174.300000,1147.000000,1151.400000,0.0000
1426723200,1171.600000,1171.600000,1159.300000,1169.100000,0.0000
1426809600,1171.000000,1185.400000,1171.000000,1184.800000,0.0000
1427068800,1181.600000,1188.000000,1181.200000,1188.000000,0.0000
1427155200,1188.000000,1193.000000,1186.000000,1191.700000,0.0000
1427241600,1192.500000,1199.200000,1190.300000,1197.300000,0.0000
1427328000,1198.200000,1213.700000,1198.200000,1205.100000,0.0000
1427414400,1197.000000,1199.800000,1196.300000,1199.800000,0.0000
1427673600,1198.000000,1198.500000,1181.600000,1184.800000,0.0000
1427760000,1185.800000,1190.100000,1178.200000,1183.100000,0.0000
1427846400,1182.900000,1208.200000,1181.000000,1208.100000,0.0000
1427932800,1204.000000,1205.700000,1194.800000,1200.900000,0.0000
1428019200,1200.900000,1200.900000,1200.900000,1200.900000,0.0000
1428278400,1209.900000,1224.200000,1209.900000,1218.600000,0.0000
1428364800,1214.800000,1214.800000,1208.200000,1210.600000,0.0000
1428451200,1208.900000,1211.400000,1197.600000,1203.100000,0.0000
1428537600,1201.700000,1202.500000,1193.000000,1193.600000,0.0000
1428624000,1195.800000,1210.400000,1194.000000,1204.600000,0.0000
1428883200,1208.100000,1208.100000,1198.300000,1199.300000,0.0000
1428969600,1198.800000,1200.600000,1184.100000,1192.800000,0.0000
1429056000,1194.600000,1203.100000,1188.600000,1201.500000,0.0000
1429142400,1204.300000,1208.500000,1194.600000,1198.000000,0.0000
1429228800,1200.200000,1206.000000,1200.200000,1202.900000,0.0000
1429488000,1205.700000,1206.900000,1191.000000,1193.500000,0.0000
1429574400,1193.200000,1202.900000,1192.800000,1202.900000,0.0000
1429660800,1199.100000,1202.600000,1185.200000,1186.900000,0.0000
1429747200,1187.200000,1197.000000,1186.100000,1194.400000,0.0000
1429833600,1192.300000,1194.700000,1174.600000,1175.200000,0.0000
1430092800,1182.300000,1206.700000,1181.400000,1203.300000,0.0000
1430179200,1199.700000,1214.000000,1199.700000,1214.000000,0.0000
1430265600,1211.200000,1212.600000,1201.900000,1209.800000,0.0000
1430352000,1203.100000,1205.900000,1176.700000,1182.400000,0.0000
1430438400,1178.100000,1178.100000,1170.000000,1174.500000,0.0000
1430697600,1177.500000,1189.400000,1177.500000,1186.800000,0.0000
1430784000,1187.500000,1198.700000,1186.900000,1193.200000,0.0000
1430870400,1194.500000,1194.600000,1189.900000,1190.300000,0.0000
1430956800,1181.500000,1186.000000,1179.700000,1182.400000,0.0000
1431043200,1183.300000,1189.100000,1182.900000,1189.100000,0.0000
1431302400,1189.700000,1190.500000,1179.300000,1183.200000,0.0000
1431388800,1194.600000,1194.800000,1189.700000,1192.600000,0.0000
1431475200,1192.700000,1218.400000,1191.000000,1218.400000,0.0000
1431561600,1214.500000,1225.600000,1214.500000,1225.400000,0.0000
1431648000,1218.500000,1225.500000,1214.800000,1225.500000,0.0000
1431907200,1224.500000,1228.100000,1222.600000,1227.800000,0.0000
1431993600,1223.900000,1223.900000,1206.000000,1206.900000,0.0000
1432080000,1205.100000,1210.800000,1205.100000,1208.900000,0.0000
1432166400,1204.500000,1204.500000,1203.700000,1204.400000,0.0000
1432252800,1211.600000,1211.900000,1204.300000,1204.300000,0.0000
1432425600,1205.800000,1205.800000,1203.900000,1204.400000,0.0000
1432512000,1204.600000,1209.000000,1203.300000,1207.400000,0.0000
1432598400,1193.600000,1195.000000,1186.000000,1187.200000,0.0000
1432684800,1185.900000,1185.900000,1185.900000,1185.900000,0.0000
1432771200,1187.100000,1192.000000,1179.600000,1188.100000,0.0000
1432857600,1187.800000,1193.300000,1185.700000,1189.400000,0.0000
1433116800,1190.600000,1204.000000,1184.300000,1188.300000,0.0000
1433203200,1189.000000,1194.900000,1186.000000,1194.100000,0.0000
1433289600,1193.900000,1193.900000,1179.100000,1184.700000,0.0000
1433376000,1184.900000,1185.500000,1173.000000,1174.900000,0.0000
1433462400,1176.400000,1177.300000,1163.300000,1167.800000,0.0000
1433721600,1169.500000,1176.100000,1169.100000,1173.200000,0.0000
1433808000,1172.900000,1181.600000,1172.700000,1177.300000,0.0000
1433894400,1176.100000,1190.100000,1175.600000,1186.100000,0.0000
1433980800,1183.200000,1183.200000,1174.400000,1179.900000,0.0000
1434067200,1180.400000,1181.200000,1176.200000,1178.800000,0.0000
1434326400,1179.900000,1188.500000,1172.700000,1185.300000,0.0000
1434412800,1186.500000,1186.500000,1175.900000,1180.500000,0.0000
1434499200,1177.600000,1186.300000,1174.900000,1176.400000,0.0000
1434585600,1183.400000,1202.000000,1183.400000,1201.500000,0.0000
1434672000,1199.700000,1203.100000,1199.700000,1201.500000,0.0000
1434931200,1197.800000,1197.800000,1182.700000,1183.700000,0.0000
1435017600,1183.800000,1186.000000,1176.200000,1176.200000,0.0000
1435104000,1176.600000,1177.400000,1170.700000,1172.600000,0.0000
1435190400,1175.800000,1175.900000,1171.500000,1171.500000,0.0000
1435276800,1170.500000,1172.900000,1170.500000,1172.900000,0.0000
1435536000,1185.100000,1186.000000,1173.800000,1178.500000,0.0000
1435622400,1176.300000,1176.400000,1166.600000,1171.500000,0.0000
1435708800,1173.100000,1173.100000,1166.600000,1169.000000,0.0000
1435795200,1166.400000,1168.100000,1155.500000,1163.000000,0.0000
1435881600,1164.700000,1169.000000,1164.600000,1167.800000,0.0000
1436140800,1163.900000,1173.000000,1162.200000,1172.900000,0.0000
1436227200,1166.800000,1166.800000,1149.500000,1152.400000,0.0000
1436313600,1152.600000,1163.300000,1146.400000,1163.300000,0.0000
1436400000,1154.800000,1163.600000,1154.800000,1159.000000,0.0000
1436486400,1160.100000,1162.900000,1157.500000,1157.700000,0.0000
1436745600,1159.000000,1159.000000,1151.200000,1155.200000,0.0000
1436832000,1157.200000,1157.200000,1153.000000,1153.300000,0.0000
1436918400,1154.000000,1154.200000,1144.800000,1147.200000,0.0000
1437004800,1146.200000,1146.200000,1142.900000,1143.800000,0.0000
1437091200,1144.000000,1144.000000,1130.200000,1131.800000,0.0000
1437350400,1130.400000,1130.700000,1095.100000,1106.700000,0.0000
1437436800,1097.100000,1106.400000,1097.100000,1103.400000,0.0000
1437523200,1093.000000,1095.000000,1086.000000,1091.400000,0.0000
1437609600,1097.400000,1097.600000,1087.800000,1094.000000,0.0000
1437696000,1078.600000,1100.700000,1078.600000,1085.600000,0.0000
1437955200,1100.000000,1102.500000,1093.900000,1096.500000,0.0000
1438041600,1097.200000,1097.700000,1096.300000,1096.300000,0.0000
1438128000,1096.400000,1096.900000,1092.700000,1092.700000,0.0000
1438214400,1096.100000,1097.500000,1081.000000,1088.400000,0.0000
1438300800,1087.700000,1102.800000,1079.100000,1094.900000,0.0000
1438560000,1095.500000,1097.100000,1085.000000,1089.400000,0.0000
1438646400,1085.100000,1093.900000,1080.500000,1090.700000,0.0000
1438732800,1086.500000,1090.600000,1082.500000,1085.700000,0.0000
1438819200,1084.400000,1092.200000,1083.600000,1090.200000,0.0000
1438905600,1088.900000,1098.300000,1081.700000,1094.100000,0.0000
1439164800,1093.200000,1107.600000,1089.500000,1104.200000,0.0000
1439251200,1103.800000,1116.700000,1094.000000,1107.600000,0.0000
1439337600,1106.000000,1124.500000,1101.500000,1123.200000,0.0000
1439424000,1124.300000,1124.300000,1113.000000,1115.700000,0.0000
1439510400,1113.900000,1118.800000,1112.500000,1112.900000,0.0000
1439769600,1113.800000,1122.000000,1113.800000,1118.600000,0.0000
1439856000,1118.200000,1118.400000,1110.000000,1117.100000,0.0000
1439942400,1117.000000,1134.300000,1116.800000,1128.100000,0.0000
1440028800,1132.800000,1153.300000,1132.800000,1153.000000,0.0000
1440115200,1154.100000,1166.500000,1150.500000,1159.600000,0.0000
1440374400,1164.000000,1169.000000,1147.500000,1153.400000,0.0000
1440460800,1151.500000,1155.500000,1134.000000,1138.200000,0.0000
1440547200,1139.200000,1143.000000,1119.600000,1124.600000,0.0000
1440633600,1127.200000,1127.400000,1118.400000,1122.400000,0.0000
1440720000,1125.300000,1139.000000,1123.600000,1133.100000,0.0000
1440979200,1131.100000,1134.000000,1124.800000,1131.600000,0.0000
1441065600,1133.500000,1144.700000,1133.500000,1138.700000,0.0000
1441152000,1137.300000,1140.400000,1130.800000,1132.500000,0.0000
1441238400,1130.300000,1132.900000,1120.300000,1123.700000,0.0000
1441324800,1123.400000,1125.200000,1116.200000,1120.600000,0.0000
1441497600,1122.300000,1123.100000,1119.600000,1119.900000,0.0000
1441584000,1119.500000,1124.000000,1115.200000,1119.900000,0.0000
1441670400,1119.800000,1122.500000,1116.400000,1120.400000,0.0000
1441756800,1123.500000,1123.500000,1102.100000,1102.200000,0.0000
1441843200,1107.300000,1113.500000,1105.500000,1109.500000,0.0000
1441929600,1110.800000,1111.700000,1098.200000,1103.500000,0.0000
1442188800,1107.800000,1108.600000,1104.100000,1107.700000,0.0000
1442275200,1104.500000,1104.500000,1102.800000,1102.800000,0.0000
1442361600,1109.800000,1119.900000,1109.800000,1119.200000,0.0000
1442448000,1118.600000,1130.500000,1117.100000,1117.300000,0.0000
1442534400,1128.300000,1141.200000,1127.800000,1138.100000,0.0000
1442793600,1137.600000,1138.500000,1130.800000,1133.100000,0.0000
1442880000,1132.600000,1135.000000,1122.500000,1125.000000,0.0000
1442966400,1128.600000,1132.200000,1128.300000,1131.600000,0.0000
1443052800,1133.000000,1155.900000,1133.000000,1153.800000,0.0000
1443139200,1149.800000,1149.800000,1143.400000,1146.000000,0.0000
1443398400,1133.200000,1133.200000,1132.000000,1132.000000,0.0000
1443484800,1132.200000,1134.400000,1124.300000,1127.100000,0.0000
1443571200,1124.300000,1126.000000,1112.100000,1115.500000,0.0000
1443657600,1115.200000,1119.000000,1113.300000,1114.200000,0.0000
1443744000,1112.200000,1141.200000,1105.800000,1137.100000,0.0000
1444003200,1137.100000,1141.700000,1132.500000,1138.100000,0.0000
1444089600,1136.300000,1150.000000,1136.300000,1146.800000,0.0000
1444176000,1147.600000,1152.900000,1143.000000,1149.000000,0.0000
1444262400,1142.700000,1146.700000,1138.700000,1144.700000,0.0000
1444348800,1151.600000,1157.200000,1151.600000,1156.300000,0.0000
1444608000,1155.900000,1166.800000,1155.900000,1164.900000,0.0000
1444694400,1163.500000,1166.200000,1154.900000,1165.800000,0.0000
1444780800,1172.400000,1189.000000,1167.300000,1180.100000,0.0000
1444867200,1184.200000,1188.300000,1177.800000,1187.900000,0.0000
1444953600,1182.500000,1184.100000,1176.200000,1183.600000,0.0000
1445212800,1176.500000,1177.800000,1169.300000,1173.300000,0.0000
1445299200,1168.700000,1179.100000,1168.700000,1178.000000,0.0000
1445385600,1175.900000,1176.400000,1164.900000,1167.600000,0.0000
1445472000,1166.200000,1168.600000,1163.500000,1166.600000,0.0000
1445558400,1166.200000,1178.700000,1163.300000,1163.300000,0.0000
1445817600,1165.100000,1170.000000,1163.800000,1167.000000,0.0000
1445904000,1164.500000,1166.800000,1162.000000,1166.800000,0.0000
1445990400,1175.100000,1182.700000,1175.100000,1177.100000,0.0000
1446076800,1158.000000,1162.000000,1144.900000,1147.200000,0.0000
1446163200,1147.500000,1147.600000,1139.200000,1141.500000,0.0000
1446422400,1137.900000,1138.700000,1132.600000,1135.800000,0.0000
1446508800,1133.300000,1134.700000,1114.200000,1114.200000,0.0000
1446595200,1119.000000,1121.900000,1106.500000,1106.500000,0.0000
1446681600,1107.900000,1110.700000,1104.400000,1104.400000,0.0000
1446768000,1105.200000,1109.500000,1084.800000,1087.600000,0.0000
1447027200,1088.600000,1088.600000,1087.900000,1087.900000,0.0000
1447113600,1090.100000,1091.300000,1085.000000,1088.200000,0.0000
1447200000,1091.400000,1091.400000,1084.200000,1084.700000,0.0000
1447286400,1086.000000,1086.600000,1080.800000,1080.800000,0.0000
1447372800,1083.100000,1085.900000,1080.800000,1080.800000,0.0000
1447632000,1092.000000,1092.400000,1083.700000,1083.700000,0.0000
1447718400,1075.500000,1075.800000,1065.100000,1068.700000,0.0000
1447804800,1064.000000,1071.900000,1064.000000,1068.800000,0.0000
1447891200,1077.400000,1082.400000,1077.400000,1078.000000,0.0000
1447977600,1082.900000,1082.900000,1076.400000,1076.400000,0.0000
1448236800,1070.000000,1071.500000,1066.800000,1066.800000,0.0000
1448323200,1073.200000,1079.400000,1073.200000,1074.300000,0.0000
1448409600,1070.200000,1072.000000,1068.500000,1070.500000,0.0000
1448496000,1070.100000,1074.200000,1069.200000,1070.800000,0.0000
1448582400,1070.700000,1074.200000,1051.100000,1056.200000,0.0000
1448841600,1056.500000,1068.400000,1052.100000,1065.800000,0.0000
1448928000,1064.600000,1074.600000,1063.400000,1063.800000,0.0000
1449014400,1068.700000,1069.500000,1049.600000,1054.200000,0.0000
1449100800,1054.400000,1064.600000,1046.200000,1061.700000,0.0000
1449187200,1063.000000,1088.800000,1058.700000,1084.500000,0.0000
1449446400,1084.900000,1086.500000,1067.400000,1076.400000,0.0000
1449532800,1071.000000,1078.400000,1069.600000,1076.300000,0.0000
1449619200,1075.100000,1086.000000,1070.600000,1077.600000,0.0000
1449705600,1073.000000,1076.300000,1071.700000,1073.100000,0.0000
1449792000,1067.800000,1079.400000,1064.400000,1076.900000,0.0000
1450051200,1074.000000,1076.700000,1060.000000,1064.700000,0.0000
1450137600,1064.600000,1066.200000,1061.800000,1062.900000,0.0000
1450224000,1064.800000,1078.700000,1064.300000,1078.000000,0.0000
1450310400,1072.600000,1072.600000,1050.500000,1050.800000,0.0000
1450396800,1053.700000,1070.300000,1052.700000,1066.200000,0.0000
1450656000,1070.200000,1081.900000,1070.200000,1081.900000,0.0000
1450742400,1078.600000,1078.600000,1073.800000,1074.800000,0.0000
1450828800,1074.500000,1074.800000,1069.400000,1069.400000,0.0000
1450915200,1074.300000,1077.800000,1073.500000,1077.200000,0.0000
1451260800,1077.900000,1098.800000,1070.500000,1070.500000,0.0000
1451347200,1079.100000,1079.700000,1077.500000,1077.500000,0.0000
1451433600,1068.600000,1070.200000,1059.700000,1060.100000,0.0000
1451520000,1061.900000,1062.000000,1058.500000,1060.300000,0.0000
1451865600,1063.400000,1082.500000,1063.200000,1075.100000,0.0000
1451952000,1075.600000,1081.500000,1075.300000,1078.400000,0.0000
1452038400,1081.600000,1093.700000,1081.600000,1091.900000,0.0000
1452124800,1091.600000,1109.400000,1091.600000,1107.700000,0.0000
1452211200,1111.100000,1111.100000,1093.000000,1097.800000,0.0000
1452470400,1105.700000,1107.900000,1096.500000,1096.500000,0.0000
1452556800,1093.800000,1098.500000,1084.000000,1085.600000,0.0000
1452643200,1081.500000,1093.900000,1081.500000,1087.500000,0.0000
1452729600,1091.500000,1091.500000,1073.700000,1073.900000,0.0000
1452816000,1085.000000,1095.800000,1081.800000,1091.500000,0.0000
1452988800,1088.600000,1090.800000,1088.600000,1090.300000,0.0000
1453075200,1090.200000,1093.300000,1087.400000,1088.500000,0.0000
1453161600,1089.800000,1094.400000,1084.900000,1089.900000,0.0000
1453248000,1099.800000,1109.800000,1099.800000,1107.100000,0.0000
1453334400,1103.600000,1103.600000,1094.100000,1099.100000,0.0000
1453420800,1098.000000,1103.200000,1097.200000,1097.200000,0.0000
1453680000,1099.300000,1109.300000,1099.300000,1106.200000,0.0000
1453766400,1115.100000,1121.700000,1114.300000,1121.700000,0.0000
1453852800,1117.800000,1117.800000,1115.800000,1116.100000,0.0000
1453939200,1125.400000,1125.700000,1109.800000,1115.600000,0.0000
1454025600,1114.400000,1118.600000,1108.800000,1116.400000,0.0000
1454284800,1116.700000,1130.000000,1115.300000,1127.900000,0.0000
1454371200,1128.300000,1131.400000,1123.000000,1127.300000,0.0000
1454457600,1128.500000,1146.000000,1125.000000,1141.300000,0.0000
1454544000,1142.500000,1157.600000,1141.000000,1157.600000,0.0000
1454630400,1155.600000,1174.800000,1146.000000,1157.800000,0.0000
1454889600,1173.500000,1200.400000,1165.000000,1197.900000,0.0000
1454976000,1188.700000,1199.200000,1186.700000,1198.700000,0.0000
1455062400,1189.800000,1197.700000,1182.100000,1194.700000,0.0000
1455148800,1205.600000,1260.800000,1204.600000,1247.900000,0.0000
1455235200,1247.800000,1247.800000,1233.500000,1239.100000,0.0000
1455408000,1235.700000,1235.900000,1231.400000,1233.600000,0.0000
1455494400,1234.000000,1235.100000,1202.800000,1208.100000,0.0000
1455580800,1233.100000,1233.600000,1193.600000,1207.900000,0.0000
1455667200,1196.500000,1212.900000,1196.500000,1211.100000,0.0000
1455753600,1209.600000,1239.200000,1201.600000,1226.100000,0.0000
1455840000,1230.800000,1232.800000,1221.800000,1230.400000,0.0000
1456099200,1226.100000,1226.100000,1203.000000,1209.500000,0.0000
1456185600,1207.400000,1226.100000,1207.400000,1222.300000,0.0000
1456272000,1230.000000,1250.100000,1230.000000,1238.700000,0.0000
1456358400,1239.400000,1241.500000,1235.000000,1238.200000,0.0000
1456444800,1232.400000,1239.100000,1212.200000,1219.800000,0.0000
1456704000,1218.600000,1241.000000,1218.600000,1233.900000,0.0000
1456790400,1240.500000,1248.400000,1229.000000,1230.300000,0.0000
1456876800,1232.800000,1242.600000,1226.000000,1241.100000,0.0000
1456963200,1238.400000,1267.900000,1238.000000,1257.400000,0.0000
1457049600,1263.000000,1279.900000,1250.900000,1269.900000,0.0000
1457308800,1259.800000,1272.300000,1259.700000,1263.200000,0.0000
1457395200,1268.700000,1276.300000,1261.000000,1262.100000,0.0000
1457481600,1254.500000,1260.000000,1244.800000,1256.600000,0.0000
1457568000,1250.000000,1273.000000,1237.500000,1272.000000,0.0000
1457654400,1270.000000,1280.700000,1249.400000,1258.700000,0.0000
1457913600,1256.000000,1258.000000,1234.500000,1244.400000,0.0000
1458000000,1228.300000,1236.000000,1228.000000,1230.400000,0.0000
1458086400,1229.500000,1263.800000,1228.900000,1229.300000,0.0000
1458172800,1261.500000,1270.100000,1255.900000,1264.500000,0.0000
1458259200,1257.100000,1264.400000,1251.500000,1253.800000,0.0000
1458518400,1256.200000,1256.200000,1243.400000,1243.800000,0.0000
1458604800,1244.000000,1252.400000,1243.800000,1248.200000,0.0000
1458691200,1247.700000,1247.700000,1218.600000,1223.700000,0.0000
1458777600,1214.200000,1221.400000,1214.200000,1221.400000,0.0000
1458864000,1216.700000,1216.700000,1216.700000,1216.700000,0.0000
1459123200,1211.500000,1222.200000,1210.000000,1219.900000,0.0000
1459209600,1217.800000,1235.600000,1217.700000,1235.600000,0.0000
1459296000,1241.400000,1245.000000,1223.400000,1226.900000,0.0000
1459382400,1225.600000,1239.600000,1224.500000,1234.200000,0.0000
1459468800,1232.300000,1235.200000,1209.200000,1222.200000,0.0000
1459728000,1221.700000,1222.300000,1215.000000,1218.000000,0.0000
1459814400,1215.400000,1236.700000,1215.400000,1228.400000,0.0000
1459900800,1230.400000,1230.400000,1217.600000,1222.500000,0.0000
1459987200,1224.800000,1242.900000,1224.600000,1236.200000,0.0000
1460073600,1241.000000,1242.800000,1232.000000,1242.500000,0.0000
1460332800,1241.500000,1258.700000,1241.500000,1256.700000,0.0000
1460419200,1260.000000,1261.700000,1253.700000,1259.400000,0.0000
1460505600,1256.500000,1256.900000,1241.300000,1246.800000,0.0000
1460592000,1231.400000,1243.700000,1224.500000,1225.000000,0.0000
1460678400,1225.700000,1235.000000,1225.700000,1233.100000,0.0000
1460937600,1238.700000,1241.100000,1232.200000,1233.600000,0.0000
1461024000,1231.600000,1256.200000,1228.800000,1253.000000,0.0000
1461110400,1256.100000,1256.100000,1243.000000,1253.200000,0.0000
1461196800,1247.700000,1270.600000,1247.600000,1249.000000,0.0000
1461283200,1248.500000,1248.500000,1228.000000,1228.700000,0.0000
1461542400,1231.600000,1240.900000,1231.600000,1238.900000,0.0000
1461628800,1239.800000,1244.200000,1233.000000,1242.200000,0.0000
1461715200,1248.600000,1249.500000,1248.600000,1249.200000,0.0000
1461801600,1245.900000,1270.100000,1238.500000,1265.500000,0.0000
1461888000,1267.300000,1295.500000,1267.200000,1289.200000,0.0000
1462147200,1292.100000,1304.400000,1290.400000,1294.700000,0.0000
1462233600,1292.700000,1301.500000,1284.500000,1290.700000,0.0000
1462320000,1286.900000,1290.000000,1273.000000,1273.300000,0.0000
1462406400,1282.900000,1286.000000,1270.800000,1271.400000,0.0000
1462492800,1278.600000,1295.600000,1276.900000,1292.900000,0.0000
1462752000,1286.500000,1286.500000,1262.300000,1265.600000,0.0000
1462838400,1265.100000,1267.400000,1258.700000,1263.900000,0.0000
1462924800,1266.900000,1279.200000,1266.900000,1274.600000,0.0000
1463011200,1267.000000,1281.200000,1264.000000,1270.300000,0.0000
1463097600,1271.400000,1275.700000,1264.600000,1271.900000,0.0000
1463356800,1272.800000,1287.800000,1272.800000,1273.400000,0.0000
1463443200,1272.500000,1281.600000,1270.800000,1276.200000,0.0000
1463529600,1276.400000,1276.400000,1256.800000,1273.700000,0.0000
1463616000,1248.000000,1255.500000,1247.500000,1254.200000,0.0000
1463702400,1256.600000,1256.600000,1252.400000,1252.400000,0.0000
1463961600,1251.600000,1251.600000,1247.500000,1251.100000,0.0000
1464048000,1240.000000,1240.000000,1228.200000,1228.900000,0.0000
1464134400,1219.300000,1223.500000,1218.600000,1223.500000,0.0000
1464220800,1232.600000,1232.600000,1220.100000,1220.100000,0.0000
1464307200,1220.300000,1223.200000,1206.400000,1213.800000,0.0000
1464566400,1208.250000,1213.150000,1201.800000,1212.150000,0.0000
1464652800,1212.500000,1217.600000,1199.000000,1214.800000,0.0000
1464739200,1215.700000,1219.800000,1205.400000,1211.900000,0.0000
1464825600,1212.400000,1217.000000,1209.600000,1209.800000,0.0000
1464912000,1209.100000,1244.500000,1206.400000,1240.100000,0.0000
1465171200,1244.400000,1247.300000,1240.000000,1244.600000,0.0000
1465257600,1244.000000,1244.900000,1236.500000,1244.400000,0.0000
1465344000,1247.600000,1264.000000,1247.300000,1259.800000,0.0000
1465430400,1262.500000,1271.400000,1258.100000,1270.200000,0.0000
1465516800,1267.600000,1278.000000,1265.300000,1273.400000,0.0000
1465776000,1276.200000,1287.300000,1273.000000,1284.400000,0.0000
1465862400,1281.800000,1289.700000,1277.800000,1285.600000,0.0000
1465948800,1284.600000,1296.200000,1278.800000,1285.800000,0.0000
1466035200,1296.300000,1316.400000,1281.100000,1296.100000,0.0000
1466121600,1280.300000,1300.100000,1280.300000,1292.500000,0.0000
1466380800,1288.900000,1291.200000,1280.300000,1290.000000,0.0000
1466467200,1293.900000,1293.900000,1266.300000,1270.500000,0.0000
1466553600,1267.000000,1269.200000,1264.900000,1268.000000,0.0000
1466640000,1263.400000,1270.500000,1255.200000,1261.200000,0.0000
1466726400,1253.700000,1355.600000,1253.700000,1320.000000,0.0000
1466985600,1330.000000,1331.700000,1320.000000,1322.500000,0.0000
1467072000,1314.800000,1315.600000,1314.100000,1315.300000,0.0000
1467158400,1311.600000,1327.400000,1311.600000,1323.900000,0.0000
1467244800,1315.800000,1323.500000,1314.500000,1318.400000,0.0000
1467331200,1324.500000,1344.200000,1321.900000,1336.700000,0.0000
1467504000,1344.500000,1347.550000,1338.850000,1345.500000,0.0000
1467590400,1345.000000,1360.150000,1343.000000,1352.000000,0.0000
1467676800,1342.200000,1356.800000,1339.700000,1356.400000,0.0000
1467763200,1359.000000,1374.900000,1359.000000,1364.900000,0.0000
1467849600,1366.800000,1368.600000,1350.500000,1360.100000,0.0000
1467936000,1361.300000,1365.800000,1335.000000,1356.600000,0.0000
1468195200,1371.700000,1371.800000,1353.000000,1355.000000,0.0000
1468281600,1353.600000,1356.000000,1330.300000,1334.100000,0.0000
1468368000,1341.500000,1342.400000,1336.700000,1342.400000,0.0000
1468454400,1341.400000,1341.400000,1322.700000,1331.300000,0.0000
1468540800,1333.700000,1333.700000,1322.900000,1326.500000,0.0000
1468800000,1327.500000,1335.000000,1326.200000,1328.400000,0.0000
1468886400,1328.500000,1333.200000,1326.400000,1331.500000,0.0000
1468972800,1331.000000,1337.500000,1315.500000,1318.800000,0.0000
1469059200,1312.800000,1330.500000,1312.800000,1330.500000,0.0000
1469145600,1330.700000,1330.700000,1320.400000,1323.100000,0.0000
1469404800,1315.700000,1319.300000,1313.800000,1319.300000,0.0000
1469491200,1315.200000,1320.700000,1315.200000,1320.700000,0.0000
1469577600,1326.000000,1326.600000,1326.000000,1326.600000,0.0000
1469664000,1339.500000,1344.300000,1330.100000,1332.300000,0.0000
1469750400,1333.200000,1353.300000,1325.800000,1349.000000,0.0000
1470009600,1348.800000,1353.500000,1345.600000,1351.400000,0.0000
1470096000,1352.100000,1366.000000,1346.600000,1364.400000,0.0000
1470182400,1362.400000,1364.700000,1353.300000,1356.100000,0.0000
1470268800,1354.400000,1361.600000,1347.000000,1358.800000,0.0000
1470355200,1357.600000,1360.800000,1333.700000,1336.400000,0.0000
1470614400,1330.000000,1335.400000,1327.800000,1333.400000,0.0000
1470700800,1331.800000,1339.400000,1328.500000,1339.000000,0.0000
1470787200,1344.800000,1354.200000,1344.300000,1344.300000,0.0000
1470873600,1341.600000,1350.400000,1334.800000,1342.500000,0.0000
1470960000,1336.800000,1351.800000,1333.200000,1335.800000,0.0000
1471219200,1336.500000,1340.600000,1333.600000,1340.300000,0.0000
1471305600,1342.200000,1355.000000,1341.000000,1350.500000,0.0000
1471392000,1345.500000,1347.300000,1338.600000,1342.700000,0.0000
1471478400,1351.300000,1354.400000,1348.200000,1351.200000,0.0000
1471564800,1350.100000,1350.100000,1338.600000,1340.400000,0.0000
1471824000,1334.400000,1337.700000,1333.300000,1337.700000,0.0000
1471910400,1337.000000,1341.200000,1334.300000,1340.600000,0.0000
1471996800,1337.200000,1337.200000,1322.900000,1324.400000,0.0000
1472083200,1321.400000,1324.000000,1317.000000,1320.100000,0.0000
1472169600,1323.800000,1340.500000,1320.100000,1321.500000,0.0000
1472428800,1315.000000,1323.000000,1315.000000,1322.900000,0.0000
1472515200,1322.000000,1322.100000,1308.000000,1311.700000,0.0000
1472601600,1310.300000,1313.700000,1306.300000,1306.900000,0.0000
1472688000,1305.300000,1313.100000,1301.500000,1312.200000,0.0000
1472774400,1309.600000,1326.700000,1309.200000,1322.100000,0.0000
1472947200,1328.200000,1328.750000,1326.150000,1326.250000,0.0000
1473033600,1326.350000,1332.150000,1325.550000,1331.100000,0.0000
1473120000,1323.300000,1349.400000,1323.200000,1349.400000,0.0000
1473206400,1348.400000,1350.500000,1343.900000,1344.300000,0.0000
1473292800,1344.800000,1345.400000,1335.700000,1336.800000,0.0000
1473379200,1338.500000,1338.500000,1328.000000,1330.100000,0.0000
1473638400,1327.000000,1329.300000,1319.900000,1321.000000,0.0000
1473724800,1324.600000,1324.600000,1315.000000,1319.000000,0.0000
1473811200,1319.200000,1322.300000,1319.200000,1321.500000,0.0000
1473897600,1320.700000,1320.700000,1310.800000,1313.500000,0.0000
1473984000,1312.200000,1312.600000,1305.800000,1305.800000,0.0000
1474243200,1313.500000,1313.500000,1313.500000,1313.500000,0.0000
1474329600,1313.700000,1313.700000,1313.700000,1313.700000,0.0000
1474416000,1326.300000,1326.900000,1324.000000,1326.900000,0.0000
1474502400,1338.600000,1340.400000,1338.200000,1340.400000,0.0000
1474588800,1337.200000,1337.200000,1337.200000,1337.200000,0.0000
1474848000,1335.200000,1341.800000,1335.200000,1339.700000,0.0000
1474934400,1328.000000,1328.700000,1325.900000,1325.900000,0.0000
1475020800,1319.400000,1319.400000,1319.400000,1319.400000,0.0000
1475107200,1321.200000,1325.000000,1314.700000,1321.700000,0.0000
1475193600,1320.600000,1327.700000,1312.900000,1313.300000,0.0000
1475452800,1313.500000,1316.800000,1308.200000,1309.000000,0.0000
1475539200,1307.600000,1310.200000,1266.300000,1266.300000,0.0000
1475625600,1272.100000,1274.000000,1261.300000,1265.200000,0.0000
1475712000,1265.300000,1265.300000,1249.800000,1249.800000,0.0000
1475798400,1253.900000,1263.600000,1248.900000,1248.900000,0.0000
1476057600,1258.800000,1260.400000,1256.900000,1257.500000,0.0000
1476144000,1258.900000,1258.900000,1253.000000,1253.000000,0.0000
1476230400,1251.700000,1254.000000,1251.100000,1251.100000,0.0000
1476316800,1258.700000,1259.000000,1255.000000,1255.000000,0.0000
1476403200,1253.900000,1253.900000,1250.600000,1253.100000,0.0000
1476662400,1249.900000,1255.000000,1249.900000,1254.400000,0.0000
1476748800,1260.900000,1261.700000,1260.800000,1260.800000,0.0000
1476835200,1262.900000,1271.500000,1262.900000,1267.900000,0.0000
1476921600,1270.000000,1270.500000,1265.500000,1265.600000,0.0000
1477008000,1265.900000,1265.900000,1265.900000,1265.900000,0.0000
1477267200,1269.200000,1269.200000,1261.800000,1262.000000,0.0000
1477353600,1264.100000,1274.100000,1264.100000,1271.900000,0.0000
1477440000,1274.000000,1274.000000,1264.800000,1264.800000,0.0000
1477526400,1269.400000,1269.400000,1267.900000,1267.900000,0.0000
1477612800,1270.300000,1281.500000,1262.000000,1275.500000,0.0000
1477872000,1276.600000,1276.600000,1271.500000,1271.500000,0.0000
1477958400,1279.300000,1290.700000,1279.000000,1286.400000,0.0000
1478044800,1288.300000,1307.000000,1288.300000,1306.800000,0.0000
1478131200,1296.400000,1303.100000,1287.300000,1302.100000,0.0000
1478217600,1300.000000,1303.300000,1296.700000,1303.300000,0.0000
1478476800,1292.000000,1294.500000,1278.300000,1278.300000,0.0000
1478563200,1284.100000,1289.400000,1273.200000,1273.400000,0.0000
1478649600,1272.200000,1318.600000,1270.000000,1272.600000,0.0000
1478736000,1274.400000,1287.500000,1253.300000,1265.500000,0.0000
1478822400,1253.700000,1258.700000,1219.100000,1223.500000,0.0000
1479081600,1227.800000,1229.500000,1210.400000,1221.200000,0.0000
1479168000,1224.300000,1226.000000,1222.500000,1224.000000,0.0000
1479254400,1229.300000,1229.300000,1223.000000,1223.400000,0.0000
1479340800,1224.600000,1225.000000,1211.000000,1216.500000,0.0000
1479427200,1211.900000,1211.900000,1207.200000,1208.500000,0.0000
1479686400,1209.600000,1209.600000,1209.600000,1209.600000,0.0000
1479772800,1210.400000,1211.100000,1207.600000,1211.000000,0.0000
1479859200,1212.800000,1213.800000,1186.800000,1189.100000,0.0000
1479945600,1189.200000,1190.300000,1179.750000,1185.550000,0.0000
1480032000,1177.000000,1189.300000,1177.000000,1178.200000,0.0000
1480291200,1188.000000,1190.600000,1188.000000,1190.600000,0.0000
1480377600,1193.200000,1194.800000,1179.400000,1187.900000,0.0000
1480464000,1187.100000,1193.300000,1167.900000,1170.800000,0.0000
1480550400,1172.700000,1174.600000,1160.000000,1166.900000,0.0000
1480636800,1172.300000,1177.300000,1166.400000,1175.100000,0.0000
1480896000,1181.800000,1186.700000,1157.000000,1174.000000,0.0000
1480982400,1170.900000,1174.500000,1167.100000,1167.600000,0.0000
1481068800,1167.700000,1178.500000,1166.400000,1175.000000,0.0000
1481155200,1173.800000,1177.800000,1169.100000,1169.800000,0.0000
1481241600,1166.600000,1168.800000,1156.000000,1159.400000,0.0000
1481500800,1158.300000,1163.900000,1153.000000,1163.500000,0.0000
1481587200,1163.500000,1164.000000,1155.400000,1156.700000,0.0000
1481673600,1159.800000,1164.000000,1142.000000,1161.300000,0.0000
1481760000,1139.800000,1143.300000,1123.900000,1127.800000,0.0000
1481846400,1126.900000,1140.900000,1126.900000,1135.300000,0.0000
1482105600,1139.400000,1140.700000,1137.900000,1140.500000,0.0000
1482192000,1133.500000,1133.500000,1126.500000,1131.500000,0.0000
1482278400,1136.100000,1136.100000,1130.000000,1131.100000,0.0000
1482364800,1131.200000,1132.800000,1128.300000,1128.800000,0.0000
1482451200,1130.900000,1132.800000,1130.300000,1131.900000,0.0000
1482624000,1135.000000,1135.000000,1135.000000,1135.000000,0.0000
1482710400,1135.000000,1136.050000,1134.000000,1134.550000,0.0000
1482796800,1134.300000,1142.200000,1134.300000,1137.300000,0.0000
1482883200,1141.200000,1141.200000,1138.000000,1139.400000,0.0000
1482969600,1143.800000,1158.800000,1143.600000,1156.400000,0.0000
1483056000,1162.000000,1162.000000,1150.000000,1150.000000,0.0000
1483315200,1151.000000,1153.250000,1150.000000,1151.050000,0.0000
1483401600,1155.200000,1160.800000,1146.500000,1160.400000,0.0000
1483488000,1156.300000,1165.000000,1156.300000,1163.800000,0.0000
1483574400,1172.000000,1183.300000,1171.500000,1179.700000,0.0000
1483660800,1176.500000,1176.500000,1171.900000,1171.900000,0.0000
1483920000,1173.900000,1183.600000,1173.000000,1183.500000,0.0000
1484006400,1184.300000,1188.900000,1182.300000,1184.200000,0.0000
1484092800,1187.500000,1197.000000,1176.500000,1195.600000,0.0000
1484179200,1192.700000,1204.300000,1192.300000,1198.900000,0.0000
1484265600,1195.700000,1196.000000,1187.700000,1195.300000,0.0000
1484438400,1197.300000,1205.050000,1197.300000,1203.350000,0.0000
1484524800,1203.250000,1208.450000,1200.000000,1202.850000,0.0000
1484611200,1205.500000,1214.600000,1200.800000,1212.000000,0.0000
1484697600,1213.600000,1214.700000,1203.100000,1211.300000,0.0000
1484784000,1200.500000,1204.000000,1195.800000,1200.900000,0.0000
1484870400,1202.800000,1212.100000,1202.800000,1204.300000,0.0000
1485129600,1212.000000,1215.000000,1210.000000,1215.000000,0.0000
1485216000,1219.000000,1219.000000,1207.700000,1210.300000,0.0000
1485302400,1202.000000,1202.800000,1194.900000,1197.300000,0.0000
1485388800,1199.700000,1199.700000,1185.600000,1189.500000,0.0000
1485475200,1187.900000,1188.300000,1187.900000,1188.100000,0.0000
1485734400,1191.700000,1198.500000,1187.100000,1193.200000,0.0000
1485820800,1194.900000,1214.700000,1193.500000,1208.600000,0.0000
1485907200,1211.900000,1211.900000,1197.900000,1205.600000,0.0000
1485993600,1209.700000,1224.200000,1208.900000,1216.700000,0.0000
1486080000,1214.900000,1220.600000,1206.200000,1218.500000,0.0000
1486339200,1221.900000,1235.400000,1218.500000,1230.000000,0.0000
1486425600,1234.200000,1236.200000,1228.500000,1234.200000,0.0000
1486512000,1232.100000,1243.900000,1231.000000,1237.600000,0.0000
1486598400,1239.400000,1243.500000,1226.900000,1235.100000,0.0000
1486684800,1227.600000,1234.400000,1221.500000,1234.400000,0.0000
1486944000,1230.500000,1231.100000,1219.000000,1224.400000,0.0000
1487030400,1225.900000,1233.500000,1222.100000,1223.900000,0.0000
1487116800,1225.500000,1231.700000,1217.300000,1231.700000,0.0000
1487203200,1234.500000,1240.700000,1233.200000,1240.000000,0.0000
1487289600,1240.700000,1241.200000,1234.800000,1237.600000,0.0000
1487462400,1236.000000,1239.250000,1236.000000,1237.300000,0.0000
1487548800,1237.250000,1240.150000,1233.500000,1238.200000,0.0000
1487635200,1237.300000,1237.500000,1228.100000,1237.500000,0.0000
1487721600,1236.100000,1238.600000,1231.800000,1232.000000,0.0000
1487808000,1236.100000,1250.300000,1236.100000,1250.200000,0.0000
1487894400,1250.000000,1258.800000,1250.000000,1256.900000,0.0000
1488153600,1254.700000,1263.100000,1250.400000,1257.400000,0.0000
1488240000,1253.600000,1257.300000,1247.200000,1252.600000,0.0000
1488326400,1247.800000,1248.900000,1236.900000,1248.900000,0.0000
1488412800,1247.200000,1247.600000,1230.700000,1231.900000,0.0000
1488499200,1231.700000,1235.200000,1222.900000,1225.500000,0.0000
1488758400,1235.200000,1235.200000,1224.500000,1224.500000,0.0000
1488844800,1224.300000,1225.400000,1213.700000,1215.100000,0.0000
1488931200,1212.200000,1212.200000,1206.700000,1208.500000,0.0000
1489017600,1204.500000,1205.600000,1202.300000,1202.400000,0.0000
1489104000,1196.200000,1203.300000,1196.200000,1200.700000,0.0000
1489363200,1206.200000,1210.000000,1202.300000,1202.400000,0.0000
1489449600,1203.100000,1205.900000,1196.800000,1201.900000,0.0000
1489536000,1198.200000,1221.200000,1197.700000,1200.100000,0.0000
1489622400,1222.200000,1231.400000,1222.200000,1226.500000,0.0000
1489708800,1227.100000,1230.900000,1227.100000,1229.800000,0.0000
1489968000,1229.300000,1234.400000,1229.300000,1233.600000,0.0000
1490054400,1226.400000,1246.100000,1226.400000,1246.100000,0.0000
1490140800,1247.900000,1249.500000,1247.700000,1249.300000,0.0000
1490227200,1246.400000,1247.500000,1244.800000,1246.900000,0.0000
1490313600,1248.000000,1248.300000,1247.600000,1248.200000,0.0000
1490572800,1255.800000,1257.700000,1253.800000,1255.400000,0.0000
1490659200,1255.900000,1255.900000,1255.300000,1255.300000,0.0000
1490745600,1252.200000,1253.400000,1252.100000,1253.400000,0.0000
1490832000,1253.100000,1253.600000,1241.100000,1245.000000,0.0000
1490918400,1242.100000,1248.800000,1238.700000,1247.300000,0.0000
1491177600,1247.500000,1252.400000,1243.600000,1250.800000,0.0000
1491264000,1253.100000,1260.300000,1253.000000,1255.000000,0.0000
1491350400,1255.400000,1255.400000,1243.000000,1245.400000,0.0000
1491436800,1256.100000,1257.500000,1249.000000,1250.300000,0.0000
1491523200,1249.500000,1269.100000,1249.500000,1254.300000,0.0000
1491782400,1252.700000,1255.200000,1246.800000,1251.100000,0.0000
1491868800,1254.500000,1273.500000,1254.500000,1271.200000,0.0000
1491955200,1275.000000,1285.100000,1272.000000,1275.300000,0.0000
1492041600,1285.300000,1287.600000,1282.000000,1285.900000,0.0000
1492128000,1289.650000,1289.650000,1289.650000,1289.650000,0.0000
1492387200,1291.800000,1294.800000,1284.300000,1289.400000,0.0000
1492473600,1283.900000,1291.700000,1278.600000,1291.700000,0.0000
1492560000,1288.000000,1288.000000,1274.000000,1281.400000,0.0000
1492646400,1279.700000,1281.900000,1276.200000,1281.900000,0.0000
1492732800,1279.800000,1287.400000,1279.200000,1287.400000,0.0000
1492992000,1275.000000,1276.400000,1265.000000,1275.800000,0.0000
1493078400,1275.600000,1276.900000,1262.100000,1265.600000,0.0000
1493164800,1266.000000,1266.000000,1262.100000,1262.100000,0.0000
1493251200,1266.700000,1267.200000,1262.200000,1263.700000,0.0000
1493337600,1265.900000,1267.200000,1264.700000,1266.100000,0.0000
1493596800,1268.700000,1269.300000,1253.300000,1253.300000,0.0000
1493683200,1256.200000,1256.200000,1251.200000,1255.100000,0.0000
1493769600,1255.100000,1255.800000,1238.700000,1246.400000,0.0000
1493856000,1239.800000,1239.800000,1224.200000,1226.500000,0.0000
1493942400,1227.000000,1233.700000,1224.800000,1224.800000,0.0000
1494201600,1224.000000,1234.000000,1224.000000,1225.300000,0.0000
1494288000,1226.100000,1226.200000,1214.000000,1214.300000,0.0000
1494374400,1219.800000,1220.200000,1217.300000,1217.300000,0.0000
1494460800,1218.500000,1222.700000,1218.300000,1222.700000,0.0000
1494547200,1228.000000,1229.500000,1226.100000,1226.200000,0.0000
1494806400,1227.500000,1232.700000,1227.500000,1228.600000,0.0000
1494892800,1230.400000,1237.300000,1230.400000,1235.000000,0.0000
1494979200,1241.000000,1259.200000,1240.700000,1257.500000,0.0000
1495065600,1254.800000,1260.000000,1245.800000,1251.700000,0.0000
1495152000,1252.700000,1252.700000,1252.700000,1252.700000,0.0000
1495411200,1251.700000,1260.700000,1251.700000,1260.700000,0.0000
1495497600,1261.500000,1261.600000,1250.600000,1254.800000,0.0000
1495584000,1251.900000,1257.800000,1249.700000,1252.400000,0.0000
1495670400,1257.100000,1258.300000,1255.800000,1255.800000,0.0000
1495756800,1267.600000,1267.600000,1267.600000,1267.600000,0.0000
1495929600,1266.310000,1269.020000,1266.310000,1268.220000,0.0000
1496016000,1268.020000,1268.600000,1264.960000,1266.690000,0.0000
1496102400,1267.400000,1270.000000,1258.400000,1262.100000,0.0000
1496188800,1262.400000,1273.200000,1258.500000,1272.000000,0.0000
1496275200,1268.000000,1269.200000,1260.800000,1267.000000,0.0000
1496361600,1265.200000,1279.000000,1259.000000,1276.800000,0.0000
1496620800,1279.200000,1282.000000,1277.000000,1279.300000,0.0000
1496707200,1279.400000,1295.200000,1279.400000,1294.400000,0.0000
1496793600,1291.600000,1293.100000,1284.300000,1290.100000,0.0000
1496880000,1285.400000,1287.600000,1268.100000,1276.300000,0.0000
1496966400,1277.900000,1277.900000,1264.600000,1268.500000,0.0000
1497225600,1266.400000,1269.300000,1263.200000,1266.100000,0.0000
1497312000,1264.100000,1266.900000,1259.700000,1265.800000,0.0000
1497398400,1269.400000,1278.000000,1256.800000,1272.800000,0.0000
1497484800,1263.200000,1264.200000,1250.300000,1252.200000,0.0000
1497571200,1252.800000,1255.300000,1251.300000,1254.000000,0.0000
1497830400,1252.100000,1252.200000,1241.900000,1244.200000,0.0000
1497916800,1242.200000,1245.500000,1240.500000,1241.000000,0.0000
1498003200,1244.100000,1245.000000,1240.000000,1243.400000,0.0000
1498089600,1251.000000,1252.700000,1246.300000,1247.600000,0.0000
1498176000,1250.000000,1273.600000,1249.800000,1256.200000,0.0000
1498435200,1260.200000,1260.200000,1241.600000,1246.300000,0.0000
1498521600,1251.600000,1251.800000,1245.900000,1246.400000,0.0000
1498608000,1248.500000,1248.500000,1248.000000,1248.000000,0.0000
1498694400,1248.200000,1250.700000,1238.100000,1244.200000,0.0000
1498780800,1243.700000,1243.700000,1239.100000,1240.700000,0.0000
1499040000,1236.000000,1236.000000,1217.900000,1217.900000,0.0000
1499126400,1224.300000,1228.030000,1221.490000,1227.550000,0.0000
1499212800,1222.500000,1225.000000,1217.100000,1220.400000,0.0000
1499299200,1225.100000,1225.100000,1222.200000,1222.200000,0.0000
1499385600,1219.100000,1220.400000,1208.600000,1208.600000,0.0000
1499644800,1211.400000,1212.100000,1209.600000,1212.100000,0.0000
1499731200,1208.700000,1214.900000,1208.700000,1213.600000,0.0000
1499817600,1218.300000,1219.400000,1217.900000,1218.100000,0.0000
1499904000,1221.400000,1221.400000,1216.300000,1216.300000,0.0000
1499990400,1214.900000,1227.500000,1214.800000,1226.600000,0.0000
1500249600,1229.900000,1233.400000,1229.900000,1232.800000,0.0000
1500336000,1236.200000,1241.200000,1236.200000,1241.100000,0.0000
1500422400,1240.400000,1241.200000,1240.100000,1241.200000,0.0000
1500508800,1236.600000,1244.800000,1236.600000,1244.800000,0.0000
1500595200,1250.700000,1254.300000,1250.500000,1254.300000,0.0000
1500854400,1256.000000,1256.000000,1253.900000,1253.900000,0.0000
1500940800,1252.700000,1253.600000,1249.200000,1251.700000,0.0000
1501027200,1244.800000,1249.000000,1244.800000,1249.000000,0.0000
1501113600,1259.600000,1259.600000,1259.600000,1259.600000,0.0000
1501200000,1258.400000,1270.000000,1256.900000,1268.400000,0.0000
1501459200,1268.900000,1270.800000,1265.800000,1266.600000,0.0000
1501545600,1268.400000,1273.300000,1262.000000,1272.600000,0.0000
1501632000,1268.500000,1272.100000,1262.900000,1271.800000,0.0000
1501718400,1265.900000,1269.800000,1256.600000,1267.800000,0.0000
1501804800,1269.000000,1269.600000,1253.900000,1258.300000,0.0000
1502064000,1258.700000,1259.100000,1255.300000,1258.200000,0.0000
1502150400,1256.900000,1264.100000,1251.400000,1256.400000,0.0000
1502236800,1260.200000,1277.800000,1260.200000,1273.000000,0.0000
1502323200,1276.600000,1287.400000,1274.900000,1283.700000,0.0000
1502409600,1286.300000,1291.100000,1282.000000,1287.700000,0.0000
1502668800,1288.400000,1288.400000,1278.800000,1284.200000,0.0000
1502755200,1280.500000,1280.500000,1267.400000,1273.700000,0.0000
1502841600,1271.300000,1282.600000,1269.400000,1276.900000,0.0000
1502928000,1283.800000,1288.500000,1283.200000,1286.400000,0.0000
1503014400,1288.600000,1300.700000,1284.300000,1285.700000,0.0000
1503273600,1285.200000,1290.800000,1284.700000,1290.800000,0.0000
1503360000,1287.200000,1288.400000,1283.200000,1285.100000,0.0000
1503446400,1289.400000,1289.400000,1286.900000,1288.900000,0.0000
1503532800,1288.700000,1288.700000,1284.000000,1286.500000,0.0000
1503619200,1285.400000,1292.700000,1280.300000,1292.500000,0.0000
1503878400,1293.500000,1311.300000,1293.500000,1309.700000,0.0000
1503964800,1318.800000,1323.800000,1313.100000,1313.100000,0.0000
1504051200,1308.200000,1312.500000,1304.900000,1308.100000,0.0000
1504137600,1306.600000,1322.300000,1301.700000,1316.200000,0.0000
1504224000,1320.200000,1327.700000,1316.900000,1324.500000,0.0000
1504396800,1340.540000,1342.070000,1338.960000,1341.220000,0.0000
1504483200,1341.210000,1344.590000,1337.010000,1338.080000,0.0000
1504569600,1335.200000,1339.200000,1328.600000,1339.200000,0.0000
1504656000,1340.000000,1340.300000,1332.600000,1333.900000,0.0000
1504742400,1336.400000,1349.000000,1336.400000,1345.100000,0.0000
1504828800,1351.000000,1355.800000,1345.600000,1346.000000,0.0000
1505088000,1330.000000,1331.000000,1327.300000,1331.000000,0.0000
1505174400,1327.000000,1328.000000,1325.200000,1328.000000,0.0000
1505260800,1323.400000,1323.400000,1323.400000,1323.400000,0.0000
1505347200,1319.600000,1329.300000,1319.600000,1324.700000,0.0000
1505433600,1320.600000,1321.200000,1319.800000,1320.400000,0.0000
1505692800,1309.800000,1310.400000,1306.000000,1306.300000,0.0000
1505779200,1307.900000,1310.300000,1305.100000,1306.200000,0.0000
1505865600,1300.900000,1312.000000,1298.700000,1312.000000,0.0000
1505952000,1299.100000,1304.100000,1290.300000,1290.600000,0.0000
1506038400,1295.000000,1295.700000,1293.300000,1293.300000,0.0000
1506297600,1293.100000,1309.200000,1291.000000,1306.800000,0.0000
1506384000,1304.500000,1305.600000,1297.000000,1297.000000,0.0000
1506470400,1283.400000,1283.400000,1283.400000,1283.400000,0.0000
1506556800,1283.100000,1288.000000,1277.000000,1285.500000,0.0000
1506643200,1284.200000,1289.400000,1281.500000,1281.500000,0.0000
1506902400,1275.000000,1276.100000,1270.400000,1272.700000,0.0000
1506988800,1269.700000,1273.300000,1268.600000,1271.500000,0.0000
1507075200,1273.800000,1280.800000,1270.000000,1273.700000,0.0000
1507161600,1277.800000,1277.800000,1267.600000,1269.900000,0.0000
1507248000,1267.600000,1272.000000,1260.500000,1271.600000,0.0000
1507507200,1280.600000,1284.000000,1279.000000,1281.800000,0.0000
1507593600,1282.600000,1293.000000,1281.700000,1290.600000,0.0000
1507680000,1287.300000,1292.000000,1284.900000,1285.800000,0.0000
1507766400,1291.500000,1294.500000,1289.300000,1293.300000,0.0000
1507852800,1293.300000,1301.700000,1291.700000,1301.500000,0.0000
1508112000,1302.000000,1303.800000,1291.900000,1299.900000,0.0000
1508198400,1295.100000,1295.100000,1283.000000,1283.000000,0.0000
1508284800,1279.900000,1279.900000,1279.900000,1279.900000,0.0000
1508371200,1286.400000,1286.900000,1285.100000,1286.900000,0.0000
1508457600,1279.600000,1279.600000,1277.400000,1277.400000,0.0000
1508716800,1274.700000,1280.800000,1271.500000,1277.700000,0.0000
1508803200,1275.500000,1275.500000,1273.700000,1275.000000,0.0000
1508889600,1269.900000,1275.400000,1269.900000,1275.400000,0.0000
1508976000,1273.500000,1273.500000,1264.700000,1266.300000,0.0000
1509062400,1268.400000,1268.500000,1267.100000,1268.500000,0.0000
1509321600,1270.000000,1274.100000,1267.900000,1274.100000,0.0000
1509408000,1273.100000,1274.600000,1266.100000,1267.000000,0.0000
1509494400,1272.200000,1274.800000,1270.300000,1274.100000,0.0000
1509580800,1274.900000,1274.900000,1274.900000,1274.900000,0.0000
1509667200,1265.300000,1267.900000,1265.300000,1266.500000,0.0000
1509926400,1269.000000,1280.500000,1269.000000,1279.400000,0.0000
1510012800,1276.800000,1276.800000,1270.400000,1273.700000,0.0000
1510099200,1275.900000,1284.900000,1274.700000,1281.600000,0.0000
1510185600,1279.700000,1286.900000,1279.700000,1285.600000,0.0000
1510272000,1283.500000,1283.500000,1272.400000,1272.400000,0.0000
1510531200,1277.000000,1277.300000,1277.000000,1277.300000,0.0000
1510617600,1276.900000,1281.500000,1276.900000,1281.500000,0.0000
1510704000,1281.400000,1284.700000,1275.900000,1276.500000,0.0000
1510790400,1277.500000,1277.500000,1277.400000,1277.400000,0.0000
1510876800,1288.300000,1295.800000,1288.300000,1295.800000,0.0000
1511136000,1275.900000,1275.900000,1274.600000,1274.600000,0.0000
1511222400,1281.100000,1281.100000,1281.100000,1281.100000,0.0000
1511308800,1284.700000,1291.600000,1282.900000,1291.600000,0.0000
1511395200,1291.190000,1293.870000,1287.650000,1291.660000,0.0000
1511481600,1286.700000,1286.700000,1286.700000,1286.700000,0.0000
1511740800,1293.800000,1293.800000,1293.800000,1293.800000,0.0000
1511827200,1294.700000,1294.700000,1294.700000,1294.700000,0.0000
1511913600,1293.400000,1296.200000,1281.100000,1282.100000,0.0000
1512000000,1283.100000,1284.500000,1269.700000,1273.200000,0.0000
1512086400,1274.100000,1288.600000,1271.000000,1278.800000,0.0000
1512345600,1272.500000,1276.100000,1270.300000,1274.300000,0.0000
1512432000,1275.400000,1275.800000,1260.000000,1261.600000,0.0000
1512518400,1264.900000,1267.800000,1261.600000,1262.800000,0.0000
1512604800,1262.300000,1262.400000,1243.900000,1249.800000,0.0000
1512691200,1246.300000,1249.300000,1241.500000,1245.200000,0.0000
1512950400,1248.400000,1249.200000,1239.900000,1243.700000,0.0000
1513036800,1241.300000,1244.400000,1236.500000,1238.500000,0.0000
1513123200,1241.900000,1254.500000,1239.800000,1245.400000,0.0000
1513209600,1252.900000,1257.700000,1250.300000,1253.800000,0.0000
1513296000,1253.100000,1260.300000,1253.100000,1254.300000,0.0000
1513555200,1256.200000,1262.400000,1255.700000,1262.200000,0.0000
1513641600,1261.100000,1264.300000,1259.500000,1260.700000,0.0000
1513728000,1261.300000,1266.600000,1261.300000,1266.100000,0.0000
1513814400,1266.400000,1267.400000,1264.300000,1267.300000,0.0000
1513900800,1266.300000,1276.300000,1266.300000,1275.400000,0.0000
1514160000,1278.900000,1279.500000,1277.900000,1277.900000,0.0000
1514246400,1282.400000,1284.100000,1281.800000,1284.100000,0.0000
1514332800,1284.000000,1287.000000,1284.000000,1287.000000,0.0000
1514419200,1288.200000,1294.100000,1288.200000,1294.100000,0.0000
1514505600,1294.200000,1306.300000,1294.000000,1306.300000,0.0000
1514764800,1305.800000,1309.700000,1304.600000,1308.700000,0.0000
1514851200,1302.300000,1317.600000,1302.300000,1313.700000,0.0000
1514937600,1320.000000,1320.100000,1312.100000,1316.200000,0.0000
1515024000,1322.000000,1322.000000,1319.400000,1319.400000,0.0000
1515110400,1320.300000,1320.300000,1320.300000,1320.300000,0.0000
1515369600,1319.900000,1319.900000,1314.600000,1318.600000,0.0000
1515456000,1309.600000,1311.700000,1309.600000,1311.700000,0.0000
1515542400,1320.300000,1320.700000,1315.300000,1317.400000,0.0000
1515628800,1317.100000,1320.600000,1316.300000,1320.600000,0.0000
1515715200,1327.800000,1338.200000,1327.800000,1333.400000,0.0000
1515888000,1337.700000,1338.600000,1336.400000,1337.400000,0.0000
1515974400,1337.300000,1344.900000,1337.000000,1341.800000,0.0000
1516060800,1331.100000,1335.400000,1331.000000,1335.400000,0.0000
1516147200,1334.400000,1338.000000,1326.800000,1338.000000,0.0000
1516233600,1328.900000,1328.900000,1326.000000,1326.000000,0.0000
1516320000,1330.100000,1333.000000,1330.100000,1331.900000,0.0000
1516579200,1328.400000,1330.900000,1328.400000,1330.900000,0.0000
1516665600,1335.800000,1335.900000,1335.700000,1335.700000,0.0000
1516752000,1357.200000,1357.200000,1355.900000,1355.900000,0.0000
1516838400,1356.300000,1362.400000,1346.700000,1362.400000,0.0000
1516924800,1351.600000,1352.000000,1350.900000,1351.600000,0.0000
1517184000,1339.800000,1339.800000,1339.800000,1339.800000,0.0000
1517270400,1338.700000,1347.800000,1332.800000,1335.400000,0.0000
1517356800,1337.500000,1346.900000,1331.800000,1339.000000,0.0000
1517443200,1343.800000,1350.600000,1336.800000,1344.300000,0.0000
1517529600,1348.500000,1352.100000,1327.700000,1333.700000,0.0000
1517788800,1331.100000,1340.200000,1329.000000,1333.000000,0.0000
1517875200,1338.200000,1343.700000,1319.500000,1326.100000,0.0000
1517961600,1325.400000,1331.100000,1310.500000,1311.600000,0.0000
1518048000,1317.100000,1321.100000,1307.000000,1316.900000,0.0000
1518134400,1320.900000,1322.000000,1311.900000,1313.100000,0.0000
1518393600,1323.800000,1325.500000,1318.000000,1324.200000,0.0000
1518480000,1324.500000,1329.600000,1323.400000,1328.100000,0.0000
1518566400,1332.800000,1355.500000,1324.000000,1355.500000,0.0000
1518652800,1352.000000,1355.900000,1349.700000,1352.100000,0.0000
1518739200,1354.000000,1361.400000,1344.900000,1353.200000,0.0000
1518912000,1349.700000,1352.400000,1349.700000,1350.500000,0.0000
1518998400,1350.400000,1353.900000,1347.400000,1347.800000,0.0000
1519084800,1348.400000,1350.200000,1328.500000,1328.800000,0.0000
1519171200,1326.800000,1331.500000,1324.400000,1330.000000,0.0000
1519257600,1322.000000,1331.400000,1322.000000,1330.600000,0.0000
1519344000,1328.000000,1332.100000,1327.700000,1328.200000,0.0000
1519603200,1335.000000,1340.500000,1330.700000,1330.700000,0.0000
1519689600,1331.700000,1332.600000,1312.700000,1315.500000,0.0000
1519776000,1315.400000,1321.000000,1315.400000,1315.500000,0.0000
1519862400,1310.400000,1318.100000,1301.800000,1302.900000,0.0000
1519948800,1314.300000,1323.200000,1314.300000,1321.100000,0.0000
1520208000,1323.500000,1325.900000,1318.100000,1318.100000,0.0000
1520294400,1321.600000,1333.600000,1321.400000,1333.600000,0.0000
1520380800,1338.100000,1338.100000,1326.000000,1326.000000,0.0000
1520467200,1324.800000,1326.800000,1319.300000,1319.900000,0.0000
1520553600,1316.800000,1322.400000,1313.000000,1322.400000,0.0000
1520812800,1319.400000,1319.400000,1319.400000,1319.400000,0.0000
1520899200,1325.300000,1325.900000,1325.300000,1325.900000,0.0000
1520985600,1322.200000,1324.400000,1322.200000,1324.400000,0.0000
1521072000,1316.800000,1316.800000,1316.800000,1316.800000,0.0000
1521158400,1310.100000,1311.300000,1310.100000,1311.300000,0.0000
1521417600,1309.400000,1316.900000,1307.300000,1316.800000,0.0000
1521504000,1311.100000,1311.100000,1311.100000,1311.100000,0.0000
1521590400,1312.400000,1328.800000,1312.400000,1320.700000,0.0000
1521676800,1326.600000,1326.600000,1326.600000,1326.600000,0.0000
1521763200,1343.200000,1349.300000,1343.200000,1349.300000,0.0000
1522022400,1348.500000,1354.400000,1345.100000,1354.400000,0.0000
1522108800,1341.000000,1341.300000,1341.000000,1341.300000,0.0000
1522195200,1345.000000,1346.400000,1322.400000,1324.200000,0.0000
1522281600,1324.000000,1327.100000,1321.700000,1322.800000,0.0000
1522627200,1327.000000,1344.200000,1324.700000,1342.100000,0.0000
1522713600,1340.400000,1341.500000,1328.500000,1332.800000,0.0000
1522800000,1331.800000,1347.300000,1331.600000,1335.800000,0.0000
1522886400,1333.500000,1333.700000,1322.600000,1324.300000,0.0000
1522972800,1326.500000,1333.000000,1319.000000,1331.900000,0.0000
1523232000,1333.000000,1337.500000,1327.000000,1336.300000,0.0000
1523318400,1335.200000,1342.000000,1333.000000,1342.000000,0.0000
1523404800,1340.100000,1365.400000,1340.100000,1356.500000,0.0000
1523491200,1351.200000,1351.500000,1334.600000,1338.400000,0.0000
1523577600,1335.900000,1346.000000,1335.900000,1344.800000,0.0000
1523836800,1341.000000,1348.800000,1341.000000,1347.500000,0.0000
1523923200,1348.000000,1348.100000,1339.000000,1347.200000,0.0000
1524009600,1343.500000,1354.200000,1343.500000,1351.200000,0.0000
1524096000,1348.600000,1355.200000,1341.600000,1346.800000,0.0000
1524182400,1342.500000,1343.400000,1335.300000,1336.700000,0.0000
1524441600,1334.000000,1334.400000,1322.500000,1322.500000,0.0000
1524528000,1326.400000,1331.700000,1326.200000,1331.400000,0.0000
1524614400,1324.000000,1325.000000,1320.000000,1321.200000,0.0000
1524700800,1315.700000,1316.300000,1315.700000,1316.300000,0.0000
1524787200,1315.300000,1321.700000,1312.800000,1320.300000,0.0000
1525046400,1309.600000,1316.200000,1309.600000,1316.200000,0.0000
1525132800,1313.200000,1313.800000,1303.400000,1303.800000,0.0000
1525219200,1309.000000,1309.300000,1302.600000,1302.600000,0.0000
1525305600,1305.500000,1319.000000,1305.200000,1312.800000,0.0000
1525392000,1312.800000,1316.900000,1308.500000,1316.000000,0.0000
1525651200,1316.300000,1320.100000,1310.600000,1314.600000,0.0000
1525737600,1314.100000,1318.500000,1306.200000,1315.000000,0.0000
1525824000,1315.300000,1317.800000,1304.200000,1312.800000,0.0000
1525910400,1312.200000,1320.800000,1312.200000,1320.800000,0.0000
1525996800,1321.800000,1326.300000,1317.000000,1318.400000,0.0000
1526256000,1318.300000,1322.400000,1312.800000,1313.200000,0.0000
1526342400,1313.200000,1314.700000,1288.200000,1290.100000,0.0000
1526428800,1290.900000,1294.000000,1285.400000,1290.200000,0.0000
1526515200,1290.200000,1294.000000,1284.000000,1290.000000,0.0000
1526601600,1290.000000,1293.700000,1285.100000,1291.700000,0.0000
1526860800,1290.300000,1292.700000,1281.200000,1292.000000,0.0000
1526947200,1292.300000,1296.000000,1287.200000,1290.500000,0.0000
1527033600,1290.600000,1298.400000,1286.700000,1293.000000,0.0000
1527120000,1293.300000,1306.400000,1292.200000,1304.000000,0.0000
1527206400,1304.000000,1307.200000,1299.400000,1301.200000,0.0000
1527379200,1299.800000,1299.900000,1296.100000,1298.300000,0.0000
1527465600,1298.400000,1299.700000,1294.700000,1297.600000,0.0000
1527552000,1299.000000,1306.100000,1291.400000,1298.300000,0.0000
1527638400,1298.000000,1303.700000,1295.200000,1301.500000,0.0000
1527724800,1301.000000,1306.800000,1296.600000,1300.100000,0.0000
1527811200,1298.600000,1299.500000,1288.900000,1294.800000,0.0000
1528070400,1293.900000,1297.100000,1290.000000,1293.100000,0.0000
1528156800,1292.100000,1299.800000,1289.900000,1297.500000,0.0000
1528243200,1296.100000,1300.400000,1294.100000,1297.100000,0.0000
1528329600,1298.400000,1302.800000,1296.200000,1298.700000,0.0000
1528416000,1295.300000,1299.400000,1294.800000,1298.100000,0.0000
1528675200,1299.300000,1302.000000,1295.200000,1298.900000,0.0000
1528761600,1297.800000,1298.100000,1292.700000,1295.100000,0.0000
1528848000,1294.000000,1299.400000,1290.900000,1296.900000,0.0000
1528934400,1297.200000,1307.700000,1297.200000,1304.000000,0.0000
1529020800,1305.900000,1306.700000,1277.900000,1282.000000,0.0000
1529280000,1281.100000,1284.900000,1279.500000,1280.600000,0.0000
1529366400,1280.700000,1286.800000,1272.600000,1277.000000,0.0000
1529452800,1277.300000,1278.600000,1269.600000,1270.000000,0.0000
1529539200,1269.700000,1272.300000,1262.400000,1269.000000,0.0000
1529625600,1268.100000,1270.200000,1267.000000,1267.400000,0.0000
1529884800,1270.600000,1271.200000,1265.600000,1265.600000,0.0000
1529971200,1267.300000,1269.400000,1256.400000,1260.800000,0.0000
1530057600,1260.500000,1261.900000,1252.200000,1253.800000,0.0000
1530144000,1253.600000,1255.800000,1247.200000,1249.500000,0.0000
1530230400,1250.300000,1253.300000,1249.100000,1251.300000,0.0000
1530489600,1253.400000,1255.600000,1240.600000,1242.800000,0.0000
1530576000,1238.100000,1254.100000,1237.000000,1251.600000,0.0000
1530662400,1256.200000,1262.400000,1255.300000,1258.100000,0.0000
1530748800,1253.700000,1259.900000,1253.600000,1257.300000,0.0000
1530835200,1258.400000,1260.200000,1253.700000,1255.900000,0.0000
1531094400,1258.200000,1262.300000,1257.700000,1258.100000,0.0000
1531180800,1256.200000,1256.900000,1249.300000,1253.800000,0.0000
1531267200,1256.700000,1257.300000,1241.700000,1241.800000,0.0000
1531353600,1240.900000,1246.700000,1240.900000,1245.000000,0.0000
1531440000,1244.700000,1247.000000,1239.600000,1239.600000,0.0000
1531699200,1242.700000,1243.800000,1238.100000,1238.100000,0.0000
1531785600,1240.800000,1245.100000,1225.900000,1227.400000,0.0000
1531872000,1227.000000,1229.100000,1220.900000,1227.300000,0.0000
1531958400,1227.200000,1228.000000,1211.700000,1222.400000,0.0000
1532044800,1222.900000,1232.400000,1215.300000,1231.900000,0.0000
1532304000,1231.700000,1235.200000,1222.200000,1224.500000,0.0000
1532390400,1224.400000,1229.700000,1218.100000,1224.500000,0.0000
1532476800,1224.200000,1234.300000,1223.200000,1231.800000,0.0000
1532563200,1231.700000,1235.300000,1221.700000,1222.100000,0.0000
1532649600,1222.400000,1226.900000,1216.700000,1222.200000,0.0000
1532908800,1222.500000,1223.900000,1218.100000,1221.300000,0.0000
1532995200,1220.400000,1228.100000,1213.000000,1223.700000,0.0000
1533081600,1222.900000,1223.700000,1214.400000,1217.900000,0.0000
1533168000,1214.700000,1219.300000,1205.800000,1210.600000,0.0000
1533254400,1206.500000,1218.600000,1205.100000,1214.200000,0.0000
1533513600,1222.000000,1226.000000,1214.400000,1215.600000,0.0000
1533600000,1215.800000,1224.300000,1215.600000,1218.800000,0.0000
1533686400,1218.700000,1223.800000,1213.600000,1221.800000,0.0000
1533772800,1222.000000,1225.600000,1218.400000,1220.000000,0.0000
1533859200,1220.000000,1224.900000,1213.100000,1219.200000,0.0000
1534118400,1218.400000,1221.400000,1198.600000,1200.500000,0.0000
1534204800,1201.100000,1205.800000,1198.900000,1201.100000,0.0000
1534291200,1201.500000,1202.000000,1180.000000,1181.800000,0.0000
1534377600,1183.000000,1189.000000,1167.100000,1181.000000,0.0000
1534464000,1180.700000,1192.000000,1178.500000,1191.800000,0.0000
1534723200,1190.400000,1197.700000,1189.600000,1197.300000,0.0000
1534809600,1197.300000,1204.300000,1194.300000,1202.700000,0.0000
1534896000,1203.000000,1208.400000,1199.200000,1205.500000,0.0000
1534982400,1202.800000,1203.400000,1190.200000,1191.800000,0.0000
1535068800,1191.600000,1215.400000,1189.500000,1212.300000,0.0000
1535328000,1210.300000,1211.400000,1205.200000,1209.000000,0.0000
1535414400,1209.700000,1217.000000,1202.300000,1207.400000,0.0000
1535500800,1206.600000,1213.700000,1206.600000,1212.800000,0.0000
1535587200,1212.600000,1214.000000,1202.100000,1205.800000,0.0000
1535673600,1207.100000,1208.200000,1199.100000,1200.300000,0.0000
1535846400,1206.200000,1206.600000,1204.500000,1204.900000,0.0000
1535932800,1204.900000,1209.600000,1201.300000,1206.300000,0.0000
1536019200,1199.300000,1200.500000,1189.900000,1192.700000,0.0000
1536105600,1192.500000,1196.000000,1192.500000,1194.900000,0.0000
1536192000,1202.500000,1212.700000,1200.500000,1205.300000,0.0000
1536278400,1205.600000,1209.000000,1198.700000,1201.800000,0.0000
1536537600,1200.700000,1203.800000,1196.200000,1201.000000,0.0000
1536624000,1200.400000,1204.800000,1192.700000,1203.600000,0.0000
1536710400,1203.500000,1213.900000,1197.600000,1211.600000,0.0000
1536796800,1212.400000,1218.000000,1205.000000,1206.400000,0.0000
1536883200,1206.600000,1213.800000,1197.700000,1198.300000,0.0000
1537142400,1199.800000,1209.700000,1197.500000,1206.100000,0.0000
1537228800,1206.400000,1208.200000,1200.300000,1202.900000,0.0000
1537315200,1202.800000,1211.000000,1202.200000,1208.700000,0.0000
1537401600,1208.800000,1213.200000,1205.100000,1211.900000,0.0000
1537488000,1212.100000,1215.800000,1196.000000,1203.300000,0.0000
1537747200,1204.000000,1208.800000,1198.600000,1203.400000,0.0000
1537833600,1203.100000,1207.900000,1201.300000,1205.700000,0.0000
1537920000,1205.500000,1206.900000,1194.600000,1198.500000,0.0000
1538006400,1194.600000,1197.300000,1180.500000,1182.300000,0.0000
1538092800,1181.700000,1191.900000,1180.000000,1191.500000,0.0000
1538352000,1196.100000,1196.500000,1188.100000,1191.700000,0.0000
1538438400,1192.700000,1212.300000,1192.200000,1207.000000,0.0000
1538524800,1207.000000,1212.300000,1200.400000,1202.900000,0.0000
1538611200,1201.400000,1210.700000,1199.600000,1201.600000,0.0000
1538697600,1203.700000,1209.800000,1200.900000,1205.600000,0.0000
1538956800,1206.700000,1208.000000,1186.000000,1188.600000,0.0000
1539043200,1192.200000,1195.800000,1186.600000,1191.500000,0.0000
1539129600,1192.700000,1198.600000,1188.500000,1193.400000,0.0000
1539216000,1197.900000,1230.000000,1194.700000,1227.600000,0.0000
1539302400,1227.700000,1228.100000,1219.300000,1222.000000,0.0000
1539561600,1221.200000,1236.900000,1220.400000,1230.300000,0.0000
1539648000,1230.500000,1235.900000,1226.300000,1231.000000,0.0000
1539734400,1228.000000,1232.900000,1223.700000,1227.400000,0.0000
1539820800,1225.500000,1233.600000,1221.700000,1230.100000,0.0000
1539907200,1228.600000,1234.100000,1226.200000,1228.700000,0.0000
1540166400,1230.500000,1232.600000,1222.800000,1224.600000,0.0000
1540252800,1225.100000,1243.000000,1224.500000,1236.800000,0.0000
1540339200,1233.800000,1238.000000,1228.300000,1231.100000,0.0000
1540425600,1236.600000,1242.000000,1230.500000,1232.400000,0.0000
1540512000,1234.700000,1246.000000,1232.500000,1235.800000,0.0000
1540771200,1236.400000,1237.600000,1226.100000,1227.600000,0.0000
1540857600,1231.900000,1232.500000,1221.400000,1225.300000,0.0000
1540944000,1224.700000,1225.000000,1213.400000,1215.000000,0.0000
1541030400,1216.600000,1239.300000,1216.100000,1238.600000,0.0000
1541116800,1235.300000,1238.400000,1231.300000,1233.300000,0.0000
1541376000,1234.500000,1236.800000,1228.400000,1232.300000,0.0000
1541462400,1233.400000,1237.800000,1224.900000,1226.300000,0.0000
1541548800,1228.900000,1238.400000,1224.200000,1228.700000,0.0000
1541635200,1227.700000,1228.500000,1220.800000,1225.100000,0.0000
1541721600,1224.300000,1224.600000,1207.200000,1208.600000,0.0000
1541980800,1210.300000,1212.000000,1200.600000,1203.500000,0.0000
1542067200,1207.700000,1211.300000,1202.400000,1207.300000,0.0000
1542153600,1209.700000,1223.200000,1204.000000,1216.000000,0.0000
1542240000,1217.700000,1222.800000,1213.300000,1221.100000,0.0000
1542326400,1220.300000,1232.100000,1220.300000,1229.000000,0.0000
1542585600,1229.000000,1232.200000,1224.500000,1231.100000,0.0000
1542672000,1230.700000,1235.400000,1226.100000,1227.000000,0.0000
1542758400,1228.700000,1236.700000,1226.200000,1233.800000,0.0000
1542844800,1226.400000,1229.700000,1225.500000,1228.000000,0.0000
1542931200,1232.800000,1235.500000,1226.200000,1229.100000,0.0000
1543190400,1230.400000,1234.500000,1228.000000,1228.700000,0.0000
1543276800,1228.500000,1231.700000,1217.800000,1219.900000,0.0000
1543363200,1220.900000,1233.800000,1216.800000,1229.800000,0.0000
