time,open,high,low,close,volume
1780188300,4524.500000,4524.500000,4524.500000,4524.500000,0.0070
1780189200,4524.510000,4524.510000,4524.500000,4524.510000,0.3580
1780190100,4524.860000,4526.680000,4524.860000,4526.680000,0.5070
1780191000,4526.870000,4526.870000,4526.030000,4526.030000,0.2000
1780191900,4526.030000,4526.030000,4524.980000,4524.980000,0.4500
1780192800,4524.990000,4526.590000,4524.990000,4526.290000,0.9620
1780193700,4526.280000,4526.280000,4523.110000,4523.110000,0.2860
1780194600,4523.110000,4524.510000,4523.110000,4523.900000,0.5400
1780195500,4523.910000,4523.910000,4522.220000,4522.830000,0.8220
1780196400,4522.830000,4522.830000,4522.830000,4522.830000,0.0000
1780197300,4523.060000,4523.060000,4523.060000,4523.060000,0.0070
1780198200,4523.060000,4523.060000,4523.060000,4523.060000,0.0000
1780199100,4523.700000,4523.780000,4523.700000,4523.780000,0.0900
1780200000,4523.990000,4523.990000,4523.990000,4523.990000,0.0010
1780200900,4523.960000,4523.960000,4523.660000,4523.660000,0.3040
1780201800,4523.650000,4523.650000,4523.330000,4523.330000,0.2310
1780202700,4523.010000,4523.010000,4522.690000,4522.690000,0.0480
1780203600,4522.390000,4522.700000,4522.380000,4522.700000,0.2380
1780204500,4523.280000,4531.410000,4523.280000,4531.410000,0.4470
1780205400,4531.270000,4532.450000,4531.270000,4532.450000,0.1000
1780206300,4532.500000,4533.840000,4532.500000,4533.840000,0.0130
1780207200,4533.550000,4533.550000,4531.860000,4531.950000,0.3240
1780208100,4532.370000,4532.380000,4532.370000,4532.380000,0.1320
1780209000,4532.480000,4532.790000,4532.480000,4532.790000,0.0350
1780209900,4532.790000,4533.390000,4532.790000,4533.390000,0.1750
1780210800,4533.960000,4534.220000,4533.650000,4533.670000,0.1480
1780211700,4533.750000,4533.750000,4533.710000,4533.710000,0.3610
1780212600,4533.390000,4533.440000,4533.070000,4533.070000,0.0940
1780213500,4533.380000,4535.850000,4533.340000,4535.820000,1.1490
1780214400,4535.870000,4535.870000,4535.870000,4535.870000,0.0840
1780215300,4535.870000,4535.870000,4535.870000,4535.870000,0.0000
1780216200,4535.480000,4535.480000,4533.590000,4533.830000,0.5730
1780217100,4533.830000,4533.830000,4533.830000,4533.830000,0.0000
1780218000,4533.690000,4534.850000,4533.690000,4534.740000,0.1930
1780218900,4534.250000,4534.250000,4533.930000,4533.930000,0.0040
1780219800,4533.930000,4533.930000,4533.930000,4533.930000,0.0000
1780220700,4533.710000,4533.710000,4532.680000,4532.980000,0.3710
1780221600,4533.140000,4534.800000,4533.140000,4534.800000,0.4100
1780222500,4534.200000,4534.200000,4533.560000,4533.560000,0.4520
1780223400,4533.570000,4533.570000,4532.920000,4532.920000,0.1060
1780224300,4532.600000,4532.600000,4532.280000,4532.280000,0.0040
1780225200,4532.280000,4532.280000,4532.280000,4532.280000,0.0000
1780226100,4532.550000,4532.550000,4532.550000,4532.550000,0.0460
1780227000,4532.560000,4532.560000,4532.560000,4532.560000,0.0010
1780227900,4532.870000,4533.820000,4532.870000,4533.820000,0.0310
1780228800,4534.140000,4534.730000,4534.140000,4534.730000,0.0170
1780229700,4534.730000,4535.690000,4534.730000,4535.690000,0.0100
1780230600,4535.690000,4535.690000,4535.690000,4535.690000,0.0000
1780231500,4535.690000,4535.690000,4535.690000,4535.690000,0.0010
1780232400,4535.880000,4536.450000,4535.880000,4536.450000,0.0150
1780233300,4536.600000,4536.600000,4536.600000,4536.600000,0.0670
1780234200,4536.570000,4536.980000,4535.000000,4535.000000,0.9970
1780235100,4534.680000,4534.680000,4533.720000,4533.720000,0.0210
1780236000,4533.410000,4534.540000,4533.410000,4534.540000,0.2020
1780236900,4534.440000,4534.440000,4532.390000,4532.390000,0.3650
1780237800,4532.710000,4533.350000,4532.710000,4533.350000,0.1290
1780238700,4533.030000,4533.030000,4533.030000,4533.030000,0.0460
1780239600,4533.030000,4533.030000,4533.030000,4533.030000,0.0000
1780240500,4533.440000,4533.440000,4531.560000,4531.560000,0.9310
1780241400,4531.410000,4534.000000,4531.410000,4532.420000,1.3220
1780242300,4532.370000,4532.970000,4532.370000,4532.970000,0.0910
1780243200,4532.970000,4532.970000,4532.970000,4532.970000,0.0000
1780244100,4532.980000,4534.230000,4532.980000,4534.230000,0.1770
1780245000,4533.830000,4534.760000,4533.830000,4534.760000,0.7650
1780245900,4534.830000,4534.830000,4534.830000,4534.830000,0.0520
1780246800,4534.920000,4534.920000,4533.510000,4533.510000,1.2410
1780247700,4533.190000,4533.190000,4533.190000,4533.190000,0.0010
1780248600,4533.190000,4533.190000,4533.190000,4533.190000,0.0000
1780249500,4533.400000,4533.960000,4533.400000,4533.960000,0.0650
1780250400,4534.140000,4534.140000,4534.140000,4534.140000,0.7310
1780251300,4533.780000,4533.780000,4533.460000,4533.460000,0.1910
1780252200,4533.460000,4533.460000,4533.460000,4533.460000,0.0000
1780253100,4533.460000,4533.460000,4533.460000,4533.460000,0.0000
1780254000,4534.170000,4534.170000,4534.170000,4534.170000,0.0400
1780254900,4534.170000,4534.170000,4534.170000,4534.170000,0.0000
1780255800,4534.360000,4534.360000,4531.810000,4531.810000,0.5980
1780256700,4531.810000,4531.810000,4531.810000,4531.810000,0.0000
1780257600,4532.080000,4532.080000,4531.440000,4531.440000,0.2890
1780258500,4531.130000,4531.130000,4529.910000,4529.910000,0.0140
1780259400,4530.490000,4531.100000,4530.490000,4531.100000,0.0120
1780260300,4530.950000,4530.950000,4530.490000,4530.490000,0.9680
1780261200,4530.170000,4530.450000,4529.160000,4529.160000,0.3600
1780262100,4529.170000,4529.170000,4529.170000,4529.170000,0.0880
1780263000,4529.480000,4536.260000,4529.480000,4530.710000,0.4500
1780263900,4530.760000,4531.710000,4527.320000,4529.090000,2.2150
1780264800,4529.770000,4534.000000,4516.090000,4529.720000,9.4940
1780265700,4529.750000,4531.340000,4528.150000,4529.100000,3.2210
1780266600,4529.110000,4531.310000,4527.210000,4530.160000,6.8900
1780267500,4530.390000,4534.880000,4530.390000,4531.750000,4.0680
1780268400,4531.740000,4537.660000,4531.610000,4537.330000,2.5470
1780269300,4537.050000,4539.270000,4536.090000,4539.250000,4.5500
1780270200,4539.280000,4540.100000,4535.130000,4537.030000,2.7150
1780271100,4536.520000,4539.050000,4534.730000,4536.080000,0.7330
1780272000,4535.760000,4540.310000,4534.120000,4535.760000,1.4300
1780272900,4535.620000,4538.580000,4534.430000,4538.580000,0.4310
1780273800,4538.450000,4539.520000,4530.920000,4530.920000,6.4570
1780274700,4530.930000,4536.340000,4530.930000,4534.430000,2.9510
1780275600,4534.750000,4534.920000,4523.560000,4528.010000,10.6860
1780276500,4528.320000,4530.230000,4524.730000,4524.820000,1.3780
1780277400,4524.500000,4527.990000,4523.870000,4526.410000,2.2660
1780278300,4526.090000,4526.090000,4519.740000,4520.380000,0.7230
1780279200,4520.060000,4527.630000,4519.370000,4527.630000,0.4810
1780280100,4527.950000,4527.950000,4524.780000,4524.780000,1.1050
1780281000,4524.770000,4524.770000,4519.060000,4519.060000,0.7230
1780281900,4518.750000,4519.340000,4515.000000,4515.570000,14.6210
1780282800,4515.270000,4519.000000,4511.120000,4513.730000,1.6890
1780283700,4513.630000,4515.220000,4509.990000,4514.260000,2.2100
1780284600,4514.580000,4516.790000,4507.260000,4507.260000,0.2270
1780285500,4507.000000,4509.520000,4506.680000,4509.520000,0.2930
1780286400,4510.420000,4513.130000,4508.520000,4509.460000,0.3450
1780287300,4509.470000,4511.990000,4509.470000,4511.990000,0.1450
1780288200,4511.050000,4511.890000,4510.410000,4511.100000,0.3800
1780289100,4511.070000,4511.080000,4505.690000,4509.160000,2.7620
1780290000,4509.470000,4512.930000,4509.110000,4511.000000,74.1930
1780290900,4510.820000,4515.740000,4510.690000,4515.110000,17.8270
1780291800,4514.790000,4515.110000,4508.790000,4513.850000,0.7360
1780292700,4513.540000,4518.280000,4513.210000,4513.520000,0.4260
1780293600,4513.210000,4513.310000,4509.380000,4510.110000,0.5590
1780294500,4510.320000,4510.640000,4501.990000,4508.140000,1.2200
1780295400,4508.430000,4508.670000,4498.990000,4500.740000,2.3450
1780296300,4500.820000,4500.820000,4497.610000,4499.750000,1.5690
1780297200,4499.320000,4505.230000,4499.320000,4504.600000,0.3780
1780298100,4504.290000,4504.290000,4499.570000,4500.420000,0.9360
1780299000,4500.430000,4502.970000,4496.740000,4496.740000,2.2570
1780299900,4496.430000,4498.000000,4491.420000,4498.000000,1.4940
1780300800,4498.300000,4499.670000,4492.000000,4493.880000,0.9040
1780301700,4493.560000,4493.560000,4489.790000,4493.250000,0.7200
1780302600,4492.940000,4495.760000,4491.330000,4495.760000,3.9290
1780303500,4496.070000,4497.650000,4494.500000,4494.500000,1.1820
1780304400,4494.830000,4496.650000,4494.830000,4496.650000,1.7790
1780305300,4496.970000,4503.440000,4494.980000,4494.980000,0.4330
1780306200,4494.770000,4495.210000,4489.140000,4495.210000,0.8040
1780307100,4494.460000,4494.460000,4492.890000,4492.890000,0.0930
1780308000,4493.510000,4498.490000,4493.510000,4498.490000,0.4420
1780308900,4498.170000,4499.420000,4495.670000,4499.420000,0.1840
1780309800,4498.800000,4504.670000,4498.140000,4502.870000,3.4670
1780310700,4502.890000,4505.720000,4501.310000,4501.310000,0.7780
1780311600,4502.210000,4502.520000,4499.020000,4501.270000,0.4120
1780312500,4501.580000,4508.190000,4501.580000,4507.240000,0.1350
1780313400,4506.970000,4507.870000,4505.360000,4505.360000,0.2220
1780314300,4505.370000,4505.990000,4504.100000,4504.100000,0.1610
1780315200,4503.860000,4505.440000,4501.200000,4501.200000,0.7980
1780316100,4500.910000,4503.740000,4496.430000,4503.110000,2.8070
1780317000,4502.790000,4503.740000,4497.460000,4503.740000,0.4160
1780317900,4504.050000,4505.620000,4498.070000,4499.650000,0.1900
1780318800,4499.970000,4500.680000,4472.810000,4482.800000,4.0570
1780319700,4482.770000,4486.180000,4463.780000,4466.510000,1.9720
1780320600,4466.580000,4476.670000,4460.290000,4467.820000,1.6270
1780321500,4468.130000,4469.060000,4451.170000,4452.090000,2.8560
1780322400,4451.790000,4462.830000,4450.830000,4462.830000,16.3030
1780323300,4462.520000,4465.060000,4453.590000,4456.670000,5.9160
1780324200,4456.970000,4461.290000,4455.440000,4460.670000,1.3550
1780325100,4460.980000,4461.290000,4454.820000,4459.440000,0.4540
1780326000,4459.750000,4465.650000,4459.090000,4465.650000,0.4490
1780326900,4465.870000,4469.900000,4464.950000,4469.590000,0.3930
1780327800,4469.690000,4479.820000,4469.690000,4474.240000,1.6490
1780328700,4474.240000,4475.560000,4471.450000,4474.860000,0.1310
1780329600,4475.060000,4477.610000,4468.000000,4468.700000,0.6350
1780330500,4468.400000,4470.440000,4465.530000,4469.860000,0.1490
1780331400,4470.230000,4472.700000,4470.230000,4470.480000,0.9160
1780332300,4470.200000,4481.330000,4470.170000,4480.420000,0.2100
1780333200,4481.310000,4481.310000,4473.210000,4475.400000,2.2880
1780334100,4475.710000,4480.840000,4475.400000,4480.830000,0.4810
1780335000,4482.240000,4490.650000,4482.230000,4490.650000,30.4150
1780335900,4490.970000,4494.410000,4490.030000,4490.030000,5.1490
1780336800,4489.720000,4489.970000,4489.050000,4489.970000,0.1120
1780337700,4489.360000,4489.920000,4488.110000,4488.110000,1.3190
1780338600,4487.800000,4487.800000,4486.560000,4487.180000,0.2200
1780339500,4487.480000,4487.490000,4487.480000,4487.490000,0.0560
1780340400,4487.790000,4487.790000,4485.480000,4486.210000,0.4060
1780341300,4486.210000,4486.550000,4485.260000,4485.260000,0.7940
1780342200,4485.550000,4485.550000,4483.710000,4484.930000,2.2020
1780343100,4484.330000,4484.330000,4480.590000,4480.590000,1.3200
1780344000,4480.900000,4483.910000,4480.900000,4483.910000,0.3460
1780344900,4483.640000,4483.640000,4483.050000,4483.070000,0.2580
1780345800,4483.050000,4483.650000,4483.050000,4483.380000,0.1000
1780346700,4483.040000,4484.000000,4482.560000,4484.000000,0.0580
1780347600,4483.870000,4483.870000,4483.860000,4483.860000,0.0190
1780348500,4483.860000,4483.860000,4483.860000,4483.860000,0.0000
1780349400,4483.620000,4484.120000,4482.690000,4483.030000,0.5670
1780350300,4483.070000,4484.860000,4483.010000,4483.010000,1.3560
1780351200,4485.180000,4485.180000,4481.310000,4482.330000,0.3610
1780352100,4482.640000,4482.950000,4482.010000,4482.010000,0.1280
1780353000,4482.330000,4482.560000,4481.080000,4481.680000,0.8400
1780353900,4481.700000,4484.500000,4481.700000,4484.500000,0.0390
1780354800,4484.770000,4484.780000,4482.280000,4484.310000,0.2050
1780355700,4484.770000,4486.020000,4484.770000,4486.020000,0.0580
1780356600,4485.710000,4485.710000,4481.350000,4484.150000,1.4430
1780357500,4483.840000,4483.840000,4479.800000,4483.220000,1.7420
1780358400,4482.550000,4482.860000,4477.580000,4479.440000,0.8560
1780359300,4479.750000,4489.710000,4479.750000,4489.710000,0.6560
1780360200,4490.030000,4493.140000,4484.100000,4484.420000,1.0500
1780361100,4484.730000,4485.040000,4480.790000,4480.790000,0.9690
1780362000,4480.680000,4488.420000,4473.080000,4488.420000,3.6550
1780362900,4488.110000,4488.420000,4480.950000,4483.440000,1.1090
1780363800,4485.620000,4485.930000,4478.490000,4479.400000,2.2870
1780364700,4479.090000,4479.090000,4463.620000,4472.890000,0.4880
1780365600,4472.580000,4477.310000,4470.680000,4476.250000,0.8440
1780366500,4476.560000,4480.290000,4476.250000,4479.980000,0.3010
1780367400,4480.290000,4481.220000,4474.880000,4474.880000,0.2970
1780368300,4474.750000,4482.460000,4473.150000,4482.460000,0.8250
1780369200,4482.560000,4488.640000,4482.560000,4485.220000,6.4330
1780370100,4485.530000,4493.380000,4485.220000,4492.080000,0.4370
1780371000,4492.390000,4495.460000,4491.460000,4493.010000,0.5470
1780371900,4493.330000,4495.760000,4493.010000,4495.760000,0.2050
1780372800,4495.760000,4502.980000,4495.530000,4501.130000,7.2750
1780373700,4501.520000,4506.190000,4501.520000,4502.000000,3.5910
1780374600,4501.730000,4507.180000,4501.110000,4507.180000,7.0190
1780375500,4507.070000,4513.050000,4507.070000,4513.050000,6.7510
1780376400,4512.920000,4514.510000,4511.430000,4513.630000,2.4940
1780377300,4513.940000,4517.050000,4513.340000,4515.830000,5.0320
1780378200,4516.140000,4523.100000,4516.140000,4520.250000,2.9810
1780379100,4520.570000,4520.890000,4513.000000,4513.000000,0.8070
1780380000,4513.630000,4519.260000,4513.630000,4516.100000,1.1780
1780380900,4515.790000,4529.470000,4515.470000,4529.470000,0.1760
1780381800,4529.710000,4532.750000,4529.070000,4529.240000,1.4170
1780382700,4529.390000,4531.290000,4529.070000,4531.290000,0.6950
1780383600,4531.520000,4535.370000,4530.030000,4535.370000,0.7430
1780384500,4535.060000,4535.060000,4528.850000,4529.090000,1.1930
1780385400,4529.330000,4529.330000,4527.120000,4527.660000,0.1150
1780386300,4527.120000,4529.660000,4524.900000,4529.660000,0.5440
1780387200,4529.900000,4533.100000,4529.300000,4530.870000,1.3530
1780388100,4530.670000,4530.670000,4526.440000,4526.440000,2.1260
1780389000,4527.070000,4527.690000,4525.480000,4525.480000,0.9960
1780389900,4525.470000,4525.470000,4522.640000,4522.640000,1.2080
1780390800,4522.330000,4527.970000,4521.650000,4527.970000,1.0780
1780391700,4528.280000,4529.310000,4521.640000,4521.640000,1.6160
1780392600,4521.320000,4521.320000,4517.530000,4519.730000,29.6670
1780393500,4519.740000,4524.480000,4519.740000,4523.220000,0.4550
1780394400,4524.110000,4525.880000,4523.440000,4525.070000,0.5640
1780395300,4524.750000,4524.750000,4520.010000,4522.850000,0.4830
1780396200,4522.900000,4522.900000,4522.210000,4522.850000,0.5880
1780397100,4523.170000,4527.920000,4523.170000,4527.920000,0.1490
1780398000,4528.150000,4528.150000,4525.330000,4525.330000,1.1700
1780398900,4525.020000,4525.020000,4523.120000,4524.380000,0.1000
1780399800,4524.700000,4525.000000,4521.850000,4522.260000,0.4810
1780400700,4522.550000,4524.700000,4522.490000,4522.490000,4.1230
1780401600,4522.180000,4523.070000,4521.710000,4522.440000,0.1700
1780402500,4522.120000,4528.450000,4520.550000,4524.650000,1.0280
1780403400,4524.330000,4527.460000,4519.280000,4519.710000,1.5010
1780404300,4519.710000,4519.710000,4511.100000,4511.100000,0.4710
1780405200,4511.090000,4518.600000,4508.840000,4509.250000,0.6490
1780406100,4509.780000,4511.670000,4506.940000,4507.270000,0.3570
1780407000,4506.950000,4508.840000,4503.820000,4506.010000,0.4490
1780407900,4506.330000,4508.210000,4501.310000,4501.310000,1.7140
1780408800,4501.000000,4502.830000,4497.230000,4502.520000,1.7270
1780409700,4502.200000,4502.200000,4488.200000,4492.510000,2.0590
1780410600,4492.830000,4501.920000,4492.830000,4501.920000,2.8250
1780411500,4502.200000,4503.810000,4501.030000,4501.890000,3.0260
1780412400,4502.890000,4505.910000,4501.530000,4503.410000,0.9840
1780413300,4503.670000,4504.600000,4502.170000,4503.070000,1.2070
1780414200,4503.100000,4506.060000,4500.590000,4500.900000,4.3390
1780415100,4501.200000,4504.040000,4500.590000,4500.590000,4.6760
1780416000,4500.280000,4500.280000,4496.830000,4496.830000,2.8210
1780416900,4497.090000,4497.090000,4490.540000,4490.540000,0.1780
1780417800,4490.240000,4490.240000,4485.900000,4488.380000,0.9450
1780418700,4489.000000,4489.890000,4489.000000,4489.890000,0.0510
1780419600,4489.880000,4491.130000,4487.420000,4488.640000,0.4970
1780420500,4488.330000,4489.260000,4486.020000,4489.260000,0.1370
1780421400,4488.950000,4489.580000,4482.560000,4483.670000,0.1150
1780422300,4483.980000,4484.910000,4483.670000,4483.670000,0.0160
1780423200,4484.030000,4486.730000,4484.030000,4485.490000,0.0620
1780424100,4485.180000,4488.600000,4484.300000,4488.600000,0.0940
1780425000,4488.290000,4488.290000,4480.520000,4480.520000,0.2670
1780425900,4480.830000,4488.290000,4480.830000,4487.660000,0.3240
1780426800,4487.360000,4487.460000,4487.310000,4487.310000,0.0170
1780427700,4487.000000,4487.340000,4485.440000,4487.340000,1.1360
1780428600,4487.620000,4488.730000,4481.880000,4484.820000,5.0630
1780429500,4485.130000,4485.920000,4484.210000,4485.560000,0.6400
1780430400,4485.710000,4486.950000,4484.790000,4486.950000,0.3650
1780431300,4487.570000,4489.120000,4487.570000,4488.200000,0.5130
1780432200,4488.030000,4488.830000,4488.030000,4488.510000,0.0180
1780433100,4488.200000,4488.200000,4486.170000,4486.950000,0.1070
1780434000,4487.650000,4487.650000,4485.990000,4485.990000,0.0750
1780434900,4486.100000,4486.470000,4486.030000,4486.140000,0.5010
1780435800,4486.060000,4486.060000,4486.060000,4486.060000,0.0850
1780436700,4485.990000,4485.990000,4481.680000,4483.020000,4.5870
1780437600,4484.690000,4489.970000,4484.690000,4487.490000,19.6250
1780438500,4487.410000,4488.110000,4486.550000,4486.650000,1.4820
1780439400,4487.490000,4487.800000,4485.930000,4486.360000,0.7160
1780440300,4485.850000,4488.620000,4482.210000,4482.210000,8.2600
1780441200,4481.910000,4484.340000,4472.570000,4473.810000,5.7810
1780442100,4473.500000,4473.500000,4460.090000,4463.020000,3.9240
1780443000,4463.330000,4469.800000,4459.640000,4469.800000,5.5930
1780443900,4470.090000,4470.720000,4466.750000,4470.720000,1.0430
1780444800,4471.500000,4475.000000,4471.500000,4472.530000,0.8060
1780445700,4472.500000,4478.400000,4472.500000,4478.400000,0.6270
1780446600,4478.710000,4491.830000,4478.710000,4491.140000,3.0090
1780447500,4491.130000,4491.130000,4483.050000,4483.050000,0.1520
1780448400,4483.000000,4483.000000,4465.710000,4469.100000,18.1660
1780449300,4468.790000,4469.100000,4462.330000,4464.480000,0.3890
1780450200,4464.790000,4468.480000,4463.560000,4466.630000,0.2740
1780451100,4466.940000,4472.800000,4466.940000,4471.250000,0.1780
1780452000,4471.220000,4476.460000,4470.360000,4476.460000,0.2680
1780452900,4476.150000,4476.150000,4472.140000,4475.150000,0.8700
1780453800,4474.920000,4480.480000,4472.240000,4478.010000,1.0830
1780454700,4477.700000,4477.700000,4471.840000,4477.400000,0.1230
1780455600,4477.400000,4482.610000,4477.400000,4480.330000,0.4890
1780456500,4480.570000,4481.990000,4480.130000,4480.130000,6.6610
1780457400,4479.820000,4480.440000,4479.280000,4480.090000,2.1690
1780458300,4479.960000,4480.750000,4477.980000,4478.840000,6.0960
1780459200,4479.200000,4481.330000,4479.200000,4481.020000,8.1860
1780460100,4481.330000,4482.800000,4473.620000,4473.620000,2.0940
1780461000,4473.600000,4473.600000,4467.440000,4468.840000,1.2310
1780461900,4468.360000,4468.360000,4465.590000,4466.180000,0.0850
1780462800,4465.600000,4469.230000,4464.920000,4469.230000,1.0920
1780463700,4469.240000,4470.080000,4464.620000,4464.620000,0.6110
1780464600,4464.310000,4464.310000,4458.180000,4458.380000,0.8390
1780465500,4458.190000,4462.780000,4454.820000,4454.820000,0.3910
1780466400,4455.990000,4462.120000,4455.990000,4461.330000,0.5520
1780467300,4462.120000,4465.210000,4457.020000,4458.750000,0.2490
1780468200,4459.060000,4460.890000,4455.450000,4457.830000,1.6630
1780469100,4457.520000,4457.840000,4454.450000,4457.840000,0.6670
1780470000,4458.710000,4466.690000,4457.480000,4465.120000,1.1060
1780470900,4464.850000,4464.850000,4453.800000,4453.800000,0.3920
1780471800,4453.500000,4457.490000,4452.590000,4456.260000,0.1850
1780472700,4455.950000,4458.390000,4452.280000,4452.280000,0.1160
1780473600,4451.980000,4454.700000,4450.080000,4454.010000,0.3250
1780474500,4453.460000,4453.460000,4449.490000,4452.850000,0.2770
1780475400,4453.160000,4453.770000,4452.250000,4452.550000,0.4490
1780476300,4452.850000,4453.140000,4438.790000,4439.520000,3.8250
1780477200,4440.070000,4454.650000,4439.170000,4449.140000,9.0180
1780478100,4448.840000,4448.840000,4438.000000,4438.000000,1.5510
1780479000,4438.330000,4443.360000,4437.900000,4442.750000,0.5370
1780479900,4442.450000,4443.970000,4440.010000,4440.010000,0.2910
1780480800,4439.710000,4460.720000,4439.380000,4458.890000,2.2010
1780481700,4458.600000,4461.940000,4453.400000,4456.750000,88.6650
1780482600,4457.060000,4459.200000,4452.300000,4452.300000,2.7800
1780483500,4451.430000,4456.440000,4451.430000,4456.440000,0.0820
1780484400,4456.150000,4462.530000,4456.150000,4459.780000,0.2460
1780485300,4459.770000,4460.680000,4458.250000,4460.090000,0.0820
1780486200,4460.690000,4461.610000,4458.550000,4458.550000,0.1390
1780487100,4458.240000,4459.770000,4457.410000,4459.770000,0.0420
1780488000,4459.480000,4460.650000,4456.670000,4456.990000,0.3190
1780488900,4456.980000,4457.900000,4451.330000,4451.330000,1.4150
1780489800,4451.170000,4455.760000,4447.820000,4455.760000,0.4880
1780490700,4455.450000,4462.810000,4453.930000,4456.990000,1.1020
1780491600,4456.370000,4461.540000,4456.330000,4460.610000,0.4920
1780492500,4460.310000,4460.310000,4445.590000,4446.860000,0.7740
1780493400,4447.160000,4450.210000,4428.360000,4428.360000,0.9610
1780494300,4428.050000,4445.640000,4427.160000,4445.320000,1.5360
1780495200,4445.000000,4454.140000,4441.050000,4454.070000,0.9680
1780496100,4454.070000,4454.210000,4445.610000,4449.260000,0.5420
1780497000,4449.570000,4450.480000,4446.520000,4446.520000,0.3130
1780497900,4446.820000,4455.370000,4446.820000,4454.160000,0.3740
1780498800,4454.720000,4454.720000,4445.260000,4445.260000,0.6640
1780499700,4445.370000,4447.390000,4438.890000,4442.220000,0.3660
1780500600,4442.520000,4442.520000,4435.850000,4438.580000,0.4440
1780501500,4438.270000,4439.790000,4436.460000,4439.180000,0.2190
1780502400,4439.340000,4440.360000,4436.720000,4437.630000,0.0810
1780503300,4437.340000,4437.930000,4432.780000,4433.990000,0.7390
1780504200,4434.300000,4437.020000,4432.480000,4435.200000,0.1880
1780505100,4435.510000,4438.840000,4434.300000,4438.840000,0.6290
1780506000,4439.150000,4444.580000,4439.130000,4439.130000,0.4840
1780506900,4439.720000,4440.020000,4437.890000,4437.890000,0.0370
1780507800,4437.590000,4439.110000,4436.080000,4439.110000,0.2010
1780508700,4438.810000,4438.810000,4436.090000,4437.500000,0.4870
1780509600,4437.560000,4437.560000,4435.430000,4435.430000,0.0260
1780510500,4435.130000,4436.950000,4434.520000,4436.950000,0.2540
1780511400,4437.250000,4438.770000,4436.050000,4436.950000,0.0820
1780512300,4437.250000,4438.770000,4437.250000,4438.770000,0.0660
1780513200,4439.530000,4446.450000,4439.530000,4446.330000,0.4550
1780514100,4446.630000,4449.360000,4444.500000,4444.500000,3.5460
1780515000,4444.810000,4445.720000,4444.810000,4445.110000,0.0120
1780515900,4444.810000,4444.810000,4442.370000,4442.370000,0.0220
1780516800,4442.080000,4442.620000,4438.400000,4438.570000,0.1780
1780517700,4438.570000,4438.570000,4436.580000,4437.180000,0.1090
1780518600,4436.880000,4436.880000,4431.920000,4431.920000,0.1840
1780519500,4431.910000,4431.910000,4429.630000,4430.970000,2.7480
1780520400,4431.180000,4434.720000,4431.180000,4434.720000,0.0350
1780521300,4435.020000,4437.750000,4435.020000,4437.750000,0.2780
1780522200,4438.050000,4439.260000,4437.820000,4439.260000,0.0380
1780523100,4439.570000,4442.910000,4439.570000,4442.910000,0.9650
1780524000,4442.900000,4442.900000,4430.030000,4430.030000,8.7200
1780524900,4430.150000,4431.660000,4422.450000,4431.360000,2.0020
1780525800,4431.650000,4435.890000,4431.650000,4432.870000,1.5190
1780526700,4433.170000,4448.650000,4433.170000,4444.390000,7.7200
1780527600,4444.680000,4445.570000,4441.630000,4443.130000,1.6700
1780528500,4443.440000,4447.090000,4441.910000,4447.090000,1.3630
1780529400,4447.390000,4448.930000,4442.830000,4448.930000,0.6190
1780530300,4449.220000,4459.930000,4449.220000,4453.490000,1.6080
1780531200,4453.180000,4459.670000,4451.010000,4451.010000,0.3220
1780532100,4450.780000,4451.920000,4445.000000,4446.740000,0.1570
1780533000,4446.450000,4447.350000,4441.130000,4443.400000,5.0190
1780533900,4443.100000,4446.740000,4441.610000,4444.010000,1.0000
1780534800,4443.700000,4461.050000,4440.330000,4459.890000,3.5940
1780535700,4459.820000,4467.040000,4455.240000,4460.430000,2.9770
1780536600,4460.740000,4463.500000,4454.630000,4454.630000,5.5120
1780537500,4454.320000,4460.130000,4451.880000,4459.520000,19.0370
1780538400,4459.820000,4460.380000,4451.840000,4457.340000,0.9230
1780539300,4457.030000,4457.030000,4454.280000,4455.810000,0.4520
1780540200,4456.110000,4457.950000,4453.380000,4457.640000,0.3330
1780541100,4457.950000,4470.150000,4457.950000,4469.590000,0.2990
1780542000,4470.470000,4470.780000,4467.400000,4468.020000,0.1390
1780542900,4467.710000,4467.710000,4463.430000,4463.790000,0.6490
1780543800,4464.030000,4465.870000,4458.210000,4458.210000,0.1580
1780544700,4457.910000,4459.130000,4455.470000,4459.130000,0.0650
1780545600,4460.010000,4464.600000,4459.090000,4464.600000,0.1840
1780546500,4464.910000,4469.200000,4464.910000,4469.200000,0.0960
1780547400,4469.510000,4476.800000,4469.510000,4476.280000,0.3810
1780548300,4475.970000,4475.970000,4473.510000,4473.810000,0.0540
1780549200,4474.120000,4475.300000,4466.000000,4471.000000,1.7190
1780550100,4471.200000,4471.200000,4466.710000,4467.320000,0.0820
1780551000,4467.010000,4468.840000,4466.090000,4467.630000,0.1220
1780551900,4467.930000,4467.930000,4462.110000,4463.950000,0.1230
1780552800,4463.640000,4469.430000,4463.110000,4467.890000,0.1250
1780553700,4467.580000,4467.580000,4461.770000,4466.050000,0.7750
1780554600,4466.360000,4470.490000,4463.640000,4464.820000,5.0740
1780555500,4464.520000,4464.520000,4459.620000,4462.380000,0.6600
1780556400,4462.770000,4463.870000,4458.660000,4458.970000,0.3940
1780557300,4459.280000,4464.170000,4457.760000,4459.280000,0.7550
1780558200,4459.580000,4461.720000,4456.530000,4456.530000,0.7020
1780559100,4456.230000,4456.450000,4455.010000,4456.220000,0.2500
1780560000,4456.530000,4461.380000,4455.280000,4455.280000,0.2110
1780560900,4455.530000,4459.240000,4454.660000,4457.400000,0.9440
1780561800,4457.710000,4462.910000,4456.180000,4458.010000,1.4850
1780562700,4458.320000,4460.460000,4455.880000,4459.850000,0.1910
1780563600,4459.550000,4463.780000,4457.070000,4459.500000,0.2800
1780564500,4459.510000,4461.950000,4459.510000,4460.420000,0.1460
1780565400,4460.120000,4463.480000,4457.580000,4462.870000,3.1770
1780566300,4463.170000,4469.620000,4463.170000,4466.510000,1.4100
1780567200,4466.250000,4466.810000,4462.260000,4465.890000,0.7360
1780568100,4465.580000,4465.580000,4460.680000,4463.130000,0.1360
1780569000,4462.820000,4467.110000,4462.220000,4467.110000,0.1410
1780569900,4466.810000,4467.730000,4465.580000,4467.110000,0.1900
1780570800,4468.090000,4472.290000,4465.230000,4469.220000,0.2710
1780571700,4468.920000,4484.920000,4468.920000,4483.380000,0.7140
1780572600,4484.000000,4486.160000,4477.790000,4485.230000,0.3810
1780573500,4485.540000,4508.120000,4485.540000,4507.590000,2.8480
1780574400,4507.280000,4508.360000,4488.280000,4488.280000,0.5510
1780575300,4488.590000,4494.390000,4486.740000,4493.240000,4.2440
1780576200,4493.550000,4496.030000,4492.930000,4495.140000,4.4810
1780577100,4495.720000,4503.800000,4495.100000,4498.840000,0.6950
1780578000,4498.970000,4503.450000,4496.600000,4498.320000,0.3350
1780578900,4498.610000,4502.820000,4497.550000,4499.400000,0.3330
1780579800,4499.090000,4508.440000,4498.160000,4508.440000,0.5700
1780580700,4508.750000,4509.060000,4493.810000,4493.810000,0.3860
1780581600,4494.480000,4495.320000,4484.480000,4484.480000,0.7270
1780582500,4484.170000,4487.870000,4481.700000,4481.700000,0.6590
1780583400,4481.700000,4481.700000,4470.940000,4471.860000,0.5320
1780584300,4470.930000,4470.930000,4456.260000,4461.440000,0.9620
1780585200,4462.500000,4471.040000,4462.110000,4470.280000,2.4220
1780586100,4470.890000,4471.490000,4467.830000,4468.450000,0.8440
1780587000,4468.440000,4473.030000,4468.440000,4470.290000,4.9440
1780587900,4470.280000,4474.890000,4469.360000,4474.890000,0.1130
1780588800,4474.840000,4479.460000,4474.140000,4477.920000,0.1310
1780589700,4478.390000,4481.320000,4477.930000,4481.320000,0.1880
1780590600,4481.000000,4481.000000,4477.930000,4479.240000,0.0830
1780591500,4479.150000,4479.770000,4478.540000,4479.770000,0.6220
1780592400,4479.540000,4479.540000,4473.680000,4473.680000,2.1180
1780593300,4473.570000,4474.800000,4471.420000,4473.570000,0.1070
1780594200,4474.190000,4476.650000,4472.350000,4472.350000,0.0660
1780595100,4472.680000,4475.480000,4472.680000,4474.490000,7.1340
1780596000,4474.490000,4475.070000,4473.600000,4474.150000,0.2510
1780596900,4474.760000,4476.300000,4474.760000,4475.370000,0.0140
1780597800,4475.130000,4475.160000,4470.770000,4470.770000,3.6070
1780598700,4470.810000,4474.150000,4470.810000,4474.150000,0.0430
1780599600,4475.020000,4478.100000,4473.190000,4473.190000,0.3700
1780600500,4473.720000,4475.640000,4473.530000,4475.640000,0.5750
1780601400,4475.950000,4475.950000,4474.730000,4475.330000,0.0490
1780602300,4475.020000,4477.790000,4473.810000,4476.850000,4.4600
1780603200,4476.560000,4476.560000,4473.750000,4473.750000,2.6440
1780604100,4473.470000,4473.570000,4472.530000,4472.530000,0.5420
1780605000,4472.530000,4472.530000,4470.380000,4470.380000,1.8960
1780605900,4470.160000,4470.160000,4469.160000,4469.760000,2.4780
1780606800,4469.590000,4469.730000,4469.440000,4469.730000,0.3990
1780607700,4469.720000,4469.730000,4469.720000,4469.730000,1.5040
1780608600,4469.720000,4469.720000,4466.050000,4466.050000,0.9690
1780609500,4465.740000,4470.180000,4465.060000,4466.570000,6.8350
1780610400,4468.160000,4470.610000,4465.120000,4469.510000,19.7970
1780611300,4469.070000,4473.560000,4468.470000,4472.750000,17.6160
1780612200,4473.060000,4474.280000,4469.370000,4469.370000,16.1590
1780613100,4469.070000,4469.070000,4463.870000,4463.870000,6.1160
1780614000,4463.570000,4466.350000,4459.460000,4465.350000,9.9760
1780614900,4465.060000,4466.270000,4460.780000,4463.280000,5.8890
1780615800,4463.210000,4463.210000,4457.720000,4457.720000,2.8010
1780616700,4457.430000,4459.840000,4455.980000,4456.930000,4.9470
1780617600,4456.500000,4457.680000,4450.100000,4450.970000,0.9870
1780618500,4450.380000,4451.590000,4448.250000,4451.590000,0.5970
1780619400,4451.900000,4459.810000,4451.900000,4457.680000,1.0680
1780620300,4457.380000,4459.380000,4454.940000,4454.940000,0.9410
1780621200,4454.760000,4462.490000,4449.730000,4455.520000,1.0610
1780622100,4455.510000,4457.950000,4446.110000,4452.160000,1.0380
1780623000,4452.470000,4453.070000,4442.150000,4442.150000,2.2300
1780623900,4441.850000,4445.490000,4440.050000,4441.540000,7.3310
1780624800,4442.420000,4445.440000,4439.280000,4444.800000,0.5560
1780625700,4444.840000,4448.470000,4442.120000,4445.760000,1.1170
1780626600,4446.190000,4446.190000,4434.870000,4437.580000,1.4730
1780627500,4437.890000,4442.420000,4436.680000,4436.680000,0.3890
1780628400,4436.380000,4436.380000,4432.680000,4434.040000,0.6380
1780629300,4434.230000,4436.650000,4431.230000,4431.820000,1.4140
1780630200,4431.550000,4436.450000,4431.550000,4436.450000,0.1570
1780631100,4435.750000,4435.750000,4434.080000,4435.740000,0.3030
1780632000,4436.330000,4436.910000,4434.500000,4435.400000,0.5460
1780632900,4436.000000,4437.210000,4434.840000,4435.990000,0.1380
1780633800,4435.700000,4438.100000,4434.190000,4435.270000,0.1670
1780634700,4435.370000,4440.680000,4435.110000,4440.150000,0.4400
1780635600,4439.930000,4443.660000,4439.290000,4442.340000,0.8210
1780636500,4443.200000,4443.200000,4439.220000,4439.890000,0.2510
1780637400,4440.480000,4442.810000,4437.330000,4439.580000,2.8240
1780638300,4439.350000,4441.960000,4434.760000,4434.760000,0.7340
1780639200,4435.930000,4436.230000,4431.710000,4432.010000,1.2240
1780640100,4431.710000,4438.050000,4424.200000,4433.530000,8.1180
1780641000,4434.420000,4442.250000,4434.420000,4441.060000,0.5290
1780641900,4441.540000,4448.830000,4440.780000,4445.900000,1.5550
1780642800,4446.290000,4455.880000,4446.220000,4452.540000,0.4360
1780643700,4453.140000,4459.840000,4453.140000,4459.840000,23.9850
1780644600,4459.940000,4460.090000,4456.790000,4457.400000,0.3170
1780645500,4458.010000,4459.650000,4457.740000,4458.010000,12.4520
1780646400,4457.710000,4458.670000,4455.230000,4455.910000,1.1520
1780647300,4455.750000,4461.320000,4455.560000,4461.320000,10.8660
1780648200,4461.320000,4462.710000,4456.840000,4457.060000,3.8740
1780649100,4457.670000,4457.830000,4456.950000,4457.150000,1.1660
1780650000,4457.110000,4461.890000,4454.610000,4460.370000,0.5050
1780650900,4460.980000,4463.420000,4459.150000,4459.150000,0.1860
1780651800,4458.850000,4461.380000,4456.120000,4459.790000,1.3020
1780652700,4460.060000,4462.500000,4459.450000,4459.450000,0.8780
1780653600,4459.720000,4460.010000,4459.040000,4459.040000,0.2410
1780654500,4459.240000,4460.680000,4459.240000,4460.400000,0.5630
1780655400,4460.340000,4460.340000,4457.010000,4457.010000,4.1400
1780656300,4457.890000,4462.230000,4457.890000,4462.230000,3.9990
1780657200,4461.280000,4461.460000,4457.550000,4457.550000,10.5460
1780658100,4457.740000,4458.790000,4454.510000,4458.790000,12.7330
1780659000,4459.070000,4460.180000,4457.850000,4457.850000,4.7810
1780659900,4458.460000,4467.310000,4458.460000,4462.450000,4.4360
1780660800,4463.000000,4464.520000,4459.330000,4463.260000,2.7210
1780661700,4463.600000,4468.190000,4458.420000,4460.860000,0.4380
1780662600,4460.120000,4460.120000,4436.010000,4441.140000,7.9860
1780663500,4440.840000,4442.970000,4404.590000,4404.590000,2.3730
1780664400,4404.500000,4417.070000,4399.920000,4417.070000,1.6380
1780665300,4416.770000,4417.930000,4403.670000,4403.670000,1.0140
1780666200,4403.700000,4406.930000,4385.930000,4387.690000,4.2850
1780667100,4387.700000,4387.780000,4366.000000,4366.000000,8.6960
1780668000,4365.900000,4377.080000,4363.790000,4364.990000,15.5010
1780668900,4365.090000,4368.580000,4351.420000,4356.930000,3.1150
1780669800,4357.230000,4359.990000,4344.760000,4347.940000,4.2570
1780670700,4348.800000,4368.300000,4348.800000,4368.300000,15.5780
1780671600,4368.580000,4370.940000,4353.720000,4353.720000,1.8510
1780672500,4353.510000,4354.820000,4348.310000,4351.690000,8.2210
1780673400,4351.980000,4354.010000,4334.940000,4337.530000,5.8330
1780674300,4337.240000,4339.540000,4334.440000,4334.440000,2.7850
1780675200,4334.910000,4337.910000,4327.670000,4333.760000,8.8200
1780676100,4333.480000,4333.480000,4326.300000,4331.160000,10.6020
1780677000,4330.320000,4330.600000,4324.290000,4328.020000,8.9470
1780677900,4327.500000,4345.280000,4325.910000,4345.280000,12.2810
1780678800,4345.290000,4346.990000,4338.630000,4340.070000,6.8480
1780679700,4340.150000,4342.220000,4336.330000,4342.220000,4.3150
1780680600,4341.970000,4347.970000,4340.070000,4341.520000,5.5860
1780681500,4341.520000,4342.380000,4339.500000,4341.240000,2.3800
1780682400,4341.230000,4341.510000,4325.120000,4325.140000,5.4320
1780683300,4325.140000,4329.770000,4323.690000,4325.300000,3.4620
1780684200,4325.690000,4325.690000,4316.830000,4317.690000,11.1710
1780685100,4317.910000,4323.330000,4315.980000,4321.680000,16.0240
1780686000,4321.950000,4321.950000,4314.820000,4314.820000,13.3240
1780686900,4314.820000,4321.090000,4312.540000,4321.080000,13.6310
1780687800,4321.090000,4321.660000,4312.620000,4316.800000,10.9820
1780688700,4316.040000,4319.950000,4316.040000,4317.180000,9.0250
1780689600,4317.120000,4318.260000,4311.670000,4314.800000,4.6480
1780690500,4314.700000,4322.790000,4313.940000,4322.340000,1.1560
1780691400,4322.350000,4323.930000,4321.360000,4323.350000,4.5580
1780692300,4323.930000,4329.080000,4323.370000,4328.040000,2.3670
1780693200,4328.200000,4329.400000,4327.630000,4328.500000,7.8220
1780694100,4328.500000,4331.360000,4328.500000,4331.350000,0.8840
1780695000,4331.360000,4332.790000,4331.360000,4332.790000,0.8070
1780695900,4332.790000,4333.650000,4332.790000,4333.650000,0.6530
1780696800,4334.430000,4335.640000,4327.710000,4331.340000,5.6190
1780697700,4331.330000,4332.000000,4330.480000,4331.110000,4.0930
1780698600,4331.110000,4331.110000,4329.900000,4329.900000,1.0100
1780699500,4329.900000,4329.900000,4327.040000,4327.040000,2.4060
1780700400,4327.040000,4327.040000,4324.720000,4325.170000,1.4050
1780701300,4325.160000,4325.170000,4318.220000,4320.350000,11.5050
1780702200,4321.200000,4322.250000,4320.420000,4321.150000,19.2480
1780703100,4321.150000,4322.250000,4319.990000,4321.420000,1.4890
1780704000,4321.420000,4327.440000,4321.420000,4326.710000,3.5620
1780704900,4326.720000,4328.140000,4326.130000,4326.980000,1.5020
1780705800,4327.570000,4331.580000,4327.560000,4330.170000,3.3978
1780706700,4330.170000,4332.150000,4330.140000,4332.150000,1.1710
1780707600,4332.220000,4332.380000,4326.410000,4326.410000,0.9860
1780708500,4326.410000,4326.690000,4324.110000,4326.690000,3.1870
1780709400,4326.690000,4326.690000,4324.680000,4324.840000,0.8140
1780710300,4324.750000,4325.000000,4322.110000,4322.110000,0.8020
1780711200,4322.110000,4322.150000,4318.670000,4318.670000,0.9500
1780712100,4318.670000,4318.680000,4318.670000,4318.670000,0.3610
1780713000,4318.670000,4318.680000,4317.810000,4318.560000,0.9220
1780713900,4318.570000,4321.230000,4318.060000,4321.230000,1.5870
1780714800,4321.220000,4321.400000,4318.490000,4318.490000,1.1740
1780715700,4318.370000,4318.380000,4316.370000,4316.370000,0.9070
1780716600,4316.370000,4318.080000,4315.610000,4318.080000,1.2250
1780717500,4318.080000,4318.080000,4316.080000,4316.080000,0.4740
1780718400,4316.080000,4316.490000,4311.430000,4312.180000,4.4920
1780719300,4312.180000,4312.910000,4311.310000,4312.030000,2.7280
1780720200,4311.480000,4311.970000,4304.420000,4304.550000,13.4900
1780721100,4304.420000,4306.400000,4304.140000,4304.420000,0.6190
1780722000,4304.420000,4304.430000,4293.220000,4294.460000,13.1010
1780722900,4294.790000,4303.560000,4294.260000,4302.710000,5.2410
1780723800,4302.710000,4306.100000,4302.420000,4306.100000,9.9890
1780724700,4306.090000,4308.510000,4306.090000,4308.090000,5.4070
1780725600,4307.990000,4310.620000,4307.990000,4310.620000,3.5920
1780726500,4310.620000,4313.740000,4310.070000,4312.900000,2.4830
1780727400,4312.900000,4313.250000,4305.800000,4306.590000,7.3860
1780728300,4306.590000,4306.650000,4304.900000,4304.900000,0.7270
1780729200,4304.870000,4309.470000,4303.800000,4309.470000,1.2070
1780730100,4309.470000,4309.920000,4306.550000,4306.550000,2.1730
1780731000,4307.110000,4310.040000,4306.450000,4308.570000,3.4660
1780731900,4308.620000,4308.700000,4307.480000,4307.480000,1.9530
1780732800,4307.480000,4308.030000,4305.200000,4307.190000,2.7910
1780733700,4307.190000,4307.470000,4305.730000,4307.460000,1.1660
1780734600,4307.470000,4308.880000,4305.460000,4305.850000,0.9930
1780735500,4305.850000,4306.650000,4304.840000,4304.920000,1.1200
1780736400,4304.920000,4306.310000,4304.920000,4306.310000,0.5940
1780737300,4306.310000,4306.310000,4304.620000,4305.440000,1.4210
1780738200,4305.440000,4305.460000,4304.620000,4304.620000,1.2400
1780739100,4304.620000,4304.630000,4301.790000,4301.810000,3.2870
1780740000,4301.810000,4301.810000,4295.280000,4298.030000,13.0150
1780740900,4298.030000,4298.950000,4295.950000,4296.690000,7.5710
1780741800,4296.690000,4296.690000,4295.840000,4296.660000,8.1160
1780742700,4296.640000,4296.690000,4293.310000,4294.400000,4.1500
1780743600,4294.380000,4296.670000,4294.210000,4296.630000,7.2180
1780744500,4296.670000,4297.240000,4295.830000,4296.440000,1.8540
1780745400,4296.440000,4297.240000,4295.830000,4296.390000,2.6300
1780746300,4296.390000,4299.390000,4296.390000,4299.210000,5.4240
1780747200,4299.220000,4300.040000,4298.630000,4298.910000,9.3410
1780748100,4298.910000,4298.940000,4296.940000,4296.940000,0.6000
1780749000,4296.940000,4296.940000,4294.960000,4295.810000,1.4330
1780749900,4295.810000,4301.310000,4295.810000,4297.220000,6.5040
1780750800,4297.230000,4299.000000,4297.220000,4298.880000,8.1150
1780751700,4298.890000,4298.890000,4297.480000,4297.490000,14.9950
1780752600,4297.490000,4297.730000,4296.070000,4297.410000,4.1030
1780753500,4297.420000,4299.740000,4297.420000,4298.890000,6.3660
1780754400,4298.890000,4300.290000,4298.880000,4298.880000,0.6870
1780755300,4298.880000,4299.500000,4298.030000,4298.030000,0.7560
1780756200,4298.030000,4298.800000,4298.030000,4298.150000,0.8160
1780757100,4298.150000,4298.150000,4294.090000,4294.100000,2.1450
1780758000,4294.090000,4295.200000,4294.090000,4294.720000,8.5960
1780758900,4294.810000,4294.810000,4293.510000,4294.350000,7.4330
1780759800,4294.350000,4294.350000,4292.630000,4292.690000,3.2590
1780760700,4292.690000,4293.220000,4292.100000,4292.100000,2.0420
1780761600,4292.100000,4296.080000,4292.100000,4294.200000,6.0320
1780762500,4294.200000,4294.200000,4292.080000,4292.080000,0.4300
1780763400,4292.080000,4292.080000,4291.550000,4291.630000,0.7470
1780764300,4291.660000,4292.370000,4291.550000,4291.700000,0.7290
1780765200,4291.690000,4294.600000,4291.690000,4294.600000,1.3890
1780766100,4294.600000,4298.620000,4294.390000,4298.530000,2.2000
1780767000,4297.710000,4298.850000,4297.130000,4298.530000,0.8670
1780767900,4298.540000,4298.540000,4296.700000,4297.980000,0.8570
1780768800,4298.390000,4298.510000,4296.070000,4296.210000,61.0740
1780769700,4296.210000,4296.220000,4296.210000,4296.220000,4.3910
1780770600,4296.210000,4296.320000,4296.210000,4296.320000,15.9870
1780771500,4296.280000,4296.320000,4294.020000,4294.020000,4.5130
1780772400,4294.020000,4294.730000,4292.880000,4294.730000,13.4660
1780773300,4294.730000,4294.850000,4294.520000,4294.730000,1.6940
1780774200,4294.730000,4294.750000,4294.000000,4294.170000,0.6360
1780775100,4294.040000,4294.240000,4294.000000,4294.000000,0.6470
1780776000,4294.000000,4294.000000,4293.200000,4293.200000,0.9840
1780776900,4293.200000,4293.210000,4293.200000,4293.200000,0.3640
1780777800,4293.200000,4293.220000,4293.200000,4293.200000,0.6290
1780778700,4293.210000,4293.640000,4293.200000,4293.430000,0.6530
1780779600,4293.420000,4293.500000,4293.420000,4293.430000,0.5870
1780780500,4293.430000,4293.430000,4293.130000,4293.140000,0.6230
1780781400,4293.130000,4293.140000,4292.560000,4292.560000,0.6420
1780782300,4292.560000,4292.560000,4291.440000,4291.440000,0.7490
1780783200,4291.440000,4291.460000,4291.440000,4291.440000,0.6930
1780784100,4291.450000,4297.900000,4291.420000,4291.430000,9.6040
1780785000,4291.420000,4293.390000,4291.420000,4292.670000,0.6750
1780785900,4292.670000,4292.720000,4292.270000,4292.280000,0.6690
1780786800,4292.270000,4292.280000,4292.270000,4292.270000,0.9120
1780787700,4292.270000,4293.010000,4292.270000,4293.000000,0.8430
1780788600,4293.010000,4297.300000,4293.010000,4297.160000,7.8890
1780789500,4297.170000,4299.430000,4297.160000,4299.180000,27.7160
1780790400,4299.180000,4299.750000,4298.420000,4298.420000,11.5600
1780791300,4298.420000,4298.430000,4296.730000,4296.730000,3.4010
1780792200,4296.730000,4298.140000,4296.730000,4297.620000,3.8400
1780793100,4297.620000,4298.130000,4297.470000,4298.130000,1.0520
1780794000,4298.130000,4300.940000,4298.090000,4300.930000,4.1950
1780794900,4300.920000,4301.790000,4300.920000,4301.770000,1.7060
1780795800,4301.770000,4308.010000,4301.720000,4307.650000,2.0960
1780796700,4307.540000,4308.280000,4307.430000,4307.810000,3.2260
1780797600,4307.820000,4307.820000,4306.570000,4306.640000,1.7090
1780798500,4306.640000,4307.070000,4306.000000,4306.010000,0.5240
1780799400,4306.240000,4306.850000,4306.210000,4306.850000,0.5040
1780800300,4306.850000,4309.680000,4306.850000,4309.680000,0.9970
1780801200,4309.920000,4310.050000,4309.830000,4309.830000,0.6090
1780802100,4310.050000,4310.050000,4309.090000,4309.430000,1.7370
1780803000,4309.430000,4309.630000,4309.290000,4309.340000,0.7010
1780803900,4309.340000,4309.340000,4303.860000,4306.710000,5.8560
1780804800,4306.710000,4307.180000,4304.840000,4304.840000,5.3380
1780805700,4304.840000,4304.840000,4302.920000,4302.920000,3.0980
1780806600,4302.970000,4305.680000,4302.920000,4303.990000,3.6320
1780807500,4303.990000,4307.100000,4301.980000,4306.960000,12.3820
1780808400,4306.960000,4307.080000,4306.230000,4307.080000,4.0850
1780809300,4307.070000,4308.450000,4305.990000,4305.990000,28.4120
1780810200,4306.200000,4306.510000,4305.660000,4306.070000,21.4100
1780811100,4306.070000,4306.510000,4305.660000,4306.100000,3.2210
1780812000,4306.100000,4307.060000,4305.930000,4306.750000,3.9990
1780812900,4306.710000,4307.340000,4306.210000,4306.790000,2.6490
1780813800,4306.790000,4312.150000,4306.760000,4312.150000,1.4410
1780814700,4312.150000,4313.000000,4312.140000,4312.800000,5.7470
1780815600,4312.800000,4312.960000,4311.850000,4311.850000,0.6160
1780816500,4311.860000,4312.700000,4311.430000,4311.440000,0.6700
1780817400,4311.280000,4313.270000,4311.280000,4312.990000,1.0740
1780818300,4312.990000,4313.270000,4312.480000,4313.270000,1.2140
1780819200,4313.260000,4313.860000,4312.330000,4313.480000,1.1260
1780820100,4313.480000,4315.000000,4313.310000,4314.990000,1.7530
1780821000,4314.990000,4316.360000,4314.380000,4316.360000,0.6040
1780821900,4316.360000,4319.770000,4316.360000,4319.770000,2.8210
1780822800,4320.000000,4322.230000,4320.000000,4322.220000,1.3580
1780823700,4322.040000,4322.500000,4317.200000,4318.020000,9.9600
1780824600,4318.030000,4318.030000,4316.340000,4316.340000,2.8120
1780825500,4316.340000,4316.630000,4312.090000,4315.790000,7.0100
1780826400,4315.780000,4315.970000,4311.510000,4312.060000,1.0370
1780827300,4312.060000,4313.210000,4312.060000,4312.690000,1.4690
1780828200,4312.570000,4312.700000,4311.230000,4311.230000,0.5570
1780829100,4311.240000,4311.240000,4310.150000,4310.560000,0.8280
1780830000,4310.560000,4313.110000,4308.940000,4309.850000,1.2960
1780830900,4309.880000,4309.880000,4308.940000,4308.950000,0.6630
1780831800,4309.150000,4315.150000,4308.380000,4309.790000,6.9710
1780832700,4309.790000,4311.210000,4309.780000,4310.900000,0.8490
1780833600,4310.890000,4310.900000,4307.510000,4307.510000,0.7930
1780834500,4307.510000,4307.920000,4306.380000,4306.670000,1.6090
1780835400,4306.670000,4306.670000,4305.260000,4305.260000,1.0360
1780836300,4305.260000,4306.100000,4305.000000,4305.000000,4.5160
1780837200,4305.000000,4305.000000,4302.140000,4302.140000,60.8570
1780838100,4302.140000,4302.140000,4295.160000,4297.160000,24.6390
1780839000,4297.330000,4297.340000,4296.230000,4296.280000,22.7130
1780839900,4296.280000,4298.720000,4296.260000,4298.680000,8.2280
1780840800,4298.460000,4306.090000,4298.460000,4305.500000,8.3880
1780841700,4305.500000,4307.190000,4303.260000,4304.650000,12.4100
1780842600,4304.650000,4306.630000,4302.960000,4303.070000,14.0070
1780843500,4302.970000,4302.980000,4300.720000,4302.400000,6.7950
1780844400,4302.680000,4306.050000,4302.680000,4304.350000,1.0180
1780845300,4304.350000,4306.490000,4303.390000,4304.640000,6.8720
1780846200,4304.640000,4306.050000,4304.640000,4305.420000,11.5330
1780847100,4305.420000,4306.050000,4304.350000,4304.350000,8.3240
1780848000,4304.350000,4311.560000,4304.350000,4308.620000,6.8530
1780848900,4308.000000,4308.840000,4307.720000,4307.720000,8.7550
1780849800,4307.720000,4309.470000,4307.720000,4309.140000,5.1760
1780850700,4309.140000,4309.640000,4309.130000,4309.130000,1.1030
1780851600,4309.150000,4313.480000,4309.130000,4310.540000,0.9660
1780852500,4310.540000,4310.540000,4309.680000,4309.690000,3.1180
1780853400,4309.690000,4309.690000,4309.680000,4309.690000,0.5360
1780854300,4309.690000,4309.690000,4309.110000,4309.610000,1.0300
1780855200,4309.600000,4312.460000,4309.600000,4311.200000,2.2000
1780856100,4311.200000,4311.200000,4308.820000,4309.960000,1.4960
1780857000,4309.960000,4309.960000,4309.880000,4309.900000,0.4130
1780857900,4309.900000,4309.900000,4307.680000,4307.680000,0.7110
1780858800,4307.680000,4307.680000,4300.900000,4300.900000,6.1070
1780859700,4300.910000,4300.910000,4298.940000,4298.940000,10.3850
1780860600,4298.940000,4302.410000,4298.660000,4299.780000,1.4410
1780861500,4299.780000,4307.380000,4299.780000,4305.970000,6.3360
1780862400,4305.970000,4306.000000,4304.550000,4304.900000,3.6560
1780863300,4304.900000,4309.860000,4304.550000,4308.460000,0.9650
1780864200,4308.460000,4308.460000,4305.670000,4305.770000,0.8910
1780865100,4305.780000,4305.780000,4303.140000,4303.370000,1.0470
1780866000,4303.440000,4308.760000,4303.430000,4308.760000,7.2710
1780866900,4308.760000,4311.610000,4308.750000,4310.480000,1.0220
1780867800,4310.730000,4315.260000,4310.490000,4315.000000,1.2760
1780868700,4315.020000,4315.240000,4306.610000,4306.780000,3.7020
1780869600,4306.780000,4327.840000,4304.790000,4325.270000,124.4100
1780870500,4323.680000,4325.060000,4311.280000,4311.280000,27.5980
1780871400,4311.280000,4321.190000,4310.000000,4319.210000,16.8730
1780872300,4319.210000,4319.680000,4310.410000,4311.580000,2.8730
1780873200,4311.560000,4325.990000,4311.560000,4323.730000,6.6860
1780874100,4323.740000,4326.710000,4322.880000,4326.710000,16.5020
1780875000,4326.860000,4333.060000,4326.860000,4331.710000,15.3890
1780875900,4331.700000,4338.550000,4329.130000,4336.840000,20.5640
1780876800,4336.840000,4338.180000,4333.960000,4335.100000,14.4880
1780877700,4335.090000,4344.260000,4331.870000,4343.770000,8.8930
1780878600,4343.770000,4344.160000,4334.740000,4336.880000,8.7680
1780879500,4336.950000,4337.940000,4332.260000,4334.830000,5.3690
1780880400,4334.890000,4337.080000,4318.820000,4319.430000,12.6900
1780881300,4319.470000,4319.470000,4303.990000,4305.850000,11.2510
1780882200,4306.040000,4318.970000,4293.610000,4318.210000,13.7040
1780883100,4318.210000,4320.850000,4313.490000,4319.210000,8.4850
1780884000,4319.420000,4323.100000,4308.870000,4310.850000,5.4780
1780884900,4310.820000,4312.050000,4305.330000,4308.440000,3.2430
1780885800,4308.480000,4310.360000,4303.030000,4309.920000,15.6250
1780886700,4309.510000,4313.470000,4305.000000,4305.010000,12.1230
1780887600,4305.000000,4308.080000,4300.200000,4300.600000,2.6280
1780888500,4300.600000,4305.260000,4299.360000,4301.890000,4.6620
1780889400,4301.890000,4303.360000,4300.200000,4303.290000,1.5070
1780890300,4303.290000,4310.060000,4303.290000,4310.060000,1.1460
1780891200,4310.060000,4313.440000,4307.780000,4312.450000,4.2960
1780892100,4312.310000,4314.910000,4310.050000,4313.400000,2.4440
1780893000,4313.400000,4313.430000,4303.000000,4303.000000,1.2600
1780893900,4303.010000,4306.690000,4302.540000,4305.840000,1.9520
1780894800,4305.190000,4308.290000,4299.530000,4299.530000,1.0630
1780895700,4299.330000,4306.640000,4299.330000,4304.680000,9.7160
1780896600,4304.670000,4304.950000,4264.020000,4281.430000,16.0750
1780897500,4281.420000,4288.130000,4279.580000,4286.460000,8.3620
1780898400,4288.100000,4300.430000,4288.020000,4297.900000,9.0400
1780899300,4297.900000,4303.120000,4294.540000,4300.150000,1.3810
1780900200,4300.940000,4300.940000,4288.220000,4292.040000,2.1630
1780901100,4291.750000,4293.700000,4288.960000,4293.700000,2.8810
1780902000,4294.120000,4301.180000,4290.330000,4299.010000,2.8550
1780902900,4299.010000,4309.670000,4295.650000,4300.690000,18.8780
1780903800,4300.690000,4304.550000,4297.050000,4297.050000,18.3950
1780904700,4297.050000,4297.050000,4290.050000,4290.050000,2.3830
1780905600,4290.050000,4290.600000,4285.050000,4286.680000,3.2600
1780906500,4286.680000,4286.950000,4281.670000,4282.100000,2.5030
1780907400,4281.960000,4285.010000,4281.670000,4283.140000,1.2240
1780908300,4283.720000,4287.740000,4280.830000,4283.200000,25.7710
1780909200,4283.550000,4285.270000,4280.540000,4282.210000,3.6310
1780910100,4282.210000,4284.420000,4275.820000,4275.820000,2.8630
1780911000,4275.820000,4289.180000,4268.890000,4288.320000,13.3450
1780911900,4288.060000,4294.220000,4285.280000,4287.180000,14.3780
1780912800,4287.220000,4290.280000,4280.150000,4288.330000,9.3150
1780913700,4288.330000,4288.940000,4284.140000,4287.320000,2.8000
1780914600,4287.390000,4298.410000,4286.370000,4297.000000,16.4310
1780915500,4297.000000,4297.280000,4291.120000,4295.080000,2.9980
1780916400,4293.870000,4309.920000,4292.500000,4309.920000,2.2090
1780917300,4310.960000,4323.720000,4307.090000,4317.810000,48.1570
1780918200,4317.810000,4324.970000,4317.250000,4317.250000,20.6750
1780919100,4317.250000,4324.340000,4315.550000,4323.120000,4.1320
1780920000,4323.110000,4326.300000,4316.660000,4316.660000,16.6760
1780920900,4316.660000,4322.890000,4314.120000,4322.050000,20.4060
1780921800,4322.050000,4330.980000,4321.760000,4328.000000,15.9910
1780922700,4327.770000,4329.710000,4319.710000,4326.340000,34.3490
1780923600,4326.310000,4327.410000,4316.640000,4317.220000,13.6330
1780924500,4317.210000,4327.980000,4315.510000,4324.010000,3.3970
1780925400,4323.730000,4337.950000,4323.730000,4329.120000,9.8140
1780926300,4329.130000,4330.480000,4320.610000,4320.890000,7.7030
1780927200,4320.950000,4322.280000,4311.260000,4312.160000,9.0310
1780928100,4312.160000,4316.590000,4310.410000,4314.930000,4.6810
1780929000,4314.930000,4317.970000,4310.990000,4315.780000,11.7390
1780929900,4316.060000,4323.420000,4312.950000,4323.420000,13.9660
1780930800,4324.540000,4329.080000,4320.160000,4320.160000,8.1610
1780931700,4320.030000,4328.650000,4317.750000,4323.540000,15.0640
1780932600,4323.540000,4331.640000,4322.270000,4331.640000,12.6230
1780933500,4331.920000,4338.190000,4329.360000,4334.440000,8.1430
1780934400,4334.450000,4336.280000,4331.900000,4334.180000,5.1980
1780935300,4334.200000,4336.460000,4333.330000,4333.610000,1.0280
1780936200,4333.620000,4338.170000,4333.620000,4335.760000,6.4340
1780937100,4336.130000,4337.970000,4330.530000,4333.170000,3.5780
1780938000,4332.920000,4334.200000,4329.600000,4331.120000,4.9610
1780938900,4331.310000,4332.480000,4326.840000,4331.320000,3.4160
1780939800,4331.310000,4331.790000,4324.970000,4326.200000,9.1310
1780940700,4326.200000,4330.450000,4326.200000,4330.450000,4.4970
1780941600,4330.450000,4336.980000,4330.450000,4333.850000,3.5860
1780942500,4333.860000,4337.520000,4333.850000,4335.560000,3.2830
1780943400,4335.560000,4336.390000,4329.860000,4329.860000,2.2700
1780944300,4329.860000,4329.860000,4326.170000,4326.630000,2.8990
1780945200,4326.870000,4329.560000,4323.320000,4323.320000,0.7940
1780946100,4323.320000,4323.320000,4321.050000,4321.060000,1.2300
1780947000,4321.060000,4322.470000,4319.640000,4319.650000,0.8740
1780947900,4319.650000,4322.180000,4317.940000,4319.510000,2.1660
1780948800,4319.510000,4321.600000,4319.500000,4320.320000,1.1720
1780949700,4320.960000,4321.030000,4318.200000,4319.030000,1.0630
1780950600,4319.020000,4320.730000,4318.980000,4319.710000,0.3800
1780951500,4319.630000,4321.600000,4319.630000,4321.600000,0.6200
1780952400,4322.970000,4326.680000,4322.510000,4326.680000,3.1690
1780953300,4326.680000,4327.240000,4326.550000,4326.770000,0.8000
1780954200,4326.770000,4327.240000,4326.410000,4326.510000,0.4140
1780955100,4326.390000,4330.370000,4326.390000,4328.730000,3.9940
1780956000,4329.390000,4329.390000,4319.290000,4319.290000,4.9570
1780956900,4319.290000,4319.290000,4317.600000,4318.440000,0.8410
1780957800,4319.010000,4320.140000,4319.010000,4319.860000,0.5250
1780958700,4319.860000,4321.270000,4319.780000,4321.270000,0.7240
1780959600,4321.270000,4321.320000,4319.560000,4320.920000,0.5010
1780960500,4320.970000,4320.970000,4315.090000,4315.090000,0.9320
1780961400,4315.090000,4315.090000,4310.530000,4313.630000,1.3150
1780962300,4313.630000,4313.630000,4306.870000,4309.960000,1.0010
1780963200,4309.660000,4315.300000,4308.820000,4315.300000,0.9320
1780964100,4315.300000,4315.300000,4310.230000,4310.240000,0.5000
1780965000,4310.230000,4314.170000,4308.000000,4311.130000,0.7430
1780965900,4310.890000,4312.200000,4308.540000,4312.200000,0.7860
1780966800,4312.400000,4318.670000,4311.500000,4316.970000,1.2910
1780967700,4316.970000,4328.860000,4315.560000,4327.730000,1.3460
1780968600,4327.730000,4329.710000,4325.710000,4326.780000,0.8660
1780969500,4326.780000,4329.150000,4326.030000,4328.300000,0.7680
1780970400,4328.300000,4328.320000,4322.610000,4324.590000,0.7770
1780971300,4324.590000,4327.140000,4323.170000,4327.100000,0.4600
1780972200,4326.570000,4330.550000,4324.590000,4329.410000,3.3860
1780973100,4329.690000,4331.970000,4327.460000,4327.710000,4.4670
1780974000,4327.790000,4332.210000,4325.130000,4331.090000,1.2680
1780974900,4331.090000,4333.370000,4327.120000,4329.060000,0.8620
1780975800,4329.100000,4329.670000,4327.400000,4329.390000,0.9250
1780976700,4329.390000,4333.350000,4327.970000,4328.560000,1.0010
1780977600,4328.560000,4330.760000,4325.770000,4326.530000,1.3580
1780978500,4326.530000,4326.530000,4322.850000,4322.860000,0.5120
1780979400,4322.850000,4322.850000,4319.170000,4320.310000,0.8090
1780980300,4320.300000,4324.420000,4319.740000,4324.080000,4.0670
1780981200,4324.230000,4328.600000,4323.960000,4323.960000,16.8460
1780982100,4323.960000,4326.790000,4323.110000,4324.400000,19.6350
1780983000,4324.400000,4343.010000,4323.960000,4340.730000,10.9650
1780983900,4340.740000,4341.330000,4336.450000,4336.810000,3.0550
1780984800,4336.740000,4340.000000,4335.580000,4335.580000,2.0780
1780985700,4335.580000,4337.850000,4333.580000,4333.580000,2.9820
1780986600,4333.580000,4333.580000,4327.340000,4329.620000,14.4350
1780987500,4329.880000,4331.880000,4326.060000,4326.070000,12.0820
1780988400,4326.070000,4327.510000,4322.220000,4322.220000,3.1630
1780989300,4321.940000,4324.320000,4317.560000,4323.640000,1.2360
1780990200,4324.060000,4324.360000,4316.570000,4320.520000,3.4850
1780991100,4320.530000,4321.940000,4316.960000,4318.120000,8.1870
1780992000,4317.990000,4326.660000,4313.500000,4322.200000,21.3270
1780992900,4322.720000,4326.270000,4322.720000,4325.310000,19.2800
1780993800,4325.380000,4326.730000,4321.920000,4326.030000,14.4140
1780994700,4325.880000,4325.880000,4317.960000,4317.960000,3.3440
1780995600,4317.970000,4321.050000,4317.660000,4319.640000,4.0400
1780996500,4319.640000,4325.940000,4317.110000,4317.640000,1.6770
1780997400,4317.940000,4321.330000,4317.660000,4317.880000,0.9320
1780998300,4317.850000,4323.880000,4317.850000,4323.320000,0.9470
1780999200,4323.350000,4324.970000,4317.560000,4324.970000,2.6070
1781000100,4324.970000,4326.970000,4323.860000,4326.120000,0.7710
1781001000,4326.130000,4326.960000,4323.290000,4323.800000,0.7620
1781001900,4324.140000,4330.940000,4322.730000,4330.400000,2.7920
1781002800,4330.250000,4331.200000,4327.800000,4328.620000,1.3120
1781003700,4328.750000,4330.640000,4328.100000,4329.500000,1.0120
1781004600,4329.480000,4330.350000,4328.370000,4329.520000,1.1230
1781005500,4329.720000,4334.040000,4329.220000,4332.060000,4.3280
1781006400,4332.060000,4334.580000,4332.060000,4332.600000,1.0160
1781007300,4332.630000,4332.940000,4328.010000,4328.010000,0.6230
1781008200,4327.780000,4332.030000,4327.240000,4332.030000,1.3340
1781009100,4331.480000,4334.010000,4328.640000,4331.870000,1.7020
1781010000,4332.030000,4336.270000,4330.310000,4332.010000,6.5720
1781010900,4332.010000,4332.860000,4322.950000,4322.990000,1.8180
1781011800,4323.000000,4324.790000,4318.710000,4320.400000,52.4730
1781012700,4320.690000,4352.400000,4320.120000,4321.530000,20.9590
1781013600,4321.530000,4326.870000,4311.230000,4311.450000,5.7590
1781014500,4312.340000,4314.890000,4298.020000,4311.090000,32.3490
1781015400,4310.190000,4311.920000,4279.560000,4279.560000,21.9900
1781016300,4280.670000,4293.000000,4273.210000,4293.000000,6.2760
1781017200,4293.000000,4294.270000,4285.370000,4288.980000,3.6830
1781018100,4288.980000,4290.370000,4272.910000,4273.720000,9.5350
1781019000,4273.710000,4275.120000,4259.460000,4273.460000,10.2170
1781019900,4273.460000,4280.370000,4269.320000,4269.320000,6.2210
1781020800,4269.040000,4275.100000,4255.850000,4255.850000,9.5490
1781021700,4255.870000,4261.320000,4250.630000,4259.680000,6.4640
1781022600,4259.680000,4262.430000,4232.780000,4241.650000,20.6960
1781023500,4241.650000,4249.260000,4237.030000,4247.100000,14.6500
1781024400,4247.370000,4259.950000,4247.370000,4258.570000,7.5990
1781025300,4258.030000,4262.830000,4256.380000,4259.670000,5.2530
1781026200,4260.220000,4264.060000,4259.120000,4262.420000,3.8280
1781027100,4262.420000,4262.420000,4253.930000,4258.850000,3.2970
1781028000,4259.780000,4261.580000,4256.370000,4261.580000,4.1300
1781028900,4261.330000,4268.720000,4260.760000,4265.980000,1.3580
1781029800,4265.980000,4268.730000,4261.930000,4261.930000,1.0040
1781030700,4261.930000,4266.800000,4260.480000,4266.460000,0.9530
1781031600,4266.280000,4266.790000,4256.630000,4256.630000,0.8320
1781032500,4256.630000,4256.630000,4251.440000,4253.890000,0.7100
1781033400,4253.640000,4256.490000,4248.640000,4249.280000,1.0480
1781034300,4249.290000,4254.720000,4248.430000,4254.720000,0.8260
1781035200,4254.930000,4257.170000,4254.160000,4255.550000,0.7120
1781036100,4256.350000,4257.360000,4256.070000,4256.440000,0.4750
1781037000,4256.870000,4258.260000,4256.070000,4258.250000,0.5930
1781037900,4258.260000,4258.260000,4257.440000,4257.790000,2.7080
1781038800,4257.790000,4258.230000,4257.790000,4258.230000,2.8050
1781039700,4258.230000,4258.230000,4257.980000,4257.980000,3.1530
1781040600,4257.980000,4257.980000,4249.980000,4251.140000,52.3130
1781041500,4251.140000,4251.140000,4251.130000,4251.140000,36.6490
1781042400,4251.130000,4251.240000,4247.520000,4250.650000,25.6810
1781043300,4250.720000,4250.850000,4249.220000,4250.570000,6.1570
1781044200,4250.570000,4251.400000,4245.400000,4246.030000,11.8310
1781045100,4245.680000,4245.680000,4230.220000,4233.100000,24.9710
1781046000,4232.590000,4241.310000,4232.360000,4233.450000,3.6100
1781046900,4233.450000,4233.450000,4220.220000,4220.490000,9.1990
1781047800,4220.490000,4224.260000,4214.610000,4215.190000,6.8120
1781048700,4214.850000,4218.880000,4208.150000,4218.720000,7.6630
1781049600,4219.060000,4222.320000,4214.840000,4221.170000,3.2810
1781050500,4220.880000,4223.180000,4216.450000,4216.450000,2.6350
1781051400,4216.450000,4216.450000,4198.000000,4200.730000,9.9520
1781052300,4200.930000,4216.420000,4197.800000,4215.530000,7.8430
1781053200,4215.380000,4215.390000,4186.850000,4200.750000,24.1470
1781054100,4200.660000,4212.960000,4196.140000,4199.320000,11.9520
1781055000,4199.320000,4204.280000,4184.890000,4186.060000,9.0610
1781055900,4186.060000,4194.450000,4184.730000,4188.080000,9.0740
1781056800,4188.700000,4190.320000,4178.610000,4182.250000,9.9150
1781057700,4182.350000,4185.790000,4178.390000,4185.790000,5.4450
1781058600,4185.790000,4190.230000,4174.440000,4182.880000,9.9200
1781059500,4182.880000,4187.910000,4173.110000,4173.870000,6.0120
1781060400,4173.870000,4179.450000,4173.650000,4177.070000,8.5660
1781061300,4177.070000,4179.970000,4174.020000,4177.070000,2.6400
1781062200,4177.480000,4181.560000,4176.550000,4179.690000,0.8000
1781063100,4179.690000,4184.460000,4179.690000,4183.930000,0.7640
1781064000,4183.930000,4185.780000,4182.080000,4182.090000,0.8780
1781064900,4182.090000,4182.090000,4174.580000,4174.860000,2.5230
1781065800,4175.010000,4175.230000,4172.940000,4173.220000,7.0470
1781066700,4173.220000,4174.970000,4172.630000,4174.970000,2.4910
1781067600,4175.080000,4178.920000,4174.190000,4178.920000,2.1150
1781068500,4178.920000,4184.990000,4176.020000,4184.990000,0.8890
1781069400,4185.250000,4197.980000,4182.610000,4197.940000,7.6310
1781070300,4197.960000,4206.780000,4197.460000,4204.540000,0.9600
1781071200,4205.170000,4218.830000,4204.920000,4211.590000,3.0210
1781072100,4212.090000,4213.460000,4208.940000,4211.040000,0.6870
1781073000,4211.050000,4211.850000,4204.910000,4205.970000,1.7950
1781073900,4205.970000,4206.780000,4201.970000,4202.260000,10.2950
1781074800,4202.580000,4205.430000,4197.970000,4198.770000,2.1860
1781075700,4198.770000,4201.440000,4193.730000,4193.990000,4.1950
1781076600,4193.910000,4195.040000,4188.690000,4188.700000,3.0580
1781077500,4189.120000,4191.870000,4182.740000,4186.040000,8.7210
1781078400,4186.030000,4186.030000,4162.620000,4166.820000,15.2960
1781079300,4166.820000,4176.900000,4166.820000,4172.740000,7.8130
1781080200,4172.070000,4177.590000,4168.130000,4171.100000,5.3890
1781081100,4171.080000,4176.280000,4167.390000,4169.180000,2.8410
1781082000,4170.030000,4171.880000,4165.780000,4165.780000,6.2280
1781082900,4165.780000,4173.120000,4165.210000,4166.300000,16.2500
1781083800,4166.820000,4177.860000,4166.560000,4170.490000,4.8840
1781084700,4170.490000,4172.860000,4164.730000,4168.130000,4.3780
1781085600,4168.660000,4169.970000,4157.150000,4161.020000,58.4790
1781086500,4160.810000,4168.400000,4160.020000,4166.300000,5.0510
1781087400,4166.040000,4169.760000,4165.250000,4169.710000,2.1010
1781088300,4169.760000,4176.470000,4169.710000,4173.680000,6.2050
1781089200,4173.680000,4174.430000,4154.450000,4167.090000,12.1780
1781090100,4167.090000,4168.920000,4156.650000,4163.900000,5.7740
1781091000,4163.740000,4164.630000,4154.450000,4154.450000,27.1250
1781091900,4153.650000,4161.570000,4145.490000,4146.600000,5.0740
1781092800,4149.660000,4151.090000,4136.360000,4137.280000,19.1730
1781093700,4137.230000,4141.840000,4133.280000,4139.990000,11.3550
1781094600,4141.150000,4174.160000,4141.150000,4160.030000,25.3900
1781095500,4160.030000,4168.770000,4143.910000,4147.540000,17.1370
1781096400,4147.540000,4157.040000,4146.240000,4151.560000,9.8360
1781097300,4151.690000,4151.690000,4134.200000,4149.360000,10.3810
1781098200,4149.350000,4176.090000,4143.090000,4176.090000,9.9410
1781099100,4176.800000,4183.410000,4174.430000,4177.590000,18.2980
1781100000,4177.590000,4178.070000,4170.000000,4172.940000,13.2050
1781100900,4173.810000,4173.810000,4159.770000,4160.540000,13.4690
1781101800,4160.540000,4161.590000,4150.000000,4150.000000,5.6870
1781102700,4150.020000,4150.900000,4118.790000,4125.120000,13.3020
1781103600,4125.590000,4135.650000,4120.000000,4124.580000,15.5210
1781104500,4124.080000,4136.680000,4115.170000,4129.990000,20.9480
1781105400,4129.470000,4131.710000,4124.590000,4129.210000,5.3030
1781106300,4129.220000,4131.520000,4108.610000,4129.210000,19.7610
1781107200,4129.210000,4132.560000,4125.280000,4131.270000,9.5750
1781108100,4131.010000,4135.650000,4127.640000,4128.140000,11.1530
1781109000,4128.160000,4131.010000,4121.770000,4122.540000,12.7980
1781109900,4122.540000,4123.060000,4117.940000,4122.030000,8.5310
1781110800,4122.790000,4133.580000,4116.810000,4119.220000,6.3580
1781111700,4119.220000,4121.270000,4112.420000,4113.090000,16.4500
1781112600,4112.840000,4114.370000,4106.000000,4106.100000,36.4950
1781113500,4106.000000,4116.350000,4105.200000,4115.100000,24.3920
1781114400,4115.130000,4122.550000,4115.130000,4118.720000,13.6060
1781115300,4118.720000,4119.990000,4113.350000,4115.900000,9.7390
1781116200,4115.900000,4115.900000,4108.260000,4108.730000,10.0230
1781117100,4108.610000,4110.300000,4102.350000,4105.220000,9.9830
1781118000,4105.220000,4105.980000,4091.990000,4092.860000,25.6600
1781118900,4093.570000,4095.080000,4085.140000,4088.130000,28.4170
1781119800,4088.130000,4094.070000,4086.020000,4094.070000,12.7100
1781120700,4094.070000,4094.580000,4086.310000,4087.480000,7.7550
1781121600,4087.010000,4087.010000,4074.210000,4076.730000,28.8800
1781122500,4076.730000,4082.160000,4076.230000,4080.990000,8.8500
1781123400,4080.990000,4080.990000,4075.170000,4075.730000,1.8440
1781124300,4075.730000,4075.730000,4070.230000,4073.730000,5.0470
1781125200,4074.660000,4075.240000,4073.000000,4073.560000,1.1940
1781126100,4073.910000,4076.650000,4073.680000,4075.740000,2.2560
1781127000,4075.740000,4077.990000,4075.740000,4077.790000,0.7120
1781127900,4077.620000,4077.990000,4077.240000,4077.260000,3.2130
1781128800,4077.260000,4078.410000,4052.320000,4057.750000,20.0080
1781129700,4057.500000,4057.500000,4039.170000,4046.540000,14.0200
1781130600,4047.120000,4071.000000,4047.120000,4066.260000,13.1330
1781131500,4066.300000,4069.260000,4048.540000,4048.630000,20.7110
1781132400,4049.160000,4056.180000,4025.820000,4033.330000,16.0850
1781133300,4033.440000,4066.730000,4029.040000,4064.530000,27.7400
1781134200,4064.530000,4066.950000,4060.700000,4060.700000,17.0610
1781135100,4060.710000,4060.750000,4048.580000,4052.630000,7.1260
1781136000,4052.380000,4061.850000,4041.610000,4056.370000,9.8220
1781136900,4056.600000,4076.010000,4056.080000,4071.770000,18.6640
1781137800,4071.850000,4078.560000,4064.850000,4067.850000,14.2410
1781138700,4068.120000,4081.670000,4068.010000,4080.530000,9.4740
1781139600,4080.280000,4093.110000,4071.570000,4090.350000,12.2700
1781140500,4090.340000,4110.340000,4090.090000,4107.380000,11.8600
1781141400,4107.380000,4120.290000,4107.040000,4116.700000,8.5980
1781142300,4116.710000,4118.850000,4101.600000,4104.760000,5.9340
1781143200,4104.270000,4104.760000,4094.390000,4094.390000,8.6500
1781144100,4094.390000,4098.720000,4086.830000,4086.830000,1.3960
1781145000,4086.830000,4088.340000,4061.190000,4065.830000,5.4380
1781145900,4063.550000,4078.550000,4059.850000,4073.530000,5.1570
1781146800,4073.650000,4082.320000,4070.330000,4070.330000,5.2960
1781147700,4070.500000,4075.560000,4063.340000,4068.570000,1.9120
1781148600,4068.570000,4076.810000,4068.570000,4073.810000,12.9880
1781149500,4073.810000,4081.820000,4071.820000,4080.060000,6.7850
1781150400,4080.070000,4089.600000,4078.820000,4089.090000,1.6960
1781151300,4089.610000,4090.130000,4083.330000,4084.720000,4.5450
1781152200,4084.350000,4089.110000,4081.830000,4087.860000,2.1380
1781153100,4088.360000,4090.620000,4086.600000,4088.100000,2.6300
1781154000,4088.110000,4088.110000,4080.290000,4082.980000,2.1720
1781154900,4082.590000,4085.100000,4079.080000,4079.730000,1.1270
1781155800,4079.830000,4103.260000,4079.830000,4103.260000,10.4940
1781156700,4102.760000,4110.000000,4098.200000,4098.710000,6.2870
1781157600,4098.850000,4098.850000,4082.180000,4088.130000,5.3150
1781158500,4088.130000,4095.690000,4087.120000,4090.910000,5.8140
1781159400,4090.910000,4094.930000,4087.630000,4094.930000,10.4070
1781160300,4094.930000,4099.220000,4094.930000,4097.960000,7.5170
1781161200,4099.230000,4100.240000,4096.110000,4099.740000,3.0680
1781162100,4099.740000,4112.230000,4099.490000,4111.400000,8.7220
1781163000,4111.370000,4113.180000,4106.590000,4112.420000,3.0660
1781163900,4112.420000,4112.420000,4103.710000,4109.350000,2.5710
1781164800,4109.350000,4115.990000,4108.870000,4110.920000,5.7700
1781165700,4110.930000,4112.170000,4104.050000,4104.050000,6.0630
1781166600,4104.050000,4104.050000,4096.460000,4096.460000,0.8620
1781167500,4096.460000,4096.460000,4090.910000,4090.910000,4.9760
1781168400,4090.660000,4091.430000,4085.650000,4090.320000,5.5520
1781169300,4090.360000,4092.950000,4084.890000,4084.890000,2.7110
1781170200,4084.890000,4095.210000,4083.130000,4095.210000,0.9720
1781171100,4095.460000,4099.680000,4094.960000,4094.960000,4.6060
1781172000,4095.450000,4097.490000,4092.670000,4095.700000,0.7070
1781172900,4095.700000,4096.480000,4090.970000,4092.240000,1.0890
1781173800,4092.240000,4095.710000,4091.650000,4094.460000,0.8240
1781174700,4094.460000,4094.460000,4092.190000,4093.450000,0.9070
1781175600,4093.450000,4095.770000,4090.900000,4091.190000,1.3070
1781176500,4090.940000,4093.400000,4087.980000,4092.960000,1.3150
1781177400,4092.960000,4098.950000,4086.420000,4088.180000,6.6290
1781178300,4088.180000,4090.440000,4084.660000,4084.670000,0.9350
1781179200,4084.670000,4089.680000,4076.700000,4079.160000,1.0080
1781180100,4079.160000,4083.420000,4066.290000,4071.170000,10.3710
1781181000,4070.670000,4078.730000,4061.350000,4075.250000,7.8470
1781181900,4075.630000,4086.580000,4073.400000,4084.050000,3.6410
1781182800,4084.170000,4087.440000,4076.920000,4076.920000,2.8890
1781183700,4076.730000,4084.490000,4076.670000,4080.610000,1.4800
1781184600,4080.050000,4084.930000,4071.910000,4079.170000,1.4710
1781185500,4079.420000,4095.750000,4077.920000,4088.450000,7.7670
1781186400,4088.450000,4088.700000,4058.650000,4065.720000,4.0640
1781187300,4065.720000,4087.380000,4061.920000,4078.940000,4.1510
1781188200,4078.930000,4084.940000,4075.680000,4081.180000,4.6890
1781189100,4081.180000,4081.930000,4076.680000,4076.710000,1.3820
1781190000,4076.720000,4088.750000,4073.240000,4085.700000,6.4690
1781190900,4085.450000,4091.480000,4080.430000,4085.950000,9.2030
1781191800,4086.230000,4092.990000,4082.690000,4091.980000,1.6030
1781192700,4091.990000,4096.700000,4090.730000,4092.460000,1.1620
1781193600,4092.450000,4104.620000,4091.980000,4104.620000,4.4320
1781194500,4104.620000,4108.130000,4083.960000,4083.960000,3.0110
1781195400,4083.960000,4089.820000,4082.950000,4085.460000,0.9400
1781196300,4085.460000,4086.720000,4082.700000,4082.700000,1.1730
1781197200,4082.700000,4082.880000,4074.170000,4077.960000,5.7110
1781198100,4077.960000,4103.330000,4077.960000,4103.330000,6.7950
1781199000,4103.330000,4167.780000,4103.330000,4165.030000,53.4770
1781199900,4165.000000,4165.010000,4146.540000,4149.660000,23.7170
1781200800,4149.950000,4152.980000,4131.650000,4144.770000,16.4080
1781201700,4144.770000,4161.630000,4144.770000,4151.750000,7.3520
1781202600,4151.750000,4163.170000,4150.000000,4163.170000,11.0570
1781203500,4163.170000,4168.910000,4160.310000,4160.330000,7.8300
1781204400,4160.830000,4186.130000,4160.830000,4185.990000,7.2910
1781205300,4186.090000,4194.660000,4184.640000,4192.280000,19.6190
1781206200,4192.290000,4215.330000,4192.290000,4206.420000,44.0470
1781207100,4206.430000,4210.690000,4203.930000,4204.730000,21.3560
1781208000,4204.990000,4213.900000,4204.990000,4211.370000,10.8990
1781208900,4211.370000,4211.370000,4208.180000,4208.350000,12.7570
1781209800,4208.570000,4210.570000,4204.990000,4204.990000,21.6180
1781210700,4204.720000,4207.380000,4204.460000,4206.820000,19.1350
1781211600,4207.200000,4208.420000,4205.510000,4206.050000,2.4400
1781212500,4206.050000,4206.140000,4203.130000,4203.130000,0.7600
1781213400,4203.130000,4203.500000,4201.000000,4203.010000,4.8950
1781214300,4203.010000,4204.190000,4202.590000,4204.190000,6.9250
1781215200,4204.190000,4213.390000,4200.780000,4204.450000,27.5020
1781216100,4204.360000,4208.970000,4201.280000,4208.430000,5.6250
1781217000,4208.880000,4222.320000,4207.100000,4222.320000,5.4360
1781217900,4221.540000,4240.000000,4221.510000,4238.120000,7.8080
1781218800,4239.850000,4239.990000,4218.510000,4219.630000,4.9080
1781219700,4219.090000,4221.300000,4209.760000,4211.360000,6.5490
1781220600,4211.620000,4217.760000,4210.270000,4214.820000,7.8090
1781221500,4215.090000,4219.090000,4211.620000,4215.350000,4.0720
1781222400,4215.440000,4220.790000,4209.340000,4211.880000,20.7250
1781223300,4211.880000,4224.730000,4204.790000,4217.310000,1.8210
1781224200,4216.710000,4223.370000,4200.100000,4200.100000,3.6940
1781225100,4200.110000,4203.110000,4196.750000,4202.860000,10.9170
1781226000,4202.960000,4204.930000,4180.000000,4183.570000,11.2480
1781226900,4183.400000,4188.830000,4176.230000,4176.750000,10.3920
1781227800,4177.280000,4182.500000,4169.170000,4175.950000,5.9310
1781228700,4175.970000,4186.730000,4175.970000,4183.080000,1.1200
1781229600,4183.570000,4195.160000,4180.940000,4191.730000,4.7750
1781230500,4191.730000,4191.730000,4185.940000,4185.940000,0.7190
1781231400,4185.670000,4189.390000,4180.940000,4183.310000,1.2040
1781232300,4183.310000,4189.660000,4182.260000,4188.570000,1.7630
1781233200,4188.490000,4192.240000,4187.510000,4190.410000,1.3980
1781234100,4190.670000,4199.920000,4190.660000,4199.920000,3.6620
1781235000,4199.900000,4201.180000,4197.270000,4197.270000,4.4270
1781235900,4197.270000,4197.270000,4193.570000,4195.420000,3.1070
1781236800,4195.420000,4196.740000,4190.400000,4191.460000,6.7290
1781237700,4191.460000,4191.990000,4188.830000,4190.490000,0.8160
1781238600,4190.550000,4194.450000,4189.880000,4191.720000,1.2440
1781239500,4191.720000,4191.720000,4188.000000,4188.000000,0.8570
1781240400,4188.000000,4189.350000,4180.150000,4185.920000,1.1040
1781241300,4185.840000,4186.090000,4183.290000,4184.930000,3.5010
1781242200,4184.350000,4184.350000,4171.520000,4177.530000,4.3130
1781243100,4177.530000,4178.020000,4170.210000,4171.000000,2.9800
1781244000,4171.520000,4181.990000,4171.520000,4181.200000,0.9990
1781244900,4181.200000,4181.200000,4177.530000,4179.360000,2.9290
1781245800,4178.670000,4178.670000,4171.260000,4173.870000,1.2660
1781246700,4173.870000,4179.890000,4172.070000,4179.890000,1.0090
1781247600,4180.110000,4180.110000,4173.780000,4175.810000,1.7940
1781248500,4175.790000,4175.810000,4172.560000,4172.560000,3.8040
1781249400,4172.300000,4179.890000,4167.690000,4179.200000,23.9930
1781250300,4179.240000,4188.490000,4171.780000,4188.490000,15.4880
1781251200,4189.460000,4200.590000,4188.350000,4199.250000,25.0020
1781252100,4199.250000,4215.570000,4196.460000,4209.180000,23.3870
1781253000,4209.190000,4217.500000,4209.180000,4213.170000,25.6080
1781253900,4213.170000,4220.130000,4210.770000,4216.100000,26.1360
1781254800,4216.100000,4220.030000,4214.490000,4219.550000,25.9680
1781255700,4219.450000,4221.600000,4215.560000,4216.360000,7.2100
1781256600,4216.360000,4221.970000,4215.560000,4221.210000,4.9400
1781257500,4220.820000,4221.700000,4216.890000,4216.960000,1.4360
1781258400,4216.090000,4219.550000,4214.220000,4215.310000,47.4970
1781259300,4215.410000,4216.090000,4198.570000,4202.260000,7.1970
1781260200,4202.270000,4212.890000,4202.270000,4211.010000,6.5310
1781261100,4210.360000,4213.160000,4205.720000,4206.480000,1.0680
1781262000,4207.560000,4207.560000,4201.210000,4202.280000,0.9370
1781262900,4202.530000,4204.120000,4198.560000,4198.560000,0.9670
1781263800,4198.560000,4204.650000,4193.810000,4204.390000,1.4420
1781264700,4204.650000,4209.430000,4203.590000,4203.590000,0.8500
1781265600,4203.330000,4207.830000,4199.090000,4207.830000,9.0630
1781266500,4208.090000,4208.890000,4196.180000,4196.180000,2.6970
1781267400,4196.590000,4196.710000,4189.330000,4193.810000,6.5600
1781268300,4193.790000,4196.180000,4185.910000,4188.540000,7.6800
1781269200,4187.750000,4196.710000,4184.330000,4194.070000,3.3390
1781270100,4194.070000,4201.730000,4194.070000,4199.720000,1.8590
1781271000,4199.610000,4204.790000,4180.110000,4188.690000,5.2110
1781271900,4187.500000,4189.590000,4180.110000,4181.710000,14.2910
1781272800,4181.250000,4193.800000,4181.250000,4189.310000,5.6990
1781273700,4189.320000,4194.450000,4179.880000,4184.590000,3.3020
1781274600,4185.420000,4188.950000,4178.300000,4180.940000,8.2450
1781275500,4181.020000,4202.960000,4174.760000,4201.460000,26.7550
1781276400,4201.190000,4209.940000,4197.490000,4209.940000,6.2710
1781277300,4209.150000,4230.220000,4208.890000,4221.920000,3.4900
1781278200,4222.430000,4223.530000,4207.020000,4207.020000,15.2260
1781279100,4207.550000,4213.130000,4203.570000,4207.860000,4.1820
1781280000,4207.870000,4219.220000,4204.360000,4216.580000,2.6770
1781280900,4216.850000,4227.140000,4213.120000,4214.130000,41.7050
1781281800,4213.910000,4216.040000,4208.890000,4210.270000,28.0550
1781282700,4210.270000,4212.850000,4208.350000,4212.480000,1.3320
1781283600,4212.810000,4220.000000,4212.100000,4213.970000,7.2360
1781284500,4213.740000,4218.440000,4210.990000,4214.710000,4.2350
1781285400,4214.700000,4217.370000,4210.720000,4216.600000,1.2650
1781286300,4217.370000,4218.710000,4216.310000,4217.090000,0.9180
1781287200,4217.710000,4222.550000,4214.710000,4222.170000,0.8230
1781288100,4222.170000,4227.780000,4221.100000,4222.090000,0.9350
1781289000,4221.370000,4223.510000,4220.570000,4223.510000,0.9110
1781289900,4223.510000,4223.510000,4210.720000,4210.750000,1.0460
1781290800,4210.780000,4213.640000,4210.740000,4213.100000,0.9660
1781291700,4213.090000,4213.090000,4204.360000,4204.360000,13.2200
1781292600,4204.520000,4204.610000,4198.270000,4200.930000,16.3150
1781293500,4200.660000,4205.940000,4199.870000,4205.930000,1.5400
1781294400,4205.930000,4207.790000,4205.410000,4207.300000,1.0800
1781295300,4207.790000,4210.430000,4207.780000,4209.720000,0.4640
1781296200,4209.660000,4209.660000,4208.580000,4209.330000,0.9360
1781297100,4209.380000,4213.360000,4209.140000,4213.360000,1.0390
1781298000,4213.360000,4214.050000,4209.640000,4210.080000,0.4790
1781298900,4210.090000,4210.970000,4209.720000,4210.740000,0.6320
1781299800,4210.440000,4210.780000,4209.110000,4209.110000,0.6370
1781300700,4209.480000,4209.710000,4209.110000,4209.110000,0.6380
1781301600,4209.170000,4210.430000,4208.570000,4208.570000,0.7920
1781302500,4208.570000,4208.570000,4207.260000,4207.430000,0.7930
1781303400,4207.450000,4208.310000,4206.720000,4208.310000,0.9700
1781304300,4208.570000,4210.960000,4208.570000,4210.370000,1.1000
1781305200,4209.630000,4209.900000,4209.630000,4209.900000,0.3020
1781306100,4209.890000,4209.910000,4209.890000,4209.900000,0.2400
1781307000,4210.090000,4210.110000,4209.440000,4209.890000,0.7990
1781307900,4210.160000,4211.750000,4210.160000,4211.750000,0.6450
1781308800,4212.000000,4212.000000,4211.490000,4211.650000,0.3910
1781309700,4211.660000,4211.680000,4211.660000,4211.680000,0.1860
1781310600,4211.680000,4212.280000,4211.680000,4212.270000,0.2820
1781311500,4212.280000,4212.590000,4211.750000,4212.590000,2.0900
1781312400,4211.760000,4211.760000,4211.470000,4211.470000,0.6580
1781313300,4211.470000,4211.470000,4211.210000,4211.210000,0.4600
1781314200,4211.210000,4212.010000,4210.940000,4212.010000,0.3600
1781315100,4212.000000,4212.800000,4212.000000,4212.800000,0.6970
1781316000,4213.110000,4213.110000,4212.180000,4212.300000,0.8430
1781316900,4212.300000,4212.300000,4212.000000,4212.000000,0.2370
1781317800,4211.900000,4211.990000,4211.470000,4211.470000,0.9340
1781318700,4211.470000,4211.470000,4210.670000,4210.670000,0.7500
1781319600,4210.670000,4210.670000,4210.150000,4210.580000,0.3790
1781320500,4210.580000,4210.920000,4210.140000,4210.140000,0.4500
1781321400,4210.140000,4210.490000,4210.140000,4210.140000,0.4920
1781322300,4210.140000,4210.250000,4210.140000,4210.140000,0.3820
1781323200,4210.930000,4212.040000,4210.920000,4211.580000,0.4230
1781324100,4211.470000,4211.480000,4211.460000,4211.460000,0.3510
1781325000,4211.470000,4212.780000,4211.460000,4212.590000,0.3860
1781325900,4212.690000,4214.380000,4212.690000,4214.130000,0.5650
1781326800,4213.590000,4213.590000,4213.310000,4213.310000,0.3770
1781327700,4213.310000,4213.320000,4213.310000,4213.310000,0.4420
1781328600,4213.320000,4213.320000,4213.040000,4213.050000,0.4480
1781329500,4213.050000,4213.050000,4213.040000,4213.040000,0.5030
1781330400,4213.040000,4213.050000,4212.680000,4212.680000,6.3320
1781331300,4212.680000,4212.700000,4212.000000,4212.630000,0.2870
1781332200,4212.770000,4213.840000,4212.760000,4213.830000,0.5600
1781333100,4213.830000,4214.370000,4213.830000,4214.370000,0.4720
1781334000,4214.370000,4214.890000,4214.370000,4214.890000,0.5730
1781334900,4214.890000,4215.960000,4214.890000,4215.960000,0.4910
1781335800,4215.960000,4215.960000,4215.960000,4215.960000,0.4640
1781336700,4215.960000,4216.490000,4214.890000,4214.890000,1.8430
1781337600,4214.890000,4215.820000,4214.890000,4215.560000,0.7500
1781338500,4215.420000,4215.650000,4215.420000,4215.420000,0.3440
1781339400,4215.430000,4216.030000,4213.820000,4213.820000,0.7780
1781340300,4213.820000,4213.830000,4213.820000,4213.820000,0.2370
1781341200,4213.830000,4213.830000,4213.550000,4213.550000,0.4850
1781342100,4213.560000,4214.530000,4213.550000,4214.520000,1.7750
1781343000,4214.520000,4214.530000,4213.820000,4214.340000,0.6420
1781343900,4214.350000,4214.350000,4211.770000,4211.770000,1.2050
1781344800,4213.060000,4213.260000,4212.600000,4212.610000,0.3030
1781345700,4212.610000,4212.610000,4212.610000,4212.610000,0.0000
1781346600,4213.020000,4213.020000,4212.710000,4212.710000,0.0210
1781347500,4212.710000,4212.710000,4212.710000,4212.710000,0.0000
1781348400,4212.690000,4212.690000,4211.710000,4212.100000,2.5780
1781349300,4212.210000,4212.210000,4212.210000,4212.210000,1.9590
1781350200,4212.210000,4212.210000,4212.210000,4212.210000,0.0000
1781351100,4212.480000,4214.580000,4212.480000,4214.580000,1.2510
1781352000,4212.880000,4213.290000,4212.880000,4213.290000,0.1110
1781352900,4213.800000,4218.130000,4213.800000,4218.130000,1.2520
1781353800,4215.880000,4216.190000,4215.880000,4216.190000,0.0120
1781354700,4216.190000,4216.190000,4216.190000,4216.190000,0.0000
1781355600,4217.250000,4218.250000,4216.500000,4217.260000,1.1050
1781356500,4217.030000,4217.030000,4217.030000,4217.030000,0.0040
1781357400,4217.770000,4217.770000,4217.770000,4217.770000,0.0010
1781358300,4217.780000,4218.400000,4217.110000,4217.110000,1.3650
1781359200,4217.110000,4217.110000,4217.110000,4217.110000,0.0000
1781360100,4216.710000,4216.710000,4213.940000,4214.280000,0.8420
1781361000,4214.050000,4214.050000,4214.050000,4214.050000,0.0020
1781361900,4214.570000,4214.570000,4214.570000,4214.570000,0.0030
1781362800,4215.200000,4216.800000,4215.200000,4216.800000,0.6760
1781363700,4216.960000,4220.000000,4216.960000,4220.000000,0.5080
1781364600,4220.120000,4220.120000,4218.830000,4218.970000,0.4500
1781365500,4219.340000,4219.340000,4219.340000,4219.340000,0.0190
1781366400,4219.100000,4219.100000,4219.100000,4219.100000,0.0020
1781367300,4219.100000,4219.100000,4219.100000,4219.100000,0.0040
1781368200,4219.100000,4219.100000,4219.100000,4219.100000,0.0000
1781369100,4219.470000,4221.780000,4202.650000,4220.280000,9.2040
1781370000,4219.620000,4219.620000,4219.590000,4219.590000,0.1290
1781370900,4219.590000,4219.590000,4219.590000,4219.590000,0.0000
1781371800,4219.590000,4219.590000,4219.590000,4219.590000,0.0000
1781372700,4219.080000,4219.080000,4217.750000,4217.750000,0.0480
1781373600,4217.490000,4217.490000,4216.950000,4216.950000,0.0140
1781374500,4216.950000,4216.950000,4216.950000,4216.950000,0.0000
1781375400,4217.510000,4218.010000,4217.490000,4218.010000,0.0890
1781376300,4218.010000,4218.010000,4218.010000,4218.010000,0.0000
1781377200,4218.010000,4218.010000,4218.010000,4218.010000,0.0000
1781378100,4217.480000,4217.480000,4217.480000,4217.480000,0.0040
1781379000,4218.270000,4218.540000,4218.080000,4218.080000,0.0080
1781379900,4218.800000,4219.330000,4218.800000,4219.330000,0.0080
1781380800,4219.330000,4219.330000,4219.320000,4219.320000,0.0230
1781381700,4219.360000,4219.590000,4219.200000,4219.330000,1.2230
1781382600,4219.520000,4219.520000,4219.520000,4219.520000,0.0130
1781383500,4219.520000,4219.520000,4219.520000,4219.520000,0.0000
1781384400,4219.700000,4219.700000,4219.700000,4219.700000,0.0150
1781385300,4220.380000,4221.530000,4220.380000,4221.530000,0.0450
1781386200,4220.940000,4228.810000,4220.940000,4224.920000,2.9240
1781387100,4225.050000,4227.660000,4225.050000,4226.600000,1.3790
1781388000,4227.560000,4227.560000,4226.220000,4226.220000,0.0960
1781388900,4225.970000,4226.000000,4225.970000,4226.000000,0.0350
1781389800,4226.000000,4226.000000,4226.000000,4226.000000,0.0000
1781390700,4226.000000,4226.000000,4226.000000,4226.000000,0.0000
1781391600,4225.730000,4225.730000,4223.830000,4223.830000,0.0420
1781392500,4223.830000,4223.830000,4223.830000,4223.830000,0.0000
1781393400,4223.390000,4223.390000,4223.390000,4223.390000,0.1180
1781394300,4223.300000,4223.300000,4222.500000,4222.980000,0.0250
1781395200,4223.030000,4223.460000,4222.490000,4222.490000,0.6350
1781396100,4221.970000,4223.560000,4221.970000,4223.560000,0.2570
1781397000,4223.820000,4225.150000,4223.820000,4225.150000,0.5770
1781397900,4225.420000,4229.610000,4225.420000,4226.550000,1.7940
1781398800,4226.600000,4226.920000,4225.740000,4225.740000,0.0430
1781399700,4225.740000,4225.740000,4225.740000,4225.740000,0.0000
1781400600,4225.690000,4229.610000,4225.690000,4225.960000,1.4680
1781401500,4225.880000,4225.880000,4224.350000,4224.350000,0.0630
1781402400,4224.080000,4224.080000,4222.720000,4222.720000,0.0110
1781403300,4222.720000,4222.720000,4222.720000,4222.720000,0.0000
1781404200,4224.340000,4224.610000,4224.340000,4224.610000,0.0060
1781405100,4224.860000,4225.500000,4224.860000,4225.500000,0.0980
1781406000,4225.330000,4225.330000,4224.600000,4224.840000,0.0460
1781406900,4224.070000,4224.070000,4223.530000,4224.060000,0.0110
1781407800,4223.320000,4223.320000,4223.000000,4223.110000,0.1570
1781408700,4222.740000,4223.280000,4222.480000,4223.280000,0.7390
1781409600,4223.530000,4223.530000,4223.520000,4223.520000,0.0970
1781410500,4223.520000,4223.520000,4223.520000,4223.520000,0.0000
1781411400,4224.060000,4224.860000,4224.060000,4224.860000,1.4070
1781412300,4225.120000,4225.120000,4225.120000,4225.120000,0.0050
1781413200,4225.540000,4225.720000,4225.540000,4225.720000,0.0470
1781414100,4225.720000,4225.720000,4225.720000,4225.720000,0.0000
1781415000,4225.920000,4225.920000,4225.920000,4225.920000,0.0020
1781415900,4226.180000,4226.720000,4226.180000,4226.720000,0.1150
1781416800,4226.720000,4226.720000,4226.720000,4226.720000,0.0000
1781417700,4227.140000,4227.370000,4227.140000,4227.370000,0.0100
1781418600,4227.370000,4227.370000,4227.370000,4227.370000,0.0000
1781419500,4227.510000,4227.970000,4227.510000,4227.970000,0.1120
1781420400,4227.720000,4227.720000,4227.430000,4227.430000,0.0350
1781421300,4227.430000,4227.430000,4227.430000,4227.430000,0.0000
1781422200,4227.430000,4227.430000,4227.430000,4227.430000,0.0000
1781423100,4227.430000,4227.430000,4227.430000,4227.430000,0.0000
1781424000,4228.290000,4229.620000,4228.290000,4229.620000,0.0710
1781424900,4229.630000,4232.570000,4229.630000,4232.410000,0.0730
1781425800,4232.030000,4232.030000,4231.240000,4232.030000,0.9450
1781426700,4231.500000,4232.000000,4231.500000,4232.000000,0.0930
1781427600,4232.010000,4232.260000,4232.010000,4232.260000,0.0150
1781428500,4232.000000,4232.000000,4230.430000,4230.430000,0.1080
1781429400,4231.220000,4233.000000,4231.220000,4233.000000,0.1520
1781430300,4233.000000,4233.090000,4231.480000,4231.480000,0.2870
1781431200,4230.150000,4230.410000,4229.460000,4230.410000,0.0970
1781432100,4230.410000,4230.410000,4230.410000,4230.410000,0.0000
1781433000,4230.680000,4230.940000,4226.620000,4227.300000,2.0090
1781433900,4227.310000,4227.740000,4224.720000,4225.630000,31.2370
1781434800,4225.220000,4225.240000,4225.220000,4225.240000,0.1930
1781435700,4225.240000,4225.240000,4225.240000,4225.240000,0.0000
1781436600,4226.140000,4226.140000,4226.140000,4226.140000,0.5920
1781437500,4226.130000,4226.140000,4226.130000,4226.140000,0.3180
1781438400,4226.140000,4226.140000,4226.130000,4226.130000,1.8850
1781439300,4226.140000,4229.340000,4226.130000,4229.340000,11.2060
1781440200,4228.800000,4228.800000,4227.970000,4227.970000,0.1400
1781441100,4227.730000,4227.730000,4222.840000,4222.840000,0.8920
1781442000,4223.900000,4224.250000,4223.460000,4223.460000,0.3630
1781442900,4222.930000,4223.420000,4221.610000,4222.030000,4.2430
1781443800,4222.340000,4222.340000,4221.600000,4221.600000,0.0190
1781444700,4221.340000,4221.340000,4220.810000,4220.810000,0.0060
1781445600,4221.180000,4221.180000,4221.160000,4221.160000,2.4840
1781446500,4221.070000,4221.070000,4219.910000,4219.910000,0.3940
1781447400,4220.090000,4220.090000,4218.950000,4219.320000,0.4340
1781448300,4219.740000,4227.180000,4219.740000,4227.180000,2.4910
1781449200,4227.970000,4230.940000,4227.190000,4228.500000,58.9970
1781450100,4228.750000,4228.750000,4228.750000,4228.750000,0.1370
1781451000,4227.970000,4227.970000,4226.630000,4226.630000,4.7490
1781451900,4226.370000,4226.370000,4222.910000,4222.910000,4.1770
1781452800,4222.980000,4225.290000,4222.560000,4225.290000,1.7210
1781453700,4225.290000,4226.900000,4225.290000,4226.900000,0.6570
1781454600,4226.900000,4226.900000,4226.900000,4226.900000,0.0000
1781455500,4226.440000,4226.440000,4224.650000,4225.830000,3.3520
1781456400,4225.860000,4225.860000,4225.860000,4225.860000,0.0150
1781457300,4226.280000,4226.280000,4226.280000,4226.280000,0.0280
1781458200,4226.090000,4226.090000,4225.390000,4225.390000,0.0420
1781459100,4225.300000,4225.300000,4225.300000,4225.300000,0.0020
1781460000,4225.030000,4225.030000,4222.280000,4222.280000,0.7520
1781460900,4222.110000,4222.950000,4221.300000,4221.300000,0.3100
1781461800,4220.780000,4222.630000,4220.780000,4222.630000,0.2080
1781462700,4222.630000,4222.630000,4222.630000,4222.630000,0.0000
1781463600,4223.310000,4223.310000,4222.630000,4222.630000,0.2650
1781464500,4222.630000,4222.630000,4222.630000,4222.630000,0.0000
1781465400,4222.630000,4222.630000,4222.630000,4222.630000,0.0000
1781466300,4222.630000,4222.630000,4222.630000,4222.630000,0.0000
1781467200,4223.800000,4223.800000,4222.630000,4222.630000,0.8040
1781468100,4222.350000,4223.940000,4222.090000,4223.740000,0.1760
1781469000,4223.860000,4224.480000,4223.860000,4224.480000,0.1030
1781469900,4224.740000,4228.740000,4224.740000,4226.340000,3.4500
1781470800,4226.080000,4226.860000,4225.800000,4226.860000,0.5580
1781471700,4227.130000,4252.800000,4227.130000,4244.220000,21.2540
1781472600,4244.490000,4267.720000,4244.490000,4267.720000,6.7890
1781473500,4267.880000,4294.720000,4259.560000,4280.000000,38.6240
1781474400,4276.150000,4303.990000,4262.830000,4294.390000,37.5040
1781475300,4294.400000,4300.760000,4279.900000,4283.950000,11.5850
1781476200,4283.990000,4284.260000,4276.210000,4282.900000,4.5630
1781477100,4283.440000,4288.030000,4283.280000,4283.720000,0.9860
1781478000,4283.030000,4283.720000,4279.610000,4279.960000,1.4640
1781478900,4280.140000,4280.140000,4278.280000,4280.140000,1.6400
1781479800,4280.160000,4282.060000,4279.610000,4280.480000,1.4910
1781480700,4280.970000,4289.720000,4280.970000,4289.490000,1.4700
1781481600,4289.950000,4296.900000,4289.950000,4295.190000,1.4790
1781482500,4295.460000,4302.050000,4295.460000,4297.340000,1.4280
1781483400,4297.660000,4300.020000,4292.710000,4293.540000,0.5090
1781484300,4293.270000,4294.090000,4287.790000,4287.790000,0.8080
1781485200,4288.170000,4294.340000,4283.230000,4290.780000,2.9640
1781486100,4290.240000,4299.290000,4286.670000,4298.190000,1.1000
1781487000,4297.640000,4312.520000,4297.090000,4311.700000,3.0710
1781487900,4311.580000,4312.250000,4308.660000,4311.160000,0.9780
1781488800,4311.960000,4318.950000,4311.960000,4318.950000,0.4810
1781489700,4319.170000,4324.170000,4318.900000,4322.500000,3.3550
1781490600,4322.780000,4326.720000,4322.780000,4325.280000,2.3610
1781491500,4325.000000,4327.560000,4322.590000,4323.050000,1.0200
1781492400,4322.790000,4324.140000,4316.370000,4317.760000,2.3170
1781493300,4318.040000,4321.080000,4316.930000,4317.480000,0.9700
1781494200,4317.760000,4320.250000,4317.480000,4317.480000,1.0900
1781495100,4317.800000,4320.260000,4317.800000,4318.870000,0.2500
1781496000,4318.320000,4319.780000,4317.190000,4319.130000,0.5950
1781496900,4319.400000,4319.950000,4316.550000,4319.780000,0.6030
1781497800,4319.960000,4322.180000,4319.960000,4322.140000,0.2640
1781498700,4321.620000,4321.620000,4321.080000,4321.080000,0.0090
1781499600,4321.550000,4324.130000,4319.380000,4323.010000,0.5620
1781500500,4322.990000,4326.190000,4320.770000,4322.720000,0.5260
1781501400,4322.570000,4324.380000,4308.580000,4308.580000,0.5550
1781502300,4308.320000,4309.050000,4303.350000,4305.000000,2.7300
1781503200,4304.450000,4306.080000,4298.230000,4301.680000,1.2310
1781504100,4301.960000,4303.050000,4299.210000,4300.850000,1.0440
1781505000,4300.330000,4301.670000,4297.620000,4300.310000,0.3820
1781505900,4300.580000,4302.780000,4300.310000,4302.780000,0.3350
1781506800,4302.770000,4307.800000,4301.110000,4307.800000,0.7140
1781507700,4308.000000,4311.870000,4308.000000,4311.870000,1.0220
1781508600,4311.320000,4311.320000,4307.730000,4310.210000,0.4400
1781509500,4310.490000,4317.970000,4308.000000,4317.950000,1.1810
1781510400,4317.400000,4321.820000,4317.010000,4321.530000,0.9580
1781511300,4321.530000,4324.970000,4321.290000,4321.290000,1.0210
1781512200,4322.100000,4337.710000,4322.100000,4335.750000,1.4350
1781513100,4335.470000,4336.490000,4330.080000,4330.080000,0.4400
1781514000,4329.900000,4335.720000,4329.900000,4332.940000,0.5480
1781514900,4333.030000,4335.170000,4331.830000,4333.470000,2.4110
1781515800,4333.470000,4334.050000,4330.700000,4331.820000,4.9750
1781516700,4331.540000,4333.760000,4330.710000,4332.380000,0.2070
1781517600,4331.820000,4333.740000,4331.240000,4331.800000,0.3470
1781518500,4332.350000,4332.350000,4332.340000,4332.340000,0.3600
1781519400,4332.110000,4333.180000,4330.970000,4330.970000,0.9040
1781520300,4331.710000,4334.300000,4331.710000,4332.280000,0.5430
1781521200,4332.340000,4332.610000,4331.230000,4332.330000,1.2210
1781522100,4332.180000,4334.570000,4331.470000,4334.570000,1.0490
1781523000,4334.850000,4340.000000,4332.890000,4332.890000,1.0620
1781523900,4332.370000,4332.370000,4327.650000,4329.270000,0.1560
1781524800,4329.250000,4330.920000,4326.470000,4326.470000,4.0320
1781525700,4327.020000,4330.080000,4320.360000,4329.250000,0.4500
1781526600,4329.530000,4338.630000,4328.690000,4338.160000,0.6730
1781527500,4337.900000,4341.540000,4337.620000,4341.540000,0.4540
1781528400,4341.810000,4342.350000,4335.370000,4342.350000,1.2640
1781529300,4342.480000,4349.080000,4342.480000,4347.960000,0.8410
1781530200,4347.820000,4360.350000,4347.820000,4355.840000,2.2220
1781531100,4356.120000,4356.410000,4349.090000,4349.090000,0.8360
1781532000,4349.090000,4360.610000,4347.380000,4350.190000,1.3730
1781532900,4350.470000,4355.820000,4349.000000,4355.820000,0.6460
1781533800,4355.580000,4357.220000,4348.450000,4349.630000,2.5440
1781534700,4349.630000,4354.420000,4349.450000,4350.750000,0.9810
1781535600,4350.470000,4351.010000,4343.160000,4343.710000,2.5180
1781536500,4343.160000,4349.380000,4343.160000,4346.770000,0.6550
1781537400,4346.230000,4350.450000,4343.420000,4350.450000,0.2820
1781538300,4350.730000,4351.570000,4348.490000,4350.220000,0.8010
1781539200,4349.600000,4349.600000,4343.120000,4343.120000,7.1780
1781540100,4342.850000,4342.850000,4332.780000,4334.460000,0.6350
1781541000,4333.900000,4333.900000,4329.440000,4329.440000,2.3180
1781541900,4329.170000,4330.560000,4328.050000,4330.560000,1.7050
1781542800,4330.130000,4330.130000,4323.330000,4324.230000,1.1970
1781543700,4324.420000,4324.970000,4322.200000,4322.200000,0.2490
1781544600,4321.920000,4321.920000,4314.170000,4314.170000,0.1100
1781545500,4313.930000,4316.100000,4313.060000,4315.550000,0.2710
1781546400,4315.530000,4315.530000,4310.570000,4315.250000,0.1470
1781547300,4315.530000,4319.390000,4315.530000,4318.300000,0.0930
1781548200,4317.470000,4317.470000,4314.960000,4316.830000,0.3190
1781549100,4316.910000,4318.020000,4316.910000,4317.800000,0.1940
1781550000,4317.480000,4318.000000,4314.680000,4314.680000,0.6270
1781550900,4314.860000,4315.510000,4313.380000,4313.380000,0.2950
1781551800,4313.480000,4314.400000,4312.620000,4312.620000,0.4100
1781552700,4312.470000,4312.470000,4309.420000,4311.920000,0.2860
1781553600,4312.200000,4312.200000,4309.700000,4309.700000,0.0490
1781554500,4309.420000,4309.420000,4304.560000,4305.280000,0.6110
1781555400,4305.220000,4305.220000,4302.820000,4302.820000,0.0470
1781556300,4302.810000,4302.810000,4301.170000,4301.720000,0.0580
1781557200,4302.960000,4302.960000,4302.310000,4302.310000,0.0690
1781558100,4302.520000,4303.430000,4302.520000,4303.430000,0.1650
1781559000,4303.610000,4304.120000,4301.620000,4301.620000,5.4260
1781559900,4302.240000,4302.240000,4302.240000,4302.240000,0.0010
1781560800,4302.110000,4305.790000,4302.030000,4302.780000,4.7710
1781561700,4302.510000,4304.970000,4299.030000,4300.580000,6.4950
1781562600,4300.860000,4305.800000,4300.040000,4305.800000,3.9340
1781563500,4305.250000,4306.210000,4303.060000,4305.530000,1.2260
1781564400,4304.990000,4308.470000,4304.990000,4307.710000,1.5590
1781565300,4307.160000,4307.440000,4305.800000,4307.440000,1.1080
1781566200,4307.710000,4311.020000,4307.450000,4310.470000,0.2790
1781567100,4310.570000,4311.300000,4307.710000,4308.800000,0.9390
1781568000,4308.100000,4310.160000,4307.150000,4307.150000,0.4280
1781568900,4306.700000,4307.410000,4300.600000,4301.380000,5.6500
1781569800,4301.650000,4304.950000,4301.650000,4304.120000,0.1460
1781570700,4304.390000,4311.830000,4304.170000,4311.830000,0.4970
1781571600,4312.010000,4317.300000,4309.340000,4312.360000,1.3440
1781572500,4312.910000,4315.660000,4310.990000,4312.090000,0.2820
1781573400,4311.810000,4311.810000,4307.400000,4307.810000,0.4090
1781574300,4307.560000,4310.970000,4305.590000,4305.590000,0.9680
1781575200,4306.010000,4306.010000,4302.430000,4302.710000,0.3840
1781576100,4302.510000,4304.360000,4301.620000,4304.360000,0.6460
1781577000,4304.630000,4309.860000,4303.820000,4303.820000,5.0400
1781577900,4303.820000,4312.080000,4303.820000,4312.080000,1.0760
1781578800,4311.540000,4312.380000,4310.720000,4312.380000,0.3970
1781579700,4311.850000,4314.260000,4310.390000,4314.260000,0.7920
1781580600,4314.520000,4324.770000,4313.700000,4324.770000,1.8960
1781581500,4324.230000,4324.830000,4323.120000,4324.220000,0.1780
1781582400,4324.200000,4324.200000,4320.870000,4320.870000,0.0330
1781583300,4320.590000,4320.590000,4316.720000,4316.720000,0.0690
1781584200,4316.450000,4317.070000,4315.900000,4316.450000,0.2890
1781585100,4315.890000,4315.890000,4313.920000,4315.060000,0.5510
1781586000,4314.900000,4320.570000,4314.900000,4319.470000,0.3330
1781586900,4319.200000,4319.200000,4318.370000,4318.370000,0.2070
1781587800,4319.190000,4322.200000,4310.370000,4310.370000,0.9260
1781588700,4311.170000,4312.560000,4308.540000,4308.540000,0.3260
1781589600,4308.440000,4311.440000,4307.460000,4311.440000,0.1390
1781590500,4311.200000,4311.200000,4308.640000,4309.790000,0.4970
1781591400,4309.240000,4312.350000,4308.410000,4309.510000,0.5230
1781592300,4310.060000,4315.860000,4310.060000,4315.860000,0.1320
1781593200,4316.130000,4320.530000,4316.130000,4319.970000,0.9450
1781594100,4319.720000,4321.370000,4318.050000,4321.090000,1.0950
1781595000,4321.370000,4323.860000,4319.710000,4320.810000,0.9960
1781595900,4320.530000,4327.190000,4320.530000,4327.190000,4.8820
1781596800,4327.030000,4331.630000,4325.930000,4330.780000,3.1130
1781597700,4331.050000,4335.510000,4331.050000,4334.140000,20.0260
1781598600,4334.780000,4335.890000,4332.460000,4335.800000,13.6940
1781599500,4335.230000,4341.170000,4334.430000,4341.170000,3.1230
1781600400,4340.140000,4343.740000,4337.730000,4339.680000,7.7510
1781601300,4339.670000,4339.670000,4331.990000,4332.000000,1.6690
1781602200,4332.430000,4339.350000,4332.430000,4336.040000,6.2490
1781603100,4335.760000,4340.000000,4334.660000,4338.560000,2.4920
1781604000,4338.550000,4340.720000,4336.310000,4338.620000,14.6210
1781604900,4338.620000,4339.080000,4338.620000,4339.080000,0.2650
1781605800,4338.250000,4338.530000,4336.310000,4338.350000,1.5430
1781606700,4338.810000,4341.320000,4338.810000,4341.230000,4.7440
1781607600,4341.240000,4341.880000,4334.600000,4334.600000,0.4370
1781608500,4335.150000,4335.440000,4332.940000,4335.440000,26.5290
1781609400,4335.350000,4335.350000,4329.320000,4332.380000,6.3520
1781610300,4331.840000,4333.780000,4331.110000,4333.780000,0.1940
1781611200,4333.910000,4337.930000,4332.450000,4337.110000,0.9480
1781612100,4337.370000,4337.370000,4331.810000,4336.900000,1.3480
1781613000,4336.640000,4342.110000,4336.280000,4342.110000,0.4170
1781613900,4342.380000,4347.740000,4342.340000,4347.520000,7.2590
1781614800,4347.650000,4347.650000,4335.700000,4336.650000,3.9390
1781615700,4336.650000,4336.650000,4326.800000,4328.450000,1.6680
1781616600,4327.790000,4332.890000,4327.340000,4332.190000,4.1960
1781617500,4332.340000,4333.370000,4326.430000,4326.510000,0.9430
1781618400,4325.680000,4331.120000,4325.660000,4327.870000,0.8110
1781619300,4328.010000,4328.010000,4310.740000,4312.390000,4.3680
1781620200,4312.950000,4320.120000,4306.620000,4318.740000,0.9550
1781621100,4317.630000,4319.070000,4315.980000,4316.250000,0.7190
1781622000,4317.060000,4319.000000,4316.510000,4319.000000,1.1110
1781622900,4318.510000,4321.220000,4315.860000,4319.270000,4.2680
1781623800,4319.080000,4322.040000,4318.180000,4320.930000,7.4980
1781624700,4320.380000,4336.470000,4317.070000,4329.800000,11.1840
1781625600,4330.720000,4339.230000,4330.720000,4339.230000,6.0410
1781626500,4339.510000,4339.510000,4335.890000,4338.120000,0.1310
1781627400,4337.730000,4337.840000,4334.510000,4337.560000,8.6050
1781628300,4337.840000,4338.680000,4334.220000,4334.220000,1.1930
1781629200,4333.950000,4333.950000,4328.640000,4328.640000,0.4380
1781630100,4328.370000,4328.370000,4320.000000,4327.540000,0.4170
1781631000,4327.810000,4332.810000,4327.810000,4331.980000,6.1680
1781631900,4331.700000,4333.730000,4330.600000,4333.400000,1.5530
1781632800,4333.650000,4336.130000,4333.650000,4335.850000,0.3840
1781633700,4335.290000,4335.290000,4333.430000,4334.730000,5.7400
1781634600,4334.300000,4336.120000,4333.340000,4333.340000,1.6930
1781635500,4333.070000,4333.070000,4331.400000,4332.230000,0.9450
1781636400,4331.860000,4335.550000,4331.860000,4333.880000,5.5960
1781637300,4333.320000,4334.160000,4330.830000,4334.160000,1.2560
1781638200,4333.670000,4333.670000,4331.670000,4331.850000,1.7690
1781639100,4332.170000,4332.170000,4326.550000,4327.770000,0.9730
1781640000,4327.680000,4327.680000,4326.360000,4326.740000,0.1030
1781640900,4326.470000,4326.470000,4326.470000,4326.470000,0.2310
1781641800,4326.920000,4327.750000,4326.920000,4327.750000,0.0180
1781642700,4327.200000,4327.200000,4326.260000,4326.260000,0.1930
1781643600,4327.010000,4327.010000,4325.510000,4325.510000,0.0440
1781644500,4325.550000,4326.900000,4325.550000,4326.900000,1.0450
1781645400,4326.900000,4326.900000,4326.900000,4326.900000,0.0000
1781646300,4326.900000,4326.900000,4326.900000,4326.900000,0.0000
1781647200,4327.000000,4327.960000,4325.490000,4326.050000,2.8540
1781648100,4325.490000,4325.490000,4323.570000,4323.710000,2.7180
1781649000,4323.700000,4325.620000,4323.700000,4325.620000,2.7180
1781649900,4325.770000,4328.350000,4325.770000,4328.350000,2.4130
1781650800,4328.240000,4330.740000,4327.700000,4330.740000,0.3430
1781651700,4330.740000,4330.740000,4330.740000,4330.740000,0.0000
1781652600,4330.180000,4330.180000,4327.220000,4327.220000,1.2490
1781653500,4327.190000,4327.680000,4323.670000,4323.670000,3.1180
1781654400,4323.770000,4332.660000,4322.500000,4332.660000,2.5920
1781655300,4332.170000,4333.770000,4330.990000,4330.990000,0.1940
1781656200,4330.780000,4331.550000,4329.330000,4329.330000,1.3820
1781657100,4329.050000,4329.610000,4326.010000,4329.330000,1.1070
1781658000,4328.930000,4341.820000,4328.210000,4340.980000,0.8670
1781658900,4340.150000,4340.150000,4333.760000,4335.420000,0.1820
1781659800,4335.700000,4336.250000,4331.810000,4331.810000,0.2470
1781660700,4332.350000,4335.700000,4330.150000,4334.860000,4.7330
1781661600,4334.840000,4340.790000,4334.210000,4337.060000,4.3360
1781662500,4336.510000,4337.050000,4334.280000,4334.280000,2.3070
1781663400,4334.840000,4336.230000,4332.560000,4333.450000,0.0750
1781664300,4332.900000,4332.900000,4325.330000,4326.030000,0.2230
1781665200,4325.690000,4326.780000,4324.840000,4324.840000,0.2760
1781666100,4324.560000,4325.350000,4323.670000,4324.840000,0.7090
1781667000,4325.120000,4325.950000,4324.300000,4325.950000,0.0410
1781667900,4325.410000,4325.410000,4324.570000,4324.580000,0.0740
1781668800,4325.280000,4325.280000,4323.160000,4324.540000,0.0250
1781669700,4324.000000,4326.480000,4319.290000,4319.290000,0.3400
1781670600,4319.030000,4319.430000,4313.780000,4317.090000,0.4970
1781671500,4317.360000,4319.290000,4317.360000,4319.290000,0.0350
1781672400,4320.020000,4320.100000,4315.690000,4315.690000,0.4650
1781673300,4315.440000,4319.830000,4315.440000,4319.830000,1.2290
1781674200,4320.100000,4324.970000,4320.100000,4322.030000,0.6950
1781675100,4322.300000,4326.440000,4318.400000,4319.000000,1.8860
1781676000,4319.280000,4322.290000,4318.330000,4322.290000,0.9090
1781676900,4322.180000,4322.180000,4315.120000,4319.530000,5.4440
1781677800,4318.700000,4321.630000,4317.090000,4320.910000,8.2880
1781678700,4320.370000,4324.500000,4320.370000,4324.500000,6.4160
1781679600,4324.730000,4325.320000,4322.270000,4322.270000,3.7090
1781680500,4322.310000,4325.610000,4321.180000,4322.270000,7.0840
1781681400,4321.890000,4324.760000,4319.520000,4323.110000,5.3320
1781682300,4323.100000,4323.100000,4318.970000,4318.970000,7.9170
1781683200,4318.960000,4319.490000,4317.250000,4317.290000,1.1530
1781684100,4317.010000,4317.500000,4314.570000,4317.500000,1.1540
1781685000,4316.740000,4316.740000,4313.280000,4313.430000,2.8700
1781685900,4313.160000,4317.690000,4311.560000,4317.690000,1.7320
1781686800,4318.030000,4318.100000,4315.650000,4318.100000,0.8010
1781687700,4318.300000,4325.270000,4318.300000,4324.160000,0.8680
1781688600,4324.720000,4327.440000,4322.500000,4323.060000,0.3430
1781689500,4322.510000,4322.510000,4320.580000,4321.400000,0.2880
1781690400,4322.210000,4323.320000,4321.190000,4323.320000,3.6380
1781691300,4322.760000,4322.760000,4320.710000,4321.460000,0.8400
1781692200,4321.940000,4323.320000,4321.940000,4323.320000,0.2670
1781693100,4323.590000,4327.220000,4323.590000,4325.530000,2.6760
1781694000,4324.970000,4324.970000,4321.840000,4321.840000,0.2740
1781694900,4322.470000,4323.850000,4321.640000,4322.260000,0.4010
1781695800,4322.230000,4322.320000,4319.160000,4319.160000,0.2910
1781696700,4320.020000,4320.020000,4315.420000,4318.290000,0.6870
1781697600,4317.110000,4317.170000,4315.010000,4315.560000,0.5810
1781698500,4315.830000,4319.720000,4315.830000,4318.590000,0.7050
1781699400,4318.040000,4323.940000,4316.810000,4323.830000,1.1550
1781700300,4324.100000,4327.700000,4324.100000,4327.420000,1.3650
1781701200,4326.880000,4326.880000,4319.080000,4325.470000,1.4530
1781702100,4325.200000,4331.000000,4325.200000,4329.070000,0.6850
1781703000,4329.070000,4334.370000,4326.470000,4334.370000,1.8650
1781703900,4334.600000,4337.660000,4333.770000,4333.770000,0.6880
1781704800,4333.220000,4338.750000,4330.440000,4335.410000,0.6820
1781705700,4335.690000,4354.880000,4335.350000,4352.970000,9.7110
1781706600,4353.250000,4356.230000,4341.820000,4346.540000,1.3830
1781707500,4346.110000,4347.660000,4326.390000,4338.470000,9.3400
1781708400,4339.280000,4340.840000,4337.340000,4340.840000,3.2430
1781709300,4340.950000,4352.110000,4340.950000,4348.480000,1.0350
1781710200,4349.030000,4353.230000,4349.010000,4350.430000,2.9130
1781711100,4351.500000,4356.870000,4351.500000,4356.870000,2.6060
1781712000,4356.320000,4357.960000,4355.440000,4355.440000,0.8900
1781712900,4355.440000,4359.020000,4354.880000,4358.580000,4.5840
1781713800,4358.240000,4358.240000,4349.300000,4350.410000,0.7790
1781714700,4350.690000,4351.520000,4349.800000,4351.520000,0.0330
1781715600,4351.790000,4353.270000,4349.820000,4351.740000,2.9700
1781716500,4351.540000,4355.980000,4350.970000,4354.860000,0.7220
1781717400,4354.860000,4374.160000,4354.860000,4368.900000,4.2500
1781718300,4369.230000,4373.920000,4367.490000,4371.160000,1.2900
1781719200,4369.450000,4369.450000,4276.940000,4282.170000,45.6790
1781720100,4281.900000,4303.110000,4280.820000,4288.130000,2.8230
1781721000,4287.980000,4319.770000,4268.730000,4318.200000,7.5320
1781721900,4315.670000,4323.360000,4274.880000,4282.200000,3.8900
1781722800,4281.850000,4290.470000,4260.000000,4263.300000,3.3530
1781723700,4262.760000,4262.760000,4225.540000,4225.540000,5.9220
1781724600,4225.320000,4232.660000,4217.650000,4227.390000,2.6910
1781725500,4227.650000,4241.940000,4227.650000,4233.980000,3.8020
1781726400,4233.730000,4254.450000,4233.460000,4253.920000,0.5050
1781727300,4253.920000,4263.400000,4251.780000,4255.790000,0.4400
1781728200,4256.590000,4260.610000,4256.410000,4257.110000,0.1530
1781729100,4256.860000,4256.860000,4252.560000,4252.560000,0.3560
1781730000,4253.360000,4254.050000,4251.510000,4251.510000,0.0390
1781730900,4251.240000,4251.540000,4249.110000,4251.540000,0.6880
1781731800,4251.770000,4253.110000,4251.770000,4252.570000,0.0380
1781732700,4252.840000,4253.370000,4252.840000,4252.840000,0.0100
1781733600,4252.310000,4262.220000,4252.050000,4260.850000,0.4130
1781734500,4260.850000,4264.910000,4260.850000,4262.990000,0.2930
1781735400,4262.730000,4262.990000,4260.330000,4261.380000,0.0510
1781736300,4260.850000,4264.600000,4258.710000,4263.260000,0.1040
1781737200,4262.990000,4275.890000,4261.640000,4275.890000,0.8740
1781738100,4276.160000,4277.760000,4271.840000,4275.350000,0.2250
1781739000,4275.350000,4276.160000,4267.000000,4270.500000,0.2380
1781739900,4270.770000,4273.200000,4269.690000,4272.930000,0.2320
1781740800,4273.190000,4292.400000,4273.190000,4291.300000,0.7040
1781741700,4291.570000,4294.730000,4290.210000,4294.560000,0.9880
1781742600,4294.830000,4303.830000,4294.830000,4303.830000,1.0950
1781743500,4304.910000,4308.210000,4303.360000,4304.360000,3.3470
1781744400,4302.550000,4321.410000,4302.550000,4318.610000,2.6740
1781745300,4317.510000,4317.510000,4311.220000,4313.670000,0.9660
1781746200,4313.940000,4318.350000,4311.760000,4316.410000,1.2060
1781747100,4315.860000,4318.900000,4312.300000,4312.840000,4.1580
1781748000,4312.300000,4323.270000,4311.450000,4322.170000,1.1470
1781748900,4321.350000,4322.720000,4318.870000,4319.120000,0.3080
1781749800,4319.420000,4319.420000,4312.280000,4312.280000,0.1540
1781750700,4312.000000,4312.000000,4306.530000,4306.530000,0.1400
1781751600,4306.250000,4309.920000,4304.480000,4305.700000,0.1540
1781752500,4306.220000,4309.780000,4306.160000,4308.990000,0.9110
1781753400,4309.240000,4315.950000,4309.240000,4313.630000,1.2920
1781754300,4312.920000,4313.900000,4311.990000,4313.630000,0.6410
1781755200,4313.130000,4317.180000,4308.960000,4310.050000,2.3730
1781756100,4310.320000,4311.960000,4307.050000,4307.860000,0.3070
1781757000,4308.130000,4311.140000,4304.850000,4304.850000,0.8410
1781757900,4305.400000,4310.320000,4305.400000,4309.770000,0.0490
1781758800,4309.240000,4311.390000,4305.800000,4309.220000,4.4690
1781759700,4309.660000,4316.060000,4309.660000,4316.060000,2.3700
1781760600,4316.330000,4317.430000,4305.920000,4305.920000,0.9600
1781761500,4305.650000,4305.650000,4297.350000,4301.560000,2.9300
1781762400,4303.230000,4303.230000,4292.290000,4293.650000,0.5420
1781763300,4293.110000,4298.550000,4291.770000,4297.730000,0.9170
1781764200,4298.000000,4298.270000,4294.520000,4295.280000,0.4320
1781765100,4295.550000,4299.900000,4295.550000,4299.900000,0.5410
1781766000,4300.190000,4302.820000,4296.890000,4302.070000,0.5890
1781766900,4302.080000,4303.070000,4300.710000,4301.520000,1.3010
1781767800,4301.420000,4301.420000,4289.300000,4291.460000,0.5520
1781768700,4291.730000,4292.000000,4284.140000,4284.140000,0.4280
1781769600,4283.910000,4286.260000,4280.890000,4281.430000,8.0340
1781770500,4281.700000,4283.050000,4279.810000,4279.810000,2.4470
1781771400,4279.300000,4282.490000,4277.400000,4277.650000,4.5880
1781772300,4277.380000,4277.380000,4262.870000,4262.870000,0.7020
1781773200,4262.780000,4263.390000,4256.940000,4261.250000,3.9430
1781774100,4261.520000,4266.870000,4261.520000,4261.520000,0.2880
1781775000,4261.250000,4262.590000,4259.380000,4262.320000,0.3710
1781775900,4262.590000,4266.070000,4262.590000,4263.930000,0.1690
1781776800,4263.650000,4263.650000,4258.320000,4261.780000,0.6070
1781777700,4262.040000,4266.330000,4259.370000,4262.310000,2.5950
1781778600,4262.580000,4263.640000,4260.170000,4260.170000,0.0620
1781779500,4259.650000,4259.650000,4250.610000,4250.610000,0.9770
1781780400,4250.610000,4250.610000,4237.040000,4240.470000,5.2010
1781781300,4240.730000,4242.860000,4239.410000,4242.860000,2.0200
1781782200,4242.330000,4243.400000,4237.830000,4238.880000,0.6860
1781783100,4238.360000,4239.410000,4235.190000,4236.440000,0.6260
1781784000,4236.300000,4251.350000,4235.930000,4251.350000,7.6440
1781784900,4250.810000,4262.640000,4250.080000,4251.100000,4.5020
1781785800,4251.080000,4251.870000,4237.820000,4239.870000,1.0950
1781786700,4240.200000,4242.330000,4238.090000,4242.330000,1.4840
1781787600,4243.230000,4253.730000,4240.990000,4253.730000,2.2320
1781788500,4254.000000,4258.000000,4251.040000,4258.000000,0.5320
1781789400,4258.270000,4271.290000,4258.270000,4260.000000,0.9370
1781790300,4259.870000,4260.240000,4247.160000,4250.800000,2.8520
1781791200,4251.590000,4251.600000,4237.190000,4238.330000,2.5790
1781792100,4237.800000,4251.310000,4234.040000,4243.520000,0.9540
1781793000,4243.360000,4248.170000,4239.910000,4242.560000,0.5990
1781793900,4242.030000,4249.450000,4239.120000,4249.450000,0.9260
1781794800,4248.920000,4249.720000,4244.660000,4244.660000,0.8040
1781795700,4244.670000,4245.200000,4231.980000,4231.980000,2.4280
1781796600,4231.720000,4231.720000,4220.440000,4227.500000,7.1760
1781797500,4227.200000,4227.200000,4221.460000,4223.560000,0.7540
1781798400,4224.340000,4228.800000,4223.550000,4226.970000,0.5470
1781799300,4225.920000,4225.920000,4220.150000,4221.540000,0.4820
1781800200,4221.710000,4224.080000,4214.650000,4219.880000,1.3310
1781801100,4219.350000,4219.350000,4213.040000,4215.430000,0.3130
1781802000,4215.690000,4224.330000,4215.690000,4224.330000,0.6780
1781802900,4224.600000,4228.270000,4224.580000,4224.580000,0.7530
1781803800,4224.330000,4225.650000,4220.660000,4225.650000,0.6110
1781804700,4225.120000,4228.540000,4225.120000,4228.540000,0.0380
1781805600,4227.750000,4228.010000,4224.850000,4226.430000,0.4620
1781806500,4225.380000,4225.640000,4224.330000,4224.330000,0.3330
1781807400,4224.060000,4224.060000,4219.030000,4222.230000,1.3200
1781808300,4221.640000,4221.640000,4216.720000,4216.720000,0.5070
1781809200,4216.460000,4216.460000,4203.160000,4205.640000,1.0140
1781810100,4204.710000,4204.710000,4200.540000,4202.890000,2.1210
1781811000,4202.120000,4209.670000,4199.000000,4209.670000,1.0900
1781811900,4209.930000,4213.580000,4209.930000,4212.800000,0.1300
1781812800,4213.050000,4213.050000,4212.490000,4212.790000,0.2850
1781813700,4212.790000,4214.100000,4212.680000,4214.100000,0.6260
1781814600,4214.350000,4214.350000,4211.490000,4211.490000,0.3130
1781815500,4211.220000,4211.220000,4206.480000,4206.480000,0.4380
1781816400,4206.280000,4208.870000,4206.280000,4208.870000,0.5040
1781817300,4209.130000,4213.500000,4209.130000,4209.600000,0.3130
1781818200,4209.920000,4215.540000,4209.920000,4214.610000,0.2670
1781819100,4214.870000,4215.680000,4211.480000,4211.480000,1.2960
1781820000,4210.700000,4210.700000,4203.140000,4205.530000,1.8610
1781820900,4205.550000,4206.250000,4201.590000,4201.610000,1.7380
1781821800,4202.360000,4203.160000,4202.100000,4202.100000,0.0800
1781822700,4202.620000,4206.670000,4202.620000,4205.840000,0.0280
1781823600,4205.190000,4205.190000,4190.810000,4190.810000,2.4280
1781824500,4194.580000,4194.830000,4191.490000,4192.250000,1.6090
1781825400,4192.510000,4194.060000,4191.740000,4192.000000,0.9950
1781826300,4191.220000,4191.220000,4184.740000,4184.740000,1.6910
1781827200,4185.800000,4192.220000,4181.960000,4181.960000,1.4740
1781828100,4182.710000,4185.020000,4182.020000,4182.950000,0.8140
1781829000,4183.480000,4187.090000,4183.480000,4185.970000,0.6380
1781829900,4186.570000,4189.040000,4186.570000,4187.400000,2.1470
1781830800,4187.600000,4190.590000,4182.510000,4182.970000,4.7200
1781831700,4183.220000,4186.850000,4181.680000,4186.830000,6.2610
1781832600,4187.080000,4187.080000,4181.030000,4181.170000,1.1610
1781833500,4180.910000,4182.190000,4180.650000,4181.670000,0.6540
1781834400,4181.150000,4181.870000,4175.850000,4175.850000,3.3180
1781835300,4175.770000,4175.770000,4172.140000,4174.750000,0.6710
1781836200,4175.000000,4178.330000,4173.480000,4176.550000,1.1950
1781837100,4176.540000,4176.540000,4170.000000,4173.640000,1.1040
1781838000,4173.750000,4173.750000,4164.010000,4164.010000,2.1340
1781838900,4163.770000,4166.300000,4162.240000,4165.030000,0.4860
1781839800,4164.780000,4164.780000,4156.330000,4158.410000,1.7970
1781840700,4158.660000,4158.660000,4143.380000,4147.450000,11.5380
1781841600,4150.300000,4150.510000,4141.000000,4142.360000,5.2520
1781842500,4142.460000,4146.250000,4140.390000,4143.470000,1.5080
1781843400,4143.730000,4144.220000,4132.660000,4132.660000,2.8900
1781844300,4133.070000,4133.650000,4123.590000,4124.980000,1.9270
1781845200,4123.880000,4128.910000,4120.570000,4128.890000,0.4180
1781846100,4128.600000,4131.650000,4124.090000,4131.650000,1.6910
1781847000,4131.900000,4137.830000,4131.150000,4133.000000,0.9520
1781847900,4133.160000,4140.000000,4133.160000,4138.940000,0.4210
1781848800,4139.210000,4145.250000,4134.680000,4145.250000,0.4000
1781849700,4145.050000,4145.050000,4139.700000,4140.710000,2.5320
1781850600,4140.950000,4143.570000,4132.590000,4133.660000,0.3100
1781851500,4133.660000,4147.760000,4133.260000,4147.760000,1.0240
1781852400,4147.770000,4156.640000,4147.770000,4154.360000,1.3240
1781853300,4154.360000,4156.970000,4151.320000,4151.320000,0.4800
1781854200,4151.070000,4154.100000,4151.060000,4152.580000,0.2900
1781855100,4152.370000,4159.360000,4150.810000,4157.150000,0.5530
1781856000,4156.640000,4164.780000,4155.120000,4164.780000,0.3750
1781856900,4164.030000,4174.620000,4164.030000,4173.150000,2.6180
1781857800,4173.530000,4175.510000,4166.310000,4167.330000,1.0550
1781858700,4166.820000,4166.820000,4163.770000,4165.290000,0.3520
1781859600,4166.050000,4167.320000,4162.620000,4162.620000,0.5300
1781860500,4162.490000,4164.770000,4161.670000,4162.220000,0.4660
1781861400,4162.490000,4163.240000,4161.220000,4161.220000,0.6480
1781862300,4161.730000,4163.510000,4160.440000,4160.440000,0.3180
1781863200,4160.590000,4160.590000,4151.220000,4153.600000,2.5240
1781864100,4153.090000,4154.860000,4151.560000,4152.330000,0.7170
1781865000,4151.830000,4151.830000,4148.290000,4149.060000,0.7580
1781865900,4149.070000,4151.320000,4147.780000,4148.020000,0.6890
1781866800,4147.780000,4147.780000,4141.240000,4144.750000,0.4380
1781867700,4144.250000,4145.500000,4142.480000,4142.480000,0.4630
1781868600,4142.230000,4147.520000,4141.230000,4147.520000,2.8620
1781869500,4147.530000,4153.210000,4147.530000,4150.060000,0.3400
1781870400,4150.820000,4156.800000,4150.820000,4155.130000,0.2260
1781871300,4154.870000,4154.870000,4149.870000,4149.870000,0.9240
1781872200,4149.810000,4151.430000,4146.160000,4150.750000,1.8750
1781873100,4149.810000,4177.480000,4146.520000,4177.480000,1.6320
1781874000,4177.090000,4179.080000,4163.660000,4169.120000,0.9850
1781874900,4168.870000,4169.630000,4160.760000,4163.000000,0.8470
1781875800,4163.250000,4164.530000,4158.420000,4158.420000,0.5150
1781876700,4158.930000,4159.290000,4151.580000,4151.580000,0.5620
1781877600,4151.330000,4151.840000,4148.040000,4148.040000,0.2620
1781878500,4147.860000,4148.790000,4143.730000,4148.790000,0.3650
1781879400,4148.550000,4149.370000,4144.260000,4144.260000,0.5420
1781880300,4144.010000,4148.800000,4143.500000,4148.360000,0.1500
1781881200,4148.780000,4152.090000,4148.780000,4150.070000,0.1920
1781882100,4150.310000,4152.080000,4149.870000,4151.330000,0.0490
1781883000,4150.830000,4151.080000,4148.550000,4148.550000,0.3620
1781883900,4149.060000,4152.230000,4149.060000,4151.080000,0.0750
1781884800,4150.700000,4150.700000,4145.090000,4145.090000,0.8210
1781885700,4145.500000,4147.290000,4145.160000,4147.290000,0.4050
1781886600,4147.240000,4151.070000,4147.240000,4151.070000,0.0620
1781887500,4151.080000,4154.880000,4150.840000,4152.600000,0.5320
1781888400,4152.850000,4156.150000,4152.850000,4156.150000,0.2580
1781889300,4156.150000,4156.150000,4156.150000,4156.150000,0.0000
1781890200,4156.400000,4156.400000,4156.400000,4156.400000,0.0020
1781891100,4156.650000,4156.910000,4156.650000,4156.910000,0.0050
1781892000,4157.390000,4157.620000,4157.190000,4157.620000,0.0540
1781892900,4156.910000,4156.910000,4151.330000,4154.880000,0.3510
1781893800,4155.130000,4157.850000,4155.130000,4155.640000,0.0430
1781894700,4155.130000,4155.130000,4154.370000,4154.370000,0.0080
1781895600,4154.630000,4154.630000,4153.870000,4153.870000,0.0110
1781896500,4153.370000,4153.370000,4153.360000,4153.360000,0.2980
1781897400,4153.570000,4154.120000,4153.570000,4154.120000,0.1490
1781898300,4154.120000,4156.360000,4153.790000,4156.360000,1.2130
1781899200,4157.380000,4157.860000,4157.380000,4157.860000,0.6360
1781900100,4157.860000,4157.860000,4157.860000,4157.860000,0.0000
1781901000,4155.140000,4155.910000,4154.640000,4155.910000,0.2740
1781901900,4156.150000,4158.180000,4156.150000,4157.800000,1.0550
1781902800,4158.440000,4158.440000,4158.180000,4158.180000,0.0280
1781903700,4157.680000,4158.420000,4157.680000,4158.420000,0.4550
1781904600,4157.870000,4157.870000,4157.120000,4157.120000,0.3530
1781905500,4156.910000,4156.910000,4155.030000,4155.030000,0.7960
1781906400,4155.030000,4155.030000,4155.030000,4155.030000,0.0000
1781907300,4154.890000,4156.150000,4154.890000,4156.150000,0.6510
1781908200,4156.410000,4157.420000,4156.410000,4157.420000,0.0100
1781909100,4157.670000,4159.220000,4157.670000,4158.180000,0.0350
1781910000,4157.960000,4158.690000,4157.170000,4157.400000,0.6260
1781910900,4156.970000,4156.970000,4156.160000,4156.160000,0.1080
1781911800,4156.910000,4157.430000,4156.910000,4157.200000,0.0190
1781912700,4157.670000,4157.670000,4155.490000,4155.820000,0.1170
1781913600,4155.670000,4155.670000,4154.240000,4154.240000,0.1490
1781914500,4154.640000,4157.920000,4154.640000,4157.920000,0.3110
1781915400,4157.930000,4160.680000,4157.930000,4157.930000,1.0840
1781916300,4157.420000,4157.420000,4157.420000,4157.420000,0.0010
1781917200,4158.180000,4158.180000,4157.420000,4157.420000,0.0380
1781918100,4156.920000,4156.920000,4156.660000,4156.660000,0.0040
1781919000,4156.410000,4157.830000,4155.660000,4156.660000,2.2720
1781919900,4156.200000,4156.200000,4156.200000,4156.200000,0.0120
1781920800,4156.420000,4156.420000,4156.420000,4156.420000,0.0020
1781921700,4156.410000,4156.410000,4154.900000,4154.900000,0.1150
1781922600,4154.890000,4154.890000,4154.890000,4154.890000,0.0040
1781923500,4154.860000,4154.860000,4154.860000,4154.860000,0.0140
1781924400,4154.730000,4154.890000,4153.630000,4154.890000,0.0230
1781925300,4155.150000,4155.160000,4155.150000,4155.160000,0.0180
1781926200,4155.400000,4155.400000,4155.400000,4155.400000,0.1050
1781927100,4155.400000,4155.400000,4155.400000,4155.400000,0.0000
1781928000,4154.910000,4155.410000,4154.910000,4155.410000,0.0140
1781928900,4155.410000,4155.410000,4155.410000,4155.410000,0.0000
1781929800,4155.410000,4155.410000,4155.410000,4155.410000,0.0000
1781930700,4155.410000,4155.410000,4155.410000,4155.410000,0.0000
1781931600,4156.640000,4157.170000,4156.640000,4157.170000,0.0220
1781932500,4157.430000,4157.920000,4157.430000,4157.920000,0.0280
1781933400,4157.850000,4157.850000,4157.850000,4157.850000,0.0010
1781934300,4157.920000,4157.920000,4157.920000,4157.920000,0.9890
1781935200,4157.920000,4157.920000,4157.920000,4157.920000,0.0000
1781936100,4157.930000,4157.930000,4157.930000,4157.930000,0.0040
1781937000,4158.430000,4158.430000,4158.430000,4158.430000,0.0140
1781937900,4158.430000,4158.430000,4158.430000,4158.430000,0.0000
1781938800,4157.790000,4157.790000,4156.150000,4156.150000,1.0210
1781939700,4156.310000,4156.310000,4155.400000,4155.910000,0.3040
1781940600,4156.160000,4156.420000,4156.160000,4156.420000,0.0340
1781941500,4156.420000,4156.420000,4156.420000,4156.420000,0.0000
1781942400,4156.420000,4156.420000,4156.420000,4156.420000,0.0000
1781943300,4156.420000,4156.420000,4156.420000,4156.420000,0.0000
1781944200,4156.420000,4156.420000,4156.420000,4156.420000,0.0000
1781945100,4156.430000,4156.430000,4155.450000,4155.450000,0.0360
1781946000,4155.450000,4156.420000,4155.450000,4156.420000,0.1620
1781946900,4156.420000,4156.420000,4156.420000,4156.420000,0.0000
1781947800,4156.670000,4157.420000,4156.670000,4157.420000,0.0100
1781948700,4157.420000,4157.420000,4156.670000,4156.670000,1.5060
1781949600,4156.170000,4156.170000,4155.660000,4155.660000,0.0120
1781950500,4155.660000,4155.660000,4155.660000,4155.660000,0.0000
1781951400,4155.160000,4155.160000,4154.400000,4154.400000,0.0080
1781952300,4154.150000,4154.890000,4154.150000,4154.890000,0.0520
1781953200,4155.400000,4155.400000,4155.400000,4155.400000,0.0140
1781954100,4155.400000,4156.170000,4155.090000,4155.660000,0.1860
1781955000,4155.170000,4155.360000,4155.160000,4155.160000,2.3920
1781955900,4155.390000,4155.480000,4155.390000,4155.480000,0.0080
1781956800,4155.590000,4156.170000,4155.580000,4156.170000,0.1950
1781957700,4156.420000,4156.420000,4156.420000,4156.420000,0.0150
1781958600,4156.510000,4156.550000,4156.510000,4156.550000,0.0280
1781959500,4155.930000,4155.930000,4155.930000,4155.930000,0.0100
1781960400,4155.930000,4155.930000,4155.930000,4155.930000,0.0160
1781961300,4156.010000,4156.010000,4150.880000,4150.880000,0.2040
1781962200,4150.870000,4150.870000,4150.620000,4150.660000,0.0100
1781963100,4150.360000,4150.360000,4149.440000,4150.360000,0.6070
1781964000,4150.200000,4152.380000,4150.200000,4151.370000,0.4320
1781964900,4150.870000,4150.870000,4150.870000,4150.870000,0.0040
1781965800,4151.120000,4151.630000,4151.120000,4151.630000,0.0930
1781966700,4151.880000,4159.190000,4151.880000,4154.940000,2.2080
1781967600,4156.430000,4156.920000,4155.760000,4156.920000,0.2010
1781968500,4156.930000,4161.350000,4156.930000,4159.970000,0.6450
1781969400,4159.470000,4159.470000,4158.960000,4158.960000,0.0190
1781970300,4158.700000,4158.700000,4158.460000,4158.460000,0.0070
1781971200,4158.450000,4158.450000,4156.920000,4156.920000,1.1090
1781972100,4156.680000,4156.680000,4156.180000,4156.180000,0.0330
1781973000,4155.670000,4155.670000,4155.160000,4155.160000,0.0060
1781973900,4154.910000,4154.910000,4153.650000,4153.650000,0.0150
1781974800,4153.410000,4153.410000,4153.410000,4153.410000,0.0160
1781975700,4153.400000,4153.650000,4153.160000,4153.160000,0.0290
1781976600,4153.160000,4153.890000,4153.110000,4153.110000,0.6950
1781977500,4153.100000,4153.100000,4152.140000,4152.200000,0.5290
1781978400,4152.390000,4152.790000,4152.390000,4152.790000,0.0250
1781979300,4152.790000,4152.790000,4152.790000,4152.790000,0.0000
1781980200,4153.150000,4153.650000,4153.150000,4153.650000,0.0060
1781981100,4153.900000,4154.690000,4153.900000,4154.690000,0.0230
1781982000,4154.690000,4154.690000,4154.690000,4154.690000,0.0000
1781982900,4154.820000,4154.820000,4154.820000,4154.820000,0.0020
1781983800,4154.820000,4154.820000,4154.820000,4154.820000,0.0000
1781984700,4154.820000,4154.820000,4154.820000,4154.820000,0.0000
1781985600,4154.660000,4154.660000,4154.610000,4154.610000,0.3980
1781986500,4154.600000,4154.600000,4154.600000,4154.600000,0.0020
1781987400,4154.600000,4154.600000,4154.600000,4154.600000,0.0000
1781988300,4154.590000,4154.590000,4154.590000,4154.590000,0.0030
1781989200,4154.310000,4154.620000,4154.310000,4154.620000,0.0630
1781990100,4154.670000,4154.670000,4154.130000,4154.130000,0.0210
1781991000,4152.910000,4153.660000,4152.910000,4153.660000,0.0400
1781991900,4153.660000,4153.660000,4153.660000,4153.660000,0.0000
1781992800,4153.740000,4155.100000,4153.740000,4155.100000,0.8700
1781993700,4155.170000,4155.420000,4153.970000,4155.010000,0.7240
1781994600,4155.020000,4155.020000,4155.010000,4155.010000,0.7390
1781995500,4154.230000,4154.360000,4154.230000,4154.240000,0.0450
1781996400,4154.240000,4154.240000,4154.240000,4154.240000,0.0000
1781997300,4154.240000,4154.240000,4154.240000,4154.240000,0.0000
1781998200,4154.350000,4154.350000,4153.670000,4153.670000,1.1660
1781999100,4154.300000,4154.300000,4154.300000,4154.300000,0.0600
1782000000,4154.300000,4154.300000,4154.300000,4154.300000,0.0000
1782000900,4154.380000,4154.380000,4154.380000,4154.380000,0.1460
1782001800,4154.790000,4154.790000,4154.790000,4154.790000,1.9190
1782002700,4154.790000,4154.790000,4154.790000,4154.790000,0.0000
1782003600,4154.180000,4154.180000,4154.180000,4154.180000,0.0310
1782004500,4154.170000,4154.170000,4154.170000,4154.170000,0.0040
1782005400,4154.170000,4154.170000,4154.170000,4154.170000,0.0000
1782006300,4154.180000,4154.270000,4154.170000,4154.250000,1.0280
1782007200,4154.250000,4155.980000,4154.250000,4154.260000,1.9980
1782008100,4154.930000,4155.180000,4154.930000,4155.180000,0.0060
1782009000,4155.430000,4156.330000,4155.430000,4156.290000,0.4850
1782009900,4156.290000,4156.290000,4156.290000,4156.290000,0.0000
1782010800,4156.940000,4157.450000,4156.940000,4157.450000,0.0130
1782011700,4157.700000,4158.450000,4157.450000,4157.960000,0.2840
1782012600,4157.960000,4157.960000,4157.960000,4157.960000,0.0000
1782013500,4157.510000,4158.110000,4157.510000,4158.110000,0.1260
1782014400,4158.210000,4158.210000,4156.440000,4156.440000,0.2120
1782015300,4156.950000,4157.260000,4156.950000,4157.260000,0.0050
1782016200,4157.440000,4157.440000,4156.070000,4156.440000,0.3300
1782017100,4156.440000,4156.440000,4156.440000,4156.440000,0.0000
1782018000,4156.090000,4156.090000,4155.690000,4155.870000,0.0230
1782018900,4156.200000,4156.950000,4156.200000,4156.950000,0.6950
1782019800,4157.200000,4158.200000,4157.200000,4158.200000,0.3100
1782020700,4157.630000,4161.660000,4157.310000,4161.660000,0.6510
1782021600,4162.100000,4162.100000,4161.580000,4161.580000,0.0070
1782022500,4161.000000,4161.250000,4160.580000,4161.250000,0.1730
1782023400,4161.500000,4165.660000,4161.500000,4163.300000,0.3930
1782024300,4162.980000,4162.980000,4162.980000,4162.980000,0.0040
1782025200,4163.110000,4163.110000,4163.110000,4163.110000,0.0040
1782026100,4163.520000,4163.520000,4163.110000,4163.280000,0.0690
1782027000,4163.020000,4163.030000,4161.250000,4161.250000,0.0480
1782027900,4161.000000,4161.040000,4160.740000,4160.740000,0.0260
1782028800,4161.050000,4162.250000,4161.050000,4161.480000,0.9130
1782029700,4160.990000,4160.990000,4160.920000,4160.920000,0.2330
1782030600,4160.720000,4160.720000,4159.230000,4159.230000,0.0390
1782031500,4159.230000,4159.230000,4157.500000,4157.500000,0.0390
1782032400,4158.420000,4158.670000,4156.100000,4157.460000,0.1890
1782033300,4157.700000,4157.710000,4157.610000,4157.710000,0.0360
1782034200,4157.960000,4158.720000,4157.960000,4158.720000,0.0080
1782035100,4158.970000,4161.510000,4158.970000,4161.510000,0.1730
1782036000,4161.290000,4161.370000,4159.480000,4159.480000,0.0660
1782036900,4159.990000,4160.740000,4159.990000,4160.740000,0.2730
1782037800,4160.740000,4160.740000,4160.740000,4160.740000,0.0000
1782038700,4161.000000,4161.000000,4161.000000,4161.000000,0.1240
1782039600,4161.640000,4161.640000,4161.640000,4161.640000,0.2330
1782040500,4161.000000,4161.000000,4159.230000,4159.230000,0.0160
1782041400,4158.980000,4158.980000,4158.220000,4158.220000,0.0130
1782042300,4157.970000,4157.970000,4156.700000,4156.700000,1.1450
1782043200,4156.540000,4157.710000,4155.780000,4157.710000,1.3220
1782044100,4157.210000,4157.210000,4157.210000,4157.210000,0.0050
1782045000,4156.950000,4157.710000,4156.950000,4157.710000,0.0110
1782045900,4157.970000,4159.480000,4157.970000,4159.480000,0.0140
1782046800,4160.240000,4162.010000,4160.240000,4162.010000,0.7130
1782047700,4162.260000,4162.620000,4162.260000,4162.290000,0.0120
1782048600,4162.010000,4162.010000,4161.380000,4161.380000,0.0160
1782049500,4161.250000,4161.500000,4161.250000,4161.500000,0.0050
1782050400,4162.260000,4162.800000,4162.260000,4162.800000,0.0210
1782051300,4162.270000,4162.520000,4161.800000,4162.520000,7.9200
1782052200,4162.010000,4162.010000,4159.480000,4159.480000,1.1180
1782053100,4159.240000,4159.740000,4155.540000,4159.740000,3.1350
1782054000,4159.970000,4161.760000,4159.970000,4161.760000,0.0720
1782054900,4161.750000,4161.760000,4161.750000,4161.760000,0.0020
1782055800,4162.000000,4162.000000,4161.590000,4161.590000,0.0510
1782056700,4162.000000,4162.760000,4162.000000,4162.760000,0.1000
1782057600,4162.150000,4162.150000,4162.060000,4162.060000,0.0250
1782058500,4162.020000,4162.020000,4162.020000,4162.020000,0.0330
1782059400,4162.020000,4162.020000,4162.020000,4162.020000,0.0000
1782060300,4162.010000,4162.010000,4160.510000,4160.680000,0.3380
1782061200,4160.770000,4160.770000,4160.770000,4160.770000,0.0170
1782062100,4160.880000,4160.880000,4159.990000,4159.990000,0.0140
1782063000,4159.980000,4160.240000,4159.980000,4160.240000,0.0050
1782063900,4160.500000,4162.520000,4160.500000,4162.520000,1.0290
1782064800,4162.470000,4162.470000,4159.230000,4159.230000,0.3160
1782065700,4159.230000,4159.230000,4159.230000,4159.230000,0.0000
1782066600,4159.720000,4160.990000,4159.720000,4160.600000,0.2420
1782067500,4160.600000,4160.600000,4160.600000,4160.600000,0.0000
1782068400,4160.320000,4160.820000,4160.240000,4160.240000,0.0820
1782069300,4159.750000,4162.790000,4159.750000,4162.690000,1.3540
1782070200,4162.980000,4162.980000,4162.980000,4162.980000,0.0010
1782071100,4162.270000,4162.270000,4161.760000,4161.760000,0.0090
1782072000,4161.620000,4161.620000,4161.510000,4161.510000,0.0070
1782072900,4161.010000,4161.010000,4161.000000,4161.000000,0.1090
1782073800,4160.760000,4160.760000,4159.990000,4159.990000,0.0120
1782074700,4159.870000,4159.870000,4158.880000,4158.880000,0.0600
1782075600,4159.020000,4159.030000,4156.220000,4156.970000,0.2520
1782076500,4156.460000,4158.480000,4155.710000,4158.480000,0.8280
1782077400,4158.600000,4158.720000,4156.970000,4156.970000,0.0770
1782078300,4156.970000,4157.220000,4155.970000,4155.970000,0.0150
1782079200,4155.960000,4156.140000,4140.000000,4148.920000,8.4280
1782080100,4148.420000,4150.930000,4147.170000,4149.420000,0.1010
1782081000,4149.420000,4151.430000,4148.920000,4150.680000,0.0640
1782081900,4150.860000,4152.940000,4150.860000,4152.940000,0.0550
1782082800,4153.680000,4160.520000,4153.680000,4156.210000,0.1780
1782083700,4155.960000,4155.960000,4153.100000,4153.950000,0.4140
1782084600,4153.450000,4153.450000,4140.390000,4142.240000,0.7340
1782085500,4142.100000,4143.150000,4135.400000,4138.090000,1.7270
1782086400,4138.800000,4158.010000,4138.800000,4158.010000,0.9720
1782087300,4157.990000,4165.000000,4157.990000,4163.030000,0.6430
1782088200,4163.280000,4172.650000,4163.280000,4172.650000,0.2960
1782089100,4172.770000,4196.280000,4172.770000,4196.280000,1.5830
1782090000,4196.690000,4215.360000,4196.690000,4210.970000,2.7770
1782090900,4209.000000,4210.550000,4203.150000,4206.410000,0.7060
1782091800,4206.160000,4206.160000,4193.550000,4197.160000,1.7990
1782092700,4197.410000,4197.410000,4189.460000,4189.460000,0.5210
1782093600,4190.740000,4190.990000,4183.750000,4183.750000,0.8280
1782094500,4182.670000,4186.140000,4182.670000,4186.140000,1.3380
1782095400,4185.910000,4196.830000,4185.630000,4190.390000,0.6560
1782096300,4190.430000,4190.430000,4187.410000,4187.410000,0.3890
1782097200,4187.160000,4187.160000,4179.000000,4179.000000,0.4680
1782098100,4178.740000,4178.740000,4173.920000,4178.230000,0.3660
1782099000,4178.470000,4178.470000,4174.930000,4174.930000,0.2310
1782099900,4174.690000,4176.200000,4171.120000,4171.120000,0.6340
1782100800,4170.880000,4174.930000,4170.380000,4174.930000,12.5220
1782101700,4174.460000,4176.150000,4173.920000,4175.410000,5.4360
1782102600,4175.380000,4176.940000,4174.710000,4174.710000,1.8440
1782103500,4175.440000,4179.000000,4175.440000,4179.000000,0.4140
1782104400,4179.740000,4183.830000,4179.740000,4183.830000,0.3860
1782105300,4184.090000,4190.000000,4184.090000,4190.000000,0.2400
1782106200,4190.220000,4194.450000,4188.680000,4190.730000,0.8690
1782107100,4190.470000,4192.780000,4189.200000,4190.990000,0.2270
1782108000,4190.690000,4194.050000,4189.710000,4191.650000,0.7460
1782108900,4190.990000,4196.170000,4190.990000,4195.080000,0.7900
1782109800,4194.570000,4197.650000,4193.290000,4197.650000,0.3010
1782110700,4197.790000,4202.530000,4196.100000,4196.100000,0.3750
1782111600,4196.360000,4196.870000,4195.590000,4196.360000,0.0500
1782112500,4196.130000,4197.130000,4194.310000,4194.310000,0.4900
1782113400,4194.200000,4194.560000,4191.240000,4191.240000,0.1590
1782114300,4190.980000,4192.080000,4187.910000,4187.910000,0.0520
1782115200,4187.650000,4189.700000,4186.630000,4187.330000,0.7010
1782116100,4186.890000,4190.960000,4186.890000,4188.790000,0.1160
1782117000,4188.420000,4190.210000,4187.040000,4189.180000,0.7950
1782117900,4189.190000,4193.020000,4189.190000,4193.020000,0.3480
1782118800,4193.280000,4204.760000,4193.280000,4200.720000,0.8140
1782119700,4201.230000,4203.800000,4200.200000,4200.200000,0.4480
1782120600,4199.940000,4204.990000,4198.920000,4203.540000,1.0830
1782121500,4203.040000,4205.350000,4201.240000,4205.350000,2.2550
1782122400,4206.110000,4208.430000,4206.110000,4208.430000,0.1050
1782123300,4207.920000,4208.430000,4205.600000,4207.140000,0.1020
1782124200,4206.630000,4206.630000,4205.080000,4205.080000,0.0150
1782125100,4204.830000,4204.830000,4200.970000,4200.970000,0.0700
1782126000,4201.510000,4210.560000,4201.510000,4205.060000,0.3330
1782126900,4204.820000,4204.820000,4201.980000,4201.980000,0.1020
1782127800,4201.740000,4203.280000,4200.450000,4202.250000,2.7660
1782128700,4201.480000,4203.530000,4199.940000,4203.530000,0.1580
1782129600,4203.740000,4206.350000,4202.580000,4204.820000,0.6960
1782130500,4204.300000,4206.600000,4203.810000,4204.040000,0.6030
1782131400,4203.790000,4203.790000,4198.650000,4198.650000,0.3830
1782132300,4199.160000,4200.190000,4190.400000,4190.400000,0.1000
1782133200,4190.210000,4191.990000,4187.140000,4190.450000,6.2450
1782134100,4190.710000,4194.020000,4184.580000,4184.580000,0.4540
1782135000,4184.330000,4190.580000,4182.030000,4188.660000,0.9720
1782135900,4188.280000,4200.450000,4186.370000,4196.550000,0.7500
1782136800,4196.850000,4206.060000,4191.720000,4203.090000,2.0620
1782137700,4200.310000,4200.310000,4189.050000,4191.820000,0.4200
1782138600,4188.010000,4192.060000,4184.890000,4192.060000,0.3910
1782139500,4194.450000,4201.380000,4192.800000,4194.630000,0.0650
1782140400,4191.940000,4194.060000,4191.090000,4193.050000,8.4220
1782141300,4190.400000,4190.400000,4184.400000,4184.460000,0.4800
1782142200,4183.900000,4184.550000,4177.610000,4177.850000,0.4120
1782143100,4176.960000,4179.430000,4166.810000,4178.850000,10.2390
1782144000,4179.480000,4179.490000,4172.130000,4172.600000,6.4080
1782144900,4172.580000,4177.940000,4172.580000,4177.700000,3.5380
1782145800,4177.420000,4180.990000,4177.390000,4177.390000,2.4370
1782146700,4177.550000,4189.720000,4177.210000,4185.550000,1.0210
1782147600,4185.140000,4186.100000,4183.200000,4183.450000,0.2330
1782148500,4183.060000,4186.610000,4180.760000,4180.760000,0.1140
1782149400,4180.500000,4180.500000,4172.070000,4177.450000,0.7880
1782150300,4176.960000,4179.150000,4176.960000,4178.980000,7.6910
1782151200,4179.680000,4181.260000,4179.680000,4180.710000,0.0440
1782152100,4180.930000,4184.890000,4180.930000,4183.510000,0.1850
1782153000,4183.750000,4184.840000,4182.830000,4184.830000,0.7680
1782153900,4185.080000,4187.640000,4185.080000,4186.350000,0.4610
1782154800,4186.410000,4187.880000,4186.410000,4187.880000,0.0420
1782155700,4187.370000,4187.370000,4184.060000,4184.060000,0.4520
1782156600,4183.800000,4185.080000,4182.000000,4182.000000,0.0550
1782157500,4181.770000,4186.610000,4181.270000,4186.610000,1.3070
1782158400,4186.850000,4188.400000,4186.850000,4187.880000,0.1380
1782159300,4187.370000,4187.370000,4185.330000,4185.870000,0.3730
1782160200,4186.090000,4188.640000,4186.090000,4188.640000,0.1070
1782161100,4188.130000,4188.130000,4187.680000,4187.970000,0.0280
1782162000,4187.630000,4189.670000,4187.620000,4187.620000,2.4990
1782162900,4187.370000,4187.370000,4185.660000,4187.080000,6.4120
1782163800,4186.860000,4186.860000,4182.920000,4183.410000,1.9490
1782164700,4184.190000,4184.560000,4181.000000,4184.350000,4.9570
1782165600,4184.820000,4189.150000,4184.820000,4187.660000,6.0410
1782166500,4187.810000,4187.810000,4187.360000,4187.380000,0.1130
1782167400,4187.870000,4188.730000,4185.580000,4186.080000,0.3150
1782168300,4185.330000,4185.580000,4184.310000,4185.580000,0.2170
1782169200,4186.340000,4187.620000,4186.340000,4186.490000,0.7130
1782170100,4186.690000,4186.750000,4186.480000,4186.480000,0.8440
1782171000,4186.350000,4190.600000,4186.350000,4190.600000,1.2500
1782171900,4189.910000,4189.910000,4183.800000,4184.800000,0.7960
1782172800,4184.050000,4186.850000,4175.670000,4175.670000,0.3220
1782173700,4175.340000,4180.240000,4174.930000,4179.470000,1.2610
1782174600,4179.730000,4188.610000,4179.470000,4188.610000,0.4820
1782175500,4188.340000,4189.550000,4186.960000,4188.400000,0.9170
1782176400,4189.070000,4192.950000,4182.010000,4182.010000,0.9750
1782177300,4181.760000,4181.760000,4168.910000,4175.580000,1.3580
1782178200,4175.410000,4175.410000,4150.720000,4150.720000,2.1360
1782179100,4150.480000,4159.350000,4148.000000,4158.000000,1.0990
1782180000,4158.260000,4158.260000,4146.470000,4149.230000,0.7750
1782180900,4149.480000,4158.760000,4149.480000,4158.760000,0.6870
1782181800,4158.670000,4159.560000,4150.730000,4152.170000,0.5000
1782182700,4151.480000,4151.990000,4144.960000,4144.960000,0.2010
1782183600,4144.740000,4145.390000,4136.270000,4138.510000,0.4850
1782184500,4138.760000,4139.250000,4128.580000,4136.780000,1.4860
1782185400,4137.010000,4137.510000,4132.340000,4136.340000,0.3510
1782186300,4135.770000,4141.000000,4135.270000,4141.000000,0.3500
1782187200,4141.800000,4143.130000,4139.140000,4139.140000,1.3200
1782188100,4139.750000,4139.750000,4136.020000,4137.010000,0.4420
1782189000,4136.270000,4136.770000,4134.040000,4136.060000,0.1680
1782189900,4136.510000,4137.020000,4114.140000,4114.140000,0.5690
1782190800,4115.850000,4132.370000,4114.280000,4127.400000,0.8920
1782191700,4127.100000,4128.000000,4123.140000,4123.140000,0.5530
1782192600,4122.930000,4128.840000,4115.860000,4123.890000,1.4250
1782193500,4123.390000,4123.390000,4115.090000,4117.470000,1.7370
1782194400,4118.680000,4121.900000,4109.860000,4117.760000,0.6610
1782195300,4118.470000,4121.920000,4112.310000,4113.050000,2.1030
1782196200,4113.050000,4116.990000,4109.620000,4110.350000,0.2070
1782197100,4110.270000,4117.040000,4109.110000,4112.570000,1.6950
1782198000,4112.560000,4121.040000,4109.880000,4115.270000,0.7390
1782198900,4115.520000,4119.560000,4113.800000,4117.980000,0.2200
1782199800,4117.490000,4117.490000,4103.990000,4103.990000,1.7910
1782200700,4104.480000,4106.430000,4095.900000,4097.640000,8.3690
1782201600,4097.340000,4097.890000,4091.320000,4092.740000,1.3790
1782202500,4093.020000,4097.000000,4093.020000,4094.970000,4.5070
1782203400,4094.990000,4107.460000,4094.800000,4105.950000,0.7640
1782204300,4105.460000,4105.460000,4101.310000,4102.530000,0.2910
1782205200,4103.270000,4109.870000,4103.270000,4108.900000,0.1830
1782206100,4109.150000,4113.070000,4108.170000,4111.350000,0.1390
1782207000,4111.100000,4116.150000,4111.100000,4115.530000,0.0600
1782207900,4115.040000,4117.750000,4113.560000,4117.750000,0.0710
1782208800,4117.990000,4129.430000,4117.990000,4125.730000,2.4400
1782209700,4125.950000,4129.210000,4124.410000,4127.120000,0.0990
1782210600,4127.120000,4127.620000,4122.420000,4122.930000,0.0970
1782211500,4122.460000,4122.460000,4118.240000,4118.240000,0.3180
1782212400,4118.000000,4124.630000,4116.030000,4124.370000,0.8660
1782213300,4123.690000,4127.130000,4122.190000,4122.810000,0.2080
1782214200,4122.680000,4124.340000,4117.270000,4118.250000,1.0100
1782215100,4117.760000,4120.720000,4116.040000,4119.970000,0.7180
1782216000,4120.470000,4122.440000,4111.360000,4112.110000,0.5080
1782216900,4111.290000,4115.070000,4109.420000,4112.110000,0.2690
1782217800,4111.650000,4117.520000,4111.650000,4114.560000,0.2860
1782218700,4114.320000,4117.030000,4109.910000,4109.910000,0.4780
1782219600,4109.900000,4113.730000,4105.450000,4108.680000,0.8280
1782220500,4108.440000,4113.600000,4102.570000,4111.130000,1.0620
1782221400,4111.380000,4123.190000,4106.480000,4122.450000,1.5610
1782222300,4122.260000,4135.560000,4120.800000,4132.580000,5.6730
1782223200,4133.330000,4139.450000,4129.610000,4133.070000,0.6040
1782224100,4133.070000,4137.080000,4124.960000,4127.140000,1.7640
1782225000,4127.310000,4127.350000,4119.990000,4121.050000,0.6620
1782225900,4121.710000,4124.920000,4121.470000,4124.920000,0.2690
1782226800,4125.670000,4130.360000,4120.770000,4122.950000,0.4130
1782227700,4123.200000,4125.730000,4120.250000,4121.930000,1.8300
1782228600,4122.210000,4135.960000,4122.210000,4133.340000,0.6340
1782229500,4133.830000,4133.830000,4129.620000,4133.090000,1.5340
1782230400,4133.840000,4133.840000,4129.380000,4130.610000,0.7330
1782231300,4129.890000,4132.840000,4128.410000,4131.270000,10.4050
1782232200,4131.110000,4137.320000,4130.870000,4137.320000,17.7860
1782233100,4137.560000,4137.570000,4127.640000,4129.130000,4.0070
1782234000,4128.760000,4133.480000,4125.920000,4133.480000,2.0400
1782234900,4132.600000,4132.600000,4126.710000,4126.710000,0.8470
1782235800,4126.660000,4126.910000,4123.960000,4126.910000,2.7350
1782236700,4127.150000,4127.640000,4124.190000,4124.490000,0.8450
1782237600,4124.730000,4125.680000,4120.000000,4120.000000,0.3140
1782238500,4119.770000,4120.240000,4116.570000,4116.570000,1.4450
1782239400,4116.320000,4117.550000,4112.390000,4112.390000,0.5350
1782240300,4112.230000,4112.380000,4109.210000,4112.150000,0.7730
1782241200,4112.890000,4120.040000,4112.890000,4116.990000,1.6340
1782242100,4116.820000,4117.300000,4113.620000,4117.300000,0.3820
1782243000,4117.310000,4119.030000,4117.060000,4117.690000,0.5600
1782243900,4117.060000,4117.060000,4109.210000,4109.210000,0.9370
1782244800,4108.730000,4109.220000,4107.030000,4107.750000,2.0860
1782245700,4107.260000,4107.750000,4105.670000,4107.750000,0.1540
1782246600,4107.700000,4108.730000,4107.020000,4108.240000,2.2700
1782247500,4108.250000,4108.250000,4107.510000,4108.000000,0.0600
1782248400,4108.980000,4114.230000,4108.980000,4113.150000,0.1650
1782249300,4113.150000,4113.150000,4113.150000,4113.150000,0.0000
1782250200,4113.640000,4117.100000,4113.640000,4114.130000,0.0600
1782251100,4113.640000,4114.380000,4113.150000,4113.880000,0.0160
1782252000,4113.390000,4113.390000,4108.930000,4110.210000,0.3970
1782252900,4110.210000,4111.190000,4102.880000,4105.080000,3.8030
1782253800,4104.520000,4104.520000,4095.640000,4100.200000,1.7660
1782254700,4100.440000,4104.340000,4100.440000,4101.420000,0.9580
1782255600,4100.940000,4100.940000,4093.860000,4097.040000,0.5100
1782256500,4096.890000,4096.910000,4095.340000,4096.070000,0.3520
1782257400,4095.340000,4095.340000,4079.730000,4083.940000,1.1080
1782258300,4084.190000,4097.840000,4084.190000,4096.310000,1.1220
1782259200,4096.550000,4108.510000,4094.620000,4104.820000,2.3420
1782260100,4104.850000,4106.310000,4092.800000,4098.050000,0.8880
1782261000,4097.600000,4097.780000,4092.930000,4094.370000,0.1240
1782261900,4093.890000,4097.540000,4093.160000,4095.590000,0.7380
1782262800,4095.350000,4095.840000,4067.600000,4086.980000,4.6080
1782263700,4085.970000,4096.140000,4082.760000,4095.110000,0.4160
1782264600,4095.360000,4098.690000,4091.230000,4091.230000,1.4220
1782265500,4090.990000,4090.990000,4082.270000,4087.350000,1.5760
1782266400,4087.360000,4092.670000,4079.390000,4079.870000,1.2830
1782267300,4079.960000,4079.960000,4071.690000,4071.930000,1.1610
1782268200,4072.170000,4075.030000,4054.460000,4056.850000,3.7240
1782269100,4057.090000,4067.530000,4055.670000,4062.100000,3.3950
1782270000,4062.290000,4064.010000,4053.280000,4058.770000,0.7670
1782270900,4058.530000,4058.530000,4051.850000,4055.430000,0.6090
1782271800,4056.730000,4067.990000,4056.730000,4067.620000,0.4850
1782272700,4068.120000,4068.130000,4062.110000,4062.110000,0.8400
1782273600,4062.580000,4062.590000,4056.870000,4057.110000,0.7350
1782274500,4057.350000,4066.060000,4055.930000,4063.320000,0.2560
1782275400,4063.560000,4065.700000,4063.560000,4064.280000,0.3580
1782276300,4064.050000,4066.430000,4064.050000,4066.190000,2.8650
1782277200,4065.720000,4069.080000,4061.900000,4068.360000,1.4790
1782278100,4068.120000,4074.650000,4067.640000,4074.610000,1.3500
1782279000,4074.410000,4084.700000,4074.410000,4077.730000,0.6790
1782279900,4077.490000,4079.660000,4074.610000,4076.770000,1.0200
1782280800,4077.500000,4095.000000,4077.500000,4094.460000,0.5630
1782281700,4093.780000,4093.780000,4085.150000,4085.150000,0.3770
1782282600,4086.430000,4092.970000,4085.950000,4092.730000,0.3240
1782283500,4092.490000,4093.700000,4086.430000,4086.430000,9.2270
1782284400,4087.170000,4089.590000,4086.030000,4086.680000,0.4280
1782285300,4086.440000,4086.900000,4083.830000,4084.260000,5.0520
1782286200,4084.020000,4084.020000,4077.090000,4082.570000,0.7470
1782287100,4082.730000,4085.240000,4076.430000,4076.540000,1.3820
1782288000,4075.180000,4078.730000,4075.120000,4075.120000,0.2940
1782288900,4075.130000,4079.690000,4074.880000,4079.690000,0.4390
1782289800,4079.830000,4086.240000,4079.830000,4083.790000,0.2770
1782290700,4083.550000,4083.550000,4077.760000,4077.760000,1.0460
1782291600,4077.820000,4078.020000,4072.500000,4077.050000,0.7860
1782292500,4077.290000,4078.980000,4070.810000,4070.810000,0.1050
1782293400,4070.810000,4072.720000,4067.210000,4069.850000,1.1180
1782294300,4070.080000,4071.420000,4066.010000,4066.010000,1.7130
1782295200,4066.240000,4066.980000,4061.010000,4063.150000,5.4250
1782296100,4062.930000,4062.970000,4057.190000,4061.720000,7.4600
1782297000,4061.960000,4067.450000,4059.810000,4067.160000,3.0260
1782297900,4066.980000,4066.980000,4056.940000,4056.940000,4.5810
1782298800,4057.970000,4059.570000,4047.500000,4047.500000,1.5180
1782299700,4048.330000,4048.410000,4040.180000,4045.800000,0.7640
1782300600,4046.040000,4053.150000,4046.040000,4049.350000,2.1130
1782301500,4049.120000,4056.960000,4042.250000,4048.160000,2.7450
1782302400,4048.340000,4049.840000,4038.750000,4041.550000,1.0480
1782303300,4041.350000,4043.200000,4011.190000,4016.880000,16.3470
1782304200,4017.820000,4022.570000,4010.300000,4016.450000,30.4840
1782305100,4015.940000,4021.010000,3990.120000,3990.120000,40.1160
1782306000,3990.480000,3997.870000,3971.100000,3976.780000,65.7950
1782306900,3975.690000,3980.460000,3968.580000,3980.350000,31.0090
1782307800,3980.090000,4017.210000,3979.210000,4013.870000,7.2610
1782308700,4016.090000,4040.000000,4012.010000,4036.380000,35.0490
1782309600,4036.610000,4038.510000,4019.990000,4019.990000,18.2050
1782310500,4019.650000,4027.300000,4014.700000,4023.000000,4.8770
1782311400,4023.230000,4034.010000,4011.430000,4015.240000,13.7770
1782312300,4015.480000,4015.480000,4003.730000,4008.770000,11.4340
1782313200,4008.740000,4009.880000,3998.650000,4003.100000,8.5710
1782314100,4002.590000,4015.540000,4000.720000,4015.540000,4.9540
1782315000,4015.540000,4015.540000,4001.360000,4005.890000,1.5960
1782315900,4005.710000,4015.310000,4000.630000,4002.310000,4.7810
1782316800,4002.310000,4006.020000,3996.050000,4003.000000,3.8460
1782317700,4003.000000,4016.020000,4001.840000,4015.880000,1.3920
1782318600,4015.620000,4021.860000,4010.400000,4011.600000,5.8870
1782319500,4011.600000,4011.600000,4006.020000,4006.020000,8.3260
1782320400,4006.200000,4010.450000,4004.330000,4005.170000,2.7870
1782321300,4005.110000,4006.270000,3988.920000,3990.000000,2.5620
1782322200,3990.000000,3990.000000,3983.650000,3984.340000,4.1410
1782323100,3983.880000,3986.710000,3973.010000,3973.080000,3.9010
1782324000,3973.080000,3992.800000,3960.010000,3988.860000,28.7490
1782324900,3988.950000,3992.180000,3981.340000,3991.720000,6.0470
1782325800,3991.490000,3994.280000,3982.060000,3982.750000,11.7620
1782326700,3982.520000,3984.590000,3977.480000,3982.060000,1.2100
1782327600,3982.060000,3984.840000,3973.690000,3976.950000,3.5010
1782328500,3976.590000,3985.230000,3974.990000,3985.060000,3.9560
1782329400,3985.070000,3988.780000,3981.120000,3983.880000,6.7920
1782330300,3983.460000,3991.380000,3982.460000,3989.430000,5.4440
1782331200,3988.760000,4004.820000,3986.280000,3997.300000,15.5640
1782332100,3997.320000,4001.930000,3993.830000,4001.560000,2.9820
1782333000,4001.560000,4001.560000,3996.410000,3999.370000,1.6720
1782333900,3999.370000,4002.380000,3998.910000,4001.220000,1.8160
1782334800,4001.220000,4006.550000,4000.780000,4004.490000,2.8050
1782335700,4004.490000,4006.810000,4003.080000,4006.810000,4.6410
1782336600,4006.810000,4009.790000,4004.730000,4008.200000,9.0400
1782337500,4008.200000,4010.290000,4007.730000,4010.290000,4.7220
1782338400,4010.090000,4010.090000,4001.770000,4003.840000,16.9660
1782339300,4003.830000,4004.720000,4002.510000,4004.000000,1.8290
1782340200,4004.040000,4008.660000,4002.230000,4004.510000,1.8250
1782341100,4004.510000,4004.510000,3995.720000,3997.790000,1.1720
1782342000,3997.790000,3999.660000,3993.660000,3996.890000,1.0690
1782342900,3996.890000,4002.570000,3996.890000,4000.590000,1.2630
1782343800,4000.590000,4019.690000,4000.590000,4016.150000,10.8750
1782344700,4016.660000,4018.710000,4011.390000,4013.580000,2.8070
1782345600,4013.580000,4017.330000,4006.410000,4007.000000,1.0850
1782346500,4006.990000,4007.010000,3996.950000,3998.050000,0.6660
1782347400,3998.050000,3998.050000,3983.160000,3986.540000,5.7570
1782348300,3986.380000,4001.760000,3980.890000,3993.190000,1.3600
1782349200,3993.190000,4006.180000,3985.440000,3989.390000,7.8690
1782350100,3989.390000,4001.220000,3986.690000,3992.280000,2.9880
1782351000,3992.920000,3996.860000,3980.880000,3984.050000,1.1570
1782351900,3984.050000,3989.570000,3975.310000,3978.650000,1.1180
1782352800,3979.760000,3983.060000,3966.340000,3970.320000,1.1290
1782353700,3970.320000,3991.180000,3969.780000,3988.210000,6.5780
1782354600,3988.660000,3989.150000,3978.200000,3980.500000,1.2620
1782355500,3980.500000,3985.440000,3978.570000,3985.420000,1.5580
1782356400,3985.210000,3990.010000,3969.690000,3972.880000,1.5600
1782357300,3973.110000,3984.240000,3970.530000,3977.480000,2.1420
1782358200,3977.910000,3978.040000,3972.130000,3976.310000,3.5850
1782359100,3976.540000,4001.360000,3976.540000,3996.510000,4.5300
1782360000,3996.960000,3998.370000,3991.680000,3991.680000,1.0290
1782360900,3991.460000,3997.820000,3989.400000,3996.070000,1.0870
1782361800,3996.070000,3996.530000,3985.440000,3992.390000,1.0610
1782362700,3992.610000,3998.140000,3992.610000,3996.770000,0.8520
1782363600,3997.700000,4001.610000,3994.930000,3999.780000,3.3670
1782364500,3999.950000,4000.460000,3992.280000,3995.850000,3.1450
1782365400,3995.850000,3997.470000,3983.810000,3985.760000,1.3000
1782366300,3985.760000,3992.710000,3983.160000,3989.180000,1.0150
1782367200,3988.950000,3990.120000,3983.690000,3983.690000,0.8880
1782368100,3983.460000,3989.290000,3977.190000,3986.440000,1.6910
1782369000,3986.210000,3986.210000,3979.640000,3983.460000,0.9870
1782369900,3983.920000,3985.070000,3978.890000,3980.030000,0.9880
1782370800,3980.030000,3987.090000,3976.200000,3982.570000,4.8450
1782371700,3982.340000,3990.830000,3980.510000,3988.070000,3.2320
1782372600,3987.840000,3990.380000,3977.050000,3977.050000,8.8760
1782373500,3977.080000,3990.000000,3974.770000,3988.670000,4.7230
1782374400,3989.260000,3996.730000,3987.170000,3989.240000,2.7300
1782375300,3989.010000,4001.220000,3988.550000,3995.450000,1.3230
1782376200,3995.910000,4002.140000,3995.910000,4000.070000,1.0170
1782377100,4000.520000,4000.520000,3990.590000,3990.630000,1.2050
1782378000,3991.270000,3996.160000,3991.260000,3993.400000,5.5840
1782378900,3993.170000,3995.840000,3991.560000,3995.010000,1.3890
1782379800,3995.470000,3998.240000,3988.680000,3990.640000,0.8830
1782380700,3990.640000,3994.320000,3989.630000,3990.180000,1.6260
1782381600,3990.180000,3991.120000,3986.300000,3986.300000,0.7300
1782382500,3986.370000,3990.430000,3986.300000,3990.430000,0.6080
1782383400,3990.430000,3990.430000,3986.540000,3986.990000,4.0530
1782384300,3986.650000,3986.760000,3983.400000,3984.920000,39.0380
1782385200,3985.310000,3986.700000,3983.570000,3984.940000,13.6510
1782386100,3984.940000,3984.940000,3978.600000,3980.150000,21.8910
1782387000,3980.140000,3987.360000,3976.260000,3986.680000,7.4760
1782387900,3986.600000,3987.720000,3981.740000,3981.740000,19.4710
1782388800,3981.740000,3985.420000,3981.740000,3982.900000,0.9170
1782389700,3982.450000,3986.110000,3980.610000,3985.300000,1.2420
1782390600,3984.120000,4011.450000,3984.120000,4005.920000,13.1230
1782391500,4005.520000,4018.460000,4004.770000,4011.310000,6.8210
1782392400,4011.490000,4033.980000,4011.490000,4031.070000,13.3560
1782393300,4030.900000,4030.900000,4020.000000,4021.510000,3.1580
1782394200,4021.520000,4027.300000,4010.730000,4011.520000,8.2980
1782395100,4011.400000,4017.090000,3999.460000,3999.460000,11.0360
1782396000,4000.750000,4019.460000,3999.310000,4014.310000,52.6680
1782396900,4014.310000,4026.010000,4012.270000,4025.440000,12.8980
1782397800,4024.170000,4027.160000,4015.070000,4018.130000,8.4140
1782398700,4018.130000,4018.970000,4011.530000,4011.530000,1.5460
1782399600,4011.530000,4017.590000,4004.580000,4006.410000,4.6810
1782400500,4006.390000,4038.250000,4004.570000,4024.820000,15.1480
1782401400,4025.290000,4028.560000,4021.320000,4026.450000,3.3430
1782402300,4026.450000,4040.300000,4025.990000,4039.120000,8.2140
1782403200,4039.120000,4040.720000,4033.030000,4035.850000,6.1820
1782404100,4036.320000,4041.840000,4036.320000,4039.110000,3.1290
1782405000,4038.900000,4038.900000,4029.750000,4030.680000,1.0540
1782405900,4030.680000,4031.860000,4023.000000,4027.570000,1.9080
1782406800,4027.570000,4030.390000,4026.050000,4028.120000,1.3090
1782407700,4028.830000,4034.510000,4027.420000,4030.850000,6.4670
1782408600,4031.240000,4033.980000,4030.140000,4032.650000,3.2800
1782409500,4032.650000,4034.200000,4028.590000,4033.750000,1.0150
1782410400,4033.750000,4033.750000,4025.800000,4030.940000,1.1430
1782411300,4030.490000,4041.760000,4030.490000,4041.760000,0.7860
1782412200,4041.970000,4041.970000,4030.710000,4030.780000,3.1540
1782413100,4030.870000,4034.470000,4029.080000,4033.060000,1.1230
1782414000,4033.270000,4038.480000,4031.670000,4038.150000,1.6590
1782414900,4038.590000,4041.060000,4033.780000,4033.980000,1.1780
1782415800,4034.050000,4034.480000,4030.970000,4032.610000,1.0200
1782416700,4032.610000,4032.610000,4021.620000,4025.120000,3.4260
1782417600,4025.200000,4033.890000,4024.980000,4026.780000,10.2320
1782418500,4026.780000,4029.340000,4026.300000,4028.890000,9.6670
1782419400,4028.640000,4028.640000,4023.730000,4024.310000,11.3040
1782420300,4024.360000,4025.680000,4022.330000,4025.610000,2.4880
1782421200,4025.020000,4027.540000,4023.330000,4025.700000,3.0500
1782422100,4025.690000,4026.540000,4025.150000,4025.440000,0.7170
1782423000,4025.330000,4030.640000,4025.330000,4029.700000,17.3820
1782423900,4029.290000,4029.680000,4027.730000,4028.660000,3.3640
1782424800,4029.140000,4029.140000,4021.200000,4021.850000,20.1110
1782425700,4021.850000,4023.510000,4019.110000,4023.300000,4.4160
1782426600,4023.300000,4034.190000,4023.020000,4027.970000,10.4260
1782427500,4027.970000,4027.970000,4021.200000,4024.470000,1.5880
1782428400,4024.710000,4025.420000,4020.750000,4022.140000,1.2740
1782429300,4021.920000,4028.990000,4021.450000,4028.620000,1.5310
1782430200,4028.450000,4028.690000,4021.680000,4022.820000,1.8110
1782431100,4022.620000,4022.620000,4012.620000,4013.700000,1.3740
1782432000,4013.540000,4017.740000,4011.470000,4017.740000,2.8820
1782432900,4017.800000,4021.470000,4012.170000,4014.490000,0.9680
1782433800,4014.490000,4018.440000,4012.860000,4018.240000,1.1380
1782434700,4018.230000,4022.400000,4014.950000,4019.840000,7.5010
1782435600,4019.610000,4027.230000,4014.280000,4018.230000,1.3510
1782436500,4018.230000,4024.800000,4016.860000,4020.090000,1.1680
1782437400,4020.320000,4022.700000,4015.440000,4019.390000,1.5910
1782438300,4019.390000,4020.320000,4014.050000,4019.640000,1.2900
1782439200,4019.860000,4021.270000,4012.670000,4012.670000,1.0700
1782440100,4012.680000,4013.830000,4002.730000,4005.950000,7.2350
1782441000,4005.950000,4006.180000,3991.040000,3991.440000,24.3360
1782441900,3991.440000,3993.500000,3982.460000,3990.520000,5.7420
1782442800,3990.520000,3998.130000,3986.660000,3997.670000,10.2770
1782443700,3997.440000,3997.440000,3991.920000,3994.540000,0.9760
1782444600,3994.540000,4002.280000,3993.070000,3998.850000,2.7620
1782445500,3998.850000,4003.890000,3997.440000,4002.970000,20.2570
1782446400,4002.970000,4008.300000,3999.070000,4008.290000,4.1080
1782447300,4008.300000,4010.620000,4005.990000,4007.150000,0.5510
1782448200,4006.890000,4007.150000,4002.070000,4005.990000,1.1330
1782449100,4005.990000,4012.480000,4005.990000,4009.460000,2.3970
1782450000,4009.720000,4012.490000,4006.010000,4012.490000,3.0720
1782450900,4012.490000,4017.130000,4010.640000,4016.010000,3.4280
1782451800,4016.440000,4018.950000,4011.100000,4011.100000,2.7980
1782452700,4011.100000,4014.350000,4006.710000,4007.160000,2.9260
1782453600,4007.020000,4009.500000,4005.850000,4007.650000,1.1540
1782454500,4007.650000,4023.830000,4007.650000,4023.030000,0.7700
1782455400,4023.830000,4026.270000,4020.750000,4024.600000,1.0400
1782456300,4024.600000,4031.900000,4023.200000,4031.570000,1.3200
1782457200,4031.570000,4032.340000,4027.650000,4027.650000,3.4570
1782458100,4027.650000,4037.720000,4027.650000,4036.070000,1.2510
1782459000,4036.070000,4037.760000,4029.990000,4030.350000,0.9880
1782459900,4030.310000,4030.920000,4027.420000,4029.750000,1.6890
1782460800,4029.750000,4031.170000,4025.560000,4029.300000,3.2790
1782461700,4029.300000,4033.280000,4028.370000,4033.280000,0.6890
1782462600,4032.990000,4033.980000,4031.400000,4033.270000,1.4850
1782463500,4033.280000,4035.150000,4028.830000,4028.890000,1.0150
1782464400,4028.880000,4038.690000,4028.620000,4036.800000,3.4890
1782465300,4036.800000,4047.830000,4033.530000,4046.490000,10.2020
1782466200,4046.490000,4050.940000,4043.290000,4046.500000,8.7250
1782467100,4046.230000,4050.530000,4044.330000,4045.500000,3.2910
1782468000,4045.450000,4048.820000,4042.930000,4048.820000,2.0690
1782468900,4048.820000,4048.820000,4040.110000,4045.050000,0.9640
1782469800,4045.050000,4050.940000,4044.810000,4045.280000,2.0470
1782470700,4045.280000,4051.180000,4045.280000,4051.180000,2.9340
1782471600,4051.180000,4051.670000,4045.530000,4045.530000,2.4470
1782472500,4045.530000,4050.590000,4043.890000,4049.070000,4.6990
1782473400,4049.070000,4051.520000,4043.890000,4044.150000,1.7490
1782474300,4044.150000,4044.590000,4039.660000,4042.290000,8.5030
1782475200,4042.520000,4046.720000,4041.160000,4046.250000,4.1000
1782476100,4046.250000,4048.440000,4039.430000,4043.430000,1.2030
1782477000,4043.430000,4045.310000,4033.340000,4035.770000,1.6710
1782477900,4036.150000,4057.680000,4035.920000,4056.650000,11.8980
1782478800,4056.420000,4061.620000,4041.090000,4046.270000,10.1150
1782479700,4046.740000,4055.000000,4041.340000,4054.790000,24.0640
1782480600,4053.820000,4059.910000,4043.280000,4058.990000,17.3330
1782481500,4058.990000,4074.510000,4056.700000,4071.150000,20.1170
1782482400,4071.150000,4081.700000,4066.300000,4079.680000,21.0470
1782483300,4079.310000,4089.090000,4079.310000,4081.920000,8.9420
1782484200,4081.920000,4081.920000,4073.790000,4079.070000,6.3120
1782485100,4079.320000,4087.770000,4078.090000,4078.090000,8.0160
1782486000,4078.090000,4079.060000,4073.800000,4075.950000,7.4570
1782486900,4076.060000,4080.730000,4075.000000,4080.730000,4.8680
1782487800,4080.730000,4091.060000,4079.300000,4091.060000,4.0660
1782488700,4091.060000,4091.600000,4079.540000,4087.210000,19.6540
1782489600,4087.690000,4088.660000,4084.820000,4087.460000,6.4730
1782490500,4087.460000,4089.140000,4080.970000,4082.920000,4.9940
1782491400,4083.380000,4088.660000,4079.310000,4080.980000,11.0470
1782492300,4081.460000,4082.420000,4079.540000,4080.930000,12.1350
1782493200,4081.050000,4083.150000,4079.790000,4080.270000,3.1580
1782494100,4079.790000,4081.470000,4077.640000,4077.830000,1.6700
1782495000,4078.360000,4079.550000,4070.960000,4072.630000,1.3740
1782495900,4072.630000,4072.860000,4070.240000,4070.720000,0.6880
1782496800,4070.490000,4074.310000,4069.540000,4073.680000,1.5260
1782497700,4073.690000,4073.830000,4068.840000,4069.780000,2.7890
1782498600,4069.780000,4072.150000,4069.540000,4070.160000,0.7560
1782499500,4070.170000,4070.170000,4064.550000,4064.550000,0.9530
1782500400,4064.550000,4065.750000,4062.420000,4065.750000,1.0450
1782501300,4065.750000,4065.750000,4061.710000,4063.370000,1.3000
1782502200,4063.370000,4067.170000,4063.130000,4065.980000,0.8870
1782503100,4065.980000,4070.500000,4064.790000,4068.600000,0.9700
1782504000,4068.470000,4069.280000,4063.620000,4064.320000,1.2990
1782504900,4064.320000,4068.370000,4063.630000,4068.370000,0.7960
1782505800,4068.370000,4068.370000,4064.090000,4066.200000,2.2930
1782506700,4066.080000,4085.570000,4065.990000,4084.840000,4.7670
1782507600,4084.840000,4084.840000,4079.120000,4079.120000,3.3970
1782508500,4079.130000,4080.070000,4078.880000,4080.070000,1.1350
1782509400,4080.060000,4080.070000,4079.120000,4079.120000,3.1130
1782510300,4079.120000,4079.670000,4079.120000,4079.130000,1.1690
1782511200,4079.190000,4079.760000,4077.940000,4078.040000,0.6600
1782512100,4078.040000,4078.380000,4077.950000,4078.370000,0.8670
1782513000,4078.380000,4081.040000,4078.380000,4081.040000,1.4820
1782513900,4081.030000,4081.760000,4081.030000,4081.280000,0.8520
1782514800,4081.290000,4081.530000,4080.470000,4081.530000,1.0840
1782515700,4081.530000,4082.730000,4081.180000,4082.730000,0.8490
1782516600,4082.730000,4082.730000,4081.530000,4081.530000,0.5960
1782517500,4081.530000,4082.010000,4081.530000,4081.630000,0.9880
1782518400,4081.630000,4082.500000,4081.630000,4081.780000,1.4500
1782519300,4081.780000,4081.800000,4078.670000,4078.670000,0.9430
1782520200,4078.670000,4079.150000,4077.710000,4077.710000,0.6960
1782521100,4077.710000,4077.770000,4077.710000,4077.710000,0.4400
1782522000,4077.720000,4078.680000,4077.710000,4078.680000,0.5780
1782522900,4078.680000,4079.160000,4078.510000,4079.160000,1.1040
1782523800,4079.160000,4081.310000,4078.920000,4081.310000,0.9290
1782524700,4081.310000,4081.310000,4080.830000,4080.830000,0.9900
1782525600,4080.830000,4080.840000,4080.380000,4080.380000,0.4180
1782526500,4080.600000,4081.280000,4080.360000,4081.250000,0.4320
1782527400,4081.050000,4081.250000,4080.120000,4080.480000,0.6400
1782528300,4080.370000,4080.430000,4079.410000,4079.410000,0.8370
1782529200,4079.520000,4082.040000,4079.180000,4081.090000,36.0670
1782530100,4081.090000,4081.090000,4080.610000,4080.610000,0.8190
1782531000,4080.610000,4081.330000,4080.610000,4081.310000,0.5590
1782531900,4081.330000,4081.330000,4080.610000,4080.610000,0.3930
1782532800,4080.780000,4081.580000,4080.610000,4081.580000,0.4980
1782533700,4081.580000,4082.300000,4081.580000,4082.300000,0.2310
1782534600,4082.300000,4082.540000,4082.060000,4082.060000,0.6090
1782535500,4082.060000,4082.060000,4078.950000,4078.950000,1.3550
1782536400,4078.960000,4079.680000,4078.720000,4079.680000,0.4790
1782537300,4079.560000,4079.680000,4079.200000,4079.200000,0.6940
1782538200,4079.200000,4079.200000,4078.730000,4079.070000,0.3030
1782539100,4078.720000,4079.180000,4078.480000,4079.070000,0.8230
1782540000,4078.750000,4079.110000,4078.750000,4078.910000,0.4160
1782540900,4078.910000,4079.240000,4078.910000,4079.240000,0.2490
1782541800,4079.240000,4081.830000,4079.240000,4081.830000,0.8470
1782542700,4081.640000,4081.640000,4080.240000,4080.240000,0.4020
1782543600,4081.760000,4081.760000,4081.340000,4081.340000,0.3700
1782544500,4081.070000,4081.370000,4081.070000,4081.370000,0.1530
1782545400,4081.610000,4081.810000,4081.610000,4081.640000,0.0170
1782546300,4081.370000,4081.370000,4079.950000,4079.950000,0.0410
1782547200,4080.410000,4080.410000,4080.400000,4080.410000,0.4130
1782548100,4080.900000,4080.900000,4080.900000,4080.900000,0.0790
1782549000,4080.870000,4080.870000,4080.660000,4080.860000,0.2610
1782549900,4080.430000,4080.840000,4080.430000,4080.690000,0.5690
1782550800,4080.660000,4080.660000,4080.640000,4080.640000,0.2600
1782551700,4080.820000,4080.880000,4080.780000,4080.870000,0.7140
1782552600,4080.670000,4080.670000,4080.650000,4080.650000,0.2460
1782553500,4080.430000,4080.440000,4080.290000,4080.290000,0.0110
1782554400,4080.430000,4080.430000,4080.430000,4080.430000,0.7320
1782555300,4080.840000,4080.840000,4080.840000,4080.840000,0.2440
1782556200,4080.840000,4080.840000,4080.840000,4080.840000,0.0000
1782557100,4081.040000,4081.040000,4080.680000,4080.680000,0.0320
1782558000,4080.900000,4080.900000,4080.690000,4080.690000,0.0090
1782558900,4080.450000,4080.450000,4079.500000,4079.500000,0.0150
1782559800,4079.740000,4079.980000,4079.670000,4079.970000,0.2960
1782560700,4079.980000,4080.920000,4079.980000,4080.920000,0.5050
1782561600,4080.940000,4080.940000,4080.650000,4080.650000,0.4920
1782562500,4080.460000,4080.460000,4080.130000,4080.130000,0.8330
1782563400,4080.130000,4080.130000,4080.130000,4080.130000,0.0000
1782564300,4079.990000,4079.990000,4078.460000,4078.460000,0.0230
1782565200,4078.670000,4078.670000,4078.480000,4078.580000,0.5070
1782566100,4078.640000,4078.640000,4078.330000,4078.330000,0.2490
1782567000,4078.100000,4079.520000,4078.100000,4079.520000,0.2950
1782567900,4079.750000,4079.760000,4079.750000,4079.760000,0.0380
1782568800,4079.950000,4080.650000,4079.950000,4080.260000,0.0410
1782569700,4080.250000,4080.250000,4079.770000,4079.770000,0.0120
1782570600,4080.010000,4080.040000,4079.060000,4079.060000,0.1710
1782571500,4079.060000,4079.060000,4079.060000,4079.060000,0.0000
1782572400,4079.050000,4080.020000,4078.600000,4080.020000,0.4300
1782573300,4080.180000,4081.000000,4080.020000,4080.020000,0.2600
1782574200,4080.260000,4080.500000,4080.260000,4080.500000,0.0050
1782575100,4080.600000,4080.600000,4079.760000,4079.760000,0.0820
1782576000,4079.760000,4079.760000,4079.760000,4079.760000,0.0000
1782576900,4079.760000,4079.760000,4079.760000,4079.760000,0.0000
1782577800,4080.190000,4081.100000,4080.190000,4080.950000,0.5550
1782578700,4080.590000,4080.590000,4080.530000,4080.530000,0.2930
1782579600,4081.310000,4081.310000,4077.240000,4079.070000,0.5900
1782580500,4078.030000,4078.030000,4073.910000,4074.820000,0.2200
1782581400,4074.620000,4075.030000,4074.530000,4075.030000,0.3020
1782582300,4075.630000,4076.310000,4075.630000,4076.310000,0.0190
1782583200,4076.130000,4076.590000,4076.130000,4076.590000,0.2600
1782584100,4076.110000,4076.110000,4076.110000,4076.110000,0.0050
1782585000,4075.580000,4075.580000,4075.580000,4075.580000,0.4900
1782585900,4075.530000,4075.530000,4075.520000,4075.520000,0.2500
1782586800,4075.220000,4076.190000,4075.220000,4076.190000,0.1310
1782587700,4075.410000,4075.410000,4073.650000,4075.310000,0.0750
1782588600,4074.230000,4074.230000,4072.250000,4072.260000,0.0380
1782589500,4071.840000,4072.420000,4071.840000,4072.420000,0.1520
1782590400,4073.690000,4074.080000,4073.690000,4074.080000,1.2350
1782591300,4074.110000,4075.680000,4074.110000,4075.220000,0.2650
1782592200,4075.220000,4075.220000,4075.220000,4075.220000,0.0000
1782593100,4075.690000,4075.690000,4074.690000,4074.690000,0.3550
1782594000,4075.590000,4076.380000,4075.590000,4075.790000,0.4380
1782594900,4075.260000,4076.980000,4075.260000,4076.980000,0.2100
1782595800,4077.490000,4079.360000,4077.490000,4077.570000,0.0480
1782596700,4076.980000,4076.980000,4075.710000,4075.710000,0.2710
1782597600,4075.320000,4076.130000,4075.320000,4075.870000,0.0250
1782598500,4075.090000,4075.090000,4073.900000,4074.750000,0.2910
1782599400,4075.090000,4075.090000,4075.090000,4075.090000,0.0050
1782600300,4075.680000,4076.190000,4075.680000,4076.190000,0.0140
1782601200,4076.760000,4076.760000,4075.570000,4075.570000,0.0150
1782602100,4075.250000,4075.250000,4073.190000,4073.190000,1.2590
1782603000,4073.320000,4074.430000,4073.320000,4074.430000,0.2550
1782603900,4074.980000,4074.980000,4074.980000,4074.980000,0.0050
1782604800,4076.060000,4077.840000,4075.900000,4077.840000,0.9820
1782605700,4078.410000,4078.430000,4077.770000,4077.770000,0.6010
1782606600,4078.230000,4078.230000,4076.680000,4076.680000,0.0900
1782607500,4076.650000,4077.250000,4076.650000,4077.250000,0.0060
1782608400,4077.830000,4077.830000,4077.810000,4077.810000,0.0350
1782609300,4077.810000,4077.810000,4077.810000,4077.810000,0.0000
1782610200,4078.180000,4078.180000,4077.900000,4077.900000,0.0020
1782611100,4077.900000,4077.900000,4077.900000,4077.900000,0.0000
1782612000,4077.950000,4078.050000,4077.940000,4078.050000,0.2790
1782612900,4078.630000,4078.630000,4077.630000,4077.630000,0.0250
1782613800,4077.630000,4077.870000,4077.630000,4077.760000,0.0080
1782614700,4077.760000,4077.760000,4077.760000,4077.760000,0.0000
1782615600,4078.290000,4078.320000,4078.150000,4078.320000,0.2710
1782616500,4078.160000,4078.160000,4078.150000,4078.150000,0.2450
1782617400,4078.140000,4078.140000,4075.560000,4075.820000,0.7010
1782618300,4075.620000,4075.620000,4075.390000,4075.390000,0.2470
1782619200,4075.690000,4076.810000,4075.690000,4076.810000,0.5360
1782620100,4076.810000,4076.810000,4076.810000,4076.810000,0.0000
1782621000,4076.950000,4076.950000,4076.940000,4076.940000,0.1570
1782621900,4077.130000,4077.130000,4077.130000,4077.130000,0.7350
1782622800,4077.130000,4077.130000,4077.030000,4077.050000,0.8980
1782623700,4077.630000,4077.690000,4074.790000,4074.800000,5.4080
1782624600,4075.340000,4075.520000,4075.340000,4075.520000,0.3050
1782625500,4075.880000,4077.300000,4075.880000,4077.300000,0.1460
1782626400,4078.380000,4078.380000,4078.380000,4078.380000,0.0050
1782627300,4077.790000,4077.790000,4077.580000,4077.580000,0.2480
1782628200,4077.360000,4077.380000,4077.350000,4077.350000,0.1960
1782629100,4077.190000,4077.190000,4074.230000,4074.230000,0.3570
1782630000,4074.230000,4074.230000,4074.230000,4074.230000,0.0000
1782630900,4074.220000,4076.490000,4073.890000,4075.300000,1.0720
1782631800,4074.720000,4075.230000,4074.720000,4075.230000,0.1520
1782632700,4074.870000,4074.870000,4074.720000,4074.720000,0.0240
1782633600,4074.720000,4074.720000,4074.720000,4074.720000,0.0000
1782634500,4074.750000,4075.810000,4074.750000,4075.500000,2.1400
1782635400,4075.500000,4075.510000,4075.500000,4075.510000,0.1470
1782636300,4076.380000,4077.260000,4076.380000,4077.260000,0.4050
1782637200,4077.380000,4077.380000,4077.200000,4077.250000,0.2220
1782638100,4077.250000,4077.250000,4076.880000,4076.880000,0.5220
1782639000,4077.030000,4077.030000,4077.030000,4077.030000,0.0100
1782639900,4077.090000,4077.130000,4077.090000,4077.130000,0.0510
1782640800,4077.450000,4077.790000,4077.450000,4077.790000,0.2680
1782641700,4077.430000,4077.430000,4077.350000,4077.350000,0.2520
1782642600,4076.760000,4076.760000,4076.760000,4076.760000,0.0110
1782643500,4076.160000,4076.160000,4075.570000,4075.570000,0.0180
1782644400,4075.180000,4075.180000,4075.180000,4075.180000,0.0040
1782645300,4074.870000,4075.970000,4074.280000,4075.970000,0.6740
1782646200,4075.020000,4075.160000,4075.020000,4075.160000,0.1620
1782647100,4075.160000,4075.160000,4075.160000,4075.160000,0.0000
1782648000,4075.170000,4075.990000,4075.170000,4075.990000,0.3520
1782648900,4076.190000,4077.140000,4076.190000,4077.140000,0.0450
1782649800,4077.270000,4077.270000,4076.400000,4076.400000,0.0100
1782650700,4076.840000,4076.860000,4076.840000,4076.860000,0.4900
1782651600,4076.470000,4076.470000,4075.270000,4075.270000,0.1370
1782652500,4075.370000,4075.380000,4075.370000,4075.380000,0.2450
1782653400,4075.260000,4075.260000,4075.260000,4075.260000,0.0030
1782654300,4075.260000,4076.250000,4075.260000,4076.250000,1.2370
1782655200,4076.510000,4076.530000,4076.050000,4076.340000,1.9100
1782656100,4075.730000,4075.730000,4075.370000,4075.370000,0.2280
1782657000,4075.140000,4075.140000,4074.540000,4074.540000,0.0240
1782657900,4073.950000,4073.950000,4073.950000,4073.950000,0.0080
1782658800,4073.370000,4073.750000,4073.370000,4073.370000,0.4150
1782659700,4073.370000,4073.370000,4073.370000,4073.370000,0.0000
1782660600,4073.380000,4073.380000,4073.380000,4073.380000,0.0980
1782661500,4074.560000,4074.560000,4074.560000,4074.560000,0.0050
1782662400,4074.330000,4074.330000,4074.330000,4074.330000,0.0060
1782663300,4074.330000,4074.330000,4074.330000,4074.330000,0.0000
1782664200,4073.730000,4073.730000,4073.150000,4073.150000,0.1570
1782665100,4073.150000,4073.150000,4073.150000,4073.150000,0.0000
1782666000,4073.500000,4073.780000,4072.440000,4073.030000,1.0100
1782666900,4072.440000,4073.630000,4071.270000,4073.630000,0.9120
1782667800,4073.520000,4073.580000,4072.100000,4072.650000,1.4120
1782668700,4073.030000,4074.490000,4072.620000,4074.490000,0.3000
1782669600,4074.390000,4075.350000,4074.120000,4075.350000,1.3330
1782670500,4075.350000,4075.570000,4075.350000,4075.350000,0.0480
1782671400,4075.040000,4075.040000,4075.030000,4075.030000,0.0080
1782672300,4074.720000,4074.790000,4074.720000,4074.790000,0.0830
1782673200,4074.710000,4074.730000,4074.710000,4074.730000,0.0260
1782674100,4074.740000,4074.740000,4074.740000,4074.740000,0.0030
1782675000,4075.190000,4075.190000,4074.500000,4074.500000,0.2820
1782675900,4074.000000,4074.000000,4072.930000,4074.000000,0.0240
1782676800,4074.950000,4075.680000,4074.950000,4075.670000,1.1820
1782677700,4075.680000,4076.860000,4075.680000,4076.860000,0.0140
1782678600,4077.430000,4077.910000,4077.430000,4077.870000,0.9270
1782679500,4077.710000,4078.530000,4077.560000,4078.090000,0.7220
1782680400,4077.800000,4078.070000,4077.350000,4077.350000,0.0290
1782681300,4076.770000,4078.540000,4076.770000,4078.540000,0.4970
1782682200,4078.540000,4078.540000,4078.540000,4078.540000,0.0000
1782683100,4077.950000,4077.950000,4073.790000,4075.690000,0.2010
1782684000,4075.850000,4084.020000,4066.580000,4066.580000,36.5810
1782684900,4065.990000,4065.990000,4051.250000,4055.390000,3.5010
1782685800,4055.030000,4060.680000,4054.200000,4060.090000,0.7140
1782686700,4060.680000,4064.640000,4058.900000,4061.590000,1.8260
1782687600,4062.930000,4065.880000,4062.370000,4062.930000,0.1780
1782688500,4062.340000,4062.340000,4053.050000,4054.110000,1.2790
1782689400,4053.520000,4058.810000,4050.000000,4058.260000,0.7550
1782690300,4058.810000,4061.160000,4058.810000,4059.990000,0.2110
1782691200,4059.880000,4060.470000,4052.830000,4055.180000,0.3270
1782692100,4055.750000,4056.940000,4045.590000,4045.590000,0.6680
1782693000,4046.390000,4064.640000,4046.390000,4064.450000,1.9420
1782693900,4064.010000,4069.320000,4060.010000,4066.960000,1.1850
1782694800,4066.850000,4069.820000,4052.730000,4052.730000,1.6040
1782695700,4053.310000,4061.550000,4053.310000,4057.380000,1.4390
1782696600,4056.840000,4061.550000,4053.890000,4059.780000,0.4530
1782697500,4059.190000,4059.190000,4053.040000,4058.110000,0.5250
1782698400,4057.810000,4065.570000,4057.320000,4058.490000,0.8870
1782699300,4059.080000,4065.610000,4059.080000,4065.610000,0.5400
1782700200,4066.150000,4067.330000,4056.680000,4057.320000,0.4800
1782701100,4057.910000,4064.970000,4057.280000,4063.200000,0.3360
1782702000,4063.100000,4066.960000,4063.100000,4066.960000,0.4300
1782702900,4067.230000,4071.380000,4066.050000,4069.590000,0.2010
1782703800,4069.000000,4069.000000,4063.080000,4064.870000,0.2560
1782704700,4064.280000,4067.940000,4063.680000,4065.470000,1.0330
1782705600,4066.000000,4066.000000,4062.300000,4062.300000,0.2610
1782706500,4061.810000,4062.400000,4060.260000,4062.400000,0.1330
1782707400,4061.810000,4061.810000,4051.820000,4053.590000,0.1720
1782708300,4054.170000,4054.760000,4048.390000,4048.390000,0.2630
1782709200,4049.970000,4052.910000,4046.330000,4051.720000,0.6410
1782710100,4052.310000,4052.310000,4045.590000,4045.590000,0.3630
1782711000,4045.700000,4048.720000,4038.280000,4047.800000,2.2870
1782711900,4048.800000,4052.900000,4045.870000,4052.310000,0.1160
1782712800,4052.060000,4058.660000,4051.780000,4055.140000,0.7120
1782713700,4055.720000,4059.080000,4053.980000,4057.350000,0.5810
1782714600,4056.900000,4057.490000,4052.790000,4057.490000,1.3540
1782715500,4058.070000,4060.440000,4058.070000,4059.930000,0.0700
1782716400,4059.250000,4059.250000,4053.840000,4054.450000,0.5320
1782717300,4055.030000,4061.510000,4055.030000,4061.510000,0.1700
1782718200,4060.910000,4060.910000,4057.940000,4058.460000,0.5580
1782719100,4057.970000,4063.840000,4057.960000,4058.550000,0.9010
1782720000,4059.090000,4061.390000,4058.430000,4059.900000,1.0790
1782720900,4060.030000,4060.220000,4057.280000,4057.860000,0.6650
1782721800,4058.450000,4061.740000,4052.580000,4052.580000,0.5310
1782722700,4052.510000,4053.390000,4042.640000,4044.980000,2.0430
1782723600,4044.410000,4051.310000,4043.140000,4046.050000,0.4350
1782724500,4046.630000,4049.410000,4043.710000,4044.290000,0.3480
1782725400,4044.490000,4046.050000,4039.630000,4040.800000,0.4310
1782726300,4040.660000,4040.800000,4024.550000,4028.610000,1.0460
1782727200,4029.600000,4036.040000,4026.740000,4035.880000,0.3120
1782728100,4035.460000,4036.180000,4031.860000,4036.180000,0.3720
1782729000,4035.460000,4035.460000,4030.800000,4033.360000,0.6940
1782729900,4032.560000,4034.960000,4031.400000,4033.730000,0.3120
1782730800,4034.880000,4035.370000,4031.230000,4031.620000,0.8050
1782731700,4031.880000,4032.710000,4026.150000,4028.980000,2.2010
1782732600,4029.560000,4034.580000,4028.400000,4032.460000,0.8170
1782733500,4033.040000,4039.430000,4033.040000,4038.750000,0.7940
1782734400,4038.930000,4048.350000,4038.930000,4045.740000,0.5520
1782735300,4046.330000,4046.390000,4036.370000,4037.370000,0.5390
1782736200,4037.580000,4043.980000,4037.580000,4041.650000,2.5780
1782737100,4042.240000,4044.000000,4041.070000,4041.650000,0.3640
1782738000,4041.310000,4047.390000,4041.310000,4046.170000,0.5370
1782738900,4045.770000,4047.240000,4038.060000,4038.060000,1.0960
1782739800,4037.880000,4041.550000,4033.400000,4036.900000,0.3520
1782740700,4036.720000,4036.720000,4027.300000,4029.270000,0.4850
1782741600,4029.260000,4032.150000,4007.950000,4009.100000,0.9160
1782742500,4008.530000,4025.270000,3999.000000,4022.320000,7.1440
1782743400,4022.900000,4024.680000,4018.100000,4018.100000,0.2470
1782744300,4018.870000,4026.940000,4015.800000,4022.320000,3.7270
1782745200,4022.800000,4022.800000,4018.190000,4018.770000,0.3460
1782746100,4019.340000,4023.960000,4014.980000,4021.080000,0.4620
1782747000,4021.650000,4023.220000,4016.470000,4020.750000,0.1950
1782747900,4021.070000,4027.420000,4021.070000,4025.690000,0.4560
1782748800,4025.120000,4025.590000,4023.280000,4023.280000,0.9130
1782749700,4022.700000,4024.300000,4021.550000,4022.130000,0.2980
1782750600,4021.550000,4021.550000,4016.810000,4018.090000,0.5060
1782751500,4018.250000,4024.430000,4018.250000,4021.960000,0.3990
1782752400,4021.980000,4029.210000,4021.110000,4026.070000,1.8370
1782753300,4027.220000,4029.200000,4021.750000,4021.750000,2.2370
1782754200,4022.240000,4022.240000,4019.260000,4021.420000,0.4820
1782755100,4020.880000,4020.880000,4019.720000,4019.720000,0.4990
1782756000,4020.780000,4022.280000,4020.780000,4022.280000,0.0200
1782756900,4022.510000,4023.080000,4020.780000,4020.780000,0.2040
1782757800,4020.200000,4020.210000,4019.050000,4019.050000,0.1210
1782758700,4018.480000,4018.480000,4012.150000,4012.150000,0.4600
1782759600,4012.070000,4012.070000,4008.500000,4008.500000,0.4580
1782760500,4008.050000,4014.940000,4006.330000,4014.940000,0.2210
1782761400,4015.500000,4017.240000,4015.500000,4016.080000,0.0590
1782762300,4016.650000,4016.650000,4012.920000,4015.500000,0.3330
1782763200,4015.220000,4015.220000,4013.110000,4013.760000,0.3420
1782764100,4014.160000,4017.340000,4014.160000,4017.220000,1.3750
1782765000,4016.550000,4016.550000,4014.620000,4014.620000,0.0910
1782765900,4015.190000,4015.980000,4015.190000,4015.980000,0.0120
1782766800,4016.540000,4017.220000,4015.320000,4017.220000,1.6920
1782767700,4016.760000,4017.010000,4016.760000,4017.010000,0.1650
1782768600,4016.460000,4020.000000,4016.460000,4020.000000,0.3230
1782769500,4020.460000,4020.460000,4018.750000,4018.750000,0.2640
1782770400,4019.050000,4019.810000,4016.350000,4016.580000,0.8200
1782771300,4016.820000,4017.610000,4014.630000,4014.630000,0.3090
1782772200,4014.060000,4014.060000,4009.790000,4009.790000,0.3980
1782773100,4009.470000,4014.370000,4009.460000,4012.910000,0.2300
1782774000,4013.960000,4018.820000,4013.960000,4017.990000,0.1400
1782774900,4018.940000,4019.700000,4014.550000,4014.550000,0.5800
1782775800,4014.540000,4018.770000,4012.780000,4013.650000,0.5060
1782776700,4013.550000,4015.110000,4013.150000,4013.750000,0.8370
1782777600,4013.290000,4013.290000,4003.830000,4009.280000,1.7980
1782778500,4008.710000,4008.710000,4003.560000,4003.560000,0.2240
1782779400,4003.760000,4003.760000,3990.570000,3991.050000,2.4900
1782780300,3990.560000,3992.180000,3980.000000,3985.910000,9.7450
1782781200,3986.090000,3986.090000,3946.360000,3958.330000,14.7590
1782782100,3958.470000,3979.310000,3951.640000,3979.310000,2.0940
1782783000,3978.510000,3978.510000,3966.710000,3968.240000,1.5020
1782783900,3968.850000,3971.770000,3962.800000,3967.830000,4.3040
1782784800,3968.680000,3971.670000,3954.350000,3958.800000,6.4290
1782785700,3959.080000,3964.910000,3957.680000,3963.830000,9.0490
1782786600,3963.270000,3963.640000,3956.550000,3959.910000,7.3980
1782787500,3960.470000,3969.440000,3960.470000,3963.830000,0.7660
1782788400,3964.860000,3969.330000,3964.860000,3967.660000,0.8950
1782789300,3968.220000,3971.020000,3965.410000,3965.420000,2.1120
1782790200,3965.970000,3966.530000,3962.060000,3964.560000,1.4730
1782791100,3965.420000,3970.470000,3965.420000,3970.470000,2.2330
1782792000,3970.090000,3973.750000,3969.920000,3972.780000,3.9060
1782792900,3973.180000,3982.190000,3973.180000,3982.190000,2.3380
1782793800,3982.670000,3998.120000,3982.670000,3989.170000,3.8200
1782794700,3988.970000,3990.660000,3985.580000,3987.280000,4.1550
1782795600,3987.290000,3990.020000,3985.880000,3986.400000,1.4970
1782796500,3985.480000,3985.660000,3980.410000,3982.100000,2.5320
1782797400,3982.340000,3983.210000,3977.550000,3980.400000,1.7040
1782798300,3979.920000,3980.960000,3977.110000,3979.050000,1.5140
1782799200,3979.530000,3987.650000,3979.530000,3987.650000,0.7510
1782800100,3987.720000,4013.270000,3985.960000,4013.070000,4.5900
1782801000,4013.280000,4031.900000,4012.710000,4024.200000,10.0450
1782801900,4024.780000,4032.280000,4024.780000,4030.540000,3.2800
1782802800,4029.390000,4029.390000,4024.670000,4024.840000,3.5390
1782803700,4025.260000,4032.750000,4025.260000,4028.140000,3.8950
1782804600,4027.560000,4029.720000,4025.690000,4027.000000,1.9290
1782805500,4027.200000,4029.870000,4025.260000,4029.870000,0.5030
1782806400,4030.290000,4034.400000,4022.280000,4022.330000,1.4150
1782807300,4022.630000,4022.850000,4018.820000,4022.850000,1.1970
1782808200,4023.430000,4023.990000,4015.800000,4015.800000,0.6180
1782809100,4016.500000,4016.640000,4013.660000,4014.270000,14.6700
1782810000,4014.660000,4019.260000,4014.660000,4017.570000,1.7500
1782810900,4017.180000,4020.440000,4015.750000,4015.750000,0.1800
1782811800,4015.470000,4016.430000,4011.280000,4015.860000,2.9130
1782812700,4016.430000,4021.600000,4016.430000,4021.600000,0.5890
1782813600,4022.180000,4024.380000,4022.060000,4024.380000,0.3990
1782814500,4024.960000,4026.110000,4024.380000,4026.110000,0.6000
1782815400,4026.680000,4027.260000,4024.300000,4027.260000,2.7310
1782816300,4027.230000,4029.840000,4026.210000,4029.840000,0.5760
1782817200,4029.000000,4030.630000,4025.440000,4030.630000,0.1860
1782818100,4031.210000,4031.900000,4029.560000,4031.210000,1.5510
1782819000,4031.720000,4032.360000,4027.750000,4032.360000,0.9130
1782819900,4032.520000,4034.100000,4029.220000,4031.840000,0.6120
1782820800,4031.220000,4031.680000,4024.770000,4025.550000,0.5320
1782821700,4025.870000,4026.370000,4015.560000,4015.560000,2.1530
1782822600,4015.030000,4019.810000,4011.850000,4017.850000,4.1610
1782823500,4016.710000,4016.710000,4008.710000,4009.840000,2.6100
1782824400,4010.890000,4024.560000,4010.890000,4022.810000,1.7710
1782825300,4022.360000,4031.580000,4019.490000,4021.780000,0.4640
1782826200,4022.360000,4025.810000,4012.030000,4024.550000,2.4970
1782827100,4024.510000,4031.010000,4022.350000,4028.120000,0.7900
1782828000,4026.400000,4047.120000,4025.240000,4041.910000,2.1940
1782828900,4041.850000,4060.570000,4041.850000,4052.980000,11.7480
1782829800,4052.390000,4055.340000,4043.080000,4049.480000,1.9870
1782830700,4048.890000,4048.890000,4037.270000,4037.270000,1.0740
1782831600,4036.690000,4037.170000,4032.550000,4034.120000,0.4330
1782832500,4033.700000,4033.700000,4022.700000,4029.040000,0.2890
1782833400,4028.090000,4030.110000,4026.780000,4028.670000,5.2910
1782834300,4029.070000,4033.390000,4029.070000,4029.070000,0.2130
1782835200,4028.500000,4028.500000,4026.090000,4028.330000,0.1020
1782836100,4028.400000,4028.980000,4027.240000,4028.040000,0.4650
1782837000,4028.010000,4029.190000,4027.000000,4029.190000,0.6540
1782837900,4029.550000,4031.280000,4026.090000,4026.090000,0.1360
1782838800,4025.530000,4025.530000,4020.230000,4020.820000,0.4700
1782839700,4020.820000,4024.280000,4020.240000,4023.120000,1.4460
1782840600,4023.690000,4025.990000,4023.690000,4025.990000,0.1320
1782841500,4026.510000,4028.880000,4026.510000,4028.880000,0.2700
1782842400,4029.930000,4031.080000,4029.930000,4030.510000,0.0990
1782843300,4029.930000,4029.930000,4029.360000,4029.360000,0.2560
1782844200,4029.350000,4029.350000,4026.500000,4028.200000,1.8900
1782845100,4028.780000,4029.930000,4027.620000,4027.620000,0.3590
1782846000,4027.120000,4027.120000,4023.490000,4023.490000,0.0550
1782846900,4022.920000,4022.920000,4020.040000,4020.040000,0.8180
1782847800,4020.000000,4020.030000,4019.210000,4019.890000,2.3460
1782848700,4019.890000,4020.010000,4014.880000,4014.880000,0.4500
1782849600,4014.790000,4018.800000,4014.180000,4018.800000,3.3210
1782850500,4018.270000,4018.270000,4012.500000,4012.500000,0.3790
1782851400,4011.930000,4011.930000,4009.800000,4009.800000,0.0400
1782852300,4010.300000,4010.300000,4007.360000,4007.360000,0.3020
1782853200,4006.910000,4009.430000,4006.050000,4006.050000,6.2920
1782854100,4005.930000,4009.480000,4005.560000,4009.470000,2.5020
1782855000,4009.470000,4010.810000,4009.470000,4010.810000,0.4970
1782855900,4010.110000,4011.250000,4009.430000,4011.250000,0.3560
1782856800,4011.250000,4014.370000,4010.000000,4013.450000,1.3370
1782857700,4012.890000,4012.890000,4011.170000,4011.670000,0.3060
1782858600,4012.220000,4014.970000,4012.220000,4014.260000,0.2990
1782859500,4014.020000,4014.020000,4010.600000,4010.600000,0.3820
1782860400,4010.970000,4015.520000,4010.180000,4013.920000,0.5070
1782861300,4013.860000,4013.860000,4007.650000,4009.350000,1.6230
1782862200,4009.920000,4009.920000,4007.650000,4007.850000,0.4140
1782863100,4007.640000,4007.640000,4005.210000,4005.360000,0.1980
1782864000,4004.800000,4007.540000,4004.130000,4007.540000,0.5670
1782864900,4006.970000,4006.970000,4000.630000,4000.630000,1.1420
1782865800,4000.150000,4003.540000,3995.550000,3995.550000,0.6790
1782866700,3995.030000,3996.740000,3993.130000,3995.600000,0.1360
1782867600,3995.030000,3997.210000,3978.010000,3981.950000,1.6070
1782868500,3981.390000,3984.440000,3975.450000,3984.440000,2.0620
1782869400,3984.770000,3987.580000,3976.660000,3979.690000,0.9690
1782870300,3979.690000,3981.380000,3975.310000,3977.880000,0.7650
1782871200,3979.080000,3979.600000,3971.200000,3976.240000,0.3860
1782872100,3976.800000,3981.570000,3976.800000,3981.570000,0.1400
1782873000,3980.730000,3984.660000,3980.170000,3981.950000,0.2090
1782873900,3982.420000,3984.760000,3980.110000,3980.110000,0.5040
1782874800,3980.460000,3985.150000,3980.450000,3985.150000,0.1240
1782875700,3985.130000,3986.830000,3981.770000,3981.770000,0.3670
1782876600,3981.200000,3982.320000,3978.380000,3978.950000,0.3870
1782877500,3979.470000,3979.520000,3978.390000,3979.520000,0.2660
1782878400,3980.080000,3981.110000,3976.060000,3976.620000,15.4300
1782879300,3977.170000,3978.850000,3976.060000,3978.850000,0.8400
1782880200,3978.850000,3980.540000,3974.770000,3974.950000,18.9620
1782881100,3975.500000,3982.410000,3975.500000,3978.470000,1.5000
1782882000,3978.680000,3978.760000,3972.500000,3973.160000,4.9180
1782882900,3973.640000,3976.520000,3973.050000,3976.240000,1.8010
1782883800,3975.400000,3978.770000,3973.720000,3976.530000,1.3360
1782884700,3977.080000,3979.410000,3976.840000,3977.650000,1.4430
1782885600,3977.090000,3977.360000,3965.700000,3965.700000,1.4100
1782886500,3965.740000,3970.270000,3964.700000,3969.150000,0.3240
1782887400,3968.600000,3973.070000,3965.990000,3973.070000,0.1340
1782888300,3972.510000,3973.620000,3970.830000,3973.620000,0.1330
1782889200,3973.380000,3973.380000,3961.810000,3962.370000,0.6800
1782890100,3961.810000,3970.730000,3961.810000,3965.170000,0.8930
1782891000,3965.160000,3969.070000,3961.700000,3969.070000,2.1850
1782891900,3969.620000,3976.140000,3969.620000,3975.000000,17.8380
1782892800,3975.130000,3975.130000,3970.590000,3972.890000,0.1070
1782893700,3973.450000,3981.580000,3973.450000,3979.620000,3.3890
1782894600,3979.060000,3979.060000,3973.450000,3977.830000,0.4100
1782895500,3976.820000,3976.820000,3972.890000,3973.450000,0.3240
1782896400,3973.970000,3976.150000,3973.390000,3975.860000,1.0800
1782897300,3976.160000,3978.960000,3976.160000,3977.820000,0.2670
1782898200,3978.110000,3980.090000,3978.110000,3979.530000,0.6450
1782899100,3980.090000,3985.080000,3980.090000,3984.130000,0.5730
1782900000,3985.060000,3987.880000,3983.380000,3983.380000,0.0740
1782900900,3983.450000,3984.500000,3981.690000,3984.500000,0.0640
1782901800,3985.060000,3991.270000,3985.060000,3986.190000,0.1430
1782902700,3986.760000,3995.800000,3986.760000,3995.800000,0.1510
1782903600,3995.810000,4016.190000,3995.810000,4015.050000,0.5930
1782904500,4014.480000,4025.000000,4014.300000,4025.000000,1.3160
1782905400,4024.590000,4028.240000,4021.820000,4027.660000,0.7350
1782906300,4027.560000,4031.900000,4027.090000,4028.240000,15.6410
1782907200,4027.900000,4030.660000,4018.100000,4018.100000,1.0370
1782908100,4018.950000,4026.990000,4018.950000,4024.120000,1.0590
1782909000,4024.690000,4028.710000,4021.820000,4023.480000,1.1740
1782909900,4024.120000,4025.260000,4021.280000,4021.280000,2.3980
1782910800,4021.780000,4023.320000,4011.970000,4019.120000,0.7580
1782911700,4019.430000,4044.200000,4019.430000,4043.050000,2.3690
1782912600,4041.890000,4093.520000,4039.850000,4093.520000,40.6530
1782913500,4094.010000,4103.530000,4082.260000,4084.620000,26.0210
1782914400,4085.220000,4096.150000,4078.760000,4089.370000,12.0430
1782915300,4088.890000,4102.940000,4086.430000,4096.460000,9.1400
1782916200,4096.550000,4110.710000,4089.240000,4089.240000,6.6790
1782917100,4088.930000,4089.850000,4083.340000,4088.570000,1.1150
1782918000,4088.550000,4088.550000,4079.130000,4080.860000,38.7080
1782918900,4081.450000,4086.820000,4076.730000,4080.280000,2.6050
1782919800,4080.160000,4080.160000,4074.380000,4077.550000,1.6670
1782920700,4078.500000,4083.020000,4076.950000,4076.950000,3.4700
1782921600,4078.840000,4083.380000,4078.840000,4079.840000,1.8400
1782922500,4080.050000,4080.050000,4077.220000,4078.390000,0.8390
1782923400,4077.920000,4077.920000,4069.570000,4069.570000,1.2340
1782924300,4070.160000,4070.550000,4066.640000,4066.640000,2.5450
1782925200,4066.150000,4068.290000,4064.870000,4066.030000,1.5890
1782926100,4066.530000,4066.530000,4064.130000,4064.190000,2.7080
1782927000,4064.770000,4067.120000,4064.770000,4067.120000,0.9210
1782927900,4066.930000,4067.690000,4064.770000,4064.800000,0.4090
1782928800,4065.020000,4065.250000,4063.830000,4065.250000,1.1960
1782929700,4064.670000,4064.670000,4058.820000,4058.820000,0.2670
1782930600,4058.250000,4061.160000,4058.250000,4058.820000,0.1410
1782931500,4058.240000,4058.240000,4055.540000,4058.240000,0.6950
1782932400,4058.240000,4063.120000,4058.240000,4062.690000,0.7110
1782933300,4062.190000,4062.190000,4054.700000,4054.960000,0.3210
1782934200,4054.640000,4054.640000,4050.740000,4050.740000,0.1840
1782935100,4050.720000,4050.720000,4033.360000,4034.940000,2.8050
1782936000,4034.830000,4034.830000,4027.300000,4033.690000,1.1270
1782936900,4034.190000,4036.910000,4034.020000,4036.840000,3.3450
1782937800,4037.140000,4037.400000,4033.670000,4033.670000,1.1910
1782938700,4033.100000,4034.250000,4030.270000,4030.270000,2.2180
1782939600,4031.300000,4033.580000,4031.300000,4033.580000,0.0910
1782940500,4034.150000,4035.320000,4034.150000,4035.320000,3.1950
1782941400,4034.880000,4037.770000,4034.880000,4037.280000,2.7920
1782942300,4037.830000,4039.100000,4036.830000,4037.830000,6.3360
1782943200,4037.090000,4037.700000,4034.310000,4035.300000,6.4520
1782944100,4035.230000,4036.360000,4034.630000,4036.360000,1.3190
1782945000,4036.940000,4038.060000,4036.940000,4037.910000,2.7370
1782945900,4038.090000,4042.720000,4038.090000,4042.720000,0.2920
1782946800,4043.680000,4043.720000,4037.880000,4037.880000,2.6420
1782947700,4037.420000,4037.800000,4032.920000,4034.520000,3.4710
1782948600,4034.530000,4036.840000,4032.810000,4032.810000,0.9480
1782949500,4032.800000,4033.420000,4031.650000,4033.420000,0.3410
1782950400,4032.700000,4043.660000,4029.820000,4041.720000,1.4530
1782951300,4041.370000,4045.490000,4039.620000,4043.090000,0.4580
1782952200,4043.670000,4043.670000,4037.310000,4037.310000,0.1350
1782953100,4037.890000,4049.210000,4037.890000,4048.890000,0.3790
1782954000,4049.430000,4064.520000,4049.430000,4063.350000,1.1440
1782954900,4062.760000,4062.760000,4049.370000,4050.530000,0.5100
1782955800,4051.110000,4052.450000,4045.690000,4047.440000,1.3640
1782956700,4047.050000,4053.160000,4044.970000,4048.210000,1.1950
1782957600,4048.100000,4048.100000,4041.150000,4045.210000,0.1960
1782958500,4045.780000,4051.490000,4045.780000,4048.790000,1.1880
1782959400,4049.250000,4054.500000,4046.360000,4054.500000,1.5270
1782960300,4055.080000,4058.360000,4054.500000,4057.410000,0.0890
1782961200,4056.820000,4056.850000,4054.970000,4055.560000,0.1740
1782962100,4056.140000,4063.720000,4056.140000,4063.720000,0.6740
1782963000,4064.300000,4064.310000,4061.390000,4064.310000,0.0540
1782963900,4064.570000,4071.270000,4063.140000,4068.400000,0.4590
1782964800,4067.850000,4069.460000,4066.540000,4066.540000,0.5150
1782965700,4065.960000,4065.960000,4062.460000,4062.460000,0.0940
1782966600,4062.450000,4062.450000,4060.000000,4060.700000,0.0860
1782967500,4061.280000,4061.870000,4058.950000,4058.950000,0.0500
1782968400,4058.720000,4058.720000,4053.600000,4053.600000,0.2790
1782969300,4054.180000,4059.330000,4054.180000,4055.350000,0.3870
1782970200,4054.770000,4062.710000,4052.440000,4059.970000,5.3250
1782971100,4060.590000,4064.100000,4058.840000,4064.100000,0.1910
1782972000,4064.640000,4072.190000,4064.640000,4066.320000,0.5900
1782972900,4065.850000,4076.300000,4065.750000,4072.780000,0.1530
1782973800,4072.190000,4073.050000,4065.150000,4065.150000,1.3680
1782974700,4065.750000,4073.350000,4065.750000,4071.600000,0.5230
1782975600,4071.030000,4071.030000,4065.640000,4065.640000,0.2020
1782976500,4065.060000,4065.060000,4059.770000,4060.380000,0.1330
1782977400,4059.810000,4071.600000,4059.810000,4071.600000,0.5510
1782978300,4070.910000,4070.910000,4062.720000,4063.300000,0.3600
1782979200,4062.720000,4069.830000,4060.280000,4066.710000,1.5930
1782980100,4066.890000,4074.310000,4066.890000,4072.560000,0.4780
1782981000,4072.120000,4074.760000,4071.890000,4074.520000,0.2400
1782981900,4074.020000,4076.670000,4071.750000,4075.500000,1.5410
1782982800,4074.920000,4074.920000,4070.110000,4070.110000,0.1820
1782983700,4069.530000,4070.110000,4064.950000,4064.950000,0.2160
1782984600,4064.850000,4069.270000,4063.100000,4068.360000,0.3760
1782985500,4068.940000,4069.280000,4064.830000,4065.430000,0.0590
1782986400,4064.850000,4064.850000,4062.900000,4062.990000,0.0860
1782987300,4062.510000,4065.910000,4061.980000,4065.910000,0.0520
1782988200,4065.320000,4066.560000,4063.570000,4064.680000,0.1760
1782989100,4064.160000,4065.910000,4061.740000,4065.910000,2.0510
1782990000,4065.320000,4065.320000,4057.940000,4061.130000,0.2400
1782990900,4061.720000,4064.650000,4061.720000,4063.470000,0.0640
1782991800,4063.850000,4068.730000,4062.300000,4068.730000,0.3000
1782992700,4068.510000,4069.860000,4065.800000,4065.800000,0.4230
1782993600,4064.040000,4070.980000,4062.330000,4063.360000,0.5380
1782994500,4062.950000,4066.960000,4062.190000,4063.280000,0.1740
1782995400,4063.950000,4135.870000,4063.950000,4129.820000,14.5420
1782996300,4129.220000,4129.220000,4108.620000,4114.200000,7.1510
1782997200,4114.850000,4125.780000,4114.080000,4121.280000,2.0560
1782998100,4120.680000,4120.680000,4107.270000,4109.300000,1.4080
1782999000,4108.720000,4133.320000,4106.510000,4130.930000,4.8840
1782999900,4131.510000,4138.780000,4129.360000,4132.120000,7.4380
1783000800,4131.940000,4132.590000,4120.000000,4124.080000,5.1780
1783001700,4124.770000,4130.190000,4110.620000,4111.580000,1.5300
1783002600,4112.180000,4118.760000,4111.580000,4113.370000,0.8840
1783003500,4113.970000,4123.580000,4112.180000,4123.580000,0.4180
1783004400,4123.050000,4125.260000,4110.960000,4122.710000,0.7860
1783005300,4122.720000,4125.570000,4118.050000,4118.650000,1.3940
1783006200,4118.540000,4125.800000,4118.540000,4121.640000,0.5890
1783007100,4121.320000,4124.050000,4121.320000,4124.050000,3.6710
1783008000,4123.940000,4123.940000,4118.760000,4118.940000,0.9050
1783008900,4118.530000,4119.120000,4112.500000,4112.550000,0.7640
1783009800,4111.950000,4111.950000,4096.790000,4110.160000,2.4830
1783010700,4110.760000,4114.330000,4110.760000,4113.150000,0.8990
1783011600,4113.150000,4114.230000,4110.630000,4113.030000,0.7090
1783012500,4113.630000,4114.570000,4108.260000,4108.620000,1.0500
1783013400,4108.270000,4108.600000,4103.760000,4103.760000,1.5260
1783014300,4103.710000,4105.270000,4103.100000,4103.100000,1.4250
1783015200,4102.900000,4118.300000,4102.900000,4115.860000,0.9460
1783016100,4116.050000,4117.710000,4113.040000,4117.710000,1.3890
1783017000,4118.310000,4121.300000,4118.310000,4118.900000,4.0730
1783017900,4118.320000,4119.510000,4117.710000,4118.310000,0.6420
1783018800,4119.390000,4119.930000,4111.030000,4111.030000,0.2380
1783019700,4111.010000,4111.010000,4106.250000,4109.690000,3.7500
1783020600,4109.710000,4110.790000,4109.230000,4109.400000,0.5820
1783021500,4110.420000,4119.380000,4110.420000,4117.590000,0.3800
1783022400,4116.920000,4116.920000,4114.090000,4116.880000,0.2940
1783023300,4116.750000,4119.870000,4116.750000,4119.870000,0.1540
1783024200,4119.880000,4120.480000,4118.910000,4118.910000,0.3770
1783025100,4118.680000,4119.880000,4117.660000,4119.880000,0.3210
1783026000,4120.450000,4120.450000,4119.780000,4119.780000,0.0170
1783026900,4119.880000,4119.880000,4119.880000,4119.880000,0.0040
1783027800,4119.880000,4119.880000,4119.880000,4119.880000,0.2420
1783028700,4119.880000,4119.880000,4119.880000,4119.880000,0.0000
1783029600,4121.820000,4123.390000,4121.460000,4122.650000,1.0360
1783030500,4122.050000,4122.050000,4120.250000,4120.250000,0.0260
1783031400,4120.850000,4122.230000,4120.850000,4120.850000,1.1760
1783032300,4120.280000,4121.010000,4120.280000,4121.010000,0.4530
1783033200,4121.050000,4121.930000,4121.050000,4121.930000,0.3380
1783034100,4122.530000,4124.340000,4122.110000,4124.340000,0.0870
1783035000,4124.930000,4127.640000,4119.540000,4121.930000,1.0680
1783035900,4121.960000,4126.740000,4121.960000,4123.730000,1.1580
1783036800,4123.190000,4131.450000,4121.780000,4131.450000,1.8720
1783037700,4130.830000,4136.100000,4129.040000,4134.450000,0.5880
1783038600,4133.850000,4134.930000,4130.610000,4131.440000,1.2070
1783039500,4132.040000,4145.350000,4132.040000,4144.740000,0.7050
1783040400,4144.130000,4173.830000,4143.410000,4170.860000,8.2100
1783041300,4170.250000,4187.510000,4169.820000,4181.950000,33.5670
1783042200,4181.490000,4188.520000,4173.940000,4173.940000,2.2670
1783043100,4173.320000,4176.900000,4169.650000,4176.900000,1.1240
1783044000,4175.900000,4176.270000,4171.610000,4173.810000,1.9980
1783044900,4173.710000,4173.710000,4170.750000,4172.580000,6.4450
1783045800,4173.200000,4179.410000,4172.010000,4176.890000,2.4830
1783046700,4176.270000,4179.350000,4173.880000,4178.120000,0.8450
1783047600,4177.530000,4177.530000,4174.300000,4176.150000,0.3710
1783048500,4176.050000,4176.770000,4174.300000,4174.920000,0.2360
1783049400,4174.700000,4175.530000,4171.850000,4171.850000,0.9630
1783050300,4171.500000,4172.340000,4170.000000,4170.000000,1.5740
1783051200,4170.010000,4171.710000,4168.210000,4171.710000,4.6940
1783052100,4171.720000,4174.790000,4171.720000,4173.570000,0.1200
1783053000,4172.950000,4172.950000,4169.830000,4170.490000,1.2840
1783053900,4169.880000,4170.490000,4168.660000,4170.490000,0.4280
1783054800,4171.560000,4173.440000,4170.990000,4171.830000,0.2920
1783055700,4171.600000,4171.600000,4168.340000,4169.150000,0.8070
1783056600,4169.760000,4174.060000,4168.000000,4168.660000,4.2640
1783057500,4168.680000,4169.130000,4163.690000,4165.150000,2.0800
1783058400,4165.140000,4165.140000,4157.390000,4157.390000,0.5810
1783059300,4157.230000,4160.450000,4156.180000,4159.840000,0.9700
1783060200,4160.450000,4165.970000,4160.450000,4164.780000,0.7000
1783061100,4165.300000,4166.570000,4165.300000,4166.570000,1.2450
1783062000,4167.170000,4173.590000,4166.040000,4167.660000,1.2510
1783062900,4167.060000,4168.320000,4164.000000,4168.320000,0.1850
1783063800,4168.900000,4172.140000,4168.900000,4172.040000,0.8280
1783064700,4172.580000,4173.850000,4168.580000,4169.360000,0.9930
1783065600,4169.510000,4177.390000,4169.510000,4176.260000,5.3010
1783066500,4177.350000,4177.370000,4175.530000,4176.800000,1.5670
1783067400,4177.370000,4180.000000,4175.030000,4177.990000,6.1750
1783068300,4178.200000,4178.610000,4172.460000,4175.760000,2.3810
1783069200,4175.050000,4175.410000,4171.490000,4173.940000,2.9510
1783070100,4174.180000,4174.180000,4166.810000,4166.810000,0.2860
1783071000,4166.810000,4166.810000,4164.370000,4166.200000,0.4690
1783071900,4166.810000,4168.650000,4166.810000,4168.040000,0.7110
1783072800,4167.430000,4174.670000,4166.690000,4174.670000,0.4220
1783073700,4174.050000,4175.210000,4173.440000,4174.050000,0.6640
1783074600,4173.440000,4174.440000,4170.390000,4172.210000,4.7840
1783075500,4172.210000,4172.730000,4170.370000,4172.320000,1.0940
1783076400,4171.600000,4177.000000,4170.580000,4177.000000,8.0780
1783077300,4177.620000,4179.800000,4177.620000,4178.230000,1.0330
1783078200,4177.620000,4179.160000,4177.320000,4178.900000,0.5960
1783079100,4179.340000,4179.460000,4173.960000,4173.960000,0.4900
1783080000,4174.420000,4176.580000,4173.190000,4173.190000,0.2160
1783080900,4172.940000,4172.940000,4167.680000,4168.900000,1.3350
1783081800,4169.510000,4171.890000,4168.910000,4169.760000,0.8650
1783082700,4169.350000,4171.970000,4168.240000,4171.970000,0.1690
1783083600,4173.070000,4173.670000,4160.210000,4162.040000,0.2330
1783084500,4162.660000,4165.710000,4162.660000,4165.710000,0.3650
1783085400,4165.100000,4165.100000,4162.040000,4162.660000,0.1360
1783086300,4162.040000,4163.930000,4160.360000,4160.360000,65.5150
1783087200,4160.360000,4160.700000,4152.190000,4157.050000,12.5590
1783088100,4157.650000,4160.090000,4157.650000,4160.090000,0.3090
1783089000,4160.410000,4161.310000,4158.890000,4159.480000,0.3420
1783089900,4159.720000,4164.370000,4159.720000,4164.370000,0.7040
1783090800,4165.000000,4167.920000,4165.000000,4167.920000,0.3790
1783091700,4167.920000,4167.920000,4163.630000,4163.630000,0.4110
1783092600,4163.020000,4163.030000,4162.150000,4162.800000,0.0890
1783093500,4162.420000,4163.060000,4160.580000,4160.580000,3.5660
1783094400,4160.240000,4160.240000,4158.640000,4159.280000,2.5770
1783095300,4159.240000,4161.350000,4157.420000,4160.490000,8.4020
1783096200,4160.490000,4164.120000,4160.490000,4163.390000,6.8360
1783097100,4164.120000,4170.670000,4164.120000,4168.970000,2.3510
1783098000,4168.850000,4169.280000,4168.440000,4169.280000,1.4530
1783098900,4169.290000,4169.810000,4169.290000,4169.810000,1.0800
1783099800,4169.800000,4169.800000,4169.370000,4169.630000,0.2190
1783100700,4168.910000,4169.350000,4167.360000,4169.350000,3.6980
1783101600,4169.500000,4169.500000,4168.170000,4168.390000,12.0660
1783102500,4168.370000,4168.590000,4168.180000,4168.180000,5.8530
1783103400,4168.180000,4168.500000,4168.180000,4168.500000,0.6260
1783104300,4168.490000,4175.630000,4164.490000,4170.010000,13.5540
1783105200,4170.080000,4170.080000,4170.080000,4170.080000,0.0010
1783106100,4170.370000,4171.980000,4170.370000,4170.940000,2.9120
1783107000,4171.640000,4171.640000,4170.500000,4170.500000,0.4840
1783107900,4170.790000,4171.310000,4170.790000,4171.310000,0.2410
1783108800,4170.650000,4172.330000,4170.650000,4171.710000,2.8660
1783109700,4171.590000,4173.520000,4171.590000,4173.520000,1.3660
1783110600,4172.930000,4174.040000,4172.810000,4173.110000,1.2650
1783111500,4172.820000,4172.820000,4171.590000,4171.590000,0.0160
1783112400,4171.570000,4171.840000,4171.570000,4171.840000,0.0040
1783113300,4171.840000,4171.840000,4171.840000,4171.840000,0.0000
1783114200,4171.680000,4171.680000,4171.680000,4171.680000,0.0020
1783115100,4171.640000,4171.640000,4171.640000,4171.640000,0.2390
1783116000,4171.490000,4171.490000,4169.510000,4169.510000,1.7190
1783116900,4168.890000,4168.890000,4167.950000,4167.950000,0.2570
1783117800,4167.760000,4167.840000,4167.670000,4167.840000,0.3460
1783118700,4168.280000,4168.880000,4168.280000,4168.880000,0.8800
1783119600,4169.370000,4169.370000,4169.270000,4169.270000,0.0140
1783120500,4169.380000,4169.460000,4169.380000,4169.460000,0.1310
1783121400,4170.000000,4170.600000,4170.000000,4170.600000,0.0070
1783122300,4170.400000,4170.400000,4166.940000,4167.090000,3.3780
1783123200,4168.030000,4168.650000,4164.110000,4164.110000,1.5760
1783124100,4163.760000,4163.760000,4162.620000,4162.620000,0.3040
1783125000,4162.540000,4162.540000,4157.810000,4160.700000,11.9030
1783125900,4160.470000,4160.470000,4160.470000,4160.470000,0.2390
1783126800,4160.550000,4160.550000,4160.070000,4160.530000,0.1140
1783127700,4160.790000,4161.200000,4160.790000,4161.200000,0.0490
1783128600,4161.200000,4161.200000,4161.200000,4161.200000,0.0000
1783129500,4161.810000,4161.810000,4161.810000,4161.810000,0.0050
1783130400,4161.810000,4161.810000,4161.810000,4161.810000,0.0000
1783131300,4162.620000,4162.620000,4162.620000,4162.620000,0.0010
1783132200,4162.870000,4162.870000,4162.870000,4162.870000,0.0010
1783133100,4162.820000,4162.820000,4162.430000,4162.430000,0.1400
1783134000,4163.390000,4163.430000,4163.390000,4163.430000,0.0560
1783134900,4163.910000,4163.910000,4163.910000,4163.910000,0.2390
1783135800,4163.920000,4164.610000,4163.920000,4164.610000,0.2880
1783136700,4164.990000,4164.990000,4164.870000,4164.870000,1.1430
1783137600,4165.000000,4165.700000,4165.000000,4165.700000,0.1200
1783138500,4165.620000,4165.660000,4165.590000,4165.660000,0.0470
1783139400,4165.380000,4165.380000,4165.170000,4165.170000,0.7220
1783140300,4165.170000,4165.170000,4165.170000,4165.170000,0.0000
1783141200,4166.090000,4166.090000,4165.650000,4165.650000,0.5800
1783142100,4164.980000,4164.980000,4164.980000,4164.980000,0.0120
1783143000,4164.980000,4164.980000,4164.980000,4164.980000,0.0000
1783143900,4164.370000,4164.370000,4163.760000,4163.760000,1.4390
1783144800,4163.160000,4163.160000,4163.160000,4163.160000,0.0110
1783145700,4163.510000,4163.510000,4163.030000,4163.030000,0.7040
1783146600,4163.640000,4163.640000,4163.640000,4163.640000,0.0050
1783147500,4163.490000,4163.500000,4163.490000,4163.500000,1.0000
1783148400,4163.500000,4163.500000,4163.500000,4163.500000,0.0000
1783149300,4163.500000,4163.500000,4163.500000,4163.500000,0.0000
1783150200,4163.850000,4163.850000,4163.850000,4163.850000,0.0530
1783151100,4163.840000,4163.840000,4163.840000,4163.840000,0.0020
1783152000,4164.390000,4164.770000,4164.390000,4164.770000,0.2050
1783152900,4164.770000,4164.770000,4164.770000,4164.770000,0.0000
1783153800,4164.900000,4165.220000,4164.900000,4165.220000,0.0040
1783154700,4165.230000,4166.440000,4165.230000,4166.080000,0.2300
1783155600,4165.320000,4166.930000,4165.320000,4166.300000,0.0640
1783156500,4166.940000,4168.780000,4166.940000,4168.780000,0.1920
1783157400,4169.370000,4169.370000,4169.370000,4169.370000,0.0230
1783158300,4169.370000,4169.370000,4169.370000,4169.370000,0.0000
1783159200,4169.370000,4169.370000,4169.370000,4169.370000,0.0000
1783160100,4169.370000,4169.370000,4169.370000,4169.370000,0.0000
1783161000,4168.430000,4168.430000,4168.430000,4168.430000,0.0120
1783161900,4168.040000,4168.040000,4168.040000,4168.040000,0.0080
1783162800,4168.030000,4168.030000,4165.480000,4165.480000,0.2330
1783163700,4165.480000,4165.480000,4165.480000,4165.480000,0.0000
1783164600,4166.660000,4166.680000,4166.060000,4166.460000,0.0890
1783165500,4166.670000,4166.670000,4165.470000,4165.470000,0.0080
1783166400,4165.330000,4165.490000,4165.330000,4165.470000,0.5100
1783167300,4165.290000,4165.290000,4165.290000,4165.290000,0.0120
1783168200,4165.290000,4165.290000,4165.290000,4165.290000,0.0000
1783169100,4165.350000,4165.350000,4165.350000,4165.350000,0.0270
1783170000,4165.290000,4165.290000,4165.100000,4165.100000,0.0200
1783170900,4164.630000,4165.290000,4164.630000,4165.290000,0.9710
1783171800,4165.290000,4165.290000,4165.290000,4165.290000,0.0000
1783172700,4165.290000,4165.290000,4165.290000,4165.290000,0.0000
1783173600,4166.260000,4166.260000,4166.260000,4166.260000,0.0030
1783174500,4166.240000,4166.240000,4164.160000,4164.160000,1.0870
1783175400,4163.990000,4164.490000,4163.880000,4164.490000,0.2880
1783176300,4164.500000,4164.750000,4164.490000,4164.750000,0.0920
1783177200,4165.040000,4170.000000,4165.040000,4166.810000,1.3640
1783178100,4166.810000,4166.810000,4166.810000,4166.810000,0.0000
1783179000,4168.030000,4168.030000,4168.030000,4168.030000,0.0030
1783179900,4168.030000,4168.030000,4168.030000,4168.030000,0.1580
1783180800,4168.780000,4168.780000,4168.550000,4168.550000,0.1590
1783181700,4168.550000,4168.550000,4168.550000,4168.550000,0.0000
1783182600,4168.550000,4168.550000,4168.550000,4168.550000,0.0000
1783183500,4167.910000,4167.910000,4167.300000,4167.300000,0.2830
1783184400,4166.860000,4166.860000,4164.750000,4165.110000,0.8500
1783185300,4165.960000,4168.070000,4165.960000,4167.500000,0.3740
1783186200,4167.500000,4167.500000,4167.500000,4167.500000,0.0000
1783187100,4168.400000,4169.610000,4168.400000,4169.610000,0.2920
1783188000,4169.610000,4169.610000,4169.610000,4169.610000,0.0000
1783188900,4169.750000,4169.750000,4169.610000,4169.610000,0.0940
1783189800,4168.930000,4168.930000,4164.740000,4164.740000,1.3130
1783190700,4164.890000,4164.890000,4164.890000,4164.890000,0.0010
1783191600,4165.560000,4165.820000,4165.560000,4165.820000,0.6740
1783192500,4166.440000,4166.440000,4164.740000,4165.720000,0.2330
1783193400,4165.720000,4165.720000,4165.720000,4165.720000,0.0000
1783194300,4165.530000,4165.530000,4165.420000,4165.420000,0.1250
1783195200,4165.270000,4165.270000,4165.270000,4165.270000,0.0400
1783196100,4166.600000,4166.600000,4166.600000,4166.600000,0.0390
1783197000,4166.600000,4166.600000,4166.600000,4166.600000,0.0000
1783197900,4166.190000,4166.190000,4166.190000,4166.190000,0.0020
1783198800,4166.590000,4166.590000,4166.540000,4166.540000,0.0590
1783199700,4166.540000,4166.540000,4166.540000,4166.540000,0.0000
1783200600,4166.580000,4166.580000,4166.580000,4166.580000,0.0040
1783201500,4166.580000,4166.580000,4166.580000,4166.580000,0.0000
1783202400,4166.580000,4166.580000,4166.580000,4166.580000,0.0000
1783203300,4166.580000,4166.580000,4166.580000,4166.580000,0.0000
1783204200,4166.580000,4166.580000,4166.580000,4166.580000,0.0000
1783205100,4166.580000,4166.580000,4166.580000,4166.580000,0.0000
1783206000,4168.110000,4168.110000,4167.060000,4167.060000,0.2680
1783206900,4166.780000,4167.670000,4166.780000,4167.670000,0.0280
1783207800,4168.270000,4168.270000,4168.270000,4168.270000,0.0380
1783208700,4168.270000,4168.270000,4168.270000,4168.270000,0.0000
1783209600,4168.230000,4168.230000,4168.220000,4168.230000,0.2680
1783210500,4168.230000,4168.230000,4168.230000,4168.230000,0.0000
1783211400,4168.230000,4168.230000,4168.220000,4168.220000,0.3920
1783212300,4168.000000,4168.000000,4165.640000,4166.090000,1.1330
1783213200,4165.860000,4168.020000,4165.860000,4167.770000,0.3330
1783214100,4168.030000,4168.620000,4167.040000,4168.030000,0.5240
1783215000,4167.820000,4167.980000,4167.820000,4167.970000,0.0140
1783215900,4167.990000,4167.990000,4167.990000,4167.990000,0.0060
1783216800,4168.200000,4168.200000,4167.300000,4167.300000,1.2480
1783217700,4166.690000,4166.690000,4166.680000,4166.680000,0.0370
1783218600,4166.080000,4166.080000,4166.080000,4166.080000,0.1650
1783219500,4165.480000,4165.480000,4164.890000,4164.890000,0.3090
1783220400,4164.890000,4164.890000,4164.890000,4164.890000,0.0000
1783221300,4166.270000,4166.270000,4165.710000,4165.710000,0.2220
1783222200,4165.350000,4165.350000,4164.850000,4164.850000,0.0090
1783223100,4164.850000,4164.850000,4164.850000,4164.850000,0.0000
1783224000,4165.200000,4165.200000,4165.140000,4165.150000,0.3490
1783224900,4165.150000,4165.150000,4165.150000,4165.150000,0.0000
1783225800,4165.150000,4165.150000,4165.150000,4165.150000,0.0000
1783226700,4165.840000,4166.440000,4165.840000,4166.440000,0.0130
1783227600,4166.910000,4166.910000,4166.910000,4166.910000,0.0040
1783228500,4166.910000,4166.910000,4166.910000,4166.910000,0.0000
1783229400,4166.920000,4166.920000,4166.920000,4166.920000,0.1400
1783230300,4166.230000,4166.230000,4166.220000,4166.220000,0.0830
1783231200,4166.230000,4166.470000,4165.600000,4165.600000,0.2590
1783232100,4166.350000,4166.820000,4166.350000,4166.820000,0.0210
1783233000,4166.820000,4166.820000,4166.820000,4166.820000,0.0000
1783233900,4167.410000,4167.410000,4167.370000,4167.370000,0.2780
1783234800,4167.380000,4167.380000,4167.380000,4167.380000,0.0030
1783235700,4167.370000,4167.550000,4166.770000,4166.770000,0.5400
1783236600,4166.770000,4166.770000,4166.410000,4166.410000,0.2120
1783237500,4167.240000,4167.300000,4167.240000,4167.300000,0.0110
1783238400,4167.240000,4167.240000,4167.240000,4167.240000,0.0020
1783239300,4167.240000,4167.240000,4167.240000,4167.240000,0.0000
1783240200,4167.600000,4167.600000,4167.600000,4167.600000,0.0010
1783241100,4167.520000,4167.520000,4167.140000,4167.150000,0.4620
1783242000,4167.160000,4167.650000,4167.140000,4167.650000,0.0120
1783242900,4167.150000,4167.150000,4167.150000,4167.150000,0.0030
1783243800,4167.130000,4167.130000,4166.640000,4166.640000,0.4070
1783244700,4166.640000,4166.640000,4166.640000,4166.640000,0.0000
1783245600,4167.000000,4168.750000,4167.000000,4168.340000,0.4630
1783246500,4168.330000,4168.330000,4168.330000,4168.330000,0.0030
1783247400,4167.790000,4168.230000,4167.790000,4168.230000,0.0440
1783248300,4168.230000,4168.230000,4168.230000,4168.230000,0.0000
1783249200,4168.220000,4168.220000,4168.220000,4168.220000,0.0030
1783250100,4168.220000,4168.220000,4168.220000,4168.220000,0.0000
1783251000,4168.220000,4169.150000,4168.220000,4169.150000,0.2660
1783251900,4169.150000,4170.000000,4169.150000,4170.000000,0.4530
1783252800,4169.990000,4170.000000,4169.990000,4169.990000,0.2090
1783253700,4169.980000,4169.980000,4169.970000,4169.970000,0.0400
1783254600,4169.970000,4169.970000,4169.130000,4169.450000,0.1010
1783255500,4169.450000,4169.450000,4169.450000,4169.450000,0.0000
1783256400,4169.760000,4169.760000,4169.610000,4169.610000,0.0100
1783257300,4169.610000,4169.610000,4169.610000,4169.610000,0.0000
1783258200,4169.390000,4169.390000,4168.400000,4168.400000,0.1120
1783259100,4167.790000,4167.920000,4167.390000,4167.920000,0.3400
1783260000,4167.660000,4167.660000,4167.660000,4167.660000,0.0470
1783260900,4167.660000,4167.660000,4167.660000,4167.660000,0.0000
1783261800,4167.660000,4167.660000,4167.660000,4167.660000,0.0000
1783262700,4168.000000,4168.000000,4167.990000,4168.000000,0.0840
1783263600,4168.000000,4168.760000,4168.000000,4168.760000,0.4440
1783264500,4169.360000,4169.360000,4169.360000,4169.360000,0.0030
1783265400,4169.370000,4169.950000,4168.760000,4168.760000,1.8990
1783266300,4168.300000,4168.330000,4168.000000,4168.000000,0.2030
1783267200,4167.860000,4167.860000,4167.850000,4167.860000,1.2540
1783268100,4167.850000,4167.850000,4167.420000,4167.420000,0.0120
1783269000,4166.920000,4167.430000,4166.920000,4167.430000,0.2450
1783269900,4167.430000,4167.800000,4167.400000,4167.800000,0.2450
1783270800,4168.030000,4168.030000,4167.850000,4167.850000,0.0080
1783271700,4168.510000,4169.730000,4168.040000,4169.710000,1.0260
1783272600,4169.710000,4169.710000,4169.710000,4169.710000,0.0000
1783273500,4169.710000,4169.710000,4169.710000,4169.710000,0.0000
1783274400,4169.710000,4169.710000,4169.710000,4169.710000,0.0000
1783275300,4169.710000,4169.710000,4169.710000,4169.710000,0.0000
1783276200,4169.990000,4170.000000,4169.880000,4169.880000,0.3630
1783277100,4169.850000,4169.850000,4169.010000,4169.010000,0.1200
1783278000,4169.010000,4169.010000,4169.010000,4169.010000,0.0000
1783278900,4169.620000,4169.620000,4169.520000,4169.520000,0.0610
1783279800,4169.750000,4169.890000,4169.750000,4169.890000,0.0030
1783280700,4169.890000,4169.890000,4169.890000,4169.890000,0.0000
1783281600,4170.000000,4175.330000,4170.000000,4173.640000,1.7450
1783282500,4173.490000,4173.490000,4173.490000,4173.490000,0.0160
1783283400,4173.490000,4173.490000,4173.490000,4173.490000,0.0000
1783284300,4173.490000,4173.490000,4173.490000,4173.490000,0.0000
1783285200,4174.270000,4174.720000,4173.880000,4173.910000,0.5210
1783286100,4173.920000,4174.050000,4173.510000,4173.830000,0.2050
1783287000,4174.110000,4174.110000,4173.730000,4174.100000,0.6910
1783287900,4174.120000,4178.000000,4174.120000,4178.000000,2.3070
1783288800,4176.650000,4179.740000,4169.720000,4175.830000,4.5270
1783289700,4176.400000,4179.550000,4174.000000,4179.550000,1.6220
1783290600,4179.730000,4185.500000,4178.890000,4182.560000,8.9340
1783291500,4183.170000,4183.420000,4179.490000,4183.190000,1.4590
1783292400,4184.270000,4184.910000,4183.050000,4183.050000,0.1250
1783293300,4182.440000,4195.410000,4182.440000,4195.410000,1.9500
1783294200,4194.780000,4195.290000,4188.560000,4191.640000,1.4300
1783295100,4191.030000,4191.030000,4173.880000,4178.760000,1.8330
1783296000,4178.620000,4178.640000,4167.660000,4170.100000,1.6480
1783296900,4170.710000,4174.970000,4167.060000,4170.100000,0.5330
1783297800,4170.710000,4180.470000,4170.710000,4180.470000,1.0060
1783298700,4181.050000,4182.920000,4170.830000,4175.240000,1.3210
1783299600,4174.850000,4185.870000,4170.000000,4182.790000,1.3590
1783300500,4182.800000,4185.860000,4176.670000,4182.800000,0.5190
1783301400,4183.410000,4194.470000,4183.410000,4193.240000,1.2470
1783302300,4192.620000,4196.320000,4181.560000,4181.560000,2.8380
1783303200,4181.450000,4181.450000,4173.500000,4174.730000,0.6090
1783304100,4175.170000,4179.000000,4172.690000,4172.900000,0.7030
1783305000,4172.290000,4172.290000,4165.590000,4168.030000,0.7830
1783305900,4168.640000,4169.850000,4166.100000,4167.870000,107.5610
1783306800,4167.970000,4169.720000,4161.830000,4161.830000,8.2640
1783307700,4161.580000,4161.840000,4158.750000,4160.620000,0.4060
1783308600,4161.230000,4163.050000,4158.040000,4158.040000,0.0790
1783309500,4158.810000,4159.410000,4155.780000,4159.410000,0.0940
1783310400,4160.000000,4160.000000,4155.480000,4156.870000,0.9690
1783311300,4157.480000,4159.090000,4156.870000,4157.480000,0.3360
1783312200,4156.870000,4156.870000,4153.840000,4154.450000,0.1640
1783313100,4155.060000,4155.060000,4154.390000,4154.390000,0.1230
1783314000,4155.540000,4155.540000,4147.090000,4147.090000,1.4800
1783314900,4146.500000,4147.100000,4146.350000,4147.100000,0.0810
1783315800,4146.510000,4153.130000,4144.690000,4150.710000,2.9280
1783316700,4150.110000,4150.110000,4140.680000,4141.690000,1.1200
1783317600,4142.290000,4145.780000,4140.340000,4145.780000,1.1210
1783318500,4146.050000,4150.600000,4143.980000,4150.600000,0.1290
1783319400,4150.940000,4153.100000,4148.790000,4148.790000,1.2730
1783320300,4149.390000,4150.010000,4144.580000,4144.580000,0.5230
1783321200,4145.390000,4147.470000,4143.860000,4144.460000,0.8390
1783322100,4145.060000,4148.670000,4145.060000,4148.670000,0.0630
1783323000,4148.070000,4157.120000,4147.480000,4157.120000,0.2870
1783323900,4157.720000,4159.990000,4157.720000,4159.990000,1.5230
1783324800,4159.630000,4159.630000,4153.970000,4153.970000,0.5640
1783325700,4153.370000,4153.370000,4149.760000,4150.960000,0.4810
1783326600,4150.370000,4150.370000,4145.540000,4145.540000,0.3730
1783327500,4144.940000,4146.760000,4143.740000,4146.760000,0.2000
1783328400,4146.440000,4146.440000,4144.820000,4145.470000,0.1970
1783329300,4144.820000,4144.820000,4139.420000,4139.420000,0.2810
1783330200,4138.820000,4138.820000,4134.030000,4137.560000,0.6540
1783331100,4137.030000,4140.020000,4136.440000,4140.020000,0.0850
1783332000,4140.930000,4142.920000,4139.910000,4142.920000,0.2080
1783332900,4143.510000,4146.500000,4143.510000,4145.340000,0.5790
1783333800,4145.320000,4150.000000,4145.320000,4150.000000,0.5870
1783334700,4149.690000,4150.120000,4149.520000,4149.520000,0.0560
1783335600,4150.410000,4150.600000,4147.850000,4148.800000,0.4090
1783336500,4149.400000,4154.210000,4149.400000,4152.410000,0.3010
1783337400,4152.150000,4153.420000,4150.000000,4150.000000,0.5050
1783338300,4149.420000,4150.290000,4148.800000,4150.000000,0.1330
1783339200,4149.880000,4153.540000,4149.560000,4150.490000,0.6910
1783340100,4151.090000,4152.780000,4142.670000,4142.670000,0.4860
1783341000,4142.070000,4142.070000,4129.510000,4129.510000,0.2870
1783341900,4129.150000,4137.880000,4129.150000,4137.280000,0.5130
1783342800,4136.680000,4142.800000,4134.320000,4137.760000,0.5640
1783343700,4137.160000,4143.750000,4134.770000,4138.960000,0.3750
1783344600,4139.560000,4145.550000,4139.440000,4143.750000,1.4330
1783345500,4144.340000,4144.340000,4133.570000,4135.960000,0.4430
1783346400,4136.050000,4141.240000,4131.660000,4136.930000,0.4890
1783347300,4136.450000,4136.450000,4129.870000,4134.050000,0.7030
1783348200,4132.860000,4136.450000,4126.890000,4126.890000,0.6570
1783349100,4126.670000,4133.460000,4126.670000,4133.460000,0.2340
1783350000,4134.060000,4141.800000,4134.060000,4136.320000,0.5640
1783350900,4135.740000,4145.330000,4135.740000,4145.330000,0.3900
1783351800,4145.910000,4146.520000,4144.130000,4146.460000,1.3570
1783352700,4146.470000,4146.480000,4141.780000,4144.110000,0.7080
1783353600,4143.400000,4143.400000,4138.010000,4138.010000,0.6550
1783354500,4138.020000,4141.700000,4138.020000,4141.700000,0.1870
1783355400,4142.200000,4146.400000,4142.200000,4146.400000,0.1820
1783356300,4145.890000,4152.220000,4145.890000,4152.220000,0.1520
1783357200,4152.240000,4152.840000,4150.500000,4151.100000,0.1060
1783358100,4150.500000,4155.140000,4148.030000,4152.300000,0.1980
1783359000,4152.410000,4155.310000,4152.410000,4154.100000,0.4530
1783359900,4154.330000,4157.130000,4154.330000,4157.130000,2.1520
1783360800,4157.720000,4157.720000,4152.790000,4153.390000,0.1030
1783361700,4153.990000,4158.750000,4153.990000,4158.750000,0.0770
1783362600,4157.610000,4162.620000,4157.610000,4160.030000,0.3240
1783363500,4160.630000,4160.630000,4160.030000,4160.030000,0.1060
1783364400,4161.120000,4161.120000,4157.490000,4157.490000,0.0840
1783365300,4156.890000,4158.700000,4156.710000,4158.700000,0.1050
1783366200,4159.290000,4159.290000,4157.490000,4157.490000,0.0350
1783367100,4158.100000,4159.890000,4158.100000,4158.700000,0.0710
1783368000,4158.580000,4158.580000,4158.580000,4158.580000,0.0080
1783368900,4157.990000,4157.990000,4157.990000,4157.990000,0.8800
1783369800,4159.180000,4159.180000,4159.180000,4159.180000,0.4590
1783370700,4159.790000,4161.000000,4159.790000,4161.000000,0.3960
1783371600,4160.790000,4166.320000,4160.780000,4165.460000,0.6860
1783372500,4165.110000,4165.110000,4163.900000,4163.900000,0.0910
1783373400,4163.900000,4163.900000,4160.240000,4160.240000,0.8640
1783374300,4160.240000,4160.240000,4160.240000,4160.240000,0.0000
1783375200,4161.360000,4161.360000,4159.760000,4160.760000,0.3290
1783376100,4161.360000,4161.360000,4161.360000,4161.360000,0.0050
1783377000,4161.970000,4162.570000,4161.970000,4162.570000,0.0180
1783377900,4162.520000,4162.520000,4160.160000,4160.570000,0.3080
1783378800,4160.770000,4160.770000,4159.460000,4159.460000,0.3860
1783379700,4159.470000,4159.470000,4159.430000,4159.430000,0.0700
1783380600,4160.010000,4160.010000,4157.010000,4157.010000,0.1030
1783381500,4156.750000,4158.030000,4153.390000,4153.390000,0.8270
1783382400,4153.100000,4153.280000,4149.670000,4149.670000,0.7860
1783383300,4150.270000,4154.470000,4148.460000,4154.090000,0.7690
1783384200,4154.480000,4156.300000,4144.850000,4144.850000,0.4270
1783385100,4145.450000,4148.450000,4141.870000,4141.870000,0.6220
1783386000,4141.270000,4142.890000,4135.720000,4138.160000,0.6570
1783386900,4137.560000,4137.560000,4123.700000,4128.980000,1.7930
1783387800,4128.760000,4138.040000,4128.760000,4138.040000,0.2530
1783388700,4138.160000,4140.950000,4137.560000,4137.560000,0.5770
1783389600,4137.440000,4139.440000,4135.060000,4139.440000,0.1000
1783390500,4138.640000,4139.250000,4135.070000,4138.640000,0.4580
1783391400,4138.040000,4138.650000,4134.460000,4136.250000,0.1020
1783392300,4135.650000,4135.650000,4129.100000,4132.080000,0.4820
1783393200,4133.150000,4134.720000,4133.150000,4133.750000,0.0310
1783394100,4133.150000,4133.150000,4127.020000,4128.970000,0.5450
1783395000,4128.410000,4130.160000,4125.000000,4125.000000,0.1460
1783395900,4124.820000,4126.610000,4122.450000,4126.610000,0.3310
1783396800,4127.360000,4136.010000,4127.360000,4133.630000,1.0270
1783397700,4133.040000,4133.040000,4127.830000,4129.460000,0.2810
1783398600,4128.870000,4128.870000,4126.480000,4126.480000,0.2390
1783399500,4126.100000,4126.100000,4123.520000,4123.520000,0.3250
1783400400,4123.530000,4126.350000,4119.850000,4119.850000,0.4390
1783401300,4119.260000,4124.250000,4119.260000,4124.250000,0.0850
1783402200,4124.580000,4124.580000,4115.000000,4118.070000,0.5650
1783403100,4118.660000,4123.140000,4117.990000,4120.970000,0.4590
1783404000,4120.440000,4124.240000,4119.140000,4119.140000,0.3270
1783404900,4119.740000,4126.690000,4119.740000,4124.480000,0.2650
1783405800,4123.880000,4128.590000,4123.290000,4128.590000,0.2310
1783406700,4128.640000,4128.640000,4126.860000,4126.860000,0.0270
1783407600,4127.330000,4127.330000,4123.760000,4126.160000,0.5210
1783408500,4126.580000,4127.330000,4123.770000,4124.950000,0.7740
1783409400,4124.360000,4127.320000,4123.440000,4126.920000,0.0780
1783410300,4127.330000,4129.700000,4123.180000,4123.180000,0.4210
1783411200,4124.250000,4134.370000,4124.250000,4134.370000,0.3270
1783412100,4133.770000,4134.360000,4131.980000,4134.360000,0.0420
1783413000,4133.780000,4133.780000,4126.020000,4126.830000,4.4960
1783413900,4126.030000,4126.030000,4121.280000,4123.060000,0.1120
1783414800,4124.090000,4125.320000,4122.970000,4125.320000,0.0380
1783415700,4125.920000,4127.120000,4119.400000,4119.400000,0.1140
1783416600,4119.990000,4128.960000,4119.990000,4128.960000,0.5690
1783417500,4128.290000,4128.870000,4123.470000,4128.610000,0.1400
1783418400,4128.880000,4131.150000,4128.880000,4130.560000,0.4380
1783419300,4131.150000,4135.330000,4131.150000,4135.330000,0.2560
1783420200,4134.730000,4134.730000,4132.470000,4132.710000,0.1690
1783421100,4132.340000,4132.340000,4130.650000,4130.940000,0.1570
1783422000,4131.040000,4131.630000,4128.680000,4128.900000,0.1820
1783422900,4129.850000,4140.680000,4129.850000,4140.680000,0.8770
1783423800,4139.980000,4144.170000,4136.310000,4144.170000,0.2130
1783424700,4144.770000,4154.470000,4144.180000,4153.270000,0.5840
1783425600,4153.580000,4169.360000,4151.850000,4169.360000,1.1100
1783426500,4169.750000,4171.370000,4160.240000,4162.100000,0.7070
1783427400,4162.100000,4162.700000,4158.060000,4161.490000,0.6200
1783428300,4161.440000,4167.540000,4160.930000,4167.540000,0.4890
1783429200,4168.120000,4172.870000,4157.750000,4166.220000,0.8230
1783430100,4165.600000,4167.000000,4160.160000,4161.730000,2.0970
1783431000,4161.370000,4174.820000,4159.560000,4172.130000,4.2640
1783431900,4172.410000,4175.030000,4152.340000,4153.440000,3.7960
1783432800,4154.110000,4157.040000,4147.410000,4147.410000,0.7930
1783433700,4146.830000,4153.020000,4146.830000,4151.150000,0.9660
1783434600,4152.220000,4152.820000,4139.650000,4146.220000,1.2640
1783435500,4146.820000,4152.720000,4146.820000,4150.030000,27.8210
1783436400,4149.810000,4150.300000,4143.720000,4143.720000,2.0980
1783437300,4143.700000,4143.700000,4137.130000,4138.110000,1.0300
1783438200,4138.320000,4142.630000,4138.320000,4142.130000,0.9340
1783439100,4142.320000,4142.320000,4132.350000,4133.610000,1.1890
1783440000,4134.620000,4138.580000,4133.450000,4137.010000,0.6060
1783440900,4137.610000,4142.980000,4137.030000,4142.970000,1.0270
1783441800,4141.790000,4141.790000,4138.800000,4139.880000,0.7100
1783442700,4138.800000,4141.130000,4137.490000,4139.400000,0.4800
1783443600,4140.000000,4142.210000,4138.690000,4138.690000,0.6790
1783444500,4138.090000,4142.300000,4136.900000,4142.300000,1.5540
1783445400,4141.680000,4142.840000,4140.490000,4142.840000,0.4150
1783446300,4141.680000,4141.680000,4139.250000,4139.880000,0.2420
1783447200,4139.860000,4139.860000,4137.980000,4137.980000,0.1610
1783448100,4137.380000,4138.570000,4136.780000,4137.980000,0.8020
1783449000,4137.380000,4137.380000,4132.760000,4136.150000,0.6380
1783449900,4136.770000,4136.770000,4121.930000,4122.520000,0.5840
1783450800,4121.930000,4121.930000,4100.930000,4102.430000,5.8590
1783451700,4102.380000,4102.380000,4090.560000,4100.620000,0.8110
1783452600,4100.400000,4110.160000,4100.400000,4105.310000,0.3160
1783453500,4105.900000,4112.370000,4104.120000,4110.010000,2.0430
1783454400,4110.010000,4110.440000,4109.440000,4109.900000,0.1220
1783455300,4109.310000,4109.310000,4104.020000,4106.370000,0.1830
1783456200,4105.880000,4105.880000,4102.270000,4102.270000,0.0970
1783457100,4101.680000,4101.680000,4101.100000,4101.680000,0.5050
1783458000,4103.320000,4103.320000,4103.320000,4103.320000,0.0040
1783458900,4102.160000,4102.740000,4101.700000,4102.740000,0.0100
1783459800,4103.170000,4103.330000,4103.170000,4103.330000,0.0800
1783460700,4103.910000,4103.910000,4102.750000,4102.750000,0.3120
1783461600,4103.520000,4103.520000,4090.000000,4099.680000,33.3720
1783462500,4099.140000,4099.140000,4096.650000,4097.050000,0.6440
1783463400,4096.360000,4097.480000,4096.360000,4097.480000,0.0140
1783464300,4096.780000,4096.780000,4093.620000,4095.030000,0.4630
1783465200,4094.870000,4102.280000,4094.340000,4101.480000,0.4540
1783466100,4101.770000,4101.950000,4099.010000,4101.950000,0.8740
1783467000,4102.220000,4102.350000,4096.080000,4096.080000,0.4860
1783467900,4095.560000,4096.670000,4094.340000,4094.340000,0.1840
1783468800,4096.560000,4099.490000,4095.350000,4097.730000,0.2270
1783469700,4097.630000,4103.590000,4096.570000,4102.410000,0.4770
1783470600,4101.830000,4121.830000,4101.830000,4120.660000,1.1020
1783471500,4121.240000,4121.240000,4109.460000,4109.460000,0.4720
1783472400,4108.880000,4113.470000,4096.450000,4106.410000,1.4130
1783473300,4106.000000,4106.000000,4100.550000,4100.550000,0.4250
1783474200,4099.960000,4101.710000,4092.660000,4098.210000,2.8270
1783475100,4098.790000,4107.580000,4098.790000,4106.410000,1.2550
1783476000,4106.300000,4113.420000,4103.340000,4109.240000,0.4990
1783476900,4109.820000,4121.730000,4109.240000,4115.700000,0.6220
1783477800,4115.190000,4116.140000,4112.500000,4115.120000,1.6100
1783478700,4115.710000,4117.200000,4110.150000,4111.000000,0.2470
1783479600,4112.070000,4125.050000,4112.070000,4124.460000,0.4580
1783480500,4123.870000,4126.760000,4121.750000,4126.410000,1.0330
1783481400,4125.710000,4125.710000,4122.690000,4122.690000,0.2910
1783482300,4122.220000,4123.280000,4119.140000,4119.140000,0.7610
1783483200,4119.660000,4123.140000,4117.850000,4120.800000,0.9170
1783484100,4120.210000,4120.970000,4116.940000,4120.970000,0.3840
1783485000,4121.390000,4122.880000,4118.210000,4120.210000,0.2880
1783485900,4120.930000,4121.380000,4120.210000,4120.800000,0.2230
1783486800,4120.980000,4128.620000,4120.980000,4122.460000,0.3620
1783487700,4121.920000,4124.220000,4118.200000,4118.200000,0.1350
1783488600,4117.730000,4126.010000,4117.430000,4124.230000,0.5860
1783489500,4123.750000,4125.080000,4120.610000,4123.640000,0.6930
1783490400,4122.720000,4125.310000,4118.800000,4125.310000,0.2650
1783491300,4125.900000,4128.860000,4125.310000,4127.030000,0.1950
1783492200,4126.490000,4126.490000,4121.740000,4122.510000,0.1130
1783493100,4122.350000,4122.350000,4121.140000,4121.140000,0.0450
1783494000,4120.570000,4120.570000,4114.560000,4115.150000,0.4030
1783494900,4114.560000,4115.980000,4112.210000,4115.980000,0.3830
1783495800,4116.330000,4122.140000,4115.150000,4121.650000,0.8140
1783496700,4121.070000,4121.070000,4115.750000,4115.750000,0.5170
1783497600,4116.220000,4116.220000,4113.270000,4113.860000,0.3890
1783498500,4114.450000,4115.110000,4078.840000,4086.380000,24.5340
1783499400,4085.800000,4087.550000,4059.830000,4063.850000,1.4170
1783500300,4063.270000,4073.050000,4051.240000,4053.530000,1.4150
1783501200,4052.960000,4053.430000,4049.440000,4052.670000,1.6450
1783502100,4052.860000,4058.020000,4052.860000,4054.830000,0.4630
1783503000,4054.690000,4055.910000,4043.740000,4046.020000,1.4820
1783503900,4046.590000,4049.440000,4041.470000,4042.040000,1.9320
1783504800,4043.070000,4045.920000,4040.000000,4041.370000,10.2520
1783505700,4041.940000,4053.290000,4041.940000,4049.900000,1.3080
1783506600,4049.910000,4056.480000,4049.910000,4055.550000,1.3420
1783507500,4055.050000,4055.140000,4053.330000,4053.870000,1.7530
1783508400,4052.940000,4054.370000,4048.080000,4048.080000,0.3060
1783509300,4048.660000,4052.090000,4047.900000,4049.230000,0.1690
1783510200,4048.660000,4062.970000,4041.840000,4061.820000,1.4630
1783511100,4061.240000,4069.500000,4058.950000,4058.960000,1.2840
1783512000,4061.140000,4070.110000,4058.270000,4069.190000,1.0420
1783512900,4068.610000,4073.800000,4065.150000,4069.190000,0.7510
1783513800,4069.760000,4074.370000,4067.410000,4074.370000,0.6860
1783514700,4074.510000,4082.440000,4069.760000,4069.760000,10.2780
1783515600,4070.810000,4078.890000,4068.520000,4070.230000,3.1060
1783516500,4069.690000,4073.120000,4065.630000,4065.630000,0.4010
1783517400,4066.050000,4077.350000,4066.050000,4071.280000,2.4480
1783518300,4070.400000,4075.420000,4067.360000,4068.510000,0.7170
1783519200,4068.450000,4068.450000,4056.390000,4056.390000,4.4730
1783520100,4056.350000,4062.550000,4051.200000,4059.790000,1.6760
1783521000,4059.220000,4059.220000,4035.000000,4035.000000,0.6030
1783521900,4035.870000,4043.820000,4033.610000,4040.970000,1.5890
1783522800,4040.400000,4041.430000,4033.980000,4033.980000,0.6980
1783523700,4033.510000,4033.520000,4026.730000,4030.120000,0.6910
1783524600,4029.550000,4031.900000,4022.230000,4031.900000,2.7120
1783525500,4031.250000,4036.690000,4029.980000,4032.940000,2.8690
1783526400,4033.760000,4040.760000,4033.760000,4038.470000,5.4840
1783527300,4037.940000,4043.040000,4037.940000,4041.910000,0.4360
1783528200,4042.470000,4053.870000,4039.630000,4053.870000,2.8620
1783529100,4054.050000,4061.290000,4053.290000,4061.290000,4.6440
1783530000,4061.220000,4066.660000,4058.910000,4064.070000,0.5820
1783530900,4064.000000,4070.230000,4062.350000,4070.230000,0.5060
1783531800,4070.390000,4072.120000,4067.510000,4067.510000,0.4670
1783532700,4066.940000,4067.530000,4062.920000,4062.920000,0.0980
1783533600,4062.370000,4071.440000,4061.940000,4071.440000,1.4880
1783534500,4070.860000,4070.860000,4065.680000,4067.410000,0.1800
1783535400,4066.840000,4074.900000,4065.690000,4074.900000,0.3890
1783536300,4074.970000,4086.470000,4074.970000,4079.830000,0.6700
1783537200,4081.150000,4085.770000,4081.150000,4082.310000,11.1900
1783538100,4082.090000,4082.880000,4081.740000,4082.880000,0.0310
1783539000,4083.460000,4086.260000,4080.570000,4080.570000,0.2150
1783539900,4079.990000,4079.990000,4075.950000,4077.100000,0.1320
1783540800,4075.860000,4077.570000,4073.530000,4074.690000,5.5670
1783541700,4074.160000,4074.620000,4071.810000,4071.810000,0.3090
1783542600,4072.380000,4072.960000,4069.430000,4071.230000,0.0770
1783543500,4071.230000,4074.680000,4071.230000,4072.960000,0.0930
1783544400,4073.530000,4073.720000,4073.530000,4073.720000,0.0050
1783545300,4073.260000,4073.260000,4072.040000,4072.040000,0.3890
1783546200,4072.610000,4073.350000,4071.860000,4073.350000,0.4920
1783547100,4073.430000,4075.740000,4073.430000,4075.740000,1.1100
1783548000,4075.350000,4075.350000,4071.480000,4074.480000,0.6440
1783548900,4073.910000,4073.910000,4071.020000,4071.020000,0.0680
1783549800,4071.600000,4073.900000,4071.600000,4073.320000,0.0300
1783550700,4073.900000,4075.420000,4073.900000,4073.900000,0.1110
1783551600,4073.330000,4073.330000,4071.490000,4072.630000,0.0600
1783552500,4072.640000,4072.640000,4071.650000,4072.640000,0.0000
1783553400,4072.630000,4073.210000,4071.220000,4071.220000,0.2440
1783554300,4072.040000,4072.070000,4069.760000,4071.920000,0.1020
1783555200,4072.610000,4082.350000,4072.610000,4082.350000,0.3120
1783556100,4082.930000,4084.490000,4071.960000,4073.120000,0.4420
1783557000,4073.690000,4076.000000,4073.120000,4073.120000,0.1040
1783557900,4072.540000,4073.690000,4067.360000,4069.090000,0.1300
1783558800,4069.230000,4073.020000,4062.260000,4068.980000,1.1430
1783559700,4069.560000,4071.600000,4064.950000,4064.950000,0.2400
1783560600,4064.390000,4070.970000,4060.950000,4068.980000,0.2590
1783561500,4069.560000,4070.710000,4065.850000,4067.830000,1.1110
1783562400,4068.880000,4074.630000,4068.880000,4074.630000,0.7250
1783563300,4074.070000,4077.830000,4074.070000,4076.860000,0.5840
1783564200,4076.400000,4076.400000,4067.150000,4067.150000,0.1710
1783565100,4066.640000,4066.640000,4061.990000,4061.990000,0.2070
1783566000,4061.570000,4061.890000,4053.320000,4053.890000,0.1760
1783566900,4053.320000,4056.170000,4052.170000,4055.590000,0.1630
1783567800,4055.030000,4059.030000,4054.470000,4057.330000,0.5930
1783568700,4058.460000,4059.990000,4058.460000,4059.200000,0.2220
1783569600,4060.000000,4060.910000,4057.790000,4058.360000,0.2600
1783570500,4057.790000,4057.790000,4055.500000,4056.060000,0.1320
1783571400,4056.640000,4061.220000,4056.050000,4056.050000,0.1350
1783572300,4055.740000,4060.640000,4055.500000,4060.640000,0.0990
1783573200,4061.220000,4072.640000,4061.220000,4069.720000,0.9110
1783574100,4069.140000,4069.140000,4064.550000,4067.430000,0.0930
1783575000,4067.990000,4072.590000,4062.830000,4072.020000,0.3710
1783575900,4072.590000,4080.670000,4071.970000,4078.930000,0.2220
1783576800,4079.510000,4094.050000,4079.510000,4087.510000,0.8510
1783577700,4088.090000,4097.970000,4088.090000,4097.970000,0.4270
1783578600,4097.380000,4101.170000,4092.740000,4096.800000,2.2700
1783579500,4097.380000,4102.050000,4097.380000,4102.050000,0.8510
1783580400,4103.030000,4104.360000,4097.860000,4097.860000,0.9470
1783581300,4097.530000,4104.360000,4097.530000,4104.360000,0.4470
1783582200,4103.690000,4104.860000,4100.190000,4104.860000,0.3130
1783583100,4104.280000,4104.860000,4100.400000,4102.520000,0.7380
1783584000,4103.110000,4105.340000,4101.420000,4103.000000,0.5280
1783584900,4103.580000,4111.720000,4103.580000,4110.030000,0.7430
1783585800,4110.020000,4110.020000,4105.930000,4108.720000,0.9180
1783586700,4108.260000,4108.260000,4103.240000,4103.250000,0.8860
1783587600,4103.770000,4104.050000,4101.570000,4103.470000,0.6090
1783588500,4103.510000,4105.930000,4103.510000,4103.510000,0.4580
1783589400,4103.480000,4103.480000,4098.820000,4099.430000,3.7290
1783590300,4098.810000,4101.150000,4098.590000,4101.150000,0.0370
1783591200,4101.030000,4103.950000,4100.040000,4101.030000,0.1420
1783592100,4100.450000,4100.450000,4099.280000,4099.280000,0.2610
1783593000,4098.700000,4099.280000,4097.390000,4098.700000,1.8540
1783593900,4098.190000,4098.620000,4090.320000,4092.880000,0.8980
1783594800,4093.930000,4099.180000,4093.930000,4099.180000,0.2240
1783595700,4099.680000,4100.990000,4095.130000,4095.130000,0.1240
1783596600,4095.680000,4103.830000,4095.000000,4102.090000,0.3530
1783597500,4101.500000,4104.420000,4100.340000,4103.840000,0.0590
1783598400,4103.250000,4113.740000,4101.430000,4108.980000,1.5690
1783599300,4108.400000,4108.400000,4101.060000,4101.390000,1.0640
1783600200,4101.980000,4116.040000,4101.980000,4108.400000,0.4130
1783601100,4107.820000,4108.400000,4103.100000,4103.100000,0.2380
1783602000,4102.670000,4115.330000,4102.450000,4115.330000,0.9240
1783602900,4115.560000,4121.550000,4114.080000,4120.650000,8.4540
1783603800,4120.690000,4123.560000,4114.970000,4122.980000,2.7020
1783604700,4122.390000,4122.390000,4113.820000,4116.500000,1.9410
1783605600,4115.930000,4130.540000,4115.930000,4118.150000,5.2730
1783606500,4117.570000,4119.330000,4109.400000,4118.740000,9.1160
1783607400,4118.150000,4121.310000,4115.810000,4119.540000,12.2160
1783608300,4118.740000,4122.410000,4113.670000,4122.080000,14.0720
1783609200,4122.320000,4125.460000,4120.600000,4120.750000,8.1750
1783610100,4120.570000,4124.520000,4120.560000,4122.110000,3.1370
1783611000,4121.830000,4125.110000,4121.580000,4125.110000,0.6930
1783611900,4125.700000,4126.380000,4121.840000,4122.160000,1.5740
1783612800,4121.820000,4124.400000,4121.460000,4123.920000,7.9140
1783613700,4123.820000,4126.840000,4122.650000,4126.110000,19.1240
1783614600,4126.620000,4130.590000,4126.170000,4126.760000,3.6580
1783615500,4127.350000,4127.350000,4122.640000,4122.640000,3.7970
1783616400,4122.060000,4122.060000,4120.180000,4120.180000,0.4690
1783617300,4120.170000,4124.890000,4119.660000,4124.890000,1.8520
1783618200,4125.460000,4126.650000,4122.530000,4126.060000,2.6060
1783619100,4125.820000,4130.190000,4125.820000,4129.010000,0.9800
1783620000,4128.900000,4128.900000,4121.830000,4122.070000,0.4730
1783620900,4122.380000,4122.380000,4117.720000,4118.400000,0.6900
1783621800,4117.710000,4118.290000,4116.410000,4118.290000,1.3040
1783622700,4117.710000,4117.710000,4116.710000,4117.710000,0.7450
1783623600,4118.710000,4119.590000,4117.020000,4117.860000,8.7000
1783624500,4117.970000,4118.790000,4116.420000,4116.420000,1.8010
1783625400,4115.830000,4115.830000,4115.250000,4115.250000,0.6120
1783626300,4115.830000,4117.020000,4115.830000,4116.330000,5.3720
1783627200,4117.480000,4117.500000,4116.310000,4116.310000,0.2740
1783628100,4116.000000,4116.850000,4116.000000,4116.090000,0.0000
1783629000,4116.240000,4118.660000,4116.240000,4118.660000,1.2580
1783629900,4118.720000,4118.720000,4118.720000,4118.720000,0.2420
1783630800,4119.220000,4119.220000,4116.790000,4116.790000,0.3260
1783631700,4116.880000,4118.540000,4116.880000,4118.540000,1.1720
1783632600,4119.120000,4120.910000,4119.120000,4120.910000,0.8140
1783633500,4120.880000,4120.880000,4120.880000,4120.880000,0.0510
1783634400,4120.670000,4120.670000,4117.860000,4117.880000,1.1000
1783635300,4117.990000,4117.990000,4117.990000,4117.990000,0.5560
1783636200,4117.920000,4118.390000,4117.920000,4118.390000,0.2980
1783637100,4118.390000,4118.390000,4116.720000,4117.040000,0.2320
1783638000,4117.230000,4117.920000,4117.230000,4117.920000,0.3650
1783638900,4118.110000,4118.110000,4116.690000,4116.690000,0.4180
1783639800,4117.020000,4117.020000,4116.900000,4116.900000,0.4840
1783640700,4116.710000,4117.580000,4116.630000,4117.580000,0.4170
1783641600,4117.030000,4118.210000,4115.280000,4116.450000,0.4550
1783642500,4115.860000,4115.860000,4111.900000,4112.540000,0.3570
1783643400,4111.760000,4116.460000,4108.830000,4116.460000,1.1560
1783644300,4117.030000,4121.150000,4116.450000,4121.150000,0.5570
1783645200,4121.180000,4123.980000,4113.880000,4118.680000,1.2290
1783646100,4118.180000,4120.450000,4115.750000,4115.750000,0.6460
1783647000,4116.340000,4116.340000,4104.640000,4106.370000,2.3030
1783647900,4106.060000,4114.580000,4104.640000,4112.820000,2.2790
1783648800,4112.230000,4121.900000,4112.120000,4119.750000,0.4930
1783649700,4119.160000,4120.920000,4117.400000,4118.570000,0.5030
1783650600,4119.160000,4121.510000,4117.400000,4119.700000,0.7380
1783651500,4119.540000,4122.100000,4119.540000,4121.510000,0.5420
1783652400,4120.930000,4127.880000,4120.930000,4121.390000,1.0980
1783653300,4120.960000,4120.960000,4116.110000,4119.050000,0.1990
1783654200,4119.630000,4120.800000,4117.130000,4117.130000,0.6460
1783655100,4116.700000,4116.700000,4114.850000,4114.850000,0.0270
1783656000,4114.390000,4114.390000,4112.040000,4114.240000,0.6560
1783656900,4114.790000,4114.830000,4108.980000,4111.320000,0.1130
1783657800,4111.900000,4112.490000,4111.900000,4112.490000,0.0210
1783658700,4111.320000,4111.320000,4110.150000,4110.150000,0.0220
1783659600,4109.930000,4110.040000,4109.320000,4109.450000,0.0270
1783660500,4110.040000,4110.800000,4109.450000,4109.450000,0.2710
1783661400,4108.870000,4108.920000,4105.120000,4108.280000,0.3170
1783662300,4108.360000,4110.150000,4104.200000,4110.150000,0.4430
1783663200,4111.680000,4112.950000,4110.510000,4110.510000,0.1350
1783664100,4109.930000,4113.450000,4109.930000,4110.510000,0.1970
1783665000,4109.950000,4109.950000,4107.490000,4107.490000,0.1240
1783665900,4107.050000,4108.760000,4107.050000,4107.610000,0.2320
1783666800,4107.610000,4108.060000,4104.570000,4106.310000,0.1460
1783667700,4105.730000,4108.650000,4104.620000,4107.480000,0.4570
1783668600,4107.420000,4108.060000,4098.160000,4098.740000,14.3590
1783669500,4099.280000,4101.070000,4097.120000,4100.330000,27.5190
1783670400,4100.490000,4100.880000,4096.940000,4100.880000,8.8250
1783671300,4100.960000,4101.540000,4098.040000,4098.040000,0.6240
1783672200,4098.630000,4098.630000,4093.890000,4095.650000,9.8130
1783673100,4095.340000,4095.340000,4090.010000,4090.840000,1.9770
1783674000,4091.620000,4094.280000,4089.260000,4094.280000,2.3250
1783674900,4094.460000,4096.790000,4094.460000,4096.780000,1.7250
1783675800,4097.070000,4097.950000,4094.460000,4097.950000,0.2340
1783676700,4098.170000,4099.690000,4097.780000,4099.690000,0.3440
1783677600,4100.000000,4102.020000,4100.000000,4101.400000,0.0710
1783678500,4102.490000,4106.560000,4102.490000,4103.080000,0.3000
1783679400,4104.230000,4104.270000,4101.910000,4102.320000,0.2580
1783680300,4103.030000,4103.030000,4099.580000,4099.580000,0.0590
1783681200,4099.800000,4102.050000,4099.480000,4101.800000,0.9120
1783682100,4100.940000,4101.800000,4095.990000,4095.990000,0.3880
1783683000,4095.410000,4101.360000,4091.940000,4101.360000,3.9150
1783683900,4101.160000,4101.800000,4098.310000,4098.310000,1.4160
1783684800,4097.740000,4110.000000,4097.040000,4109.850000,1.5850
1783685700,4110.430000,4110.430000,4099.670000,4101.110000,0.3950
1783686600,4101.690000,4101.760000,4094.430000,4094.480000,0.3780
1783687500,4094.140000,4099.000000,4094.140000,4095.880000,1.3190
1783688400,4095.970000,4099.450000,4094.620000,4099.250000,5.2020
1783689300,4099.680000,4100.420000,4083.050000,4083.050000,2.7270
1783690200,4083.630000,4096.350000,4083.630000,4094.610000,1.1370
1783691100,4094.040000,4099.250000,4093.100000,4095.770000,0.6970
1783692000,4096.610000,4098.560000,4094.700000,4096.790000,2.6750
1783692900,4096.240000,4104.380000,4095.660000,4103.180000,0.6520
1783693800,4102.630000,4104.180000,4071.540000,4096.240000,3.4860
1783694700,4095.960000,4102.630000,4089.290000,4089.290000,2.0830
1783695600,4089.500000,4096.130000,4089.470000,4094.400000,0.8930
1783696500,4094.920000,4102.520000,4094.920000,4097.970000,3.6450
1783697400,4099.040000,4101.360000,4098.540000,4101.360000,0.5230
1783698300,4101.940000,4107.770000,4101.940000,4107.770000,0.1950
1783699200,4107.450000,4108.820000,4104.160000,4104.160000,0.6100
1783700100,4104.740000,4108.240000,4103.230000,4108.240000,1.1300
1783701000,4108.820000,4109.410000,4105.890000,4105.890000,0.4070
1783701900,4105.330000,4105.330000,4101.250000,4101.250000,0.0750
1783702800,4100.750000,4101.720000,4098.840000,4101.710000,0.8260
1783703700,4101.720000,4103.470000,4101.720000,4102.360000,0.1660
1783704600,4103.470000,4103.470000,4102.310000,4102.310000,0.0180
1783705500,4101.960000,4101.960000,4098.780000,4098.780000,0.2830
1783706400,4098.250000,4101.570000,4098.250000,4101.060000,0.4060
1783707300,4101.050000,4102.730000,4099.300000,4100.630000,1.1620
1783708200,4099.880000,4099.880000,4096.990000,4096.990000,0.3250
1783709100,4096.970000,4097.550000,4096.390000,4097.550000,0.3170
1783710000,4097.440000,4098.610000,4095.700000,4097.450000,0.1390
1783710900,4098.600000,4099.180000,4098.600000,4099.180000,0.0100
1783711800,4098.600000,4099.180000,4098.030000,4099.180000,0.3620
1783712700,4099.760000,4103.830000,4099.760000,4103.830000,0.1120
1783713600,4104.360000,4109.550000,4104.360000,4107.730000,0.2560
1783714500,4108.320000,4108.330000,4108.320000,4108.330000,0.0120
1783715400,4107.440000,4108.150000,4107.250000,4107.940000,0.0000
1783716300,4108.380000,4115.390000,4108.380000,4115.390000,0.1890
1783717200,4115.860000,4115.860000,4114.100000,4114.100000,0.0630
1783718100,4114.700000,4117.430000,4113.480000,4115.870000,1.6220
1783719000,4115.280000,4115.280000,4114.120000,4114.290000,0.0730
1783719900,4114.390000,4115.270000,4114.390000,4115.260000,0.0000
1783720800,4115.630000,4115.750000,4115.110000,4115.750000,0.0000
1783721700,4115.750000,4115.750000,4115.750000,4115.750000,0.0050
1783722600,4116.330000,4116.330000,4115.170000,4115.170000,0.3040
1783723500,4114.580000,4114.580000,4114.450000,4114.450000,0.1550
1783724400,4114.010000,4114.010000,4114.000000,4114.000000,0.0670
1783725300,4113.910000,4113.910000,4113.910000,4113.910000,0.1400
1783726200,4114.600000,4114.600000,4113.890000,4113.890000,0.0680
1783727100,4113.430000,4114.060000,4113.310000,4113.760000,0.0000
1783728000,4114.930000,4114.940000,4114.450000,4114.450000,0.5830
1783728900,4113.780000,4114.480000,4113.220000,4114.480000,0.4480
1783729800,4114.080000,4114.710000,4113.780000,4114.710000,0.5130
1783730700,4114.350000,4114.360000,4113.780000,4113.780000,0.3690
1783731600,4113.890000,4113.890000,4113.360000,4113.360000,0.2040
1783732500,4113.180000,4113.230000,4113.090000,4113.090000,0.0000
1783733400,4113.090000,4113.090000,4113.090000,4113.090000,0.0790
1783734300,4113.080000,4113.080000,4111.330000,4111.330000,0.1530
1783735200,4112.390000,4112.390000,4112.390000,4112.390000,0.0050
1783736100,4112.050000,4112.310000,4112.050000,4112.310000,0.2780
1783737000,4112.550000,4112.610000,4112.300000,4112.300000,0.9680
1783737900,4112.300000,4112.300000,4112.300000,4112.300000,0.0000
1783738800,4112.300000,4112.300000,4112.290000,4112.290000,0.0000
1783739700,4112.280000,4112.280000,4111.690000,4111.690000,0.4740
1783740600,4111.120000,4111.120000,4111.120000,4111.120000,0.0000
1783741500,4111.110000,4111.110000,4110.660000,4110.670000,0.3630
1783742400,4110.950000,4111.780000,4110.950000,4111.370000,0.0030
1783743300,4111.470000,4111.470000,4111.470000,4111.470000,0.0010
1783744200,4111.420000,4112.070000,4111.420000,4112.070000,0.0000
1783745100,4112.080000,4112.080000,4111.980000,4112.030000,0.0000
1783746000,4112.170000,4112.170000,4112.170000,4112.170000,0.0040
1783746900,4112.260000,4112.390000,4112.020000,4112.060000,0.0000
1783747800,4112.160000,4112.650000,4112.160000,4112.650000,0.0360
1783748700,4113.080000,4113.150000,4112.870000,4113.140000,0.0000
1783749600,4113.060000,4113.060000,4112.530000,4112.530000,0.0140
1783750500,4112.000000,4112.150000,4112.000000,4112.150000,0.4620
1783751400,4112.570000,4112.730000,4112.570000,4112.730000,0.0660
1783752300,4113.110000,4113.110000,4113.110000,4113.110000,0.0000
1783753200,4113.100000,4113.100000,4113.100000,4113.100000,0.0030
1783754100,4113.080000,4113.080000,4112.420000,4112.420000,0.2500
1783755000,4112.840000,4112.950000,4112.630000,4112.650000,0.0000
1783755900,4112.590000,4112.590000,4111.440000,4112.120000,0.6670
1783756800,4112.890000,4112.900000,4112.890000,4112.900000,0.1100
1783757700,4113.420000,4113.470000,4113.400000,4113.470000,0.2240
1783758600,4113.470000,4113.470000,4113.190000,4113.470000,0.0000
1783759500,4113.460000,4113.460000,4113.460000,4113.460000,0.3520
1783760400,4113.450000,4113.450000,4113.450000,4113.450000,0.0040
1783761300,4113.430000,4113.560000,4113.250000,4113.430000,0.0000
1783762200,4113.430000,4113.440000,4113.430000,4113.440000,0.0000
1783763100,4113.440000,4114.530000,4113.440000,4114.530000,1.0820
1783764000,4115.480000,4115.490000,4115.480000,4115.490000,0.2420
1783764900,4115.080000,4115.100000,4114.570000,4114.570000,0.0000
1783765800,4114.580000,4114.930000,4114.570000,4114.610000,0.0000
1783766700,4114.620000,4115.010000,4114.500000,4114.500000,0.0000
1783767600,4114.400000,4114.400000,4114.400000,4114.400000,0.0050
1783768500,4114.320000,4114.560000,4114.320000,4114.470000,0.0000
1783769400,4114.440000,4114.570000,4114.320000,4114.320000,0.0000
1783770300,4114.320000,4114.320000,4114.320000,4114.320000,0.0000
1783771200,4114.360000,4114.360000,4113.940000,4113.940000,0.0520
1783772100,4113.680000,4113.680000,4112.730000,4112.730000,0.5410
1783773000,4113.100000,4113.120000,4112.600000,4112.820000,0.0000
1783773900,4112.820000,4113.000000,4112.650000,4112.880000,0.0000
1783774800,4112.990000,4112.990000,4112.990000,4112.990000,0.0040
1783775700,4112.920000,4112.920000,4112.910000,4112.920000,3.0710
1783776600,4112.920000,4112.920000,4112.920000,4112.920000,1.9320
1783777500,4113.510000,4114.410000,4113.510000,4114.410000,0.0270
1783778400,4114.360000,4114.360000,4113.990000,4113.990000,0.5630
1783779300,4113.980000,4113.980000,4113.980000,4113.980000,0.0010
1783780200,4113.980000,4114.570000,4113.970000,4114.570000,0.7730
1783781100,4114.810000,4114.810000,4114.110000,4114.480000,0.0000
1783782000,4114.210000,4114.210000,4104.590000,4106.720000,3.7560
1783782900,4108.170000,4108.580000,4108.170000,4108.480000,0.0000
1783783800,4108.480000,4108.830000,4105.720000,4105.720000,1.1630
1783784700,4105.780000,4106.250000,4105.780000,4106.250000,0.1370
1783785600,4106.260000,4106.660000,4106.260000,4106.660000,0.2690
1783786500,4106.910000,4106.940000,4106.910000,4106.940000,0.2690
1783787400,4107.350000,4107.550000,4107.350000,4107.550000,0.0570
1783788300,4107.920000,4108.370000,4107.920000,4108.150000,0.1760
1783789200,4108.490000,4108.490000,4107.920000,4108.220000,0.0500
1783790100,4108.020000,4108.020000,4107.850000,4107.890000,0.0470
1783791000,4108.420000,4108.490000,4108.210000,4108.470000,0.0000
1783791900,4108.540000,4108.920000,4108.340000,4108.470000,0.0000
1783792800,4108.320000,4108.320000,4108.300000,4108.300000,0.3280
1783793700,4107.710000,4107.710000,4107.710000,4107.710000,0.0020
1783794600,4107.720000,4107.720000,4107.720000,4107.720000,0.0000
1783795500,4107.710000,4107.710000,4107.130000,4107.130000,0.0500
1783796400,4107.130000,4107.130000,4106.140000,4106.140000,0.2820
1783797300,4106.660000,4106.890000,4106.660000,4106.780000,0.0000
1783798200,4106.670000,4106.830000,4106.560000,4106.730000,0.0000
1783799100,4106.620000,4106.620000,4106.400000,4106.400000,0.5010
1783800000,4106.640000,4106.970000,4106.520000,4106.590000,0.0000
1783800900,4106.570000,4106.780000,4106.540000,4106.780000,0.0000
1783801800,4106.870000,4106.870000,4106.870000,4106.870000,0.2430
1783802700,4106.920000,4106.920000,4106.920000,4106.920000,0.4860
1783803600,4107.530000,4107.530000,4104.480000,4104.480000,0.3080
1783804500,4103.900000,4103.900000,4102.470000,4102.470000,1.0840
1783805400,4102.880000,4102.880000,4102.880000,4102.880000,0.0040
1783806300,4102.880000,4103.000000,4102.240000,4103.000000,0.8100
1783807200,4102.830000,4103.440000,4102.830000,4103.300000,0.0000
1783808100,4103.100000,4103.100000,4103.100000,4103.100000,0.2780
1783809000,4102.640000,4102.770000,4102.640000,4102.690000,0.0000
1783809900,4103.320000,4103.320000,4103.320000,4103.320000,0.0050
1783810800,4103.320000,4103.320000,4103.310000,4103.310000,0.0070
1783811700,4103.100000,4103.100000,4101.460000,4101.460000,0.3040
1783812600,4101.370000,4101.370000,4101.370000,4101.370000,0.0080
1783813500,4101.300000,4101.940000,4101.300000,4101.940000,0.1640
1783814400,4101.840000,4101.840000,4100.170000,4100.760000,0.6370
1783815300,4100.760000,4101.720000,4100.760000,4101.170000,0.6670
1783816200,4101.200000,4101.200000,4100.690000,4100.690000,0.0000
1783817100,4100.680000,4100.680000,4098.590000,4098.790000,0.9940
1783818000,4099.320000,4099.340000,4099.290000,4099.290000,0.0200
1783818900,4099.990000,4101.150000,4099.990000,4101.150000,0.7620
1783819800,4101.610000,4101.610000,4101.590000,4101.590000,0.0000
1783820700,4100.920000,4100.920000,4100.920000,4100.920000,0.0010
1783821600,4100.930000,4100.930000,4100.930000,4100.930000,0.0000
1783822500,4100.920000,4100.920000,4100.460000,4100.460000,0.0140
1783823400,4100.120000,4100.120000,4099.300000,4099.300000,0.1950
1783824300,4099.880000,4101.620000,4099.880000,4101.620000,0.0500
1783825200,4102.240000,4102.320000,4101.950000,4102.190000,0.0000
1783826100,4102.330000,4102.450000,4102.190000,4102.360000,0.0000
1783827000,4102.220000,4102.550000,4102.130000,4102.550000,0.1160
1783827900,4102.440000,4102.440000,4102.430000,4102.430000,0.2240
1783828800,4103.020000,4103.020000,4102.610000,4102.670000,0.0070
1783829700,4102.670000,4102.670000,4102.670000,4102.670000,0.0000
1783830600,4102.670000,4102.670000,4102.420000,4102.430000,0.0000
1783831500,4102.430000,4102.430000,4102.420000,4102.420000,0.0000
1783832400,4102.430000,4102.500000,4101.290000,4101.290000,0.4990
1783833300,4100.720000,4100.720000,4100.720000,4100.720000,0.0050
1783834200,4100.140000,4100.140000,4099.260000,4099.280000,0.0650
1783835100,4099.610000,4100.140000,4099.040000,4100.140000,0.5000
1783836000,4099.640000,4099.640000,4099.440000,4099.440000,0.0240
1783836900,4098.870000,4098.870000,4098.870000,4098.870000,0.0050
1783837800,4098.450000,4098.450000,4098.310000,4098.310000,0.0000
1783838700,4098.310000,4098.620000,4098.300000,4098.460000,0.0000
1783839600,4098.760000,4098.760000,4098.640000,4098.730000,0.8610
1783840500,4098.830000,4098.850000,4098.440000,4098.530000,0.0000
1783841400,4098.530000,4098.650000,4098.530000,4098.650000,0.0000
1783842300,4098.730000,4098.730000,4098.730000,4098.730000,0.0010
1783843200,4098.720000,4098.750000,4098.710000,4098.720000,0.0000
1783844100,4098.720000,4098.720000,4098.720000,4098.720000,0.0000
1783845000,4098.720000,4098.760000,4098.720000,4098.760000,0.0000
1783845900,4098.760000,4098.760000,4098.760000,4098.760000,0.0000
1783846800,4098.760000,4098.760000,4098.750000,4098.750000,0.0140
1783847700,4099.190000,4099.190000,4099.000000,4099.000000,0.0130
1783848600,4098.920000,4098.920000,4098.660000,4098.900000,0.0000
1783849500,4099.290000,4099.480000,4099.290000,4099.470000,0.3580
1783850400,4099.310000,4099.860000,4099.210000,4099.720000,0.0000
1783851300,4099.720000,4099.970000,4099.580000,4099.880000,0.0000
1783852200,4099.880000,4099.970000,4099.640000,4099.660000,0.0000
1783853100,4100.170000,4100.350000,4100.170000,4100.350000,0.0240
1783854000,4099.980000,4099.980000,4099.950000,4099.960000,0.3960
1783854900,4099.730000,4099.730000,4099.640000,4099.640000,0.0000
1783855800,4100.030000,4100.030000,4098.640000,4099.800000,1.8320
1783856700,4099.000000,4099.000000,4098.990000,4098.990000,0.1380
1783857600,4098.500000,4098.510000,4098.500000,4098.500000,0.1610
1783858500,4098.510000,4098.510000,4098.510000,4098.510000,0.0000
1783859400,4098.510000,4098.640000,4098.510000,4098.510000,0.0000
1783860300,4098.510000,4098.510000,4098.510000,4098.510000,0.0000
1783861200,4098.510000,4098.510000,4097.600000,4097.600000,0.2190
1783862100,4097.830000,4097.920000,4097.550000,4097.550000,0.8160
1783863000,4097.550000,4097.550000,4097.550000,4097.550000,0.0000
1783863900,4097.540000,4097.540000,4096.830000,4096.830000,0.3370
1783864800,4097.030000,4097.030000,4097.030000,4097.030000,0.2430
1783865700,4097.170000,4097.200000,4097.040000,4097.040000,0.0000
1783866600,4097.030000,4097.030000,4096.170000,4096.170000,0.1710
1783867500,4096.250000,4098.080000,4096.250000,4098.080000,1.4240
1783868400,4097.980000,4100.800000,4097.980000,4100.800000,1.0260
1783869300,4100.500000,4101.100000,4100.280000,4100.930000,0.0000
1783870200,4100.390000,4100.390000,4100.380000,4100.380000,0.1210
1783871100,4100.220000,4100.220000,4100.220000,4100.220000,0.2480
1783872000,4100.460000,4100.540000,4100.350000,4100.350000,0.0000
1783872900,4100.340000,4100.340000,4100.100000,4100.100000,0.0100
1783873800,4099.540000,4099.540000,4099.540000,4099.540000,0.0070
1783874700,4099.590000,4099.650000,4099.590000,4099.600000,0.1350
1783875600,4099.650000,4099.720000,4099.590000,4099.590000,2.9530
1783876500,4099.590000,4099.590000,4098.260000,4098.260000,3.6400
1783877400,4098.260000,4098.260000,4098.260000,4098.260000,0.0010
1783878300,4098.260000,4098.260000,4098.260000,4098.260000,0.0030
1783879200,4097.690000,4097.690000,4097.580000,4097.580000,0.0100
1783880100,4097.580000,4097.580000,4097.580000,4097.580000,0.0000
1783881000,4097.010000,4097.010000,4097.010000,4097.010000,0.0000
1783881900,4097.010000,4097.070000,4096.420000,4096.420000,1.4900
1783882800,4096.040000,4096.590000,4096.040000,4096.500000,0.0000
1783883700,4096.660000,4096.660000,4096.660000,4096.660000,0.0020
1783884600,4096.500000,4096.700000,4096.500000,4096.660000,0.0000
1783885500,4096.830000,4096.830000,4096.830000,4096.830000,0.0030
1783886400,4096.650000,4096.650000,4096.650000,4096.650000,0.0040
1783887300,4097.860000,4098.060000,4097.860000,4098.060000,0.0180
1783888200,4098.200000,4099.090000,4098.200000,4099.090000,0.2690
1783889100,4099.420000,4099.520000,4099.300000,4099.470000,0.0000
1783890000,4099.750000,4099.750000,4099.750000,4099.750000,0.0040
1783890900,4099.480000,4099.590000,4099.480000,4099.590000,0.0020
1783891800,4098.990000,4098.990000,4097.830000,4097.830000,0.5150
1783892700,4097.830000,4097.830000,4095.720000,4095.780000,0.4290
1783893600,4095.560000,4097.150000,4078.200000,4078.770000,4.0330
1783894500,4079.350000,4082.210000,4078.210000,4079.920000,0.0930
1783895400,4080.500000,4080.500000,4075.930000,4076.500000,0.0870
1783896300,4075.900000,4075.930000,4068.680000,4074.780000,0.6340
1783897200,4074.210000,4074.210000,4066.720000,4067.850000,0.1560
1783898100,4067.280000,4070.690000,4066.710000,4070.690000,0.0590
1783899000,4070.120000,4074.680000,4070.120000,4073.940000,0.1230
1783899900,4073.880000,4080.000000,4072.970000,4080.000000,0.3870
1783900800,4080.350000,4086.010000,4078.570000,4084.290000,0.5750
1783901700,4083.900000,4083.940000,4072.870000,4072.870000,0.3870
1783902600,4072.840000,4072.840000,4060.360000,4068.890000,2.1520
1783903500,4069.280000,4072.870000,4065.850000,4071.160000,1.3250
1783904400,4070.590000,4076.180000,4062.780000,4075.040000,0.7160
1783905300,4075.610000,4077.330000,4067.310000,4074.970000,0.8770
1783906200,4075.040000,4083.620000,4075.040000,4080.180000,0.4710
1783907100,4080.750000,4082.470000,4065.850000,4069.350000,0.5690
1783908000,4068.780000,4070.380000,4067.540000,4068.680000,0.4730
1783908900,4069.250000,4069.820000,4064.700000,4064.700000,0.0740
1783909800,4065.840000,4072.100000,4063.560000,4068.110000,0.2610
1783910700,4068.110000,4068.110000,4066.060000,4066.410000,0.0720
1783911600,4065.850000,4065.850000,4051.600000,4053.980000,1.5730
1783912500,4054.420000,4058.380000,4054.420000,4058.380000,0.8130
1783913400,4058.420000,4058.420000,4054.980000,4054.980000,0.3070
1783914300,4055.550000,4056.690000,4055.550000,4056.690000,0.0240
1783915200,4056.490000,4056.490000,4050.980000,4050.990000,1.0460
1783916100,4051.260000,4053.470000,4049.490000,4052.060000,18.0040
1783917000,4052.660000,4052.810000,4050.940000,4050.940000,4.0590
1783917900,4051.490000,4054.880000,4051.490000,4054.880000,3.8820
1783918800,4054.990000,4067.800000,4053.090000,4065.530000,1.5440
1783919700,4064.960000,4064.960000,4055.910000,4055.910000,0.9880
1783920600,4055.360000,4061.480000,4050.280000,4060.430000,0.4520
1783921500,4059.870000,4059.870000,4051.400000,4051.400000,1.0780
1783922400,4052.100000,4052.100000,4042.870000,4048.480000,1.7560
1783923300,4048.490000,4057.030000,4048.490000,4057.030000,0.9160
1783924200,4057.340000,4059.580000,4056.350000,4057.370000,0.4330
1783925100,4056.940000,4056.940000,4050.170000,4051.300000,0.9890
1783926000,4052.520000,4057.690000,4048.390000,4053.450000,1.5140
1783926900,4054.020000,4055.710000,4054.020000,4055.710000,0.0280
1783927800,4056.270000,4059.660000,4055.710000,4055.710000,0.9230
1783928700,4055.790000,4060.950000,4054.950000,4060.950000,0.2960
1783929600,4061.360000,4071.470000,4061.360000,4071.470000,0.6550
1783930500,4071.600000,4076.030000,4071.470000,4071.470000,0.2840
1783931400,4070.900000,4071.770000,4069.190000,4071.470000,0.7470
1783932300,4070.900000,4074.310000,4069.200000,4072.610000,0.1780
1783933200,4072.050000,4072.080000,4070.800000,4070.800000,0.0640
1783934100,4070.300000,4072.400000,4069.100000,4069.100000,0.2340
1783935000,4069.660000,4070.230000,4067.530000,4069.100000,0.1640
1783935900,4069.490000,4069.490000,4066.820000,4066.820000,0.0710
1783936800,4066.380000,4066.810000,4064.450000,4064.450000,0.4660
1783937700,4064.040000,4065.340000,4062.760000,4062.760000,0.1850
1783938600,4062.490000,4063.890000,4048.320000,4050.900000,0.3680
1783939500,4050.340000,4058.270000,4048.650000,4058.270000,0.6120
1783940400,4058.130000,4063.790000,4057.000000,4061.520000,2.0560
1783941300,4061.180000,4061.510000,4056.980000,4059.740000,1.9460
1783942200,4060.390000,4063.780000,4060.390000,4063.570000,0.4110
1783943100,4062.650000,4062.650000,4054.180000,4054.180000,0.1660
1783944000,4055.210000,4056.900000,4051.820000,4054.030000,0.1820
1783944900,4054.080000,4058.590000,4054.080000,4056.340000,0.2110
1783945800,4056.340000,4059.560000,4056.340000,4059.560000,0.3190
1783946700,4059.720000,4062.320000,4059.720000,4062.320000,0.1650
1783947600,4062.550000,4062.710000,4056.800000,4057.930000,0.6000
1783948500,4057.870000,4061.270000,4056.220000,4060.190000,0.3790
1783949400,4059.620000,4060.190000,4050.460000,4050.460000,0.6350
1783950300,4051.160000,4053.980000,4039.940000,4039.940000,0.8640
1783951200,4040.960000,4043.200000,4029.240000,4033.140000,0.9070
1783952100,4033.700000,4034.180000,4003.800000,4016.480000,5.8800
1783953000,4015.930000,4015.930000,4002.150000,4004.350000,3.9560
1783953900,4004.890000,4013.720000,4002.150000,4013.720000,25.5480
1783954800,4014.270000,4017.190000,4011.640000,4014.180000,42.3130
1783955700,4014.170000,4018.600000,4014.170000,4016.940000,0.3370
1783956600,4016.380000,4017.110000,4013.620000,4013.620000,0.1720
1783957500,4013.070000,4014.730000,4011.970000,4014.730000,0.1040
1783958400,4014.630000,4016.310000,4014.070000,4014.070000,0.4350
1783959300,4013.530000,4013.530000,4002.050000,4004.000000,0.5180
1783960200,4004.060000,4004.550000,3992.110000,4000.530000,3.5430
1783961100,4000.870000,4002.520000,3987.720000,3994.380000,0.6300
1783962000,3994.360000,3999.930000,3994.220000,3999.270000,2.9030
1783962900,3999.360000,4002.110000,3999.130000,3999.130000,0.0890
1783963800,3999.750000,4000.780000,3998.340000,3998.340000,0.2890
1783964700,3999.130000,3999.240000,3993.670000,3994.750000,0.1310
1783965600,3994.710000,3997.300000,3991.580000,3994.110000,34.3100
1783966500,3994.660000,3996.770000,3989.200000,3996.470000,0.2520
1783967400,3995.760000,4001.230000,3995.760000,4001.230000,0.1020
1783968300,4001.400000,4006.720000,4000.630000,4001.230000,0.3390
1783969200,4001.780000,4004.430000,4000.050000,4000.050000,0.1790
1783970100,3999.500000,4000.590000,3998.950000,4000.050000,0.5720
1783971000,4000.590000,4001.130000,3995.130000,3999.500000,8.1000
1783971900,3999.500000,4002.240000,3998.980000,4002.240000,0.0850
1783972800,4003.230000,4005.450000,4000.630000,4000.630000,0.1480
1783973700,4000.610000,4001.270000,3997.500000,3999.850000,0.5320
1783974600,4000.110000,4000.110000,3998.860000,3999.950000,0.6410
1783975500,4000.490000,4002.700000,3999.660000,4002.700000,0.0710
1783976400,4002.630000,4002.630000,4001.520000,4001.520000,0.2690
1783977300,4001.520000,4001.520000,4001.520000,4001.520000,0.0080
1783978200,4002.610000,4004.250000,4002.610000,4004.250000,0.1160
1783979100,4004.250000,4004.790000,4004.250000,4004.790000,0.0290
1783980000,4004.800000,4005.540000,4002.510000,4003.060000,1.2030
1783980900,4003.600000,4005.080000,4003.140000,4003.160000,0.7490
1783981800,4003.060000,4003.810000,4001.970000,4002.670000,1.6010
1783982700,4001.970000,4003.620000,4000.800000,4000.800000,8.4010
1783983600,4000.800000,4001.640000,4000.230000,4000.230000,10.1880
1783984500,3999.680000,3999.680000,3997.490000,3997.490000,0.6600
1783985400,3996.940000,3996.940000,3993.130000,3994.770000,2.1580
1783986300,3994.760000,4000.230000,3992.580000,4000.230000,1.4270
1783987200,3999.700000,4002.330000,3984.310000,3993.040000,7.7980
1783988100,3993.250000,3993.580000,3985.390000,3993.580000,1.2740
1783989000,3993.210000,4003.980000,3993.030000,4000.690000,2.1370
1783989900,4000.690000,4005.210000,4000.150000,4003.980000,1.4440
1783990800,4003.430000,4003.430000,3992.280000,3995.120000,1.0240
1783991700,3995.670000,4002.250000,3995.670000,3996.210000,0.5830
1783992600,3996.760000,4001.400000,3993.480000,3999.720000,0.4820
1783993500,3999.910000,4009.380000,3998.950000,4009.380000,0.4540
1783994400,4008.900000,4014.800000,4005.450000,4014.800000,2.5050
1783995300,4015.350000,4015.900000,4012.050000,4014.800000,1.2130
1783996200,4015.900000,4016.000000,4009.790000,4009.790000,0.2890
1783997100,4009.330000,4010.390000,4008.190000,4010.390000,0.0620
1783998000,4011.950000,4013.610000,4010.850000,4010.850000,0.1650
1783998900,4011.400000,4015.810000,4009.750000,4015.810000,0.1020
1783999800,4016.130000,4016.130000,4012.500000,4012.500000,0.8890
1784000700,4013.050000,4014.880000,4013.050000,4013.670000,0.7990
1784001600,4015.160000,4016.040000,4012.230000,4012.960000,0.3670
1784002500,4013.230000,4014.060000,4012.410000,4014.060000,1.3260
1784003400,4014.610000,4020.450000,4014.610000,4019.580000,0.5230
1784004300,4019.030000,4019.030000,4015.090000,4018.480000,0.6420
1784005200,4018.930000,4020.600000,4017.870000,4020.600000,0.2940
1784006100,4020.040000,4020.920000,4018.940000,4020.920000,0.0750
1784007000,4021.150000,4031.130000,4021.150000,4031.130000,0.9890
1784007900,4030.020000,4030.020000,4028.360000,4029.470000,0.8580
1784008800,4028.930000,4029.930000,4026.760000,4029.370000,1.3950
1784009700,4028.820000,4028.820000,4021.590000,4021.590000,3.5800
1784010600,4021.050000,4023.270000,4020.010000,4022.160000,3.9130
1784011500,4022.470000,4023.820000,4021.620000,4021.800000,4.1180
1784012400,4021.610000,4027.050000,4019.310000,4023.730000,14.8860
1784013300,4023.180000,4026.500000,4023.180000,4024.280000,3.8310
1784014200,4023.730000,4025.940000,4020.970000,4020.970000,1.3880
1784015100,4020.960000,4022.620000,4019.300000,4019.300000,0.6240
1784016000,4018.750000,4019.210000,4013.500000,4014.790000,0.9140
1784016900,4015.340000,4019.760000,4015.340000,4019.760000,0.7840
1784017800,4019.210000,4020.860000,4016.450000,4018.060000,0.4740
1784018700,4018.030000,4018.030000,4015.330000,4015.330000,0.3280
1784019600,4014.800000,4020.770000,4013.040000,4018.560000,1.3120
1784020500,4018.560000,4018.560000,4014.130000,4014.130000,0.2740
1784021400,4014.240000,4015.800000,4013.050000,4015.250000,1.1660
1784022300,4015.200000,4020.760000,4015.200000,4018.680000,2.8190
1784023200,4019.630000,4019.650000,4015.800000,4015.800000,0.2600
1784024100,4016.460000,4016.810000,4014.140000,4014.150000,0.5400
1784025000,4014.870000,4016.960000,4013.510000,4016.830000,2.8340
1784025900,4017.060000,4019.020000,4017.060000,4019.020000,0.3950
1784026800,4018.920000,4020.030000,4014.510000,4020.030000,0.5910
1784027700,4020.370000,4025.010000,4019.480000,4023.900000,0.7850
1784028600,4023.350000,4026.670000,4023.100000,4025.560000,0.4900
1784029500,4025.010000,4027.780000,4023.540000,4027.780000,0.3900
1784030400,4028.800000,4031.900000,4023.250000,4023.250000,0.4310
1784031300,4022.700000,4027.220000,4021.590000,4025.470000,1.4530
1784032200,4026.740000,4097.340000,4026.740000,4086.990000,26.2570
1784033100,4086.260000,4088.510000,4065.770000,4071.620000,9.1340
1784034000,4072.000000,4077.010000,4067.930000,4069.060000,1.2040
1784034900,4069.630000,4080.040000,4068.510000,4076.990000,6.1920
1784035800,4076.440000,4082.160000,4071.370000,4081.940000,9.3510
1784036700,4080.980000,4080.980000,4070.190000,4071.890000,5.9880
1784037600,4071.330000,4078.600000,4067.830000,4076.740000,0.6720
1784038500,4076.330000,4078.600000,4065.850000,4070.660000,1.2600
1784039400,4070.890000,4082.160000,4068.960000,4075.190000,5.5340
1784040300,4075.760000,4080.320000,4074.060000,4079.170000,0.4680
1784041200,4079.900000,4092.770000,4073.970000,4083.750000,2.0630
1784042100,4083.620000,4084.170000,4077.930000,4078.500000,0.1770
1784043000,4078.500000,4080.210000,4062.650000,4067.720000,2.9050
1784043900,4068.290000,4069.280000,4060.950000,4060.950000,2.3620
1784044800,4060.880000,4061.290000,4053.530000,4058.590000,1.4260
1784045700,4058.030000,4059.170000,4054.160000,4055.220000,0.1610
1784046600,4055.550000,4056.340000,4053.540000,4056.290000,0.5770
1784047500,4055.930000,4056.340000,4053.550000,4056.340000,3.9980
1784048400,4056.730000,4058.500000,4050.630000,4050.630000,4.4050
1784049300,4050.780000,4056.800000,4049.130000,4056.800000,2.2410
1784050200,4057.370000,4057.930000,4055.130000,4055.150000,0.4500
1784051100,4055.120000,4057.930000,4053.440000,4057.930000,0.7030
1784052000,4057.510000,4057.510000,4055.040000,4056.140000,0.0790
1784052900,4056.700000,4057.260000,4053.050000,4053.090000,0.7410
1784053800,4053.070000,4053.070000,4039.330000,4041.020000,1.4630
1784054700,4041.570000,4049.430000,4041.570000,4049.430000,0.2810
1784055600,4049.910000,4052.110000,4048.760000,4052.110000,0.9830
1784056500,4052.560000,4052.560000,4047.970000,4047.970000,0.3030
1784057400,4047.630000,4047.630000,4044.260000,4047.070000,0.5170
1784058300,4047.630000,4050.990000,4047.630000,4050.990000,0.0500
1784059200,4050.610000,4050.620000,4049.770000,4049.770000,1.7680
1784060100,4049.210000,4049.210000,4048.030000,4048.030000,0.0160
1784061000,4047.530000,4047.530000,4046.410000,4046.410000,0.0220
1784061900,4045.890000,4048.090000,4045.850000,4047.530000,1.0730
1784062800,4047.800000,4050.740000,4047.800000,4050.740000,0.2290
1784063700,4050.650000,4050.790000,4049.670000,4050.790000,0.4120
1784064600,4050.790000,4054.050000,4050.790000,4054.050000,0.2370
1784065500,4054.160000,4056.180000,4051.740000,4053.400000,3.2740
1784066400,4051.350000,4051.350000,4045.660000,4045.810000,0.8210
1784067300,4045.700000,4046.770000,4045.650000,4046.550000,0.1990
1784068200,4046.220000,4046.220000,4045.650000,4045.650000,0.1240
1784069100,4045.100000,4045.100000,4045.100000,4045.100000,0.0020
1784070000,4045.100000,4045.550000,4043.890000,4043.890000,0.4350
1784070900,4044.180000,4048.350000,4043.880000,4048.350000,0.3410
1784071800,4047.790000,4049.580000,4047.290000,4048.930000,0.4380
1784072700,4048.980000,4048.980000,4048.360000,4048.690000,0.0280
1784073600,4048.440000,4051.050000,4048.250000,4048.810000,0.3300
1784074500,4048.580000,4052.960000,4048.260000,4052.960000,0.5030
1784075400,4053.290000,4053.290000,4049.870000,4050.690000,0.3300
1784076300,4051.050000,4055.530000,4051.050000,4055.200000,0.1720
1784077200,4056.000000,4056.560000,4052.080000,4052.630000,0.4980
1784078100,4052.070000,4052.490000,4049.680000,4050.390000,0.5700
1784079000,4049.830000,4049.830000,4033.660000,4033.680000,3.8190
1784079900,4034.240000,4038.100000,4033.100000,4033.100000,1.1590
1784080800,4033.640000,4038.000000,4031.340000,4032.920000,0.4140
1784081700,4032.930000,4032.930000,4026.870000,4028.010000,2.2440
1784082600,4028.560000,4037.450000,4028.560000,4037.450000,0.4220
1784083500,4037.360000,4037.360000,4031.870000,4032.990000,1.0470
1784084400,4032.450000,4035.130000,4030.690000,4030.690000,0.2440
1784085300,4030.130000,4030.130000,4027.300000,4027.300000,0.1300
1784086200,4026.810000,4030.690000,4025.000000,4026.250000,0.1230
1784087100,4026.810000,4029.020000,4026.810000,4028.470000,0.0540
1784088000,4027.920000,4028.940000,4027.120000,4028.940000,0.3490
1784088900,4028.380000,4030.590000,4028.380000,4030.590000,0.2910
1784089800,4030.040000,4030.040000,4026.160000,4026.490000,0.1030
1784090700,4026.710000,4030.020000,4026.710000,4030.020000,0.0440
1784091600,4030.240000,4031.910000,4023.290000,4023.850000,0.3520
1784092500,4023.560000,4024.870000,4022.700000,4022.700000,0.1410
1784093400,4022.190000,4032.160000,4020.400000,4026.620000,0.4370
1784094300,4026.060000,4031.050000,4025.510000,4031.050000,0.1240
1784095200,4031.860000,4031.860000,4024.860000,4024.860000,0.3570
1784096100,4024.310000,4024.310000,4018.800000,4023.200000,0.4090
1784097000,4023.110000,4028.180000,4021.000000,4028.180000,0.5480
1784097900,4027.630000,4028.750000,4027.080000,4028.180000,0.1370
1784098800,4027.940000,4029.680000,4025.870000,4025.870000,0.2750
1784099700,4025.320000,4025.320000,4018.100000,4019.800000,0.1270
1784100600,4020.180000,4022.010000,4017.090000,4018.970000,0.8580
1784101500,4019.250000,4022.380000,4019.250000,4021.450000,0.2860
1784102400,4020.900000,4021.360000,4015.300000,4015.300000,0.1330
1784103300,4015.850000,4022.700000,4015.850000,4022.700000,0.7920
1784104200,4023.020000,4025.950000,4022.470000,4025.950000,0.7870
1784105100,4025.730000,4028.750000,4025.730000,4028.750000,0.1020
1784106000,4028.160000,4030.840000,4027.350000,4027.900000,1.3010
1784106900,4027.340000,4028.990000,4025.130000,4025.130000,0.5760
1784107800,4025.040000,4025.670000,4023.470000,4024.030000,1.1550
1784108700,4024.200000,4026.390000,4023.920000,4026.390000,0.6710
1784109600,4026.320000,4031.120000,4026.240000,4031.120000,2.1110
1784110500,4030.570000,4031.680000,4024.550000,4025.590000,1.1370
1784111400,4025.680000,4029.600000,4025.680000,4028.180000,0.4560
1784112300,4027.800000,4027.800000,4025.050000,4025.480000,1.1620
1784113200,4026.600000,4028.270000,4026.600000,4027.710000,0.0810
1784114100,4027.160000,4027.700000,4025.490000,4027.700000,0.2900
1784115000,4027.700000,4034.910000,4026.740000,4034.790000,3.5770
1784115900,4034.910000,4035.820000,4032.900000,4035.260000,1.6040
1784116800,4035.930000,4037.900000,4033.150000,4033.170000,1.9160
1784117700,4034.260000,4036.480000,4034.260000,4036.480000,0.0420
1784118600,4037.040000,4061.140000,4037.040000,4058.270000,3.2180
1784119500,4058.100000,4065.590000,4057.710000,4064.460000,6.5330
1784120400,4063.890000,4068.690000,4058.170000,4058.170000,1.5350
1784121300,4057.680000,4060.420000,4050.330000,4050.330000,1.1570
1784122200,4051.270000,4057.970000,4051.270000,4057.060000,0.8950
1784123100,4057.050000,4062.070000,4051.150000,4057.610000,1.3120
1784124000,4058.160000,4060.320000,4055.830000,4059.740000,4.7760
1784124900,4059.470000,4060.110000,4050.790000,4053.020000,5.4730
1784125800,4052.700000,4057.510000,4052.470000,4053.580000,2.0420
1784126700,4053.020000,4054.140000,4048.020000,4054.030000,1.5120
1784127600,4055.150000,4056.290000,4037.920000,4037.920000,2.4610
1784128500,4037.990000,4042.510000,4034.460000,4042.510000,1.4150
1784129400,4041.750000,4044.040000,4039.540000,4042.910000,0.5880
1784130300,4043.320000,4043.820000,4040.660000,4041.440000,1.0700
1784131200,4041.660000,4041.660000,4032.770000,4032.770000,0.4750
1784132100,4032.220000,4033.870000,4027.900000,4029.960000,11.3580
1784133000,4029.990000,4030.550000,4022.690000,4023.360000,6.1850
1784133900,4023.910000,4032.000000,4023.360000,4029.000000,8.3260
1784134800,4028.980000,4033.730000,4028.980000,4032.110000,1.0570
1784135700,4032.110000,4042.120000,4029.910000,4042.120000,1.7600
1784136600,4042.500000,4056.850000,4042.500000,4056.850000,1.9430
1784137500,4056.240000,4060.310000,4054.620000,4056.090000,1.8580
1784138400,4055.620000,4063.220000,4055.620000,4061.730000,1.8340
1784139300,4061.120000,4068.170000,4061.120000,4068.170000,1.3820
1784140200,4068.360000,4074.510000,4062.730000,4062.730000,2.6310
1784141100,4062.320000,4062.320000,4053.740000,4053.740000,0.7400
1784142000,4053.180000,4058.010000,4052.530000,4055.530000,1.2540
1784142900,4054.870000,4057.140000,4048.620000,4051.220000,0.5450
1784143800,4051.040000,4052.610000,4044.220000,4046.940000,0.8600
1784144700,4047.230000,4050.790000,4046.390000,4050.790000,0.6030
1784145600,4051.310000,4052.420000,4051.310000,4052.420000,0.2620
1784146500,4052.430000,4057.110000,4052.430000,4056.350000,0.3380
1784147400,4055.800000,4056.910000,4055.800000,4056.910000,0.0170
1784148300,4056.490000,4057.300000,4056.350000,4056.350000,0.1380
1784149200,4055.800000,4058.010000,4055.800000,4057.030000,3.4330
1784150100,4056.910000,4056.910000,4056.910000,4056.910000,0.0010
1784151000,4057.010000,4057.010000,4057.010000,4057.010000,0.0030
1784151900,4057.020000,4057.020000,4056.980000,4056.980000,0.0020
1784152800,4056.980000,4058.390000,4055.640000,4057.270000,0.7100
1784153700,4056.720000,4057.340000,4056.150000,4056.150000,0.5910
1784154600,4056.170000,4056.170000,4053.910000,4053.910000,0.1650
1784155500,4053.410000,4053.600000,4052.230000,4053.350000,1.4080
1784156400,4053.490000,4054.360000,4053.490000,4054.360000,0.1660
1784157300,4053.250000,4053.250000,4050.720000,4050.720000,0.1300
1784158200,4051.410000,4052.130000,4050.470000,4050.470000,0.3020
1784159100,4051.350000,4053.640000,4050.870000,4052.170000,0.5570
1784160000,4052.130000,4052.130000,4049.790000,4049.790000,0.0320
1784160900,4050.340000,4052.580000,4049.250000,4051.720000,0.2690
1784161800,4052.250000,4053.150000,4049.230000,4049.230000,0.4080
1784162700,4049.100000,4054.350000,4039.760000,4039.760000,0.5840
1784163600,4039.220000,4043.000000,4036.810000,4039.110000,0.3480
1784164500,4038.990000,4038.990000,4030.000000,4031.900000,2.0760
1784165400,4031.810000,4039.330000,4031.810000,4036.330000,1.2610
1784166300,4035.780000,4038.480000,4033.000000,4033.560000,1.1810
1784167200,4033.600000,4034.170000,4027.370000,4027.370000,3.7500
1784168100,4027.300000,4030.220000,4025.190000,4030.220000,0.8920
1784169000,4029.610000,4029.610000,4020.770000,4022.080000,0.4070
1784169900,4022.420000,4027.380000,4020.880000,4027.380000,1.0260
1784170800,4026.980000,4027.290000,4026.180000,4026.180000,0.0450
1784171700,4026.730000,4028.390000,4023.460000,4028.390000,0.6000
1784172600,4028.940000,4030.980000,4028.940000,4030.600000,0.2170
1784173500,4030.130000,4030.720000,4030.130000,4030.720000,0.0040
1784174400,4031.260000,4031.610000,4028.300000,4031.610000,0.9570
1784175300,4031.060000,4031.060000,4027.750000,4028.360000,0.2750
1784176200,4028.850000,4029.400000,4027.750000,4028.840000,0.2500
1784177100,4028.220000,4029.940000,4028.220000,4029.940000,0.2190
1784178000,4028.860000,4029.030000,4026.480000,4026.480000,0.3110
1784178900,4026.000000,4027.100000,4023.790000,4023.790000,0.3930
1784179800,4024.330000,4027.300000,4022.680000,4027.300000,0.8830
1784180700,4027.320000,4027.320000,4022.680000,4023.240000,0.2750
1784181600,4024.240000,4033.900000,4024.240000,4029.230000,1.1540
1784182500,4028.410000,4028.410000,4024.790000,4026.990000,0.3560
1784183400,4025.900000,4025.900000,4020.390000,4022.040000,0.4000
1784184300,4022.590000,4026.430000,4022.590000,4026.430000,0.1870
1784185200,4026.440000,4026.440000,4022.500000,4022.500000,1.5610
1784186100,4022.320000,4022.320000,4020.670000,4020.980000,1.6730
1784187000,4020.870000,4022.500000,4020.000000,4022.500000,0.1560
1784187900,4022.500000,4025.800000,4022.500000,4025.800000,0.1290
1784188800,4025.710000,4028.460000,4021.850000,4021.850000,0.5730
1784189700,4021.300000,4027.360000,4020.740000,4027.360000,0.2240
1784190600,4027.360000,4029.570000,4027.360000,4027.910000,0.8060
1784191500,4028.470000,4030.680000,4028.470000,4029.900000,0.5500
1784192400,4030.030000,4031.030000,4030.030000,4030.810000,0.2310
1784193300,4031.130000,4031.410000,4027.270000,4027.270000,0.3410
1784194200,4027.820000,4029.260000,4026.150000,4028.880000,0.2830
1784195100,4028.770000,4030.580000,4027.650000,4027.650000,0.9000
1784196000,4027.270000,4027.270000,4025.520000,4026.070000,0.2300
1784196900,4026.620000,4028.280000,4026.620000,4028.280000,0.0170
1784197800,4028.000000,4028.090000,4028.000000,4028.090000,0.0700
1784198700,4028.040000,4028.040000,4024.970000,4024.970000,0.2340
1784199600,4024.870000,4024.870000,4023.220000,4023.220000,0.8250
1784200500,4022.670000,4022.670000,4018.270000,4020.470000,0.1530
1784201400,4021.020000,4029.840000,4021.020000,4029.840000,1.1970
1784202300,4030.000000,4037.020000,4025.320000,4034.260000,2.4140
1784203200,4033.610000,4037.180000,4024.060000,4025.880000,2.2960
1784204100,4026.420000,4026.420000,4009.420000,4020.970000,5.5460
1784205000,4020.700000,4024.120000,3999.040000,3999.040000,1.7460
1784205900,3998.500000,4005.010000,3988.610000,3989.820000,2.5070
1784206800,3989.810000,3993.670000,3972.500000,3990.630000,19.1770
1784207700,3990.820000,4003.310000,3990.820000,4003.310000,5.7380
1784208600,4003.860000,4005.570000,3982.170000,3985.950000,2.0380
1784209500,3986.490000,3995.910000,3986.490000,3989.050000,1.5290
1784210400,3991.810000,3995.610000,3988.020000,3988.130000,0.6030
1784211300,3988.550000,4000.130000,3988.550000,4000.050000,0.6910
1784212200,3999.410000,4004.050000,3996.400000,4003.590000,1.4270
1784213100,4003.930000,4006.700000,3992.900000,3997.770000,1.5320
1784214000,3997.780000,3998.160000,3990.060000,3991.240000,7.3220
1784214900,3991.720000,4014.610000,3991.720000,4011.870000,1.0860
1784215800,4011.330000,4015.700000,4008.580000,4010.230000,1.4990
1784216700,4009.680000,4011.310000,4005.300000,4005.300000,0.5230
1784217600,4005.220000,4005.220000,3990.550000,3990.550000,1.4680
1784218500,3990.010000,3991.110000,3983.520000,3987.250000,1.5100
1784219400,3987.300000,3992.490000,3987.300000,3992.490000,2.0180
1784220300,3992.170000,3996.510000,3990.550000,3992.720000,6.5850
1784221200,3992.170000,3992.170000,3985.060000,3985.490000,1.8540
1784222100,3985.250000,3988.250000,3981.900000,3987.210000,2.4710
1784223000,3986.680000,3986.680000,3980.880000,3980.880000,4.2780
1784223900,3981.670000,3986.820000,3981.630000,3983.980000,1.4480
1784224800,3984.430000,3987.710000,3983.980000,3985.780000,0.7340
1784225700,3985.510000,3988.540000,3984.560000,3986.590000,0.6000
1784226600,3986.050000,3986.050000,3977.430000,3982.260000,6.4530
1784227500,3982.270000,3982.810000,3980.650000,3980.650000,0.7350
1784228400,3980.330000,3985.130000,3979.710000,3980.910000,0.9380
1784229300,3980.940000,3982.710000,3979.290000,3979.290000,0.8060
1784230200,3978.950000,3978.950000,3970.900000,3976.010000,9.7400
1784231100,3975.720000,3981.100000,3974.110000,3979.490000,2.7330
1784232000,3979.400000,3979.400000,3975.460000,3975.990000,1.7020
1784232900,3975.100000,3975.100000,3974.030000,3974.560000,0.1290
1784233800,3974.960000,3976.160000,3974.860000,3976.160000,2.7240
1784234700,3975.640000,3976.200000,3975.640000,3976.200000,0.1200
1784235600,3976.830000,3977.720000,3976.830000,3977.720000,0.3220
1784236500,3977.150000,3979.190000,3977.150000,3978.450000,0.5580
1784237400,3979.310000,3984.160000,3979.310000,3984.160000,0.0530
1784238300,3984.530000,3989.470000,3980.120000,3989.470000,14.6660
1784239200,3980.720000,3980.720000,3977.610000,3977.610000,4.7300
1784240100,3977.090000,3977.780000,3975.480000,3976.010000,1.4270
1784241000,3976.170000,3976.530000,3976.000000,3976.230000,0.8220
1784241900,3975.460000,3977.470000,3974.420000,3977.470000,2.6210
1784242800,3977.600000,3979.140000,3975.380000,3979.140000,0.1900
1784243700,3979.210000,3979.680000,3978.520000,3979.670000,0.3360
1784244600,3979.390000,3981.290000,3976.940000,3981.290000,0.4240
1784245500,3981.280000,3985.600000,3977.530000,3985.600000,0.5410
1784246400,3985.580000,3986.580000,3984.440000,3984.440000,2.4560
1784247300,3984.980000,3989.300000,3984.980000,3984.980000,0.4530
1784248200,3984.440000,3984.440000,3981.530000,3981.740000,0.5070
1784249100,3982.280000,3991.120000,3982.280000,3990.970000,0.9120
1784250000,3990.250000,3994.170000,3988.160000,3991.370000,2.1260
1784250900,3991.910000,3994.370000,3988.670000,3989.750000,0.6620
1784251800,3990.290000,3993.730000,3988.670000,3992.450000,0.9010
1784252700,3992.150000,3992.150000,3980.050000,3983.080000,4.6860
1784253600,3983.400000,3986.420000,3980.490000,3980.600000,0.1650
1784254500,3981.030000,3983.570000,3981.030000,3981.580000,0.2620
1784255400,3982.630000,3983.380000,3972.500000,3975.850000,7.7340
1784256300,3975.120000,3979.310000,3975.120000,3978.340000,3.6020
1784257200,3979.330000,3991.180000,3979.330000,3989.030000,0.2380
1784258100,3989.250000,4007.870000,3989.250000,3999.740000,3.2790
1784259000,3998.780000,3999.310000,3996.320000,3996.610000,0.4800
1784259900,3996.310000,3996.320000,3991.730000,3991.730000,0.1120
1784260800,3991.330000,3991.330000,3988.400000,3988.400000,0.0880
1784261700,3988.240000,3989.030000,3986.240000,3986.240000,0.4630
1784262600,3986.780000,3986.990000,3981.390000,3981.400000,0.5710
1784263500,3981.930000,3984.070000,3981.400000,3981.550000,0.4410
1784264400,3981.500000,3981.840000,3978.790000,3980.230000,0.9500
1784265300,3979.690000,3981.430000,3976.990000,3980.230000,9.0090
1784266200,3979.690000,3988.720000,3978.260000,3986.690000,5.8490
1784267100,3986.690000,3988.850000,3982.930000,3985.070000,2.1290
1784268000,3986.060000,3998.530000,3986.060000,3997.960000,0.4290
1784268900,3998.510000,4004.190000,3998.510000,4001.780000,0.9380
1784269800,4002.310000,4004.400000,3995.800000,3995.800000,0.2050
1784270700,3996.340000,3999.050000,3995.810000,3997.960000,0.6540
1784271600,3997.340000,4001.390000,3994.080000,3995.160000,1.2540
1784272500,3995.700000,3997.330000,3993.550000,3995.700000,0.4200
1784273400,3994.620000,3996.250000,3992.500000,3996.250000,0.5670
1784274300,3995.710000,3995.710000,3992.460000,3992.460000,0.0530
1784275200,3992.410000,3997.240000,3990.560000,3990.560000,1.7940
1784276100,3992.070000,3992.900000,3988.590000,3991.660000,0.8100
1784277000,3990.750000,3991.890000,3988.050000,3991.850000,0.6400
1784277900,3991.290000,3997.240000,3990.750000,3994.530000,1.4780
1784278800,3994.000000,3996.810000,3993.250000,3996.810000,0.8600
1784279700,3996.980000,4000.000000,3996.120000,3998.240000,0.8310
1784280600,3997.690000,3997.690000,3994.980000,3995.530000,0.8820
1784281500,3995.210000,3997.520000,3994.440000,3995.970000,1.1180
1784282400,3996.610000,3997.180000,3994.310000,3996.050000,0.4600
1784283300,3996.510000,3997.060000,3994.360000,3994.890000,0.9970
1784284200,3995.230000,3995.440000,3993.810000,3994.470000,0.4240
1784285100,3995.440000,3995.560000,3990.410000,3990.410000,0.4880
1784286000,3990.870000,3992.090000,3989.940000,3991.460000,1.1570
1784286900,3991.020000,3993.720000,3989.940000,3993.720000,0.6230
1784287800,3994.260000,3994.270000,3991.040000,3991.560000,0.7110
1784288700,3991.030000,3996.830000,3991.030000,3993.720000,0.6960
1784289600,3993.190000,3994.230000,3987.730000,3988.780000,2.5540
1784290500,3988.780000,3991.340000,3983.930000,3985.660000,3.0570
1784291400,3985.150000,3985.150000,3966.230000,3969.970000,2.4920
1784292300,3969.440000,3972.680000,3965.900000,3966.760000,1.8200
1784293200,3966.230000,3976.650000,3961.580000,3970.620000,5.9860
1784294100,3969.880000,3975.250000,3968.820000,3969.350000,3.6310
1784295000,3970.010000,4000.940000,3965.070000,3982.810000,4.7190
1784295900,3983.830000,3994.800000,3981.140000,3994.800000,4.0740
1784296800,3995.550000,3998.330000,3989.670000,3994.000000,4.5720
1784297700,3993.450000,4002.540000,3993.070000,3996.530000,1.7000
1784298600,3996.700000,3996.840000,3991.830000,3995.570000,1.6290
1784299500,3994.780000,3997.830000,3991.520000,3997.790000,7.3680
1784300400,3997.760000,4011.670000,3996.330000,4003.120000,1.5980
1784301300,4003.620000,4008.560000,4003.120000,4008.560000,0.9550
1784302200,4009.110000,4012.630000,4007.220000,4012.630000,0.5120
1784303100,4011.840000,4017.850000,4011.840000,4014.990000,9.4380
1784304000,4014.660000,4016.550000,4009.020000,4015.020000,3.3380
1784304900,4014.480000,4019.010000,4013.930000,4015.570000,0.7510
1784305800,4015.570000,4015.570000,4008.700000,4011.740000,3.9940
1784306700,4012.290000,4015.210000,4010.680000,4010.710000,0.5830
1784307600,4011.190000,4014.450000,4009.790000,4009.790000,0.5950
1784308500,4009.480000,4011.060000,4008.390000,4010.010000,1.3040
1784309400,4009.470000,4009.470000,4005.720000,4005.720000,0.1110
1784310300,4006.750000,4007.960000,4004.570000,4004.570000,0.3360
1784311200,4004.480000,4008.560000,4004.480000,4006.140000,0.1290
1784312100,4006.110000,4009.920000,4005.570000,4009.920000,0.3550
1784313000,4009.440000,4009.440000,4003.610000,4003.610000,0.1140
1784313900,4003.390000,4006.110000,4001.790000,4006.110000,0.8890
1784314800,4006.020000,4006.020000,4001.130000,4001.130000,0.1200
1784315700,4000.670000,4000.670000,3998.970000,4000.040000,0.1260
1784316600,4000.050000,4004.230000,4000.050000,4004.230000,0.1950
1784317500,4004.390000,4010.380000,4004.390000,4010.380000,0.6940
1784318400,4010.280000,4010.280000,4007.020000,4007.020000,1.1980
1784319300,4006.480000,4006.480000,4003.950000,4005.380000,0.2430
1784320200,4005.570000,4007.020000,4003.750000,4007.020000,7.6150
1784321100,4007.560000,4011.920000,4007.560000,4011.560000,14.2990
1784322000,4011.120000,4011.760000,4009.650000,4009.650000,0.0680
1784322900,4009.650000,4009.650000,4008.010000,4008.010000,0.0660
1784323800,4007.470000,4007.470000,4006.380000,4006.380000,0.2560
1784324700,4005.860000,4006.140000,4005.860000,4006.140000,1.7390
1784325600,4006.730000,4007.310000,4006.730000,4007.310000,0.7870
1784326500,4007.240000,4007.300000,4006.520000,4006.530000,0.0000
1784327400,4006.830000,4006.950000,4006.830000,4006.950000,3.0360
1784328300,4006.960000,4007.380000,4006.960000,4007.380000,1.0370
1784329200,4007.420000,4007.420000,4007.420000,4007.420000,0.4120
1784330100,4007.320000,4008.140000,4007.320000,4007.500000,8.5470
1784331000,4007.310000,4007.700000,4007.310000,4007.370000,7.9240
1784331900,4007.300000,4007.460000,4007.290000,4007.290000,1.5830
1784332800,4007.480000,4007.480000,4007.480000,4007.480000,0.0320
1784333700,4007.620000,4007.620000,4007.200000,4007.200000,0.0070
1784334600,4007.810000,4008.120000,4007.810000,4008.060000,0.0000
1784335500,4008.060000,4008.150000,4007.840000,4008.080000,0.0000
1784336400,4008.060000,4008.060000,4008.060000,4008.060000,0.0200
1784337300,4008.010000,4008.140000,4007.700000,4007.740000,0.0000
1784338200,4007.740000,4007.740000,4007.700000,4007.740000,0.0000
1784339100,4007.740000,4007.740000,4007.700000,4007.720000,0.0000
1784340000,4007.740000,4007.740000,4007.740000,4007.740000,0.0120
1784340900,4007.740000,4007.740000,4007.740000,4007.740000,0.0040
1784341800,4007.740000,4007.740000,4007.740000,4007.740000,0.0000
1784342700,4007.730000,4007.730000,4007.730000,4007.730000,0.0010
1784343600,4007.730000,4007.730000,4007.470000,4007.720000,3.3970
1784344500,4007.740000,4008.320000,4007.740000,4008.320000,1.7890
1784345400,4008.550000,4008.550000,4008.550000,4008.550000,0.2500
1784346300,4009.100000,4009.100000,4009.100000,4009.100000,0.0040
1784347200,4009.690000,4009.690000,4009.690000,4009.690000,0.0010
1784348100,4010.090000,4010.090000,4010.090000,4010.090000,0.0060
1784349000,4010.480000,4010.640000,4010.470000,4010.640000,0.1290
1784349900,4010.490000,4010.690000,4010.420000,4010.420000,0.0000
1784350800,4010.710000,4010.710000,4010.710000,4010.710000,0.0040
1784351700,4010.960000,4011.230000,4010.930000,4011.230000,0.0000
1784352600,4010.580000,4010.580000,4010.580000,4010.580000,0.0120
1784353500,4010.550000,4010.550000,4010.300000,4010.300000,0.0310
1784354400,4010.010000,4010.010000,4010.000000,4010.000000,0.0050
1784355300,4010.010000,4010.010000,4010.010000,4010.010000,0.0000
1784356200,4010.050000,4010.050000,4010.050000,4010.050000,0.0090
1784357100,4010.900000,4011.160000,4010.860000,4011.010000,0.0000
1784358000,4010.920000,4010.920000,4010.770000,4010.770000,0.0480
1784358900,4011.450000,4013.080000,4011.450000,4013.080000,0.4250
1784359800,4013.090000,4013.090000,4012.980000,4013.030000,0.0000
1784360700,4013.090000,4013.090000,4013.090000,4013.090000,0.0020
1784361600,4013.210000,4013.210000,4012.980000,4012.980000,0.0850
1784362500,4012.810000,4013.210000,4012.770000,4012.900000,0.0000
1784363400,4012.930000,4012.930000,4012.880000,4012.880000,0.0700
1784364300,4012.860000,4012.870000,4012.860000,4012.870000,0.0760
1784365200,4013.220000,4013.220000,4013.220000,4013.220000,0.0040
1784366100,4013.220000,4013.220000,4013.030000,4013.030000,0.0050
1784367000,4013.030000,4013.030000,4012.980000,4012.980000,1.0000
1784367900,4013.200000,4013.200000,4013.200000,4013.200000,0.2480
1784368800,4013.190000,4013.200000,4013.190000,4013.200000,0.0000
1784369700,4013.200000,4013.600000,4013.200000,4013.530000,0.0000
1784370600,4013.470000,4013.510000,4013.360000,4013.500000,0.0000
1784371500,4013.350000,4013.350000,4012.810000,4012.830000,0.4660
1784372400,4013.070000,4013.240000,4013.070000,4013.210000,0.0000
1784373300,4013.210000,4013.300000,4013.200000,4013.260000,0.0000
1784374200,4013.260000,4013.280000,4012.970000,4012.970000,0.0000
1784375100,4013.000000,4013.110000,4012.840000,4012.840000,0.0000
1784376000,4012.840000,4012.840000,4012.830000,4012.830000,1.2120
1784376900,4012.620000,4012.620000,4012.180000,4012.180000,0.0180
1784377800,4012.240000,4012.240000,4012.160000,4012.230000,0.0000
1784378700,4012.240000,4012.240000,4012.230000,4012.240000,0.0000
1784379600,4012.240000,4012.240000,4012.230000,4012.230000,0.0100
1784380500,4012.230000,4012.230000,4011.990000,4011.990000,0.9900
1784381400,4011.560000,4011.580000,4011.500000,4011.530000,0.0000
1784382300,4011.440000,4011.440000,4011.050000,4011.050000,0.2590
1784383200,4010.980000,4011.050000,4010.970000,4011.050000,0.0000
1784384100,4011.050000,4011.360000,4011.050000,4011.360000,1.2840
1784385000,4011.360000,4011.360000,4011.360000,4011.360000,0.0000
1784385900,4011.360000,4011.360000,4011.360000,4011.360000,0.3270
1784386800,4012.440000,4012.810000,4012.440000,4012.810000,0.0200
1784387700,4012.600000,4012.680000,4012.600000,4012.680000,0.0000
1784388600,4012.530000,4012.560000,4012.310000,4012.540000,0.4690
1784389500,4012.530000,4012.530000,4012.330000,4012.370000,0.0580
1784390400,4012.350000,4012.350000,4012.350000,4012.350000,0.0010
1784391300,4012.350000,4012.350000,4012.310000,4012.350000,0.0000
1784392200,4012.950000,4012.950000,4012.820000,4012.820000,0.0090
1784393100,4013.150000,4013.150000,4013.150000,4013.150000,0.0010
1784394000,4013.560000,4013.790000,4013.560000,4013.790000,0.0050
1784394900,4013.340000,4013.800000,4013.340000,4013.800000,0.4550
1784395800,4014.340000,4014.370000,4014.110000,4014.110000,0.0430
1784396700,4014.890000,4014.890000,4014.890000,4014.890000,0.0360
1784397600,4014.870000,4014.870000,4009.360000,4009.360000,0.3560
1784398500,4009.360000,4010.980000,4009.360000,4010.970000,0.1070
1784399400,4010.180000,4010.180000,4009.840000,4009.840000,0.0240
1784400300,4009.840000,4009.850000,4009.840000,4009.850000,0.0050
1784401200,4010.320000,4010.320000,4009.690000,4009.690000,0.0070
1784402100,4009.260000,4009.260000,4008.920000,4008.920000,0.0400
1784403000,4008.720000,4008.720000,4008.720000,4008.720000,0.0010
1784403900,4008.720000,4008.720000,4008.720000,4008.720000,0.0040
1784404800,4008.170000,4008.170000,4007.550000,4007.550000,0.0180
1784405700,4007.540000,4008.070000,4007.010000,4007.710000,1.0690
1784406600,4007.100000,4007.100000,4007.100000,4007.100000,0.0010
1784407500,4007.730000,4007.730000,4007.730000,4007.730000,0.0010
1784408400,4007.280000,4007.560000,4006.910000,4006.910000,0.0290
1784409300,4006.680000,4006.710000,4006.400000,4006.400000,0.1910
1784410200,4006.360000,4006.360000,4006.360000,4006.360000,0.0230
1784411100,4005.870000,4005.870000,4005.870000,4005.870000,0.0000
1784412000,4005.910000,4006.360000,4005.910000,4006.360000,0.0050
1784412900,4006.920000,4007.160000,4006.710000,4007.160000,0.0000
1784413800,4007.160000,4007.160000,4006.680000,4006.910000,0.0000
1784414700,4006.950000,4007.210000,4006.380000,4006.380000,0.0000
1784415600,4006.380000,4006.380000,4006.380000,4006.380000,0.0000
1784416500,4006.380000,4006.380000,4006.380000,4006.380000,0.0030
1784417400,4007.810000,4009.440000,4007.810000,4009.440000,0.2790
1784418300,4009.810000,4011.070000,4009.770000,4011.070000,0.4130
1784419200,4012.080000,4013.770000,4012.080000,4013.190000,1.9690
1784420100,4013.180000,4013.180000,4013.180000,4013.180000,0.0380
1784421000,4013.180000,4013.180000,4012.620000,4012.620000,0.6920
1784421900,4012.620000,4012.620000,4012.620000,4012.620000,0.0000
1784422800,4012.620000,4012.620000,4012.510000,4012.510000,0.0300
1784423700,4011.980000,4011.980000,4011.980000,4011.980000,0.0000
1784424600,4011.970000,4011.970000,4011.720000,4011.720000,0.0410
1784425500,4011.710000,4011.810000,4011.710000,4011.770000,0.0270
1784426400,4011.730000,4011.730000,4011.610000,4011.610000,0.1710
1784427300,4012.050000,4012.060000,4011.960000,4011.980000,0.0000
1784428200,4011.970000,4012.050000,4011.730000,4011.750000,0.0000
1784429100,4011.900000,4011.900000,4011.900000,4011.900000,0.4960
1784430000,4011.790000,4011.790000,4011.310000,4011.780000,0.7000
1784430900,4011.860000,4012.230000,4011.860000,4012.230000,0.0000
1784431800,4012.330000,4012.330000,4012.330000,4012.330000,0.1000
1784432700,4012.180000,4012.180000,4011.790000,4012.080000,0.4030
1784433600,4012.070000,4012.070000,4011.290000,4011.290000,0.0570
1784434500,4011.280000,4011.290000,4011.210000,4011.270000,0.0000
1784435400,4011.270000,4011.270000,4011.230000,4011.230000,0.0000
1784436300,4011.230000,4011.350000,4011.210000,4011.220000,0.0000
1784437200,4011.280000,4011.280000,4011.060000,4011.060000,0.0170
1784438100,4011.540000,4011.540000,4011.450000,4011.470000,0.3780
1784439000,4011.540000,4011.540000,4011.330000,4011.330000,0.2540
1784439900,4011.190000,4011.190000,4011.090000,4011.090000,0.0050
1784440800,4010.780000,4010.850000,4010.770000,4010.780000,0.0000
1784441700,4010.710000,4010.710000,4010.140000,4010.140000,0.1340
1784442600,4010.390000,4010.390000,4009.590000,4009.590000,0.3640
1784443500,4009.980000,4009.980000,4009.880000,4009.880000,0.0030
1784444400,4009.970000,4009.970000,4009.970000,4009.970000,0.0060
1784445300,4009.980000,4009.980000,4009.980000,4009.980000,0.0240
1784446200,4009.970000,4009.980000,4009.790000,4009.970000,0.0840
1784447100,4010.170000,4010.170000,4010.140000,4010.150000,0.0080
1784448000,4009.380000,4009.380000,4009.160000,4009.160000,0.0100
1784448900,4009.170000,4009.170000,4008.370000,4008.370000,1.1830
1784449800,4008.070000,4008.070000,4007.530000,4007.790000,0.4550
1784450700,4007.800000,4009.480000,4007.800000,4009.130000,1.7010
1784451600,4009.160000,4009.160000,4009.070000,4009.070000,0.2460
1784452500,4009.180000,4009.180000,4009.180000,4009.180000,0.2490
1784453400,4008.980000,4008.980000,4008.520000,4008.520000,0.1350
1784454300,4008.060000,4008.060000,4007.470000,4007.490000,0.1920
1784455200,4007.440000,4007.440000,4007.360000,4007.360000,0.0310
1784456100,4007.350000,4007.350000,4006.830000,4006.830000,0.0180
1784457000,4006.820000,4006.820000,4006.820000,4006.820000,0.0000
1784457900,4006.820000,4007.890000,4006.820000,4007.860000,0.1220
1784458800,4007.440000,4007.440000,4007.260000,4007.260000,0.1290
1784459700,4007.190000,4007.190000,4007.190000,4007.190000,0.0170
1784460600,4007.200000,4007.200000,4006.720000,4006.750000,0.0000
1784461500,4006.780000,4006.780000,4006.460000,4006.460000,0.0100
1784462400,4006.670000,4006.670000,4006.620000,4006.620000,0.0040
1784463300,4006.470000,4006.470000,4005.240000,4005.240000,0.0640
1784464200,4005.220000,4005.220000,4004.490000,4004.490000,0.0420
1784465100,4004.480000,4004.480000,4004.470000,4004.470000,0.2600
1784466000,4004.590000,4006.320000,4004.590000,4005.920000,0.2270
1784466900,4006.530000,4006.530000,4006.530000,4006.530000,0.0050
1784467800,4007.070000,4007.070000,4007.060000,4007.060000,0.0090
1784468700,4007.610000,4007.610000,4007.090000,4007.090000,0.1870
1784469600,4007.050000,4008.070000,4007.050000,4008.070000,0.1800
1784470500,4008.610000,4009.280000,4008.610000,4009.280000,0.1590
1784471400,4009.640000,4009.640000,4009.410000,4009.630000,0.4020
1784472300,4009.560000,4009.560000,4009.450000,4009.450000,0.2090
1784473200,4009.430000,4009.620000,4008.050000,4008.640000,0.9870
1784474100,4009.130000,4009.130000,4008.400000,4008.470000,0.1010
1784475000,4008.500000,4008.500000,4008.500000,4008.500000,0.0070
1784475900,4007.990000,4008.000000,4007.990000,4008.000000,0.0000
1784476800,4008.000000,4008.180000,4008.000000,4008.180000,0.2560
1784477700,4008.190000,4008.410000,4008.190000,4008.410000,0.1690
1784478600,4008.470000,4008.480000,4008.440000,4008.440000,0.0000
1784479500,4008.430000,4008.430000,4008.430000,4008.430000,0.0050
1784480400,4007.890000,4008.880000,4007.880000,4008.880000,0.0360
1784481300,4009.420000,4009.960000,4009.420000,4009.960000,0.0750
1784482200,4010.500000,4010.500000,4010.500000,4010.500000,0.0050
1784483100,4010.810000,4010.980000,4010.780000,4010.830000,0.0000
1784484000,4010.840000,4011.090000,4010.570000,4010.810000,0.0000
1784484900,4010.810000,4011.080000,4010.810000,4010.840000,0.0000
1784485800,4010.900000,4010.900000,4010.900000,4010.900000,0.0300
1784486700,4011.360000,4011.380000,4011.350000,4011.370000,0.0000
1784487600,4011.440000,4011.440000,4011.260000,4011.260000,0.0870
1784488500,4011.390000,4011.390000,4011.390000,4011.390000,0.0460
1784489400,4011.340000,4011.340000,4011.340000,4011.340000,0.3070
1784490300,4011.080000,4011.080000,4010.560000,4010.600000,1.2090
1784491200,4010.820000,4010.900000,4010.610000,4010.610000,0.6290
1784492100,4010.240000,4010.240000,4010.240000,4010.240000,0.0000
1784493000,4010.240000,4010.240000,4010.240000,4010.240000,0.0000
1784493900,4010.240000,4010.240000,4010.240000,4010.240000,0.0000
1784494800,4010.240000,4010.240000,4010.240000,4010.240000,0.0040
1784495700,4010.230000,4010.230000,4009.590000,4009.590000,0.6330
1784496600,4009.050000,4009.050000,4008.510000,4008.510000,0.0230
1784497500,4007.980000,4007.980000,4007.980000,4007.980000,0.0170
1784498400,4007.970000,4007.970000,3991.700000,3993.470000,12.9970
1784499300,3993.520000,3996.830000,3992.780000,3992.780000,0.4340
1784500200,3992.240000,3995.460000,3991.700000,3995.320000,0.4530
1784501100,3994.390000,3994.920000,3993.320000,3993.320000,0.9480
1784502000,3993.140000,3993.140000,3989.870000,3989.870000,0.2030
1784502900,3989.730000,3990.860000,3989.730000,3990.860000,0.0630
1784503800,3990.960000,3991.620000,3989.000000,3989.000000,0.5350
1784504700,3990.010000,3992.690000,3988.400000,3992.150000,0.5320
1784505600,3992.690000,3997.440000,3982.960000,3995.280000,7.6390
1784506500,3994.750000,4003.030000,3993.140000,4002.290000,0.7130
1784507400,4001.950000,4003.370000,3997.370000,3997.440000,0.9240
1784508300,3997.980000,4005.520000,3996.370000,4005.520000,0.5380
1784509200,4005.020000,4016.820000,4003.820000,4008.680000,1.5270
1784510100,4008.150000,4008.150000,3999.510000,4000.040000,0.6580
1784511000,4000.580000,4002.740000,3995.200000,3995.200000,0.4290
1784511900,3994.990000,4000.640000,3994.990000,4000.580000,0.2140
1784512800,4000.090000,4006.330000,4000.090000,4004.780000,0.5800
1784513700,4004.270000,4005.560000,4003.360000,4005.350000,0.4430
1784514600,4005.230000,4012.930000,4004.820000,4012.930000,0.3740
1784515500,4013.470000,4024.400000,4013.470000,4020.810000,1.1960
1784516400,4020.000000,4021.540000,4017.730000,4021.540000,1.7600
1784517300,4022.080000,4023.360000,4021.540000,4021.540000,0.3960
1784518200,4021.910000,4024.800000,4018.610000,4024.800000,0.5590
1784519100,4024.800000,4024.800000,4021.550000,4021.550000,0.3610
1784520000,4021.850000,4023.080000,4020.900000,4020.900000,0.2790
1784520900,4020.750000,4022.530000,4020.470000,4022.530000,0.7220
1784521800,4022.980000,4022.980000,4020.920000,4020.950000,0.2970
1784522700,4021.120000,4021.120000,4017.090000,4017.090000,0.6230
1784523600,4017.760000,4018.250000,4011.570000,4011.570000,0.6540
1784524500,4011.030000,4011.030000,4009.790000,4009.790000,0.0350
1784525400,4009.410000,4011.570000,4007.500000,4007.950000,0.4040
1784526300,4008.750000,4008.750000,4005.220000,4007.790000,0.7580
1784527200,4007.600000,4009.320000,4007.150000,4007.690000,0.6400
1784528100,4007.150000,4007.690000,4004.450000,4004.450000,0.8810
1784529000,4004.570000,4004.570000,4002.920000,4003.370000,0.8760
1784529900,4003.580000,4005.540000,4002.290000,4002.290000,0.3980
1784530800,4001.840000,4005.080000,4001.660000,4002.750000,0.1630
1784531700,4002.740000,4005.970000,4002.200000,4004.710000,0.1520
1784532600,4004.900000,4018.610000,4004.900000,4018.110000,1.7990
1784533500,4018.440000,4019.790000,4015.190000,4015.990000,0.8930
1784534400,4015.330000,4022.690000,4015.330000,4021.600000,0.6570
1784535300,4021.610000,4027.070000,4021.070000,4021.070000,1.5110
1784536200,4020.530000,4021.600000,4018.110000,4020.530000,0.4340
1784537100,4019.980000,4019.980000,4016.720000,4017.240000,0.2600
1784538000,4016.180000,4017.160000,4013.920000,4017.010000,0.2340
1784538900,4017.170000,4018.280000,4014.460000,4014.460000,0.2460
1784539800,4013.920000,4016.630000,4013.920000,4016.630000,0.6140
1784540700,4016.370000,4020.040000,4015.560000,4017.170000,0.4170
1784541600,4017.690000,4017.690000,4016.000000,4017.380000,0.5290
1784542500,4018.170000,4019.250000,4017.980000,4018.930000,0.2200
1784543400,4018.970000,4020.630000,4018.730000,4019.230000,2.7930
1784544300,4019.220000,4022.500000,4018.710000,4020.540000,1.1240
1784545200,4020.710000,4023.500000,4018.110000,4019.680000,0.9610
1784546100,4019.700000,4020.570000,4018.110000,4020.180000,0.5660
1784547000,4019.700000,4037.730000,4019.600000,4027.880000,3.4570
1784547900,4027.490000,4027.490000,4022.980000,4023.510000,0.9870
1784548800,4022.970000,4022.970000,4010.380000,4010.380000,1.4990
1784549700,4010.930000,4013.820000,4006.070000,4009.860000,0.6310
1784550600,4010.930000,4013.410000,4006.070000,4007.690000,0.7660
1784551500,4007.890000,4013.630000,4007.490000,4007.490000,1.2570
1784552400,4010.010000,4012.400000,4006.470000,4007.600000,1.7140
1784553300,4007.050000,4010.480000,4006.370000,4007.600000,1.2290
1784554200,4008.100000,4014.870000,4007.500000,4011.920000,1.1550
1784555100,4011.380000,4011.380000,4004.720000,4004.860000,0.7720
1784556000,4004.360000,4005.180000,3998.340000,3998.840000,1.9400
1784556900,3998.340000,4003.280000,3997.460000,4003.280000,1.2030
1784557800,4003.730000,4008.780000,4003.730000,4006.420000,0.4730
1784558700,4005.990000,4010.810000,4004.110000,4004.140000,0.9310
1784559600,4003.740000,4014.990000,4003.110000,4012.280000,1.3300
1784560500,4011.740000,4013.560000,4009.580000,4013.010000,0.8460
1784561400,4012.830000,4012.830000,4007.960000,4009.030000,1.5450
1784562300,4009.580000,4014.150000,4009.580000,4010.660000,0.6610
1784563200,4011.650000,4015.170000,4011.650000,4012.190000,1.4970
1784564100,4011.650000,4011.710000,4009.800000,4010.260000,0.9390
1784565000,4010.020000,4010.020000,3999.190000,4006.930000,3.5480
1784565900,4006.280000,4008.770000,4004.630000,4008.770000,3.7710
1784566800,4008.300000,4009.990000,4008.300000,4008.850000,2.5370
1784567700,4008.320000,4010.880000,4008.320000,4010.210000,1.4700
1784568600,4009.530000,4011.050000,4007.770000,4007.770000,0.5590
1784569500,4007.230000,4007.230000,4003.310000,4003.310000,0.4500
1784570400,4004.440000,4008.220000,4004.440000,4007.730000,0.1250
1784571300,4007.710000,4010.330000,4003.370000,4005.080000,1.1430
1784572200,4005.010000,4005.010000,4004.430000,4004.430000,0.2060
1784573100,4004.970000,4006.580000,4003.900000,4005.520000,0.9220
1784574000,4005.940000,4005.940000,4003.820000,4004.020000,0.2300
1784574900,4003.810000,4009.790000,4003.600000,4009.790000,0.8670
1784575800,4010.290000,4014.620000,4003.810000,4003.810000,1.2940
1784576700,4003.630000,4007.460000,4003.630000,4005.430000,2.0370
1784577600,4005.600000,4006.790000,4004.800000,4005.340000,1.5340
1784578500,4005.870000,4006.420000,4005.870000,4006.420000,0.2870
1784579400,4006.650000,4007.480000,4006.420000,4006.950000,0.4210
1784580300,4006.430000,4006.970000,4004.200000,4005.880000,0.6020
1784581200,4005.180000,4005.880000,4005.180000,4005.880000,1.0400
1784582100,4006.330000,4007.410000,4006.330000,4007.410000,0.0140
1784583000,4007.410000,4007.940000,4007.410000,4007.940000,0.0000
1784583900,4007.950000,4009.140000,4007.950000,4008.990000,0.4920
1784584800,4008.500000,4008.630000,4005.720000,4005.720000,0.3900
1784585700,4006.000000,4008.150000,4004.920000,4008.060000,2.1230
1784586600,4008.390000,4008.390000,4002.920000,4003.210000,0.4400
1784587500,4003.540000,4006.100000,3998.050000,3999.780000,7.5390
1784588400,3999.000000,4007.910000,3999.000000,4002.380000,2.4590
1784589300,4002.910000,4005.610000,4002.910000,4003.450000,0.3480
1784590200,4002.940000,4005.760000,4002.940000,4005.610000,1.2970
1784591100,4006.050000,4009.720000,4003.990000,4008.210000,0.8370
1784592000,4008.110000,4010.680000,4002.920000,4009.300000,1.5150
1784592900,4008.760000,4016.360000,4006.600000,4013.080000,1.2510
1784593800,4012.630000,4021.090000,4012.550000,4019.440000,1.3920
1784594700,4019.460000,4022.890000,4019.460000,4022.890000,1.4000
1784595600,4022.510000,4026.550000,4016.100000,4025.870000,2.6900
1784596500,4025.470000,4031.280000,4023.850000,4024.930000,2.2860
1784597400,4024.700000,4026.960000,4020.110000,4022.200000,9.3270
1784598300,4021.120000,4025.520000,4019.000000,4019.000000,0.9740
1784599200,4020.480000,4022.480000,4019.940000,4020.800000,0.5720
1784600100,4021.030000,4025.700000,4019.400000,4025.700000,1.4580
1784601000,4024.830000,4039.490000,4024.830000,4033.560000,2.2160
1784601900,4033.290000,4035.400000,4028.660000,4034.490000,1.7540
1784602800,4034.980000,4038.380000,4034.980000,4035.650000,1.5490
1784603700,4035.100000,4046.620000,4034.560000,4043.870000,1.9380
1784604600,4044.410000,4046.150000,4038.990000,4038.990000,0.4610
1784605500,4039.100000,4043.320000,4039.100000,4042.310000,0.5710
1784606400,4042.820000,4046.760000,4042.820000,4043.230000,0.2440
1784607300,4042.680000,4042.680000,4040.510000,4041.030000,0.4770
1784608200,4040.480000,4042.130000,4039.730000,4042.130000,0.8900
1784609100,4042.680000,4044.330000,4041.590000,4044.330000,0.8430
1784610000,4044.810000,4046.980000,4043.130000,4046.980000,0.2350
1784610900,4046.980000,4050.830000,4044.080000,4050.240000,0.9430
1784611800,4049.780000,4061.130000,4049.780000,4061.130000,7.7130
1784612700,4060.220000,4062.000000,4056.360000,4056.360000,1.8980
1784613600,4057.910000,4067.370000,4057.910000,4067.370000,3.0600
1784614500,4066.810000,4068.440000,4064.520000,4067.100000,0.2030
1784615400,4066.990000,4074.510000,4066.990000,4072.160000,4.3480
1784616300,4072.200000,4077.940000,4072.200000,4074.010000,2.9360
1784617200,4072.800000,4075.770000,4067.790000,4067.790000,0.6750
1784618100,4067.230000,4067.740000,4063.910000,4063.910000,2.8000
1784619000,4063.900000,4068.900000,4062.800000,4066.680000,0.9400
1784619900,4066.130000,4066.130000,4064.470000,4065.660000,19.1270
1784620800,4065.890000,4066.390000,4061.040000,4062.290000,1.6810
1784621700,4062.350000,4062.350000,4057.420000,4057.420000,2.3720
1784622600,4057.410000,4060.900000,4057.170000,4058.270000,2.7910
1784623500,4057.710000,4059.630000,4055.490000,4059.580000,1.5400
1784624400,4058.940000,4062.590000,4058.940000,4062.000000,2.2900
1784625300,4061.540000,4063.540000,4059.330000,4059.330000,1.4630
1784626200,4059.330000,4061.210000,4057.690000,4057.920000,0.8550
1784627100,4057.920000,4065.400000,4057.920000,4062.590000,1.3740
1784628000,4062.050000,4062.980000,4057.760000,4062.860000,1.7550
1784628900,4061.940000,4064.800000,4061.940000,4062.160000,0.7650
1784629800,4062.810000,4065.900000,4062.810000,4063.050000,0.8850
1784630700,4062.490000,4062.490000,4059.060000,4059.720000,0.6230
1784631600,4059.180000,4059.180000,4052.470000,4054.660000,0.9030
1784632500,4054.660000,4055.920000,4053.470000,4054.660000,0.6300
1784633400,4055.210000,4057.550000,4053.540000,4053.540000,0.8480
1784634300,4053.010000,4054.660000,4048.400000,4052.110000,27.9950
1784635200,4053.090000,4056.420000,4053.090000,4055.230000,1.5800
1784636100,4055.120000,4061.780000,4053.160000,4057.870000,2.7980
1784637000,4057.370000,4059.860000,4047.940000,4050.450000,1.8760
1784637900,4050.360000,4057.660000,4050.160000,4051.540000,2.0100
1784638800,4050.870000,4058.050000,4050.870000,4058.050000,4.6770
1784639700,4056.200000,4057.450000,4048.400000,4048.400000,1.4110
1784640600,4047.850000,4054.530000,4043.120000,4043.120000,1.4350
1784641500,4042.920000,4050.590000,4041.280000,4050.230000,3.7280
1784642400,4049.400000,4062.650000,4049.400000,4062.310000,2.5300
1784643300,4061.680000,4065.660000,4058.250000,4065.660000,3.0290
1784644200,4065.980000,4069.640000,4058.790000,4064.150000,18.7040
1784645100,4063.920000,4066.540000,4062.660000,4064.280000,3.2970
1784646000,4064.220000,4068.270000,4061.430000,4068.090000,2.5740
1784646900,4067.700000,4073.820000,4067.700000,4071.990000,5.8650
1784647800,4072.040000,4077.000000,4070.320000,4070.320000,6.5850
1784648700,4069.770000,4072.050000,4066.650000,4067.310000,3.5130
1784649600,4067.330000,4072.440000,4067.330000,4072.440000,4.4070
1784650500,4072.350000,4072.870000,4066.440000,4070.120000,8.1680
1784651400,4069.510000,4069.980000,4065.860000,4066.320000,3.3150
1784652300,4065.860000,4066.850000,4064.120000,4065.630000,2.5810
1784653200,4065.430000,4066.660000,4064.020000,4065.370000,4.1220
1784654100,4065.790000,4066.930000,4064.640000,4066.520000,1.8350
1784655000,4066.230000,4066.230000,4061.400000,4062.610000,3.0880
1784655900,4062.350000,4062.630000,4061.850000,4062.110000,0.7080
1784656800,4063.340000,4066.360000,4062.580000,4066.100000,2.7010
1784657700,4065.080000,4081.020000,4065.080000,4077.820000,10.8800
1784658600,4077.820000,4080.040000,4075.710000,4077.310000,12.1080
1784659500,4077.310000,4077.310000,4074.460000,4076.100000,2.0680
1784660400,4076.250000,4079.380000,4074.360000,4074.920000,2.7290
1784661300,4074.920000,4078.820000,4074.920000,4078.460000,3.0500
1784662200,4078.740000,4080.160000,4076.590000,4077.690000,3.4860
1784663100,4077.440000,4079.030000,4077.090000,4078.310000,1.1290
1784664000,4078.310000,4081.540000,4077.600000,4078.160000,1.4950
1784664900,4078.160000,4078.160000,4076.490000,4076.490000,1.2520
1784665800,4076.500000,4079.110000,4074.820000,4074.820000,1.2360
1784666700,4074.820000,4074.820000,4072.040000,4072.050000,0.5890
1784667600,4072.040000,4072.130000,4070.000000,4072.120000,2.3860
1784668500,4072.120000,4072.320000,4071.990000,4072.240000,0.1780
1784669400,4072.220000,4074.150000,4071.910000,4073.850000,0.5370
1784670300,4073.870000,4074.400000,4073.870000,4074.180000,0.6330
1784671200,4074.040000,4075.170000,4071.830000,4072.520000,2.0340
1784672100,4072.520000,4076.240000,4072.520000,4075.660000,1.4430
1784673000,4075.820000,4078.320000,4075.530000,4078.060000,1.6560
1784673900,4078.060000,4078.060000,4073.500000,4074.620000,1.2910
1784674800,4074.620000,4075.520000,4074.620000,4075.070000,0.8280
1784675700,4075.080000,4076.570000,4075.070000,4075.640000,1.0540
1784676600,4075.630000,4075.640000,4074.530000,4074.530000,0.4800
1784677500,4074.640000,4076.180000,4073.960000,4073.960000,4.8910
1784678400,4073.970000,4086.510000,4071.450000,4085.670000,9.0270
1784679300,4085.660000,4093.380000,4085.660000,4091.120000,6.3410
1784680200,4091.120000,4094.440000,4084.450000,4086.690000,11.2930
1784681100,4086.700000,4093.160000,4086.200000,4089.850000,4.5340
1784682000,4090.600000,4114.730000,4090.480000,4114.720000,28.7870
1784682900,4113.680000,4114.690000,4105.450000,4108.900000,18.3960
1784683800,4108.910000,4115.790000,4106.270000,4114.190000,22.4010
1784684700,4114.200000,4116.610000,4110.790000,4114.490000,27.8710
1784685600,4114.490000,4115.510000,4110.370000,4114.160000,23.4930
1784686500,4114.160000,4118.020000,4112.380000,4116.620000,29.8370
1784687400,4116.620000,4122.220000,4115.220000,4120.160000,44.0670
1784688300,4119.770000,4123.480000,4118.810000,4122.930000,15.7500
1784689200,4121.770000,4132.120000,4121.750000,4128.790000,27.6550
1784690100,4128.820000,4133.940000,4128.680000,4129.730000,13.7420
1784691000,4129.840000,4129.860000,4124.780000,4124.920000,7.6860
1784691900,4125.080000,4125.640000,4122.920000,4122.920000,2.5010
1784692800,4122.920000,4122.930000,4118.550000,4118.610000,13.0070
1784693700,4118.620000,4120.420000,4118.610000,4119.540000,9.6320
1784694600,4119.540000,4119.790000,4116.700000,4118.330000,11.5340
1784695500,4118.320000,4118.410000,4116.700000,4118.390000,1.7040
1784696400,4118.390000,4121.930000,4117.730000,4120.570000,2.7430
1784697300,4120.570000,4120.580000,4114.890000,4115.220000,1.7370
1784698200,4114.890000,4125.090000,4114.850000,4123.290000,10.4870
1784699100,4123.410000,4123.940000,4119.460000,4122.020000,3.9880
1784700000,4122.320000,4125.930000,4120.460000,4120.460000,18.9660
1784700900,4120.470000,4122.490000,4105.730000,4107.810000,8.2330
1784701800,4107.820000,4111.940000,4106.300000,4110.290000,20.6930
1784702700,4110.260000,4111.530000,4105.880000,4106.760000,2.9430
1784703600,4107.430000,4108.730000,4104.500000,4107.740000,1.5170
1784704500,4107.400000,4112.500000,4107.400000,4110.480000,1.5990
1784705400,4110.710000,4113.540000,4103.530000,4103.530000,4.3610
1784706300,4103.530000,4105.020000,4100.530000,4101.260000,7.0980
1784707200,4101.260000,4107.550000,4101.260000,4106.650000,2.1230
1784708100,4106.650000,4110.280000,4105.330000,4109.410000,2.9500
1784709000,4109.850000,4110.480000,4107.780000,4107.780000,3.8910
1784709900,4107.520000,4112.720000,4107.210000,4111.740000,10.0440
1784710800,4111.830000,4114.410000,4111.080000,4114.190000,2.1880
1784711700,4113.440000,4114.310000,4111.070000,4111.080000,4.9310
1784712600,4111.080000,4113.490000,4107.700000,4107.830000,7.1850
1784713500,4107.730000,4109.370000,4105.410000,4105.830000,5.3330
1784714400,4106.200000,4111.580000,4106.200000,4110.590000,35.4950
1784715300,4110.390000,4114.110000,4109.260000,4112.090000,10.2600
1784716200,4112.090000,4112.090000,4108.700000,4109.370000,1.9090
1784717100,4109.560000,4112.960000,4108.770000,4109.880000,1.8160
1784718000,4109.920000,4115.720000,4108.280000,4112.180000,2.9960
1784718900,4112.190000,4115.250000,4110.850000,4111.420000,2.8540
1784719800,4111.420000,4113.110000,4106.330000,4108.020000,2.8770
1784720700,4107.550000,4114.810000,4107.550000,4114.810000,6.2830
1784721600,4114.850000,4120.380000,4114.850000,4120.010000,1.5930
1784722500,4120.360000,4125.500000,4118.680000,4125.500000,1.3630
1784723400,4125.340000,4127.310000,4117.560000,4120.400000,1.7160
1784724300,4120.400000,4120.400000,4099.500000,4105.120000,11.0490
1784725200,4105.630000,4117.960000,4105.630000,4117.960000,14.6820
1784726100,4117.950000,4126.890000,4117.800000,4123.680000,5.5250
1784727000,4123.760000,4137.960000,4123.760000,4135.130000,12.9880
1784727900,4135.130000,4148.300000,4135.130000,4147.190000,14.6460
1784728800,4147.150000,4155.880000,4146.460000,4148.720000,27.7080
1784729700,4148.180000,4148.180000,4136.360000,4138.140000,10.6770
1784730600,4137.990000,4144.920000,4137.990000,4142.550000,4.1550
1784731500,4142.570000,4144.160000,4135.920000,4140.710000,1.7270
1784732400,4140.760000,4149.090000,4140.730000,4149.070000,2.5330
1784733300,4149.060000,4153.140000,4145.030000,4148.260000,14.9760
1784734200,4148.610000,4153.260000,4148.210000,4151.850000,28.4300
1784735100,4151.860000,4157.880000,4150.950000,4151.900000,18.2020
1784736000,4151.730000,4152.330000,4146.110000,4146.810000,25.6470
1784736900,4146.150000,4147.380000,4140.490000,4141.250000,14.3900
1784737800,4141.470000,4143.360000,4138.200000,4139.900000,11.9720
1784738700,4139.900000,4141.500000,4137.840000,4139.970000,11.6290
1784739600,4140.000000,4140.240000,4135.800000,4137.860000,3.6550
1784740500,4137.360000,4139.230000,4135.800000,4138.710000,1.7800
1784741400,4138.660000,4139.230000,4132.370000,4133.900000,2.2450
1784742300,4134.060000,4136.370000,4133.810000,4135.550000,7.9630
1784743200,4135.740000,4135.740000,4130.540000,4131.400000,2.2810
1784744100,4131.130000,4131.680000,4128.180000,4129.520000,2.6550
1784745000,4129.530000,4130.540000,4126.550000,4129.970000,1.7670
1784745900,4129.950000,4132.250000,4129.780000,4130.170000,1.0490
1784746800,4130.350000,4131.000000,4127.590000,4128.720000,1.0880
1784747700,4128.720000,4129.470000,4126.640000,4128.820000,1.2350
1784748600,4129.000000,4129.860000,4127.590000,4128.940000,1.5750
1784749500,4128.730000,4128.890000,4123.600000,4126.090000,1.3290
1784750400,4125.590000,4129.810000,4125.200000,4128.610000,6.0620
1784751300,4128.980000,4130.890000,4128.670000,4130.890000,0.6090
1784752200,4130.890000,4131.460000,4125.910000,4126.220000,1.1650
1784753100,4126.300000,4126.330000,4124.060000,4125.920000,7.0760
1784754000,4125.810000,4127.930000,4125.810000,4127.930000,0.7720
1784754900,4127.760000,4128.240000,4126.230000,4127.070000,1.1440
1784755800,4127.080000,4127.690000,4127.070000,4127.400000,0.4210
1784756700,4127.690000,4127.820000,4127.160000,4127.810000,0.5090
1784757600,4126.930000,4126.930000,4103.980000,4117.530000,44.4730
1784758500,4117.600000,4122.700000,4115.900000,4122.700000,5.0320
1784759400,4122.540000,4123.690000,4115.630000,4115.900000,2.8660
1784760300,4115.900000,4120.800000,4115.340000,4116.770000,2.9410
1784761200,4116.760000,4118.730000,4112.390000,4118.070000,1.8760
1784762100,4118.070000,4118.070000,4114.090000,4114.240000,7.8560
1784763000,4114.240000,4118.050000,4114.090000,4117.670000,1.5960
1784763900,4117.310000,4128.280000,4117.310000,4127.160000,1.8570
1784764800,4127.430000,4128.170000,4121.350000,4121.380000,1.0620
1784765700,4121.470000,4128.740000,4121.470000,4124.760000,2.8690
1784766600,4124.760000,4125.900000,4122.490000,4122.500000,0.9180
1784767500,4122.490000,4127.030000,4120.780000,4127.020000,0.9870
1784768400,4127.020000,4132.730000,4125.280000,4129.120000,4.5620
1784769300,4128.780000,4134.440000,4128.740000,4132.150000,1.7100
1784770200,4132.150000,4132.440000,4117.950000,4117.950000,12.6580
1784771100,4117.430000,4117.430000,4109.660000,4111.720000,4.1760
1784772000,4111.710000,4112.290000,4107.800000,4111.960000,1.4800
1784772900,4112.290000,4112.290000,4108.900000,4110.800000,0.5920
1784773800,4111.160000,4116.810000,4109.460000,4116.810000,4.5340
1784774700,4116.800000,4123.050000,4116.800000,4123.040000,4.1190
1784775600,4123.050000,4123.600000,4118.540000,4120.780000,5.1330
1784776500,4121.350000,4127.030000,4121.240000,4124.780000,1.6270
1784777400,4124.760000,4124.760000,4121.520000,4123.040000,1.2600
1784778300,4123.050000,4123.050000,4119.080000,4119.250000,0.8090
1784779200,4119.250000,4121.910000,4117.950000,4121.910000,1.1380
1784780100,4121.920000,4123.620000,4120.780000,4123.620000,0.3960
1784781000,4124.190000,4124.250000,4118.510000,4118.520000,0.7500
1784781900,4118.510000,4118.510000,4115.680000,4116.040000,0.6370
1784782800,4116.160000,4119.080000,4114.850000,4119.070000,2.8270
1784783700,4118.550000,4119.080000,4115.680000,4119.080000,0.8180
1784784600,4119.650000,4123.050000,4118.510000,4121.920000,0.9390
1784785500,4121.910000,4124.720000,4116.250000,4118.500000,0.8960
1784786400,4118.510000,4121.900000,4116.810000,4118.010000,0.9900
1784787300,4117.690000,4121.900000,4116.250000,4117.280000,0.5160
1784788200,4116.590000,4117.630000,4112.860000,4115.290000,0.7010
1784789100,4115.290000,4116.810000,4113.980000,4114.010000,1.1250
1784790000,4114.010000,4114.220000,4098.230000,4101.010000,3.8540
1784790900,4101.290000,4106.080000,4101.290000,4103.380000,5.0990
1784791800,4103.270000,4103.270000,4087.610000,4090.910000,17.1510
1784792700,4090.910000,4091.480000,4087.010000,4090.720000,3.9110
1784793600,4090.920000,4093.070000,4086.960000,4086.960000,3.7150
1784794500,4087.310000,4087.570000,4084.780000,4087.430000,0.8950
1784795400,4087.430000,4088.130000,4084.470000,4087.560000,17.4000
1784796300,4087.560000,4090.180000,4083.830000,4089.750000,1.1200
1784797200,4089.430000,4094.840000,4089.240000,4092.040000,1.8880
1784798100,4092.040000,4092.600000,4086.450000,4087.570000,1.1570
1784799000,4087.570000,4088.690000,4085.890000,4088.450000,0.7730
1784799900,4088.450000,4090.360000,4085.890000,4086.030000,0.7470
1784800800,4086.020000,4087.010000,4084.780000,4086.380000,1.1340
1784801700,4086.380000,4088.130000,4082.660000,4084.780000,3.7860
1784802600,4084.770000,4087.570000,4082.560000,4085.710000,2.2190
1784803500,4085.430000,4089.800000,4084.220000,4088.700000,2.0360
1784804400,4089.380000,4089.390000,4083.130000,4084.160000,1.4440
1784805300,4084.220000,4084.780000,4077.540000,4079.770000,1.5030
1784806200,4079.350000,4079.540000,4070.510000,4074.400000,3.5780
1784807100,4074.760000,4084.780000,4074.100000,4081.990000,5.6210
1784808000,4081.760000,4081.990000,4077.660000,4077.660000,0.9550
1784808900,4078.080000,4078.620000,4067.560000,4071.990000,1.2800
1784809800,4071.440000,4071.440000,4061.010000,4065.430000,6.6290
1784810700,4064.800000,4064.800000,4058.190000,4058.850000,2.7980
1784811600,4058.190000,4059.290000,4038.280000,4038.570000,12.3190
1784812500,4039.000000,4055.440000,4038.470000,4055.440000,16.2070
1784813400,4055.980000,4063.700000,4053.240000,4054.340000,4.0740
1784814300,4053.830000,4054.890000,4041.530000,4041.530000,2.3200
1784815200,4041.270000,4048.300000,4037.930000,4046.110000,25.7310
1784816100,4045.950000,4054.050000,4041.740000,4054.050000,6.0470
1784817000,4054.050000,4056.830000,4049.950000,4055.140000,1.1060
1784817900,4055.180000,4058.190000,4054.340000,4055.500000,1.1150
1784818800,4055.450000,4055.980000,4047.210000,4048.200000,1.5740
1784819700,4047.930000,4052.690000,4043.920000,4045.020000,3.4940
1784820600,4044.470000,4050.920000,4040.660000,4046.670000,2.9040
1784821500,4046.660000,4048.300000,4045.020000,4045.890000,0.8200
1784822400,4046.100000,4047.750000,4045.760000,4047.740000,0.7820
1784823300,4047.750000,4048.300000,4044.500000,4048.300000,0.6760
1784824200,4048.300000,4048.300000,4045.570000,4047.940000,0.9340
1784825100,4047.900000,4048.850000,4046.310000,4048.850000,0.7390
1784826000,4048.850000,4052.140000,4045.020000,4045.280000,1.6120
1784826900,4045.020000,4047.750000,4045.020000,4045.260000,0.9560
1784827800,4045.260000,4046.660000,4040.190000,4041.200000,0.8510
1784828700,4041.190000,4041.740000,4040.190000,4040.190000,0.6930
1784829600,4040.190000,4041.740000,4039.010000,4039.840000,2.8520
1784830500,4039.960000,4042.290000,4039.210000,4042.290000,0.5510
1784831400,4042.280000,4045.250000,4042.280000,4044.300000,0.7010
1784832300,4044.300000,4045.570000,4043.920000,4044.110000,0.8940
1784833200,4044.520000,4046.110000,4041.750000,4041.750000,0.7280
1784834100,4041.740000,4046.590000,4041.740000,4046.570000,0.9770
1784835000,4046.080000,4048.830000,4044.470000,4045.540000,0.6040
1784835900,4044.470000,4048.300000,4043.380000,4048.090000,0.7070
1784836800,4048.240000,4048.610000,4046.660000,4047.740000,0.6020
1784837700,4047.750000,4047.750000,4046.740000,4047.750000,0.3890
1784838600,4047.750000,4047.750000,4046.870000,4047.170000,0.5720
1784839500,4046.970000,4047.390000,4046.030000,4046.660000,0.4450
1784840400,4046.660000,4047.210000,4046.550000,4047.070000,0.5970
1784841300,4046.950000,4047.180000,4046.590000,4046.650000,0.3480
1784842200,4047.020000,4047.020000,4046.170000,4046.900000,0.3610
1784843100,4046.850000,4047.210000,4046.340000,4046.960000,0.4650
1784844000,4047.210000,4047.210000,4046.260000,4046.800000,5.8530
1784844900,4046.800000,4047.750000,4046.510000,4047.540000,0.4450
1784845800,4047.620000,4047.750000,4047.460000,4047.460000,0.8410
1784846700,4047.460000,4047.750000,4046.920000,4047.280000,0.6360
1784847600,4047.060000,4047.490000,4044.850000,4045.280000,0.4660
1784848500,4045.310000,4046.110000,4045.310000,4046.110000,0.4970
1784849400,4046.100000,4047.750000,4046.100000,4046.120000,0.5770
1784850300,4046.120000,4047.210000,4045.020000,4045.160000,0.6610
1784851200,4045.190000,4047.210000,4039.560000,4039.640000,2.1020
1784852100,4039.570000,4044.810000,4039.560000,4043.910000,0.8380
1784853000,4043.920000,4047.120000,4043.380000,4047.120000,0.7410
1784853900,4047.120000,4048.300000,4046.460000,4047.540000,0.6890
1784854800,4048.000000,4048.000000,4037.880000,4039.910000,2.7730
1784855700,4040.100000,4043.920000,4039.760000,4041.790000,1.0190
1784856600,4041.760000,4047.120000,4040.650000,4047.120000,0.7220
1784857500,4047.120000,4047.120000,4040.650000,4041.740000,0.7170
1784858400,4041.740000,4043.380000,4040.190000,4043.380000,0.9600
1784859300,4043.380000,4046.100000,4042.020000,4046.100000,0.3040
1784860200,4045.020000,4045.560000,4039.980000,4039.980000,0.2240
1784861100,4039.560000,4039.560000,4022.180000,4022.180000,0.9760
1784862000,4022.010000,4029.770000,4022.010000,4029.770000,1.1540
1784862900,4030.310000,4032.180000,4027.310000,4027.310000,1.4550
1784863800,4028.140000,4030.840000,4028.140000,4030.840000,0.3170
1784864700,4029.760000,4030.130000,4028.680000,4028.680000,0.0730
1784865600,4028.150000,4028.150000,4026.520000,4026.520000,0.0580
1784866500,4027.060000,4028.140000,4026.530000,4028.140000,0.0680
1784867400,4027.590000,4027.590000,4025.160000,4025.160000,0.0420
1784868300,4025.970000,4026.500000,4025.970000,4026.500000,0.0190
1784869200,4026.500000,4030.010000,4025.370000,4026.660000,0.1540
1784870100,4026.510000,4027.550000,4022.700000,4025.940000,0.6550
1784871000,4026.510000,4029.260000,4023.400000,4023.400000,0.5980
1784871900,4024.340000,4026.510000,4021.640000,4021.640000,0.1440
1784872800,4021.650000,4029.760000,4021.650000,4029.760000,2.0630
1784873700,4030.240000,4037.180000,4029.240000,4035.200000,0.5940
1784874600,4035.090000,4035.090000,4032.970000,4032.970000,1.6950
1784875500,4033.570000,4035.200000,4031.390000,4034.650000,0.1770
1784876400,4034.110000,4043.880000,4034.110000,4043.370000,0.5710
1784877300,4042.290000,4046.750000,4041.780000,4046.110000,9.4640
1784878200,4045.580000,4048.850000,4041.750000,4043.620000,6.4360
1784879100,4043.320000,4044.470000,4042.850000,4044.470000,3.2360
1784880000,4043.920000,4043.920000,4041.740000,4042.650000,0.0970
1784880900,4042.570000,4046.660000,4042.570000,4046.660000,0.1170
1784881800,4046.220000,4048.850000,4045.030000,4048.850000,0.2640
1784882700,4048.300000,4052.150000,4048.190000,4052.150000,0.1190
1784883600,4052.690000,4054.800000,4050.490000,4050.490000,0.2940
1784884500,4049.950000,4051.590000,4048.440000,4048.440000,0.7980
1784885400,4048.440000,4051.030000,4048.300000,4049.940000,0.9240
1784886300,4050.590000,4054.050000,4050.470000,4054.050000,0.3240
1784887200,4054.340000,4056.200000,4053.210000,4053.790000,0.7260
1784888100,4053.240000,4057.080000,4052.780000,4057.080000,0.5220
1784889000,4056.720000,4057.740000,4053.790000,4053.790000,0.0580
1784889900,4053.790000,4053.790000,4053.040000,4053.790000,0.1650
1784890800,4054.340000,4057.620000,4054.340000,4055.430000,0.3870
1784891700,4056.130000,4056.450000,4055.440000,4055.440000,0.1310
1784892600,4054.890000,4054.890000,4051.590000,4051.590000,0.7040
1784893500,4051.070000,4054.890000,4047.340000,4053.790000,1.4870
1784894400,4053.240000,4053.240000,4048.300000,4052.140000,0.1010
1784895300,4051.590000,4054.410000,4051.390000,4054.340000,17.5930
1784896200,4053.790000,4054.340000,4048.300000,4049.400000,2.6500
1784897100,4049.950000,4050.490000,4047.760000,4049.950000,0.6140
1784898000,4050.490000,4052.690000,4040.200000,4042.300000,3.4720
1784898900,4042.290000,4043.380000,4040.200000,4041.200000,1.7430
1784899800,4040.760000,4051.590000,4039.750000,4047.220000,1.8050
1784900700,4047.210000,4063.700000,4044.000000,4063.700000,0.8000
1784901600,4064.080000,4065.000000,4055.360000,4056.430000,0.8920
1784902500,4055.980000,4064.240000,4052.720000,4062.040000,0.2400
1784903400,4062.040000,4063.140000,4057.560000,4058.660000,1.4150
1784904300,4058.190000,4063.150000,4056.530000,4063.150000,0.6490
1784905200,4062.590000,4072.550000,4062.040000,4072.550000,0.7380
1784906100,4071.990000,4078.100000,4070.510000,4072.550000,1.7280
1784907000,4072.460000,4075.310000,4069.780000,4069.780000,0.5410
1784907900,4069.220000,4073.100000,4067.560000,4073.100000,0.3770
1784908800,4073.650000,4073.650000,4071.440000,4071.440000,0.9230
1784909700,4071.440000,4073.600000,4070.880000,4071.440000,0.0900
1784910600,4070.880000,4070.880000,4064.250000,4064.250000,0.2070
1784911500,4063.700000,4063.700000,4061.490000,4062.390000,0.3710
1784912400,4062.400000,4063.150000,4060.010000,4060.010000,0.8780
1784913300,4060.040000,4064.250000,4060.040000,4064.250000,0.0670
1784914200,4064.800000,4065.340000,4063.700000,4063.700000,0.0680
1784915100,4063.150000,4063.150000,4060.940000,4060.940000,1.2280
1784916000,4060.390000,4060.390000,4058.200000,4059.300000,4.8270
1784916900,4059.290000,4059.290000,4052.870000,4052.870000,0.0740
1784917800,4052.690000,4052.690000,4049.400000,4049.400000,0.1120
1784918700,4049.950000,4051.040000,4049.950000,4051.040000,0.0190
1784919600,4050.490000,4051.590000,4050.210000,4050.210000,0.0270
1784920500,4049.950000,4049.950000,4047.210000,4047.740000,0.2140
1784921400,4048.300000,4054.680000,4048.300000,4054.330000,0.1900
1784922300,4053.790000,4053.790000,4050.360000,4051.040000,0.1540
1784923200,4051.590000,4051.590000,4051.040000,4051.040000,0.0110
1784924100,4050.500000,4051.200000,4050.500000,4051.080000,0.0890
1784925000,4050.690000,4051.040000,4048.940000,4051.040000,1.8990
1784925900,4050.880000,4050.880000,4048.930000,4048.940000,0.9540
1784926800,4049.460000,4049.950000,4049.440000,4049.950000,1.2980
1784927700,4049.950000,4049.950000,4049.950000,4049.950000,0.0000
1784928600,4050.490000,4051.040000,4050.490000,4051.040000,0.7490
1784929500,4051.040000,4051.040000,4051.040000,4051.040000,0.0000
1784930400,4051.040000,4051.040000,4051.040000,4051.040000,0.0000
1784931300,4051.040000,4051.040000,4051.040000,4051.040000,0.0000
1784932200,4051.040000,4051.040000,4051.040000,4051.040000,0.0000
1784933100,4051.590000,4051.590000,4051.590000,4051.590000,0.0990
1784934000,4051.590000,4051.590000,4051.590000,4051.590000,0.0000
1784934900,4052.130000,4052.140000,4052.130000,4052.140000,0.0060
1784935800,4052.690000,4053.790000,4052.690000,4053.630000,4.2010
1784936700,4053.630000,4053.630000,4053.630000,4053.630000,0.0000
1784937600,4053.790000,4054.340000,4053.790000,4054.340000,0.6380
1784938500,4054.340000,4054.340000,4054.340000,4054.340000,0.0000
1784939400,4054.340000,4054.340000,4054.340000,4054.340000,0.0000
1784940300,4054.770000,4054.770000,4053.790000,4053.790000,0.3080
1784941200,4054.050000,4054.050000,4054.050000,4054.050000,0.0200
1784942100,4053.680000,4053.780000,4053.410000,4053.580000,0.0000
1784943000,4053.640000,4053.640000,4053.640000,4053.640000,0.1130
1784943900,4053.560000,4053.620000,4053.300000,4053.300000,0.0000
1784944800,4053.290000,4053.360000,4053.260000,4053.260000,0.0000
1784945700,4053.240000,4053.240000,4053.030000,4053.030000,0.0070
1784946600,4053.000000,4053.000000,4053.000000,4053.000000,0.0030
1784947500,4052.840000,4052.840000,4052.840000,4052.840000,0.0560
1784948400,4052.690000,4052.690000,4052.690000,4052.690000,0.0050
1784949300,4052.140000,4052.140000,4051.740000,4051.740000,0.2930
1784950200,4051.720000,4051.940000,4051.700000,4051.850000,0.0000
1784951100,4051.950000,4051.950000,4051.950000,4051.950000,0.0340
1784952000,4051.950000,4051.950000,4051.950000,4051.950000,0.0010
1784952900,4051.950000,4051.950000,4051.950000,4051.950000,0.0000
1784953800,4051.950000,4051.950000,4051.950000,4051.950000,0.0980
1784954700,4051.940000,4051.950000,4051.940000,4051.950000,0.0340
1784955600,4051.950000,4051.950000,4051.950000,4051.950000,0.0170
1784956500,4051.950000,4052.040000,4051.710000,4052.010000,0.0000
1784957400,4052.010000,4052.420000,4052.010000,4052.400000,0.0000
1784958300,4052.400000,4052.400000,4052.400000,4052.400000,0.0000
1784959200,4052.400000,4052.400000,4052.400000,4052.400000,0.0000
1784960100,4052.400000,4052.480000,4052.400000,4052.440000,0.0000
1784961000,4052.390000,4052.440000,4052.390000,4052.440000,0.2560
1784961900,4052.450000,4052.450000,4052.450000,4052.450000,0.0000
1784962800,4052.450000,4052.450000,4052.450000,4052.450000,0.0000
1784963700,4052.450000,4052.460000,4052.450000,4052.460000,0.0000
1784964600,4051.600000,4051.600000,4051.600000,4051.600000,0.0690
1784965500,4051.620000,4051.620000,4051.600000,4051.600000,0.2310
1784966400,4051.870000,4051.880000,4051.700000,4051.760000,0.0000
1784967300,4051.750000,4051.910000,4051.750000,4051.910000,0.0000
1784968200,4051.920000,4051.920000,4051.920000,4051.920000,0.0140
1784969100,4051.910000,4051.910000,4051.910000,4051.910000,0.0000
1784970000,4051.920000,4051.920000,4051.590000,4051.790000,0.0090
1784970900,4051.660000,4051.660000,4051.600000,4051.600000,0.0000
1784971800,4051.600000,4051.600000,4051.510000,4051.510000,0.0000
1784972700,4051.500000,4051.960000,4051.490000,4051.790000,0.0000
1784973600,4051.480000,4051.480000,4051.480000,4051.480000,0.0470
1784974500,4051.480000,4051.490000,4051.480000,4051.490000,0.0000
1784975400,4051.470000,4051.470000,4051.470000,4051.470000,0.0700
1784976300,4051.480000,4052.140000,4051.480000,4052.140000,0.0050
1784977200,4052.030000,4052.560000,4052.030000,4052.400000,0.0000
1784978100,4052.400000,4052.400000,4052.060000,4052.120000,0.0000
1784979000,4052.120000,4052.420000,4051.870000,4051.970000,0.0000
1784979900,4051.970000,4052.070000,4051.910000,4052.070000,0.0000
1784980800,4052.060000,4052.060000,4052.060000,4052.060000,0.0070
1784981700,4052.070000,4052.070000,4052.070000,4052.070000,0.0000
1784982600,4052.060000,4052.060000,4051.480000,4051.480000,8.5000
1784983500,4052.070000,4052.070000,4052.060000,4052.060000,0.4440
1784984400,4052.140000,4052.140000,4052.130000,4052.130000,0.0050
1784985300,4052.140000,4052.690000,4052.140000,4052.690000,0.1080
1784986200,4052.570000,4053.200000,4052.570000,4052.930000,2.0490
1784987100,4052.510000,4054.340000,4052.460000,4053.330000,0.8430
1784988000,4053.280000,4053.290000,4053.270000,4053.290000,0.0000
1784988900,4053.290000,4053.290000,4053.290000,4053.290000,0.0000
1784989800,4053.570000,4054.160000,4053.570000,4053.790000,0.0210
1784990700,4054.270000,4054.290000,4054.180000,4054.210000,0.0000
1784991600,4054.220000,4054.310000,4054.170000,4054.270000,0.0000
1784992500,4054.320000,4054.320000,4054.320000,4054.320000,0.0040
1784993400,4053.610000,4053.610000,4053.610000,4053.610000,0.0290
1784994300,4054.130000,4054.340000,4054.130000,4054.340000,0.0000
1784995200,4054.330000,4054.330000,4053.830000,4053.830000,0.2770
1784996100,4053.880000,4053.890000,4053.300000,4053.300000,0.0000
1784997000,4053.440000,4053.460000,4053.440000,4053.460000,0.0090
1784997900,4054.250000,4054.770000,4054.250000,4054.770000,0.2440
1784998800,4054.450000,4054.450000,4054.450000,4054.450000,0.0050
1784999700,4054.500000,4054.680000,4054.500000,4054.500000,0.4530
1785000600,4054.660000,4054.660000,4054.650000,4054.650000,0.0000
1785001500,4054.650000,4054.650000,4054.650000,4054.650000,0.2000
1785002400,4054.650000,4055.440000,4054.650000,4055.440000,0.7460
1785003300,4055.970000,4055.970000,4055.970000,4055.970000,0.0010
1785004200,4055.980000,4056.630000,4055.980000,4056.630000,0.7260
1785005100,4056.220000,4056.290000,4056.220000,4056.290000,0.0000
1785006000,4056.340000,4056.340000,4056.340000,4056.340000,0.0120
1785006900,4056.110000,4056.110000,4054.350000,4054.930000,1.2370
1785007800,4054.960000,4055.830000,4054.960000,4055.370000,1.2790
1785008700,4055.370000,4055.370000,4055.370000,4055.370000,0.0010
1785009600,4055.370000,4055.370000,4055.370000,4055.370000,0.0630
1785010500,4055.370000,4055.370000,4055.360000,4055.360000,0.1340
1785011400,4054.890000,4054.890000,4054.890000,4054.890000,0.1080
1785012300,4054.690000,4055.270000,4054.690000,4055.270000,0.5980
1785013200,4055.270000,4055.270000,4055.270000,4055.270000,0.0060
1785014100,4055.270000,4055.850000,4055.270000,4055.650000,1.6530
1785015000,4055.170000,4056.080000,4055.170000,4056.040000,1.6720
1785015900,4056.060000,4056.060000,4056.050000,4056.050000,0.0000
1785016800,4056.050000,4056.050000,4056.050000,4056.050000,0.2610
1785017700,4056.530000,4056.530000,4056.530000,4056.530000,0.0000
1785018600,4056.530000,4056.690000,4056.530000,4056.630000,0.0100
1785019500,4056.570000,4056.570000,4055.990000,4055.990000,0.0000
1785020400,4055.990000,4055.990000,4055.990000,4055.990000,0.0060
1785021300,4055.990000,4055.990000,4055.990000,4055.990000,0.0000
1785022200,4055.990000,4055.990000,4055.990000,4055.990000,0.0000
1785023100,4055.990000,4055.990000,4055.990000,4055.990000,0.0000
1785024000,4055.980000,4055.980000,4055.980000,4055.980000,0.0210
1785024900,4055.440000,4055.440000,4055.440000,4055.440000,0.0150
1785025800,4054.900000,4054.900000,4054.900000,4054.900000,0.0000
1785026700,4054.900000,4054.900000,4054.900000,4054.900000,0.0000
1785027600,4054.900000,4054.900000,4054.900000,4054.900000,0.0220
1785028500,4054.900000,4054.900000,4054.900000,4054.900000,0.0050
1785029400,4054.900000,4054.900000,4054.900000,4054.900000,0.0030
1785030300,4054.900000,4054.900000,4054.900000,4054.900000,0.0000
1785031200,4054.900000,4054.900000,4054.900000,4054.900000,0.0660
1785032100,4054.900000,4054.900000,4054.900000,4054.900000,0.0000
1785033000,4054.900000,4054.900000,4054.900000,4054.900000,0.0000
1785033900,4054.900000,4054.900000,4054.900000,4054.900000,0.0300
1785034800,4054.900000,4054.900000,4054.900000,4054.900000,0.0000
1785035700,4054.900000,4054.900000,4054.900000,4054.900000,0.1710
1785036600,4054.900000,4054.900000,4054.900000,4054.900000,0.0050
1785037500,4055.140000,4055.140000,4055.140000,4055.140000,0.0020
1785038400,4055.140000,4055.140000,4055.140000,4055.140000,0.0010
1785039300,4055.140000,4055.980000,4055.140000,4055.980000,0.9050
1785040200,4055.730000,4056.310000,4055.730000,4056.310000,0.9610
1785041100,4056.310000,4056.750000,4056.310000,4056.750000,1.9820
1785042000,4056.750000,4056.750000,4056.750000,4056.750000,0.0040
1785042900,4056.740000,4056.740000,4056.740000,4056.740000,0.0080
1785043800,4056.750000,4056.750000,4055.450000,4055.450000,0.4870
1785044700,4055.450000,4058.250000,4055.450000,4056.710000,0.7010
1785045600,4056.710000,4057.370000,4056.710000,4057.060000,0.2690
1785046500,4056.540000,4056.540000,4055.980000,4055.980000,0.6900
1785047400,4055.450000,4055.450000,4055.450000,4055.450000,0.0000
1785048300,4055.450000,4056.100000,4055.450000,4055.990000,0.0910
1785049200,4055.990000,4057.150000,4055.990000,4056.270000,0.8480
1785050100,4055.980000,4055.980000,4055.920000,4055.920000,0.0870
1785051000,4055.910000,4055.910000,4055.450000,4055.450000,0.6440
1785051900,4055.490000,4055.490000,4055.490000,4055.490000,0.0010
1785052800,4055.490000,4055.490000,4055.490000,4055.490000,0.0010
1785053700,4055.490000,4056.530000,4055.490000,4056.200000,0.3010
1785054600,4056.330000,4056.340000,4056.330000,4056.340000,0.0060
1785055500,4056.280000,4056.290000,4056.060000,4056.070000,0.0000
1785056400,4056.140000,4056.140000,4055.990000,4055.990000,0.0090
1785057300,4056.000000,4056.000000,4056.000000,4056.000000,0.0010
1785058200,4056.000000,4056.000000,4055.980000,4055.980000,0.1690
1785059100,4055.820000,4056.000000,4055.810000,4055.810000,0.0140
1785060000,4055.840000,4060.540000,4055.840000,4060.540000,4.9920
1785060900,4058.340000,4058.340000,4058.330000,4058.330000,0.0690
1785061800,4058.340000,4059.680000,4058.340000,4059.420000,1.1940
1785062700,4059.810000,4061.530000,4059.770000,4060.180000,2.0980
1785063600,4059.850000,4059.850000,4059.850000,4059.850000,0.0270
1785064500,4059.850000,4061.410000,4059.290000,4059.290000,0.7680
1785065400,4058.750000,4058.750000,4058.740000,4058.740000,0.0050
1785066300,4058.740000,4059.010000,4056.550000,4058.200000,2.1120
1785067200,4058.200000,4058.850000,4058.200000,4058.520000,0.2350
1785068100,4058.210000,4058.210000,4058.210000,4058.210000,0.0030
1785069000,4058.250000,4058.260000,4058.200000,4058.200000,0.0400
1785069900,4058.210000,4058.210000,4058.200000,4058.210000,0.0000
1785070800,4058.210000,4058.210000,4058.200000,4058.210000,0.1620
1785071700,4058.210000,4058.210000,4058.210000,4058.210000,0.1810
1785072600,4058.210000,4059.040000,4058.210000,4059.040000,0.5120
1785073500,4059.030000,4059.030000,4058.720000,4058.720000,0.1470
1785074400,4058.720000,4061.630000,4058.720000,4060.220000,0.9920
1785075300,4060.150000,4060.150000,4060.140000,4060.140000,0.0000
1785076200,4060.140000,4060.140000,4059.840000,4059.840000,0.0060
1785077100,4060.140000,4060.140000,4060.140000,4060.140000,0.0020
1785078000,4060.140000,4060.140000,4060.130000,4060.130000,0.1290
1785078900,4059.930000,4059.930000,4059.930000,4059.930000,0.0030
1785079800,4059.930000,4061.800000,4059.930000,4061.490000,1.2970
1785080700,4061.460000,4061.460000,4061.140000,4061.250000,0.0100
1785081600,4061.250000,4062.590000,4061.250000,4062.590000,0.5480
1785082500,4062.050000,4063.660000,4062.050000,4063.440000,0.8950
1785083400,4063.700000,4063.990000,4063.560000,4063.730000,0.0410
1785084300,4063.150000,4063.150000,4062.590000,4062.590000,1.3230
1785085200,4062.340000,4062.340000,4062.340000,4062.340000,0.0040
1785086100,4062.040000,4062.040000,4061.680000,4061.680000,0.1230
1785087000,4061.550000,4061.550000,4061.500000,4061.500000,0.0000
1785087900,4061.500000,4063.690000,4061.280000,4061.390000,2.5600
1785088800,4061.460000,4061.530000,4061.340000,4061.340000,0.2030
1785089700,4061.230000,4061.330000,4061.230000,4061.240000,0.0000
1785090600,4061.300000,4061.300000,4061.300000,4061.300000,0.0340
1785091500,4061.210000,4061.280000,4061.150000,4061.190000,0.0000
1785092400,4060.940000,4060.940000,4060.940000,4060.940000,0.0030
1785093300,4061.080000,4061.080000,4060.870000,4060.870000,0.0530
1785094200,4061.220000,4061.220000,4061.220000,4061.220000,0.0670
1785095100,4061.080000,4061.780000,4060.870000,4061.780000,1.3110
1785096000,4061.230000,4061.240000,4061.230000,4061.240000,0.0680
1785096900,4061.310000,4061.310000,4061.010000,4061.010000,0.0280
1785097800,4061.140000,4061.220000,4061.110000,4061.190000,0.0000
1785098700,4061.130000,4061.130000,4061.130000,4061.130000,0.1200
1785099600,4061.250000,4065.420000,4061.250000,4065.110000,2.3070
1785100500,4065.620000,4069.220000,4065.620000,4069.220000,0.3690
1785101400,4069.220000,4070.140000,4069.220000,4070.140000,0.0320
1785102300,4069.590000,4074.510000,4069.080000,4074.510000,0.8930
1785103200,4071.080000,4090.840000,4071.080000,4083.110000,24.7450
1785104100,4082.550000,4083.660000,4080.460000,4081.440000,0.1380
1785105000,4081.990000,4087.010000,4081.990000,4085.360000,0.2420
1785105900,4086.450000,4087.680000,4084.530000,4084.650000,0.9050
1785106800,4085.340000,4085.340000,4080.080000,4080.880000,0.5420
1785107700,4080.000000,4080.000000,4078.660000,4078.660000,0.1160
1785108600,4078.940000,4081.990000,4078.940000,4081.990000,0.0370
1785109500,4082.550000,4089.630000,4082.550000,4088.690000,1.3840
1785110400,4088.330000,4108.930000,4088.330000,4108.930000,10.2160
1785111300,4109.190000,4109.190000,4086.440000,4088.010000,7.9050
1785112200,4088.130000,4095.390000,4088.130000,4094.280000,1.8130
1785113100,4094.840000,4101.580000,4094.280000,4094.290000,0.1760
1785114000,4094.840000,4104.950000,4094.840000,4101.580000,2.3260
1785114900,4101.070000,4101.740000,4091.040000,4092.960000,0.5130
1785115800,4093.160000,4096.530000,4091.640000,4096.310000,0.8520
1785116700,4097.080000,4102.700000,4097.080000,4102.700000,0.1300
1785117600,4103.260000,4103.260000,4098.210000,4098.500000,0.1770
1785118500,4097.760000,4097.760000,4096.510000,4097.640000,0.0360
1785119400,4097.080000,4097.080000,4090.320000,4090.320000,0.7460
1785120300,4090.000000,4090.000000,4087.800000,4087.810000,0.0830
1785121200,4088.170000,4088.690000,4084.220000,4084.980000,0.1940
1785122100,4085.240000,4087.000000,4081.440000,4081.440000,1.5000
1785123000,4081.990000,4083.660000,4081.990000,4083.660000,0.6120
1785123900,4083.700000,4084.220000,4083.700000,4084.220000,0.0240
1785124800,4084.780000,4085.890000,4084.780000,4084.780000,0.1310
1785125700,4084.220000,4084.220000,4082.230000,4083.110000,0.0540
1785126600,4083.240000,4085.980000,4083.240000,4085.980000,0.0780
1785127500,4085.350000,4085.350000,4085.340000,4085.340000,0.0160
1785128400,4084.880000,4087.570000,4084.780000,4087.570000,0.1420
1785129300,4087.200000,4087.460000,4082.550000,4082.550000,0.1420
1785130200,4082.740000,4084.220000,4081.440000,4083.040000,0.1270
1785131100,4082.550000,4086.310000,4080.440000,4086.310000,0.1880
1785132000,4086.450000,4089.240000,4086.450000,4089.240000,0.1410
1785132900,4088.690000,4089.800000,4085.350000,4089.240000,0.1770
1785133800,4089.670000,4092.040000,4088.530000,4091.020000,0.9200
1785134700,4091.020000,4091.020000,4089.610000,4090.560000,0.1520
1785135600,4090.920000,4094.840000,4090.920000,4094.840000,0.0810
1785136500,4094.950000,4099.330000,4094.620000,4097.510000,0.2630
1785137400,4096.520000,4096.520000,4090.320000,4090.320000,0.1680
1785138300,4090.920000,4091.480000,4084.220000,4084.220000,0.1300
1785139200,4083.670000,4085.880000,4081.990000,4085.570000,0.1870
1785140100,4084.780000,4085.880000,4083.660000,4085.880000,0.0330
1785141000,4084.780000,4085.340000,4082.690000,4085.340000,0.7390
1785141900,4085.880000,4089.240000,4085.880000,4089.240000,0.0620
1785142800,4089.750000,4092.040000,4088.130000,4088.130000,0.2850
1785143700,4087.570000,4088.880000,4086.450000,4086.450000,0.1450
1785144600,4085.890000,4087.010000,4085.340000,4087.010000,0.1450
1785145500,4087.570000,4093.230000,4087.570000,4090.920000,0.5090
1785146400,4090.360000,4090.360000,4081.850000,4084.880000,0.5750
1785147300,4084.780000,4086.450000,4084.780000,4086.450000,0.0860
1785148200,4087.010000,4094.840000,4087.010000,4094.840000,0.2870
1785149100,4095.000000,4095.390000,4094.280000,4094.280000,0.0460
1785150000,4093.720000,4097.010000,4092.450000,4097.010000,0.0690
1785150900,4096.250000,4096.250000,4092.600000,4092.600000,0.0880
1785151800,4092.040000,4093.700000,4088.270000,4090.250000,2.8320
1785152700,4090.360000,4090.490000,4088.180000,4088.320000,0.3760
1785153600,4089.240000,4090.920000,4081.100000,4081.690000,0.4740
1785154500,4082.400000,4082.550000,4075.740000,4081.990000,1.2290
1785155400,4081.450000,4081.990000,4078.110000,4081.440000,3.2150
1785156300,4081.990000,4083.100000,4075.980000,4078.510000,2.4360
1785157200,4079.210000,4082.550000,4076.120000,4078.690000,5.7360
1785158100,4078.990000,4081.440000,4070.330000,4070.880000,26.5950
1785159000,4071.390000,4082.550000,4068.720000,4080.880000,1.6840
1785159900,4081.440000,4083.110000,4067.480000,4068.120000,0.2810
1785160800,4067.560000,4072.910000,4066.860000,4072.910000,0.3080
1785161700,4073.100000,4073.100000,4060.400000,4063.700000,2.2740
1785162600,4063.150000,4064.950000,4061.010000,4062.950000,0.7940
1785163500,4063.700000,4070.880000,4063.700000,4070.880000,2.9900
1785164400,4070.750000,4072.120000,4067.330000,4071.750000,33.3240
1785165300,4072.550000,4074.210000,4071.450000,4071.570000,1.2290
1785166200,4071.440000,4072.550000,4068.680000,4071.400000,6.3630
1785167100,4071.810000,4074.780000,4071.280000,4074.330000,3.0530
1785168000,4074.450000,4079.780000,4074.450000,4078.100000,0.9750
1785168900,4077.580000,4083.660000,4076.440000,4080.880000,3.9500
1785169800,4081.160000,4088.690000,4081.160000,4083.780000,0.9780
1785170700,4083.880000,4083.880000,4078.100000,4078.410000,0.8110
1785171600,4078.640000,4078.640000,4068.120000,4070.330000,16.7740
1785172500,4069.780000,4071.440000,4069.220000,4071.440000,0.2730
1785173400,4071.270000,4071.270000,4069.060000,4069.780000,0.3480
1785174300,4070.220000,4072.550000,4070.220000,4072.520000,0.7970
1785175200,4072.550000,4074.760000,4072.550000,4073.100000,2.9940
1785176100,4072.550000,4073.080000,4070.790000,4073.000000,9.2720
1785177000,4073.050000,4075.170000,4070.340000,4073.660000,2.5990
1785177900,4073.100000,4075.300000,4070.980000,4074.410000,0.7380
1785178800,4074.210000,4076.990000,4073.660000,4076.390000,0.4080
1785179700,4076.000000,4083.670000,4076.000000,4081.400000,1.5880
1785180600,4081.440000,4081.990000,4080.460000,4081.530000,0.2690
1785181500,4082.550000,4083.660000,4079.770000,4079.770000,0.6690
1785182400,4079.210000,4079.210000,4078.100000,4078.100000,0.0170
1785183300,4077.540000,4077.540000,4074.770000,4074.770000,0.1820
1785184200,4074.210000,4074.210000,4071.990000,4071.990000,0.0660
1785185100,4071.960000,4073.100000,4071.950000,4072.900000,0.3230
1785186000,4073.000000,4074.220000,4072.300000,4074.220000,0.5650
1785186900,4074.700000,4074.700000,4074.220000,4074.220000,0.0340
1785187800,4073.660000,4073.660000,4072.890000,4072.890000,0.0320
1785188700,4072.550000,4072.550000,4071.780000,4071.780000,0.0690
1785189600,4071.470000,4075.520000,4071.470000,4071.950000,9.5050
1785190500,4072.190000,4072.190000,4067.020000,4067.270000,2.0410
1785191400,4067.820000,4069.340000,4067.820000,4069.260000,4.7110
1785192300,4069.760000,4069.770000,4068.800000,4068.980000,0.0000
1785193200,4068.900000,4068.900000,4067.010000,4068.120000,3.2690
1785194100,4068.600000,4068.600000,4068.490000,4068.490000,0.0710
1785195000,4067.580000,4067.590000,4067.560000,4067.560000,0.3890
1785195900,4067.010000,4067.010000,4065.750000,4067.010000,0.0380
1785196800,4067.560000,4067.560000,4059.290000,4061.810000,0.1500
1785197700,4060.940000,4060.940000,4055.980000,4057.080000,0.3420
1785198600,4056.540000,4059.290000,4056.330000,4059.290000,0.0610
1785199500,4059.580000,4059.580000,4053.240000,4053.240000,5.7710
1785200400,4053.130000,4054.340000,4050.490000,4052.690000,0.4210
1785201300,4053.240000,4053.240000,4043.380000,4043.380000,0.1330
1785202200,4043.920000,4045.030000,4040.660000,4043.920000,0.5480
1785203100,4043.350000,4043.350000,4038.680000,4040.100000,0.0890
1785204000,4039.560000,4042.290000,4039.560000,4042.290000,0.0370
1785204900,4041.740000,4043.380000,4041.740000,4042.290000,0.0360
1785205800,4041.920000,4042.670000,4038.030000,4039.010000,0.2020
1785206700,4039.560000,4040.100000,4036.840000,4037.640000,0.7930
1785207600,4036.830000,4041.740000,4036.830000,4041.740000,0.7320
1785208500,4042.270000,4043.920000,4041.580000,4043.380000,0.0700
1785209400,4043.920000,4046.070000,4043.920000,4044.470000,1.6260
1785210300,4045.020000,4045.020000,4045.020000,4045.020000,0.0050
1785211200,4044.480000,4044.600000,4041.190000,4041.190000,0.0700
1785212100,4041.650000,4043.460000,4041.650000,4042.830000,0.2950
1785213000,4042.290000,4042.290000,4041.740000,4042.290000,0.0130
1785213900,4042.240000,4042.240000,4037.640000,4037.640000,0.0700
1785214800,4038.130000,4039.010000,4036.830000,4038.470000,0.0490
1785215700,4038.500000,4039.350000,4037.380000,4037.920000,0.2950
1785216600,4038.460000,4040.100000,4033.020000,4036.290000,0.1750
1785217500,4036.830000,4040.660000,4036.770000,4040.660000,0.0780
1785218400,4041.190000,4042.240000,4039.960000,4040.480000,1.7030
1785219300,4040.160000,4043.910000,4040.150000,4043.910000,6.5200
1785220200,4043.920000,4047.050000,4043.920000,4047.050000,0.0620
1785221100,4046.110000,4046.110000,4045.450000,4045.570000,4.8250
1785222000,4045.020000,4045.560000,4043.640000,4045.560000,4.5870
1785222900,4045.100000,4046.660000,4045.100000,4046.660000,0.0320
1785223800,4046.380000,4046.400000,4045.570000,4045.770000,0.4250
1785224700,4045.240000,4045.240000,4043.380000,4043.380000,0.0630
1785225600,4042.830000,4049.310000,4040.640000,4040.650000,0.5260
1785226500,4041.190000,4045.570000,4041.190000,4045.570000,0.0510
1785227400,4045.020000,4045.020000,4039.560000,4040.090000,0.3990
1785228300,4040.100000,4041.190000,4039.560000,4040.650000,0.7230
1785229200,4041.190000,4041.740000,4038.480000,4038.480000,0.5320
1785230100,4039.560000,4039.560000,4036.830000,4036.830000,0.0310
1785231000,4036.290000,4036.290000,4026.910000,4029.650000,0.4510
1785231900,4029.760000,4029.850000,4018.100000,4018.410000,6.2590
1785232800,4020.020000,4023.530000,4018.800000,4020.560000,0.2120
1785233700,4020.960000,4021.640000,4015.110000,4015.700000,1.0400
1785234600,4015.160000,4019.480000,4014.230000,4018.940000,0.2330
1785235500,4019.480000,4024.890000,4019.480000,4024.340000,0.6470
1785236400,4024.240000,4025.340000,4021.860000,4021.860000,0.4730
1785237300,4022.720000,4027.310000,4022.720000,4024.890000,0.2080
1785238200,4024.850000,4026.520000,4024.670000,4024.890000,0.3610
1785239100,4024.340000,4024.340000,4022.180000,4024.340000,0.3470
1785240000,4024.240000,4024.340000,4019.890000,4023.800000,1.0000
1785240900,4024.330000,4030.310000,4024.330000,4030.310000,0.1820
1785241800,4029.760000,4030.710000,4023.800000,4029.220000,0.5070
1785242700,4029.760000,4033.020000,4025.970000,4025.970000,0.2340
1785243600,4026.510000,4030.850000,4026.130000,4029.740000,0.1780
1785244500,4028.680000,4031.380000,4026.510000,4026.510000,0.3710
1785245400,4025.980000,4028.710000,4017.860000,4020.030000,0.7540
1785246300,4020.560000,4023.800000,4019.480000,4020.020000,0.5630
1785247200,4020.560000,4028.680000,4020.020000,4023.260000,0.8650
1785248100,4022.720000,4022.720000,4010.320000,4017.860000,0.4130
1785249000,4018.400000,4020.560000,4016.280000,4019.550000,0.6270
1785249900,4018.940000,4025.000000,4018.940000,4022.180000,0.0970
1785250800,4021.650000,4033.570000,4020.710000,4031.940000,8.4570
1785251700,4031.390000,4037.920000,4030.310000,4033.570000,10.2710
1785252600,4033.020000,4039.010000,4030.850000,4038.620000,6.7290
1785253500,4038.810000,4043.920000,4038.810000,4043.790000,13.7990
1785254400,4043.570000,4043.570000,4040.650000,4042.610000,2.2950
1785255300,4041.740000,4042.290000,4040.650000,4040.650000,1.0130
1785256200,4040.100000,4040.100000,4037.470000,4037.470000,0.6180
1785257100,4037.380000,4037.380000,4034.150000,4034.240000,0.2480
1785258000,4034.900000,4036.830000,4032.790000,4032.790000,0.0890
1785258900,4033.570000,4037.870000,4033.570000,4035.460000,0.1410
1785259800,4034.650000,4034.650000,4026.510000,4026.510000,0.1190
1785260700,4026.020000,4026.510000,4025.380000,4025.430000,0.0370
1785261600,4025.970000,4026.510000,4025.580000,4025.580000,0.1720
1785262500,4025.430000,4025.430000,4023.780000,4024.340000,0.0570
1785263400,4023.800000,4023.800000,4022.180000,4022.180000,0.0250
1785264300,4022.720000,4022.720000,4020.100000,4020.100000,0.4230
1785265200,4021.100000,4022.720000,4021.100000,4022.720000,0.0200
1785266100,4022.720000,4023.110000,4021.640000,4021.640000,0.4530
1785267000,4021.250000,4024.340000,4021.250000,4023.800000,0.0360
1785267900,4024.340000,4025.000000,4023.900000,4025.000000,0.2690
1785268800,4024.340000,4024.340000,4022.190000,4022.550000,0.2810
1785269700,4023.250000,4024.340000,4023.250000,4024.340000,0.0210
1785270600,4024.750000,4027.300000,4024.750000,4026.940000,6.6440
1785271500,4027.110000,4027.110000,4025.110000,4026.510000,0.2770
1785272400,4026.100000,4026.100000,4026.100000,4026.100000,0.0040
1785273300,4027.050000,4027.050000,4027.050000,4027.050000,0.0040
1785274200,4027.590000,4028.140000,4027.590000,4028.140000,0.0100
1785275100,4028.670000,4032.300000,4027.170000,4028.670000,5.9800
1785276000,4028.140000,4030.310000,4023.260000,4023.260000,7.1800
1785276900,4022.720000,4022.720000,4015.890000,4017.670000,0.7080
1785277800,4017.860000,4018.070000,4012.290000,4014.660000,0.5190
1785278700,4014.410000,4016.860000,4014.410000,4016.860000,0.7630
1785279600,4016.240000,4019.480000,4014.620000,4019.480000,0.0680
1785280500,4018.940000,4018.940000,4014.080000,4015.700000,0.0880
1785281400,4016.240000,4020.560000,4016.240000,4020.560000,1.7040
1785282300,4020.550000,4022.720000,4017.860000,4022.720000,0.1010
1785283200,4022.180000,4022.180000,4015.960000,4018.400000,0.6240
1785284100,4018.940000,4026.510000,4018.940000,4020.560000,1.6970
1785285000,4020.560000,4023.800000,4019.090000,4022.720000,0.5080
1785285900,4022.180000,4022.180000,4018.570000,4020.020000,0.2220
1785286800,4019.480000,4019.480000,4008.710000,4010.320000,1.3110
1785287700,4010.860000,4016.660000,4010.860000,4016.660000,0.3860
1785288600,4015.700000,4026.510000,4013.550000,4024.890000,1.8370
1785289500,4024.580000,4024.580000,4020.560000,4022.720000,1.3460
1785290400,4022.900000,4025.910000,4021.110000,4024.890000,0.6440
1785291300,4025.430000,4031.390000,4024.600000,4030.310000,0.4490
1785292200,4030.850000,4034.200000,4029.190000,4032.480000,0.1520
1785293100,4031.940000,4031.940000,4026.450000,4027.590000,1.6580
1785294000,4027.590000,4028.680000,4025.980000,4026.510000,0.3160
1785294900,4025.970000,4025.970000,4025.430000,4025.430000,0.0100
1785295800,4025.000000,4025.430000,4022.700000,4022.750000,0.0900
1785296700,4022.720000,4022.720000,4021.110000,4021.110000,0.0290
1785297600,4021.120000,4021.720000,4019.330000,4019.400000,0.7510
1785298500,4018.940000,4021.640000,4017.800000,4021.310000,0.9610
1785299400,4021.180000,4023.260000,4021.180000,4023.260000,0.2510
1785300300,4023.800000,4023.800000,4021.100000,4023.800000,1.0760
1785301200,4023.800000,4027.590000,4023.800000,4027.590000,0.0720
1785302100,4027.050000,4027.050000,4025.430000,4027.050000,0.0530
1785303000,4027.590000,4035.740000,4027.590000,4035.740000,0.2020
1785303900,4035.430000,4035.430000,4029.220000,4030.850000,0.1110
1785304800,4031.390000,4034.200000,4031.390000,4034.200000,0.0630
1785305700,4034.650000,4038.470000,4033.820000,4038.470000,18.2740
1785306600,4037.930000,4040.650000,4037.930000,4039.010000,0.8060
1785307500,4038.750000,4038.750000,4037.810000,4038.470000,0.1330
1785308400,4038.470000,4041.740000,4038.270000,4041.740000,1.4030
1785309300,4041.200000,4043.120000,4041.200000,4043.120000,0.5120
1785310200,4042.290000,4042.830000,4041.850000,4042.830000,0.2590
1785311100,4042.290000,4042.290000,4039.560000,4039.560000,1.7300
1785312000,4040.090000,4040.090000,4035.940000,4036.010000,0.4710
1785312900,4035.750000,4038.020000,4032.700000,4033.170000,1.0360
1785313800,4033.370000,4034.610000,4033.000000,4034.110000,0.2930
1785314700,4034.650000,4035.470000,4034.300000,4034.300000,0.2910
1785315600,4034.470000,4034.470000,4033.030000,4033.030000,0.4770
1785316500,4033.050000,4033.050000,4031.100000,4031.100000,0.1880
1785317400,4030.950000,4031.390000,4029.520000,4031.390000,0.4750
1785318300,4031.940000,4031.940000,4030.310000,4030.310000,0.0150
1785319200,4030.310000,4030.310000,4028.270000,4028.950000,0.0360
1785320100,4028.140000,4028.680000,4028.050000,4028.680000,0.0130
1785321000,4029.220000,4029.760000,4024.490000,4024.490000,0.0930
1785321900,4025.210000,4025.210000,4023.600000,4023.600000,0.1500
1785322800,4024.340000,4025.970000,4024.340000,4025.970000,0.0420
1785323700,4026.510000,4030.310000,4026.510000,4030.310000,0.0920
1785324600,4029.760000,4029.760000,4029.220000,4029.220000,0.0100
1785325500,4029.760000,4031.940000,4029.760000,4029.760000,0.0410
1785326400,4030.160000,4030.160000,4025.970000,4025.970000,0.3040
1785327300,4025.430000,4025.430000,4011.910000,4011.910000,0.3590
1785328200,4011.400000,4019.460000,4009.250000,4018.400000,0.6160
1785329100,4018.940000,4019.950000,4016.930000,4019.800000,6.0730
1785330000,4020.000000,4022.180000,4014.620000,4014.620000,0.4650
1785330900,4014.090000,4019.470000,4013.550000,4013.550000,0.2020
1785331800,4013.010000,4015.160000,4009.780000,4012.470000,0.4290
1785332700,4011.930000,4012.470000,4002.270000,4004.950000,1.4290
1785333600,4005.490000,4006.030000,3997.460000,3997.590000,0.3520
1785334500,3998.000000,4008.170000,3998.000000,4005.490000,0.6140
1785335400,4004.950000,4007.630000,4001.200000,4001.200000,1.6290
1785336300,4000.670000,4005.210000,3999.600000,4005.210000,3.7510
1785337200,4005.490000,4008.700000,4005.490000,4007.860000,0.0980
1785338100,4008.100000,4009.990000,4005.520000,4009.990000,2.7490
1785339000,4010.000000,4011.710000,4007.950000,4007.950000,0.3460
1785339900,4008.710000,4012.070000,4008.710000,4009.780000,0.1150
1785340800,4009.780000,4013.550000,4008.180000,4010.860000,0.2190
1785341700,4009.780000,4015.160000,4009.060000,4015.160000,0.1160
1785342600,4015.700000,4016.660000,4015.700000,4015.700000,0.0170
1785343500,4015.160000,4030.300000,4015.160000,4027.050000,0.7780
1785344400,4026.520000,4047.210000,4026.520000,4039.570000,8.9310
1785345300,4039.560000,4046.110000,4036.180000,4036.180000,6.0990
1785346200,4036.830000,4042.830000,4034.660000,4042.830000,0.1340
1785347100,4043.380000,4043.920000,4040.290000,4041.190000,0.1940
1785348000,4041.230000,4080.890000,4041.040000,4075.880000,54.0640
1785348900,4076.430000,4078.100000,4060.940000,4062.600000,2.8150
1785349800,4063.150000,4080.890000,4050.650000,4079.210000,3.3660
1785350700,4078.650000,4102.700000,4078.650000,4099.930000,15.8440
1785351600,4100.450000,4109.670000,4086.450000,4093.640000,20.9500
1785352500,4093.720000,4097.230000,4076.150000,4078.650000,3.8990
1785353400,4078.100000,4080.320000,4061.770000,4064.250000,0.9880
1785354300,4064.800000,4065.350000,4042.290000,4042.290000,2.8820
1785355200,4041.740000,4050.490000,4040.200000,4048.850000,2.4600
1785356100,4048.300000,4051.040000,4042.500000,4051.040000,0.1950
1785357000,4051.590000,4062.800000,4051.590000,4062.800000,0.1160
1785357900,4063.150000,4063.700000,4060.390000,4063.150000,0.9640
1785358800,4063.700000,4063.720000,4062.590000,4063.720000,0.0910
1785359700,4063.150000,4063.150000,4059.840000,4059.840000,0.0440
1785360600,4059.890000,4059.890000,4059.890000,4059.890000,0.0010
1785361500,4059.840000,4060.390000,4059.840000,4060.160000,0.0000
1785362400,4060.390000,4071.450000,4060.390000,4071.450000,0.4800
1785363300,4071.600000,4071.600000,4070.330000,4070.880000,0.2780
1785364200,4071.440000,4073.660000,4070.340000,4073.660000,0.2270
1785365100,4074.200000,4085.340000,4074.200000,4084.220000,0.4930
1785366000,4084.230000,4095.110000,4084.230000,4086.460000,14.2790
1785366900,4086.460000,4089.240000,4086.460000,4088.130000,9.5350
1785367800,4087.800000,4089.270000,4087.010000,4087.200000,1.7540
1785368700,4087.010000,4088.690000,4083.110000,4083.110000,0.0840
1785369600,4082.550000,4082.550000,4076.430000,4078.650000,0.1610
1785370500,4078.250000,4079.210000,4070.960000,4073.100000,0.4770
1785371400,4072.550000,4072.550000,4065.350000,4065.350000,0.1050
1785372300,4064.810000,4068.680000,4064.000000,4068.680000,1.1720
1785373200,4068.810000,4088.130000,4068.670000,4071.490000,3.2370
1785374100,4071.530000,4079.770000,4071.530000,4078.650000,0.5500
1785375000,4079.340000,4084.600000,4079.340000,4084.220000,0.1010
1785375900,4083.660000,4085.890000,4081.450000,4081.450000,0.4530
1785376800,4081.440000,4084.780000,4081.290000,4081.420000,0.8720
1785377700,4080.880000,4080.880000,4078.100000,4079.210000,0.0930
1785378600,4078.650000,4078.650000,4072.840000,4073.930000,0.1510
1785379500,4074.210000,4074.210000,4062.930000,4062.930000,0.3230
1785380400,4062.800000,4065.910000,4060.950000,4060.950000,0.1810
1785381300,4060.950000,4060.950000,4052.690000,4052.750000,0.1410
1785382200,4052.690000,4053.790000,4051.980000,4052.140000,0.2830
1785383100,4052.690000,4057.630000,4052.690000,4057.630000,0.0780
1785384000,4057.380000,4057.380000,4052.480000,4052.480000,0.0770
1785384900,4052.140000,4052.140000,4052.140000,4052.140000,0.0050
1785385800,4051.590000,4051.590000,4048.850000,4048.850000,0.0570
1785386700,4049.400000,4050.490000,4046.110000,4046.110000,0.0600
1785387600,4046.200000,4046.200000,4042.720000,4044.470000,0.3480
1785388500,4045.020000,4046.660000,4040.000000,4046.660000,0.1920
1785389400,4047.120000,4050.490000,4030.850000,4035.200000,0.6380
1785390300,4034.650000,4037.920000,4032.110000,4034.650000,0.6020
1785391200,4035.200000,4039.010000,4034.110000,4034.110000,0.1030
1785392100,4033.570000,4038.130000,4032.260000,4033.570000,0.4800
1785393000,4034.110000,4037.380000,4032.620000,4037.380000,0.1260
1785393900,4037.880000,4039.560000,4036.160000,4038.030000,0.3990
1785394800,4039.010000,4046.660000,4039.010000,4046.180000,13.3130
1785395700,4046.660000,4048.850000,4045.030000,4045.770000,1.1040
1785396600,4045.020000,4045.570000,4038.470000,4045.570000,3.7000
1785397500,4045.020000,4045.020000,4040.100000,4040.100000,0.0550
1785398400,4040.100000,4053.790000,4039.560000,4053.790000,0.8490
1785399300,4054.040000,4066.390000,4054.040000,4064.800000,0.3070
1785400200,4064.250000,4070.330000,4064.250000,4064.260000,1.4130
1785401100,4065.350000,4067.560000,4062.040000,4062.040000,0.1040
1785402000,4061.510000,4067.010000,4061.490000,4065.910000,0.8700
1785402900,4065.910000,4069.780000,4065.350000,4068.120000,0.1010
1785403800,4067.560000,4067.560000,4062.320000,4065.910000,0.1020
1785404700,4065.350000,4070.330000,4064.250000,4064.250000,1.2050
1785405600,4064.800000,4071.440000,4064.800000,4066.460000,0.5430
1785406500,4067.010000,4075.320000,4067.010000,4075.040000,25.3570
1785407400,4075.880000,4080.130000,4075.810000,4080.130000,11.0360
1785408300,4080.160000,4081.440000,4078.100000,4078.100000,0.2730
1785409200,4077.560000,4080.320000,4077.560000,4078.150000,0.3140
1785410100,4079.190000,4079.210000,4077.540000,4077.540000,0.5450
1785411000,4077.000000,4077.000000,4077.000000,4077.000000,0.2450
1785411900,4076.990000,4077.430000,4074.930000,4076.830000,0.7990
1785412800,4076.430000,4080.220000,4073.850000,4076.990000,1.0740
1785413700,4076.560000,4078.650000,4072.000000,4077.670000,1.0070
1785414600,4077.590000,4084.220000,4071.440000,4075.350000,3.0580
1785415500,4075.190000,4076.430000,4067.010000,4070.330000,0.8840
1785416400,4069.780000,4074.200000,4065.910000,4073.100000,0.8550
1785417300,4073.660000,4080.320000,4071.990000,4076.430000,3.6210
1785418200,4076.990000,4094.840000,4074.210000,4087.010000,6.9570
1785419100,4087.010000,4106.910000,4084.780000,4106.430000,23.3280
1785420000,4107.090000,4113.980000,4091.480000,4093.460000,39.0060
1785420900,4094.010000,4094.840000,4085.200000,4091.480000,9.1600
1785421800,4091.470000,4105.510000,4091.470000,4105.100000,1.2610
1785422700,4105.520000,4106.640000,4094.280000,4096.220000,8.0350
1785423600,4096.180000,4096.180000,4081.160000,4081.810000,11.2340
1785424500,4082.380000,4093.070000,4082.290000,4091.740000,3.8830
1785425400,4090.780000,4102.140000,4088.700000,4101.880000,0.7590
1785426300,4101.880000,4105.310000,4099.890000,4103.470000,5.9530
1785427200,4103.420000,4111.160000,4103.420000,4109.250000,16.1840
1785428100,4109.310000,4113.940000,4109.050000,4111.180000,4.9340
1785429000,4111.170000,4111.180000,4102.710000,4102.710000,23.5560
1785429900,4102.680000,4104.390000,4102.140000,4104.380000,8.5350
1785430800,4104.390000,4105.730000,4101.010000,4101.010000,2.4420
1785431700,4101.010000,4103.530000,4095.400000,4097.160000,4.7420
1785432600,4096.670000,4102.940000,4096.670000,4101.000000,3.0870
1785433500,4101.010000,4103.260000,4098.770000,4098.780000,1.1300
1785434400,4099.920000,4102.500000,4099.890000,4101.800000,0.8910
1785435300,4102.280000,4102.280000,4097.640000,4099.550000,0.4840
1785436200,4099.840000,4103.770000,4099.430000,4101.010000,0.7040
1785437100,4101.010000,4101.020000,4096.520000,4096.530000,0.5390
1785438000,4096.530000,4102.140000,4096.530000,4102.120000,0.5980
1785438900,4102.020000,4110.000000,4100.360000,4108.600000,0.8800
1785439800,4108.670000,4110.000000,4107.770000,4108.340000,0.6710
1785440700,4107.770000,4108.240000,4105.520000,4107.090000,0.7640
1785441600,4107.320000,4112.020000,4105.610000,4109.430000,3.0220
1785442500,4109.430000,4109.920000,4106.990000,4107.790000,8.3520
1785443400,4107.780000,4107.790000,4099.890000,4099.920000,2.6820
1785444300,4099.890000,4100.610000,4096.810000,4100.320000,2.5460
1785445200,4100.290000,4101.010000,4099.990000,4101.010000,0.6300
1785446100,4101.000000,4101.010000,4099.780000,4099.780000,0.7360
1785447000,4100.040000,4102.140000,4098.770000,4102.130000,0.6530
1785447900,4102.130000,4104.330000,4102.130000,4102.900000,1.6890
1785448800,4103.930000,4103.930000,4099.890000,4102.870000,4.2350
1785449700,4102.810000,4103.260000,4102.810000,4103.260000,0.2850
1785450600,4103.250000,4104.390000,4102.990000,4104.390000,0.8060
1785451500,4104.390000,4106.230000,4104.390000,4105.570000,0.5560
1785452400,4104.800000,4107.390000,4102.690000,4102.770000,0.6930
1785453300,4102.680000,4103.380000,4101.210000,4101.250000,0.6760
1785454200,4101.240000,4102.930000,4099.890000,4101.900000,1.2660
1785455100,4101.930000,4104.920000,4101.010000,4101.100000,0.7230
1785456000,4101.010000,4101.360000,4097.110000,4097.110000,0.6260
1785456900,4097.110000,4097.720000,4091.450000,4091.650000,0.8290
1785457800,4091.650000,4092.630000,4087.570000,4089.170000,1.0530
1785458700,4089.000000,4092.930000,4087.600000,4092.280000,0.7380
1785459600,4092.280000,4097.800000,4087.570000,4087.580000,0.9950
1785460500,4087.580000,4091.770000,4085.340000,4089.010000,0.7840
1785461400,4089.000000,4089.000000,4081.990000,4082.200000,0.9470
1785462300,4082.340000,4084.220000,4080.160000,4082.630000,1.1210
1785463200,4082.000000,4086.440000,4078.980000,4083.130000,0.8610
1785464100,4083.650000,4083.650000,4079.030000,4079.030000,0.4450
1785465000,4078.850000,4081.480000,4074.510000,4074.510000,0.8610
1785465900,4074.510000,4075.320000,4073.100000,4073.460000,0.7090
1785466800,4073.440000,4074.140000,4070.550000,4071.470000,0.6440
1785467700,4071.750000,4073.100000,4070.940000,4073.100000,0.6330
1785468600,4073.090000,4076.430000,4072.990000,4074.210000,3.0930
1785469500,4074.210000,4075.180000,4073.100000,4073.140000,0.8940
1785470400,4073.140000,4074.200000,4072.070000,4074.200000,0.9810
1785471300,4074.200000,4077.540000,4073.770000,4077.540000,0.5050
1785472200,4077.540000,4078.650000,4077.530000,4078.000000,0.5920
1785473100,4078.150000,4078.150000,4074.210000,4077.540000,0.9630
1785474000,4077.540000,4079.770000,4077.540000,4078.550000,0.6890
1785474900,4078.280000,4080.780000,4077.930000,4079.180000,0.9130
1785475800,4079.600000,4079.740000,4074.300000,4074.300000,0.9600
1785476700,4074.280000,4074.510000,4071.440000,4072.420000,0.7210
1785477600,4072.530000,4079.770000,4070.880000,4079.770000,2.5250
1785478500,4079.270000,4082.760000,4078.970000,4082.760000,0.5020
1785479400,4082.470000,4082.750000,4075.970000,4076.350000,0.6850
1785480300,4076.710000,4078.650000,4074.290000,4075.700000,0.9730
1785481200,4076.050000,4076.050000,4074.210000,4074.520000,0.6750
1785482100,4075.230000,4076.420000,4070.880000,4071.540000,0.6320
1785483000,4070.930000,4070.930000,4067.480000,4068.200000,1.4570
1785483900,4068.890000,4070.380000,4064.250000,4064.260000,3.6740
1785484800,4064.260000,4064.260000,4059.490000,4059.490000,1.1100
1785485700,4060.030000,4064.200000,4056.660000,4057.040000,1.9610
1785486600,4056.650000,4058.740000,4053.250000,4057.620000,1.6500
1785487500,4057.620000,4061.740000,4056.540000,4059.840000,9.3790
1785488400,4059.280000,4060.940000,4054.380000,4055.690000,0.8950
1785489300,4055.490000,4056.300000,4051.040000,4051.300000,0.9450
1785490200,4051.810000,4053.240000,4050.030000,4052.140000,5.3220
1785491100,4051.970000,4056.260000,4051.970000,4054.580000,1.5180
1785492000,4053.880000,4056.530000,4053.300000,4055.970000,1.0860
1785492900,4055.510000,4055.960000,4052.140000,4052.660000,0.4490
1785493800,4052.700000,4055.440000,4052.700000,4055.430000,0.8260
1785494700,4055.430000,4055.440000,4054.030000,4054.210000,2.6310
1785495600,4054.830000,4058.740000,4052.600000,4057.190000,0.5990
1785496500,4057.220000,4058.740000,4054.350000,4057.670000,1.0770
1785497400,4057.660000,4057.660000,4051.040000,4051.040000,0.7450
1785498300,4051.040000,4053.240000,4051.040000,4053.230000,1.2300
1785499200,4053.230000,4057.630000,4052.600000,4057.630000,0.7620
1785500100,4057.620000,4057.630000,4048.850000,4048.850000,0.6720
1785501000,4047.750000,4050.500000,4044.470000,4044.810000,2.7890
1785501900,4044.880000,4046.140000,4041.410000,4042.200000,1.2360
1785502800,4042.200000,4042.290000,4036.000000,4036.250000,9.5120
1785503700,4036.860000,4045.440000,4036.650000,4043.980000,10.5280
1785504600,4042.870000,4044.460000,4024.440000,4026.160000,14.1110
1785505500,4025.960000,4032.480000,4023.810000,4027.080000,13.4680
1785506400,4028.170000,4034.650000,4022.720000,4034.520000,30.0890
1785507300,4034.740000,4042.240000,4032.600000,4040.540000,20.2780
1785508200,4041.430000,4043.770000,4039.010000,4042.520000,10.6160
1785509100,4042.520000,4048.850000,4042.520000,4048.850000,14.4800
1785510000,4048.850000,4048.850000,4044.470000,4046.280000,11.5350
1785510900,4046.660000,4051.850000,4041.190000,4041.190000,10.2080
1785511800,4041.190000,4042.290000,4037.920000,4040.980000,10.7560
1785512700,4040.980000,4045.570000,4040.100000,4044.870000,5.7230
1785513600,4045.400000,4045.400000,4041.120000,4044.470000,3.3730
1785514500,4044.470000,4045.570000,4042.350000,4045.560000,0.6340
1785515400,4045.560000,4049.400000,4042.290000,4042.290000,0.8000
1785516300,4042.290000,4045.360000,4042.290000,4043.420000,1.0630
1785517200,4043.420000,4046.240000,4042.290000,4045.220000,1.0150
1785518100,4045.360000,4053.220000,4044.850000,4050.400000,0.9070
1785519000,4049.730000,4051.190000,4047.560000,4051.040000,2.6460
1785519900,4051.220000,4053.240000,4050.280000,4052.790000,0.9760
1785520800,4052.810000,4053.240000,4046.660000,4046.760000,0.8200
1785521700,4046.710000,4048.850000,4046.670000,4048.800000,0.4480
1785522600,4048.820000,4049.990000,4046.660000,4048.930000,0.8070
1785523500,4048.850000,4050.290000,4048.850000,4049.180000,0.6750
1785524400,4049.370000,4051.040000,4046.660000,4046.670000,0.8710
1785525300,4046.670000,4048.850000,4046.660000,4048.420000,0.5570
1785526200,4048.760000,4052.140000,4047.600000,4052.140000,6.2740
1785527100,4052.140000,4054.340000,4049.500000,4049.500000,18.9930
1785528000,4050.010000,4051.020000,4045.570000,4046.400000,3.1880
1785528900,4046.410000,4047.160000,4045.790000,4046.530000,0.4920
1785529800,4046.420000,4050.740000,4046.220000,4049.670000,1.1560
1785530700,4049.670000,4051.550000,4042.040000,4042.040000,4.1630
1785531600,4042.710000,4044.460000,4042.710000,4044.460000,2.2250
1785532500,4044.470000,4044.470000,4044.120000,4044.360000,1.0140
1785533400,4044.280000,4051.040000,4043.890000,4047.750000,1.5710
1785534300,4047.750000,4047.760000,4045.580000,4045.580000,1.3780
1785535200,4045.570000,4046.660000,4044.830000,4046.400000,0.6870
1785536100,4046.650000,4048.320000,4046.650000,4048.320000,0.2690
1785537000,4047.860000,4048.080000,4047.620000,4047.900000,0.3880
1785537900,4047.870000,4048.850000,4047.870000,4048.780000,0.3390
1785538800,4048.580000,4048.850000,4048.530000,4048.830000,0.3320
1785539700,4048.830000,4048.830000,4047.480000,4047.480000,0.6070
1785540600,4047.490000,4047.490000,4047.320000,4047.370000,0.2620
1785541500,4047.340000,4047.350000,4046.790000,4046.790000,0.3460
1785542400,4046.790000,4046.790000,4046.790000,4046.790000,0.1710
1785543300,4046.790000,4046.950000,4046.790000,4046.950000,0.6040
1785544200,4046.660000,4046.660000,4045.010000,4045.020000,0.5580
1785545100,4045.010000,4046.000000,4045.010000,4045.680000,1.7570
1785546000,4045.690000,4046.220000,4045.320000,4045.710000,1.0800
1785546900,4045.710000,4046.560000,4045.710000,4045.850000,1.3280
1785547800,4045.890000,4045.960000,4045.850000,4045.960000,0.3580
1785548700,4045.920000,4047.680000,4045.420000,4045.870000,1.4770
1785549600,4045.880000,4045.880000,4045.880000,4045.880000,0.2050
1785550500,4045.890000,4047.730000,4045.890000,4047.460000,0.3410
1785551400,4047.470000,4047.470000,4047.460000,4047.470000,0.3180
1785552300,4047.470000,4047.470000,4047.460000,4047.470000,0.3550
1785553200,4047.470000,4047.470000,4047.460000,4047.470000,0.7090
1785554100,4047.470000,4047.470000,4046.030000,4046.310000,0.3310
1785555000,4046.270000,4046.270000,4046.180000,4046.200000,0.8090
1785555900,4045.630000,4045.800000,4045.580000,4045.710000,0.1980
1785556800,4045.710000,4045.710000,4045.600000,4045.610000,0.2370
1785557700,4045.610000,4045.620000,4044.600000,4044.600000,0.1570
1785558600,4044.620000,4044.640000,4044.620000,4044.630000,0.2890
1785559500,4044.630000,4046.550000,4044.630000,4046.330000,2.3960
1785560400,4046.330000,4046.660000,4046.210000,4046.650000,0.6520
1785561300,4046.660000,4046.660000,4045.970000,4046.040000,0.6080
1785562200,4046.040000,4046.050000,4045.830000,4046.040000,0.2270
1785563100,4046.050000,4046.050000,4046.050000,4046.050000,0.1680
1785564000,4046.050000,4046.050000,4046.050000,4046.050000,0.0900
1785564900,4046.050000,4046.050000,4045.770000,4045.780000,0.1360
1785565800,4045.780000,4045.780000,4045.770000,4045.780000,0.5590
1785566700,4045.780000,4045.780000,4045.570000,4045.710000,0.2400
1785567600,4045.660000,4046.290000,4045.500000,4046.210000,0.1460
1785568500,4046.370000,4046.660000,4046.240000,4046.400000,0.4720
1785569400,4046.480000,4046.640000,4046.480000,4046.620000,0.1190
1785570300,4046.610000,4046.660000,4046.440000,4046.580000,0.1340
1785571200,4046.570000,4046.640000,4045.870000,4046.120000,0.3690
1785572100,4046.200000,4047.120000,4046.200000,4047.010000,0.3010
1785573000,4047.010000,4047.740000,4046.980000,4047.580000,17.0830
1785573900,4047.570000,4047.750000,4047.070000,4047.230000,1.0200
1785574800,4047.260000,4047.750000,4047.110000,4047.550000,0.4660
1785575700,4047.580000,4047.750000,4047.350000,4047.740000,0.3000
1785576600,4047.740000,4047.750000,4047.740000,4047.740000,0.1840
1785577500,4047.740000,4047.750000,4047.740000,4047.750000,0.5540
1785578400,4047.740000,4047.750000,4046.660000,4046.670000,0.7230
1785579300,4046.660000,4046.670000,4045.570000,4045.850000,0.4090
1785580200,4045.570000,4045.800000,4045.570000,4045.570000,0.4830
1785581100,4045.570000,4045.570000,4045.570000,4045.570000,0.2640
1785582000,4045.570000,4045.570000,4045.360000,4045.470000,0.2430
1785582900,4045.530000,4045.570000,4045.420000,4045.490000,0.2390
1785583800,4045.550000,4045.570000,4045.470000,4045.530000,0.2740
1785584700,4045.580000,4046.390000,4045.580000,4046.390000,1.0420
1785585600,4046.390000,4046.390000,4046.380000,4046.390000,0.1470
1785586500,4046.380000,4046.390000,4046.380000,4046.380000,0.0820
1785587400,4046.390000,4046.390000,4046.380000,4046.380000,0.3060
1785588300,4046.390000,4046.390000,4046.390000,4046.390000,0.0410
1785589200,4046.390000,4047.310000,4046.390000,4047.130000,0.8140
1785590100,4047.140000,4047.280000,4046.970000,4047.110000,0.4270
1785591000,4047.220000,4047.310000,4046.400000,4046.670000,0.5570
1785591900,4046.680000,4046.680000,4046.390000,4046.460000,0.4210
1785592800,4046.720000,4046.720000,4046.410000,4046.520000,0.2540
1785593700,4046.530000,4046.540000,4046.530000,4046.540000,0.0040
1785594600,4046.540000,4046.540000,4046.540000,4046.540000,0.0000
1785595500,4046.540000,4046.540000,4046.540000,4046.540000,0.0000
1785596400,4046.540000,4046.540000,4046.540000,4046.540000,0.0000
1785597300,4046.700000,4046.700000,4046.690000,4046.690000,0.3660
1785598200,4046.690000,4046.690000,4046.690000,4046.690000,0.0000
1785599100,4046.380000,4046.380000,4046.380000,4046.380000,0.1110
1785600000,4046.380000,4046.380000,4046.380000,4046.380000,0.0000
1785600900,4045.580000,4045.580000,4045.580000,4045.580000,0.0030
1785601800,4045.580000,4045.580000,4045.580000,4045.580000,0.1020
1785602700,4045.570000,4045.570000,4043.380000,4043.380000,0.4160
1785603600,4043.390000,4043.390000,4043.380000,4043.380000,0.1920
1785604500,4043.380000,4043.380000,4043.380000,4043.380000,0.0000
1785605400,4043.380000,4043.380000,4043.380000,4043.380000,0.0000
1785606300,4043.380000,4043.380000,4043.380000,4043.380000,0.0000
1785607200,4042.290000,4042.290000,4042.290000,4042.290000,0.0100
1785608100,4041.200000,4041.200000,4041.200000,4041.200000,0.0030
1785609000,4041.190000,4041.190000,4039.160000,4039.160000,0.4780
1785609900,4039.940000,4039.940000,4038.800000,4038.800000,0.7790
1785610800,4039.830000,4045.570000,4039.690000,4045.570000,0.1230
1785611700,4046.660000,4046.660000,4046.660000,4046.660000,0.0100
1785612600,4046.660000,4046.660000,4046.660000,4046.660000,0.0000
1785613500,4046.660000,4046.660000,4046.660000,4046.660000,0.0000
1785614400,4047.750000,4052.730000,4047.750000,4048.930000,31.4540
1785615300,4048.670000,4048.670000,4047.670000,4047.670000,1.0250
1785616200,4047.670000,4047.670000,4047.670000,4047.670000,0.0000
1785617100,4047.760000,4048.340000,4047.760000,4048.340000,0.3890
1785618000,4049.480000,4049.940000,4049.000000,4049.920000,1.3080
1785618900,4049.690000,4049.690000,4049.690000,4049.690000,0.1240
1785619800,4049.690000,4049.690000,4049.690000,4049.690000,0.0000
1785620700,4049.690000,4049.690000,4049.690000,4049.690000,0.0000
1785621600,4049.690000,4049.690000,4049.690000,4049.690000,0.0000
1785622500,4049.690000,4049.690000,4049.690000,4049.690000,0.0000
1785623400,4049.690000,4049.690000,4049.690000,4049.690000,0.0000
1785624300,4049.690000,4049.690000,4049.690000,4049.690000,0.0000
1785625200,4049.400000,4049.400000,4049.400000,4049.400000,0.0010
1785626100,4048.800000,4048.800000,4048.800000,4048.800000,0.0090
1785627000,4048.790000,4048.790000,4048.790000,4048.790000,0.0610
1785627900,4048.790000,4048.790000,4048.790000,4048.790000,0.0000
1785628800,4048.790000,4048.790000,4048.790000,4048.790000,0.0000
1785629700,4049.940000,4051.030000,4049.940000,4051.030000,1.3060
1785630600,4051.030000,4051.030000,4051.030000,4051.030000,0.0000
1785631500,4051.030000,4051.030000,4051.030000,4051.030000,0.0870
1785632400,4050.840000,4053.230000,4050.830000,4053.230000,0.2340
1785633300,4053.240000,4054.460000,4053.240000,4054.460000,0.0700
1785634200,4054.410000,4054.410000,4054.410000,4054.410000,0.3110
1785635100,4054.130000,4054.130000,4054.130000,4054.130000,0.0030
1785636000,4054.120000,4056.050000,4054.120000,4056.050000,1.1360
1785636900,4055.990000,4055.990000,4055.990000,4055.990000,0.0060
1785637800,4055.990000,4056.060000,4055.740000,4056.060000,0.0000
1785638700,4056.060000,4057.320000,4056.060000,4057.160000,0.7350
1785639600,4056.910000,4057.620000,4056.700000,4057.110000,1.0260
1785640500,4057.370000,4059.570000,4057.370000,4058.800000,0.4320
1785641400,4058.800000,4059.280000,4058.800000,4059.080000,0.0000
1785642300,4058.830000,4058.830000,4058.830000,4058.830000,0.0030
1785643200,4058.550000,4058.550000,4057.890000,4057.890000,0.5040
1785644100,4058.460000,4060.940000,4058.460000,4060.940000,0.9470
1785645000,4060.880000,4060.880000,4059.860000,4059.860000,0.0000
1785645900,4059.840000,4060.010000,4059.180000,4060.010000,1.0060
1785646800,4060.710000,4060.710000,4060.030000,4060.030000,0.5530
1785647700,4059.860000,4059.860000,4059.860000,4059.860000,0.2460
1785648600,4060.020000,4061.030000,4060.020000,4060.420000,22.3270
1785649500,4060.430000,4061.530000,4060.430000,4060.880000,24.6440
1785650400,4060.880000,4060.880000,4060.880000,4060.880000,0.1960
1785651300,4060.880000,4060.880000,4060.880000,4060.880000,0.9840
1785652200,4060.920000,4060.960000,4060.900000,4060.900000,0.0000
1785653100,4060.900000,4060.900000,4060.900000,4060.900000,0.0000
1785654000,4060.890000,4060.890000,4060.880000,4060.880000,1.0140
1785654900,4060.890000,4060.890000,4060.890000,4060.890000,0.0100
1785655800,4060.880000,4060.880000,4060.870000,4060.870000,0.1160
1785656700,4060.870000,4060.870000,4060.870000,4060.870000,0.0080
1785657600,4059.850000,4059.860000,4059.840000,4059.840000,2.0200
1785658500,4059.730000,4059.730000,4059.720000,4059.720000,0.1860
1785659400,4059.150000,4059.150000,4059.150000,4059.150000,0.0000
1785660300,4059.150000,4059.150000,4058.810000,4058.810000,0.0000
1785661200,4058.870000,4058.870000,4058.870000,4058.870000,0.0160
1785662100,4058.800000,4058.860000,4058.800000,4058.800000,0.0000
1785663000,4058.800000,4059.050000,4058.800000,4059.030000,0.0000
1785663900,4059.030000,4059.030000,4058.900000,4058.920000,0.0000
1785664800,4058.920000,4059.060000,4058.910000,4058.940000,0.0000
1785665700,4058.940000,4058.970000,4058.910000,4058.930000,0.0000
1785666600,4058.910000,4058.970000,4058.910000,4058.920000,0.0000
1785667500,4058.750000,4058.750000,4058.750000,4058.750000,0.0010
1785668400,4059.020000,4059.020000,4058.810000,4058.820000,0.1630
1785669300,4058.810000,4059.150000,4058.810000,4058.960000,0.2600
1785670200,4059.970000,4060.700000,4059.970000,4060.700000,0.0000
1785671100,4059.960000,4059.960000,4059.960000,4059.960000,0.0020
1785672000,4060.320000,4060.660000,4060.000000,4060.550000,0.0000
1785672900,4060.210000,4060.410000,4059.770000,4059.810000,0.0480
1785673800,4059.180000,4059.360000,4059.180000,4059.360000,0.4120
1785674700,4059.500000,4059.500000,4058.920000,4058.920000,0.2320
1785675600,4058.920000,4059.550000,4058.910000,4058.920000,0.1620
1785676500,4058.910000,4058.910000,4058.910000,4058.910000,0.0250
1785677400,4059.180000,4059.200000,4059.180000,4059.200000,0.0290
1785678300,4059.170000,4059.210000,4059.130000,4059.170000,0.0000
1785679200,4059.210000,4059.520000,4059.030000,4059.050000,0.0310
1785680100,4058.750000,4058.750000,4057.570000,4057.580000,2.3380
1785681000,4057.580000,4058.400000,4057.580000,4058.400000,0.8720
1785681900,4058.400000,4063.140000,4058.400000,4062.080000,9.7850
1785682800,4060.940000,4060.940000,4060.080000,4060.080000,0.0050
1785683700,4059.850000,4059.850000,4059.850000,4059.850000,0.0000
1785684600,4059.840000,4059.840000,4059.260000,4059.360000,0.2740
1785685500,4059.560000,4060.170000,4059.560000,4060.170000,0.1910
1785686400,4060.220000,4060.560000,4060.220000,4060.560000,0.2260
1785687300,4060.690000,4060.880000,4060.320000,4060.590000,0.0000
1785688200,4060.940000,4061.140000,4060.940000,4061.140000,0.0650
1785689100,4061.560000,4062.580000,4061.560000,4061.780000,0.1830
1785690000,4062.040000,4062.830000,4060.950000,4060.950000,0.2070
1785690900,4061.110000,4061.570000,4061.110000,4061.180000,0.4760
1785691800,4061.570000,4066.320000,4061.010000,4063.240000,1.3810
1785692700,4063.640000,4068.020000,4063.640000,4068.020000,1.2440
1785693600,4066.750000,4066.790000,4066.750000,4066.790000,0.0250
1785694500,4066.800000,4066.800000,4066.800000,4066.800000,0.0000
1785695400,4066.830000,4067.790000,4066.830000,4067.790000,0.0130
1785696300,4067.770000,4067.780000,4067.770000,4067.770000,0.0000
1785697200,4067.180000,4067.180000,4067.180000,4067.180000,1.3860
1785698100,4066.470000,4066.470000,4066.470000,4066.470000,0.0000
1785699000,4066.470000,4066.470000,4066.470000,4066.470000,0.0000
1785699900,4066.470000,4067.270000,4066.470000,4066.470000,1.3030
1785700800,4066.470000,4066.470000,4066.470000,4066.470000,0.0030
1785701700,4066.470000,4066.640000,4066.470000,4066.640000,0.9330
1785702600,4066.640000,4068.850000,4066.640000,4068.850000,0.5640
1785703500,4068.980000,4070.110000,4065.420000,4067.570000,1.6610
1785704400,4067.620000,4067.620000,4067.560000,4067.560000,0.0210
1785705300,4067.580000,4068.680000,4067.580000,4068.680000,0.2290
1785706200,4069.780000,4069.780000,4069.780000,4069.780000,0.0100
1785707100,4070.880000,4074.210000,4070.880000,4073.100000,0.2220
1785708000,4072.940000,4080.640000,4068.670000,4075.320000,6.6020
1785708900,4074.210000,4074.210000,4063.150000,4064.880000,3.1820
1785709800,4064.860000,4065.350000,4064.210000,4065.350000,0.1260
1785710700,4064.250000,4064.250000,4062.800000,4062.800000,0.0210
1785711600,4062.040000,4063.150000,4060.940000,4063.150000,0.0390
1785712500,4064.250000,4067.560000,4064.250000,4067.560000,0.0480
1785713400,4066.460000,4066.620000,4066.460000,4066.620000,0.2490
1785714300,4068.670000,4070.880000,4067.160000,4070.880000,0.0640
1785715200,4071.990000,4073.990000,4068.460000,4068.460000,0.9530
1785716100,4067.860000,4067.860000,4060.390000,4060.390000,0.2160
1785717000,4062.040000,4064.250000,4055.640000,4055.640000,0.2890
1785717900,4055.870000,4056.120000,4055.440000,4055.440000,0.0380
1785718800,4054.590000,4058.740000,4050.330000,4051.040000,0.9480
1785719700,4050.750000,4051.110000,4047.110000,4051.030000,0.0840
1785720600,4051.040000,4053.240000,4047.750000,4047.750000,0.5680
1785721500,4048.850000,4054.340000,4048.640000,4054.340000,0.1910
1785722400,4054.340000,4056.530000,4051.800000,4051.800000,0.4840
1785723300,4051.860000,4056.530000,4051.040000,4053.630000,0.1420
1785724200,4054.340000,4055.440000,4051.940000,4055.440000,0.4000
1785725100,4056.530000,4062.140000,4056.530000,4059.630000,0.7240
1785726000,4060.940000,4060.940000,4060.940000,4060.940000,0.0100
1785726900,4061.040000,4063.150000,4060.000000,4061.660000,0.1070
1785727800,4059.840000,4059.840000,4057.630000,4057.630000,0.1030
1785728700,4057.500000,4062.040000,4057.470000,4061.720000,0.0540
1785729600,4062.040000,4063.150000,4062.040000,4063.150000,0.0370
1785730500,4063.520000,4066.460000,4063.490000,4066.460000,0.1880
1785731400,4066.640000,4067.120000,4066.640000,4067.120000,0.1410
1785732300,4066.610000,4067.700000,4061.110000,4061.110000,3.2300
1785733200,4061.110000,4061.110000,4055.440000,4055.440000,0.2880
1785734100,4054.340000,4056.530000,4052.690000,4056.530000,0.0600
1785735000,4055.440000,4058.740000,4053.240000,4058.740000,0.0950
1785735900,4057.630000,4064.250000,4056.720000,4064.250000,0.0920
1785736800,4065.350000,4066.460000,4064.050000,4064.050000,0.8390
1785737700,4065.350000,4066.640000,4064.250000,4064.250000,0.2880
1785738600,4063.150000,4063.150000,4059.830000,4062.420000,0.2660
1785739500,4060.940000,4060.940000,4060.730000,4060.730000,0.0630
1785740400,4059.840000,4060.500000,4058.530000,4059.840000,0.5010
1785741300,4058.740000,4058.740000,4050.370000,4055.440000,1.2810
1785742200,4055.440000,4057.630000,4055.440000,4055.520000,0.1690
1785743100,4056.120000,4059.160000,4056.120000,4058.950000,0.4080
1785744000,4058.740000,4058.740000,4057.200000,4057.200000,0.0640
1785744900,4058.450000,4058.450000,4053.240000,4053.240000,0.0410
1785745800,4053.260000,4056.280000,4053.000000,4056.280000,0.0500
1785746700,4056.530000,4057.230000,4056.530000,4057.230000,0.0140
1785747600,4057.050000,4057.630000,4055.830000,4057.630000,0.0380
1785748500,4056.560000,4056.560000,4052.140000,4052.140000,0.0590
1785749400,4051.040000,4051.040000,4045.570000,4051.040000,0.2900
1785750300,4052.140000,4054.340000,4052.140000,4053.960000,0.0250
1785751200,4052.140000,4053.590000,4052.140000,4053.590000,2.5020
1785752100,4053.420000,4053.420000,4051.520000,4051.520000,0.1900
1785753000,4051.040000,4051.040000,4048.850000,4048.850000,2.3910
1785753900,4048.850000,4048.850000,4046.380000,4046.490000,0.2710
1785754800,4047.750000,4049.290000,4047.090000,4048.960000,1.1800
1785755700,4047.750000,4047.750000,4046.660000,4046.660000,0.0180
1785756600,4047.750000,4052.140000,4047.750000,4052.140000,0.1590
1785757500,4053.240000,4059.100000,4053.240000,4059.100000,0.1290
1785758400,4059.840000,4061.340000,4054.340000,4054.340000,0.2390
1785759300,4054.180000,4054.180000,4049.090000,4049.090000,7.0080
1785760200,4048.850000,4049.940000,4042.300000,4042.490000,0.1010
1785761100,4044.460000,4047.740000,4044.460000,4047.160000,0.0600
1785762000,4047.740000,4049.950000,4039.390000,4039.390000,1.6000
1785762900,4039.010000,4039.010000,4031.810000,4032.620000,0.4620
1785763800,4033.110000,4033.570000,4020.560000,4032.000000,0.3700
1785764700,4032.470000,4032.480000,4030.130000,4032.480000,0.3500
1785765600,4031.800000,4034.990000,4029.180000,4033.560000,0.4330
1785766500,4033.570000,4035.780000,4032.480000,4034.650000,0.1220
1785767400,4034.750000,4037.920000,4034.650000,4037.920000,0.4300
1785768300,4036.830000,4038.500000,4035.930000,4038.500000,0.0830
1785769200,4036.830000,4036.830000,4033.570000,4034.650000,0.2170
1785770100,4035.740000,4037.890000,4032.490000,4032.490000,1.5360
1785771000,4032.490000,4036.830000,4032.490000,4036.830000,0.0520
1785771900,4037.920000,4039.120000,4037.920000,4037.920000,0.0560
1785772800,4036.830000,4036.830000,4036.830000,4036.830000,0.0100
1785773700,4037.080000,4038.100000,4037.080000,4037.950000,1.8050
1785774600,4037.880000,4039.010000,4037.860000,4038.890000,0.2170
1785775500,4037.530000,4037.530000,4037.530000,4037.530000,0.1250
1785776400,4038.320000,4038.320000,4034.770000,4035.550000,0.0450
1785777300,4036.830000,4037.580000,4036.830000,4037.010000,0.2510
1785778200,4035.780000,4037.360000,4035.780000,4037.360000,0.3300
1785779100,4036.960000,4036.960000,4032.490000,4032.490000,0.1250
1785780000,4032.480000,4037.040000,4031.600000,4037.040000,0.1050
1785780900,4037.920000,4039.010000,4037.920000,4039.010000,0.0720
1785781800,4040.000000,4040.250000,4040.000000,4040.250000,0.0190
1785782700,4041.190000,4043.380000,4041.190000,4043.380000,0.0310
1785783600,4044.470000,4047.490000,4044.470000,4045.830000,0.2800
1785784500,4046.060000,4051.830000,4046.060000,4051.830000,0.1840
1785785400,4052.140000,4054.330000,4052.140000,4053.850000,0.5350
1785786300,4053.480000,4054.330000,4053.480000,4053.960000,0.3320
1785787200,4052.520000,4052.520000,4052.140000,4052.140000,0.0320
1785788100,4052.940000,4053.240000,4052.940000,4053.240000,0.0070
1785789000,4053.240000,4056.060000,4053.240000,4056.060000,0.0280
1785789900,4056.010000,4056.190000,4054.350000,4054.610000,0.0000
1785790800,4054.720000,4054.720000,4050.770000,4050.770000,3.0920
1785791700,4052.140000,4052.300000,4052.140000,4052.290000,0.1530
1785792600,4052.730000,4053.200000,4052.130000,4052.970000,0.0000
1785793500,4052.970000,4052.970000,4052.180000,4052.530000,0.0000
1785794400,4051.040000,4051.040000,4049.950000,4049.950000,0.0200
1785795300,4050.670000,4051.040000,4050.650000,4050.880000,0.0000
1785796200,4051.040000,4051.040000,4051.040000,4051.040000,0.0100
1785797100,4052.140000,4052.140000,4052.130000,4052.130000,0.0050
1785798000,4052.140000,4052.140000,4051.040000,4051.040000,0.3280
1785798900,4050.370000,4052.130000,4050.370000,4052.130000,0.3650
1785799800,4051.050000,4051.210000,4050.950000,4051.210000,0.7090
1785800700,4051.330000,4052.130000,4051.330000,4052.130000,0.0050
1785801600,4052.140000,4066.450000,4052.140000,4063.150000,0.5290
1785802500,4062.040000,4062.270000,4057.390000,4057.390000,0.4460
1785803400,4058.240000,4058.300000,4054.950000,4054.950000,1.3100
1785804300,4054.580000,4055.420000,4046.920000,4046.920000,18.2630
1785805200,4046.660000,4047.610000,4043.950000,4047.260000,7.8200
1785806100,4047.750000,4048.800000,4045.330000,4047.040000,6.8380
1785807000,4047.960000,4056.530000,4047.960000,4056.530000,0.6240
1785807900,4057.300000,4058.730000,4056.340000,4057.920000,2.5620
1785808800,4057.200000,4058.490000,4054.370000,4054.370000,2.2160
1785809700,4056.530000,4057.450000,4055.860000,4055.860000,0.6330
1785810600,4055.440000,4061.920000,4055.440000,4060.130000,0.4360
1785811500,4058.750000,4058.750000,4058.740000,4058.740000,0.0730
1785812400,4057.630000,4057.640000,4056.530000,4057.540000,0.4590
1785813300,4057.410000,4058.440000,4056.660000,4057.410000,0.6480
1785814200,4056.530000,4056.530000,4053.240000,4053.240000,0.1090
1785815100,4052.140000,4052.140000,4052.140000,4052.140000,0.0050
1785816000,4051.050000,4051.160000,4051.050000,4051.160000,0.4800
1785816900,4053.240000,4056.530000,4053.240000,4056.530000,0.4630
1785817800,4057.630000,4061.490000,4057.630000,4059.200000,1.6880
1785818700,4059.730000,4062.040000,4059.730000,4061.030000,2.2390
1785819600,4061.020000,4061.020000,4055.480000,4055.480000,0.0700
1785820500,4057.630000,4060.670000,4057.630000,4059.790000,1.8410
1785821400,4060.940000,4063.150000,4057.630000,4057.630000,0.5080
1785822300,4058.740000,4058.740000,4057.630000,4057.630000,0.0240
1785823200,4058.740000,4061.770000,4058.740000,4061.640000,0.3550
1785824100,4059.840000,4059.840000,4059.840000,4059.840000,0.0080
1785825000,4058.740000,4058.740000,4055.360000,4055.360000,0.0430
1785825900,4056.530000,4060.000000,4056.530000,4060.000000,0.0640
1785826800,4059.840000,4062.010000,4059.840000,4059.840000,0.6200
1785827700,4060.940000,4061.700000,4059.870000,4059.870000,0.6500
1785828600,4059.850000,4062.710000,4058.760000,4060.440000,9.2610
1785829500,4058.790000,4061.200000,4058.770000,4060.420000,4.2710
1785830400,4060.680000,4067.560000,4060.680000,4065.760000,14.5800
1785831300,4064.250000,4064.250000,4057.690000,4057.690000,0.8690
1785832200,4058.450000,4059.830000,4056.520000,4056.530000,1.0370
1785833100,4056.490000,4056.490000,4052.150000,4052.150000,1.1580
1785834000,4052.150000,4053.260000,4048.850000,4048.850000,0.3220
1785834900,4047.780000,4048.300000,4046.670000,4048.300000,1.1280
1785835800,4047.120000,4047.120000,4045.710000,4045.710000,0.3450
1785836700,4047.120000,4047.120000,4046.880000,4046.880000,0.5730
1785837600,4047.090000,4047.090000,4047.090000,4047.090000,0.3740
1785838500,4046.060000,4047.080000,4044.490000,4046.430000,0.2750
1785839400,4046.440000,4049.950000,4045.570000,4049.950000,4.4580
1785840300,4050.720000,4057.160000,4050.720000,4052.140000,1.1190
1785841200,4052.340000,4054.890000,4052.140000,4054.890000,0.8160
1785842100,4054.690000,4056.170000,4054.690000,4056.170000,0.4230
1785843000,4056.530000,4065.350000,4056.530000,4065.350000,0.3130
1785843900,4066.460000,4078.650000,4066.460000,4069.780000,7.6320
1785844800,4070.870000,4070.880000,4060.000000,4060.000000,1.0440
1785845700,4059.860000,4065.350000,4059.840000,4064.330000,0.4030
1785846600,4065.010000,4078.650000,4065.010000,4075.320000,3.7290
1785847500,4074.210000,4074.210000,4068.670000,4068.670000,0.4540
1785848400,4068.040000,4068.040000,4060.000000,4062.560000,0.4200
1785849300,4061.730000,4085.340000,4061.390000,4075.320000,1.3970
1785850200,4076.170000,4085.340000,4074.210000,4080.880000,1.0070
1785851100,4079.900000,4088.240000,4078.320000,4080.880000,5.5270
1785852000,4080.830000,4085.830000,4080.830000,4085.580000,1.0370
1785852900,4085.560000,4085.560000,4076.840000,4080.430000,0.7740
1785853800,4078.650000,4079.770000,4072.000000,4074.220000,1.5080
1785854700,4074.870000,4079.770000,4074.870000,4078.650000,0.2530
1785855600,4079.770000,4080.470000,4076.430000,4080.470000,0.1940
1785856500,4079.610000,4079.610000,4071.270000,4071.270000,0.4330
1785857400,4073.100000,4081.620000,4073.100000,4079.890000,1.3050
1785858300,4079.980000,4083.110000,4079.780000,4082.360000,0.7310
1785859200,4082.360000,4082.750000,4081.730000,4081.730000,3.6720
1785860100,4080.880000,4083.110000,4080.880000,4083.110000,0.6580
1785861000,4081.990000,4083.110000,4081.990000,4083.110000,0.0210
1785861900,4084.220000,4087.570000,4084.220000,4087.570000,0.0430
1785862800,4087.820000,4099.680000,4087.820000,4093.160000,8.2580
1785863700,4093.370000,4094.530000,4090.920000,4090.920000,0.0980
1785864600,4090.320000,4090.320000,4087.980000,4087.980000,0.0240
1785865500,4089.800000,4089.850000,4083.110000,4083.110000,0.2710
1785866400,4081.990000,4081.990000,4081.990000,4081.990000,0.0100
1785867300,4082.470000,4083.110000,4081.990000,4081.990000,0.0310
1785868200,4080.880000,4080.880000,4074.210000,4074.210000,0.0960
1785869100,4073.100000,4075.320000,4072.850000,4075.320000,0.1130
1785870000,4076.430000,4079.770000,4076.430000,4079.770000,0.2160
1785870900,4077.540000,4077.540000,4077.540000,4077.540000,0.0100
1785871800,4076.430000,4076.430000,4076.430000,4076.430000,0.0100
1785872700,4075.320000,4075.320000,4073.110000,4073.110000,0.0550
1785873600,4074.180000,4075.160000,4073.900000,4074.580000,0.0000
1785874500,4073.100000,4073.100000,4072.000000,4072.000000,0.0130
1785875400,4072.960000,4072.960000,4072.960000,4072.960000,1.8550
1785876300,4072.680000,4073.850000,4072.680000,4073.850000,0.0020
1785877200,4074.210000,4077.540000,4074.210000,4077.540000,0.1250
1785878100,4078.010000,4079.830000,4078.010000,4079.330000,0.0370
1785879000,4079.010000,4079.430000,4079.010000,4079.430000,0.4740
1785879900,4079.330000,4080.930000,4078.750000,4080.930000,1.7160
1785880800,4079.330000,4079.330000,4072.370000,4072.370000,0.2530
1785881700,4072.710000,4074.210000,4072.710000,4074.210000,0.3270
1785882600,4075.320000,4080.240000,4075.320000,4079.100000,0.6370
1785883500,4078.650000,4078.670000,4074.210000,4074.210000,0.3820
1785884400,4073.100000,4073.100000,4066.460000,4068.670000,0.1980
1785885300,4069.780000,4069.780000,4063.150000,4063.590000,0.5840
1785886200,4064.900000,4065.350000,4064.780000,4064.780000,0.2770
1785887100,4065.460000,4067.590000,4065.460000,4067.590000,0.5280
1785888000,4068.670000,4069.000000,4068.670000,4069.000000,0.0170
1785888900,4069.280000,4073.100000,4069.280000,4073.100000,0.6910
1785889800,4073.720000,4077.260000,4073.720000,4075.320000,0.5510
1785890700,4074.240000,4078.110000,4074.240000,4077.600000,0.9500
1785891600,4076.790000,4080.890000,4074.210000,4080.000000,2.2480
1785892500,4080.880000,4081.210000,4079.650000,4079.650000,0.9310
1785893400,4080.610000,4086.540000,4076.430000,4086.540000,1.4700
1785894300,4086.820000,4095.400000,4086.820000,4095.400000,0.6310
1785895200,4094.910000,4098.490000,4093.270000,4093.270000,1.2230
1785896100,4093.160000,4101.010000,4092.660000,4099.890000,0.7020
1785897000,4098.770000,4121.440000,4098.770000,4121.440000,3.7410
1785897900,4121.900000,4127.640000,4119.080000,4122.490000,1.1150
1785898800,4122.490000,4128.490000,4121.360000,4128.490000,0.8330
1785899700,4128.280000,4128.280000,4123.830000,4124.760000,0.9490
1785900600,4123.620000,4123.620000,4119.940000,4120.460000,1.8730
1785901500,4120.400000,4121.950000,4120.280000,4120.280000,4.8690
1785902400,4121.330000,4134.720000,4121.330000,4132.230000,14.8240
1785903300,4131.610000,4133.630000,4131.170000,4132.740000,7.1270
1785904200,4132.390000,4132.450000,4128.180000,4128.180000,1.6150
1785905100,4128.170000,4128.170000,4127.650000,4127.650000,0.0310
1785906000,4129.730000,4130.970000,4129.730000,4130.970000,0.4000
1785906900,4131.590000,4135.020000,4130.260000,4134.170000,0.4140
1785907800,4132.750000,4151.480000,4132.750000,4149.930000,12.1870
1785908700,4152.230000,4164.290000,4151.820000,4154.540000,35.3010
1785909600,4154.010000,4166.400000,4153.480000,4166.400000,4.1530
1785910500,4165.090000,4165.430000,4154.780000,4160.320000,11.9750
1785911400,4160.340000,4170.160000,4159.730000,4167.660000,22.3430
1785912300,4166.110000,4170.070000,4164.560000,4169.440000,19.8280
1785913200,4169.440000,4171.600000,4158.200000,4159.190000,4.7070
1785914100,4158.190000,4160.320000,4158.000000,4158.000000,0.3610
1785915000,4156.850000,4157.990000,4156.440000,4157.990000,0.3680
1785915900,4158.000000,4163.790000,4158.000000,4163.790000,0.2730
1785916800,4164.100000,4164.100000,4159.160000,4159.160000,0.2350
1785917700,4159.070000,4159.070000,4156.850000,4156.850000,0.0370
1785918600,4157.990000,4159.080000,4155.690000,4159.080000,0.0450
1785919500,4156.850000,4156.850000,4153.710000,4154.060000,0.0820
1785920400,4154.130000,4158.000000,4153.430000,4155.460000,0.3990
1785921300,4154.540000,4154.540000,4148.780000,4148.780000,0.4850
1785922200,4149.420000,4151.080000,4149.150000,4151.080000,0.2270
1785923100,4149.960000,4149.960000,4147.370000,4149.930000,1.2330
1785924000,4148.780000,4148.780000,4144.330000,4144.330000,0.6890
1785924900,4144.190000,4150.690000,4144.190000,4149.900000,2.9420
1785925800,4148.800000,4150.840000,4148.000000,4150.840000,0.4900
1785926700,4148.860000,4154.810000,4148.770000,4154.810000,0.4780
1785927600,4154.930000,4162.920000,4154.930000,4162.920000,0.5630
1785928500,4163.790000,4171.920000,4163.790000,4168.440000,1.7520
1785929400,4169.530000,4181.250000,4168.010000,4177.750000,2.9940
1785930300,4177.750000,4184.790000,4176.580000,4182.890000,1.2380
1785931200,4182.420000,4192.150000,4181.250000,4192.000000,15.4540
1785932100,4192.310000,4203.800000,4191.560000,4200.030000,1.3180
1785933000,4198.860000,4200.520000,4187.100000,4187.680000,0.8870
1785933900,4187.730000,4188.270000,4177.100000,4178.910000,5.1730
1785934800,4177.790000,4189.920000,4177.790000,4183.590000,1.2180
1785935700,4182.420000,4191.790000,4182.420000,4189.490000,2.1480
1785936600,4191.790000,4197.670000,4188.250000,4194.070000,2.8860
1785937500,4191.790000,4198.890000,4184.760000,4198.890000,8.8050
1785938400,4200.000000,4227.320000,4200.000000,4222.810000,2.5380
1785939300,4224.940000,4233.520000,4220.550000,4231.080000,7.3430
1785940200,4230.920000,4236.260000,4222.550000,4235.900000,6.8470
1785941100,4236.420000,4239.720000,4226.670000,4236.360000,5.1520
1785942000,4236.550000,4253.630000,4236.240000,4250.140000,22.2470
1785942900,4250.140000,4257.430000,4239.990000,4250.140000,49.9830
1785943800,4250.140000,4250.340000,4246.120000,4246.700000,2.9390
1785944700,4245.640000,4245.640000,4227.350000,4227.350000,9.3410
1785945600,4227.320000,4227.530000,4219.650000,4226.730000,2.1780
1785946500,4226.330000,4236.620000,4226.170000,4235.530000,15.2480
1785947400,4235.530000,4239.630000,4234.500000,4238.190000,10.2990
1785948300,4238.590000,4239.300000,4233.310000,4235.690000,7.4680
1785949200,4235.690000,4238.100000,4233.420000,4235.920000,3.2390
1785950100,4235.700000,4240.000000,4230.340000,4238.630000,3.5670
1785951000,4238.970000,4245.320000,4235.700000,4243.350000,3.6600
1785951900,4243.150000,4247.320000,4242.110000,4245.320000,5.2390
1785952800,4244.410000,4251.360000,4244.120000,4248.930000,5.5920
1785953700,4248.930000,4261.040000,4247.450000,4257.550000,4.3490
1785954600,4257.960000,4257.960000,4250.000000,4253.700000,3.6010
1785955500,4253.360000,4257.140000,4252.570000,4254.980000,2.0660
1785956400,4254.980000,4255.870000,4251.350000,4252.060000,1.7240
1785957300,4251.780000,4251.790000,4245.750000,4247.190000,6.0760
1785958200,4246.970000,4247.350000,4242.910000,4246.520000,1.9070
1785959100,4246.510000,4246.520000,4240.500000,4240.990000,5.5990
1785960000,4240.500000,4242.910000,4240.430000,4242.910000,6.2430
1785960900,4242.910000,4243.640000,4240.500000,4240.940000,1.2580
1785961800,4240.940000,4242.910000,4240.750000,4240.750000,1.3390
1785962700,4240.750000,4244.110000,4237.390000,4243.270000,3.0500
1785963600,4244.060000,4245.320000,4243.380000,4245.310000,9.6460
1785964500,4245.310000,4245.320000,4242.560000,4243.600000,3.4380
1785965400,4243.070000,4244.110000,4241.330000,4243.310000,0.6650
1785966300,4243.310000,4244.090000,4243.150000,4243.890000,1.0800
1785967200,4243.500000,4246.520000,4241.130000,4242.830000,15.0620
1785968100,4242.830000,4243.460000,4242.550000,4243.100000,3.6070
1785969000,4243.020000,4244.970000,4242.870000,4243.000000,0.6680
1785969900,4243.000000,4244.040000,4242.910000,4244.040000,0.5400
1785970800,4243.850000,4252.550000,4243.610000,4251.030000,1.4080
1785971700,4251.030000,4257.860000,4251.030000,4257.110000,8.4380
1785972600,4257.390000,4275.220000,4255.120000,4274.580000,30.0480
1785973500,4273.210000,4273.210000,4267.110000,4271.990000,16.2450
1785974400,4271.930000,4271.930000,4260.010000,4265.900000,20.5630
1785975300,4265.900000,4278.420000,4265.900000,4268.970000,9.8920
1785976200,4268.880000,4284.220000,4268.880000,4280.470000,12.9300
1785977100,4280.900000,4293.410000,4280.900000,4288.940000,13.5120
1785978000,4289.130000,4296.520000,4275.950000,4278.370000,19.4590
1785978900,4279.310000,4281.760000,4268.330000,4270.270000,15.8950
1785979800,4270.770000,4290.890000,4270.770000,4282.990000,23.8860
1785980700,4282.600000,4291.130000,4278.770000,4281.250000,12.3130
1785981600,4280.310000,4297.590000,4278.560000,4289.220000,27.2140
1785982500,4290.050000,4293.310000,4284.520000,4285.890000,16.8340
1785983400,4285.240000,4285.240000,4275.060000,4278.100000,8.0060
1785984300,4278.100000,4279.320000,4270.000000,4271.890000,6.8100
1785985200,4271.630000,4273.210000,4268.330000,4268.340000,5.1510
1785986100,4268.330000,4268.330000,4254.990000,4259.140000,3.6900
1785987000,4259.030000,4259.820000,4256.430000,4256.990000,6.6500
1785987900,4257.010000,4260.570000,4254.990000,4260.350000,4.9470
1785988800,4260.520000,4261.510000,4256.920000,4259.140000,9.2780
1785989700,4258.610000,4258.610000,4249.460000,4250.340000,1.7670
1785990600,4251.350000,4255.990000,4251.350000,4253.980000,4.7780
1785991500,4253.940000,4256.190000,4253.780000,4256.190000,0.6580
1785992400,4256.190000,4259.820000,4252.250000,4254.240000,0.8200
1785993300,4254.350000,4254.430000,4249.460000,4249.460000,0.6040
1785994200,4249.460000,4259.120000,4242.370000,4258.410000,2.6740
1785995100,4258.560000,4262.250000,4257.400000,4261.880000,1.0870
1785996000,4261.940000,4262.250000,4251.660000,4254.980000,2.6390
1785996900,4254.900000,4254.980000,4250.140000,4252.830000,0.5900
1785997800,4252.870000,4252.870000,4245.190000,4250.130000,1.2090
1785998700,4250.140000,4252.560000,4246.490000,4250.700000,0.7840
1785999600,4249.890000,4258.610000,4248.930000,4258.510000,1.8370
1786000500,4258.610000,4259.610000,4255.720000,4257.470000,0.9300
1786001400,4257.460000,4257.460000,4251.350000,4252.290000,1.1950
1786002300,4252.290000,4258.610000,4250.140000,4258.610000,0.8740
1786003200,4258.610000,4264.680000,4257.400000,4264.670000,3.3260
1786004100,4264.670000,4265.900000,4260.070000,4263.940000,0.7160
1786005000,4263.930000,4270.770000,4262.920000,4268.450000,2.3790
1786005900,4269.370000,4273.210000,4266.510000,4272.990000,1.6060
1786006800,4272.980000,4278.070000,4271.100000,4273.210000,1.9920
1786007700,4274.410000,4279.320000,4274.410000,4276.870000,1.8270
1786008600,4276.870000,4278.100000,4267.110000,4267.660000,1.0840
1786009500,4267.930000,4274.130000,4267.930000,4269.350000,10.9950
1786010400,4269.350000,4269.600000,4264.890000,4265.860000,1.1790
1786011300,4265.590000,4265.900000,4263.250000,4264.680000,1.0100
1786012200,4264.920000,4265.300000,4261.200000,4261.200000,2.3460
1786013100,4261.200000,4265.900000,4261.040000,4265.880000,7.7800
1786014000,4265.880000,4268.070000,4262.250000,4264.310000,1.7810
1786014900,4264.230000,4265.900000,4256.340000,4258.590000,1.2250
1786015800,4259.790000,4262.070000,4256.190000,4256.190000,2.2070
1786016700,4256.200000,4258.610000,4251.350000,4258.580000,7.6960
1786017600,4258.600000,4261.010000,4251.750000,4251.970000,4.4510
1786018500,4251.960000,4256.500000,4250.140000,4254.970000,2.5090
1786019400,4254.980000,4265.490000,4254.730000,4263.160000,9.6660
1786020300,4263.240000,4263.250000,4246.280000,4246.280000,1.3260
1786021200,4247.030000,4251.350000,4226.190000,4234.490000,10.2240
1786022100,4234.440000,4242.910000,4231.800000,4242.910000,31.2110
1786023000,4242.910000,4269.180000,4242.430000,4267.110000,29.0390
1786023900,4265.900000,4265.900000,4258.610000,4263.360000,19.7880
1786024800,4264.090000,4269.550000,4259.820000,4263.620000,10.9170
1786025700,4263.250000,4263.470000,4256.120000,4261.040000,6.3980
1786026600,4261.050000,4269.550000,4261.050000,4268.660000,9.2230
1786027500,4268.450000,4269.470000,4257.750000,4267.000000,6.5290
1786028400,4267.000000,4268.330000,4256.660000,4258.610000,1.2220
1786029300,4258.530000,4258.530000,4245.250000,4250.170000,3.7940
1786030200,4249.740000,4249.740000,4240.790000,4246.710000,4.4690
1786031100,4246.870000,4246.870000,4224.310000,4229.710000,2.3300
1786032000,4229.720000,4237.380000,4227.390000,4227.860000,11.5450
1786032900,4228.150000,4228.380000,4219.120000,4226.920000,2.8750
1786033800,4227.320000,4232.100000,4226.770000,4229.500000,3.6420
1786034700,4230.290000,4239.630000,4228.530000,4239.180000,3.9220
1786035600,4239.630000,4240.000000,4238.100000,4238.710000,6.5590
1786036500,4238.500000,4239.300000,4236.480000,4237.460000,2.3640
1786037400,4238.080000,4239.300000,4236.080000,4239.080000,1.3270
1786038300,4238.170000,4244.110000,4236.970000,4244.110000,2.2170
1786039200,4244.110000,4244.110000,4241.710000,4244.110000,1.3010
1786040100,4243.640000,4245.000000,4242.630000,4242.700000,0.9940
1786041000,4242.690000,4243.630000,4238.100000,4238.160000,1.0660
1786041900,4238.290000,4240.500000,4238.100000,4239.530000,1.4800
1786042800,4240.460000,4246.520000,4239.750000,4244.140000,9.0200
1786043700,4244.140000,4244.150000,4232.150000,4233.950000,1.9540
1786044600,4233.940000,4234.500000,4230.220000,4230.900000,1.2350
1786045500,4231.470000,4247.290000,4231.470000,4244.860000,6.7590
1786046400,4245.320000,4246.930000,4239.300000,4240.490000,3.4150
1786047300,4240.500000,4241.710000,4236.910000,4238.040000,0.5600
1786048200,4238.040000,4239.250000,4232.110000,4232.110000,0.9300
1786049100,4232.110000,4238.020000,4232.110000,4237.320000,1.3140
1786050000,4237.320000,4238.100000,4237.170000,4238.090000,0.9970
1786050900,4238.090000,4238.090000,4238.090000,4238.090000,0.3360
1786051800,4238.090000,4239.300000,4236.900000,4236.910000,0.7470
1786052700,4236.900000,4236.910000,4234.980000,4236.670000,0.7900
1786053600,4235.520000,4236.900000,4231.400000,4234.500000,4.5760
1786054500,4234.500000,4238.100000,4234.490000,4238.100000,0.4720
1786055400,4238.100000,4238.100000,4235.500000,4235.500000,1.2940
1786056300,4235.510000,4236.900000,4235.070000,4236.890000,0.6180
1786057200,4236.400000,4240.420000,4235.320000,4240.200000,3.6470
1786058100,4240.480000,4241.350000,4239.590000,4240.440000,1.7240
1786059000,4240.450000,4242.910000,4240.450000,4242.900000,1.9460
1786059900,4242.910000,4247.730000,4242.900000,4247.720000,0.8690
1786060800,4247.710000,4247.710000,4240.500000,4240.510000,2.4250
1786061700,4241.710000,4241.710000,4236.900000,4239.280000,1.7260
1786062600,4239.280000,4239.280000,4226.000000,4230.900000,4.4730
1786063500,4230.900000,4233.000000,4226.130000,4227.420000,2.0590
1786064400,4228.480000,4241.370000,4228.060000,4239.290000,1.7600
1786065300,4239.040000,4245.060000,4236.430000,4239.570000,1.4260
1786066200,4239.810000,4253.300000,4236.000000,4252.900000,1.8360
1786067100,4251.350000,4253.770000,4247.740000,4251.830000,4.3370
1786068000,4251.370000,4257.400000,4251.370000,4254.630000,3.7300
1786068900,4254.360000,4256.180000,4253.370000,4254.980000,0.6740
1786069800,4256.020000,4256.020000,4245.620000,4245.900000,1.3350
1786070700,4245.330000,4250.140000,4243.110000,4245.720000,4.1640
1786071600,4246.040000,4254.730000,4246.000000,4250.310000,1.5630
1786072500,4250.320000,4253.770000,4248.940000,4253.760000,1.1250
1786073400,4253.760000,4256.030000,4253.760000,4256.030000,1.7520
1786074300,4256.030000,4260.000000,4254.920000,4260.000000,1.3030
1786075200,4260.000000,4262.970000,4257.480000,4262.240000,4.4000
1786076100,4261.910000,4263.110000,4257.360000,4261.210000,1.1820
1786077000,4260.630000,4263.470000,4257.410000,4260.300000,2.6730
1786077900,4260.290000,4262.250000,4257.730000,4260.590000,1.1050
1786078800,4260.600000,4265.900000,4258.310000,4265.560000,1.7630
1786079700,4265.570000,4265.890000,4260.330000,4261.660000,2.0500
1786080600,4262.240000,4271.140000,4261.500000,4267.410000,4.9730
1786081500,4267.420000,4275.260000,4267.420000,4274.190000,6.0350
1786082400,4274.780000,4285.430000,4273.500000,4282.940000,3.8540
1786083300,4282.930000,4285.450000,4279.320000,4279.320000,2.6720
1786084200,4279.320000,4289.560000,4275.670000,4287.360000,1.4020
1786085100,4287.190000,4292.780000,4283.280000,4291.890000,7.6680
1786086000,4291.080000,4291.170000,4285.450000,4287.640000,3.0720
1786086900,4287.090000,4287.890000,4280.010000,4281.430000,0.8840
1786087800,4281.080000,4284.210000,4280.000000,4280.010000,5.5690
1786088700,4280.430000,4286.680000,4278.360000,4285.650000,3.5800
1786089600,4285.310000,4296.090000,4284.760000,4296.090000,6.0910
1786090500,4295.020000,4295.820000,4288.520000,4289.540000,16.2570
1786091400,4289.510000,4310.580000,4289.210000,4302.390000,26.4520
1786092300,4302.940000,4305.110000,4297.760000,4300.230000,14.4340
1786093200,4300.230000,4301.470000,4299.110000,4300.190000,8.1090
1786094100,4300.230000,4304.840000,4299.630000,4300.120000,9.2200
1786095000,4301.200000,4311.380000,4297.360000,4310.870000,27.1350
1786095900,4310.870000,4314.000000,4309.570000,4311.000000,24.3860
1786096800,4310.790000,4312.630000,4303.600000,4303.600000,5.4200
1786097700,4303.600000,4308.680000,4303.600000,4308.300000,1.1430
1786098600,4308.440000,4312.360000,4307.650000,4311.520000,17.9900
1786099500,4310.730000,4314.050000,4310.140000,4310.430000,12.5230
1786100400,4310.790000,4318.850000,4310.790000,4315.120000,4.3890
1786101300,4315.110000,4320.550000,4311.380000,4318.890000,3.6860
1786102200,4318.940000,4321.350000,4315.230000,4317.350000,7.6740
1786103100,4317.280000,4321.100000,4316.360000,4316.360000,5.3560
1786104000,4316.360000,4318.690000,4310.140000,4310.140000,4.1070
1786104900,4310.140000,4310.140000,4288.510000,4303.510000,17.3860
1786105800,4299.410000,4361.180000,4299.410000,4357.340000,56.6890
1786106700,4357.360000,4361.660000,4347.720000,4351.830000,39.7160
1786107600,4352.570000,4354.800000,4337.630000,4340.460000,28.5400
1786108500,4338.890000,4349.420000,4332.110000,4348.570000,17.8510
1786109400,4348.600000,4359.940000,4341.710000,4350.410000,24.6560
1786110300,4351.070000,4352.310000,4334.730000,4337.840000,11.9240
1786111200,4340.100000,4340.620000,4321.650000,4326.340000,13.4010
1786112100,4326.340000,4344.900000,4323.840000,4341.550000,2.7710
1786113000,4341.410000,4342.350000,4335.120000,4336.490000,4.4790
1786113900,4335.700000,4340.810000,4333.860000,4333.870000,1.1070
1786114800,4334.370000,4347.540000,4333.860000,4346.970000,1.2500
1786115700,4347.650000,4350.490000,4343.010000,4343.960000,1.0920
1786116600,4343.970000,4346.420000,4340.260000,4342.110000,0.9230
1786117500,4342.810000,4343.920000,4333.770000,4334.220000,6.0220
1786118400,4334.240000,4341.380000,4331.740000,4339.330000,7.8650
1786119300,4339.340000,4340.150000,4327.900000,4330.100000,4.6180
1786120200,4330.100000,4333.860000,4326.340000,4330.580000,9.2580
1786121100,4330.390000,4333.860000,4322.590000,4323.130000,0.8570
1786122000,4323.050000,4331.350000,4321.650000,4328.040000,4.0430
1786122900,4328.320000,4333.860000,4326.340000,4332.410000,3.7300
1786123800,4332.130000,4332.340000,4323.840000,4330.110000,3.0110
1786124700,4330.110000,4335.880000,4328.760000,4333.860000,2.7320
1786125600,4333.860000,4336.380000,4328.850000,4328.850000,0.7960
1786126500,4328.850000,4331.310000,4327.220000,4327.630000,0.4410
1786127400,4328.090000,4331.350000,4327.220000,4327.940000,0.6630
1786128300,4327.940000,4331.330000,4327.860000,4328.850000,0.6810
1786129200,4329.700000,4338.880000,4329.700000,4336.600000,5.4700
1786130100,4336.640000,4342.670000,4336.380000,4341.280000,6.9780
1786131000,4341.730000,4341.900000,4338.890000,4340.460000,0.9220
1786131900,4341.130000,4342.160000,4333.860000,4337.150000,0.9520
1786132800,4337.410000,4338.200000,4332.620000,4335.120000,0.6420
1786133700,4335.120000,4336.380000,4331.560000,4331.880000,0.6310
1786134600,4331.360000,4335.410000,4331.350000,4334.520000,0.5370
1786135500,4334.660000,4337.620000,4333.860000,4335.770000,0.8070
1786136400,4336.720000,4339.840000,4336.720000,4339.840000,0.5960
1786137300,4339.840000,4341.410000,4339.830000,4341.040000,0.5640
1786138200,4341.050000,4343.580000,4338.890000,4339.550000,0.6600
1786139100,4339.550000,4340.400000,4336.380000,4338.640000,0.5960
1786140000,4338.230000,4341.720000,4338.230000,4340.850000,0.6270
1786140900,4340.850000,4341.590000,4340.150000,4340.150000,0.2760
1786141800,4340.150000,4343.580000,4338.890000,4343.580000,0.6390
1786142700,4343.580000,4343.580000,4343.410000,4343.580000,0.4680
1786143600,4343.580000,4343.580000,4341.890000,4342.380000,0.3780
1786144500,4342.380000,4343.580000,4342.360000,4343.580000,0.5040
1786145400,4343.580000,4343.580000,4340.150000,4341.480000,0.8780
1786146300,4341.020000,4345.920000,4341.020000,4344.800000,0.6440
1786147200,4344.800000,4347.220000,4342.960000,4347.220000,4.0890
1786148100,4347.110000,4347.670000,4345.190000,4345.650000,0.6590
1786149000,4345.960000,4346.310000,4343.930000,4343.940000,3.4910
1786149900,4343.930000,4345.180000,4341.750000,4343.730000,0.8920
1786150800,4343.470000,4345.190000,4342.700000,4343.080000,4.1900
1786151700,4342.900000,4343.820000,4342.760000,4342.760000,3.2750
1786152600,4342.760000,4343.210000,4336.860000,4338.280000,2.9550
1786153500,4338.280000,4339.620000,4336.710000,4338.340000,1.1070
1786154400,4338.340000,4338.340000,4334.350000,4334.980000,0.6950
1786155300,4334.960000,4338.890000,4334.960000,4337.550000,0.8690
1786156200,4337.200000,4338.880000,4337.200000,4337.890000,1.0540
1786157100,4336.830000,4338.880000,4336.600000,4338.650000,0.7170
1786158000,4338.650000,4338.690000,4338.200000,4338.660000,0.4930
1786158900,4338.670000,4338.670000,4336.820000,4338.180000,0.5870
1786159800,4338.180000,4338.890000,4338.180000,4338.880000,0.5210
1786160700,4338.890000,4340.520000,4338.880000,4339.940000,5.7470
1786161600,4340.290000,4340.290000,4336.380000,4336.380000,3.2350
1786162500,4336.380000,4338.890000,4336.380000,4337.780000,2.6020
1786163400,4338.060000,4340.090000,4337.630000,4337.640000,0.7860
1786164300,4337.640000,4337.640000,4333.290000,4333.570000,2.8100
1786165200,4333.590000,4335.690000,4333.430000,4334.550000,1.1100
1786166100,4333.940000,4338.200000,4333.860000,4336.050000,1.3620
1786167000,4335.990000,4337.320000,4335.990000,4337.320000,0.3640
1786167900,4337.150000,4337.540000,4336.920000,4337.460000,0.4360
1786168800,4337.450000,4339.340000,4337.450000,4339.290000,3.6120
1786169700,4339.170000,4339.290000,4337.630000,4338.630000,0.6120
1786170600,4338.620000,4338.620000,4336.380000,4337.050000,0.7540
1786171500,4338.180000,4338.650000,4338.080000,4338.400000,0.4490
1786172400,4338.400000,4340.150000,4338.400000,4340.140000,0.9030
1786173300,4340.150000,4340.150000,4338.000000,4339.080000,0.7250
1786174200,4339.080000,4339.080000,4339.040000,4339.070000,0.1460
1786175100,4339.080000,4339.510000,4338.600000,4339.430000,0.3100
1786176000,4339.190000,4340.150000,4338.040000,4340.150000,0.5060
1786176900,4339.940000,4340.150000,4339.720000,4340.150000,0.2480
1786177800,4340.150000,4341.380000,4339.930000,4340.050000,0.6360
1786178700,4340.290000,4341.410000,4340.260000,4341.410000,0.6020
1786179600,4341.400000,4342.510000,4340.150000,4341.400000,0.7660
1786180500,4341.400000,4341.710000,4341.060000,4341.300000,0.5140
1786181400,4341.120000,4343.580000,4340.950000,4343.570000,0.8170
1786182300,4343.380000,4343.580000,4341.840000,4342.560000,0.6000
1786183200,4342.560000,4342.820000,4342.220000,4342.670000,0.6710
1786184100,4342.660000,4342.730000,4341.980000,4342.180000,0.2760
1786185000,4341.780000,4341.780000,4340.000000,4340.010000,0.9760
1786185900,4340.010000,4340.010000,4340.000000,4340.010000,0.4310
1786186800,4340.010000,4340.010000,4340.010000,4340.010000,0.2460
1786187700,4340.010000,4342.460000,4340.010000,4341.410000,0.5270
1786188600,4341.800000,4342.670000,4341.160000,4341.940000,1.0880
1786189500,4341.940000,4342.040000,4340.300000,4341.040000,2.9270
1786190400,4340.630000,4340.950000,4340.000000,4340.010000,0.7540
1786191300,4340.010000,4340.010000,4340.000000,4340.000000,0.1510
1786192200,4340.010000,4341.410000,4340.010000,4341.410000,0.2340
1786193100,4341.410000,4342.160000,4341.400000,4342.090000,0.5060
1786194000,4342.110000,4342.270000,4341.890000,4342.180000,0.5090
1786194900,4342.660000,4343.120000,4341.770000,4342.150000,1.0030
1786195800,4342.160000,4342.160000,4342.090000,4342.110000,0.6100
1786196700,4342.270000,4342.680000,4342.100000,4342.330000,0.5370
1786197600,4342.320000,4342.510000,4342.140000,4342.310000,0.4460
1786198500,4342.570000,4342.570000,4342.090000,4342.090000,0.0240
1786199400,4341.620000,4341.850000,4341.620000,4341.620000,0.0040
1786200300,4342.450000,4343.920000,4342.450000,4342.920000,0.1740
1786201200,4342.030000,4343.920000,4341.740000,4342.760000,0.2750
1786202100,4343.180000,4343.180000,4342.520000,4342.520000,0.0180
1786203000,4343.280000,4343.590000,4343.280000,4343.590000,0.0040
1786203900,4343.920000,4346.250000,4343.910000,4345.660000,4.0940
1786204800,4345.970000,4345.970000,4340.970000,4341.560000,0.2860
1786205700,4342.390000,4342.390000,4341.890000,4341.890000,0.0740
1786206600,4341.870000,4341.890000,4340.570000,4341.350000,0.1360
1786207500,4342.130000,4342.130000,4341.430000,4341.430000,0.0280
1786208400,4340.960000,4341.660000,4340.960000,4341.570000,0.0540
1786209300,4341.570000,4341.570000,4341.570000,4341.570000,0.0000
1786210200,4342.610000,4342.610000,4341.910000,4341.910000,0.0040
1786211100,4341.910000,4341.910000,4341.910000,4341.910000,0.0000
1786212000,4342.220000,4342.660000,4342.120000,4342.120000,0.8040
1786212900,4342.510000,4342.650000,4342.490000,4342.650000,0.0490
1786213800,4342.660000,4344.250000,4342.660000,4344.250000,0.3660
1786214700,4343.870000,4344.070000,4342.510000,4343.740000,0.4520
1786215600,4343.630000,4343.630000,4342.730000,4343.450000,0.1340
1786216500,4343.300000,4343.300000,4343.300000,4343.300000,0.0120
1786217400,4341.790000,4343.340000,4341.420000,4343.340000,1.6570
1786218300,4343.340000,4343.340000,4342.720000,4342.720000,0.2410
1786219200,4342.730000,4342.810000,4341.960000,4342.740000,0.3420
1786220100,4342.910000,4342.910000,4342.910000,4342.910000,0.0020
1786221000,4342.910000,4342.910000,4342.910000,4342.910000,0.0000
1786221900,4343.320000,4343.320000,4343.320000,4343.320000,0.0060
1786222800,4343.420000,4343.420000,4343.420000,4343.420000,0.0150
1786223700,4343.420000,4343.420000,4343.420000,4343.420000,0.0000
1786224600,4343.850000,4343.850000,4343.850000,4343.850000,0.0030
1786225500,4343.850000,4343.850000,4343.850000,4343.850000,0.0000
1786226400,4343.920000,4343.930000,4343.920000,4343.930000,0.2290
1786227300,4343.930000,4343.930000,4343.930000,4343.930000,0.0000
1786228200,4343.930000,4343.930000,4343.930000,4343.930000,0.0000
1786229100,4343.930000,4343.930000,4343.930000,4343.930000,0.0000
1786230000,4343.820000,4347.710000,4343.820000,4347.710000,1.6490
1786230900,4347.060000,4347.280000,4347.060000,4347.280000,0.0310
1786231800,4347.280000,4347.280000,4347.280000,4347.280000,0.0000
1786232700,4347.360000,4347.360000,4347.250000,4347.270000,0.0920
1786233600,4347.250000,4347.250000,4346.810000,4346.870000,0.0990
1786234500,4346.870000,4347.720000,4346.870000,4347.720000,0.5670
1786235400,4348.280000,4348.360000,4345.930000,4346.800000,0.1050
1786236300,4345.590000,4346.490000,4345.590000,4346.210000,0.1210
1786237200,4346.230000,4346.230000,4344.300000,4344.300000,0.7260
1786238100,4344.150000,4344.190000,4344.150000,4344.180000,0.0990
1786239000,4344.180000,4344.180000,4342.920000,4342.950000,1.0290
1786239900,4342.980000,4343.910000,4342.980000,4343.910000,0.5960
1786240800,4344.400000,4345.780000,4344.400000,4345.780000,0.5010
1786241700,4345.790000,4345.790000,4345.790000,4345.790000,0.0410
1786242600,4345.880000,4346.460000,4344.560000,4345.820000,0.0000
1786243500,4345.820000,4345.820000,4345.610000,4345.820000,0.0000
1786244400,4346.450000,4346.520000,4343.950000,4345.950000,10.2380
1786245300,4346.450000,4347.460000,4343.930000,4347.430000,6.9700
1786246200,4346.660000,4346.660000,4346.440000,4346.440000,0.1160
1786247100,4345.190000,4345.190000,4345.190000,4345.190000,0.0100
1786248000,4343.940000,4343.940000,4343.940000,4343.940000,0.0010
1786248900,4343.940000,4343.940000,4343.940000,4343.940000,0.1230
1786249800,4343.940000,4343.940000,4343.940000,4343.940000,0.0260
1786250700,4344.190000,4344.190000,4344.190000,4344.190000,0.1730
1786251600,4345.240000,4345.820000,4345.240000,4345.820000,0.1580
1786252500,4345.660000,4345.660000,4345.660000,4345.660000,0.1370
1786253400,4345.660000,4346.230000,4345.660000,4346.230000,0.2410
1786254300,4346.170000,4346.170000,4346.170000,4346.170000,0.0130
1786255200,4346.170000,4346.170000,4346.170000,4346.170000,0.0200
1786256100,4346.460000,4346.460000,4346.460000,4346.460000,0.0080
1786257000,4346.900000,4346.900000,4346.900000,4346.900000,0.1160
1786257900,4346.890000,4346.890000,4346.810000,4346.890000,0.3380
1786258800,4346.310000,4347.610000,4345.330000,4347.200000,1.6810
1786259700,4347.190000,4348.960000,4347.190000,4348.960000,0.5720
1786260600,4347.470000,4354.060000,4347.470000,4352.780000,0.2940
1786261500,4352.780000,4353.070000,4351.530000,4352.950000,0.6000
1786262400,4353.560000,4353.560000,4351.680000,4351.680000,0.0360
1786263300,4351.670000,4351.670000,4348.980000,4348.980000,0.3610
1786264200,4347.960000,4352.500000,4347.960000,4352.500000,1.1470
1786265100,4350.250000,4350.250000,4350.250000,4350.250000,0.0110
1786266000,4350.030000,4350.030000,4350.010000,4350.010000,0.0260
1786266900,4349.900000,4350.870000,4349.900000,4350.870000,0.1040
1786267800,4350.450000,4350.450000,4350.090000,4350.090000,0.3570
1786268700,4348.980000,4348.980000,4346.480000,4346.540000,0.0920
1786269600,4346.470000,4348.780000,4345.460000,4348.550000,0.2170
1786270500,4348.090000,4348.090000,4347.090000,4347.600000,0.3310
1786271400,4346.460000,4346.460000,4345.510000,4345.510000,0.0250
1786272300,4346.990000,4347.720000,4346.990000,4347.720000,0.0000
1786273200,4347.720000,4348.980000,4347.720000,4348.980000,0.4650
1786274100,4350.240000,4350.240000,4348.640000,4349.580000,0.3710
1786275000,4348.050000,4349.570000,4348.050000,4349.560000,0.3100
1786275900,4349.660000,4349.660000,4349.660000,4349.660000,0.0260
1786276800,4349.150000,4349.150000,4349.140000,4349.140000,0.0310
1786277700,4349.580000,4349.820000,4349.580000,4349.690000,0.0000
1786278600,4350.020000,4350.250000,4350.020000,4350.250000,0.0150
1786279500,4351.510000,4352.760000,4351.510000,4352.210000,0.3090
1786280400,4352.760000,4352.760000,4352.230000,4352.230000,1.0790
1786281300,4352.550000,4354.370000,4352.550000,4352.780000,8.9790
1786282200,4352.790000,4352.790000,4352.790000,4352.790000,0.0000
1786283100,4352.790000,4354.320000,4352.790000,4354.320000,0.1480
1786284000,4352.780000,4352.780000,4352.780000,4352.780000,0.0090
1786284900,4352.960000,4353.250000,4352.720000,4353.190000,0.0000
1786285800,4353.200000,4353.800000,4353.160000,4353.340000,0.0000
1786286700,4353.440000,4353.550000,4353.410000,4353.550000,0.0680
1786287600,4353.450000,4353.890000,4352.900000,4353.420000,0.0430
1786288500,4353.970000,4354.850000,4353.970000,4354.680000,0.0270
1786289400,4355.040000,4355.040000,4355.040000,4355.040000,0.0010
1786290300,4355.100000,4356.580000,4355.100000,4356.580000,0.0220
1786291200,4357.730000,4357.730000,4355.310000,4355.310000,1.8980
1786292100,4354.790000,4354.840000,4354.670000,4354.780000,0.0000
1786293000,4354.610000,4356.140000,4354.610000,4355.740000,0.0000
1786293900,4355.590000,4355.590000,4355.590000,4355.590000,0.0030
1786294800,4355.590000,4356.000000,4354.360000,4354.360000,0.0650
1786295700,4354.060000,4354.060000,4354.060000,4354.060000,0.0070
1786296600,4354.050000,4354.050000,4354.050000,4354.050000,0.0120
1786297500,4352.780000,4354.060000,4351.790000,4353.540000,0.4760
1786298400,4352.780000,4352.780000,4352.010000,4352.770000,0.0390
1786299300,4352.640000,4352.640000,4352.640000,4352.640000,0.0090
1786300200,4351.840000,4351.900000,4351.830000,4351.900000,0.5730
1786301100,4351.860000,4352.160000,4351.860000,4352.160000,0.0150
1786302000,4353.680000,4353.680000,4353.680000,4353.680000,0.0020
1786302900,4353.700000,4353.700000,4353.700000,4353.700000,0.0040
1786303800,4353.210000,4353.510000,4353.210000,4353.370000,0.0000
1786304700,4353.490000,4356.680000,4353.490000,4356.340000,0.1460
1786305600,4356.440000,4356.440000,4356.040000,4356.040000,0.0270
1786306500,4355.830000,4356.450000,4355.320000,4356.380000,0.0000
1786307400,4356.310000,4359.120000,4356.310000,4359.120000,0.2450
1786308300,4360.000000,4360.740000,4356.840000,4358.510000,0.3630
1786309200,4357.980000,4358.140000,4356.590000,4356.590000,0.2570
1786310100,4356.580000,4356.580000,4351.520000,4351.520000,0.1720
1786311000,4351.520000,4351.520000,4346.750000,4346.780000,0.3290
1786311900,4347.280000,4348.820000,4346.360000,4348.820000,2.9060
1786312800,4346.140000,4346.140000,4331.310000,4340.150000,5.8150
1786313700,4338.890000,4338.890000,4335.120000,4337.650000,0.0680
1786314600,4338.890000,4338.890000,4336.850000,4337.820000,0.0220
1786315500,4338.260000,4338.380000,4338.260000,4338.380000,0.2340
1786316400,4338.890000,4341.410000,4338.890000,4341.410000,0.0410
1786317300,4342.660000,4345.080000,4341.420000,4344.920000,0.1550
1786318200,4342.670000,4342.670000,4337.630000,4337.630000,0.0610
1786319100,4336.380000,4336.380000,4330.000000,4330.000000,0.0640
1786320000,4331.350000,4341.410000,4331.350000,4341.410000,0.2840
1786320900,4340.150000,4341.410000,4335.120000,4335.120000,0.1100
1786321800,4333.860000,4333.860000,4331.310000,4331.310000,0.0880
1786322700,4330.710000,4332.610000,4328.850000,4328.850000,0.2250
1786323600,4327.600000,4335.120000,4317.600000,4320.100000,1.4030
1786324500,4321.350000,4322.590000,4313.870000,4313.870000,0.3480
1786325400,4312.880000,4315.110000,4308.900000,4311.380000,0.7120
1786326300,4312.630000,4317.600000,4312.630000,4317.600000,0.3570
1786327200,4316.360000,4320.100000,4316.360000,4320.100000,0.0480
1786328100,4320.550000,4325.090000,4320.550000,4325.090000,0.0880
1786329000,4326.330000,4326.330000,4320.100000,4322.590000,0.1260
1786329900,4321.350000,4321.350000,4315.110000,4315.110000,0.1690
1786330800,4314.980000,4315.280000,4314.980000,4315.280000,0.1660
1786331700,4316.360000,4322.590000,4316.360000,4322.590000,0.0680
1786332600,4322.660000,4323.840000,4321.350000,4321.350000,0.0960
1786333500,4321.350000,4321.350000,4321.350000,4321.350000,0.0800
1786334400,4322.460000,4326.410000,4320.090000,4326.410000,0.3480
1786335300,4327.600000,4330.710000,4327.600000,4330.710000,0.4960
1786336200,4328.850000,4330.100000,4326.340000,4326.340000,0.0990
1786337100,4327.600000,4332.610000,4327.600000,4332.610000,0.3510
1786338000,4332.960000,4333.320000,4330.100000,4330.100000,0.4200
1786338900,4330.300000,4330.520000,4328.850000,4330.520000,0.2360
1786339800,4328.860000,4337.040000,4327.600000,4336.380000,0.5650
1786340700,4337.350000,4345.190000,4335.740000,4342.670000,0.3820
1786341600,4341.790000,4342.670000,4337.630000,4342.670000,0.0970
1786342500,4341.410000,4341.410000,4338.890000,4341.410000,0.0500
1786343400,4342.670000,4347.720000,4341.410000,4347.720000,0.5290
1786344300,4348.980000,4352.390000,4348.980000,4352.280000,0.0700
1786345200,4352.270000,4352.270000,4345.190000,4345.190000,0.4370
1786346100,4346.210000,4352.160000,4345.870000,4348.980000,1.1560
1786347000,4348.700000,4353.520000,4347.840000,4351.410000,0.2550
1786347900,4352.780000,4354.830000,4350.250000,4350.250000,0.0860
1786348800,4349.070000,4349.640000,4345.830000,4346.750000,1.7040
1786349700,4347.380000,4349.820000,4347.240000,4349.820000,0.9850
1786350600,4348.220000,4348.630000,4341.410000,4341.410000,0.4440
1786351500,4340.870000,4342.980000,4338.890000,4341.410000,0.5070
1786352400,4341.340000,4343.200000,4340.490000,4343.200000,0.0730
1786353300,4342.560000,4342.560000,4341.260000,4341.260000,0.1180
1786354200,4340.150000,4340.150000,4336.380000,4338.050000,0.1940
1786355100,4338.890000,4338.890000,4335.130000,4335.950000,0.3920
1786356000,4335.120000,4335.810000,4334.000000,4335.810000,0.0510
1786356900,4336.380000,4336.560000,4336.380000,4336.560000,0.0160
1786357800,4337.630000,4337.630000,4333.500000,4334.120000,4.6760
1786358700,4332.810000,4334.920000,4332.610000,4332.610000,0.4050
1786359600,4331.350000,4331.350000,4324.970000,4326.340000,0.1770
1786360500,4326.470000,4331.330000,4324.340000,4330.490000,0.4800
1786361400,4331.350000,4332.960000,4331.350000,4332.580000,0.1590
1786362300,4331.350000,4331.350000,4329.830000,4329.860000,4.0680
1786363200,4328.850000,4331.510000,4327.170000,4327.170000,0.0900
1786364100,4326.340000,4326.340000,4319.900000,4321.350000,0.5540
1786365000,4322.590000,4326.340000,4322.590000,4325.090000,0.0620
1786365900,4326.340000,4328.850000,4326.340000,4327.600000,0.0580
1786366800,4326.860000,4331.660000,4322.590000,4331.150000,0.1560
1786367700,4331.840000,4331.840000,4326.340000,4328.170000,0.1760
1786368600,4330.100000,4333.160000,4327.600000,4327.600000,0.6620
1786369500,4326.340000,4326.340000,4315.060000,4315.060000,0.5090
1786370400,4316.360000,4325.090000,4316.360000,4325.090000,0.1860
1786371300,4326.340000,4342.670000,4326.340000,4341.880000,0.4080
1786372200,4343.580000,4345.320000,4339.600000,4343.260000,0.5790
1786373100,4343.930000,4344.100000,4336.470000,4338.580000,6.4880
1786374000,4339.960000,4345.250000,4337.670000,4340.150000,4.4300
1786374900,4341.410000,4345.440000,4341.410000,4343.930000,2.0420
1786375800,4343.080000,4345.190000,4343.080000,4344.590000,1.1520
1786376700,4343.900000,4353.350000,4343.900000,4353.350000,1.2990
1786377600,4352.680000,4358.620000,4350.270000,4354.930000,10.1580
1786378500,4354.800000,4358.290000,4354.800000,4358.290000,0.4550
1786379400,4356.580000,4356.580000,4345.190000,4345.200000,1.2180
1786380300,4346.370000,4348.980000,4345.200000,4348.980000,1.2610
1786381200,4350.240000,4350.250000,4343.430000,4350.250000,1.2880
1786382100,4350.520000,4354.050000,4349.530000,4353.560000,6.1670
1786383000,4354.200000,4357.130000,4351.820000,4352.640000,3.2870
1786383900,4351.510000,4352.960000,4349.940000,4350.260000,0.3710
1786384800,4352.780000,4356.850000,4351.180000,4356.850000,0.5910
1786385700,4355.310000,4358.660000,4355.240000,4357.920000,1.5300
1786386600,4358.850000,4376.110000,4358.790000,4374.420000,1.9810
1786387500,4373.140000,4373.140000,4368.190000,4371.860000,0.1860
1786388400,4373.140000,4375.690000,4373.140000,4375.260000,0.2010
1786389300,4375.690000,4383.800000,4375.690000,4383.800000,0.5550
1786390200,4384.670000,4386.060000,4378.260000,4382.170000,1.4280
1786391100,4382.270000,4387.240000,4380.330000,4381.110000,1.5240
1786392000,4381.120000,4382.100000,4379.460000,4380.820000,1.0780
1786392900,4381.670000,4383.390000,4380.820000,4383.390000,0.1850
1786393800,4383.190000,4384.650000,4382.740000,4382.740000,0.1450
1786394700,4382.760000,4384.250000,4382.100000,4383.510000,0.4970
1786395600,4384.540000,4385.830000,4384.540000,4385.830000,0.1580
1786396500,4385.960000,4385.960000,4385.950000,4385.950000,0.1780
1786397400,4385.720000,4385.960000,4385.720000,4385.960000,0.0110
1786398300,4386.210000,4386.290000,4384.910000,4385.290000,0.0440
1786399200,4384.670000,4386.350000,4381.700000,4384.670000,0.1930
1786400100,4385.400000,4385.400000,4385.400000,4385.400000,0.0380
1786401000,4385.960000,4389.410000,4385.960000,4389.410000,0.7380
1786401900,4388.610000,4393.000000,4388.610000,4393.000000,0.4680
1786402800,4393.690000,4394.960000,4389.840000,4389.930000,1.2410
1786403700,4389.830000,4390.160000,4389.160000,4389.290000,0.1930
1786404600,4391.110000,4393.090000,4391.110000,4392.400000,0.2380
1786405500,4392.870000,4395.590000,4391.110000,4395.590000,0.4000
1786406400,4396.270000,4404.820000,4392.400000,4401.440000,1.4310
1786407300,4402.740000,4410.040000,4401.470000,4410.040000,0.5430
1786408200,4409.250000,4409.250000,4404.480000,4405.390000,0.1730
1786409100,4408.760000,4412.640000,4405.560000,4405.560000,0.3180
1786410000,4404.390000,4410.510000,4391.550000,4407.950000,0.5450
1786410900,4408.980000,4414.880000,4408.980000,4412.970000,2.1930
1786411800,4415.470000,4417.980000,4412.540000,4415.430000,3.7240
1786412700,4412.840000,4427.410000,4412.840000,4426.320000,0.8270
1786413600,4421.020000,4429.300000,4421.020000,4429.300000,0.5830
1786414500,4427.370000,4427.700000,4423.260000,4423.260000,0.0440
1786415400,4423.830000,4423.830000,4410.060000,4410.060000,0.2760
1786416300,4410.000000,4410.000000,4404.600000,4406.340000,0.3500
1786417200,4408.220000,4411.280000,4407.590000,4409.510000,0.4890
1786418100,4412.490000,4415.730000,4412.490000,4415.730000,0.1310
1786419000,4416.310000,4416.310000,4413.900000,4413.900000,0.0510
1786419900,4411.150000,4412.690000,4409.520000,4412.690000,0.3380
1786420800,4412.360000,4414.540000,4409.240000,4409.240000,0.5930
1786421700,4409.240000,4410.580000,4407.110000,4409.210000,0.5750
1786422600,4407.160000,4414.330000,4407.110000,4407.110000,2.7050
1786423500,4407.110000,4407.620000,4402.590000,4405.920000,0.7190
1786424400,4405.920000,4405.920000,4397.840000,4397.880000,0.2610
1786425300,4397.560000,4398.140000,4388.250000,4388.250000,0.7050
1786426200,4388.740000,4388.740000,4370.000000,4376.070000,10.0820
1786427100,4375.690000,4375.690000,4366.610000,4373.140000,2.5530
1786428000,4373.130000,4380.810000,4370.580000,4373.140000,1.7020
1786428900,4371.870000,4374.320000,4362.870000,4363.530000,2.8970
1786429800,4363.100000,4368.020000,4359.240000,4364.210000,1.4410
1786430700,4362.940000,4365.980000,4361.660000,4365.470000,0.9810
1786431600,4365.470000,4366.520000,4361.260000,4364.200000,0.3770
1786432500,4361.660000,4364.200000,4357.750000,4364.200000,0.4270
1786433400,4361.660000,4361.660000,4357.440000,4357.920000,0.8460
1786434300,4357.930000,4359.320000,4357.520000,4357.850000,0.5910
1786435200,4359.120000,4365.480000,4359.120000,4365.100000,0.3840
1786436100,4364.650000,4368.030000,4359.070000,4368.030000,0.6540
1786437000,4368.920000,4375.410000,4368.920000,4374.890000,0.9870
1786437900,4374.890000,4376.290000,4370.580000,4370.580000,0.5870
1786438800,4369.400000,4373.130000,4369.300000,4372.580000,1.9480
1786439700,4373.140000,4375.300000,4372.090000,4372.570000,0.8010
1786440600,4373.880000,4374.410000,4371.860000,4371.860000,0.5480
1786441500,4371.220000,4374.410000,4371.220000,4372.860000,0.8760
1786442400,4372.860000,4376.330000,4372.860000,4374.930000,7.1280
1786443300,4374.840000,4380.820000,4372.760000,4378.740000,1.8910
1786444200,4378.870000,4380.580000,4378.260000,4378.260000,0.8020
1786445100,4377.240000,4380.810000,4377.240000,4379.020000,0.5510
1786446000,4380.810000,4391.090000,4380.810000,4389.410000,0.6490
1786446900,4389.390000,4389.390000,4383.670000,4384.680000,0.1730
1786447800,4383.680000,4384.180000,4382.100000,4383.250000,0.1190
1786448700,4384.180000,4385.960000,4384.180000,4384.670000,0.7190
1786449600,4385.330000,4394.940000,4382.280000,4394.630000,3.2010
1786450500,4392.940000,4396.670000,4387.100000,4390.030000,2.2690
1786451400,4389.370000,4393.690000,4386.910000,4393.690000,1.5360
1786452300,4394.980000,4396.670000,4389.640000,4389.640000,0.4960
1786453200,4391.110000,4396.260000,4391.110000,4392.400000,1.0130
1786454100,4391.110000,4396.480000,4388.530000,4395.130000,1.4470
1786455000,4395.760000,4397.830000,4387.460000,4396.650000,2.2220
1786455900,4397.560000,4400.150000,4382.790000,4387.120000,1.2120
1786456800,4385.960000,4385.960000,4380.000000,4382.230000,8.8210
1786457700,4382.230000,4384.660000,4379.540000,4380.820000,6.9590
1786458600,4380.710000,4393.630000,4380.710000,4392.530000,2.1030
1786459500,4391.770000,4393.680000,4389.120000,4391.840000,3.8570
1786460400,4391.750000,4394.970000,4388.310000,4391.070000,0.9760
1786461300,4389.820000,4389.820000,4380.580000,4381.850000,2.0790
1786462200,4383.070000,4383.070000,4369.000000,4373.140000,2.5140
1786463100,4374.380000,4380.000000,4374.380000,4380.000000,0.0550
1786464000,4380.820000,4381.480000,4376.690000,4377.460000,2.9490
1786464900,4378.390000,4379.960000,4377.530000,4379.960000,0.0420
1786465800,4379.030000,4382.350000,4376.980000,4382.350000,0.4970
1786466700,4382.680000,4382.680000,4380.820000,4380.820000,0.0230
1786467600,4381.480000,4382.100000,4379.540000,4379.540000,0.0860
1786468500,4380.810000,4380.820000,4378.740000,4380.820000,0.0460
1786469400,4379.660000,4379.660000,4373.220000,4373.220000,0.0910
1786470300,4373.140000,4373.140000,4369.300000,4369.300000,0.0540
1786471200,4368.080000,4368.080000,4360.390000,4362.110000,1.3650
1786472100,4362.930000,4364.210000,4359.840000,4359.840000,0.4630
1786473000,4361.660000,4368.930000,4361.660000,4368.930000,0.4320
1786473900,4369.300000,4370.000000,4369.300000,4370.000000,0.2340
1786474800,4368.290000,4368.290000,4361.660000,4361.660000,0.3050
1786475700,4361.660000,4366.750000,4361.380000,4366.750000,0.0660
1786476600,4368.030000,4371.320000,4366.750000,4366.750000,0.0650
1786477500,4366.500000,4370.000000,4366.500000,4368.420000,0.5140
1786478400,4369.330000,4370.220000,4368.030000,4370.220000,0.9320
1786479300,4370.220000,4370.220000,4367.180000,4369.130000,0.9920
1786480200,4369.100000,4369.270000,4366.940000,4367.180000,0.0000
1786481100,4366.820000,4366.820000,4366.480000,4366.480000,0.1220
1786482000,4368.030000,4369.990000,4368.030000,4369.980000,0.0750
1786482900,4368.850000,4368.990000,4368.850000,4368.990000,1.0670
1786483800,4368.090000,4368.090000,4368.090000,4368.090000,0.0010
1786484700,4369.690000,4376.940000,4369.690000,4374.420000,0.4500
1786485600,4373.140000,4373.140000,4369.080000,4371.920000,8.2530
1786486500,4371.820000,4371.860000,4371.820000,4371.860000,0.0840
1786487400,4373.140000,4373.980000,4373.140000,4373.980000,0.0150
1786488300,4374.420000,4374.420000,4366.750000,4366.750000,0.1840
1786489200,4365.480000,4366.750000,4362.900000,4365.480000,0.1710
1786490100,4366.750000,4370.580000,4366.750000,4369.320000,0.1050
1786491000,4368.030000,4368.030000,4366.570000,4366.570000,0.1910
1786491900,4366.780000,4369.300000,4366.130000,4369.030000,0.0450
1786492800,4368.150000,4375.690000,4365.930000,4375.690000,0.4690
1786493700,4374.420000,4379.290000,4373.960000,4379.290000,0.1820
1786494600,4379.540000,4382.160000,4378.340000,4382.090000,2.4070
1786495500,4380.690000,4380.850000,4378.260000,4380.670000,0.7890
1786496400,4380.820000,4388.530000,4379.540000,4388.530000,0.2730
1786497300,4387.240000,4392.020000,4387.240000,4388.690000,0.5020
1786498200,4388.530000,4389.820000,4384.670000,4389.820000,0.1270
1786499100,4391.110000,4394.970000,4391.110000,4393.690000,0.4060
1786500000,4394.410000,4400.450000,4394.410000,4400.430000,0.1400
1786500900,4400.150000,4400.550000,4398.100000,4400.450000,0.2170
1786501800,4398.850000,4404.920000,4396.270000,4404.920000,0.0810
1786502700,4404.220000,4411.100000,4404.220000,4409.840000,0.0920
1786503600,4411.440000,4412.920000,4411.010000,4411.960000,0.2940
1786504500,4408.190000,4408.350000,4404.400000,4404.820000,0.7620
1786505400,4403.030000,4403.030000,4399.990000,4400.000000,1.9000
1786506300,4399.550000,4400.610000,4398.960000,4400.180000,0.3190
1786507200,4399.360000,4399.680000,4393.560000,4393.560000,15.2570
1786508100,4394.980000,4396.080000,4394.980000,4396.080000,0.1830
1786509000,4396.220000,4397.310000,4394.500000,4396.270000,4.8150
1786509900,4398.850000,4400.150000,4398.850000,4398.850000,0.0240
1786510800,4399.250000,4403.070000,4399.250000,4401.300000,1.6080
1786511700,4398.850000,4398.850000,4391.980000,4392.410000,0.2030
1786512600,4391.650000,4393.690000,4388.400000,4388.400000,0.3260
1786513500,4387.240000,4392.400000,4384.670000,4391.110000,0.1510
1786514400,4389.820000,4389.820000,4385.460000,4385.460000,0.0410
1786515300,4385.910000,4389.810000,4385.910000,4388.740000,0.3520
1786516200,4389.360000,4393.790000,4389.360000,4393.780000,0.3080
1786517100,4393.650000,4404.220000,4393.650000,4403.300000,0.5190
1786518000,4402.820000,4403.110000,4400.400000,4400.400000,0.1160
1786518900,4399.090000,4400.040000,4397.670000,4399.610000,0.7270
1786519800,4402.660000,4406.190000,4402.200000,4405.410000,1.4460
1786520700,4405.760000,4406.960000,4403.240000,4403.240000,0.6840
1786521600,4404.320000,4407.300000,4404.320000,4406.810000,0.1650
1786522500,4404.990000,4406.370000,4404.990000,4406.370000,0.2570
1786523400,4404.040000,4404.040000,4403.020000,4403.590000,0.1910
1786524300,4401.740000,4402.290000,4399.560000,4399.740000,0.3130
1786525200,4399.920000,4411.230000,4399.920000,4410.660000,1.9000
1786526100,4410.670000,4420.810000,4410.210000,4411.170000,9.8870
1786527000,4412.810000,4413.630000,4409.970000,4410.960000,3.5060
1786527900,4410.520000,4414.600000,4409.680000,4411.950000,1.2460
1786528800,4413.460000,4417.910000,4411.900000,4417.910000,0.2560
1786529700,4416.800000,4418.380000,4415.980000,4416.670000,1.0420
1786530600,4418.700000,4418.700000,4411.620000,4411.620000,0.1830
1786531500,4412.460000,4412.460000,4407.090000,4407.090000,0.3690
1786532400,4410.900000,4410.900000,4407.700000,4409.840000,0.1170
1786533300,4409.510000,4414.990000,4409.510000,4414.990000,0.3690
1786534200,4414.560000,4415.360000,4409.470000,4411.830000,0.0000
1786535100,4413.030000,4413.030000,4412.080000,4412.080000,0.1790
1786536000,4412.540000,4412.540000,4407.790000,4408.020000,0.5100
1786536900,4406.880000,4425.000000,4405.440000,4425.000000,0.4930
1786537800,4425.400000,4436.630000,4386.800000,4426.410000,43.9960
1786538700,4422.120000,4432.710000,4414.130000,4432.710000,1.2790
1786539600,4434.670000,4434.860000,4418.890000,4419.970000,2.1700
1786540500,4419.420000,4424.980000,4412.090000,4415.130000,2.3510
1786541400,4415.970000,4415.970000,4403.340000,4410.000000,13.9370
1786542300,4415.060000,4427.400000,4415.060000,4425.140000,1.2110
1786543200,4420.680000,4428.520000,4417.600000,4428.520000,0.1900
1786544100,4425.220000,4432.710000,4425.220000,4426.640000,2.0620
1786545000,4424.330000,4424.330000,4411.940000,4414.100000,2.0270
1786545900,4419.390000,4426.190000,4412.570000,4415.350000,2.4640
1786546800,4416.690000,4422.590000,4410.010000,4422.590000,0.4570
1786547700,4418.590000,4418.590000,4418.590000,4418.590000,0.0080
1786548600,4419.660000,4419.660000,4412.930000,4414.940000,0.4380
1786549500,4412.270000,4417.020000,4406.670000,4416.210000,0.4130
1786550400,4416.490000,4419.720000,4412.730000,4417.810000,0.7260
1786551300,4418.920000,4420.560000,4416.660000,4418.010000,1.2770
1786552200,4417.920000,4417.920000,4407.680000,4408.850000,0.4880
1786553100,4406.390000,4406.390000,4393.690000,4398.850000,0.7640
1786554000,4397.560000,4401.110000,4396.370000,4400.150000,0.3640
1786554900,4399.470000,4403.480000,4399.470000,4403.390000,0.2000
1786555800,4401.910000,4404.600000,4397.560000,4397.560000,0.7060
1786556700,4398.140000,4400.620000,4394.850000,4394.850000,0.3130
1786557600,4393.690000,4400.560000,4392.100000,4400.560000,0.4410
1786558500,4400.810000,4405.300000,4399.860000,4403.470000,0.3820
1786559400,4403.070000,4407.300000,4403.070000,4407.300000,0.2370
1786560300,4407.930000,4411.950000,4407.930000,4408.710000,0.4430
1786561200,4410.930000,4411.960000,4410.930000,4411.960000,0.0080
1786562100,4412.600000,4412.600000,4411.550000,4411.550000,0.6740
1786563000,4411.960000,4411.960000,4405.750000,4405.750000,0.3320
1786563900,4407.870000,4407.970000,4404.560000,4407.920000,1.6420
1786564800,4408.400000,4408.400000,4405.000000,4406.000000,0.3900
1786565700,4404.630000,4404.630000,4404.030000,4404.030000,0.1160
1786566600,4402.930000,4403.280000,4401.690000,4403.280000,0.4160
1786567500,4403.770000,4404.010000,4403.490000,4403.490000,0.6440
1786568400,4403.970000,4406.430000,4403.970000,4406.430000,0.1400
1786569300,4406.450000,4406.760000,4406.340000,4406.340000,0.5540
1786570200,4406.340000,4406.340000,4397.360000,4398.850000,0.5730
1786571100,4402.610000,4403.820000,4396.580000,4403.820000,6.6800
1786572000,4402.230000,4402.240000,4402.230000,4402.240000,0.1470
1786572900,4398.850000,4398.850000,4392.650000,4393.840000,0.3760
1786573800,4394.910000,4396.270000,4393.900000,4393.900000,0.2370
1786574700,4396.270000,4397.560000,4396.270000,4397.560000,0.1370
1786575600,4397.930000,4400.260000,4397.930000,4400.260000,0.3050
1786576500,4401.440000,4404.950000,4401.440000,4404.950000,0.0540
1786577400,4405.330000,4405.330000,4404.030000,4404.030000,0.0460
1786578300,4405.370000,4409.220000,4405.370000,4409.220000,0.0400
1786579200,4410.000000,4418.270000,4410.000000,4414.670000,0.5330
1786580100,4415.450000,4430.190000,4415.450000,4422.320000,7.3900
1786581000,4424.180000,4443.170000,4419.940000,4433.120000,5.1850
1786581900,4433.790000,4433.790000,4420.000000,4423.180000,3.4190
1786582800,4423.600000,4427.680000,4417.590000,4425.210000,1.0130
1786583700,4421.690000,4421.690000,4414.100000,4414.350000,0.2660
1786584600,4414.220000,4422.080000,4412.230000,4412.230000,1.1900
1786585500,4412.220000,4412.220000,4404.590000,4404.840000,1.4160
1786586400,4405.010000,4408.550000,4402.740000,4407.530000,0.8360
1786587300,4403.300000,4403.550000,4403.300000,4403.550000,0.2570
1786588200,4401.800000,4404.260000,4396.270000,4404.260000,0.1700
1786589100,4406.250000,4406.250000,4404.280000,4404.280000,0.0400
1786590000,4401.440000,4401.440000,4401.440000,4401.440000,0.0090
1786590900,4401.730000,4403.740000,4401.730000,4403.740000,0.0180
1786591800,4403.740000,4403.740000,4403.740000,4403.740000,0.0030
1786592700,4402.130000,4402.720000,4396.270000,4396.270000,0.1670
1786593600,4395.580000,4395.580000,4390.000000,4390.000000,0.1770
1786594500,4392.400000,4393.690000,4392.400000,4393.690000,0.0280
1786595400,4392.400000,4392.400000,4392.400000,4392.400000,0.0090
1786596300,4393.690000,4393.690000,4392.030000,4393.690000,0.1440
1786597200,4394.740000,4398.850000,4391.110000,4398.850000,0.2070
1786598100,4400.000000,4403.680000,4398.850000,4403.680000,0.1110
1786599000,4401.440000,4401.440000,4385.960000,4385.960000,0.4700
1786599900,4385.000000,4385.950000,4379.490000,4379.490000,0.5000
1786600800,4380.820000,4380.820000,4374.270000,4374.420000,0.1740
1786601700,4375.670000,4375.690000,4373.270000,4373.670000,16.9870
1786602600,4373.140000,4374.420000,4368.030000,4370.390000,2.0400
1786603500,4371.860000,4375.690000,4371.860000,4375.690000,1.8250
1786604400,4376.970000,4378.260000,4373.140000,4373.140000,0.6150
1786605300,4374.420000,4374.620000,4372.280000,4373.260000,1.5960
1786606200,4374.220000,4374.890000,4370.750000,4374.890000,5.1500
1786607100,4375.620000,4375.620000,4368.030000,4368.600000,0.3950
1786608000,4368.330000,4368.460000,4364.220000,4365.530000,0.7770
1786608900,4366.750000,4372.850000,4366.750000,4372.850000,0.0980
1786609800,4373.140000,4373.700000,4373.140000,4373.450000,0.0590
1786610700,4374.420000,4376.960000,4374.420000,4375.500000,0.0810
1786611600,4375.500000,4376.320000,4373.140000,4376.320000,0.1000
1786612500,4376.970000,4380.820000,4376.970000,4380.820000,0.3530
1786613400,4380.950000,4381.070000,4379.680000,4379.680000,0.0780
1786614300,4379.790000,4382.100000,4378.420000,4382.100000,0.3070
1786615200,4383.340000,4383.340000,4383.120000,4383.120000,0.0580
1786616100,4383.390000,4384.670000,4383.390000,4384.670000,0.0220
1786617000,4385.960000,4387.240000,4385.440000,4387.240000,0.4210
1786617900,4388.530000,4390.000000,4388.530000,4390.000000,0.0800
1786618800,4390.640000,4390.640000,4386.650000,4389.820000,16.5700
1786619700,4390.600000,4393.690000,4387.240000,4387.240000,3.0420
1786620600,4387.160000,4387.240000,4383.390000,4383.390000,0.0710
1786621500,4382.290000,4385.960000,4382.100000,4385.390000,0.0630
1786622400,4384.670000,4388.530000,4384.670000,4387.180000,0.0740
1786623300,4385.960000,4390.190000,4383.390000,4390.190000,0.2940
1786624200,4388.860000,4396.270000,4381.040000,4388.530000,3.5970
1786625100,4389.820000,4397.840000,4389.820000,4397.840000,0.2300
1786626000,4398.440000,4398.460000,4391.110000,4392.400000,0.3250
1786626900,4392.570000,4392.570000,4385.960000,4385.960000,0.2590
1786627800,4385.190000,4387.240000,4375.690000,4378.260000,8.9310
1786628700,4379.540000,4379.540000,4369.730000,4371.860000,0.5850
1786629600,4372.990000,4377.940000,4367.840000,4370.580000,3.1460
1786630500,4371.860000,4375.690000,4369.310000,4370.620000,3.4940
1786631400,4369.300000,4379.560000,4358.620000,4379.560000,5.5800
1786632300,4380.000000,4385.530000,4380.000000,4382.410000,6.6200
1786633200,4383.400000,4383.400000,4369.300000,4369.300000,9.0460
1786634100,4368.030000,4372.400000,4364.210000,4365.470000,16.8170
1786635000,4365.030000,4370.580000,4359.770000,4370.410000,8.7170
1786635900,4369.510000,4370.210000,4365.480000,4365.480000,0.0780
1786636800,4366.750000,4367.490000,4354.270000,4354.270000,0.8350
1786637700,4354.050000,4361.660000,4353.430000,4361.660000,1.1890
1786638600,4362.930000,4366.680000,4362.930000,4366.680000,1.2110
1786639500,4366.750000,4366.750000,4364.210000,4366.750000,0.0420
1786640400,4368.020000,4373.130000,4366.750000,4373.130000,0.0780
1786641300,4370.580000,4370.580000,4365.010000,4365.010000,0.2530
1786642200,4364.210000,4364.210000,4358.960000,4358.960000,0.1890
1786643100,4360.390000,4360.390000,4357.100000,4357.100000,0.0510
1786644000,4357.740000,4362.910000,4357.620000,4362.880000,14.9030
1786644900,4362.690000,4363.580000,4355.970000,4358.300000,7.3830
1786645800,4358.240000,4360.140000,4357.580000,4359.090000,3.4020
1786646700,4357.850000,4357.850000,4355.830000,4357.840000,1.8370
1786647600,4357.260000,4358.760000,4347.720000,4347.720000,4.3280
1786648500,4347.910000,4350.250000,4344.910000,4350.250000,0.8180
1786649400,4351.510000,4352.780000,4351.510000,4351.510000,0.0300
1786650300,4350.250000,4350.250000,4347.720000,4348.980000,0.2030
1786651200,4349.470000,4349.470000,4346.420000,4348.980000,0.2840
1786652100,4349.470000,4350.250000,4348.330000,4350.250000,0.0000
1786653000,4350.250000,4350.250000,4347.730000,4348.880000,0.0000
1786653900,4348.890000,4350.250000,4348.420000,4350.250000,0.0000
1786654800,4350.250000,4356.700000,4350.250000,4352.780000,5.5210
1786655700,4352.620000,4354.050000,4352.620000,4354.050000,0.1330
1786656600,4354.650000,4354.650000,4351.510000,4351.510000,0.0490
1786657500,4352.780000,4353.490000,4352.780000,4353.490000,3.2830
1786658400,4353.500000,4354.650000,4351.520000,4352.550000,0.6890
1786659300,4353.690000,4355.120000,4353.360000,4355.120000,0.1050
1786660200,4355.250000,4359.120000,4355.250000,4359.120000,0.4390
1786661100,4357.850000,4358.850000,4354.050000,4354.050000,0.3140
1786662000,4353.210000,4357.850000,4349.830000,4357.850000,0.6040
1786662900,4356.580000,4360.390000,4356.030000,4360.390000,0.0500
1786663800,4360.490000,4360.490000,4357.850000,4357.850000,0.0450
1786664700,4358.470000,4361.180000,4356.580000,4356.580000,0.0900
1786665600,4357.850000,4360.350000,4351.520000,4352.530000,1.2120
1786666500,4351.510000,4353.100000,4342.200000,4342.760000,16.9390
1786667400,4342.540000,4347.720000,4337.630000,4341.410000,25.7860
1786668300,4342.660000,4344.340000,4332.610000,4343.110000,4.0580
1786669200,4341.410000,4343.500000,4326.130000,4328.300000,17.4140
1786670100,4328.130000,4328.850000,4319.500000,4324.020000,28.5490
1786671000,4323.840000,4324.970000,4318.470000,4323.750000,6.9300
1786671900,4325.090000,4326.660000,4317.600000,4322.590000,6.7360
1786672800,4322.140000,4326.100000,4316.120000,4316.840000,4.0510
1786673700,4317.600000,4322.590000,4317.600000,4318.730000,21.2110
1786674600,4317.600000,4326.340000,4317.220000,4325.090000,13.1230
1786675500,4325.090000,4325.090000,4317.600000,4320.100000,1.1440
1786676400,4320.100000,4327.600000,4318.410000,4325.090000,3.6000
1786677300,4325.130000,4330.100000,4325.090000,4330.090000,0.8090
1786678200,4330.090000,4333.500000,4330.030000,4331.520000,26.6590
1786679100,4331.120000,4331.680000,4328.850000,4329.070000,5.1880
1786680000,4329.070000,4331.320000,4327.600000,4329.890000,1.0760
1786680900,4330.380000,4332.450000,4329.850000,4331.220000,2.9850
1786681800,4331.330000,4331.330000,4328.850000,4330.150000,2.1780
1786682700,4329.870000,4330.560000,4328.050000,4330.100000,1.0410
1786683600,4331.350000,4332.100000,4323.860000,4325.430000,5.8820
1786684500,4325.090000,4325.090000,4322.630000,4324.770000,8.5420
1786685400,4324.520000,4329.950000,4317.600000,4323.060000,31.2580
1786686300,4323.060000,4337.630000,4323.050000,4337.620000,2.7320
1786687200,4337.630000,4340.000000,4335.120000,4338.350000,2.2820
1786688100,4338.560000,4338.890000,4335.120000,4335.260000,3.7290
1786689000,4335.250000,4338.880000,4334.260000,4338.800000,2.6950
1786689900,4338.890000,4340.870000,4338.870000,4340.870000,7.8690
1786690800,4340.870000,4342.670000,4336.680000,4337.450000,1.3850
1786691700,4337.660000,4341.410000,4335.990000,4337.970000,8.9300
1786692600,4338.310000,4344.870000,4337.630000,4344.870000,34.0880
1786693500,4344.870000,4351.020000,4344.870000,4350.360000,23.6180
1786694400,4350.300000,4352.780000,4347.930000,4352.780000,8.2410
1786695300,4352.570000,4354.490000,4348.980000,4350.130000,1.4960
1786696200,4350.980000,4354.050000,4349.190000,4349.190000,5.6460
1786697100,4349.190000,4354.040000,4348.990000,4352.400000,0.6610
1786698000,4352.880000,4354.940000,4350.590000,4354.890000,0.7360
1786698900,4354.890000,4357.750000,4353.750000,4356.700000,0.7930
1786699800,4356.340000,4358.690000,4355.360000,4357.860000,0.9240
1786700700,4358.100000,4360.400000,4357.450000,4360.400000,0.8000
1786701600,4361.180000,4362.860000,4357.850000,4357.940000,2.8270
1786702500,4357.980000,4358.670000,4353.450000,4354.190000,5.9880
1786703400,4354.190000,4355.820000,4352.780000,4355.820000,5.0200
1786704300,4356.030000,4357.600000,4351.510000,4351.510000,11.9050
1786705200,4351.510000,4352.780000,4351.020000,4352.500000,9.2340
1786706100,4352.520000,4357.850000,4352.510000,4357.710000,1.1650
1786707000,4357.340000,4364.120000,4357.340000,4363.650000,2.8890
1786707900,4363.240000,4369.890000,4362.000000,4369.890000,3.3390
1786708800,4369.890000,4375.780000,4367.640000,4371.720000,2.6370
1786709700,4371.430000,4380.460000,4369.790000,4379.840000,0.5400
1786710600,4380.560000,4385.920000,4371.860000,4372.300000,2.7640
1786711500,4372.730000,4376.970000,4370.580000,4373.060000,3.3310
1786712400,4373.710000,4379.340000,4370.580000,4373.960000,1.0990
1786713300,4375.010000,4384.670000,4374.910000,4382.350000,1.0740
1786714200,4382.550000,4393.830000,4382.550000,4391.200000,8.0790
1786715100,4391.110000,4391.370000,4380.480000,4382.090000,5.2600
1786716000,4381.010000,4389.820000,4381.010000,4387.940000,7.9790
1786716900,4388.450000,4391.110000,4383.440000,4387.660000,0.7200
1786717800,4388.170000,4388.170000,4379.490000,4382.100000,1.1150
1786718700,4382.100000,4382.100000,4375.260000,4377.860000,3.6980
1786719600,4378.000000,4390.550000,4377.520000,4388.660000,1.1330
1786720500,4388.950000,4389.670000,4376.970000,4382.100000,0.8880
1786721400,4381.850000,4386.600000,4381.690000,4385.960000,1.0290
1786722300,4385.960000,4391.100000,4385.960000,4387.700000,0.8180
1786723200,4387.950000,4392.460000,4385.960000,4386.130000,0.8160
1786724100,4386.310000,4389.220000,4384.670000,4384.720000,0.4470
1786725000,4384.670000,4384.670000,4378.270000,4382.870000,4.4050
1786725900,4382.370000,4383.540000,4381.440000,4382.660000,0.5760
1786726800,4382.660000,4383.100000,4377.470000,4378.840000,0.7680
1786727700,4379.030000,4381.510000,4376.970000,4376.970000,0.7110
1786728600,4377.230000,4379.340000,4374.270000,4374.270000,0.8190
1786729500,4374.270000,4375.120000,4373.670000,4374.790000,0.7420
1786730400,4375.270000,4378.200000,4373.670000,4374.820000,1.1950
1786731300,4374.820000,4377.460000,4374.420000,4377.000000,0.4300
1786732200,4376.610000,4379.540000,4374.420000,4374.420000,0.9880
1786733100,4374.060000,4374.060000,4370.000000,4370.940000,2.5380
1786734000,4370.780000,4374.960000,4370.580000,4374.050000,0.6360
1786734900,4373.570000,4375.230000,4371.860000,4375.180000,1.3270
1786735800,4375.180000,4375.180000,4373.140000,4373.590000,1.6730
1786736700,4373.590000,4375.690000,4370.580000,4372.060000,0.5810
1786737600,4370.920000,4371.660000,4368.250000,4369.260000,0.6290
1786738500,4370.220000,4371.860000,4369.330000,4371.660000,0.5140
1786739400,4371.660000,4374.140000,4371.210000,4372.690000,0.6010
1786740300,4372.450000,4373.700000,4372.330000,4373.650000,0.5510
1786741200,4374.420000,4378.250000,4374.420000,4376.690000,0.5050
1786742100,4376.690000,4377.650000,4376.690000,4377.270000,0.5000
1786743000,4377.280000,4379.200000,4376.850000,4378.200000,0.5830
1786743900,4379.150000,4379.150000,4376.980000,4377.700000,0.4830
1786744800,4377.700000,4380.880000,4377.250000,4378.260000,0.5520
1786745700,4378.260000,4379.390000,4376.050000,4376.230000,0.4650
1786746600,4376.560000,4377.400000,4375.690000,4376.450000,0.5660
1786747500,4376.250000,4376.860000,4376.230000,4376.860000,0.5340
1786748400,4376.740000,4376.800000,4376.310000,4376.340000,0.4760
1786749300,4376.610000,4376.950000,4375.690000,4375.690000,0.6280
1786750200,4375.700000,4378.990000,4375.690000,4378.730000,0.9580
1786751100,4378.750000,4379.540000,4378.730000,4379.540000,0.5860
1786752000,4380.820000,4382.100000,4378.360000,4381.690000,0.7060
1786752900,4381.700000,4381.780000,4379.200000,4379.200000,2.7220
1786753800,4378.470000,4379.730000,4376.970000,4377.140000,0.7480
1786754700,4377.120000,4378.820000,4377.070000,4377.420000,0.5550
1786755600,4377.300000,4378.920000,4377.300000,4378.120000,0.6270
1786756500,4377.350000,4377.770000,4376.970000,4376.980000,0.5180
1786757400,4377.280000,4377.280000,4375.850000,4376.450000,0.4740
1786758300,4376.460000,4377.880000,4374.780000,4375.970000,1.3890
1786759200,4375.980000,4376.970000,4374.420000,4376.300000,3.4690
1786760100,4376.020000,4376.960000,4376.020000,4376.290000,0.3040
1786761000,4376.230000,4376.960000,4375.840000,4376.950000,0.3130
1786761900,4376.960000,4376.960000,4376.830000,4376.960000,0.1980
1786762800,4376.960000,4379.540000,4376.960000,4379.540000,2.5780
1786763700,4379.540000,4379.540000,4379.170000,4379.540000,0.5980
1786764600,4379.530000,4380.300000,4379.530000,4380.020000,0.2880
1786765500,4379.710000,4380.390000,4378.300000,4378.730000,0.3280
1786766400,4378.820000,4380.020000,4378.330000,4378.520000,0.6230
1786767300,4378.740000,4380.030000,4378.730000,4379.200000,0.3460
1786768200,4379.200000,4379.650000,4378.790000,4379.530000,0.6920
1786769100,4379.500000,4379.970000,4378.410000,4378.660000,0.2850
1786770000,4378.660000,4379.760000,4378.660000,4379.270000,0.5590
1786770900,4379.270000,4379.340000,4379.010000,4379.280000,0.1820
1786771800,4379.270000,4379.270000,4377.450000,4378.620000,1.1180
1786772700,4378.410000,4378.970000,4377.130000,4377.140000,0.6600
1786773600,4376.970000,4377.250000,4375.690000,4375.890000,1.5130
1786774500,4375.890000,4375.940000,4375.700000,4375.940000,0.2540
1786775400,4376.150000,4376.590000,4374.840000,4374.900000,0.3890
1786776300,4374.980000,4376.080000,4374.430000,4375.890000,0.5930
1786777200,4375.640000,4376.780000,4375.640000,4376.780000,0.2730
1786778100,4376.970000,4379.520000,4376.960000,4379.520000,0.6970
1786779000,4379.510000,4380.200000,4378.340000,4378.930000,1.0060
1786779900,4378.930000,4380.130000,4378.930000,4379.210000,0.6160
1786780800,4379.080000,4379.660000,4378.910000,4379.100000,0.6320
1786781700,4379.560000,4379.720000,4379.560000,4379.630000,0.0720
1786782600,4378.260000,4378.260000,4378.260000,4378.260000,0.0590
1786783500,4376.980000,4377.430000,4376.980000,4377.430000,0.0230
1786784400,4378.080000,4378.440000,4378.080000,4378.440000,0.0580
1786785300,4378.440000,4378.440000,4378.440000,4378.440000,0.0000
1786786200,4378.440000,4378.440000,4378.440000,4378.440000,0.0000
1786787100,4377.960000,4377.960000,4377.210000,4377.210000,0.0980
1786788000,4377.100000,4377.400000,4377.100000,4377.380000,0.6820
1786788900,4377.330000,4377.390000,4376.980000,4376.980000,0.7670
1786789800,4377.570000,4378.190000,4377.570000,4378.180000,0.0250
1786790700,4377.220000,4377.400000,4377.220000,4377.280000,0.0120
1786791600,4377.280000,4377.280000,4377.280000,4377.280000,0.0000
1786792500,4377.280000,4377.280000,4377.280000,4377.280000,0.0000
1786793400,4377.320000,4377.320000,4377.040000,4377.040000,0.3220
1786794300,4376.970000,4376.970000,4376.120000,4376.120000,0.0510
1786795200,4376.210000,4376.920000,4375.040000,4376.920000,0.4820
1786796100,4375.380000,4375.380000,4375.380000,4375.380000,0.0200
1786797000,4376.970000,4377.930000,4376.970000,4377.530000,0.8650
1786797900,4377.530000,4377.530000,4377.530000,4377.530000,0.0000
1786798800,4377.560000,4378.260000,4377.560000,4378.260000,0.0250
1786799700,4379.370000,4379.370000,4379.130000,4379.130000,0.1060
1786800600,4379.130000,4379.130000,4379.130000,4379.130000,0.0000
1786801500,4378.420000,4378.420000,4378.420000,4378.420000,0.0030
1786802400,4378.420000,4378.420000,4378.420000,4378.420000,0.0000
1786803300,4377.950000,4378.170000,4377.950000,4378.170000,0.0880
1786804200,4377.940000,4377.940000,4377.720000,4377.940000,0.2440
1786805100,4378.040000,4378.040000,4377.270000,4377.270000,0.4710
1786806000,4377.550000,4377.550000,4377.550000,4377.550000,0.0060
1786806900,4377.540000,4377.850000,4376.930000,4377.850000,3.8000
1786807800,4378.250000,4378.250000,4378.250000,4378.250000,0.1270
1786808700,4378.250000,4378.250000,4377.090000,4377.090000,0.2430
1786809600,4376.220000,4376.220000,4376.220000,4376.220000,0.1290
1786810500,4376.810000,4377.060000,4376.810000,4377.060000,0.2290
1786811400,4377.540000,4377.540000,4374.900000,4376.170000,0.6050
1786812300,4376.170000,4376.170000,4376.170000,4376.170000,0.0000
1786813200,4376.680000,4376.680000,4376.680000,4376.680000,0.0170
1786814100,4376.670000,4376.670000,4376.670000,4376.670000,0.2250
1786815000,4376.860000,4376.860000,4376.860000,4376.860000,0.0020
1786815900,4376.860000,4376.860000,4376.860000,4376.860000,0.0000
1786816800,4376.870000,4376.970000,4376.870000,4376.970000,0.1250
1786817700,4376.970000,4376.970000,4376.970000,4376.970000,0.0000
1786818600,4376.970000,4376.970000,4376.970000,4376.970000,0.0000
1786819500,4376.970000,4376.970000,4376.970000,4376.970000,0.0000
1786820400,4376.970000,4376.970000,4376.970000,4376.970000,0.0000
1786821300,4376.970000,4376.970000,4376.970000,4376.970000,0.0000
1786822200,4378.100000,4378.100000,4378.100000,4378.100000,0.0480
1786823100,4378.250000,4378.250000,4378.250000,4378.250000,0.0010
1786824000,4378.260000,4378.770000,4378.260000,4378.770000,0.0400
1786824900,4378.770000,4378.770000,4378.770000,4378.770000,0.0000
1786825800,4378.770000,4378.770000,4378.770000,4378.770000,0.0000
1786826700,4378.400000,4378.400000,4378.400000,4378.400000,0.0400
1786827600,4378.860000,4378.860000,4378.410000,4378.410000,0.2530
1786828500,4378.410000,4378.410000,4378.410000,4378.410000,0.0000
1786829400,4378.410000,4379.540000,4378.410000,4379.540000,0.1820
1786830300,4380.140000,4380.140000,4380.040000,4380.130000,0.2630
1786831200,4379.810000,4379.810000,4378.400000,4378.400000,0.2020
1786832100,4378.420000,4378.520000,4378.420000,4378.520000,0.4050
1786833000,4378.520000,4378.520000,4378.520000,4378.520000,0.0000
1786833900,4379.100000,4379.100000,4379.050000,4379.060000,0.2400
1786834800,4379.060000,4379.060000,4379.060000,4379.060000,0.0000
1786835700,4379.020000,4379.020000,4379.020000,4379.020000,0.0020
1786836600,4379.020000,4379.020000,4379.020000,4379.020000,0.0040
1786837500,4379.020000,4379.020000,4379.020000,4379.020000,0.0000
1786838400,4379.020000,4379.020000,4379.020000,4379.020000,0.0000
1786839300,4379.900000,4379.900000,4378.910000,4378.910000,0.3310
1786840200,4378.910000,4378.910000,4378.910000,4378.910000,0.0000
1786841100,4378.910000,4378.910000,4378.910000,4378.910000,0.0000
1786842000,4379.370000,4379.370000,4379.370000,4379.370000,0.0150
1786842900,4379.360000,4379.730000,4378.510000,4379.730000,0.4080
1786843800,4380.350000,4380.350000,4380.350000,4380.350000,0.0360
1786844700,4379.840000,4379.840000,4378.410000,4378.410000,0.5260
1786845600,4378.460000,4378.460000,4378.460000,4378.460000,0.0030
1786846500,4378.400000,4378.400000,4378.360000,4378.360000,0.0490
1786847400,4378.300000,4378.380000,4378.270000,4378.310000,0.0000
1786848300,4378.290000,4378.290000,4378.290000,4378.290000,0.0030
1786849200,4378.270000,4378.270000,4378.270000,4378.270000,0.0000
1786850100,4378.260000,4378.860000,4378.260000,4378.860000,0.0130
1786851000,4378.830000,4378.830000,4378.830000,4378.830000,0.0010
1786851900,4378.610000,4378.720000,4378.610000,4378.720000,0.0030
1786852800,4378.650000,4379.240000,4378.070000,4378.070000,0.6300
1786853700,4377.330000,4377.510000,4377.120000,4377.510000,0.0000
1786854600,4377.370000,4377.370000,4377.370000,4377.370000,0.1680
1786855500,4377.420000,4377.530000,4377.420000,4377.530000,0.0000
1786856400,4377.530000,4378.000000,4377.530000,4378.000000,0.2430
1786857300,4378.150000,4380.810000,4378.150000,4380.230000,5.9130
1786858200,4380.630000,4381.350000,4380.630000,4380.870000,1.4970
1786859100,4380.880000,4381.440000,4380.880000,4381.440000,0.0000
1786860000,4381.440000,4381.440000,4381.440000,4381.440000,0.0000
1786860900,4381.440000,4381.440000,4381.440000,4381.440000,0.0000
1786861800,4381.440000,4381.440000,4381.440000,4381.440000,0.0000
1786862700,4381.430000,4381.430000,4378.570000,4379.220000,1.9580
1786863600,4378.940000,4380.290000,4378.940000,4378.990000,0.2240
1786864500,4378.540000,4378.540000,4378.540000,4378.540000,0.0100
1786865400,4378.410000,4378.550000,4378.410000,4378.550000,0.0000
1786866300,4378.550000,4378.550000,4378.430000,4378.550000,0.0000
1786867200,4378.550000,4378.550000,4378.540000,4378.540000,0.4150
1786868100,4378.550000,4378.550000,4378.550000,4378.550000,0.0000
1786869000,4378.540000,4378.540000,4378.260000,4378.260000,0.1460
1786869900,4378.710000,4378.710000,4378.470000,4378.620000,0.0000
1786870800,4378.670000,4378.790000,4378.610000,4378.610000,0.3120
1786871700,4378.570000,4378.570000,4378.570000,4378.570000,0.0240
1786872600,4379.540000,4379.540000,4379.540000,4379.540000,0.0000
1786873500,4379.530000,4379.530000,4379.300000,4379.300000,0.2820
1786874400,4379.290000,4379.290000,4378.260000,4378.260000,0.4600
1786875300,4378.310000,4378.430000,4377.830000,4378.020000,0.0000
1786876200,4377.780000,4377.780000,4377.360000,4377.360000,0.0350
1786877100,4377.360000,4377.360000,4377.340000,4377.340000,0.2550
1786878000,4377.630000,4377.650000,4377.220000,4377.650000,0.0810
1786878900,4377.650000,4377.650000,4377.650000,4377.650000,0.1850
1786879800,4377.650000,4379.020000,4377.650000,4378.420000,0.5670
1786880700,4378.010000,4378.010000,4376.970000,4376.970000,0.0960
1786881600,4376.980000,4376.980000,4376.440000,4376.440000,0.3350
1786882500,4376.300000,4376.450000,4376.300000,4376.420000,0.0000
1786883400,4376.030000,4376.030000,4376.030000,4376.030000,0.0870
1786884300,4375.950000,4375.950000,4375.690000,4375.690000,0.0280
1786885200,4375.000000,4375.000000,4374.840000,4374.840000,0.0150
1786886100,4374.840000,4374.840000,4374.840000,4374.840000,0.0000
1786887000,4374.840000,4375.710000,4374.840000,4375.710000,0.2990
1786887900,4376.530000,4376.530000,4375.720000,4375.720000,0.0060
1786888800,4376.110000,4376.320000,4375.990000,4376.000000,0.1770
1786889700,4375.990000,4376.450000,4375.860000,4375.860000,0.0000
1786890600,4376.520000,4376.870000,4376.460000,4376.490000,2.4670
1786891500,4376.210000,4376.220000,4375.400000,4375.400000,0.0910
1786892400,4375.340000,4376.000000,4375.340000,4376.000000,0.1170
1786893300,4375.760000,4376.820000,4375.750000,4376.080000,0.0000
1786894200,4376.080000,4376.620000,4376.020000,4376.150000,0.0000
1786895100,4376.150000,4376.900000,4376.150000,4376.830000,0.0000
1786896000,4376.750000,4376.860000,4376.550000,4376.830000,0.0000
1786896900,4376.940000,4377.970000,4376.410000,4376.410000,0.3340
1786897800,4378.260000,4380.460000,4378.260000,4380.190000,0.0260
1786898700,4380.470000,4380.520000,4380.390000,4380.390000,0.0000
1786899600,4380.390000,4380.390000,4380.390000,4380.390000,0.0170
1786900500,4380.560000,4380.820000,4380.520000,4380.820000,0.0000
1786901400,4380.810000,4380.820000,4379.430000,4380.390000,0.0000
1786902300,4380.380000,4380.520000,4380.100000,4380.150000,0.0000
1786903200,4380.030000,4380.030000,4380.030000,4380.030000,0.0020
1786904100,4378.660000,4378.660000,4377.920000,4377.920000,0.0220
1786905000,4377.690000,4378.140000,4377.690000,4378.140000,0.2780
1786905900,4378.240000,4378.240000,4378.020000,4378.020000,0.0140
1786906800,4376.990000,4376.990000,4376.990000,4376.990000,0.0600
1786907700,4379.040000,4379.040000,4377.250000,4377.250000,1.0650
1786908600,4377.660000,4377.780000,4377.610000,4377.660000,0.0000
1786909500,4378.150000,4379.190000,4378.150000,4379.190000,0.2010
1786910400,4378.000000,4378.000000,4376.970000,4376.970000,0.0920
1786911300,4375.690000,4375.690000,4374.580000,4375.190000,0.2520
1786912200,4375.100000,4375.730000,4375.100000,4375.730000,0.5000
1786913100,4376.090000,4376.510000,4376.060000,4376.190000,0.0000
1786914000,4376.300000,4376.520000,4376.300000,4376.520000,0.0200
1786914900,4375.140000,4375.140000,4373.140000,4373.140000,0.0900
1786915800,4372.130000,4373.360000,4371.850000,4371.860000,0.3350
1786916700,4373.140000,4375.330000,4372.900000,4374.780000,1.8230
1786917600,4375.680000,4378.390000,4370.580000,4373.140000,1.0040
1786918500,4372.010000,4373.270000,4371.480000,4371.870000,0.8140
1786919400,4373.090000,4374.420000,4372.740000,4374.420000,0.3050
1786920300,4375.690000,4382.100000,4375.690000,4382.100000,0.1120
1786921200,4382.250000,4382.250000,4378.260000,4378.260000,1.1310
1786922100,4376.980000,4376.980000,4373.140000,4373.140000,0.2320
1786923000,4371.860000,4371.860000,4367.840000,4367.840000,0.0900
1786923900,4369.300000,4370.580000,4369.300000,4369.300000,0.0300
1786924800,4368.480000,4375.440000,4366.950000,4374.570000,0.2750
1786925700,4375.690000,4386.060000,4375.690000,4386.060000,0.2430
1786926600,4387.240000,4392.400000,4387.160000,4392.400000,1.1300
1786927500,4393.360000,4398.560000,4392.510000,4398.560000,0.7900
1786928400,4398.850000,4408.520000,4398.280000,4403.100000,6.4180
1786929300,4405.830000,4411.980000,4403.380000,4411.980000,0.1200
1786930200,4403.390000,4403.390000,4396.270000,4398.850000,0.0970
1786931100,4398.850000,4398.850000,4390.000000,4392.620000,0.1940
1786932000,4393.690000,4393.690000,4391.020000,4391.020000,0.2360
1786932900,4392.390000,4394.200000,4388.240000,4393.350000,0.8620
1786933800,4393.940000,4395.200000,4389.820000,4391.200000,0.1830
1786934700,4389.820000,4391.100000,4388.530000,4391.100000,0.1460
1786935600,4391.110000,4392.400000,4388.190000,4388.190000,0.3020
1786936500,4388.380000,4391.330000,4388.200000,4391.330000,0.2370
1786937400,4392.090000,4393.690000,4391.760000,4393.690000,0.2220
1786938300,4392.670000,4394.980000,4392.400000,4394.980000,0.0370
1786939200,4396.210000,4396.680000,4396.210000,4396.670000,0.1300
1786940100,4394.980000,4394.980000,4389.820000,4389.820000,0.6190
1786941000,4389.170000,4393.690000,4389.170000,4393.690000,0.1810
1786941900,4394.980000,4395.020000,4389.820000,4389.820000,0.2690
1786942800,4390.070000,4390.540000,4387.240000,4387.240000,0.0890
1786943700,4388.530000,4396.270000,4388.530000,4396.270000,0.8640
1786944600,4394.980000,4396.970000,4390.420000,4393.040000,0.1720
1786945500,4392.400000,4393.690000,4391.490000,4392.780000,0.0800
1786946400,4393.630000,4395.360000,4392.210000,4394.580000,2.3470
1786947300,4394.410000,4396.270000,4392.400000,4396.270000,0.2050
1786948200,4394.980000,4394.980000,4393.460000,4393.460000,0.0210
1786949100,4393.950000,4400.400000,4393.950000,4399.940000,0.4070
1786950000,4400.040000,4400.820000,4394.980000,4394.980000,0.5640
1786950900,4396.260000,4400.150000,4394.990000,4400.150000,0.0810
1786951800,4401.440000,4406.310000,4401.440000,4406.310000,0.2660
1786952700,4406.210000,4407.120000,4402.760000,4402.760000,0.0730
1786953600,4401.450000,4401.450000,4396.270000,4398.850000,0.9760
1786954500,4400.150000,4400.780000,4400.040000,4400.460000,0.2430
1786955400,4399.920000,4400.580000,4397.560000,4397.560000,0.9550
1786956300,4396.270000,4396.270000,4393.690000,4393.740000,0.0940
1786957200,4394.710000,4396.270000,4394.710000,4396.270000,0.0830
1786958100,4396.270000,4397.560000,4396.270000,4396.270000,0.2660
1786959000,4394.980000,4394.980000,4392.930000,4393.320000,0.1300
1786959900,4393.580000,4394.510000,4392.410000,4394.110000,0.0000
1786960800,4392.570000,4392.570000,4392.570000,4392.570000,0.0490
1786961700,4394.290000,4401.800000,4390.700000,4401.800000,1.7700
1786962600,4401.850000,4401.850000,4396.270000,4397.560000,0.1090
1786963500,4398.360000,4398.360000,4396.270000,4398.030000,0.0600
1786964400,4398.030000,4401.180000,4398.020000,4401.180000,0.1110
1786965300,4398.850000,4402.740000,4397.630000,4402.730000,0.0990
1786966200,4401.180000,4402.340000,4400.150000,4400.150000,0.1190
1786967100,4398.880000,4398.880000,4395.600000,4395.960000,0.0690
1786968000,4395.770000,4395.770000,4392.400000,4392.800000,0.0980
1786968900,4393.690000,4397.450000,4383.800000,4387.240000,1.0850
1786969800,4388.530000,4390.300000,4380.000000,4381.020000,15.3160
1786970700,4379.540000,4385.950000,4378.470000,4384.950000,0.7040
1786971600,4384.700000,4387.220000,4381.760000,4384.000000,1.6140
1786972500,4383.890000,4385.960000,4382.100000,4385.210000,0.1990
1786973400,4386.490000,4389.500000,4384.800000,4385.080000,0.3530
1786974300,4384.670000,4411.960000,4384.670000,4404.570000,2.3870
1786975200,4404.340000,4407.930000,4401.440000,4407.930000,6.7230
1786976100,4409.220000,4421.520000,4408.260000,4412.600000,6.2370
1786977000,4414.750000,4419.490000,4413.460000,4415.000000,2.4630
1786977900,4411.860000,4416.630000,4411.350000,4413.110000,3.4850
1786978800,4413.710000,4417.520000,4412.780000,4417.520000,0.4290
1786979700,4417.020000,4419.040000,4417.020000,4419.040000,0.7740
1786980600,4421.750000,4421.750000,4416.450000,4417.380000,0.5640
1786981500,4414.880000,4422.120000,4413.960000,4421.050000,0.6590
1786982400,4422.680000,4423.540000,4420.580000,4422.290000,0.7860
1786983300,4422.520000,4422.520000,4419.490000,4419.490000,0.1180
1786984200,4418.780000,4420.400000,4418.420000,4420.400000,0.8970
1786985100,4420.140000,4420.140000,4418.410000,4419.990000,0.1240
1786986000,4419.580000,4421.250000,4417.940000,4418.220000,0.6950
1786986900,4418.510000,4418.510000,4410.660000,4412.260000,10.5350
1786987800,4413.850000,4413.850000,4407.930000,4410.560000,0.7460
1786988700,4412.510000,4414.390000,4409.970000,4409.970000,0.2390
1786989600,4409.160000,4409.180000,4408.150000,4409.180000,0.1420
1786990500,4411.100000,4412.040000,4404.030000,4404.030000,0.6160
1786991400,4403.100000,4403.340000,4397.050000,4400.150000,1.6490
1786992300,4398.860000,4403.790000,4398.860000,4403.690000,0.2420
1786993200,4403.680000,4403.680000,4398.850000,4401.830000,0.7200
1786994100,4407.300000,4412.050000,4407.300000,4412.050000,0.1480
1786995000,4409.760000,4415.500000,4409.760000,4415.500000,0.0710
1786995900,4414.240000,4415.010000,4411.420000,4415.010000,0.5240
1786996800,4415.010000,4416.820000,4412.720000,4412.720000,0.1970
1786997700,4413.150000,4413.330000,4410.710000,4410.750000,0.0000
1786998600,4410.750000,4411.610000,4410.710000,4410.720000,0.0000
1786999500,4410.720000,4412.560000,4410.720000,4411.740000,0.4000
1787000400,4412.780000,4412.800000,4411.290000,4411.720000,0.1860
1787001300,4410.770000,4411.630000,4410.570000,4411.000000,0.0000
1787002200,4412.770000,4412.790000,4412.170000,4412.170000,0.1610
1787003100,4411.380000,4411.380000,4411.380000,4411.380000,0.0840
1787004000,4411.400000,4411.400000,4411.400000,4411.400000,0.3120
1787004900,4411.060000,4411.060000,4409.590000,4409.590000,0.0620
1787005800,4408.680000,4410.330000,4407.560000,4410.330000,0.0280
1787006700,4407.510000,4407.510000,4407.510000,4407.510000,0.0040
1787007600,4407.240000,4410.020000,4405.580000,4409.990000,0.0000
1787008500,4412.790000,4415.140000,4412.790000,4415.140000,0.1590
1787009400,4414.900000,4416.280000,4414.900000,4416.260000,0.3970
1787010300,4417.720000,4418.670000,4417.510000,4418.670000,0.0640
1787011200,4420.000000,4424.730000,4415.470000,4415.940000,1.0160
1787012100,4416.830000,4425.100000,4416.830000,4423.070000,0.5660
1787013000,4425.390000,4426.060000,4424.270000,4424.600000,0.2940
1787013900,4424.020000,4428.540000,4424.020000,4428.540000,0.1420
1787014800,4429.900000,4430.970000,4425.690000,4426.900000,0.7480
1787015700,4425.070000,4426.920000,4418.870000,4421.090000,1.2130
1787016600,4420.280000,4421.090000,4409.690000,4409.690000,0.4940
1787017500,4406.800000,4406.800000,4401.390000,4404.280000,2.3910
1787018400,4402.620000,4402.620000,4397.480000,4398.830000,2.5950
1787019300,4399.570000,4402.380000,4399.470000,4399.470000,0.3700
1787020200,4398.850000,4398.850000,4391.660000,4391.660000,0.3010
1787021100,4392.620000,4394.980000,4392.620000,4394.980000,0.2550
1787022000,4396.270000,4399.050000,4396.270000,4397.560000,0.4100
1787022900,4398.850000,4399.140000,4392.530000,4393.450000,0.1630
1787023800,4394.470000,4394.470000,4394.470000,4394.470000,0.0120
1787024700,4392.400000,4392.400000,4389.800000,4389.800000,0.0500
1787025600,4389.280000,4389.280000,4387.980000,4388.630000,0.0300
1787026500,4389.820000,4389.820000,4389.820000,4389.820000,0.0070
1787027400,4390.340000,4391.100000,4387.240000,4391.100000,1.0900
1787028300,4391.100000,4392.400000,4391.100000,4392.400000,0.0170
1787029200,4391.920000,4391.920000,4389.890000,4389.890000,0.1090
1787030100,4390.670000,4393.690000,4390.670000,4391.110000,0.1530
1787031000,4389.820000,4390.800000,4385.960000,4390.800000,1.0780
1787031900,4391.110000,4393.690000,4391.110000,4393.600000,0.0660
1787032800,4392.670000,4392.670000,4387.240000,4392.400000,1.0800
1787033700,4392.400000,4397.260000,4392.400000,4397.250000,0.3970
1787034600,4397.250000,4397.250000,4394.290000,4394.980000,0.0480
1787035500,4395.490000,4396.150000,4395.490000,4396.150000,0.0160
1787036400,4396.160000,4396.850000,4396.160000,4396.850000,0.2110
1787037300,4397.560000,4397.560000,4397.560000,4397.560000,0.0120
1787038200,4397.560000,4399.750000,4397.560000,4398.850000,0.2160
1787039100,4398.850000,4398.850000,4394.970000,4394.970000,0.1840
1787040000,4393.690000,4393.690000,4387.240000,4389.820000,1.5280
1787040900,4389.600000,4389.600000,4385.160000,4385.590000,0.0850
1787041800,4387.240000,4395.350000,4387.240000,4395.350000,0.2480
1787042700,4394.170000,4394.170000,4390.970000,4391.030000,0.0790
1787043600,4391.460000,4391.460000,4390.140000,4390.140000,0.0650
1787044500,4389.820000,4389.820000,4388.530000,4388.820000,0.1020
1787045400,4389.820000,4391.100000,4387.240000,4387.240000,0.3210
1787046300,4388.530000,4392.390000,4388.530000,4391.880000,0.2100
1787047200,4391.820000,4392.400000,4391.820000,4392.400000,0.1010
1787048100,4391.210000,4393.860000,4389.690000,4389.690000,0.2360
1787049000,4390.140000,4393.690000,4390.140000,4393.690000,0.2140
1787049900,4394.980000,4395.270000,4394.090000,4394.090000,0.3930
1787050800,4394.370000,4395.790000,4391.110000,4391.760000,1.0590
1787051700,4392.050000,4392.050000,4388.530000,4388.530000,0.2850
1787052600,4389.590000,4389.810000,4387.350000,4389.810000,0.1260
1787053500,4389.810000,4392.400000,4389.810000,4392.400000,0.2770
1787054400,4393.680000,4393.690000,4389.820000,4389.820000,0.3180
1787055300,4391.110000,4398.020000,4390.780000,4392.420000,0.8640
1787056200,4393.690000,4393.690000,4391.110000,4391.110000,0.2380
1787057100,4391.820000,4393.850000,4391.110000,4392.770000,0.3710
1787058000,4391.750000,4394.050000,4388.530000,4392.400000,0.2860
1787058900,4391.110000,4391.110000,4388.530000,4388.530000,0.0940
1787059800,4387.450000,4402.120000,4376.130000,4399.830000,0.8380
1787060700,4397.560000,4397.560000,4389.820000,4392.400000,0.2210
1787061600,4393.680000,4402.740000,4391.650000,4393.850000,0.4660
1787062500,4392.960000,4401.800000,4392.960000,4393.690000,0.1670
1787063400,4392.400000,4393.690000,4378.010000,4379.540000,0.3320
1787064300,4380.820000,4386.130000,4366.120000,4366.570000,1.0770
1787065200,4367.590000,4376.740000,4361.140000,4361.480000,1.0390
1787066100,4362.930000,4364.210000,4355.310000,4357.850000,0.7820
1787067000,4359.120000,4362.920000,4358.900000,4360.390000,1.2000
1787067900,4360.390000,4368.220000,4360.390000,4368.220000,0.3790
1787068800,4368.930000,4373.160000,4368.930000,4371.860000,0.3990
1787069700,4370.580000,4370.580000,4365.480000,4365.480000,0.4110
1787070600,4366.750000,4369.170000,4363.730000,4368.080000,0.5490
1787071500,4366.750000,4369.300000,4365.480000,4365.480000,0.2120
1787072400,4365.420000,4366.750000,4364.980000,4366.750000,0.0230
1787073300,4366.750000,4368.810000,4364.850000,4366.750000,0.5880
1787074200,4365.480000,4365.480000,4361.660000,4361.660000,0.2310
1787075100,4361.180000,4361.180000,4359.120000,4359.120000,0.1940
1787076000,4359.120000,4359.120000,4355.310000,4357.850000,0.1360
1787076900,4359.120000,4360.390000,4359.120000,4360.390000,0.0650
1787077800,4360.920000,4360.920000,4356.480000,4356.520000,0.3410
1787078700,4355.530000,4355.950000,4354.080000,4354.830000,0.3480
1787079600,4354.830000,4358.010000,4354.830000,4357.850000,0.4830
1787080500,4359.100000,4359.100000,4353.120000,4355.310000,1.9360
1787081400,4356.140000,4356.800000,4352.290000,4352.290000,0.2260
1787082300,4351.510000,4353.650000,4343.330000,4346.460000,2.0030
1787083200,4346.800000,4346.800000,4342.670000,4343.060000,0.1470
1787084100,4343.070000,4343.070000,4336.990000,4339.050000,0.1940
1787085000,4339.280000,4340.250000,4336.380000,4336.380000,0.4570
1787085900,4335.120000,4337.620000,4333.030000,4337.620000,20.6600
1787086800,4337.630000,4342.970000,4337.630000,4342.830000,7.8080
1787087700,4342.830000,4343.020000,4342.830000,4342.970000,0.9900
1787088600,4343.580000,4346.460000,4343.580000,4346.460000,3.2700
1787089500,4347.600000,4347.600000,4342.670000,4342.670000,0.4060
1787090400,4341.420000,4343.350000,4340.140000,4343.350000,0.3470
1787091300,4341.960000,4342.080000,4337.170000,4337.630000,0.5190
1787092200,4337.010000,4337.010000,4336.380000,4336.380000,0.1770
1787093100,4336.180000,4337.600000,4336.180000,4337.030000,0.2290
1787094000,4337.630000,4340.040000,4336.380000,4336.380000,1.3460
1787094900,4337.030000,4338.880000,4334.590000,4334.590000,1.2740
1787095800,4333.970000,4335.120000,4330.930000,4332.610000,1.7670
1787096700,4333.840000,4335.730000,4333.450000,4335.690000,1.4450
1787097600,4336.380000,4342.680000,4336.370000,4342.680000,0.8150
1787098500,4342.190000,4343.930000,4338.030000,4338.030000,3.4680
1787099400,4342.100000,4344.050000,4338.040000,4342.680000,1.5990
1787100300,4342.030000,4342.280000,4336.390000,4338.890000,0.6570
1787101200,4336.600000,4340.170000,4327.220000,4340.170000,1.0790
1787102100,4343.580000,4343.770000,4334.270000,4335.030000,0.7380
1787103000,4343.580000,4355.940000,4343.580000,4355.100000,0.0590
1787103900,4353.440000,4354.750000,4353.440000,4354.750000,0.1230
1787104800,4354.270000,4354.270000,4353.180000,4353.250000,0.2580
1787105700,4352.700000,4359.990000,4352.700000,4359.990000,0.8210
1787106600,4359.990000,4359.990000,4355.820000,4356.820000,0.0530
1787107500,4355.130000,4355.130000,4351.860000,4352.270000,0.6260
1787108400,4352.840000,4353.630000,4351.770000,4352.610000,0.3390
1787109300,4352.780000,4354.690000,4352.200000,4354.690000,2.4690
1787110200,4354.690000,4357.850000,4354.690000,4357.850000,5.1210
1787111100,4356.600000,4357.380000,4355.310000,4355.310000,0.3950
1787112000,4354.830000,4354.830000,4352.780000,4352.780000,0.0350
1787112900,4352.700000,4352.700000,4350.250000,4350.280000,0.4350
1787113800,4348.980000,4348.980000,4344.610000,4344.920000,0.2150
1787114700,4344.710000,4346.920000,4343.170000,4346.860000,0.7500
1787115600,4347.020000,4347.020000,4340.150000,4340.150000,1.3120
1787116500,4340.000000,4342.670000,4337.040000,4342.670000,1.0330
1787117400,4342.530000,4342.530000,4338.890000,4340.150000,0.2810
1787118300,4339.680000,4339.680000,4336.000000,4337.630000,1.4620
1787119200,4338.350000,4340.920000,4336.380000,4337.630000,1.7390
1787120100,4337.460000,4345.190000,4337.460000,4342.540000,0.4700
1787121000,4342.690000,4342.770000,4338.860000,4341.410000,1.2580
1787121900,4341.500000,4346.460000,4341.500000,4346.460000,2.1710
1787122800,4347.710000,4350.860000,4347.040000,4349.940000,0.5600
1787123700,4348.980000,4354.320000,4347.720000,4354.320000,0.2970
1787124600,4355.310000,4360.000000,4354.050000,4354.050000,1.8980
1787125500,4352.940000,4354.890000,4352.940000,4354.410000,0.4080
1787126400,4354.050000,4359.630000,4351.510000,4359.630000,0.1480
1787127300,4358.830000,4359.270000,4357.230000,4357.900000,0.1270
1787128200,4356.580000,4359.120000,4356.280000,4359.120000,0.0920
1787129100,4357.850000,4357.850000,4354.060000,4354.060000,0.0320
1787130000,4354.060000,4357.670000,4354.060000,4355.290000,0.3020
1787130900,4354.050000,4355.110000,4352.570000,4352.820000,0.4050
1787131800,4355.040000,4357.850000,4354.250000,4357.850000,0.1760
1787132700,4358.240000,4358.240000,4358.240000,4358.240000,0.0180
1787133600,4359.120000,4360.390000,4358.480000,4360.390000,0.2060
1787134500,4361.660000,4366.200000,4361.660000,4365.770000,0.2170
1787135400,4364.210000,4365.100000,4364.210000,4365.100000,0.0450
1787136300,4365.480000,4366.290000,4364.740000,4364.740000,0.1000
1787137200,4365.000000,4370.580000,4365.000000,4369.840000,0.2900
1787138100,4369.300000,4370.580000,4369.300000,4369.300000,0.0940
1787139000,4368.150000,4368.450000,4362.930000,4362.930000,0.1200
1787139900,4364.210000,4364.210000,4364.170000,4364.170000,0.0120
1787140800,4362.930000,4367.340000,4361.660000,4367.340000,0.2560
1787141700,4366.010000,4369.400000,4365.480000,4367.380000,0.2130
1787142600,4368.030000,4412.210000,4368.030000,4403.650000,5.9790
1787143500,4411.400000,4433.070000,4406.900000,4431.070000,5.5270
1787144400,4430.470000,4451.640000,4418.560000,4447.720000,18.7530
1787145300,4447.860000,4455.870000,4447.760000,4450.680000,5.6990
1787146200,4451.780000,4457.940000,4436.560000,4453.100000,4.7210
1787147100,4453.180000,4455.350000,4440.000000,4454.570000,3.6280
1787148000,4452.340000,4468.640000,4450.010000,4465.970000,4.5940
1787148900,4465.020000,4480.000000,4465.020000,4478.180000,7.1960
1787149800,4478.200000,4489.520000,4478.200000,4482.280000,9.5860
1787150700,4479.890000,4481.640000,4471.370000,4481.140000,2.7300
1787151600,4480.280000,4480.280000,4473.340000,4478.630000,6.2730
1787152500,4478.630000,4479.520000,4470.640000,4475.640000,5.2040
1787153400,4476.060000,4483.260000,4473.420000,4483.260000,2.1200
1787154300,4483.750000,4485.360000,4482.450000,4484.120000,0.9520
1787155200,4485.860000,4490.000000,4484.240000,4490.000000,0.5860
1787156100,4489.840000,4489.990000,4484.300000,4484.300000,1.2160
1787157000,4482.840000,4486.300000,4482.640000,4485.180000,2.4730
1787157900,4484.980000,4487.730000,4484.860000,4485.320000,1.2990
1787158800,4484.140000,4489.060000,4480.590000,4482.500000,12.0870
1787159700,4482.360000,4482.360000,4475.440000,4476.700000,14.7090
1787160600,4476.910000,4480.230000,4475.340000,4480.230000,1.3540
1787161500,4477.920000,4478.940000,4474.990000,4476.120000,0.4670
1787162400,4478.720000,4484.370000,4476.540000,4476.540000,2.0700
1787163300,4475.470000,4475.470000,4462.920000,4465.630000,0.8710
1787164200,4465.940000,4479.700000,4462.820000,4478.340000,3.9760
1787165100,4479.990000,4484.560000,4479.990000,4484.560000,0.0520
1787166000,4483.840000,4493.440000,4483.840000,4491.560000,1.1880
1787166900,4490.780000,4495.250000,4490.780000,4495.250000,0.8520
1787167800,4496.490000,4498.240000,4491.930000,4491.930000,2.4900
1787168700,4498.980000,4499.970000,4497.810000,4499.210000,2.6840
1787169600,4499.660000,4500.000000,4494.840000,4495.170000,1.5470
1787170500,4497.350000,4508.810000,4497.350000,4506.690000,4.6120
1787171400,4507.330000,4511.240000,4507.330000,4507.920000,0.6590
1787172300,4508.090000,4514.480000,4508.090000,4511.180000,3.2600
1787173200,4511.510000,4515.940000,4508.340000,4512.640000,4.3190
1787174100,4513.100000,4515.950000,4509.660000,4515.340000,2.0110
1787175000,4514.060000,4515.420000,4512.970000,4513.470000,0.7610
1787175900,4514.090000,4514.850000,4513.690000,4514.850000,1.7500
1787176800,4512.470000,4513.070000,4508.500000,4510.070000,1.8350
1787177700,4507.180000,4508.040000,4507.080000,4508.040000,0.8180
1787178600,4508.540000,4509.220000,4506.420000,4506.420000,0.1290
1787179500,4509.370000,4509.370000,4504.380000,4506.480000,0.4350
1787180400,4505.980000,4510.780000,4505.980000,4510.780000,1.8900
1787181300,4506.420000,4507.320000,4503.780000,4505.320000,0.7440
1787182200,4504.520000,4504.870000,4501.470000,4502.420000,0.7220
1787183100,4502.910000,4504.980000,4498.240000,4498.240000,4.3020
1787184000,4496.600000,4502.930000,4496.600000,4501.580000,15.0660
1787184900,4501.780000,4503.570000,4495.180000,4495.820000,9.1380
1787185800,4494.830000,4496.500000,4490.000000,4490.900000,2.2720
1787186700,4490.040000,4494.540000,4488.350000,4489.250000,2.3130
1787187600,4489.550000,4493.700000,4478.060000,4478.620000,1.0920
1787188500,4479.180000,4486.610000,4479.180000,4486.610000,1.0070
1787189400,4485.410000,4485.410000,4479.490000,4481.530000,0.1490
1787190300,4479.170000,4479.170000,4471.620000,4471.620000,0.2150
1787191200,4481.640000,4482.720000,4481.640000,4482.510000,0.0860
1787192100,4478.000000,4480.640000,4478.000000,4478.750000,0.0110
1787193000,4478.780000,4480.070000,4476.660000,4478.710000,0.9610
1787193900,4478.050000,4480.410000,4476.900000,4478.070000,2.9300
1787194800,4478.520000,4482.040000,4475.190000,4475.190000,1.2320
1787195700,4478.470000,4479.850000,4478.310000,4479.850000,0.3230
1787196600,4478.360000,4483.150000,4478.360000,4482.330000,1.2440
1787197500,4483.580000,4485.840000,4483.580000,4484.390000,0.9050
1787198400,4484.230000,4484.230000,4481.400000,4484.050000,1.2420
1787199300,4481.570000,4482.110000,4481.380000,4481.380000,0.8400
1787200200,4476.510000,4476.770000,4473.550000,4473.550000,0.3510
1787201100,4475.610000,4477.030000,4475.610000,4475.990000,0.5270
1787202000,4474.730000,4474.730000,4471.850000,4472.010000,0.0220
1787202900,4472.410000,4474.330000,4470.370000,4470.370000,0.0000
1787203800,4470.360000,4470.360000,4466.810000,4467.210000,0.0580
1787204700,4466.970000,4467.910000,4466.280000,4467.910000,0.1820
1787205600,4467.900000,4478.130000,4466.400000,4478.130000,1.5900
1787206500,4478.360000,4480.590000,4478.250000,4480.430000,1.2430
1787207400,4480.760000,4481.130000,4479.500000,4479.500000,1.8460
1787208300,4480.920000,4480.920000,4478.360000,4480.310000,16.3010
1787209200,4480.810000,4480.810000,4475.180000,4475.970000,8.1490
1787210100,4475.490000,4477.290000,4471.300000,4471.660000,5.2800
1787211000,4473.250000,4479.560000,4473.250000,4477.110000,14.7390
1787211900,4477.760000,4478.700000,4475.260000,4477.730000,1.3970
1787212800,4477.280000,4480.260000,4477.280000,4480.260000,2.3380
1787213700,4481.650000,4484.800000,4476.890000,4477.290000,0.6910
1787214600,4477.300000,4481.190000,4473.310000,4477.420000,9.9630
1787215500,4477.420000,4478.480000,4474.480000,4475.670000,9.1780
1787216400,4475.670000,4480.250000,4475.660000,4478.230000,14.5050
1787217300,4478.910000,4480.530000,4474.810000,4477.540000,9.4900
1787218200,4476.470000,4477.980000,4472.130000,4476.460000,5.6620
1787219100,4475.690000,4476.230000,4469.010000,4471.220000,10.9370
1787220000,4469.850000,4478.160000,4467.840000,4477.750000,4.9000
1787220900,4477.820000,4481.640000,4476.760000,4481.640000,7.9580
1787221800,4481.640000,4482.850000,4478.740000,4479.470000,10.6880
1787222700,4479.650000,4479.650000,4476.210000,4478.070000,0.8030
1787223600,4478.070000,4478.590000,4471.600000,4473.540000,3.5080
1787224500,4473.490000,4478.050000,4469.800000,4472.390000,3.3030
1787225400,4472.180000,4474.920000,4464.140000,4464.140000,1.8550
1787226300,4464.820000,4465.140000,4455.510000,4455.920000,15.3600
1787227200,4455.470000,4457.850000,4442.920000,4454.820000,26.3340
1787228100,4454.600000,4459.140000,4449.340000,4451.020000,14.5640
1787229000,4451.530000,4457.590000,4442.980000,4457.590000,10.8960
1787229900,4457.580000,4466.960000,4455.980000,4465.580000,11.9200
1787230800,4465.530000,4474.880000,4463.060000,4464.080000,17.4740
1787231700,4464.180000,4468.270000,4462.050000,4462.150000,8.8400
1787232600,4464.680000,4477.910000,4460.670000,4477.600000,11.9060
1787233500,4477.910000,4479.970000,4471.200000,4473.330000,4.9030
1787234400,4475.000000,4480.530000,4473.010000,4477.690000,6.1130
1787235300,4478.390000,4484.360000,4474.350000,4483.120000,5.3770
1787236200,4483.640000,4492.260000,4483.640000,4491.180000,5.5840
1787237100,4491.170000,4506.790000,4491.000000,4506.360000,12.3080
1787238000,4506.370000,4527.070000,4506.170000,4524.430000,82.5260
1787238900,4524.140000,4530.640000,4514.410000,4522.910000,45.5140
1787239800,4524.100000,4524.100000,4498.630000,4500.340000,11.6200
1787240700,4499.310000,4512.400000,4499.310000,4510.780000,14.5580
1787241600,4510.780000,4512.950000,4500.000000,4500.880000,1.4900
1787242500,4500.000000,4502.310000,4495.180000,4499.150000,3.0420
1787243400,4498.490000,4501.930000,4493.440000,4500.240000,7.8120
1787244300,4500.240000,4502.880000,4498.050000,4500.000000,10.1940
1787245200,4500.270000,4503.120000,4498.370000,4498.860000,10.7840
1787246100,4498.850000,4505.090000,4497.620000,4502.520000,5.4450
1787247000,4502.430000,4508.200000,4500.140000,4507.730000,1.2720
1787247900,4507.690000,4510.000000,4507.450000,4509.570000,1.3290
1787248800,4509.360000,4510.410000,4498.550000,4500.330000,7.1150
1787249700,4499.980000,4508.640000,4498.270000,4507.810000,2.8360
1787250600,4509.370000,4512.280000,4507.520000,4509.060000,3.0080
1787251500,4509.120000,4513.500000,4507.380000,4511.240000,1.7560
1787252400,4510.200000,4516.980000,4507.670000,4516.980000,4.4000
1787253300,4516.980000,4517.750000,4513.110000,4513.110000,3.2390
1787254200,4512.180000,4518.640000,4512.180000,4515.980000,2.6760
1787255100,4515.720000,4521.310000,4515.700000,4518.690000,10.6550
1787256000,4518.600000,4518.860000,4512.660000,4512.660000,6.0790
1787256900,4512.720000,4512.810000,4511.340000,4512.020000,1.6070
1787257800,4511.660000,4511.670000,4507.090000,4508.470000,3.3680
1787258700,4508.510000,4510.790000,4507.820000,4509.320000,0.6570
1787259600,4509.160000,4510.350000,4508.850000,4510.120000,4.8050
1787260500,4510.120000,4511.400000,4508.480000,4508.840000,13.6710
1787261400,4508.840000,4508.840000,4506.140000,4506.470000,3.5040
1787262300,4506.470000,4508.970000,4504.870000,4506.470000,2.1560
1787263200,4507.040000,4510.330000,4506.040000,4507.450000,3.6790
1787264100,4507.460000,4509.230000,4507.460000,4508.930000,0.3940
1787265000,4508.750000,4511.900000,4508.310000,4511.320000,1.1280
1787265900,4511.320000,4512.630000,4508.800000,4512.200000,0.8260
1787266800,4512.200000,4520.240000,4511.940000,4519.340000,7.3090
1787267700,4519.360000,4520.420000,4511.600000,4514.910000,1.4800
1787268600,4515.610000,4517.050000,4510.010000,4512.000000,0.5640
1787269500,4512.000000,4516.030000,4511.850000,4514.410000,0.7580
1787270400,4514.400000,4515.850000,4507.080000,4507.380000,9.0430
1787271300,4507.630000,4509.370000,4502.870000,4503.020000,3.3990
1787272200,4504.210000,4506.070000,4500.750000,4503.810000,0.9210
1787273100,4503.480000,4503.480000,4498.420000,4499.560000,1.7060
1787274000,4498.760000,4510.000000,4498.160000,4510.000000,10.6730
1787274900,4510.000000,4518.740000,4510.000000,4518.520000,4.4010
1787275800,4517.810000,4528.380000,4512.400000,4515.350000,15.1400
1787276700,4513.950000,4521.890000,4513.720000,4519.080000,10.2610
1787277600,4519.080000,4519.080000,4509.550000,4509.550000,6.4490
1787278500,4509.390000,4517.750000,4508.180000,4515.870000,4.2400
1787279400,4517.750000,4526.540000,4514.480000,4526.540000,2.6660
1787280300,4527.260000,4530.000000,4521.400000,4522.000000,11.9010
1787281200,4522.000000,4526.680000,4520.560000,4521.370000,1.1240
1787282100,4521.360000,4523.230000,4518.310000,4518.310000,0.6550
1787283000,4518.470000,4524.170000,4517.660000,4518.070000,0.7920
1787283900,4518.080000,4523.730000,4518.070000,4523.720000,1.2040
1787284800,4523.730000,4530.000000,4523.720000,4528.200000,1.1010
1787285700,4527.900000,4533.980000,4525.880000,4533.980000,12.9240
1787286600,4533.980000,4534.980000,4529.160000,4529.950000,12.2500
1787287500,4529.950000,4530.930000,4528.070000,4529.140000,1.8530
1787288400,4529.220000,4529.220000,4522.980000,4525.700000,0.8980
1787289300,4525.700000,4527.020000,4520.000000,4520.000000,0.6920
1787290200,4520.000000,4530.960000,4520.000000,4530.960000,0.8450
1787291100,4530.970000,4542.870000,4530.090000,4541.830000,1.0770
1787292000,4541.410000,4541.680000,4535.320000,4539.080000,22.0240
1787292900,4539.840000,4547.460000,4539.840000,4544.930000,9.9790
1787293800,4544.470000,4554.780000,4544.400000,4551.160000,12.9360
1787294700,4551.280000,4557.570000,4550.860000,4551.100000,13.9820
1787295600,4550.430000,4554.580000,4548.150000,4550.500000,2.9860
1787296500,4551.330000,4557.480000,4550.310000,4552.790000,12.9430
1787297400,4552.100000,4557.570000,4551.620000,4555.030000,8.0420
1787298300,4555.030000,4557.850000,4552.480000,4555.910000,13.2510
1787299200,4555.530000,4557.850000,4550.560000,4556.530000,10.9410
1787300100,4556.230000,4571.320000,4555.740000,4571.070000,10.5910
1787301000,4571.080000,4573.710000,4568.380000,4572.450000,17.8670
1787301900,4572.440000,4575.570000,4571.020000,4575.570000,22.7410
1787302800,4575.540000,4591.870000,4572.760000,4588.130000,32.1840
1787303700,4588.130000,4593.530000,4571.110000,4572.310000,24.2690
1787304600,4572.300000,4576.890000,4571.600000,4573.560000,22.6680
1787305500,4573.420000,4574.280000,4570.130000,4571.030000,15.9350
1787306400,4571.030000,4577.830000,4569.020000,4570.240000,10.9680
1787307300,4570.030000,4577.530000,4570.000000,4577.080000,4.3090
1787308200,4576.800000,4584.380000,4576.260000,4583.350000,5.8020
1787309100,4583.350000,4583.810000,4579.670000,4581.690000,19.2710
1787310000,4581.690000,4587.350000,4580.730000,4582.090000,36.9570
1787310900,4582.090000,4591.380000,4582.090000,4587.310000,6.8580
1787311800,4587.310000,4593.070000,4583.220000,4588.080000,10.5840
1787312700,4588.080000,4589.770000,4585.250000,4586.200000,8.0420
1787313600,4588.230000,4589.830000,4579.200000,4581.820000,15.9620
1787314500,4581.830000,4584.200000,4570.690000,4573.050000,11.0910
1787315400,4572.490000,4572.490000,4554.540000,4563.480000,26.0820
1787316300,4563.600000,4572.080000,4563.070000,4566.160000,22.6670
1787317200,4566.210000,4576.500000,4566.150000,4573.790000,15.5230
1787318100,4574.950000,4577.200000,4569.400000,4575.320000,8.9630
1787319000,4574.030000,4579.420000,4563.880000,4576.840000,10.3430
1787319900,4576.650000,4580.000000,4566.540000,4570.570000,10.4120
1787320800,4570.570000,4580.000000,4568.940000,4577.410000,18.9990
1787321700,4578.300000,4591.460000,4575.270000,4590.640000,5.3930
1787322600,4591.460000,4591.730000,4570.560000,4571.070000,7.2250
1787323500,4572.870000,4584.510000,4570.440000,4579.730000,3.6500
1787324400,4579.730000,4586.980000,4576.870000,4583.680000,2.7150
1787325300,4583.690000,4594.430000,4583.690000,4592.900000,12.2230
1787326200,4591.230000,4598.460000,4588.300000,4597.280000,23.2550
1787327100,4597.270000,4603.500000,4595.470000,4602.820000,13.6400
1787328000,4602.820000,4605.520000,4597.680000,4604.550000,9.4380
1787328900,4604.540000,4608.960000,4600.360000,4603.030000,2.3610
1787329800,4602.930000,4610.380000,4601.130000,4610.370000,1.8770
1787330700,4609.730000,4616.170000,4609.730000,4616.170000,2.1000
1787331600,4616.170000,4619.730000,4609.760000,4612.040000,7.6780
1787332500,4611.810000,4613.360000,4603.260000,4610.980000,0.7570
1787333400,4609.820000,4613.870000,4608.280000,4609.000000,0.9180
1787334300,4609.000000,4611.100000,4606.490000,4609.280000,1.6130
1787335200,4609.270000,4616.430000,4609.270000,4614.170000,0.9660
1787336100,4614.180000,4616.690000,4613.730000,4613.780000,0.3750
1787337000,4613.780000,4613.780000,4609.060000,4609.650000,0.8390
1787337900,4609.480000,4614.050000,4609.480000,4613.430000,0.8240
1787338800,4613.430000,4614.990000,4608.180000,4611.140000,1.5930
1787339700,4610.870000,4611.300000,4607.490000,4607.490000,3.7020
1787340600,4607.490000,4609.020000,4604.300000,4607.000000,2.4170
1787341500,4607.000000,4612.230000,4605.910000,4606.240000,0.6620
1787342400,4606.950000,4608.130000,4606.060000,4607.550000,5.2360
1787343300,4607.890000,4608.090000,4601.130000,4601.550000,0.6260
1787344200,4601.360000,4602.340000,4598.190000,4599.080000,0.8490
1787345100,4599.080000,4599.180000,4593.040000,4593.410000,0.8930
1787346000,4593.100000,4597.880000,4592.900000,4596.360000,0.9970
1787346900,4595.930000,4595.940000,4592.640000,4594.150000,1.4570
1787347800,4593.730000,4597.770000,4593.330000,4596.900000,2.6030
1787348700,4596.910000,4596.910000,4591.810000,4591.810000,1.8370
1787349600,4591.820000,4594.650000,4591.720000,4591.730000,9.9500
1787350500,4591.740000,4595.190000,4590.010000,4594.570000,3.8420
1787351400,4594.590000,4597.470000,4593.470000,4597.470000,18.4450
1787352300,4596.870000,4600.600000,4596.240000,4598.790000,5.9580
1787353200,4598.790000,4599.380000,4598.570000,4598.970000,3.1620
1787354100,4599.020000,4600.300000,4598.920000,4599.500000,4.3020
1787355000,4599.540000,4599.550000,4597.840000,4599.310000,2.7190
1787355900,4599.250000,4601.870000,4598.850000,4601.860000,0.8630
1787356800,4601.860000,4602.130000,4599.270000,4599.440000,12.1510
1787357700,4599.440000,4599.440000,4596.140000,4596.140000,0.5240
1787358600,4596.140000,4597.400000,4596.140000,4596.560000,0.7560
1787359500,4596.560000,4596.560000,4594.240000,4594.550000,0.9430
1787360400,4594.500000,4595.840000,4594.050000,4594.600000,1.2660
1787361300,4594.600000,4596.580000,4592.500000,4596.580000,1.0340
1787362200,4596.580000,4596.580000,4591.740000,4592.150000,2.5150
1787363100,4592.150000,4594.870000,4592.140000,4594.580000,1.9790
1787364000,4594.570000,4595.520000,4594.570000,4595.520000,0.8950
1787364900,4595.510000,4597.030000,4595.510000,4597.020000,1.2090
1787365800,4597.020000,4597.030000,4590.060000,4592.810000,3.5680
1787366700,4592.810000,4594.920000,4590.260000,4592.620000,8.3710
1787367600,4592.560000,4594.570000,4591.930000,4594.380000,7.4850
1787368500,4594.380000,4596.240000,4592.480000,4592.690000,9.6320
1787369400,4592.690000,4592.690000,4590.960000,4591.010000,5.4690
1787370300,4590.960000,4594.560000,4590.960000,4594.440000,7.4640
1787371200,4594.440000,4594.440000,4591.250000,4591.900000,4.6710
1787372100,4591.900000,4592.400000,4590.120000,4591.650000,0.9800
1787373000,4591.650000,4591.660000,4590.740000,4591.310000,0.9370
1787373900,4591.310000,4591.930000,4590.000000,4591.830000,0.8460
1787374800,4591.840000,4593.270000,4572.250000,4572.930000,3.3870
1787375700,4572.830000,4583.430000,4572.820000,4582.580000,5.1120
1787376600,4582.580000,4585.720000,4579.950000,4585.600000,4.1710
1787377500,4585.600000,4587.650000,4585.360000,4587.600000,0.6560
1787378400,4587.600000,4587.600000,4581.680000,4581.910000,4.0500
1787379300,4581.210000,4583.920000,4580.680000,4583.710000,0.4770
1787380200,4583.700000,4583.710000,4580.680000,4581.450000,2.4350
1787381100,4581.440000,4585.750000,4581.440000,4585.400000,3.6510
1787382000,4585.400000,4586.910000,4585.400000,4586.760000,1.8140
1787382900,4586.620000,4588.430000,4586.210000,4588.430000,0.5130
1787383800,4588.430000,4591.930000,4588.000000,4591.720000,6.8070
1787384700,4591.710000,4591.930000,4591.120000,4591.920000,2.6040
1787385600,4591.920000,4591.930000,4587.190000,4589.410000,8.9610
1787386500,4589.410000,4589.610000,4588.210000,4588.590000,2.6220
1787387400,4588.330000,4589.230000,4587.550000,4587.950000,0.5940
1787388300,4587.950000,4588.520000,4587.670000,4587.950000,3.3470
1787389200,4587.950000,4589.850000,4587.940000,4589.460000,4.3740
1787390100,4589.490000,4589.780000,4589.450000,4589.470000,0.9200
1787391000,4590.200000,4591.150000,4590.200000,4590.950000,0.5200
1787391900,4591.000000,4591.000000,4589.360000,4591.000000,0.7730
1787392800,4590.990000,4591.910000,4589.550000,4590.830000,4.7300
1787393700,4590.830000,4591.260000,4584.430000,4589.050000,2.3990
1787394600,4589.050000,4591.130000,4589.050000,4589.580000,7.4160
1787395500,4589.590000,4590.520000,4589.580000,4589.610000,0.7820
1787396400,4589.610000,4589.610000,4584.870000,4585.230000,3.1930
1787397300,4585.330000,4585.980000,4584.610000,4585.970000,6.6420
1787398200,4585.980000,4588.120000,4585.390000,4587.600000,0.7480
1787399100,4586.870000,4588.090000,4586.870000,4588.020000,0.6200
1787400000,4588.020000,4588.650000,4588.000000,4588.090000,0.7530
1787400900,4588.080000,4588.990000,4588.080000,4588.980000,0.5680
1787401800,4588.980000,4588.980000,4588.090000,4588.100000,0.9230
1787402700,4588.100000,4588.100000,4585.990000,4585.990000,20.1530
1787403600,4585.990000,4586.000000,4584.270000,4584.740000,7.6180
1787404500,4584.740000,4586.380000,4583.990000,4586.370000,4.3670
1787405400,4586.380000,4586.860000,4585.790000,4586.750000,0.5910
1787406300,4586.750000,4586.750000,4584.190000,4585.590000,5.2090
1787407200,4585.580000,4586.350000,4585.580000,4586.030000,0.6650
1787408100,4586.030000,4586.670000,4585.330000,4585.330000,0.5220
1787409000,4585.330000,4585.470000,4584.780000,4584.950000,0.6150
1787409900,4584.950000,4586.440000,4584.890000,4586.430000,0.8350
1787410800,4586.440000,4586.440000,4584.910000,4585.610000,0.6500
1787411700,4585.480000,4585.480000,4583.990000,4584.600000,0.5970
1787412600,4585.020000,4585.020000,4585.000000,4585.010000,0.6030
1787413500,4585.010000,4585.200000,4585.010000,4585.180000,0.1810
1787414400,4585.650000,4587.400000,4585.650000,4587.400000,0.6880
1787415300,4587.400000,4589.070000,4587.390000,4589.070000,0.2730
1787416200,4589.100000,4589.110000,4589.100000,4589.110000,0.0330
1787417100,4589.110000,4589.900000,4587.870000,4588.150000,1.5390
1787418000,4588.160000,4588.900000,4588.140000,4588.890000,0.8680
1787418900,4588.890000,4590.090000,4588.890000,4589.180000,1.0160
1787419800,4589.180000,4589.310000,4589.180000,4589.300000,0.4230
1787420700,4589.300000,4589.460000,4588.840000,4589.460000,2.0610
1787421600,4589.450000,4589.660000,4589.450000,4589.660000,1.8940
1787422500,4589.640000,4589.660000,4589.640000,4589.650000,0.1350
1787423400,4589.660000,4589.660000,4587.940000,4588.550000,1.1430
1787424300,4588.550000,4588.560000,4586.090000,4588.480000,3.2070
1787425200,4588.470000,4588.480000,4587.220000,4587.230000,1.0450
1787426100,4587.220000,4587.840000,4587.220000,4587.440000,1.4760
1787427000,4587.470000,4588.490000,4587.470000,4588.330000,0.5260
1787427900,4588.330000,4588.590000,4588.330000,4588.580000,0.3410
1787428800,4588.580000,4588.590000,4588.270000,4588.280000,0.2960
1787429700,4588.280000,4588.280000,4587.340000,4587.350000,0.4530
1787430600,4587.340000,4587.350000,4586.760000,4586.770000,0.4790
1787431500,4586.770000,4587.000000,4586.760000,4587.000000,0.7140
1787432400,4587.000000,4587.000000,4586.990000,4587.000000,0.3530
1787433300,4587.000000,4587.000000,4586.990000,4586.990000,0.3880
1787434200,4586.990000,4589.150000,4586.990000,4588.550000,1.7940
1787435100,4588.220000,4588.550000,4586.300000,4586.310000,0.9070
1787436000,4586.310000,4586.850000,4585.950000,4586.040000,1.6430
1787436900,4586.240000,4587.550000,4586.040000,4587.550000,0.6600
1787437800,4587.910000,4588.090000,4587.140000,4587.370000,0.8420
1787438700,4587.370000,4587.380000,4586.040000,4586.050000,0.4550
1787439600,4586.050000,4586.350000,4585.820000,4585.830000,0.3580
1787440500,4585.820000,4586.200000,4585.820000,4586.200000,0.1240
1787441400,4586.180000,4586.200000,4586.180000,4586.180000,0.1290
1787442300,4586.810000,4588.650000,4586.800000,4588.650000,1.2170
1787443200,4589.100000,4589.100000,4588.000000,4588.310000,1.3840
1787444100,4588.310000,4589.110000,4587.520000,4589.100000,0.6950
1787445000,4589.110000,4589.110000,4589.100000,4589.110000,0.5510
1787445900,4589.110000,4589.110000,4588.420000,4588.430000,0.7430
1787446800,4588.430000,4588.430000,4586.830000,4587.840000,1.2560
1787447700,4587.840000,4587.860000,4587.000000,4587.360000,0.8300
1787448600,4587.360000,4587.500000,4587.360000,4587.440000,0.3330
1787449500,4587.440000,4587.440000,4587.430000,4587.440000,0.3360
1787450400,4587.440000,4587.440000,4587.430000,4587.440000,0.3570
1787451300,4587.440000,4587.440000,4586.900000,4586.900000,0.0230
1787452200,4586.980000,4586.980000,4586.970000,4586.980000,0.1630
1787453100,4587.050000,4587.670000,4587.050000,4587.670000,0.1730
1787454000,4587.680000,4587.680000,4587.680000,4587.680000,0.0160
1787454900,4588.970000,4588.970000,4588.970000,4588.970000,0.0030
1787455800,4589.070000,4589.090000,4589.070000,4589.090000,0.0250
1787456700,4589.100000,4589.100000,4589.100000,4589.100000,0.0020
1787457600,4589.110000,4589.880000,4589.100000,4589.880000,0.4600
1787458500,4590.760000,4590.760000,4588.760000,4589.470000,0.7650
1787459400,4589.470000,4589.470000,4589.470000,4589.470000,0.0000
1787460300,4589.460000,4589.460000,4587.680000,4587.680000,0.1540
1787461200,4588.390000,4588.410000,4587.670000,4587.670000,0.2040
1787462100,4587.670000,4587.680000,4587.670000,4587.670000,0.2780
1787463000,4587.670000,4587.670000,4587.670000,4587.670000,0.0000
1787463900,4587.670000,4587.670000,4585.400000,4586.370000,1.2410
1787464800,4586.030000,4587.710000,4586.030000,4587.040000,0.3560
1787465700,4587.140000,4587.140000,4587.130000,4587.130000,0.0670
1787466600,4587.150000,4587.760000,4587.150000,4587.760000,0.7690
1787467500,4587.750000,4587.750000,4587.750000,4587.750000,0.0190
1787468400,4588.370000,4590.350000,4588.370000,4590.350000,0.4080
1787469300,4591.200000,4591.200000,4590.640000,4590.640000,0.2270
1787470200,4590.650000,4590.700000,4590.110000,4590.110000,0.3380
1787471100,4590.110000,4590.110000,4590.110000,4590.110000,0.0000
1787472000,4591.540000,4591.630000,4590.980000,4591.630000,0.1410
1787472900,4591.790000,4591.790000,4590.030000,4590.030000,0.0850
1787473800,4590.170000,4591.460000,4590.170000,4590.890000,0.1890
1787474700,4589.680000,4589.840000,4589.680000,4589.840000,0.1650
1787475600,4589.880000,4590.340000,4589.880000,4590.280000,0.5750
1787476500,4590.270000,4590.400000,4590.270000,4590.400000,0.0180
1787477400,4590.400000,4590.400000,4590.400000,4590.400000,0.0000
1787478300,4590.400000,4590.400000,4590.400000,4590.400000,0.0000
1787479200,4590.370000,4590.370000,4589.780000,4589.780000,0.0800
1787480100,4589.780000,4589.780000,4589.780000,4589.780000,0.0000
1787481000,4589.970000,4591.760000,4589.970000,4591.760000,0.8490
1787481900,4591.930000,4597.060000,4591.930000,4597.060000,2.0110
1787482800,4596.820000,4597.930000,4594.770000,4597.000000,5.1920
1787483700,4596.700000,4600.150000,4596.700000,4597.410000,8.6650
1787484600,4599.180000,4604.660000,4599.180000,4602.610000,5.7410
1787485500,4602.920000,4606.150000,4602.450000,4602.450000,7.2290
1787486400,4604.180000,4604.180000,4601.580000,4602.320000,1.7840
1787487300,4603.230000,4603.230000,4603.020000,4603.230000,0.3640
1787488200,4603.210000,4603.210000,4603.210000,4603.210000,0.5010
1787489100,4603.210000,4603.650000,4603.030000,4603.650000,1.4280
1787490000,4603.650000,4603.650000,4603.650000,4603.650000,0.0140
1787490900,4604.640000,4604.640000,4603.950000,4603.950000,0.4420
1787491800,4603.950000,4603.950000,4603.950000,4603.950000,0.0000
1787492700,4603.340000,4603.340000,4603.060000,4603.060000,1.6780
1787493600,4602.890000,4602.890000,4599.320000,4599.320000,2.2530
1787494500,4599.970000,4600.470000,4599.850000,4600.320000,2.3990
1787495400,4600.140000,4600.450000,4598.940000,4598.940000,0.4290
1787496300,4599.600000,4599.710000,4597.280000,4599.710000,1.5590
1787497200,4599.900000,4599.930000,4599.670000,4599.830000,0.2590
1787498100,4600.310000,4601.000000,4600.310000,4601.000000,0.0810
1787499000,4602.220000,4602.830000,4602.220000,4602.830000,0.6530
1787499900,4603.220000,4605.310000,4603.220000,4604.820000,0.4270
1787500800,4605.040000,4606.060000,4605.040000,4606.060000,0.4870
1787501700,4606.060000,4606.070000,4603.470000,4603.470000,2.4220
1787502600,4603.470000,4603.470000,4602.130000,4602.300000,0.4460
1787503500,4602.530000,4606.040000,4602.530000,4605.910000,2.3970
1787504400,4606.070000,4606.070000,4606.030000,4606.030000,0.2440
1787505300,4606.030000,4606.030000,4606.030000,4606.030000,0.0000
1787506200,4606.030000,4606.030000,4606.030000,4606.030000,0.0000
1787507100,4606.030000,4606.030000,4606.030000,4606.030000,0.0000
1787508000,4606.070000,4606.420000,4606.070000,4606.420000,0.1180
1787508900,4606.420000,4606.420000,4606.420000,4606.420000,0.0000
1787509800,4606.910000,4607.150000,4606.740000,4607.150000,1.7810
1787510700,4607.730000,4607.730000,4607.730000,4607.730000,0.0980
1787511600,4608.330000,4608.860000,4606.130000,4606.130000,1.2800
1787512500,4608.850000,4608.850000,4608.530000,4608.830000,0.4230
1787513400,4608.890000,4608.890000,4608.890000,4608.890000,0.1770
1787514300,4608.900000,4609.990000,4607.680000,4608.220000,6.3710
1787515200,4608.390000,4608.600000,4608.100000,4608.100000,0.3170
1787516100,4608.100000,4608.100000,4608.100000,4608.100000,0.0000
1787517000,4609.790000,4609.790000,4609.180000,4609.180000,0.4790
1787517900,4609.100000,4609.100000,4609.100000,4609.100000,0.0130
1787518800,4609.350000,4609.950000,4608.150000,4609.950000,2.5220
1787519700,4609.950000,4609.950000,4606.930000,4609.050000,9.0030
1787520600,4609.050000,4609.050000,4603.230000,4605.100000,4.6670
1787521500,4605.100000,4605.930000,4603.730000,4605.930000,6.8560
1787522400,4606.070000,4616.270000,4598.230000,4607.890000,52.1590
1787523300,4607.880000,4608.890000,4604.610000,4606.350000,39.6790
1787524200,4605.460000,4607.080000,4599.310000,4601.930000,3.5240
1787525100,4601.770000,4601.770000,4598.680000,4598.680000,2.0990
1787526000,4598.680000,4600.350000,4595.670000,4600.350000,2.2260
1787526900,4599.810000,4606.200000,4599.770000,4606.190000,9.7160
1787527800,4606.200000,4609.990000,4600.420000,4601.420000,17.4140
1787528700,4602.220000,4615.990000,4600.660000,4615.710000,4.0910
1787529600,4615.720000,4631.620000,4611.810000,4631.260000,7.7140
1787530500,4630.560000,4632.570000,4590.000000,4599.470000,31.5750
1787531400,4598.330000,4600.390000,4592.920000,4599.750000,32.6630
1787532300,4600.170000,4614.580000,4597.250000,4613.730000,15.1220
1787533200,4614.360000,4626.000000,4611.100000,4614.950000,8.0990
1787534100,4614.590000,4618.310000,4603.230000,4607.700000,4.4970
1787535000,4604.140000,4611.740000,4600.540000,4610.250000,1.3320
1787535900,4610.600000,4628.000000,4606.650000,4623.570000,4.8280
1787536800,4623.160000,4642.020000,4619.380000,4640.740000,8.3210
1787537700,4640.460000,4646.860000,4640.350000,4646.540000,5.6960
1787538600,4647.290000,4647.290000,4631.730000,4631.760000,13.9850
1787539500,4631.720000,4637.100000,4621.300000,4635.930000,19.6560
1787540400,4636.460000,4636.460000,4627.830000,4629.970000,6.0340
1787541300,4629.730000,4639.860000,4628.870000,4635.790000,0.8300
1787542200,4635.790000,4642.420000,4635.790000,4636.240000,3.5720
1787543100,4636.280000,4637.270000,4632.320000,4632.450000,0.9410
1787544000,4632.460000,4633.420000,4625.470000,4629.930000,0.9550
1787544900,4629.940000,4634.020000,4627.180000,4632.470000,0.4650
1787545800,4632.390000,4632.440000,4625.330000,4628.900000,2.9670
1787546700,4628.900000,4631.730000,4628.010000,4631.630000,0.7640
1787547600,4631.630000,4634.600000,4630.910000,4634.600000,1.3240
1787548500,4634.590000,4637.470000,4628.870000,4628.870000,1.0650
1787549400,4628.870000,4630.870000,4621.910000,4625.430000,7.2720
1787550300,4624.650000,4634.580000,4623.170000,4632.960000,1.2560
1787551200,4632.970000,4644.620000,4631.980000,4644.600000,1.2140
1787552100,4644.600000,4651.560000,4634.600000,4635.690000,0.9540
1787553000,4635.770000,4645.310000,4635.270000,4636.490000,1.1160
1787553900,4636.820000,4646.030000,4636.220000,4643.220000,3.1260
1787554800,4643.230000,4646.840000,4638.260000,4640.750000,4.4430
1787555700,4640.420000,4642.930000,4636.150000,4636.400000,1.9760
1787556600,4636.400000,4640.350000,4629.580000,4630.160000,6.8870
1787557500,4629.110000,4636.640000,4624.880000,4635.110000,6.4050
1787558400,4636.120000,4639.630000,4630.090000,4631.910000,7.4790
1787559300,4631.770000,4633.240000,4624.680000,4624.680000,7.6210
1787560200,4623.460000,4637.480000,4623.460000,4637.470000,4.0850
1787561100,4637.480000,4638.870000,4629.700000,4630.220000,8.0830
1787562000,4630.230000,4637.370000,4630.220000,4634.810000,4.7720
1787562900,4634.800000,4634.800000,4628.250000,4629.200000,2.7020
1787563800,4628.850000,4634.070000,4626.870000,4632.640000,2.9960
1787564700,4632.950000,4637.480000,4632.750000,4637.480000,1.7450
1787565600,4637.480000,4642.670000,4637.480000,4641.160000,2.5810
1787566500,4641.120000,4641.120000,4635.030000,4636.110000,1.3600
1787567400,4636.160000,4641.940000,4635.050000,4637.490000,1.2580
1787568300,4637.850000,4639.780000,4634.800000,4636.640000,1.5430
1787569200,4636.090000,4639.780000,4633.480000,4635.710000,1.4620
1787570100,4636.140000,4641.620000,4634.820000,4641.620000,3.7830
1787571000,4638.940000,4661.530000,4637.480000,4652.280000,7.2390
1787571900,4652.630000,4654.790000,4642.900000,4651.050000,9.0810
1787572800,4650.460000,4653.830000,4644.350000,4652.990000,2.3310
1787573700,4651.490000,4655.780000,4646.840000,4655.720000,11.5580
1787574600,4655.120000,4660.590000,4640.350000,4651.580000,16.5740
1787575500,4651.580000,4660.000000,4648.810000,4657.720000,7.3600
1787576400,4657.730000,4672.050000,4656.330000,4671.450000,13.6930
1787577300,4672.050000,4672.050000,4663.500000,4666.500000,13.8780
1787578200,4666.170000,4673.920000,4653.540000,4653.540000,24.1600
1787579100,4652.960000,4671.680000,4652.230000,4660.210000,20.9020
1787580000,4659.640000,4666.570000,4655.470000,4661.820000,14.6580
1787580900,4661.140000,4669.320000,4651.910000,4667.880000,7.9160
1787581800,4667.880000,4672.240000,4664.520000,4666.650000,2.5870
1787582700,4666.640000,4669.320000,4654.790000,4665.530000,7.7530
1787583600,4665.220000,4671.900000,4661.070000,4669.010000,2.2890
1787584500,4669.010000,4673.350000,4663.840000,4669.340000,4.0340
1787585400,4670.400000,4670.400000,4655.590000,4657.020000,8.4270
1787586300,4657.020000,4657.690000,4637.470000,4644.550000,21.9730
1787587200,4644.550000,4654.790000,4642.320000,4652.720000,18.8070
1787588100,4652.720000,4654.790000,4651.460000,4654.780000,4.0000
1787589000,4654.790000,4655.940000,4653.550000,4654.070000,0.8920
1787589900,4654.150000,4654.650000,4637.500000,4640.990000,1.7350
1787590800,4640.950000,4649.010000,4638.160000,4646.600000,10.3700
1787591700,4647.080000,4648.790000,4626.710000,4633.070000,13.0410
1787592600,4633.510000,4637.480000,4631.730000,4634.990000,8.9520
1787593500,4634.140000,4634.150000,4628.870000,4632.380000,0.8790
1787594400,4632.390000,4636.260000,4619.450000,4627.890000,4.4380
1787595300,4627.900000,4637.140000,4623.150000,4635.300000,1.9920
1787596200,4635.310000,4636.230000,4620.920000,4629.830000,1.0090
1787597100,4629.680000,4631.730000,4626.160000,4631.650000,0.6990
1787598000,4631.650000,4635.230000,4631.570000,4631.790000,3.0250
1787598900,4631.790000,4640.000000,4631.740000,4637.950000,1.3730
1787599800,4637.930000,4645.310000,4636.340000,4645.310000,0.9070
1787600700,4645.310000,4649.010000,4644.980000,4646.390000,0.8790
1787601600,4646.350000,4650.000000,4644.840000,4645.110000,1.4810
1787602500,4645.080000,4648.010000,4643.490000,4643.490000,0.5750
1787603400,4643.490000,4644.170000,4643.230000,4643.230000,0.7980
1787604300,4643.230000,4647.060000,4643.230000,4646.280000,0.7530
1787605200,4646.060000,4647.720000,4644.930000,4645.530000,0.8390
1787606100,4646.210000,4646.990000,4646.200000,4646.930000,0.5910
1787607000,4646.950000,4647.680000,4643.710000,4646.380000,0.8580
1787607900,4646.380000,4650.820000,4646.290000,4649.140000,0.6370
1787608800,4649.410000,4654.190000,4646.910000,4652.690000,13.4360
1787609700,4652.710000,4652.850000,4651.180000,4651.180000,0.2120
1787610600,4651.500000,4654.540000,4651.200000,4654.540000,10.4150
1787611500,4654.550000,4660.000000,4654.440000,4660.000000,1.0290
1787612400,4659.990000,4663.850000,4659.990000,4663.850000,1.1200
1787613300,4663.850000,4668.230000,4663.850000,4664.060000,5.8660
1787614200,4664.050000,4669.730000,4664.030000,4669.700000,8.5000
1787615100,4669.700000,4675.630000,4669.680000,4673.770000,7.5770
1787616000,4674.990000,4683.940000,4669.330000,4683.820000,8.6180
1787616900,4683.990000,4683.990000,4670.190000,4675.900000,3.5220
1787617800,4675.430000,4689.000000,4674.800000,4685.910000,3.2400
1787618700,4686.160000,4687.440000,4678.720000,4678.720000,5.1400
1787619600,4678.720000,4679.230000,4665.800000,4671.420000,19.1900
1787620500,4671.370000,4672.190000,4660.850000,4662.640000,9.8850
1787621400,4663.280000,4668.080000,4660.590000,4666.610000,12.1910
1787622300,4665.180000,4669.020000,4651.900000,4651.900000,0.9790
1787623200,4652.190000,4654.790000,4634.040000,4636.610000,9.1110
1787624100,4636.600000,4650.830000,4636.600000,4649.510000,3.1440
1787625000,4649.140000,4649.140000,4626.700000,4626.700000,9.9580
1787625900,4626.700000,4631.260000,4614.330000,4622.990000,14.2340
1787626800,4623.150000,4631.730000,4617.440000,4626.220000,10.6780
1787627700,4628.020000,4631.710000,4626.320000,4630.690000,1.8340
1787628600,4630.800000,4634.360000,4627.560000,4629.690000,1.8520
1787629500,4627.940000,4629.360000,4626.000000,4626.270000,0.7030
1787630400,4626.280000,4630.580000,4624.210000,4630.480000,2.5860
1787631300,4629.550000,4630.190000,4621.740000,4622.570000,0.7180
1787632200,4622.590000,4624.960000,4617.920000,4619.620000,1.4290
1787633100,4619.230000,4622.270000,4617.810000,4619.420000,1.2800
1787634000,4619.070000,4631.060000,4617.440000,4630.630000,1.0950
1787634900,4630.420000,4639.930000,4630.420000,4638.780000,1.2100
1787635800,4638.790000,4639.490000,4632.070000,4632.370000,10.7600
1787636700,4632.890000,4637.480000,4630.330000,4636.180000,6.2680
1787637600,4636.210000,4642.790000,4635.770000,4642.770000,1.2610
1787638500,4642.780000,4645.690000,4638.630000,4643.120000,2.6890
1787639400,4643.120000,4645.680000,4640.370000,4640.370000,0.9770
1787640300,4640.350000,4640.620000,4630.000000,4630.790000,5.4130
1787641200,4630.790000,4635.460000,4630.340000,4632.760000,2.5770
1787642100,4633.210000,4636.410000,4627.830000,4627.830000,0.8610
1787643000,4627.830000,4631.730000,4626.450000,4631.730000,0.8460
1787643900,4631.730000,4633.600000,4623.150000,4623.540000,7.2180
1787644800,4623.550000,4623.760000,4614.590000,4618.490000,9.6010
1787645700,4620.290000,4637.450000,4620.290000,4627.450000,7.2190
1787646600,4627.450000,4629.110000,4618.880000,4624.780000,6.9980
1787647500,4624.810000,4626.000000,4617.870000,4622.160000,1.4320
1787648400,4622.150000,4625.150000,4617.450000,4622.580000,2.1090
1787649300,4622.590000,4625.050000,4617.840000,4617.850000,2.5580
1787650200,4617.840000,4630.220000,4616.270000,4628.350000,8.4700
1787651100,4628.350000,4633.470000,4627.620000,4627.950000,2.4830
1787652000,4627.850000,4630.160000,4626.000000,4627.500000,0.8730
1787652900,4627.150000,4630.160000,4626.040000,4626.040000,2.6180
1787653800,4626.010000,4631.730000,4626.010000,4629.520000,2.2950
1787654700,4629.190000,4633.750000,4629.190000,4631.350000,4.3490
1787655600,4630.910000,4634.600000,4630.070000,4634.570000,5.0260
1787656500,4634.600000,4636.160000,4631.740000,4632.660000,1.4490
1787657400,4633.170000,4637.390000,4632.830000,4632.910000,0.8290
1787658300,4632.910000,4638.870000,4632.910000,4633.850000,0.9480
1787659200,4634.190000,4634.190000,4627.450000,4630.940000,5.2740
1787660100,4630.980000,4631.260000,4625.050000,4627.300000,1.2580
1787661000,4628.380000,4631.510000,4622.160000,4629.960000,1.9950
1787661900,4629.950000,4636.050000,4629.450000,4632.590000,1.5410
1787662800,4632.900000,4632.900000,4617.440000,4617.440000,1.6830
1787663700,4617.440000,4620.280000,4602.170000,4604.290000,4.1800
1787664600,4603.630000,4614.980000,4603.320000,4605.410000,4.9330
1787665500,4605.130000,4608.620000,4597.800000,4608.360000,5.8730
1787666400,4608.890000,4618.910000,4606.020000,4615.800000,5.2530
1787667300,4615.790000,4619.810000,4611.940000,4616.730000,1.5060
1787668200,4615.860000,4628.870000,4607.820000,4627.260000,8.2370
1787669100,4627.260000,4630.000000,4624.950000,4627.710000,6.1940
1787670000,4627.700000,4628.870000,4623.150000,4625.030000,2.1700
1787670900,4625.040000,4636.380000,4622.670000,4632.530000,10.8210
1787671800,4631.950000,4650.820000,4631.950000,4648.320000,5.2470
1787672700,4648.970000,4649.050000,4641.160000,4644.580000,1.0440
1787673600,4644.540000,4645.390000,4634.960000,4636.200000,1.3390
1787674500,4635.050000,4638.150000,4631.730000,4633.160000,1.1990
1787675400,4633.450000,4637.480000,4630.570000,4637.210000,2.1110
1787676300,4637.200000,4639.300000,4633.120000,4635.610000,1.4760
1787677200,4635.430000,4635.430000,4626.350000,4630.030000,1.8170
1787678100,4630.430000,4637.150000,4627.380000,4629.640000,2.1370
1787679000,4629.730000,4636.110000,4629.030000,4636.110000,1.3380
1787679900,4635.410000,4639.890000,4635.140000,4639.890000,5.6110
1787680800,4639.960000,4641.760000,4636.380000,4639.410000,1.2040
1787681700,4639.410000,4642.170000,4638.810000,4641.720000,1.5430
1787682600,4641.720000,4641.720000,4639.090000,4641.370000,1.1550
1787683500,4641.370000,4644.360000,4641.370000,4644.360000,1.1180
1787684400,4646.040000,4653.970000,4645.760000,4653.350000,2.8870
1787685300,4652.890000,4663.850000,4651.900000,4652.640000,8.7260
1787686200,4652.640000,4655.220000,4650.000000,4653.920000,2.3310
1787687100,4653.810000,4659.480000,4652.280000,4658.730000,1.6720
1787688000,4658.870000,4660.130000,4654.900000,4657.950000,1.2080
1787688900,4658.230000,4659.800000,4654.790000,4654.800000,1.1370
1787689800,4654.800000,4655.880000,4652.980000,4654.120000,0.7790
1787690700,4654.110000,4654.940000,4649.010000,4649.910000,0.7830
1787691600,4650.050000,4654.560000,4648.010000,4654.440000,1.5200
1787692500,4654.450000,4654.790000,4652.490000,4653.370000,4.4240
1787693400,4653.310000,4653.640000,4652.140000,4653.630000,0.7660
1787694300,4654.610000,4654.790000,4652.090000,4654.790000,1.6650
1787695200,4656.170000,4657.690000,4652.290000,4657.680000,2.1050
1787696100,4657.680000,4660.000000,4657.680000,4659.210000,0.6570
1787697000,4660.000000,4663.480000,4660.000000,4663.100000,0.9820
1787697900,4663.100000,4665.640000,4663.100000,4665.640000,0.6470
1787698800,4665.640000,4665.640000,4660.220000,4660.530000,4.4430
1787699700,4660.530000,4660.540000,4653.100000,4654.220000,1.4600
1787700600,4654.230000,4654.230000,4649.020000,4649.220000,0.8080
1787701500,4649.830000,4651.150000,4646.390000,4647.750000,2.8470
1787702400,4647.470000,4649.850000,4645.330000,4645.330000,1.2400
1787703300,4645.340000,4648.490000,4637.800000,4640.950000,1.1830
1787704200,4640.960000,4644.050000,4630.010000,4630.010000,1.7690
1787705100,4630.010000,4632.500000,4628.060000,4630.980000,0.9970
1787706000,4628.870000,4641.290000,4622.760000,4636.750000,13.5960
1787706900,4637.490000,4642.950000,4636.560000,4637.940000,6.2470
1787707800,4638.540000,4640.050000,4632.980000,4637.430000,6.6600
1787708700,4637.470000,4651.610000,4635.870000,4648.880000,1.9710
1787709600,4649.350000,4653.620000,4647.450000,4651.900000,1.1010
1787710500,4651.950000,4653.930000,4647.840000,4647.840000,0.6020
1787711400,4651.880000,4660.590000,4651.700000,4658.950000,1.0920
1787712300,4659.440000,4660.580000,4650.000000,4650.690000,1.6250
1787713200,4650.380000,4650.380000,4641.120000,4642.120000,0.6710
1787714100,4641.120000,4643.610000,4638.220000,4643.390000,1.4530
1787715000,4643.200000,4644.270000,4638.270000,4638.490000,0.6980
1787715900,4637.970000,4637.970000,4634.600000,4634.980000,0.6580
1787716800,4635.880000,4636.950000,4635.240000,4635.340000,1.6210
1787717700,4635.270000,4636.420000,4635.260000,4635.490000,0.4950
1787718600,4635.490000,4636.400000,4633.640000,4634.320000,1.3730
1787719500,4633.870000,4635.570000,4632.170000,4633.700000,0.4610
1787720400,4633.180000,4639.190000,4633.120000,4636.290000,0.7670
1787721300,4637.320000,4639.330000,4636.030000,4638.930000,1.0650
1787722200,4638.130000,4643.200000,4632.150000,4632.600000,7.8530
1787723100,4632.180000,4633.920000,4630.000000,4632.770000,0.8560
1787724000,4632.780000,4634.600000,4630.230000,4632.390000,1.9020
1787724900,4632.390000,4632.390000,4619.250000,4620.690000,1.4810
1787725800,4620.680000,4627.920000,4620.350000,4627.310000,1.7510
1787726700,4627.600000,4630.000000,4624.760000,4627.840000,0.5000
1787727600,4627.860000,4632.900000,4626.980000,4630.200000,1.8430
1787728500,4630.200000,4631.510000,4626.000000,4626.000000,6.9120
1787729400,4626.010000,4630.200000,4624.080000,4625.590000,1.3400
1787730300,4625.780000,4627.050000,4621.710000,4622.180000,1.0590
1787731200,4621.840000,4624.020000,4620.300000,4620.580000,0.6580
1787732100,4620.290000,4623.150000,4618.030000,4623.150000,0.8740
1787733000,4622.330000,4624.650000,4619.570000,4623.210000,0.5510
1787733900,4623.020000,4623.870000,4620.740000,4621.300000,0.5020
1787734800,4622.430000,4625.340000,4618.640000,4619.010000,1.6440
1787735700,4618.990000,4619.240000,4610.670000,4611.190000,1.3530
1787736600,4611.630000,4617.020000,4611.630000,4616.650000,3.5310
1787737500,4616.650000,4620.310000,4616.650000,4618.850000,0.6240
1787738400,4618.630000,4618.630000,4612.850000,4614.220000,1.2860
1787739300,4614.240000,4615.230000,4608.990000,4609.970000,3.3720
1787740200,4610.120000,4618.250000,4610.120000,4616.610000,2.2290
1787741100,4616.530000,4618.490000,4614.240000,4614.810000,2.8560
1787742000,4614.810000,4617.070000,4611.760000,4612.560000,0.6870
1787742900,4612.560000,4617.230000,4611.530000,4616.880000,0.9900
1787743800,4615.760000,4617.770000,4612.280000,4613.710000,0.7700
1787744700,4612.350000,4619.780000,4610.610000,4619.780000,0.8730
1787745600,4620.000000,4624.840000,4617.720000,4621.500000,0.6550
1787746500,4620.560000,4625.450000,4619.680000,4625.450000,0.8610
1787747400,4625.800000,4628.150000,4606.250000,4616.890000,10.4200
1787748300,4616.870000,4619.970000,4607.390000,4609.400000,1.1330
1787749200,4609.300000,4614.590000,4602.620000,4603.490000,3.0180
1787750100,4604.900000,4607.450000,4593.710000,4604.290000,3.1890
1787751000,4605.350000,4616.800000,4603.230000,4612.010000,1.7270
1787751900,4613.850000,4625.580000,4613.850000,4625.580000,0.7520
1787752800,4624.360000,4625.990000,4614.590000,4614.600000,1.1600
1787753700,4614.590000,4620.290000,4610.120000,4610.760000,0.5720
1787754600,4611.180000,4617.280000,4606.080000,4616.250000,0.8330
1787755500,4615.250000,4616.090000,4598.840000,4599.240000,1.3190
1787756400,4597.570000,4599.660000,4583.490000,4587.420000,8.8100
1787757300,4585.380000,4594.130000,4580.040000,4592.130000,2.9190
1787758200,4592.130000,4599.940000,4591.380000,4598.830000,3.2100
1787759100,4599.490000,4605.040000,4592.380000,4592.380000,1.4510
1787760000,4592.560000,4596.610000,4586.320000,4594.150000,0.9490
1787760900,4594.160000,4594.160000,4590.410000,4590.930000,0.2330
1787761800,4589.450000,4590.180000,4583.040000,4586.300000,0.9320
1787762700,4589.110000,4591.930000,4583.480000,4587.510000,0.1550
1787763600,4587.930000,4591.040000,4587.930000,4590.410000,0.6490
1787764500,4591.530000,4594.430000,4590.040000,4594.310000,0.4220
1787765400,4594.750000,4598.450000,4594.750000,4594.750000,0.0640
1787766300,4593.690000,4593.690000,4590.580000,4590.770000,0.0900
1787767200,4594.750000,4599.970000,4594.750000,4597.220000,0.0980
1787768100,4597.850000,4597.850000,4589.110000,4592.690000,1.5080
1787769000,4592.140000,4594.090000,4589.230000,4594.090000,0.2430
1787769900,4594.530000,4594.530000,4587.740000,4591.920000,0.2480
1787770800,4589.470000,4589.470000,4589.000000,4589.100000,0.0580
1787771700,4590.750000,4594.850000,4589.430000,4594.850000,0.5840
1787772600,4594.980000,4596.550000,4591.930000,4591.930000,0.5410
1787773500,4592.350000,4592.420000,4589.110000,4591.040000,0.2640
1787774400,4590.160000,4591.310000,4589.340000,4589.340000,0.0190
1787775300,4589.110000,4589.110000,4581.570000,4586.300000,0.2300
1787776200,4588.690000,4588.690000,4588.690000,4588.690000,0.0220
1787777100,4589.110000,4590.530000,4589.110000,4590.530000,0.2910
1787778000,4590.170000,4596.150000,4590.170000,4595.600000,0.1650
1787778900,4595.250000,4595.250000,4595.250000,4595.250000,0.0440
1787779800,4595.150000,4595.150000,4595.140000,4595.140000,0.5330
1787780700,4595.140000,4595.140000,4595.140000,4595.140000,0.0000
1787781600,4596.420000,4604.080000,4596.420000,4597.570000,4.1280
1787782500,4602.810000,4606.240000,4602.810000,4606.070000,1.3420
1787783400,4606.250000,4606.290000,4605.180000,4605.610000,0.0600
1787784300,4606.570000,4606.570000,4603.750000,4605.430000,0.3470
1787785200,4606.950000,4608.900000,4604.300000,4608.900000,0.5940
1787786100,4610.000000,4614.590000,4610.000000,4614.590000,0.0620
1787787000,4614.590000,4617.440000,4614.590000,4617.440000,0.1030
1787787900,4618.360000,4618.360000,4617.890000,4617.890000,0.0210
1787788800,4616.220000,4616.220000,4612.420000,4612.420000,0.3020
1787789700,4611.770000,4614.590000,4608.900000,4613.550000,0.1260
1787790600,4613.040000,4613.040000,4600.420000,4600.420000,1.2490
1787791500,4604.880000,4604.880000,4597.570000,4597.570000,1.5960
1787792400,4600.400000,4618.870000,4596.900000,4618.870000,2.6340
1787793300,4618.780000,4620.000000,4612.640000,4613.180000,1.1750
1787794200,4615.180000,4624.800000,4615.180000,4617.470000,1.0490
1787795100,4623.150000,4633.750000,4623.150000,4633.470000,0.6800
1787796000,4634.600000,4635.820000,4632.540000,4634.160000,0.1600
1787796900,4634.610000,4634.610000,4628.080000,4628.080000,0.0980
1787797800,4628.370000,4628.370000,4619.360000,4621.260000,0.4060
1787798700,4622.150000,4625.030000,4621.380000,4623.590000,0.2940
1787799600,4623.170000,4626.000000,4622.920000,4626.000000,0.0700
1787800500,4628.680000,4631.730000,4627.430000,4629.700000,0.2880
1787801400,4628.890000,4628.890000,4626.000000,4626.000000,0.0890
1787802300,4623.150000,4623.150000,4617.730000,4617.730000,0.1040
1787803200,4619.750000,4619.750000,4619.750000,4619.750000,0.0010
1787804100,4620.660000,4620.900000,4617.440000,4617.440000,0.0500
1787805000,4614.830000,4614.830000,4613.210000,4613.210000,0.1260
1787805900,4613.960000,4615.370000,4613.960000,4615.370000,0.0400
1787806800,4613.030000,4613.030000,4610.910000,4613.030000,0.0870
1787807700,4614.590000,4614.590000,4612.020000,4612.020000,0.3960
1787808600,4611.740000,4611.740000,4600.570000,4601.390000,1.8240
1787809500,4603.530000,4603.530000,4597.570000,4602.540000,2.0500
1787810400,4602.200000,4602.200000,4595.650000,4600.470000,1.9280
1787811300,4601.710000,4604.170000,4599.070000,4602.600000,0.4530
1787812200,4605.210000,4605.210000,4600.890000,4602.770000,0.7720
1787813100,4602.710000,4602.710000,4593.530000,4595.830000,0.7700
1787814000,4597.560000,4600.270000,4594.610000,4599.050000,0.3750
1787814900,4595.240000,4595.240000,4589.710000,4592.950000,0.8560
1787815800,4594.750000,4595.750000,4591.470000,4592.620000,0.2470
1787816700,4592.460000,4596.980000,4592.030000,4596.070000,2.1760
1787817600,4596.870000,4600.400000,4596.870000,4599.670000,0.1720
1787818500,4599.490000,4600.950000,4596.580000,4597.710000,0.8300
1787819400,4596.580000,4596.600000,4590.200000,4591.170000,1.3250
1787820300,4594.530000,4597.510000,4594.530000,4595.170000,0.1710
1787821200,4595.350000,4595.730000,4589.540000,4592.890000,0.4860
1787822100,4592.270000,4593.690000,4590.340000,4593.600000,0.2500
1787823000,4594.130000,4594.220000,4575.080000,4577.390000,2.4420
1787823900,4577.100000,4579.640000,4575.070000,4575.990000,0.8500
1787824800,4575.750000,4576.570000,4565.280000,4574.800000,3.2400
1787825700,4576.590000,4577.670000,4572.460000,4577.280000,0.7020
1787826600,4575.750000,4577.880000,4571.370000,4577.880000,0.6150
1787827500,4580.000000,4584.680000,4580.000000,4584.680000,0.1800
1787828400,4584.660000,4586.300000,4584.190000,4586.300000,0.2000
1787829300,4586.420000,4591.190000,4586.420000,4588.640000,0.1870
1787830200,4590.730000,4593.900000,4589.420000,4592.190000,0.8230
1787831100,4592.620000,4593.060000,4591.780000,4593.060000,0.1690
1787832000,4594.740000,4595.250000,4587.430000,4587.430000,0.8780
1787832900,4587.160000,4594.440000,4587.160000,4589.790000,0.7190
1787833800,4590.460000,4590.460000,4583.490000,4584.550000,0.1470
1787834700,4582.630000,4582.660000,4576.310000,4582.660000,0.7280
1787835600,4580.060000,4584.900000,4577.880000,4584.900000,1.0380
1787836500,4580.680000,4587.430000,4580.680000,4584.030000,0.4060
1787837400,4584.030000,4586.200000,4568.340000,4574.190000,0.9800
1787838300,4572.280000,4576.800000,4559.420000,4566.700000,0.6400
1787839200,4566.700000,4571.930000,4563.360000,4568.020000,0.2600
1787840100,4570.090000,4577.150000,4568.420000,4572.280000,0.3960
1787841000,4575.080000,4589.110000,4575.080000,4589.110000,0.4550
1787841900,4590.000000,4590.190000,4583.490000,4584.900000,0.5360
1787842800,4585.800000,4588.650000,4584.940000,4588.180000,0.4040
1787843700,4589.110000,4591.890000,4583.500000,4584.680000,0.4490
1787844600,4589.110000,4599.230000,4589.110000,4597.060000,0.6360
1787845500,4594.760000,4601.800000,4593.890000,4601.800000,0.3180
1787846400,4602.650000,4603.300000,4597.570000,4597.570000,0.4970
1787847300,4597.570000,4599.810000,4595.360000,4599.810000,0.1170
1787848200,4599.880000,4604.780000,4599.720000,4602.990000,1.0180
1787849100,4604.910000,4607.210000,4604.210000,4605.090000,1.3510
1787850000,4606.590000,4607.960000,4600.900000,4602.300000,0.1100
1787850900,4600.540000,4603.460000,4600.540000,4602.860000,1.4660
1787851800,4602.710000,4606.070000,4600.580000,4606.070000,0.5940
1787852700,4604.930000,4605.300000,4598.840000,4598.850000,0.1540
1787853600,4598.850000,4599.790000,4595.420000,4597.490000,1.1510
1787854500,4598.100000,4598.100000,4594.760000,4596.460000,0.5770
1787855400,4594.960000,4598.290000,4594.960000,4598.290000,0.2060
1787856300,4599.740000,4603.230000,4599.400000,4603.230000,0.2280
1787857200,4605.050000,4608.900000,4605.050000,4607.630000,0.2040
1787858100,4607.960000,4607.960000,4597.580000,4598.800000,0.5520
1787859000,4597.580000,4599.780000,4597.580000,4599.780000,0.0680
1787859900,4600.650000,4603.230000,4598.040000,4598.040000,0.3460
1787860800,4601.190000,4601.190000,4597.350000,4597.350000,0.4300
1787861700,4597.360000,4597.360000,4595.790000,4595.790000,0.0230
1787862600,4595.680000,4595.680000,4595.350000,4595.670000,0.0810
1787863500,4595.200000,4597.660000,4593.760000,4594.480000,0.4900
1787864400,4594.090000,4594.890000,4594.090000,4594.220000,0.3680
1787865300,4594.210000,4594.210000,4591.940000,4592.420000,0.2340
1787866200,4592.810000,4593.460000,4591.930000,4591.930000,0.0180
1787867100,4592.380000,4592.380000,4592.380000,4592.380000,0.0190
1787868000,4597.570000,4598.670000,4594.370000,4596.950000,0.1830
1787868900,4596.320000,4600.170000,4596.320000,4600.170000,0.2410
1787869800,4600.110000,4602.030000,4599.510000,4601.930000,0.1110
1787870700,4601.210000,4601.780000,4600.600000,4601.780000,0.3510
1787871600,4602.180000,4602.180000,4595.350000,4595.350000,0.3970
1787872500,4594.750000,4594.750000,4593.950000,4594.460000,0.0220
1787873400,4593.990000,4594.640000,4591.930000,4592.840000,0.4910
1787874300,4591.930000,4591.930000,4589.110000,4589.110000,1.1910
1787875200,4589.110000,4594.180000,4586.310000,4594.180000,1.6810
1787876100,4593.470000,4593.470000,4585.150000,4585.910000,2.0930
1787877000,4584.980000,4584.980000,4581.580000,4583.400000,2.0240
1787877900,4583.400000,4583.400000,4580.710000,4580.710000,1.2280
1787878800,4581.770000,4594.610000,4580.900000,4586.330000,2.1880
1787879700,4587.790000,4591.070000,4579.030000,4579.030000,3.1870
1787880600,4579.360000,4581.080000,4572.980000,4573.480000,0.1820
1787881500,4574.340000,4574.400000,4570.040000,4570.040000,0.4160
1787882400,4575.060000,4575.080000,4574.350000,4575.080000,0.4600
1787883300,4573.940000,4577.770000,4573.940000,4577.770000,0.3440
1787884200,4577.870000,4582.290000,4577.110000,4577.880000,4.3710
1787885100,4577.880000,4579.210000,4575.210000,4577.790000,2.3060
1787886000,4577.780000,4579.820000,4577.780000,4577.910000,0.4870
1787886900,4577.920000,4582.440000,4577.920000,4581.440000,0.9680
1787887800,4581.270000,4581.270000,4575.170000,4575.280000,2.4810
1787888700,4575.270000,4575.270000,4572.280000,4572.300000,3.6330
1787889600,4572.300000,4573.480000,4571.410000,4571.730000,3.2200
1787890500,4571.740000,4578.230000,4571.470000,4577.760000,8.8900
1787891400,4576.590000,4576.700000,4571.990000,4572.990000,3.9900
1787892300,4572.750000,4577.450000,4571.520000,4576.840000,4.3600
1787893200,4577.040000,4577.630000,4570.990000,4573.070000,3.9790
1787894100,4572.330000,4578.420000,4571.500000,4575.060000,2.5760
1787895000,4576.520000,4576.520000,4565.210000,4565.240000,19.6280
1787895900,4567.290000,4569.910000,4565.210000,4566.480000,10.0290
1787896800,4566.540000,4576.270000,4566.020000,4575.590000,7.6190
1787897700,4575.380000,4577.930000,4573.640000,4577.860000,4.7160
1787898600,4578.620000,4580.180000,4575.480000,4580.160000,5.2860
1787899500,4580.680000,4603.240000,4580.680000,4603.240000,7.6210
1787900400,4604.030000,4604.030000,4588.590000,4593.410000,4.1590
1787901300,4593.420000,4602.000000,4591.090000,4599.890000,3.2880
1787902200,4599.910000,4606.660000,4599.280000,4601.170000,9.3460
1787903100,4600.550000,4606.830000,4600.540000,4604.300000,0.7550
1787904000,4604.570000,4607.790000,4603.600000,4604.700000,1.4450
1787904900,4605.210000,4605.210000,4601.560000,4602.500000,0.4390
1787905800,4601.760000,4603.530000,4595.580000,4595.580000,1.3660
1787906700,4595.610000,4598.160000,4592.820000,4594.570000,0.8510
1787907600,4595.400000,4596.550000,4593.530000,4594.110000,2.5650
1787908500,4594.450000,4596.380000,4591.990000,4595.460000,0.8590
1787909400,4594.860000,4597.560000,4593.990000,4597.340000,0.4780
1787910300,4596.790000,4600.320000,4596.790000,4599.530000,0.3920
1787911200,4598.990000,4600.400000,4597.740000,4600.400000,0.8190
1787912100,4600.390000,4602.210000,4594.670000,4596.180000,1.0180
1787913000,4597.570000,4600.310000,4595.600000,4595.600000,0.9670
1787913900,4595.690000,4595.690000,4590.720000,4590.830000,1.1070
1787914800,4592.500000,4592.500000,4587.690000,4588.150000,0.7120
1787915700,4591.040000,4593.060000,4590.430000,4590.460000,0.5960
1787916600,4591.180000,4591.970000,4584.240000,4586.640000,0.9060
1787917500,4586.910000,4588.430000,4583.210000,4584.380000,1.7910
1787918400,4585.460000,4589.110000,4584.550000,4588.910000,0.3920
1787919300,4588.710000,4596.360000,4586.100000,4593.910000,1.2210
1787920200,4594.550000,4594.550000,4581.650000,4583.550000,0.9700
1787921100,4584.390000,4594.680000,4583.430000,4594.680000,0.8760
1787922000,4594.300000,4596.720000,4589.110000,4590.690000,1.3540
1787922900,4591.530000,4594.860000,4587.650000,4594.860000,1.1980
1787923800,4592.750000,4598.320000,4591.940000,4596.340000,0.5580
1787924700,4599.460000,4618.780000,4594.880000,4594.880000,1.5790
1787925600,4596.880000,4622.360000,4538.990000,4538.990000,9.2400
1787926500,4539.780000,4561.130000,4525.260000,4547.990000,7.0940
1787927400,4549.990000,4570.000000,4549.380000,4558.350000,1.9380
1787928300,4558.200000,4573.760000,4548.380000,4573.290000,1.4710
1787929200,4573.740000,4575.910000,4553.800000,4553.800000,0.5340
1787930100,4557.280000,4562.290000,4550.000000,4558.620000,1.8870
1787931000,4560.910000,4560.910000,4531.920000,4533.130000,1.1380
1787931900,4534.910000,4538.990000,4520.090000,4520.160000,0.9790
1787932800,4520.000000,4523.390000,4494.810000,4495.080000,3.2370
1787933700,4498.050000,4499.320000,4461.710000,4479.320000,9.1840
1787934600,4480.000000,4485.660000,4468.490000,4469.890000,15.3920
1787935500,4471.080000,4481.880000,4471.080000,4476.510000,5.0180
1787936400,4478.070000,4479.750000,4473.830000,4476.510000,0.3750
1787937300,4479.190000,4484.560000,4476.510000,4478.670000,0.2210
1787938200,4476.510000,4480.600000,4461.860000,4465.820000,1.2440
1787939100,4468.490000,4474.970000,4468.490000,4470.550000,0.4150
1787940000,4468.490000,4468.490000,4461.370000,4461.370000,0.6840
1787940900,4461.950000,4463.070000,4455.180000,4457.840000,3.3280
1787941800,4456.300000,4457.840000,4447.620000,4451.240000,2.4890
1787942700,4452.530000,4458.340000,4452.260000,4458.340000,1.4340
1787943600,4456.040000,4462.270000,4455.240000,4457.840000,1.0420
1787944500,4458.140000,4463.550000,4457.180000,4463.550000,1.2420
1787945400,4464.830000,4466.030000,4463.090000,4465.030000,0.1200
1787946300,4463.160000,4463.160000,4454.730000,4460.270000,5.9010
1787947200,4458.330000,4461.670000,4457.840000,4459.800000,0.2890
1787948100,4459.920000,4461.620000,4455.620000,4458.910000,1.9670
1787949000,4459.020000,4459.040000,4455.180000,4457.250000,0.5880
1787949900,4457.280000,4459.670000,4453.450000,4456.200000,6.6070
1787950800,4457.460000,4459.830000,4457.460000,4458.940000,7.4580
1787951700,4458.930000,4460.490000,4457.400000,4459.690000,1.9580
1787952600,4459.680000,4463.150000,4459.680000,4461.910000,0.9490
1787953500,4461.770000,4461.770000,4461.000000,4461.050000,0.6020
1787954400,4461.030000,4464.840000,4461.030000,4462.100000,0.3770
1787955300,4462.320000,4464.640000,4461.870000,4464.310000,0.5270
1787956200,4463.620000,4463.740000,4461.850000,4462.170000,1.3520
1787957100,4462.210000,4462.550000,4462.020000,4462.380000,0.3530
1787958000,4462.380000,4463.070000,4462.130000,4462.790000,0.6160
1787958900,4462.790000,4463.680000,4462.790000,4463.660000,2.6400
1787959800,4463.660000,4464.740000,4463.660000,4464.640000,1.0340
1787960700,4464.640000,4464.640000,4460.790000,4460.980000,4.2140
1787961600,4460.980000,4465.090000,4460.980000,4462.440000,35.8380
1787962500,4462.440000,4463.520000,4461.980000,4462.270000,3.7390
1787963400,4462.260000,4462.850000,4460.580000,4461.740000,0.8450
1787964300,4461.640000,4461.750000,4460.920000,4461.330000,0.7540
1787965200,4461.340000,4462.380000,4461.150000,4461.160000,0.4080
1787966100,4461.170000,4461.690000,4461.170000,4461.480000,0.4260
1787967000,4461.210000,4461.520000,4460.650000,4461.210000,0.8500
1787967900,4461.200000,4462.320000,4460.770000,4462.180000,0.4910
1787968800,4462.190000,4463.730000,4462.190000,4462.770000,0.4720
1787969700,4462.770000,4462.770000,4461.280000,4461.730000,0.3510
1787970600,4460.500000,4460.510000,4460.500000,4460.500000,0.4530
1787971500,4460.500000,4460.510000,4459.930000,4459.940000,0.4580
1787972400,4459.940000,4459.940000,4459.010000,4459.010000,0.5240
1787973300,4459.010000,4459.020000,4457.870000,4457.870000,0.6220
1787974200,4457.850000,4462.060000,4457.850000,4462.040000,0.6160
1787975100,4462.050000,4462.050000,4461.470000,4461.470000,0.2410
1787976000,4461.480000,4461.480000,4461.080000,4461.180000,0.5060
1787976900,4461.200000,4461.210000,4460.620000,4461.170000,0.3450
1787977800,4461.180000,4461.380000,4461.170000,4461.380000,0.7160
1787978700,4461.380000,4461.380000,4460.920000,4460.930000,0.4960
1787979600,4460.930000,4461.040000,4460.470000,4460.490000,0.4420
1787980500,4460.480000,4460.480000,4459.450000,4459.460000,0.5090
1787981400,4459.460000,4459.970000,4459.460000,4459.960000,0.4030
1787982300,4459.960000,4460.150000,4459.960000,4460.150000,0.2430
1787983200,4460.390000,4460.390000,4457.460000,4457.460000,26.5300
1787984100,4457.140000,4457.470000,4457.110000,4457.440000,4.9210
1787985000,4457.440000,4457.470000,4456.870000,4457.470000,3.6190
1787985900,4457.460000,4457.460000,4457.350000,4457.410000,0.4990
1787986800,4457.410000,4457.410000,4457.270000,4457.270000,0.3100
1787987700,4457.030000,4457.120000,4456.210000,4456.240000,3.2520
1787988600,4456.250000,4456.260000,4456.210000,4456.210000,0.6430
1787989500,4456.210000,4457.410000,4456.210000,4457.080000,1.3740
1787990400,4457.020000,4457.070000,4455.290000,4456.460000,1.4740
1787991300,4456.460000,4457.470000,4456.450000,4457.460000,1.5540
1787992200,4457.460000,4457.470000,4457.460000,4457.460000,9.2050
1787993100,4457.460000,4457.460000,4457.460000,4457.460000,0.3680
1787994000,4457.470000,4457.470000,4457.460000,4457.470000,1.8720
1787994900,4457.470000,4457.470000,4457.460000,4457.460000,0.7310
1787995800,4457.460000,4457.460000,4457.460000,4457.460000,0.2840
1787996700,4457.280000,4457.460000,4457.270000,4457.460000,0.5060
1787997600,4457.460000,4457.460000,4456.360000,4456.380000,1.5590
1787998500,4456.380000,4456.420000,4455.530000,4455.540000,0.6810
1787999400,4455.530000,4457.460000,4455.180000,4457.450000,1.6370
1788000300,4457.450000,4457.470000,4456.660000,4456.680000,0.5100
1788001200,4456.170000,4456.180000,4455.620000,4455.730000,0.4930
1788002100,4455.720000,4456.260000,4455.670000,4456.250000,0.2720
1788003000,4457.010000,4457.180000,4456.840000,4457.180000,0.1870
1788003900,4457.130000,4457.130000,4457.070000,4457.070000,0.1800
1788004800,4457.130000,4457.130000,4455.980000,4455.990000,0.4110
1788005700,4456.050000,4456.740000,4456.040000,4456.720000,7.4040
1788006600,4456.670000,4456.840000,4456.670000,4456.830000,1.0050
1788007500,4456.840000,4456.840000,4456.830000,4456.830000,0.3250
1788008400,4456.840000,4456.870000,4456.840000,4456.870000,1.2860
1788009300,4458.510000,4459.550000,4458.510000,4459.490000,0.5070
1788010200,4459.480000,4459.490000,4458.930000,4458.930000,0.5480
1788011100,4458.930000,4458.950000,4458.930000,4458.950000,1.0840
1788012000,4459.570000,4459.570000,4458.950000,4459.010000,0.7520
1788012900,4459.070000,4459.070000,4456.150000,4456.540000,8.2250
1788013800,4456.530000,4457.620000,4455.920000,4457.620000,1.2830
1788014700,4458.790000,4462.060000,4458.750000,4461.830000,0.9810
1788015600,4462.450000,4462.680000,4461.410000,4461.650000,5.8130
1788016500,4461.650000,4462.800000,4461.480000,4462.700000,0.7240
1788017400,4462.700000,4462.800000,4460.830000,4460.880000,4.0040
1788018300,4460.880000,4462.130000,4460.880000,4462.100000,0.6490
1788019200,4462.100000,4462.130000,4461.860000,4462.090000,0.5110
1788020100,4461.530000,4461.530000,4460.450000,4460.690000,0.7310
1788021000,4460.700000,4461.150000,4460.520000,4461.150000,2.3400
1788021900,4460.910000,4461.800000,4460.900000,4461.690000,0.5780
1788022800,4461.690000,4461.740000,4461.630000,4461.720000,0.3410
1788023700,4461.720000,4461.820000,4461.720000,4461.780000,0.0980
1788024600,4461.660000,4462.050000,4461.520000,4462.050000,0.5250
1788025500,4462.250000,4462.660000,4462.100000,4462.200000,3.2060
1788026400,4462.200000,4462.580000,4462.140000,4462.580000,0.2270
1788027300,4462.210000,4462.210000,4462.210000,4462.210000,0.0280
1788028200,4462.210000,4462.210000,4462.210000,4462.210000,0.0000
1788029100,4462.210000,4462.210000,4462.210000,4462.210000,0.0000
1788030000,4462.020000,4462.020000,4462.020000,4462.020000,0.0010
1788030900,4462.020000,4462.020000,4462.020000,4462.020000,0.0000
1788031800,4462.020000,4462.020000,4462.020000,4462.020000,0.0000
1788032700,4461.240000,4461.240000,4461.240000,4461.240000,0.0030
1788033600,4460.130000,4460.130000,4460.130000,4460.130000,0.0010
1788034500,4460.130000,4460.130000,4460.130000,4460.130000,0.0000
1788035400,4460.130000,4460.130000,4460.130000,4460.130000,0.0000
1788036300,4460.130000,4460.130000,4460.130000,4460.130000,0.0000
1788037200,4460.010000,4463.420000,4460.010000,4460.490000,5.9270
1788038100,4461.100000,4461.100000,4461.100000,4461.100000,0.2290
1788039000,4460.650000,4460.650000,4460.650000,4460.650000,0.2240
1788039900,4461.050000,4461.050000,4461.040000,4461.040000,0.0040
1788040800,4461.150000,4461.570000,4461.150000,4461.570000,0.2430
1788041700,4461.430000,4461.430000,4461.430000,4461.430000,0.1340
1788042600,4461.430000,4461.430000,4461.430000,4461.430000,0.0000
1788043500,4461.430000,4461.430000,4461.430000,4461.430000,0.0000
1788044400,4461.430000,4461.430000,4461.430000,4461.430000,0.0000
1788045300,4461.430000,4461.430000,4461.430000,4461.430000,0.0000
1788046200,4462.720000,4462.720000,4462.720000,4462.720000,0.0650
1788047100,4462.720000,4465.820000,4462.720000,4465.820000,0.6910
1788048000,4464.230000,4464.610000,4464.070000,4464.300000,1.8390
1788048900,4464.300000,4464.300000,4464.300000,4464.300000,0.0000
1788049800,4464.300000,4464.300000,4464.300000,4464.300000,0.0000
1788050700,4464.300000,4464.300000,4464.300000,4464.300000,0.0000
1788051600,4464.270000,4464.720000,4464.140000,4464.720000,1.5030
1788052500,4464.190000,4464.520000,4464.190000,4464.520000,0.0050
1788053400,4464.820000,4464.820000,4464.770000,4464.770000,0.0190
1788054300,4464.560000,4464.560000,4464.560000,4464.560000,0.0220
1788055200,4464.880000,4464.950000,4464.880000,4464.950000,0.0490
1788056100,4464.880000,4464.880000,4464.880000,4464.880000,0.0400
1788057000,4464.380000,4464.380000,4464.380000,4464.380000,0.0130
1788057900,4464.370000,4464.370000,4463.800000,4463.800000,0.1330
1788058800,4463.790000,4463.790000,4463.210000,4463.210000,0.0170
1788059700,4463.170000,4463.170000,4463.170000,4463.170000,0.0000
1788060600,4463.170000,4463.170000,4463.170000,4463.170000,0.0000
1788061500,4463.170000,4463.170000,4463.170000,4463.170000,0.0000
1788062400,4463.170000,4463.170000,4463.160000,4463.160000,0.0230
1788063300,4462.320000,4462.480000,4462.090000,4462.110000,0.0000
1788064200,4461.510000,4461.510000,4461.510000,4461.510000,0.0010
1788065100,4461.500000,4461.870000,4461.170000,4461.870000,0.0830
1788066000,4462.000000,4462.000000,4462.000000,4462.000000,0.0070
1788066900,4461.450000,4461.450000,4461.450000,4461.450000,0.0000
1788067800,4461.450000,4462.020000,4461.450000,4462.020000,0.4880
1788068700,4461.680000,4461.680000,4461.680000,4461.680000,0.0340
1788069600,4461.840000,4461.880000,4461.700000,4461.870000,0.0000
1788070500,4461.880000,4461.880000,4461.880000,4461.880000,0.0810
1788071400,4462.550000,4462.550000,4462.320000,4462.370000,0.0000
1788072300,4462.370000,4462.370000,4462.370000,4462.370000,0.0000
1788073200,4462.370000,4462.370000,4462.370000,4462.370000,0.0910
1788074100,4463.470000,4463.510000,4463.470000,4463.510000,0.1170
1788075000,4463.560000,4463.600000,4463.390000,4463.440000,0.0000
1788075900,4463.440000,4463.440000,4463.440000,4463.440000,0.1790
1788076800,4463.890000,4463.890000,4463.820000,4463.820000,0.0030
1788077700,4463.890000,4463.900000,4463.310000,4463.310000,0.9060
1788078600,4463.320000,4463.320000,4462.080000,4462.090000,0.1810
1788079500,4461.650000,4461.760000,4461.420000,4461.420000,0.2130
1788080400,4462.530000,4462.530000,4462.530000,4462.530000,0.0040
1788081300,4462.240000,4462.240000,4462.240000,4462.240000,0.0010
1788082200,4462.120000,4462.360000,4462.120000,4462.350000,0.0000
1788083100,4462.670000,4462.670000,4462.670000,4462.670000,0.0310
1788084000,4463.700000,4463.700000,4462.680000,4462.680000,0.0690
1788084900,4462.680000,4462.680000,4462.680000,4462.680000,0.0000
1788085800,4462.670000,4462.670000,4462.670000,4462.670000,0.0260
1788086700,4461.460000,4462.160000,4461.460000,4462.160000,0.4170
1788087600,4462.160000,4462.160000,4462.160000,4462.160000,0.1690
1788088500,4463.340000,4463.840000,4463.340000,4463.840000,0.6170
1788089400,4464.300000,4464.420000,4463.880000,4463.880000,0.2990
1788090300,4463.890000,4463.890000,4463.310000,4463.440000,0.5420
1788091200,4463.450000,4463.530000,4463.150000,4463.190000,0.7080
1788092100,4463.290000,4463.680000,4463.290000,4463.680000,0.6510
1788093000,4462.870000,4463.750000,4462.870000,4463.750000,0.0110
1788093900,4463.750000,4464.680000,4463.120000,4464.680000,0.3710
1788094800,4464.690000,4467.560000,4464.620000,4464.940000,0.4030
1788095700,4465.490000,4465.550000,4465.490000,4465.550000,0.2260
1788096600,4465.320000,4465.320000,4465.320000,4465.320000,0.0560
1788097500,4465.320000,4466.490000,4465.320000,4466.490000,0.2620
1788098400,4466.490000,4468.490000,4466.490000,4467.950000,0.4430
1788099300,4467.530000,4470.960000,4467.530000,4470.960000,0.3750
1788100200,4470.030000,4471.370000,4470.030000,4470.860000,1.0080
1788101100,4470.720000,4470.930000,4470.220000,4470.220000,0.5890
1788102000,4469.220000,4469.220000,4465.830000,4465.840000,5.0280
1788102900,4465.820000,4465.820000,4463.770000,4465.730000,3.3650
1788103800,4465.380000,4468.920000,4465.380000,4468.920000,0.5450
1788104700,4469.230000,4469.990000,4469.230000,4469.990000,0.4900
1788105600,4468.790000,4470.420000,4468.370000,4469.960000,1.8010
1788106500,4470.000000,4471.470000,4470.000000,4471.470000,1.4250
1788107400,4471.950000,4473.830000,4471.370000,4473.820000,0.6980
1788108300,4474.410000,4474.410000,4472.620000,4472.620000,0.1900
1788109200,4473.280000,4473.280000,4471.620000,4471.620000,0.2360
1788110100,4471.170000,4476.290000,4471.170000,4472.110000,1.8230
1788111000,4472.530000,4473.140000,4472.530000,4473.140000,0.1510
1788111900,4471.670000,4471.720000,4471.670000,4471.720000,0.1070
1788112800,4471.190000,4471.190000,4468.500000,4468.500000,0.0560
1788113700,4468.730000,4471.550000,4468.730000,4471.550000,0.2600
1788114600,4471.710000,4471.710000,4471.710000,4471.710000,0.0300
1788115500,4471.940000,4471.940000,4471.110000,4471.110000,0.0070
1788116400,4471.210000,4471.210000,4471.210000,4471.210000,0.0050
1788117300,4471.530000,4472.450000,4471.530000,4472.450000,0.3090
1788118200,4470.920000,4472.290000,4468.650000,4469.310000,0.7160
1788119100,4468.540000,4470.590000,4468.240000,4470.400000,0.6120
1788120000,4470.650000,4470.650000,4467.700000,4467.700000,1.1570
1788120900,4467.340000,4467.340000,4466.660000,4466.670000,0.0610
1788121800,4465.830000,4466.630000,4465.830000,4466.120000,0.2570
1788122700,4465.820000,4465.820000,4464.980000,4465.330000,0.1320
1788123600,4464.650000,4464.880000,4460.790000,4464.130000,1.3440
1788124500,4464.140000,4464.140000,4463.520000,4463.520000,0.0020
1788125400,4461.170000,4461.170000,4456.410000,4457.620000,2.0720
1788126300,4457.650000,4460.490000,4457.460000,4460.490000,0.4030
1788127200,4460.480000,4460.480000,4432.550000,4454.680000,50.0850
1788128100,4452.580000,4459.980000,4452.580000,4455.880000,3.5240
1788129000,4454.310000,4457.230000,4450.400000,4455.260000,0.5150
1788129900,4452.670000,4457.680000,4452.670000,4456.990000,0.6390
1788130800,4457.400000,4460.930000,4455.970000,4456.440000,2.3410
1788131700,4455.820000,4460.040000,4450.750000,4451.300000,8.3340
1788132600,4451.820000,4452.200000,4441.960000,4442.630000,4.0800
1788133500,4441.950000,4453.350000,4432.250000,4453.350000,9.0090
1788134400,4452.780000,4458.850000,4449.370000,4458.850000,2.1230
1788135300,4459.060000,4460.490000,4450.820000,4453.440000,0.7080
1788136200,4455.180000,4467.950000,4455.180000,4461.980000,1.2850
1788137100,4463.600000,4464.240000,4455.180000,4455.180000,1.7130
1788138000,4455.180000,4458.060000,4434.050000,4439.320000,1.6790
1788138900,4439.540000,4448.830000,4439.000000,4440.770000,0.3500
1788139800,4444.360000,4448.080000,4436.330000,4447.210000,0.7550
1788140700,4447.120000,4447.120000,4435.340000,4438.070000,0.6690
1788141600,4436.680000,4436.680000,4417.800000,4422.800000,2.6170
1788142500,4420.950000,4423.570000,4416.810000,4423.170000,0.7530
1788143400,4420.950000,4423.570000,4402.510000,4402.740000,0.9180
1788144300,4405.310000,4420.950000,4396.610000,4420.950000,69.2380
1788145200,4420.950000,4425.030000,4420.810000,4425.030000,4.5800
1788146100,4426.180000,4431.560000,4422.830000,4426.180000,9.2330
1788147000,4423.570000,4423.570000,4417.870000,4420.530000,1.4370
1788147900,4420.950000,4425.120000,4419.650000,4419.650000,0.8120
1788148800,4419.680000,4419.850000,4415.730000,4419.850000,1.3850
1788149700,4418.990000,4418.990000,4415.300000,4415.300000,0.2500
1788150600,4414.520000,4420.140000,4412.520000,4416.950000,2.6900
1788151500,4418.750000,4423.560000,4418.750000,4423.560000,0.3580
1788152400,4423.570000,4426.180000,4420.270000,4424.220000,2.2780
1788153300,4422.950000,4438.240000,4422.950000,4438.240000,0.4410
1788154200,4438.240000,4439.320000,4430.570000,4436.680000,0.3980
1788155100,4436.220000,4441.940000,4435.940000,4441.940000,0.1910
1788156000,4441.320000,4441.320000,4429.120000,4434.040000,0.8470
1788156900,4432.220000,4437.980000,4432.100000,4435.650000,3.0460
1788157800,4435.190000,4436.680000,4431.730000,4436.680000,3.0390
1788158700,4439.320000,4441.940000,4439.320000,4439.330000,0.8670
1788159600,4438.620000,4438.620000,4436.440000,4437.790000,0.3970
1788160500,4435.650000,4447.220000,4435.650000,4445.320000,1.4550
1788161400,4445.000000,4445.840000,4442.590000,4442.590000,5.4530
1788162300,4447.220000,4447.220000,4441.140000,4442.030000,0.5050
1788163200,4442.980000,4449.060000,4439.320000,4440.150000,0.8400
1788164100,4439.770000,4441.950000,4437.250000,4441.490000,3.2690
1788165000,4441.020000,4441.020000,4435.060000,4436.670000,1.0570
1788165900,4436.670000,4437.360000,4434.640000,4436.490000,1.1570
1788166800,4436.790000,4443.230000,4436.750000,4443.010000,0.6930
1788167700,4443.580000,4444.550000,4439.320000,4439.850000,0.7040
1788168600,4439.880000,4445.770000,4439.880000,4444.300000,1.3190
1788169500,4444.300000,4445.570000,4442.460000,4445.570000,1.8360
1788170400,4445.590000,4452.530000,4445.380000,4451.190000,4.9150
1788171300,4451.190000,4451.190000,4447.070000,4448.400000,5.0290
1788172200,4448.050000,4451.410000,4447.590000,4451.120000,1.1850
1788173100,4451.070000,4454.570000,4449.270000,4453.530000,0.9230
1788174000,4453.520000,4456.300000,4452.930000,4453.030000,1.1670
1788174900,4453.010000,4463.160000,4452.090000,4462.960000,0.9950
1788175800,4463.070000,4463.110000,4453.500000,4455.210000,3.4500
1788176700,4455.190000,4455.610000,4452.620000,4455.260000,9.4050
1788177600,4455.260000,4460.490000,4452.130000,4458.130000,10.8210
1788178500,4458.130000,4459.310000,4447.250000,4447.560000,1.9060
1788179400,4447.510000,4449.220000,4439.940000,4441.970000,3.0740
1788180300,4441.000000,4441.200000,4436.120000,4436.120000,1.6740
1788181200,4436.240000,4446.940000,4434.930000,4445.960000,2.0790
1788182100,4446.860000,4447.240000,4439.810000,4444.510000,1.0070
1788183000,4445.730000,4445.730000,4432.600000,4434.110000,1.5230
1788183900,4433.610000,4433.610000,4417.530000,4419.010000,5.2990
1788184800,4419.030000,4427.620000,4418.010000,4427.530000,1.4840
1788185700,4427.990000,4430.930000,4417.560000,4420.610000,1.2970
1788186600,4420.610000,4436.680000,4420.600000,4434.120000,1.0320
1788187500,4434.120000,4436.680000,4427.410000,4431.930000,6.6150
1788188400,4432.780000,4438.390000,4429.790000,4436.410000,2.0360
1788189300,4437.810000,4438.580000,4431.430000,4434.610000,1.2120
1788190200,4434.610000,4436.040000,4428.800000,4429.830000,0.9930
1788191100,4431.270000,4434.050000,4425.770000,4427.020000,0.7950
1788192000,4427.010000,4438.810000,4425.010000,4436.440000,1.0670
1788192900,4436.530000,4439.300000,4434.760000,4439.300000,0.8540
1788193800,4439.320000,4440.000000,4433.450000,4437.340000,0.8950
1788194700,4437.210000,4439.060000,4434.050000,4434.800000,2.0040
1788195600,4434.810000,4435.740000,4431.950000,4434.590000,0.8740
1788196500,4433.970000,4437.660000,4430.460000,4431.430000,0.9100
1788197400,4432.830000,4438.360000,4431.440000,4438.070000,0.8570
1788198300,4438.070000,4439.320000,4435.890000,4436.880000,3.6300
1788199200,4436.880000,4436.880000,4431.790000,4434.630000,2.6500
1788200100,4434.630000,4436.250000,4431.760000,4432.380000,1.1160
1788201000,4431.430000,4431.430000,4427.860000,4430.870000,6.4620
1788201900,4430.870000,4434.050000,4430.870000,4432.700000,5.0420
1788202800,4432.610000,4436.680000,4431.030000,4434.890000,0.9440
1788203700,4435.010000,4443.280000,4434.470000,4441.550000,3.4600
1788204600,4441.540000,4445.910000,4440.330000,4444.170000,0.7880
1788205500,4444.170000,4452.530000,4442.870000,4452.530000,4.9160
1788206400,4452.530000,4455.180000,4450.800000,4450.810000,4.1440
1788207300,4450.810000,4450.820000,4447.970000,4448.280000,0.4700
1788208200,4448.280000,4449.790000,4447.580000,4448.920000,0.5400
1788209100,4448.930000,4449.540000,4447.690000,4448.100000,0.6950
1788210000,4448.390000,4448.860000,4447.480000,4447.500000,0.7850
1788210900,4447.500000,4447.510000,4447.450000,4447.510000,0.3570
1788211800,4447.240000,4448.720000,4447.240000,4448.260000,0.5000
1788212700,4448.260000,4449.600000,4447.600000,4449.240000,0.3630
1788213600,4449.240000,4454.060000,4448.760000,4451.050000,11.7010
1788214500,4451.040000,4451.050000,4447.240000,4448.170000,0.8160
1788215400,4448.610000,4450.150000,4446.070000,4446.250000,3.2380
1788216300,4446.250000,4446.260000,4444.780000,4445.430000,0.7030
1788217200,4446.430000,4446.430000,4442.910000,4442.910000,0.4650
1788218100,4442.420000,4443.450000,4441.920000,4443.380000,0.4500
1788219000,4443.050000,4446.620000,4443.050000,4444.630000,1.2440
1788219900,4445.840000,4451.460000,4445.840000,4451.460000,1.8260
1788220800,4452.530000,4457.720000,4446.570000,4456.520000,1.1270
1788221700,4455.360000,4460.480000,4453.090000,4459.700000,3.2970
1788222600,4459.700000,4460.490000,4452.530000,4452.540000,6.7080
1788223500,4452.530000,4460.230000,4451.360000,4452.510000,1.3910
1788224400,4452.510000,4456.500000,4446.990000,4448.170000,0.8020
1788225300,4446.830000,4447.840000,4439.540000,4440.120000,1.8790
1788226200,4440.110000,4446.900000,4437.810000,4446.900000,1.0710
1788227100,4447.240000,4447.240000,4440.470000,4445.670000,1.2230
1788228000,4445.580000,4449.170000,4443.310000,4445.720000,3.6510
1788228900,4445.700000,4448.750000,4441.950000,4441.950000,0.4970
1788229800,4441.950000,4441.950000,4434.050000,4434.580000,1.1950
1788230700,4434.590000,4444.590000,4431.010000,4444.580000,1.2580
1788231600,4444.590000,4446.780000,4440.580000,4441.360000,7.0790
1788232500,4441.360000,4441.370000,4434.320000,4436.810000,1.1440
1788233400,4436.710000,4440.640000,4436.320000,4440.200000,0.8440
1788234300,4440.200000,4444.590000,4439.320000,4439.320000,3.7860
1788235200,4439.320000,4439.330000,4432.360000,4433.600000,0.8700
1788236100,4433.710000,4433.710000,4433.010000,4433.010000,0.2270
1788237000,4432.250000,4432.250000,4429.920000,4429.920000,0.3430
1788237900,4428.800000,4429.620000,4427.180000,4427.780000,0.4010
1788238800,4428.460000,4433.190000,4428.460000,4433.190000,0.1750
1788239700,4430.960000,4430.960000,4428.800000,4429.700000,0.1700
1788240600,4431.430000,4443.490000,4431.430000,4443.490000,0.1380
1788241500,4444.590000,4445.920000,4442.280000,4445.220000,0.1220
1788242400,4441.950000,4441.950000,4435.610000,4435.610000,0.3540
1788243300,4434.830000,4436.410000,4432.250000,4432.420000,0.2770
1788244200,4433.160000,4436.290000,4432.470000,4436.290000,0.2880
1788245100,4436.670000,4436.670000,4432.550000,4432.550000,0.0180
1788246000,4431.690000,4434.750000,4431.650000,4431.830000,0.1320
1788246900,4432.700000,4432.700000,4428.800000,4428.800000,0.1720
1788247800,4426.180000,4428.800000,4416.050000,4422.020000,1.3850
1788248700,4423.570000,4424.930000,4420.400000,4422.190000,1.1880
1788249600,4421.050000,4421.050000,4394.550000,4407.970000,8.4180
1788250500,4405.330000,4405.770000,4387.530000,4387.530000,0.9810
1788251400,4387.240000,4387.240000,4376.000000,4380.540000,1.2160
1788252300,4382.070000,4382.070000,4374.550000,4376.510000,6.8580
1788253200,4376.020000,4379.540000,4372.160000,4379.440000,2.6820
1788254100,4381.910000,4382.090000,4376.970000,4377.990000,17.6600
1788255000,4375.760000,4376.790000,4372.320000,4375.940000,2.4570
1788255900,4376.800000,4376.970000,4371.500000,4371.500000,0.9680
1788256800,4370.940000,4384.670000,4370.940000,4384.670000,0.1700
1788257700,4384.670000,4389.820000,4384.670000,4389.820000,0.9910
1788258600,4388.460000,4389.840000,4387.240000,4387.240000,1.3020
1788259500,4385.770000,4386.340000,4380.590000,4384.930000,4.9960
1788260400,4384.730000,4389.500000,4382.510000,4384.670000,8.4230
1788261300,4383.320000,4387.240000,4382.080000,4387.240000,2.4940
1788262200,4386.720000,4391.440000,4385.840000,4391.440000,1.9270
1788263100,4391.300000,4393.530000,4380.000000,4380.010000,1.7820
1788264000,4380.700000,4380.700000,4375.970000,4375.970000,0.1420
1788264900,4378.970000,4380.540000,4374.420000,4376.970000,0.4610
1788265800,4375.730000,4375.730000,4361.660000,4369.300000,3.1740
1788266700,4371.860000,4374.460000,4366.750000,4366.750000,2.8020
1788267600,4365.000000,4365.210000,4337.880000,4341.180000,5.7730
1788268500,4341.260000,4351.510000,4338.890000,4351.510000,3.3340
1788269400,4351.980000,4368.070000,4351.980000,4367.680000,1.4560
1788270300,4364.210000,4371.860000,4364.060000,4371.860000,0.2740
1788271200,4372.180000,4376.290000,4361.970000,4375.220000,2.4480
1788272100,4376.160000,4380.790000,4374.420000,4374.420000,1.7060
1788273000,4373.430000,4379.540000,4372.530000,4372.820000,1.4770
1788273900,4373.840000,4376.430000,4364.940000,4366.150000,0.4480
1788274800,4366.960000,4369.300000,4364.210000,4365.470000,0.3210
1788275700,4364.950000,4373.370000,4364.950000,4373.260000,1.2860
1788276600,4372.920000,4375.730000,4371.120000,4375.730000,0.5470
1788277500,4376.970000,4380.000000,4376.700000,4378.860000,1.1420
1788278400,4380.630000,4380.630000,4370.000000,4370.000000,0.5150
1788279300,4370.490000,4371.420000,4360.420000,4360.860000,1.0160
1788280200,4360.000000,4364.210000,4355.940000,4362.680000,1.2290
1788281100,4362.630000,4366.660000,4361.570000,4361.570000,1.3150
1788282000,4360.400000,4360.430000,4354.590000,4355.840000,0.9850
1788282900,4355.890000,4358.440000,4353.230000,4358.440000,0.1650
1788283800,4359.120000,4360.400000,4352.390000,4353.940000,0.4460
1788284700,4353.780000,4353.780000,4351.040000,4351.260000,1.0780
1788285600,4352.280000,4352.280000,4345.320000,4345.760000,0.3200
1788286500,4345.920000,4351.050000,4345.920000,4346.540000,1.5440
1788287400,4346.460000,4346.460000,4338.520000,4339.640000,1.0920
1788288300,4339.660000,4343.930000,4339.130000,4343.190000,2.2920
1788289200,4343.190000,4348.540000,4340.590000,4348.540000,1.5060
1788290100,4346.690000,4347.460000,4345.280000,4346.940000,0.4510
1788291000,4344.460000,4344.460000,4336.380000,4337.210000,0.8470
1788291900,4338.350000,4341.350000,4335.850000,4337.600000,1.0360
1788292800,4338.910000,4343.930000,4337.100000,4338.890000,0.6700
1788293700,4337.290000,4340.790000,4337.290000,4337.860000,0.3240
1788294600,4338.680000,4341.410000,4338.060000,4341.410000,0.1430
1788295500,4341.410000,4341.410000,4341.410000,4341.410000,0.0000
1788296400,4343.930000,4346.050000,4342.300000,4345.990000,0.5910
1788297300,4346.200000,4348.970000,4346.200000,4348.580000,0.2700
1788298200,4348.970000,4351.760000,4348.000000,4351.760000,4.0660
1788299100,4351.780000,4353.710000,4347.820000,4347.820000,0.3790
1788300000,4347.860000,4347.860000,4341.420000,4341.420000,0.1210
1788300900,4341.410000,4341.410000,4340.010000,4340.010000,0.0460
1788301800,4340.470000,4340.470000,4338.890000,4338.890000,0.2740
1788302700,4339.730000,4342.200000,4339.400000,4342.070000,0.5600
1788303600,4341.890000,4343.920000,4340.300000,4343.920000,0.5550
1788304500,4343.520000,4343.520000,4338.890000,4341.410000,0.2820
1788305400,4343.100000,4348.560000,4343.100000,4347.170000,0.4530
1788306300,4346.260000,4346.260000,4338.000000,4338.050000,1.7650
1788307200,4338.000000,4341.410000,4331.710000,4338.890000,13.6030
1788308100,4341.410000,4350.900000,4337.570000,4338.890000,1.4690
1788309000,4337.240000,4345.420000,4335.290000,4345.420000,0.8840
1788309900,4344.830000,4344.830000,4330.010000,4330.860000,0.3050
1788310800,4330.680000,4333.860000,4319.110000,4329.180000,2.8190
1788311700,4333.860000,4338.890000,4328.850000,4328.850000,2.1030
1788312600,4326.340000,4326.340000,4318.500000,4319.410000,1.5190
1788313500,4318.850000,4318.850000,4300.030000,4301.800000,1.7940
1788314400,4303.940000,4312.770000,4303.940000,4306.420000,0.7250
1788315300,4308.900000,4318.850000,4308.900000,4314.430000,1.5120
1788316200,4313.870000,4326.340000,4313.870000,4323.840000,0.5720
1788317100,4323.190000,4323.190000,4314.190000,4315.730000,0.2550
1788318000,4313.870000,4313.870000,4311.380000,4313.870000,0.0940
1788318900,4311.380000,4312.050000,4303.970000,4308.900000,2.0490
1788319800,4306.420000,4306.420000,4294.300000,4297.190000,3.1050
1788320700,4301.470000,4316.120000,4301.470000,4315.180000,1.3380
1788321600,4314.750000,4317.000000,4314.070000,4317.000000,6.6420
1788322500,4317.020000,4317.160000,4317.000000,4317.000000,15.5200
1788323400,4317.010000,4318.310000,4315.020000,4315.680000,10.0540
1788324300,4315.650000,4317.250000,4314.920000,4316.840000,1.9360
1788325200,4318.190000,4320.000000,4315.710000,4320.000000,1.2250
1788326100,4321.350000,4325.160000,4321.350000,4325.160000,0.6720
1788327000,4326.340000,4335.910000,4326.340000,4331.350000,4.0470
1788327900,4333.860000,4336.990000,4331.360000,4332.410000,0.1360
1788328800,4331.350000,4338.890000,4329.980000,4338.890000,0.6110
1788329700,4336.380000,4336.380000,4333.860000,4335.740000,0.4480
1788330600,4334.220000,4336.380000,4329.820000,4336.000000,0.6180
1788331500,4333.860000,4333.860000,4326.400000,4330.440000,0.2290
1788332400,4332.570000,4342.960000,4331.350000,4341.110000,0.2370
1788333300,4338.890000,4339.430000,4338.890000,4339.430000,0.7510
1788334200,4339.430000,4341.460000,4336.380000,4336.380000,0.2100
1788335100,4336.310000,4338.170000,4333.870000,4335.980000,0.0000
1788336000,4335.100000,4341.410000,4335.100000,4338.890000,0.1440
1788336900,4337.450000,4337.450000,4336.380000,4336.380000,0.1600
1788337800,4333.860000,4336.380000,4333.030000,4333.860000,0.2930
1788338700,4331.350000,4331.350000,4326.340000,4326.340000,0.0620
1788339600,4324.650000,4332.590000,4324.650000,4326.340000,0.1350
1788340500,4325.550000,4325.550000,4316.370000,4317.950000,0.1410
1788341400,4319.070000,4321.350000,4318.230000,4319.970000,0.7140
1788342300,4320.550000,4321.350000,4319.830000,4319.830000,0.1110
1788343200,4318.850000,4318.850000,4313.870000,4318.850000,0.1550
1788344100,4321.350000,4322.210000,4321.350000,4322.210000,0.0240
1788345000,4321.010000,4321.010000,4321.010000,4321.010000,0.0520
1788345900,4320.520000,4321.420000,4317.690000,4318.540000,11.0820
1788346800,4321.350000,4333.860000,4321.320000,4333.860000,1.0870
1788347700,4331.350000,4334.680000,4328.410000,4334.320000,0.1350
1788348600,4335.790000,4343.930000,4335.790000,4337.220000,0.3660
1788349500,4337.790000,4343.720000,4337.790000,4343.720000,0.0320
1788350400,4343.930000,4345.320000,4340.040000,4343.390000,0.1620
1788351300,4343.930000,4354.310000,4341.750000,4348.980000,0.4660
1788352200,4346.460000,4346.460000,4338.810000,4346.460000,0.2460
1788353100,4344.860000,4349.990000,4342.160000,4343.650000,19.1480
1788354000,4343.460000,4354.050000,4343.460000,4350.280000,0.2030
1788354900,4348.980000,4367.570000,4348.380000,4365.340000,1.3470
1788355800,4367.610000,4386.800000,4367.610000,4386.800000,0.8930
1788356700,4384.760000,4393.170000,4377.330000,4391.950000,2.9050
1788357600,4393.470000,4403.580000,4389.370000,4397.560000,1.0000
1788358500,4396.830000,4404.150000,4394.980000,4397.400000,0.5770
1788359400,4394.980000,4395.580000,4392.400000,4395.410000,0.4380
1788360300,4392.400000,4392.400000,4384.670000,4384.670000,0.5870
1788361200,4385.640000,4387.240000,4383.340000,4383.500000,0.1330
1788362100,4382.100000,4382.100000,4374.590000,4379.540000,0.2440
1788363000,4382.100000,4382.100000,4376.970000,4376.970000,0.0600
1788363900,4377.920000,4382.530000,4377.920000,4382.530000,3.4870
1788364800,4382.450000,4382.450000,4381.020000,4381.150000,2.6210
1788365700,4380.800000,4381.460000,4379.540000,4379.540000,0.0480
1788366600,4379.540000,4379.540000,4376.970000,4376.970000,0.0390
1788367500,4376.040000,4379.540000,4376.040000,4379.540000,0.2480
1788368400,4379.380000,4379.380000,4379.380000,4379.380000,0.0060
1788369300,4376.970000,4378.960000,4376.960000,4376.960000,0.7090
1788370200,4379.540000,4384.670000,4379.280000,4384.670000,0.2880
1788371100,4387.240000,4387.240000,4386.910000,4386.910000,0.0330
1788372000,4384.670000,4384.670000,4381.020000,4381.020000,0.1130
1788372900,4380.610000,4388.470000,4380.610000,4384.070000,0.1730
1788373800,4387.240000,4387.880000,4384.640000,4384.640000,0.1720
1788374700,4384.170000,4384.170000,4384.170000,4384.170000,0.0010
1788375600,4384.970000,4389.360000,4383.830000,4389.360000,0.9120
1788376500,4389.800000,4392.200000,4389.800000,4392.200000,0.0470
1788377400,4392.400000,4397.560000,4392.400000,4397.560000,0.2720
1788378300,4397.540000,4399.990000,4396.290000,4399.850000,1.4870
1788379200,4400.000000,4400.150000,4397.560000,4397.560000,1.2430
1788380100,4396.210000,4397.750000,4394.990000,4396.770000,0.0000
1788381000,4397.560000,4398.020000,4397.560000,4398.020000,1.1230
1788381900,4398.030000,4399.780000,4396.200000,4399.780000,22.2950
1788382800,4398.800000,4399.510000,4398.800000,4399.500000,0.7650
1788383700,4399.510000,4399.510000,4397.860000,4398.650000,0.0000
1788384600,4397.280000,4397.280000,4396.690000,4396.690000,0.3630
1788385500,4397.760000,4397.760000,4397.760000,4397.760000,0.0120
1788386400,4399.100000,4401.150000,4399.100000,4400.470000,1.1410
1788387300,4398.960000,4400.280000,4397.570000,4400.280000,0.4240
1788388200,4398.590000,4398.590000,4395.780000,4395.780000,0.4770
1788389100,4394.980000,4394.980000,4394.800000,4394.800000,0.0310
1788390000,4394.460000,4394.560000,4394.460000,4394.560000,0.6210
1788390900,4393.830000,4393.830000,4391.530000,4391.530000,0.1040
1788391800,4392.620000,4393.220000,4392.620000,4393.220000,0.9370
1788392700,4394.980000,4396.320000,4393.580000,4393.580000,0.3780
1788393600,4395.030000,4398.290000,4393.210000,4397.940000,4.9110
1788394500,4395.390000,4395.890000,4394.980000,4395.890000,0.0730
1788395400,4394.990000,4397.560000,4392.400000,4397.560000,0.2760
1788396300,4400.150000,4405.330000,4400.150000,4405.330000,0.0620
1788397200,4404.600000,4417.370000,4400.150000,4413.130000,0.7400
1788398100,4410.520000,4410.520000,4405.330000,4410.520000,0.1400
1788399000,4412.950000,4415.730000,4412.950000,4413.130000,0.1870
1788399900,4410.520000,4419.350000,4410.520000,4419.350000,0.0670
1788400800,4420.000000,4422.010000,4419.350000,4419.350000,0.1540
1788401700,4420.220000,4420.420000,4416.810000,4416.810000,0.4040
1788402600,4420.950000,4424.330000,4420.950000,4424.330000,0.0450
1788403500,4422.730000,4426.180000,4422.730000,4426.180000,0.5460
1788404400,4427.470000,4435.310000,4427.470000,4434.630000,0.2060
1788405300,4435.320000,4435.420000,4432.510000,4432.510000,0.0760
1788406200,4436.680000,4437.860000,4434.050000,4434.050000,0.1090
1788407100,4433.910000,4436.680000,4432.860000,4436.680000,2.4340
1788408000,4437.130000,4439.990000,4434.050000,4439.920000,0.1730
1788408900,4436.680000,4441.940000,4436.680000,4441.550000,1.4230
1788409800,4441.930000,4442.890000,4441.780000,4442.890000,0.1760
1788410700,4442.890000,4442.920000,4442.890000,4442.920000,9.0980
1788411600,4443.180000,4444.590000,4436.210000,4436.210000,10.8600
1788412500,4435.850000,4435.850000,4428.150000,4431.430000,0.9330
1788413400,4430.370000,4436.880000,4428.800000,4436.680000,0.2230
1788414300,4436.680000,4443.260000,4436.680000,4438.780000,0.2500
1788415200,4437.840000,4439.430000,4432.970000,4432.970000,0.2880
1788416100,4432.180000,4432.180000,4424.200000,4426.930000,0.7170
1788417000,4427.970000,4431.430000,4427.970000,4431.430000,0.0160
1788417900,4428.800000,4428.800000,4428.800000,4428.800000,0.0120
1788418800,4431.430000,4435.540000,4431.430000,4431.430000,0.2420
1788419700,4428.800000,4434.050000,4428.800000,4432.970000,0.1110
1788420600,4431.430000,4434.050000,4431.430000,4434.050000,0.0400
1788421500,4433.910000,4434.050000,4431.430000,4434.050000,0.2650
1788422400,4436.680000,4447.800000,4436.680000,4438.540000,0.9100
1788423300,4441.950000,4441.950000,4441.730000,4441.730000,0.0250
1788424200,4444.590000,4444.590000,4439.320000,4439.320000,0.0600
1788425100,4441.950000,4444.590000,4440.870000,4442.060000,0.2520
1788426000,4441.390000,4445.320000,4440.760000,4445.320000,0.3610
1788426900,4443.530000,4443.530000,4438.030000,4441.590000,1.5400
1788427800,4441.950000,4442.880000,4439.320000,4439.320000,0.0420
1788428700,4436.680000,4436.680000,4433.570000,4433.990000,1.1350
1788429600,4432.250000,4432.250000,4430.210000,4430.210000,0.0710
1788430500,4430.190000,4430.190000,4426.180000,4429.720000,0.0640
1788431400,4428.660000,4431.430000,4428.660000,4431.430000,0.0220
1788432300,4432.070000,4432.070000,4432.070000,4432.070000,0.0010
1788433200,4434.050000,4436.680000,4434.050000,4436.680000,0.0480
1788434100,4439.320000,4442.200000,4439.320000,4439.320000,0.2870
1788435000,4439.350000,4441.950000,4436.190000,4441.950000,1.0160
1788435900,4444.590000,4450.090000,4444.590000,4450.090000,0.0810
1788436800,4450.990000,4455.180000,4450.990000,4451.030000,0.3030
1788437700,4449.880000,4452.530000,4447.240000,4452.530000,0.0800
1788438600,4455.180000,4482.800000,4455.180000,4471.160000,3.9410
1788439500,4473.830000,4498.050000,4473.830000,4498.050000,1.7130
1788440400,4498.040000,4498.050000,4489.950000,4490.920000,14.2960
1788441300,4487.320000,4487.320000,4479.830000,4481.880000,2.6240
1788442200,4482.570000,4482.570000,4473.250000,4473.350000,1.3660
1788443100,4471.440000,4472.730000,4463.160000,4472.730000,0.1760
1788444000,4472.570000,4475.950000,4465.820000,4471.160000,2.9990
1788444900,4473.830000,4481.880000,4473.830000,4479.190000,0.5620
1788445800,4481.880000,4481.880000,4471.160000,4476.510000,0.2970
1788446700,4479.190000,4487.130000,4469.530000,4485.990000,5.3600
1788447600,4487.250000,4504.070000,4487.250000,4503.460000,5.2690
1788448500,4504.780000,4511.600000,4504.780000,4508.300000,3.1420
1788449400,4506.170000,4506.170000,4497.080000,4497.080000,0.1860
1788450300,4496.910000,4496.910000,4489.620000,4492.640000,8.7020
1788451200,4492.270000,4495.330000,4488.930000,4494.700000,3.3640
1788452100,4493.990000,4494.720000,4492.320000,4492.320000,0.2770
1788453000,4494.190000,4494.200000,4487.660000,4488.510000,0.7900
1788453900,4489.530000,4489.530000,4486.110000,4486.940000,2.2530
1788454800,4486.800000,4489.460000,4484.630000,4488.840000,9.9480
1788455700,4487.150000,4492.650000,4487.150000,4492.650000,0.4300
1788456600,4492.510000,4494.020000,4492.170000,4492.170000,0.1360
1788457500,4492.810000,4494.370000,4488.250000,4488.250000,20.5810
1788458400,4489.050000,4489.050000,4486.810000,4487.450000,5.6290
1788459300,4485.630000,4486.120000,4481.880000,4481.880000,2.0470
1788460200,4481.880000,4482.200000,4479.200000,4482.180000,4.1750
1788461100,4482.180000,4482.180000,4476.960000,4477.040000,0.9690
1788462000,4477.050000,4478.180000,4476.510000,4476.540000,2.9220
1788462900,4475.910000,4476.920000,4475.000000,4475.210000,2.2870
1788463800,4477.340000,4478.630000,4475.450000,4477.980000,0.7970
1788464700,4478.830000,4481.870000,4474.680000,4474.680000,2.4210
1788465600,4475.570000,4475.570000,4473.830000,4473.830000,0.1710
1788466500,4472.090000,4472.100000,4472.090000,4472.100000,0.2810
1788467400,4474.170000,4474.170000,4473.520000,4473.520000,2.1420
1788468300,4473.810000,4475.330000,4473.060000,4475.110000,0.0000
1788469200,4475.610000,4476.510000,4475.420000,4476.510000,0.5990
1788470100,4477.530000,4477.580000,4477.530000,4477.580000,0.0000
1788471000,4477.870000,4477.870000,4477.870000,4477.870000,0.0540
1788471900,4477.880000,4477.880000,4477.880000,4477.880000,0.0000
1788472800,4477.880000,4477.880000,4475.360000,4477.880000,2.8450
1788473700,4478.970000,4478.970000,4477.880000,4477.880000,0.0420
1788474600,4476.460000,4476.890000,4473.850000,4473.850000,2.2320
1788475500,4474.720000,4475.600000,4472.570000,4474.540000,1.7650
1788476400,4475.740000,4478.130000,4474.320000,4478.130000,1.0380
1788477300,4475.970000,4475.970000,4473.320000,4474.160000,0.4890
1788478200,4476.510000,4479.060000,4476.510000,4478.310000,0.1340
1788479100,4478.220000,4480.710000,4478.220000,4479.480000,0.5430
1788480000,4481.310000,4484.240000,4479.640000,4482.600000,1.5950
1788480900,4479.190000,4479.190000,4476.510000,4478.150000,1.8040
1788481800,4479.180000,4479.190000,4478.810000,4479.190000,0.2420
1788482700,4481.880000,4484.560000,4481.880000,4484.560000,0.4480
1788483600,4486.530000,4486.530000,4475.690000,4476.510000,3.0700
1788484500,4476.470000,4476.470000,4470.240000,4471.140000,0.2180
1788485400,4470.880000,4475.930000,4469.890000,4474.180000,1.0780
1788486300,4472.000000,4479.960000,4467.730000,4479.960000,1.8720
1788487200,4479.750000,4481.870000,4478.170000,4479.550000,0.8800
1788488100,4479.500000,4479.500000,4472.220000,4472.220000,1.8160
1788489000,4474.090000,4476.930000,4471.940000,4471.940000,0.5210
1788489900,4476.510000,4479.350000,4476.510000,4479.350000,0.0560
1788490800,4479.140000,4479.140000,4471.890000,4471.940000,0.0940
1788491700,4472.580000,4473.390000,4472.580000,4473.120000,0.0990
1788492600,4474.210000,4474.210000,4471.160000,4471.160000,0.8330
1788493500,4470.000000,4470.000000,4468.490000,4468.490000,0.1190
1788494400,4466.930000,4469.570000,4466.070000,4469.570000,1.3400
1788495300,4469.050000,4471.160000,4469.050000,4471.160000,0.2400
1788496200,4471.620000,4475.580000,4471.620000,4474.520000,0.0970
1788497100,4474.670000,4474.960000,4474.670000,4474.960000,0.0990
1788498000,4474.910000,4475.280000,4468.500000,4469.320000,0.4030
1788498900,4473.540000,4474.480000,4468.490000,4468.490000,0.1190
1788499800,4470.210000,4477.050000,4470.210000,4473.830000,1.6390
1788500700,4471.170000,4472.400000,4467.480000,4467.480000,0.9990
1788501600,4471.080000,4471.500000,4468.490000,4468.490000,0.1410
1788502500,4469.150000,4470.540000,4469.150000,4470.540000,0.1140
1788503400,4469.680000,4469.680000,4465.520000,4465.520000,0.0680
1788504300,4463.160000,4463.300000,4461.220000,4461.840000,0.5530
1788505200,4463.350000,4469.340000,4463.350000,4469.340000,0.2870
1788506100,4467.180000,4471.160000,4467.180000,4471.160000,0.0240
1788507000,4472.490000,4484.630000,4472.490000,4484.630000,1.3940
1788507900,4486.360000,4488.930000,4482.730000,4485.700000,2.2680
1788508800,4487.160000,4487.180000,4479.900000,4483.660000,0.6400
1788509700,4483.760000,4484.350000,4481.560000,4482.450000,0.7290
1788510600,4483.060000,4483.060000,4478.570000,4478.570000,1.0190
1788511500,4478.890000,4480.350000,4477.820000,4479.240000,0.7520
1788512400,4479.590000,4480.090000,4471.170000,4471.280000,0.4380
1788513300,4471.410000,4471.410000,4466.880000,4466.880000,0.1090
1788514200,4467.920000,4471.160000,4467.220000,4469.680000,0.1990
1788515100,4471.160000,4471.160000,4469.330000,4469.730000,2.0020
1788516000,4469.260000,4474.080000,4469.260000,4474.080000,1.3880
1788516900,4475.120000,4475.120000,4474.470000,4474.660000,0.6990
1788517800,4476.500000,4476.500000,4472.990000,4475.390000,0.2440
1788518700,4476.510000,4476.510000,4476.140000,4476.140000,0.0300
1788519600,4474.850000,4474.850000,4472.750000,4473.160000,0.8000
1788520500,4471.930000,4471.930000,4468.850000,4468.850000,0.9530
1788521400,4470.710000,4471.990000,4468.620000,4470.710000,0.5510
1788522300,4472.780000,4472.780000,4468.490000,4468.490000,0.2360
1788523200,4469.690000,4471.160000,4468.490000,4468.490000,0.3740
1788524100,4468.810000,4480.880000,4467.090000,4478.670000,10.9760
1788525000,4476.550000,4476.550000,4384.850000,4400.150000,44.4430
1788525900,4397.560000,4413.470000,4385.710000,4400.000000,4.2760
1788526800,4399.890000,4400.150000,4373.350000,4397.560000,5.3590
1788527700,4398.900000,4416.040000,4397.560000,4416.040000,1.6670
1788528600,4416.500000,4426.240000,4410.520000,4426.240000,2.1490
1788529500,4427.430000,4436.630000,4416.800000,4416.800000,0.8500
1788530400,4420.950000,4436.880000,4416.830000,4434.050000,0.6330
1788531300,4438.240000,4438.810000,4430.200000,4431.040000,2.6810
1788532200,4431.400000,4442.890000,4428.270000,4428.270000,0.7620
1788533100,4431.430000,4431.430000,4422.010000,4430.240000,1.0320
1788534000,4429.070000,4442.920000,4426.180000,4442.920000,0.8550
1788534900,4444.080000,4449.820000,4441.950000,4441.950000,0.5880
1788535800,4439.320000,4445.030000,4439.100000,4443.600000,0.3770
1788536700,4446.280000,4446.280000,4439.320000,4439.320000,0.3090
1788537600,4439.130000,4439.320000,4434.640000,4439.320000,0.3120
1788538500,4440.030000,4441.950000,4436.680000,4436.680000,0.7970
1788539400,4436.510000,4439.320000,4436.140000,4439.320000,0.7130
1788540300,4440.280000,4440.280000,4436.690000,4437.130000,0.1130
1788541200,4436.810000,4436.810000,4431.440000,4434.440000,0.9420
1788542100,4435.420000,4439.420000,4430.190000,4430.190000,0.2360
1788543000,4430.000000,4430.000000,4416.960000,4417.630000,1.1130
1788543900,4420.230000,4422.640000,4418.360000,4418.460000,0.6980
1788544800,4418.340000,4420.950000,4413.130000,4420.950000,0.7100
1788545700,4423.570000,4428.520000,4422.870000,4426.500000,1.3070
1788546600,4427.000000,4427.610000,4424.670000,4424.670000,0.2640
1788547500,4424.430000,4427.220000,4423.680000,4425.510000,0.0000
1788548400,4428.800000,4430.430000,4428.800000,4430.020000,0.0530
1788549300,4431.430000,4436.630000,4429.760000,4436.630000,1.2560
1788550200,4436.640000,4438.750000,4436.060000,4437.790000,0.7400
1788551100,4437.770000,4437.770000,4435.090000,4436.030000,0.1810
1788552000,4435.680000,4436.470000,4431.870000,4432.240000,0.3200
1788552900,4431.430000,4431.430000,4431.060000,4431.060000,1.4970
1788553800,4431.210000,4432.220000,4430.500000,4432.090000,0.0000
1788554700,4432.130000,4432.810000,4430.670000,4432.180000,0.0000
1788555600,4432.310000,4432.850000,4431.370000,4432.850000,0.1660
1788556500,4433.000000,4433.000000,4432.290000,4432.290000,0.1540
1788557400,4431.430000,4432.470000,4431.430000,4432.320000,0.2260
1788558300,4432.800000,4433.380000,4432.570000,4433.310000,0.0000
1788559200,4433.300000,4433.810000,4429.600000,4432.030000,0.2180
1788560100,4432.040000,4432.410000,4431.150000,4432.410000,0.1390
1788561000,4432.630000,4432.630000,4432.630000,4432.630000,0.0010
1788561900,4432.650000,4433.240000,4432.650000,4433.240000,0.0560
1788562800,4433.240000,4433.240000,4433.240000,4433.240000,0.0400
1788563700,4433.250000,4433.250000,4433.240000,4433.240000,0.0850
1788564600,4433.250000,4433.250000,4433.250000,4433.250000,0.0500
1788565500,4433.390000,4433.390000,4432.800000,4432.840000,0.0000
1788566400,4432.830000,4432.830000,4432.830000,4432.830000,0.0020
1788567300,4432.830000,4432.830000,4432.830000,4432.830000,0.0380
1788568200,4432.840000,4432.840000,4432.840000,4432.840000,0.0070
1788569100,4432.840000,4432.840000,4432.840000,4432.840000,0.0710
1788570000,4432.840000,4435.390000,4432.840000,4435.390000,1.4790
1788570900,4436.670000,4436.670000,4436.670000,4436.670000,1.3070
1788571800,4436.680000,4436.680000,4436.680000,4436.680000,0.0000
1788572700,4436.680000,4436.680000,4436.680000,4436.680000,0.0000
1788573600,4436.680000,4436.680000,4436.250000,4436.250000,0.0000
1788574500,4436.240000,4436.240000,4436.240000,4436.240000,0.0030
1788575400,4436.240000,4436.240000,4436.240000,4436.240000,0.0430
1788576300,4434.890000,4434.890000,4434.890000,4434.890000,0.0020
1788577200,4434.630000,4434.630000,4434.400000,4434.400000,0.2100
1788578100,4434.680000,4435.080000,4434.680000,4434.890000,0.3410
1788579000,4435.670000,4435.670000,4435.670000,4435.670000,0.0060
1788579900,4435.670000,4435.670000,4435.170000,4435.560000,0.0000
1788580800,4435.520000,4435.520000,4435.520000,4435.520000,0.0010
1788581700,4434.660000,4434.660000,4432.940000,4432.940000,0.3830
1788582600,4434.100000,4434.100000,4434.100000,4434.100000,0.0780
1788583500,4432.770000,4433.620000,4432.770000,4433.600000,0.0100
1788584400,4432.400000,4433.830000,4432.400000,4433.830000,0.1510
1788585300,4433.940000,4434.170000,4433.170000,4434.170000,0.0960
1788586200,4434.910000,4435.000000,4434.230000,4434.230000,0.0840
1788587100,4432.480000,4432.610000,4432.480000,4432.600000,0.3660
1788588000,4432.600000,4433.990000,4432.600000,4433.690000,0.3360
1788588900,4433.620000,4433.810000,4433.620000,4433.650000,0.4710
1788589800,4433.620000,4433.790000,4433.480000,4433.780000,0.1850
1788590700,4433.780000,4433.840000,4433.780000,4433.780000,0.0000
1788591600,4433.690000,4433.870000,4433.440000,4433.870000,0.0000
1788592500,4433.870000,4434.700000,4433.870000,4434.640000,0.0000
1788593400,4433.950000,4433.950000,4433.950000,4433.950000,0.0470
1788594300,4434.460000,4434.610000,4434.290000,4434.290000,0.0000
1788595200,4433.950000,4433.950000,4433.950000,4433.950000,0.0020
1788596100,4434.910000,4434.910000,4434.910000,4434.910000,0.0240
1788597000,4433.080000,4433.080000,4432.060000,4432.060000,0.4230
1788597900,4431.530000,4433.640000,4431.450000,4433.400000,0.0000
1788598800,4433.400000,4433.400000,4433.400000,4433.400000,0.0040
1788599700,4432.570000,4433.080000,4432.570000,4433.040000,0.0000
1788600600,4433.030000,4433.030000,4433.030000,4433.030000,0.0060
1788601500,4433.280000,4433.280000,4433.280000,4433.280000,0.0010
1788602400,4433.230000,4433.230000,4433.230000,4433.230000,0.0960
1788603300,4434.240000,4434.240000,4434.060000,4434.060000,0.0040
1788604200,4433.120000,4433.120000,4433.120000,4433.120000,0.1360
1788605100,4432.890000,4432.890000,4432.890000,4432.890000,0.0030
1788606000,4432.990000,4433.280000,4432.870000,4433.280000,0.0000
1788606900,4433.280000,4433.280000,4433.280000,4433.280000,0.0050
1788607800,4433.310000,4433.310000,4433.310000,4433.310000,0.0050
1788608700,4433.080000,4433.190000,4432.620000,4432.620000,0.0000
1788609600,4432.620000,4432.620000,4432.620000,4432.620000,0.0000
1788610500,4432.620000,4432.620000,4432.620000,4432.620000,0.0050
1788611400,4432.780000,4432.800000,4432.330000,4432.710000,0.2830
1788612300,4432.770000,4432.950000,4432.450000,4432.470000,0.0720
1788613200,4432.460000,4432.460000,4432.020000,4432.020000,0.0880
1788614100,4432.320000,4432.460000,4432.320000,4432.460000,0.1450
1788615000,4432.450000,4433.550000,4431.880000,4432.950000,6.2220
1788615900,4433.170000,4433.170000,4429.800000,4430.630000,3.4590
1788616800,4430.630000,4432.360000,4429.820000,4430.830000,4.1330
1788617700,4430.830000,4430.830000,4430.560000,4430.770000,1.8200
1788618600,4430.720000,4430.720000,4428.950000,4429.690000,3.3710
1788619500,4429.590000,4431.450000,4429.010000,4429.830000,5.3500
1788620400,4430.070000,4430.230000,4430.070000,4430.230000,0.0070
1788621300,4430.420000,4431.960000,4430.420000,4430.940000,4.0670
1788622200,4432.430000,4432.430000,4432.200000,4432.310000,0.0000
1788623100,4432.310000,4432.310000,4432.310000,4432.310000,0.0040
1788624000,4432.480000,4433.000000,4431.610000,4431.610000,0.0670
1788624900,4431.840000,4431.840000,4429.800000,4431.400000,1.3840
1788625800,4432.060000,4432.060000,4432.060000,4432.060000,1.8690
1788626700,4434.040000,4434.040000,4433.840000,4433.840000,0.1730
1788627600,4434.050000,4435.530000,4434.050000,4435.370000,0.6690
1788628500,4434.780000,4435.230000,4432.450000,4434.490000,0.2640
1788629400,4434.650000,4434.650000,4434.190000,4434.280000,0.0000
1788630300,4434.280000,4435.030000,4434.010000,4434.290000,0.0000
1788631200,4433.630000,4433.850000,4433.630000,4433.850000,0.0000
1788632100,4433.850000,4433.850000,4433.850000,4433.850000,0.0000
1788633000,4433.850000,4433.940000,4433.850000,4433.940000,0.0000
1788633900,4433.960000,4433.960000,4433.960000,4433.960000,0.0100
1788634800,4433.840000,4433.840000,4433.840000,4433.840000,0.0110
1788635700,4433.850000,4433.850000,4433.850000,4433.850000,0.0620
1788636600,4433.840000,4433.840000,4433.000000,4433.000000,0.0130
1788637500,4433.470000,4433.470000,4432.700000,4432.930000,0.3990
1788638400,4433.150000,4433.900000,4432.890000,4433.900000,1.0190
1788639300,4433.750000,4433.750000,4432.820000,4433.140000,1.0060
1788640200,4433.310000,4433.310000,4433.310000,4433.310000,0.0010
1788641100,4431.870000,4432.300000,4431.870000,4432.300000,0.3940
1788642000,4432.450000,4432.450000,4432.450000,4432.450000,0.0040
1788642900,4432.570000,4433.280000,4432.570000,4433.240000,0.0000
1788643800,4433.960000,4433.960000,4432.900000,4433.340000,0.1230
1788644700,4433.490000,4434.380000,4433.330000,4434.380000,0.0490
1788645600,4433.350000,4433.350000,4433.010000,4433.240000,0.0950
1788646500,4431.430000,4432.300000,4431.220000,4432.300000,0.2620
1788647400,4432.550000,4432.550000,4432.230000,4432.370000,0.0000
1788648300,4432.370000,4432.850000,4432.370000,4432.560000,0.0000
1788649200,4432.560000,4432.570000,4431.560000,4432.270000,0.0000
1788650100,4432.220000,4432.220000,4432.220000,4432.220000,0.1380
1788651000,4432.220000,4432.220000,4431.770000,4431.770000,0.0420
1788651900,4431.700000,4432.000000,4431.700000,4432.000000,0.0020
1788652800,4431.450000,4431.450000,4431.450000,4431.450000,0.0020
1788653700,4431.310000,4431.340000,4431.300000,4431.340000,0.0000
1788654600,4431.330000,4431.330000,4431.330000,4431.330000,0.0010
1788655500,4431.340000,4431.340000,4431.330000,4431.330000,0.3380
1788656400,4431.340000,4431.340000,4431.000000,4431.010000,0.2040
1788657300,4431.010000,4431.010000,4431.010000,4431.010000,0.0000
1788658200,4431.010000,4431.010000,4431.010000,4431.010000,0.0000
1788659100,4431.010000,4431.010000,4430.720000,4430.720000,0.0340
1788660000,4430.300000,4430.340000,4428.720000,4429.740000,0.7110
1788660900,4429.740000,4429.740000,4429.730000,4429.730000,0.1450
1788661800,4429.730000,4429.730000,4429.700000,4429.700000,0.3590
1788662700,4429.710000,4429.710000,4429.710000,4429.710000,0.0000
1788663600,4429.710000,4429.710000,4429.710000,4429.710000,0.0010
1788664500,4429.710000,4429.750000,4429.710000,4429.750000,0.8720
1788665400,4429.750000,4430.360000,4429.750000,4430.360000,0.4270
1788666300,4430.720000,4430.720000,4430.710000,4430.720000,0.2210
1788667200,4430.720000,4431.010000,4430.720000,4431.000000,0.4670
1788668100,4431.010000,4431.340000,4429.870000,4430.740000,3.3740
1788669000,4430.760000,4430.760000,4430.760000,4430.760000,0.0000
1788669900,4430.760000,4431.030000,4430.760000,4431.030000,0.0330
1788670800,4431.110000,4431.110000,4431.110000,4431.110000,0.0040
1788671700,4431.270000,4431.270000,4431.270000,4431.270000,0.0030
1788672600,4431.280000,4431.480000,4431.280000,4431.480000,0.8460
1788673500,4431.480000,4432.540000,4431.480000,4432.420000,0.0000
1788674400,4432.410000,4432.410000,4432.410000,4432.410000,0.0310
1788675300,4431.810000,4431.870000,4431.810000,4431.870000,0.0490
1788676200,4431.720000,4431.720000,4431.720000,4431.720000,0.0180
1788677100,4431.720000,4431.720000,4430.360000,4430.400000,1.2380
1788678000,4430.390000,4430.980000,4429.640000,4429.640000,1.4550
1788678900,4429.940000,4429.940000,4429.630000,4429.630000,0.0540
1788679800,4428.810000,4430.090000,4421.910000,4423.540000,1.9090
1788680700,4424.240000,4425.520000,4424.240000,4425.520000,0.7970
1788681600,4425.610000,4425.610000,4423.650000,4423.780000,1.4310
1788682500,4424.620000,4424.620000,4423.810000,4423.820000,2.1270
1788683400,4424.040000,4427.730000,4423.420000,4424.920000,19.0630
1788684300,4425.490000,4425.540000,4425.460000,4425.460000,0.4560
1788685200,4426.090000,4432.740000,4426.090000,4430.570000,3.0610
1788686100,4431.070000,4432.210000,4429.140000,4429.720000,0.9000
1788687000,4429.970000,4430.240000,4429.970000,4430.160000,0.1500
1788687900,4430.160000,4430.160000,4429.390000,4429.440000,0.1360
1788688800,4429.400000,4431.070000,4429.160000,4429.720000,0.7790
1788689700,4429.900000,4429.900000,4428.890000,4429.350000,0.1070
1788690600,4429.310000,4429.310000,4429.070000,4429.080000,0.0380
1788691500,4429.300000,4429.300000,4429.000000,4429.130000,0.8770
1788692400,4429.600000,4429.620000,4429.600000,4429.620000,0.0050
1788693300,4429.680000,4429.680000,4429.680000,4429.680000,0.0010
1788694200,4429.100000,4429.100000,4426.640000,4427.940000,1.0850
1788695100,4429.140000,4429.170000,4429.140000,4429.170000,0.0020
1788696000,4429.870000,4429.870000,4429.620000,4429.620000,0.2440
1788696900,4429.300000,4429.300000,4427.120000,4427.750000,0.0000
1788697800,4427.340000,4427.340000,4427.340000,4427.340000,0.0910
1788698700,4427.320000,4427.420000,4427.040000,4427.420000,0.0370
1788699600,4426.490000,4427.590000,4425.530000,4427.590000,0.2670
1788700500,4427.100000,4427.100000,4425.400000,4425.400000,0.1650
1788701400,4426.220000,4426.580000,4426.110000,4426.580000,0.2580
1788702300,4426.650000,4426.650000,4426.650000,4426.650000,0.0050
1788703200,4426.860000,4426.920000,4426.860000,4426.920000,0.0080
1788704100,4426.820000,4426.820000,4426.350000,4426.350000,0.0110
1788705000,4426.340000,4426.660000,4423.610000,4426.660000,0.3930
1788705900,4426.860000,4428.290000,4426.860000,4427.890000,0.2850
1788706800,4426.870000,4426.870000,4424.420000,4426.520000,0.3980
1788707700,4426.520000,4427.330000,4426.520000,4426.730000,0.1950
1788708600,4426.620000,4427.090000,4426.620000,4426.950000,0.1510
1788709500,4426.970000,4427.920000,4426.610000,4426.610000,0.1410
1788710400,4426.130000,4426.160000,4426.030000,4426.160000,0.0000
1788711300,4426.160000,4426.160000,4425.930000,4426.160000,0.0000
1788712200,4426.140000,4426.140000,4422.270000,4422.270000,0.2430
1788713100,4423.920000,4424.980000,4423.920000,4424.010000,0.4990
1788714000,4423.900000,4423.900000,4421.460000,4422.320000,0.2210
1788714900,4422.310000,4422.360000,4418.080000,4420.040000,0.9340
1788715800,4420.030000,4420.040000,4420.030000,4420.040000,0.0700
1788716700,4420.020000,4420.020000,4418.950000,4419.550000,0.0900
1788717600,4419.120000,4427.280000,4419.120000,4427.280000,0.7790
1788718500,4427.010000,4427.010000,4421.460000,4421.460000,0.7010
1788719400,4422.360000,4422.620000,4420.410000,4421.570000,0.3520
1788720300,4421.570000,4421.570000,4418.980000,4419.000000,0.5930
1788721200,4419.330000,4422.190000,4419.330000,4421.530000,0.3050
1788722100,4421.760000,4421.760000,4419.570000,4419.570000,0.1080
1788723000,4420.170000,4420.170000,4418.450000,4418.960000,0.0000
1788723900,4418.970000,4419.440000,4418.970000,4419.440000,0.2930
1788724800,4421.670000,4422.280000,4421.670000,4422.210000,0.0710
1788725700,4423.560000,4423.560000,4423.560000,4423.560000,0.0230
1788726600,4423.550000,4423.550000,4419.650000,4420.570000,2.0750
1788727500,4420.580000,4420.780000,4420.510000,4420.510000,0.2100
1788728400,4420.520000,4420.700000,4419.860000,4420.000000,0.1280
1788729300,4420.130000,4424.440000,4418.450000,4421.930000,0.3550
1788730200,4421.930000,4421.930000,4417.910000,4421.160000,0.3030
1788731100,4420.030000,4420.680000,4418.510000,4420.500000,0.5210
1788732000,4420.830000,4425.720000,4414.160000,4424.400000,25.3990
1788732900,4424.740000,4426.170000,4423.250000,4425.870000,8.7670
1788733800,4425.050000,4427.640000,4424.360000,4426.700000,6.0710
1788734700,4427.130000,4430.420000,4426.210000,4426.210000,1.5530
1788735600,4426.350000,4428.860000,4426.350000,4427.820000,0.7120
1788736500,4427.810000,4427.810000,4421.870000,4423.990000,1.2180
1788737400,4424.540000,4426.170000,4422.700000,4425.390000,0.7410
1788738300,4426.180000,4428.800000,4418.920000,4421.520000,0.9370
1788739200,4421.840000,4423.570000,4419.130000,4420.960000,1.0080
1788740100,4421.560000,4425.260000,4420.950000,4420.950000,0.3410
1788741000,4420.000000,4421.630000,4415.970000,4421.630000,0.7540
1788741900,4421.440000,4425.740000,4407.270000,4412.200000,1.6700
1788742800,4409.970000,4410.810000,4395.180000,4397.360000,2.7970
1788743700,4397.880000,4401.490000,4387.870000,4401.070000,2.8120
1788744600,4402.370000,4410.510000,4401.850000,4406.730000,2.2620
1788745500,4408.240000,4414.240000,4406.590000,4409.790000,1.2870
1788746400,4407.930000,4407.930000,4399.520000,4401.480000,2.4340
1788747300,4403.210000,4407.170000,4403.210000,4405.700000,0.1540
1788748200,4407.910000,4416.090000,4407.910000,4413.150000,0.1610
1788749100,4412.670000,4416.740000,4407.930000,4407.930000,1.1300
1788750000,4405.860000,4408.530000,4404.610000,4406.430000,0.5020
1788750900,4405.920000,4407.920000,4405.330000,4407.860000,0.3590
1788751800,4407.490000,4407.490000,4402.280000,4402.280000,0.1130
1788752700,4403.350000,4403.350000,4401.020000,4401.060000,0.1960
1788753600,4401.960000,4404.990000,4400.040000,4404.990000,0.7240
1788754500,4405.140000,4405.140000,4399.670000,4400.060000,0.6740
1788755400,4400.560000,4400.560000,4393.540000,4393.540000,0.6220
1788756300,4395.980000,4396.500000,4395.050000,4396.500000,0.4620
1788757200,4396.510000,4402.570000,4396.510000,4400.270000,1.0810
1788758100,4402.740000,4410.080000,4402.010000,4410.080000,0.4690
1788759000,4408.070000,4410.780000,4400.380000,4400.380000,1.7210
1788759900,4403.560000,4405.160000,4393.540000,4393.540000,1.0420
1788760800,4393.260000,4393.870000,4385.910000,4392.380000,2.8700
1788761700,4392.400000,4394.980000,4389.830000,4394.980000,0.1990
1788762600,4393.920000,4397.550000,4393.920000,4397.550000,1.2830
1788763500,4395.530000,4396.290000,4392.400000,4392.400000,1.2250
1788764400,4392.660000,4400.010000,4392.660000,4397.870000,1.6100
1788765300,4399.320000,4399.320000,4394.980000,4394.980000,0.5590
1788766200,4395.050000,4396.790000,4391.710000,4394.290000,0.7120
1788767100,4394.290000,4404.790000,4394.290000,4404.790000,0.3070
1788768000,4404.950000,4416.040000,4404.810000,4415.730000,1.9560
1788768900,4415.730000,4421.860000,4415.730000,4416.690000,0.6780
1788769800,4418.700000,4420.950000,4413.240000,4414.850000,0.2880
1788770700,4413.150000,4413.360000,4409.720000,4409.720000,0.3580
1788771600,4410.380000,4412.990000,4410.380000,4412.140000,0.9080
1788772500,4411.720000,4412.050000,4407.930000,4408.820000,1.7560
1788773400,4406.450000,4407.930000,4405.330000,4407.930000,0.5410
1788774300,4408.370000,4408.370000,4407.920000,4407.920000,0.1330
1788775200,4405.420000,4405.420000,4403.410000,4403.410000,0.3740
1788776100,4403.250000,4403.250000,4397.560000,4397.560000,0.4320
1788777000,4396.760000,4397.560000,4394.980000,4397.560000,0.1630
1788777900,4399.680000,4399.680000,4390.430000,4390.430000,0.1230
1788778800,4392.210000,4394.970000,4391.550000,4394.950000,0.5390
1788779700,4394.980000,4395.820000,4389.610000,4389.850000,0.5810
1788780600,4389.740000,4389.780000,4383.900000,4389.670000,0.7640
1788781500,4387.230000,4391.390000,4387.230000,4387.240000,4.2640
1788782400,4387.560000,4392.400000,4387.560000,4392.390000,1.8500
1788783300,4392.160000,4393.830000,4392.160000,4393.090000,0.6580
1788784200,4394.980000,4397.550000,4394.580000,4397.550000,0.3050
1788785100,4397.550000,4397.550000,4396.880000,4396.880000,0.0670
1788786000,4397.560000,4403.630000,4397.560000,4403.630000,2.1870
1788786900,4403.630000,4403.630000,4403.630000,4403.630000,0.0280
1788787800,4404.960000,4405.330000,4403.940000,4403.940000,0.1080
1788788700,4403.280000,4404.610000,4402.740000,4402.740000,0.2450
1788789600,4402.750000,4408.330000,4402.750000,4408.230000,0.2370
1788790500,4408.290000,4408.290000,4407.030000,4407.030000,0.2570
1788791400,4406.300000,4410.520000,4406.230000,4410.520000,1.5750
1788792300,4411.290000,4418.330000,4411.290000,4418.330000,0.8470
1788793200,4416.270000,4416.890000,4410.520000,4413.130000,0.2520
1788794100,4414.430000,4414.430000,4413.940000,4413.940000,0.0290
1788795000,4411.520000,4411.820000,4409.260000,4411.820000,0.0430
1788795900,4413.130000,4413.130000,4413.130000,4413.130000,0.0200
1788796800,4414.830000,4415.290000,4414.560000,4415.290000,0.2470
1788797700,4415.720000,4415.720000,4415.720000,4415.720000,0.0050
1788798600,4413.500000,4413.500000,4413.500000,4413.500000,0.0050
1788799500,4413.580000,4414.420000,4413.580000,4414.420000,0.0120
1788800400,4414.420000,4414.420000,4414.050000,4414.050000,0.2870
1788801300,4414.350000,4414.350000,4414.350000,4414.350000,0.1330
1788802200,4412.620000,4412.620000,4412.520000,4412.520000,0.0150
1788803100,4410.590000,4410.590000,4409.890000,4409.890000,0.0230
1788804000,4408.480000,4409.160000,4407.930000,4407.930000,0.2490
1788804900,4405.630000,4405.680000,4405.330000,4405.330000,0.2430
1788805800,4410.520000,4411.210000,4410.520000,4411.180000,5.0130
1788806700,4410.610000,4413.360000,4410.610000,4411.720000,7.1660
1788807600,4411.520000,4411.520000,4411.520000,4411.520000,0.0000
1788808500,4411.520000,4411.520000,4411.520000,4411.520000,0.0000
1788809400,4411.510000,4411.510000,4410.520000,4410.520000,0.0310
1788810300,4412.220000,4412.220000,4412.220000,4412.220000,0.0240
1788811200,4410.660000,4410.660000,4410.660000,4410.660000,0.0030
1788812100,4411.230000,4411.230000,4411.230000,4411.230000,0.0730
1788813000,4412.750000,4413.240000,4412.750000,4413.240000,0.0600
1788813900,4413.930000,4413.930000,4413.920000,4413.920000,0.0100
1788814800,4413.810000,4413.810000,4413.810000,4413.810000,0.0040
1788815700,4413.230000,4415.690000,4413.230000,4415.330000,0.0000
1788816600,4415.730000,4420.930000,4415.730000,4420.930000,0.2670
1788817500,4418.420000,4418.880000,4415.730000,4415.770000,0.0210
1788818400,4415.740000,4415.740000,4408.930000,4414.800000,5.6320
1788819300,4412.710000,4413.420000,4410.540000,4410.840000,0.0000
1788820200,4410.520000,4410.520000,4409.010000,4409.010000,0.3730
1788821100,4409.010000,4409.010000,4407.940000,4407.940000,0.8350
1788822000,4408.080000,4408.080000,4408.080000,4408.080000,0.1430
1788822900,4410.610000,4411.790000,4410.430000,4411.790000,0.2440
1788823800,4413.130000,4426.240000,4413.130000,4426.240000,1.6400
1788824700,4428.260000,4428.260000,4423.570000,4423.570000,0.0980
1788825600,4420.950000,4422.390000,4416.650000,4416.650000,0.7420
1788826500,4420.950000,4430.150000,4420.950000,4423.400000,1.9000
1788827400,4423.570000,4424.520000,4420.950000,4422.780000,0.1340
1788828300,4418.740000,4426.180000,4417.020000,4426.180000,0.7310
1788829200,4426.890000,4430.430000,4420.950000,4429.520000,1.0160
1788830100,4430.010000,4435.310000,4428.330000,4435.270000,2.3100
1788831000,4434.010000,4436.940000,4431.460000,4434.120000,1.3700
1788831900,4436.680000,4440.420000,4436.680000,4439.120000,0.1630
1788832800,4437.680000,4438.530000,4428.800000,4430.460000,0.6610
1788833700,4427.000000,4429.510000,4426.300000,4429.510000,0.3210
1788834600,4426.180000,4426.180000,4423.570000,4426.180000,0.4890
1788835500,4425.390000,4425.390000,4425.200000,4425.200000,0.2550
1788836400,4424.240000,4431.260000,4424.110000,4430.880000,0.3310
1788837300,4430.280000,4438.800000,4430.280000,4432.950000,0.2650
1788838200,4434.500000,4434.500000,4431.730000,4433.350000,0.1780
1788839100,4433.400000,4437.160000,4433.400000,4437.160000,0.2110
1788840000,4438.170000,4442.180000,4438.000000,4442.180000,0.4050
1788840900,4439.320000,4439.320000,4434.050000,4434.050000,0.0580
1788841800,4434.990000,4434.990000,4434.680000,4434.760000,0.0340
1788842700,4436.680000,4439.310000,4436.680000,4438.040000,0.0410
1788843600,4437.160000,4437.160000,4428.820000,4429.300000,0.0580
1788844500,4428.800000,4430.710000,4423.400000,4423.400000,0.1840
1788845400,4422.010000,4426.180000,4420.950000,4426.180000,0.0570
1788846300,4425.150000,4425.150000,4419.860000,4419.860000,0.1070
1788847200,4419.630000,4419.630000,4410.650000,4411.260000,0.7340
1788848100,4410.520000,4410.520000,4402.260000,4402.260000,1.6080
1788849000,4403.300000,4409.220000,4401.400000,4409.220000,0.6970
1788849900,4405.350000,4405.770000,4405.350000,4405.770000,0.7590
1788850800,4405.340000,4408.790000,4403.880000,4403.880000,0.2040
1788851700,4402.750000,4404.110000,4402.130000,4402.440000,0.3230
1788852600,4403.790000,4405.330000,4394.220000,4394.220000,0.7970
1788853500,4397.010000,4397.010000,4392.240000,4392.240000,0.1320
1788854400,4393.790000,4396.970000,4390.540000,4390.540000,1.5020
1788855300,4392.520000,4396.630000,4392.520000,4396.630000,0.2140
1788856200,4394.510000,4399.160000,4394.510000,4394.980000,0.1840
1788857100,4394.930000,4397.560000,4393.410000,4393.540000,0.2950
1788858000,4395.510000,4397.560000,4394.680000,4397.560000,1.0860
1788858900,4396.130000,4396.130000,4396.130000,4396.130000,0.0700
1788859800,4394.980000,4403.720000,4394.980000,4403.200000,1.1080
1788860700,4403.940000,4404.520000,4403.900000,4404.520000,0.1500
1788861600,4400.160000,4400.160000,4395.950000,4397.630000,0.4470
1788862500,4398.420000,4407.920000,4398.420000,4401.230000,0.5540
1788863400,4400.630000,4400.630000,4396.430000,4396.450000,0.4230
1788864300,4400.070000,4402.280000,4400.070000,4400.260000,0.4440
1788865200,4397.610000,4400.150000,4394.980000,4394.980000,0.3380
1788866100,4397.560000,4402.740000,4397.560000,4402.740000,0.2240
1788867000,4403.410000,4407.920000,4403.410000,4405.560000,0.2690
1788867900,4405.550000,4408.150000,4400.330000,4408.000000,1.5040
1788868800,4408.000000,4408.600000,4393.550000,4394.930000,1.5610
1788869700,4393.540000,4401.880000,4387.750000,4401.880000,2.0740
1788870600,4402.740000,4409.130000,4397.580000,4398.360000,1.6790
1788871500,4398.360000,4412.050000,4397.950000,4411.920000,0.9270
1788872400,4413.130000,4413.130000,4405.420000,4409.230000,0.3910
1788873300,4409.230000,4411.590000,4402.190000,4402.190000,1.2000
1788874200,4403.390000,4406.180000,4392.970000,4396.890000,2.9230
1788875100,4400.150000,4407.920000,4396.530000,4398.000000,1.0690
1788876000,4397.560000,4404.050000,4394.990000,4394.990000,1.2390
1788876900,4396.680000,4404.100000,4396.680000,4398.300000,1.0480
1788877800,4397.560000,4401.530000,4393.990000,4397.560000,0.8750
1788878700,4400.120000,4400.120000,4392.400000,4397.560000,0.0850
1788879600,4399.400000,4407.920000,4399.400000,4406.790000,0.7630
1788880500,4407.930000,4409.280000,4400.000000,4400.150000,0.5070
1788881400,4404.830000,4404.830000,4399.260000,4399.260000,0.0810
1788882300,4399.470000,4400.470000,4397.560000,4397.560000,0.7760
1788883200,4396.220000,4396.470000,4383.840000,4386.410000,3.0630
1788884100,4387.240000,4394.980000,4386.670000,4394.980000,1.1560
1788885000,4394.550000,4397.500000,4394.550000,4396.520000,0.8020
1788885900,4395.540000,4398.240000,4392.410000,4394.400000,0.2500
1788886800,4395.010000,4403.100000,4395.010000,4397.560000,0.3150
1788887700,4396.980000,4398.770000,4393.120000,4395.130000,2.3430
1788888600,4394.680000,4394.680000,4387.540000,4387.540000,1.2930
1788889500,4388.290000,4390.570000,4388.290000,4390.570000,1.0470
1788890400,4390.540000,4390.540000,4387.210000,4387.210000,0.5340
1788891300,4388.970000,4388.970000,4386.610000,4387.220000,0.3380
1788892200,4387.370000,4387.370000,4384.680000,4386.410000,1.5400
1788893100,4387.390000,4388.000000,4361.940000,4377.130000,6.5670
1788894000,4376.780000,4377.600000,4371.870000,4372.680000,0.9710
1788894900,4371.860000,4371.860000,4369.300000,4370.160000,0.2770
1788895800,4371.170000,4371.170000,4364.300000,4370.160000,1.3730
1788896700,4369.430000,4369.430000,4359.770000,4360.470000,1.4130
1788897600,4360.680000,4364.810000,4359.210000,4361.520000,2.8970
1788898500,4361.670000,4361.900000,4357.910000,4357.910000,0.6400
1788899400,4360.410000,4360.410000,4359.580000,4359.890000,1.3960
1788900300,4359.660000,4359.660000,4348.980000,4356.580000,10.1020
1788901200,4359.120000,4364.110000,4359.120000,4364.110000,0.7760
1788902100,4363.600000,4363.600000,4362.010000,4362.010000,0.1300
1788903000,4362.010000,4364.210000,4362.010000,4364.210000,0.0900
1788903900,4364.210000,4364.350000,4363.310000,4363.580000,1.5470
1788904800,4363.560000,4363.560000,4357.460000,4360.550000,9.0870
1788905700,4359.340000,4359.600000,4357.660000,4357.660000,0.1780
1788906600,4357.350000,4357.930000,4356.580000,4356.580000,0.2540
1788907500,4354.710000,4354.710000,4354.250000,4354.250000,0.0130
1788908400,4356.910000,4357.640000,4356.310000,4356.310000,0.4890
1788909300,4359.120000,4359.210000,4359.120000,4359.210000,0.0220
1788910200,4360.970000,4360.970000,4360.970000,4360.970000,0.1550
1788911100,4360.290000,4360.290000,4354.680000,4354.680000,0.7170
1788912000,4354.050000,4356.320000,4348.990000,4356.320000,3.8230
1788912900,4355.170000,4355.170000,4346.910000,4350.740000,2.4160
1788913800,4350.780000,4357.490000,4348.980000,4357.490000,0.5240
1788914700,4359.120000,4367.710000,4359.120000,4367.710000,0.3060
1788915600,4367.000000,4369.300000,4357.990000,4369.300000,0.5500
1788916500,4369.570000,4372.000000,4366.110000,4372.000000,1.6660
1788917400,4373.230000,4378.480000,4373.230000,4378.480000,0.8830
1788918300,4378.570000,4379.080000,4374.420000,4374.420000,0.0340
1788919200,4373.630000,4374.420000,4373.110000,4374.420000,0.1280
1788920100,4374.650000,4376.970000,4374.650000,4376.970000,0.0330
1788921000,4374.420000,4374.420000,4369.610000,4374.420000,0.3220
1788921900,4376.970000,4385.160000,4376.970000,4383.640000,0.3790
1788922800,4382.100000,4383.290000,4380.520000,4380.520000,0.5880
1788923700,4380.730000,4380.730000,4377.660000,4379.440000,0.1740
1788924600,4378.490000,4380.750000,4377.680000,4380.180000,0.4480
1788925500,4379.120000,4380.360000,4379.120000,4379.380000,0.0440
1788926400,4377.490000,4377.490000,4373.320000,4374.940000,0.5600
1788927300,4374.970000,4382.100000,4374.970000,4381.930000,0.4270
1788928200,4382.090000,4382.090000,4380.010000,4380.460000,0.4480
1788929100,4380.800000,4383.360000,4380.790000,4383.360000,1.3330
1788930000,4384.050000,4389.170000,4383.920000,4389.170000,0.2970
1788930900,4389.820000,4389.820000,4386.070000,4389.810000,0.1370
1788931800,4387.670000,4399.590000,4386.830000,4399.590000,0.8610
1788932700,4395.190000,4403.330000,4395.190000,4401.820000,0.2680
1788933600,4400.830000,4405.910000,4400.830000,4404.740000,1.4340
1788934500,4405.300000,4405.300000,4397.580000,4397.580000,0.1070
1788935400,4399.670000,4406.450000,4399.670000,4402.740000,0.2110
1788936300,4401.750000,4403.820000,4401.750000,4403.820000,0.1790
1788937200,4405.330000,4409.900000,4405.330000,4409.900000,0.2200
1788938100,4408.280000,4410.000000,4406.400000,4410.000000,0.3250
1788939000,4408.710000,4411.590000,4408.710000,4410.750000,0.1200
1788939900,4412.220000,4413.120000,4412.220000,4412.430000,0.0430
1788940800,4410.320000,4410.320000,4406.940000,4406.940000,0.0610
1788941700,4405.330000,4405.330000,4402.110000,4402.110000,0.0570
1788942600,4403.670000,4403.670000,4402.830000,4403.020000,0.2750
1788943500,4403.850000,4403.850000,4403.850000,4403.850000,0.0040
1788944400,4402.820000,4403.250000,4402.080000,4402.080000,0.0500
1788945300,4400.200000,4402.150000,4400.000000,4400.000000,0.2050
1788946200,4399.830000,4400.270000,4397.970000,4397.970000,0.2340
1788947100,4397.560000,4397.560000,4391.530000,4391.530000,0.1390
1788948000,4391.820000,4394.190000,4389.090000,4392.690000,0.2130
1788948900,4392.280000,4397.550000,4392.280000,4396.520000,0.5210
1788949800,4396.120000,4399.930000,4396.120000,4397.370000,0.6730
1788950700,4397.340000,4405.040000,4397.340000,4405.040000,0.9300
1788951600,4402.840000,4403.980000,4402.840000,4403.980000,0.1870
1788952500,4404.900000,4410.270000,4404.900000,4410.270000,0.3140
1788953400,4409.820000,4409.820000,4406.110000,4409.430000,0.6950
1788954300,4410.520000,4415.730000,4409.160000,4409.160000,0.8310
1788955200,4411.570000,4411.570000,4402.740000,4402.740000,0.1100
1788956100,4400.970000,4401.370000,4397.560000,4397.560000,0.0920
1788957000,4396.180000,4399.260000,4394.990000,4397.640000,0.0000
1788957900,4400.150000,4404.390000,4400.150000,4404.390000,0.9720
1788958800,4401.640000,4413.970000,4401.640000,4413.600000,0.3760
1788959700,4413.920000,4428.940000,4413.920000,4428.940000,0.2840
1788960600,4430.000000,4433.820000,4414.530000,4416.470000,0.4270
1788961500,4418.340000,4424.250000,4413.130000,4413.220000,0.2030
1788962400,4415.730000,4428.790000,4415.730000,4423.570000,0.4350
1788963300,4424.460000,4424.460000,4411.460000,4423.570000,0.5060
1788964200,4424.650000,4428.160000,4421.960000,4423.570000,0.6650
1788965100,4420.950000,4421.560000,4417.070000,4417.070000,0.2880
1788966000,4419.640000,4431.590000,4384.670000,4392.400000,3.9330
1788966900,4389.820000,4396.070000,4378.420000,4396.070000,0.7900
1788967800,4395.860000,4407.730000,4395.860000,4405.330000,1.3860
1788968700,4403.660000,4407.700000,4400.150000,4400.150000,0.4640
1788969600,4400.000000,4403.370000,4397.560000,4399.800000,0.7890
1788970500,4398.820000,4402.740000,4393.610000,4402.740000,0.5380
1788971400,4401.810000,4407.930000,4401.510000,4407.930000,0.6610
1788972300,4408.950000,4410.520000,4407.500000,4410.520000,0.1280
1788973200,4411.460000,4420.040000,4411.460000,4418.860000,0.2300
1788974100,4416.320000,4420.880000,4415.780000,4415.780000,0.2250
1788975000,4415.730000,4417.080000,4413.150000,4414.840000,0.2200
1788975900,4415.420000,4417.760000,4415.420000,4417.710000,0.2130
1788976800,4416.990000,4421.700000,4416.990000,4420.450000,0.4750
1788977700,4420.340000,4420.690000,4417.070000,4417.360000,0.2430
1788978600,4417.570000,4418.350000,4410.970000,4412.400000,0.3730
1788979500,4410.520000,4410.520000,4404.080000,4404.080000,0.0990
1788980400,4403.590000,4404.100000,4398.900000,4399.050000,6.4720
1788981300,4399.940000,4405.330000,4399.940000,4402.990000,0.1530
1788982200,4401.180000,4402.250000,4398.420000,4400.090000,0.2890
1788983100,4400.290000,4402.310000,4397.840000,4399.850000,0.1790
1788984000,4399.590000,4399.590000,4398.180000,4398.250000,0.4590
1788984900,4397.560000,4397.560000,4395.430000,4396.200000,0.4120
1788985800,4395.860000,4402.740000,4395.860000,4402.230000,0.3640
1788986700,4401.470000,4403.240000,4401.470000,4403.200000,0.0700
1788987600,4404.570000,4404.580000,4404.570000,4404.580000,0.0290
1788988500,4403.290000,4404.620000,4403.290000,4404.300000,0.0000
1788989400,4405.040000,4405.040000,4404.990000,4404.990000,0.1260
1788990300,4403.240000,4403.460000,4400.400000,4401.220000,0.9640
1788991200,4404.460000,4407.460000,4403.790000,4404.640000,0.5980
1788992100,4402.930000,4404.800000,4400.760000,4403.340000,0.4210
1788993000,4402.710000,4404.250000,4400.740000,4401.500000,0.3060
1788993900,4400.150000,4400.150000,4398.120000,4399.070000,0.3050
1788994800,4400.300000,4402.740000,4399.230000,4400.490000,0.5000
1788995700,4401.320000,4402.740000,4396.230000,4397.520000,0.3440
1788996600,4397.690000,4397.690000,4394.760000,4394.760000,0.2120
1788997500,4394.980000,4395.520000,4394.290000,4394.290000,0.0490
1788998400,4394.280000,4397.560000,4391.630000,4397.560000,1.6300
1788999300,4396.570000,4399.980000,4394.980000,4394.980000,0.5000
1789000200,4394.940000,4401.380000,4394.940000,4401.380000,0.5860
1789001100,4399.680000,4404.220000,4399.140000,4401.490000,1.4560
1789002000,4401.640000,4418.340000,4401.640000,4413.130000,0.6010
1789002900,4411.650000,4415.730000,4410.590000,4414.670000,0.1920
1789003800,4411.370000,4411.370000,4406.890000,4410.220000,0.3220
1789004700,4409.670000,4414.440000,4409.460000,4410.380000,0.4280
1789005600,4412.530000,4418.340000,4412.530000,4414.130000,0.4660
1789006500,4415.320000,4415.730000,4409.470000,4415.730000,0.8840
1789007400,4417.260000,4420.650000,4412.070000,4419.520000,0.6420
1789008300,4418.400000,4420.490000,4418.080000,4418.900000,0.2330
1789009200,4419.700000,4420.950000,4413.150000,4415.330000,0.4020
1789010100,4413.280000,4415.250000,4413.130000,4413.130000,0.0910
1789011000,4410.540000,4412.140000,4407.930000,4407.930000,0.1000
1789011900,4407.940000,4410.170000,4407.940000,4409.410000,0.1350
1789012800,4408.910000,4414.980000,4408.910000,4414.980000,0.2510
1789013700,4414.550000,4415.220000,4414.260000,4414.260000,0.3670
1789014600,4412.340000,4414.370000,4406.600000,4406.600000,1.0380
1789015500,4409.310000,4412.280000,4408.150000,4409.330000,0.9410
1789016400,4409.330000,4419.930000,4409.330000,4419.930000,0.7690
1789017300,4418.440000,4419.950000,4417.660000,4419.650000,0.1940
1789018200,4420.300000,4427.890000,4418.760000,4427.890000,0.7190
1789019100,4428.000000,4429.740000,4424.150000,4429.740000,0.2480
1789020000,4429.990000,4433.220000,4418.340000,4418.340000,0.8310
1789020900,4416.530000,4416.530000,4412.380000,4415.730000,0.2500
1789021800,4417.070000,4426.180000,4413.380000,4425.430000,0.4350
1789022700,4425.880000,4428.410000,4424.330000,4424.580000,0.1020
1789023600,4423.610000,4423.610000,4414.340000,4415.560000,0.3240
1789024500,4413.150000,4414.400000,4410.520000,4410.520000,0.1520
1789025400,4408.800000,4410.960000,4406.460000,4406.460000,0.3960
1789026300,4410.520000,4414.750000,4410.520000,4414.410000,0.1260
1789027200,4411.150000,4411.150000,4406.460000,4406.460000,0.2090
1789028100,4406.450000,4406.450000,4406.450000,4406.450000,0.0010
1789029000,4405.330000,4405.330000,4397.570000,4397.570000,0.1700
1789029900,4397.560000,4398.610000,4394.990000,4396.390000,0.8000
1789030800,4396.390000,4397.590000,4393.550000,4395.740000,1.1540
1789031700,4396.310000,4397.360000,4393.550000,4394.150000,0.4610
1789032600,4394.130000,4394.130000,4390.280000,4392.620000,0.4940
1789033500,4394.980000,4396.760000,4394.980000,4396.560000,0.0790
1789034400,4393.890000,4400.490000,4392.410000,4397.550000,0.3890
1789035300,4397.200000,4400.780000,4396.230000,4397.560000,0.1780
1789036200,4395.700000,4395.700000,4381.030000,4387.280000,2.3340
1789037100,4385.540000,4389.320000,4378.540000,4380.730000,1.5870
1789038000,4381.130000,4386.340000,4379.540000,4386.340000,0.7710
1789038900,4384.830000,4389.810000,4383.760000,4389.810000,0.3510
1789039800,4388.830000,4392.400000,4386.420000,4387.240000,0.9810
1789040700,4386.320000,4386.320000,4377.100000,4377.730000,2.6310
1789041600,4377.720000,4379.060000,4371.260000,4375.460000,21.2800
1789042500,4376.320000,4377.270000,4364.610000,4366.140000,1.7260
1789043400,4369.300000,4374.420000,4329.600000,4345.160000,8.7910
1789044300,4344.080000,4356.580000,4341.420000,4342.900000,0.8280
1789045200,4346.110000,4358.340000,4344.450000,4347.650000,1.1920
1789046100,4346.460000,4357.430000,4344.800000,4356.580000,1.2810
1789047000,4359.120000,4373.040000,4357.490000,4369.300000,0.3790
1789047900,4368.270000,4375.890000,4366.750000,4369.410000,0.8050
1789048800,4371.860000,4375.720000,4364.210000,4364.210000,0.3620
1789049700,4361.670000,4374.420000,4357.460000,4366.750000,2.3200
1789050600,4364.220000,4369.300000,4361.660000,4361.660000,0.6990
1789051500,4359.120000,4363.100000,4356.580000,4358.950000,0.6570
1789052400,4360.590000,4362.270000,4354.840000,4360.170000,0.5470
1789053300,4361.660000,4368.560000,4361.660000,4364.930000,2.0620
1789054200,4365.640000,4373.030000,4365.640000,4366.750000,0.4590
1789055100,4368.070000,4369.370000,4364.210000,4366.750000,0.0860
1789056000,4369.300000,4369.300000,4357.090000,4361.580000,0.2920
1789056900,4361.660000,4364.840000,4358.020000,4364.200000,3.7090
1789057800,4364.200000,4366.640000,4361.660000,4362.070000,2.2810
1789058700,4364.210000,4364.210000,4363.320000,4363.320000,0.0210
1789059600,4366.530000,4368.170000,4361.660000,4368.170000,1.1920
1789060500,4364.370000,4367.750000,4364.370000,4367.750000,0.0910
1789061400,4366.060000,4366.460000,4360.390000,4360.390000,0.7350
1789062300,4362.590000,4362.590000,4355.600000,4355.600000,0.7820
1789063200,4355.000000,4357.090000,4344.030000,4345.920000,0.8900
1789064100,4343.930000,4348.010000,4342.570000,4342.570000,0.0590
1789065000,4341.930000,4341.930000,4336.220000,4336.930000,0.3430
1789065900,4337.320000,4341.010000,4333.860000,4336.380000,1.0610
1789066800,4336.370000,4336.370000,4318.780000,4325.500000,2.4940
1789067700,4327.420000,4333.850000,4327.420000,4332.590000,0.2600
1789068600,4332.590000,4333.710000,4329.260000,4332.040000,0.2330
1789069500,4330.300000,4330.300000,4326.350000,4327.090000,0.2270
1789070400,4328.200000,4329.300000,4326.470000,4329.010000,0.7290
1789071300,4329.000000,4329.000000,4323.160000,4323.970000,0.4290
1789072200,4323.380000,4323.380000,4322.220000,4323.330000,0.0880
1789073100,4323.680000,4325.060000,4322.060000,4325.060000,0.3260
1789074000,4324.930000,4329.430000,4324.930000,4328.560000,0.1110
1789074900,4328.500000,4328.810000,4328.500000,4328.810000,0.1660
1789075800,4328.000000,4328.000000,4326.340000,4326.340000,0.2690
1789076700,4326.350000,4327.170000,4326.350000,4327.170000,0.2410
1789077600,4327.930000,4328.870000,4324.850000,4327.980000,0.4260
1789078500,4326.550000,4326.970000,4326.550000,4326.970000,0.4140
1789079400,4326.340000,4326.340000,4321.350000,4321.350000,0.2050
1789080300,4323.840000,4325.260000,4323.840000,4325.260000,0.0260
1789081200,4324.660000,4325.140000,4324.120000,4324.120000,0.1200
1789082100,4325.630000,4325.630000,4323.880000,4324.180000,3.9960
1789083000,4323.800000,4324.150000,4321.350000,4321.490000,0.6660
1789083900,4321.490000,4321.490000,4318.850000,4318.850000,0.1330
1789084800,4321.350000,4328.310000,4321.350000,4323.840000,0.5060
1789085700,4326.340000,4330.730000,4326.160000,4330.730000,13.8350
1789086600,4331.340000,4333.860000,4328.860000,4333.860000,7.0500
1789087500,4333.860000,4340.210000,4333.860000,4339.460000,0.2140
1789088400,4339.190000,4346.140000,4336.470000,4340.430000,11.3630
1789089300,4338.890000,4342.220000,4329.250000,4335.400000,2.3980
1789090200,4338.890000,4341.410000,4331.350000,4331.650000,0.0700
1789091100,4335.420000,4335.480000,4332.000000,4335.480000,4.3260
1789092000,4336.380000,4339.600000,4335.600000,4337.610000,10.5450
1789092900,4338.000000,4340.240000,4332.080000,4333.920000,0.6770
1789093800,4331.660000,4331.660000,4325.260000,4328.850000,2.3250
1789094700,4327.710000,4333.190000,4325.340000,4329.530000,1.0430
1789095600,4331.590000,4333.620000,4323.330000,4326.340000,2.2210
1789096500,4327.530000,4328.840000,4313.670000,4317.470000,1.9760
1789097400,4317.400000,4321.220000,4315.740000,4316.900000,1.5970
1789098300,4316.900000,4316.900000,4310.110000,4311.860000,2.8420
1789099200,4312.400000,4331.360000,4311.400000,4331.360000,1.2350
1789100100,4329.440000,4336.380000,4329.080000,4336.380000,0.6080
1789101000,4336.990000,4338.880000,4334.760000,4338.880000,0.8420
1789101900,4338.220000,4341.400000,4337.470000,4340.880000,1.0640
1789102800,4339.390000,4343.000000,4336.680000,4343.000000,1.1860
1789103700,4343.930000,4344.860000,4339.580000,4339.580000,0.1140
1789104600,4340.900000,4347.230000,4340.890000,4347.230000,2.5390
1789105500,4348.310000,4356.550000,4347.000000,4354.760000,1.7720
