Time	Open	High	Low	Close	Volume
2016-09-12 04:00:00	1327.0000	1329.3000	1319.9000	1321.0000	177
2016-09-13 04:00:00	1324.6000	1324.6000	1315.0000	1319.0000	79
2016-09-14 04:00:00	1319.2000	1322.3000	1319.2000	1321.5000	73
2016-09-15 04:00:00	1320.7000	1320.7000	1310.8000	1313.5000	37
2016-09-16 04:00:00	1312.2000	1312.6000	1305.8000	1305.8000	4
2016-09-19 04:00:00	1313.5000	1313.5000	1313.5000	1313.5000	20
2016-09-20 04:00:00	1313.7000	1313.7000	1313.7000	1313.7000	97
2016-09-21 04:00:00	1326.3000	1326.9000	1324.0000	1326.9000	76
2016-09-22 04:00:00	1338.6000	1340.4000	1338.2000	1340.4000	23
2016-09-23 04:00:00	1337.2000	1337.2000	1337.2000	1337.2000	40
2016-09-26 04:00:00	1335.2000	1341.8000	1335.2000	1339.7000	24
2016-09-27 04:00:00	1328.0000	1328.7000	1325.9000	1325.9000	48
2016-09-28 04:00:00	1319.4000	1319.4000	1319.4000	1319.4000	10551
2016-09-29 04:00:00	1321.2000	1325.0000	1314.7000	1321.7000	6108
2016-09-30 04:00:00	1320.6000	1327.7000	1312.9000	1313.3000	868
2016-10-03 04:00:00	1313.5000	1316.8000	1308.2000	1309.0000	299
2016-10-04 04:00:00	1307.6000	1310.2000	1266.3000	1266.3000	1893
2016-10-05 04:00:00	1272.1000	1274.0000	1261.3000	1265.2000	246
2016-10-06 04:00:00	1265.3000	1265.3000	1249.8000	1249.8000	114
2016-10-07 04:00:00	1253.9000	1263.6000	1248.9000	1248.9000	169
2016-10-11 04:00:00	1258.9000	1258.9000	1253.0000	1253.0000	26
2016-10-12 04:00:00	1251.7000	1254.0000	1251.1000	1251.1000	127
2016-10-13 04:00:00	1258.7000	1259.0000	1255.0000	1255.0000	315
2016-10-14 04:00:00	1253.9000	1253.9000	1250.6000	1253.1000	311
2016-10-17 04:00:00	1249.9000	1255.0000	1249.9000	1254.4000	41
2016-10-18 04:00:00	1260.9000	1261.7000	1260.8000	1260.8000	11
2016-10-19 04:00:00	1262.9000	1271.5000	1262.9000	1267.9000	219
2016-10-20 04:00:00	1270.0000	1270.5000	1265.5000	1265.6000	415
2016-10-21 04:00:00	1265.9000	1265.9000	1265.9000	1265.9000	224
2016-10-24 04:00:00	1269.2000	1269.2000	1261.8000	1262.0000	42
2016-10-25 04:00:00	1264.1000	1274.1000	1264.1000	1271.9000	61
2016-10-26 04:00:00	1274.0000	1274.0000	1264.8000	1264.8000	279
2016-10-27 04:00:00	1269.4000	1269.4000	1267.9000	1267.9000	338
2016-10-28 04:00:00	1270.3000	1281.5000	1262.0000	1275.5000	560
2016-10-31 04:00:00	1276.6000	1276.6000	1271.5000	1271.5000	58
2016-11-01 04:00:00	1279.3000	1290.7000	1279.0000	1286.4000	49
2016-11-02 04:00:00	1288.3000	1307.0000	1288.3000	1306.8000	30
2016-11-03 04:00:00	1296.4000	1303.1000	1287.3000	1302.1000	73
2016-11-04 04:00:00	1300.0000	1303.3000	1296.7000	1303.3000	11
2016-11-07 05:00:00	1292.0000	1294.5000	1278.3000	1278.3000	34
2016-11-08 05:00:00	1284.1000	1289.4000	1273.2000	1273.4000	50
2016-11-09 05:00:00	1272.2000	1318.6000	1270.0000	1272.6000	108
2016-11-10 05:00:00	1274.4000	1287.5000	1253.3000	1265.5000	63
2016-11-14 05:00:00	1227.8000	1229.5000	1210.4000	1221.2000	216
2016-11-15 05:00:00	1224.3000	1226.0000	1222.5000	1224.0000	20
2016-11-16 05:00:00	1229.3000	1229.3000	1223.0000	1223.4000	66
2016-11-17 05:00:00	1224.6000	1225.0000	1211.0000	1216.5000	1139
2016-11-18 05:00:00	1211.9000	1211.9000	1207.2000	1208.5000	607
2016-11-21 05:00:00	1209.6000	1209.6000	1209.6000	1209.6000	19
2016-11-22 05:00:00	1210.4000	1211.1000	1207.6000	1211.0000	19
2016-11-23 05:00:00	1212.8000	1213.8000	1186.8000	1189.1000	309
2016-11-25 05:00:00	1177.0000	1189.3000	1177.0000	1178.2000	14
2016-11-28 05:00:00	1188.0000	1190.6000	1188.0000	1190.6000	189914
2016-11-29 05:00:00	1193.2000	1194.8000	1179.4000	1187.9000	42124
2016-11-30 05:00:00	1187.1000	1193.3000	1167.9000	1170.8000	7158
2016-12-01 05:00:00	1172.7000	1174.6000	1160.0000	1166.9000	1588
2016-12-02 05:00:00	1172.3000	1177.3000	1166.4000	1175.1000	1521
2016-12-05 05:00:00	1181.8000	1186.7000	1157.0000	1174.0000	358
2016-12-06 05:00:00	1170.9000	1174.5000	1167.1000	1167.6000	652
2016-12-07 05:00:00	1167.7000	1178.5000	1166.4000	1175.0000	182
2016-12-08 05:00:00	1173.8000	1177.8000	1169.1000	1169.8000	322
2016-12-09 05:00:00	1166.6000	1168.8000	1156.0000	1159.4000	365
2016-12-12 05:00:00	1158.3000	1163.9000	1153.0000	1163.5000	331
2016-12-13 05:00:00	1163.5000	1164.0000	1155.4000	1156.7000	637
2016-12-14 05:00:00	1159.8000	1164.0000	1142.0000	1161.3000	487
2016-12-15 05:00:00	1139.8000	1143.3000	1123.9000	1127.8000	244
2016-12-16 05:00:00	1126.9000	1140.9000	1126.9000	1135.3000	146
2016-12-19 05:00:00	1139.4000	1140.7000	1137.9000	1140.5000	249
2016-12-20 05:00:00	1133.5000	1133.5000	1126.5000	1131.5000	46
2016-12-21 05:00:00	1136.1000	1136.1000	1130.0000	1131.1000	50
2016-12-22 05:00:00	1131.2000	1132.8000	1128.3000	1128.8000	104
2016-12-23 05:00:00	1130.9000	1132.8000	1130.3000	1131.9000	70
2016-12-27 05:00:00	1134.3000	1142.2000	1134.3000	1137.3000	84
2016-12-28 05:00:00	1141.2000	1141.2000	1138.0000	1139.4000	1570
2016-12-29 05:00:00	1143.8000	1158.8000	1143.6000	1156.4000	950
2016-12-30 05:00:00	1162.0000	1162.0000	1150.0000	1150.0000	16
2017-01-03 05:00:00	1155.2000	1160.8000	1146.5000	1160.4000	52
2017-01-04 05:00:00	1156.3000	1165.0000	1156.3000	1163.8000	36
2017-01-05 05:00:00	1172.0000	1183.3000	1171.5000	1179.7000	500
2017-01-06 05:00:00	1176.5000	1176.5000	1171.9000	1171.9000	16
2017-01-09 05:00:00	1173.9000	1183.6000	1173.0000	1183.5000	62
2017-01-10 05:00:00	1184.3000	1188.9000	1182.3000	1184.2000	8
2017-01-11 05:00:00	1187.5000	1197.0000	1176.5000	1195.6000	20
2017-01-12 05:00:00	1192.7000	1204.3000	1192.3000	1198.9000	110
2017-01-13 05:00:00	1195.7000	1196.0000	1187.7000	1195.3000	65
2017-01-17 05:00:00	1205.5000	1214.6000	1200.8000	1212.0000	79
2017-01-18 05:00:00	1213.6000	1214.7000	1203.1000	1211.3000	114
2017-01-19 05:00:00	1200.5000	1204.0000	1195.8000	1200.9000	26
2017-01-20 05:00:00	1202.8000	1212.1000	1202.8000	1204.3000	38
2017-01-23 05:00:00	1212.0000	1215.0000	1210.0000	1215.0000	16
2017-01-24 05:00:00	1219.0000	1219.0000	1207.7000	1210.3000	24
2017-01-25 05:00:00	1202.0000	1202.8000	1194.9000	1197.3000	403
2017-01-26 05:00:00	1199.7000	1199.7000	1185.6000	1189.5000	19
2017-01-27 05:00:00	1187.9000	1188.3000	1187.9000	1188.1000	234352
2017-01-30 05:00:00	1191.7000	1198.5000	1187.1000	1193.2000	50503
2017-01-31 05:00:00	1194.9000	1214.7000	1193.5000	1208.6000	3212
2017-02-01 05:00:00	1211.9000	1211.9000	1197.9000	1205.6000	1145
2017-02-02 05:00:00	1209.7000	1224.2000	1208.9000	1216.7000	1512
2017-02-03 05:00:00	1214.9000	1220.6000	1206.2000	1218.5000	865
2017-02-06 05:00:00	1221.9000	1235.4000	1218.5000	1230.0000	908
2017-02-07 05:00:00	1234.2000	1236.2000	1228.5000	1234.2000	1177
2017-02-08 05:00:00	1232.1000	1243.9000	1231.0000	1237.6000	288
2017-02-09 05:00:00	1239.4000	1243.5000	1226.9000	1235.1000	885
2017-02-10 05:00:00	1227.6000	1234.4000	1221.5000	1234.4000	391
2017-02-13 05:00:00	1230.5000	1231.1000	1219.0000	1224.4000	398
2017-02-14 05:00:00	1225.9000	1233.5000	1222.1000	1223.9000	159
2017-02-15 05:00:00	1225.5000	1231.7000	1217.3000	1231.7000	175
2017-02-16 05:00:00	1234.5000	1240.7000	1233.2000	1240.0000	87
2017-02-17 05:00:00	1240.7000	1241.2000	1234.8000	1237.6000	301
2017-02-21 05:00:00	1237.3000	1237.5000	1228.1000	1237.5000	119
2017-02-22 05:00:00	1236.1000	1238.6000	1231.8000	1232.0000	36
2017-02-23 05:00:00	1236.1000	1250.3000	1236.1000	1250.2000	112
2017-02-24 05:00:00	1250.0000	1258.8000	1250.0000	1256.9000	1264
2017-02-27 05:00:00	1254.7000	1263.1000	1250.4000	1257.4000	544
2017-02-28 05:00:00	1253.6000	1257.3000	1247.2000	1252.6000	721
2017-03-01 05:00:00	1247.8000	1248.9000	1236.9000	1248.9000	138
2017-03-02 05:00:00	1247.2000	1247.6000	1230.7000	1231.9000	79
2017-03-03 05:00:00	1231.7000	1235.2000	1222.9000	1225.5000	121
2017-03-06 05:00:00	1235.2000	1235.2000	1224.5000	1224.5000	29
2017-03-07 05:00:00	1224.3000	1225.4000	1213.7000	1215.1000	53
2017-03-08 05:00:00	1212.2000	1212.2000	1206.7000	1208.5000	24
2017-03-09 05:00:00	1204.5000	1205.6000	1202.3000	1202.4000	37
2017-03-10 05:00:00	1196.2000	1203.3000	1196.2000	1200.7000	3
2017-03-13 04:00:00	1206.2000	1210.0000	1202.3000	1202.4000	35
2017-03-14 04:00:00	1203.1000	1205.9000	1196.8000	1201.9000	22
2017-03-15 04:00:00	1198.2000	1221.2000	1197.7000	1200.1000	36
2017-03-16 04:00:00	1222.2000	1231.4000	1222.2000	1226.5000	47
2017-03-17 04:00:00	1227.1000	1230.9000	1227.1000	1229.8000	26
2017-03-20 04:00:00	1229.3000	1234.4000	1229.3000	1233.6000	23
2017-03-21 04:00:00	1226.4000	1246.1000	1226.4000	1246.1000	11
2017-03-22 04:00:00	1247.9000	1249.5000	1247.7000	1249.3000	3
2017-03-23 04:00:00	1246.4000	1247.5000	1244.8000	1246.9000	16
2017-03-24 04:00:00	1248.0000	1248.3000	1247.6000	1248.2000	3
2017-03-27 04:00:00	1255.8000	1257.7000	1253.8000	1255.4000	72
2017-03-28 04:00:00	1255.9000	1255.9000	1255.3000	1255.3000	19
2017-03-29 04:00:00	1252.2000	1253.4000	1252.1000	1253.4000	190678
2017-03-30 04:00:00	1253.1000	1253.6000	1241.1000	1245.0000	51328
2017-03-31 04:00:00	1242.1000	1248.8000	1238.7000	1247.3000	8223
2017-04-03 04:00:00	1247.5000	1252.4000	1243.6000	1250.8000	1160
2017-04-04 04:00:00	1253.1000	1260.3000	1253.0000	1255.0000	724
2017-04-05 04:00:00	1255.4000	1255.4000	1243.0000	1245.4000	907
2017-04-06 04:00:00	1256.1000	1257.5000	1249.0000	1250.3000	169
2017-04-07 04:00:00	1249.5000	1269.1000	1249.5000	1254.3000	445
2017-04-10 04:00:00	1252.7000	1255.2000	1246.8000	1251.1000	182
2017-04-11 04:00:00	1254.5000	1273.5000	1254.5000	1271.2000	401
2017-04-12 04:00:00	1275.0000	1285.1000	1272.0000	1275.3000	492
2017-04-13 04:00:00	1285.3000	1287.6000	1282.0000	1285.9000	915
2017-04-17 04:00:00	1291.8000	1294.8000	1284.3000	1289.4000	73
2017-04-18 04:00:00	1283.9000	1291.7000	1278.6000	1291.7000	394
2017-04-19 04:00:00	1288.0000	1288.0000	1274.0000	1281.4000	194
2017-04-20 04:00:00	1279.7000	1281.9000	1276.2000	1281.9000	127
2017-04-21 04:00:00	1279.8000	1287.4000	1279.2000	1287.4000	474
2017-04-24 04:00:00	1275.0000	1276.4000	1265.0000	1275.8000	605
2017-04-25 04:00:00	1275.6000	1276.9000	1262.1000	1265.6000	356
2017-04-26 04:00:00	1266.0000	1266.0000	1262.1000	1262.1000	1156
2017-04-27 04:00:00	1266.7000	1267.2000	1262.2000	1263.7000	206
2017-04-28 04:00:00	1265.9000	1267.2000	1264.7000	1266.1000	85
2017-05-01 04:00:00	1268.7000	1269.3000	1253.3000	1253.3000	34
2017-05-02 04:00:00	1256.2000	1256.2000	1251.2000	1255.1000	90
2017-05-03 04:00:00	1255.1000	1255.8000	1238.7000	1246.4000	195
2017-05-04 04:00:00	1239.8000	1239.8000	1224.2000	1226.5000	72
2017-05-05 04:00:00	1227.0000	1233.7000	1224.8000	1224.8000	16
2017-05-08 04:00:00	1224.0000	1234.0000	1224.0000	1225.3000	43
2017-05-09 04:00:00	1226.1000	1226.2000	1214.0000	1214.3000	55
2017-05-10 04:00:00	1219.8000	1220.2000	1217.3000	1217.3000	23
2017-05-11 04:00:00	1218.5000	1222.7000	1218.3000	1222.7000	13
2017-05-12 04:00:00	1228.0000	1229.5000	1226.1000	1226.2000	29
2017-05-15 04:00:00	1227.5000	1232.7000	1227.5000	1228.6000	13
2017-05-16 04:00:00	1230.4000	1237.3000	1230.4000	1235.0000	20
2017-05-17 04:00:00	1241.0000	1259.2000	1240.7000	1257.5000	26
2017-05-18 04:00:00	1254.8000	1260.0000	1245.8000	1251.7000	43
2017-05-19 04:00:00	1252.7000	1252.7000	1252.7000	1252.7000	14
2017-05-22 04:00:00	1251.7000	1260.7000	1251.7000	1260.7000	14
2017-05-23 04:00:00	1261.5000	1261.6000	1250.6000	1254.8000	20
2017-05-24 04:00:00	1251.9000	1257.8000	1249.7000	1252.4000	14
2017-05-25 04:00:00	1257.1000	1258.3000	1255.8000	1255.8000	11
2017-05-26 04:00:00	1267.6000	1267.6000	1267.6000	1267.6000	271457
2017-05-30 04:00:00	1267.4000	1270.0000	1258.4000	1262.1000	129819
2017-05-31 04:00:00	1262.4000	1273.2000	1258.5000	1272.0000	2712
2017-06-01 04:00:00	1268.0000	1269.2000	1260.8000	1267.0000	825
2017-06-02 04:00:00	1265.2000	1279.0000	1259.0000	1276.8000	1732
2017-06-05 04:00:00	1279.2000	1282.0000	1277.0000	1279.3000	433
2017-06-06 04:00:00	1279.4000	1295.2000	1279.4000	1294.4000	942
2017-06-07 04:00:00	1291.6000	1293.1000	1284.3000	1290.1000	641
2017-06-08 04:00:00	1285.4000	1287.6000	1268.1000	1276.3000	319
2017-06-09 04:00:00	1277.9000	1277.9000	1264.6000	1268.5000	467
2017-06-12 04:00:00	1266.4000	1269.3000	1263.2000	1266.1000	255
2017-06-13 04:00:00	1264.1000	1266.9000	1259.7000	1265.8000	150
2017-06-14 04:00:00	1269.4000	1278.0000	1256.8000	1272.8000	336
2017-06-15 04:00:00	1263.2000	1264.2000	1250.3000	1252.2000	743
2017-06-16 04:00:00	1252.8000	1255.3000	1251.3000	1254.0000	34
2017-06-19 04:00:00	1252.1000	1252.2000	1241.9000	1244.2000	108
2017-06-20 04:00:00	1242.2000	1245.5000	1240.5000	1241.0000	75
2017-06-21 04:00:00	1244.1000	1245.0000	1240.0000	1243.4000	205
2017-06-22 04:00:00	1251.0000	1252.7000	1246.3000	1247.6000	156
2017-06-23 04:00:00	1250.0000	1273.6000	1249.8000	1256.2000	269
2017-06-26 04:00:00	1260.2000	1260.2000	1241.6000	1246.3000	194
2017-06-27 04:00:00	1251.6000	1251.8000	1245.9000	1246.4000	111
2017-06-28 04:00:00	1248.5000	1248.5000	1248.0000	1248.0000	370
2017-06-29 04:00:00	1248.2000	1250.7000	1238.1000	1244.2000	540
2017-06-30 04:00:00	1243.7000	1243.7000	1239.1000	1240.7000	43
2017-07-03 13:30:00	1236.0000	1236.0000	1217.9000	1217.9000	33
2017-07-05 04:00:00	1222.5000	1225.0000	1217.1000	1220.4000	40
2017-07-06 04:00:00	1225.1000	1225.1000	1222.2000	1222.2000	5
2017-07-07 04:00:00	1219.1000	1220.4000	1208.6000	1208.6000	116
2017-07-10 04:00:00	1211.4000	1212.1000	1209.6000	1212.1000	28
2017-07-11 04:00:00	1208.7000	1214.9000	1208.7000	1213.6000	12
2017-07-12 04:00:00	1218.3000	1219.4000	1217.9000	1218.1000	7
2017-07-13 04:00:00	1221.4000	1221.4000	1216.3000	1216.3000	7
2017-07-14 04:00:00	1214.9000	1227.5000	1214.8000	1226.6000	23
2017-07-17 04:00:00	1229.9000	1233.4000	1229.9000	1232.8000	7
2017-07-18 04:00:00	1236.2000	1241.2000	1236.2000	1241.1000	29
2017-07-19 04:00:00	1240.4000	1241.2000	1240.1000	1241.2000	3
2017-07-20 04:00:00	1236.6000	1244.8000	1236.6000	1244.8000	5
2017-07-21 04:00:00	1250.7000	1254.3000	1250.5000	1254.3000	16
2017-07-24 04:00:00	1256.0000	1256.0000	1253.9000	1253.9000	8
2017-07-25 04:00:00	1252.7000	1253.6000	1249.2000	1251.7000	18
2017-07-26 04:00:00	1244.8000	1249.0000	1244.8000	1249.0000	7
2017-07-27 04:00:00	1259.6000	1259.6000	1259.6000	1259.6000	220309
2017-07-28 04:00:00	1258.4000	1270.0000	1256.9000	1268.4000	64180
2017-07-31 04:00:00	1268.9000	1270.8000	1265.8000	1266.6000	7780
2017-08-01 04:00:00	1268.4000	1273.3000	1262.0000	1272.6000	1061
2017-08-02 04:00:00	1268.5000	1272.1000	1262.9000	1271.8000	393
2017-08-03 04:00:00	1265.9000	1269.8000	1256.6000	1267.8000	878
2017-08-04 04:00:00	1269.0000	1269.6000	1253.9000	1258.3000	521
2017-08-07 04:00:00	1258.7000	1259.1000	1255.3000	1258.2000	260
2017-08-08 04:00:00	1256.9000	1264.1000	1251.4000	1256.4000	555
2017-08-09 04:00:00	1260.2000	1277.8000	1260.2000	1273.0000	574
2017-08-10 04:00:00	1276.6000	1287.4000	1274.9000	1283.7000	608
2017-08-11 04:00:00	1286.3000	1291.1000	1282.0000	1287.7000	139
2017-08-14 04:00:00	1288.4000	1288.4000	1278.8000	1284.2000	338
2017-08-15 04:00:00	1280.5000	1280.5000	1267.4000	1273.7000	188
2017-08-16 04:00:00	1271.3000	1282.6000	1269.4000	1276.9000	110
2017-08-17 04:00:00	1283.8000	1288.5000	1283.2000	1286.4000	43
2017-08-18 04:00:00	1288.6000	1300.7000	1284.3000	1285.7000	358
2017-08-21 04:00:00	1285.2000	1290.8000	1284.7000	1290.8000	18
2017-08-22 04:00:00	1287.2000	1288.4000	1283.2000	1285.1000	100
2017-08-23 04:00:00	1289.4000	1289.4000	1286.9000	1288.9000	250
2017-08-24 04:00:00	1288.7000	1288.7000	1284.0000	1286.5000	550
2017-08-25 04:00:00	1285.4000	1292.7000	1280.3000	1292.5000	280
2017-08-28 04:00:00	1293.5000	1311.3000	1293.5000	1309.7000	145
2017-08-29 04:00:00	1318.8000	1323.8000	1313.1000	1313.1000	1178
2017-08-30 04:00:00	1308.2000	1312.5000	1304.9000	1308.1000	1178
2017-08-31 04:00:00	1306.6000	1322.3000	1301.7000	1316.2000	373
2017-09-01 04:00:00	1320.2000	1327.7000	1316.9000	1324.5000	313
2017-09-05 04:00:00	1335.2000	1339.2000	1328.6000	1339.2000	39
2017-09-06 04:00:00	1340.0000	1340.3000	1332.6000	1333.9000	20
2017-09-07 04:00:00	1336.4000	1349.0000	1336.4000	1345.1000	26
2017-09-08 04:00:00	1351.0000	1355.8000	1345.6000	1346.0000	37
2017-09-11 04:00:00	1331.0000	1331.0000	1327.3000	1331.0000	9
2017-09-12 04:00:00	1327.0000	1328.0000	1325.2000	1328.0000	15
2017-09-13 04:00:00	1323.4000	1323.4000	1323.4000	1323.4000	16
2017-09-14 04:00:00	1319.6000	1329.3000	1319.6000	1324.7000	316
2017-09-15 04:00:00	1320.6000	1321.2000	1319.8000	1320.4000	15
2017-09-18 04:00:00	1309.8000	1310.4000	1306.0000	1306.3000	129
2017-09-19 04:00:00	1307.9000	1310.3000	1305.1000	1306.2000	20
2017-09-20 04:00:00	1312.0000	1312.0000	1298.7000	1312.0000	12
2017-09-21 04:00:00	1299.1000	1304.1000	1290.3000	1290.6000	336
2017-09-22 04:00:00	1295.0000	1295.7000	1293.3000	1293.3000	209
2017-09-25 04:00:00	1293.1000	1309.2000	1291.0000	1306.8000	51
2017-09-26 04:00:00	1304.5000	1305.6000	1297.0000	1297.0000	39
2017-09-27 04:00:00	1283.4000	1283.4000	1283.4000	1283.4000	19488
2017-09-28 04:00:00	1283.1000	1288.0000	1277.0000	1285.5000	5226
2017-09-29 04:00:00	1284.2000	1289.4000	1281.5000	1281.5000	492
2017-10-02 04:00:00	1275.0000	1276.1000	1270.4000	1272.7000	136
2017-10-03 04:00:00	1269.7000	1273.3000	1268.6000	1271.5000	192
2017-10-04 04:00:00	1273.8000	1280.8000	1270.0000	1273.7000	218
2017-10-05 04:00:00	1277.8000	1277.8000	1267.6000	1269.9000	36
2017-10-06 04:00:00	1267.6000	1272.0000	1260.5000	1271.6000	46
2017-10-09 04:00:00	1280.6000	1284.0000	1279.0000	1281.8000	19
2017-10-10 04:00:00	1282.6000	1293.0000	1281.7000	1290.6000	18
2017-10-11 04:00:00	1287.3000	1292.0000	1284.9000	1285.8000	21
2017-10-12 04:00:00	1291.5000	1294.5000	1289.3000	1293.3000	14
2017-10-13 04:00:00	1293.3000	1301.7000	1291.7000	1301.5000	74
2017-10-16 04:00:00	1302.0000	1303.8000	1291.9000	1299.9000	173
2017-10-17 04:00:00	1295.1000	1295.1000	1283.0000	1283.0000	571
2017-10-18 04:00:00	1279.9000	1279.9000	1279.9000	1279.9000	163
2017-10-19 04:00:00	1286.4000	1286.9000	1285.1000	1286.9000	134
2017-10-20 04:00:00	1279.6000	1279.6000	1277.4000	1277.4000	304
2017-10-23 04:00:00	1274.7000	1280.8000	1271.5000	1277.7000	115
2017-10-24 04:00:00	1275.5000	1275.5000	1273.7000	1275.0000	111
2017-10-25 04:00:00	1269.9000	1275.4000	1269.9000	1275.4000	105
2017-10-26 04:00:00	1273.5000	1273.5000	1264.7000	1266.3000	39
2017-10-27 04:00:00	1268.4000	1268.5000	1267.1000	1268.5000	567
2017-10-30 04:00:00	1270.0000	1274.1000	1267.9000	1274.1000	222
2017-10-31 04:00:00	1273.1000	1274.6000	1266.1000	1267.0000	235
2017-11-01 04:00:00	1272.2000	1274.8000	1270.3000	1274.1000	78
2017-11-02 04:00:00	1274.9000	1274.9000	1274.9000	1274.9000	70
2017-11-03 04:00:00	1265.3000	1267.9000	1265.3000	1266.5000	75
2017-11-06 05:00:00	1269.0000	1280.5000	1269.0000	1279.4000	128
2017-11-07 05:00:00	1276.8000	1276.8000	1270.4000	1273.7000	11
2017-11-08 05:00:00	1275.9000	1284.9000	1274.7000	1281.6000	15
2017-11-09 05:00:00	1279.7000	1286.9000	1279.7000	1285.6000	18
2017-11-10 05:00:00	1283.5000	1283.5000	1272.4000	1272.4000	10
2017-11-13 05:00:00	1277.3000	1277.3000	1277.0000	1277.3000	3
2017-11-14 05:00:00	1276.9000	1281.5000	1276.9000	1281.5000	4
2017-11-15 05:00:00	1281.4000	1284.7000	1275.9000	1276.5000	13
2017-11-16 05:00:00	1277.5000	1277.5000	1277.4000	1277.4000	43
2017-11-17 05:00:00	1288.3000	1295.8000	1288.3000	1295.8000	1
2017-11-20 05:00:00	1274.6000	1275.9000	1274.6000	1274.6000	1
2017-11-21 05:00:00	1281.1000	1281.1000	1281.1000	1281.1000	4
2017-11-22 05:00:00	1284.7000	1291.6000	1282.9000	1291.6000	4
2017-11-24 14:30:00	1286.7000	1286.7000	1286.7000	1286.7000	0
2017-11-27 05:00:00	1293.8000	1293.8000	1293.8000	1293.8000	1
2017-11-28 05:00:00	1294.7000	1294.7000	1294.7000	1294.7000	275442
2017-11-29 05:00:00	1293.4000	1296.2000	1281.1000	1282.1000	47244
2017-11-30 05:00:00	1283.1000	1284.5000	1269.7000	1273.2000	3049
2017-12-01 05:00:00	1274.1000	1288.6000	1271.0000	1278.8000	823
2017-12-04 05:00:00	1272.5000	1276.1000	1270.3000	1274.3000	850
2017-12-05 05:00:00	1275.4000	1275.8000	1260.0000	1261.6000	1499
2017-12-06 05:00:00	1264.9000	1267.8000	1261.6000	1262.8000	373
2017-12-07 05:00:00	1262.3000	1262.4000	1243.9000	1249.8000	358
2017-12-08 05:00:00	1246.3000	1249.3000	1241.5000	1245.2000	157
2017-12-11 05:00:00	1248.4000	1249.2000	1239.9000	1243.7000	146
2017-12-12 05:00:00	1241.3000	1244.4000	1236.5000	1238.5000	692
2017-12-13 05:00:00	1241.9000	1254.5000	1239.8000	1245.4000	349
2017-12-14 05:00:00	1252.9000	1257.7000	1250.3000	1253.8000	139
2017-12-15 05:00:00	1253.1000	1260.3000	1253.1000	1254.3000	578
2017-12-18 05:00:00	1256.2000	1262.4000	1255.7000	1262.2000	45
2017-12-19 05:00:00	1261.1000	1264.3000	1259.5000	1260.7000	329
2017-12-20 05:00:00	1261.3000	1266.6000	1261.3000	1266.1000	63
2017-12-21 05:00:00	1266.4000	1267.4000	1264.3000	1267.3000	226
2017-12-22 05:00:00	1266.3000	1276.3000	1266.3000	1275.4000	119
2017-12-26 05:00:00	1282.4000	1284.1000	1281.8000	1284.1000	84
2017-12-27 05:00:00	1284.0000	1287.0000	1284.0000	1287.0000	456
2017-12-28 05:00:00	1288.2000	1294.1000	1288.2000	1294.1000	245
2017-12-29 05:00:00	1294.2000	1306.3000	1294.0000	1306.3000	65
2018-01-02 05:00:00	1302.3000	1317.6000	1302.3000	1313.7000	68
2018-01-03 05:00:00	1320.0000	1320.1000	1312.1000	1316.2000	42
2018-01-04 05:00:00	1319.4000	1322.0000	1319.4000	1319.4000	2
2018-01-05 05:00:00	1320.3000	1320.3000	1320.3000	1320.3000	1
2018-01-08 05:00:00	1319.9000	1319.9000	1314.6000	1318.6000	41
2018-01-09 05:00:00	1309.6000	1311.7000	1309.6000	1311.7000	16
2018-01-10 05:00:00	1320.3000	1320.7000	1315.3000	1317.4000	70
2018-01-11 05:00:00	1317.1000	1320.6000	1316.3000	1320.6000	9
2018-01-12 05:00:00	1327.8000	1338.2000	1327.8000	1333.4000	14
2018-01-16 05:00:00	1331.1000	1335.4000	1331.0000	1335.4000	13
2018-01-17 05:00:00	1334.4000	1338.0000	1326.8000	1338.0000	27
2018-01-18 05:00:00	1328.9000	1328.9000	1326.0000	1326.0000	211
2018-01-19 05:00:00	1330.1000	1333.0000	1330.1000	1331.9000	50
2018-01-22 05:00:00	1328.4000	1330.9000	1328.4000	1330.9000	162
2018-01-23 05:00:00	1335.8000	1335.9000	1335.7000	1335.7000	47
2018-01-24 05:00:00	1355.9000	1357.2000	1355.9000	1355.9000	18
2018-01-25 05:00:00	1356.3000	1362.4000	1346.7000	1362.4000	4
2018-01-26 05:00:00	1351.6000	1352.0000	1350.9000	1351.6000	280546
2018-01-30 05:00:00	1338.7000	1347.8000	1332.8000	1335.4000	52100
2018-01-31 05:00:00	1337.5000	1346.9000	1331.8000	1339.0000	4881
2018-02-01 05:00:00	1343.8000	1350.6000	1336.8000	1344.3000	1680
2018-02-02 05:00:00	1348.5000	1352.1000	1327.7000	1333.7000	2841
2018-02-05 05:00:00	1331.1000	1340.2000	1329.0000	1333.0000	641
2018-02-06 05:00:00	1338.2000	1343.7000	1319.5000	1326.1000	529
2018-02-07 05:00:00	1325.4000	1331.1000	1310.5000	1311.6000	491
2018-02-08 05:00:00	1317.1000	1321.1000	1307.0000	1316.9000	459
2018-02-09 05:00:00	1320.9000	1322.0000	1311.9000	1313.1000	451
2018-02-12 05:00:00	1323.8000	1325.5000	1318.0000	1324.2000	140
2018-02-13 05:00:00	1324.5000	1329.6000	1323.4000	1328.1000	71
2018-02-14 05:00:00	1332.8000	1355.5000	1324.0000	1355.5000	400
2018-02-15 05:00:00	1352.0000	1355.9000	1349.7000	1352.1000	111
2018-02-16 05:00:00	1354.0000	1361.4000	1344.9000	1353.2000	110
2018-02-20 05:00:00	1348.4000	1350.2000	1328.5000	1328.8000	283
2018-02-21 05:00:00	1326.8000	1331.5000	1324.4000	1330.0000	119
2018-02-22 05:00:00	1322.0000	1331.4000	1322.0000	1330.6000	70
2018-02-23 05:00:00	1328.0000	1332.1000	1327.7000	1328.2000	427
2018-02-26 05:00:00	1335.0000	1340.5000	1330.7000	1330.7000	652
2018-02-27 05:00:00	1331.7000	1332.6000	1312.7000	1315.5000	710
2018-02-28 05:00:00	1315.4000	1321.0000	1315.4000	1315.5000	58
2018-03-01 05:00:00	1310.4000	1318.1000	1301.8000	1302.9000	43
2018-03-02 05:00:00	1314.3000	1323.2000	1314.3000	1321.1000	155
2018-03-05 05:00:00	1323.5000	1325.9000	1318.1000	1318.1000	18
2018-03-06 05:00:00	1321.6000	1333.6000	1321.4000	1333.6000	18
2018-03-07 05:00:00	1338.1000	1338.1000	1326.0000	1326.0000	27
2018-03-08 05:00:00	1324.8000	1326.8000	1319.3000	1319.9000	62
2018-03-09 05:00:00	1316.8000	1322.4000	1313.0000	1322.4000	88
2018-03-12 04:00:00	1319.4000	1319.4000	1319.4000	1319.4000	0
2018-03-13 04:00:00	1325.9000	1325.9000	1325.3000	1325.9000	13
2018-03-14 04:00:00	1322.2000	1324.4000	1322.2000	1324.4000	19
2018-03-15 04:00:00	1316.8000	1316.8000	1316.8000	1316.8000	0
2018-03-16 04:00:00	1310.1000	1311.3000	1310.1000	1311.3000	34
2018-03-19 04:00:00	1309.4000	1316.9000	1307.3000	1316.8000	6
2018-03-20 04:00:00	1311.1000	1311.1000	1311.1000	1311.1000	4
2018-03-21 04:00:00	1312.4000	1328.8000	1312.4000	1320.7000	34
2018-03-22 04:00:00	1326.6000	1326.6000	1326.6000	1326.6000	0
2018-03-23 04:00:00	1343.2000	1349.3000	1343.2000	1349.3000	8
2018-03-26 04:00:00	1348.5000	1354.4000	1345.1000	1354.4000	10
2018-03-27 04:00:00	1341.0000	1341.3000	1341.0000	1341.3000	290889
2018-03-28 04:00:00	1345.0000	1346.4000	1322.4000	1324.2000	59284
2018-03-29 04:00:00	1324.0000	1327.1000	1321.7000	1322.8000	5585
2018-04-02 04:00:00	1327.0000	1344.2000	1324.7000	1342.1000	649
2018-04-03 04:00:00	1340.4000	1341.5000	1328.5000	1332.8000	702
2018-04-04 04:00:00	1331.8000	1347.3000	1331.6000	1335.8000	718
2018-04-05 04:00:00	1333.5000	1333.7000	1322.6000	1324.3000	258
2018-04-06 04:00:00	1326.5000	1333.0000	1319.0000	1331.9000	348
2018-04-09 04:00:00	1333.0000	1337.5000	1327.0000	1336.3000	290
2018-04-10 04:00:00	1335.2000	1342.0000	1333.0000	1342.0000	105
2018-04-11 04:00:00	1340.1000	1365.4000	1340.1000	1356.5000	118
2018-04-12 04:00:00	1351.2000	1351.5000	1334.6000	1338.4000	34
2018-04-13 04:00:00	1335.9000	1346.0000	1335.9000	1344.8000	67
2018-04-16 04:00:00	1341.0000	1348.8000	1341.0000	1347.5000	60
2018-04-17 04:00:00	1348.0000	1348.1000	1339.0000	1347.2000	409
2018-04-18 04:00:00	1343.5000	1354.2000	1343.5000	1351.2000	45
2018-04-19 04:00:00	1348.6000	1355.2000	1341.6000	1346.8000	387
2018-04-20 04:00:00	1342.5000	1343.4000	1335.3000	1336.7000	310
2018-04-23 04:00:00	1334.0000	1334.4000	1322.5000	1322.5000	68
2018-04-24 04:00:00	1326.4000	1331.7000	1326.2000	1331.4000	28
2018-04-25 04:00:00	1324.0000	1325.0000	1320.0000	1321.2000	278
2018-04-26 04:00:00	1315.7000	1316.3000	1315.7000	1316.3000	569
2018-04-27 04:00:00	1315.3000	1321.7000	1312.8000	1320.3000	622
2018-04-30 04:00:00	1309.6000	1316.2000	1309.6000	1316.2000	49
2018-05-01 04:00:00	1313.2000	1313.8000	1303.4000	1303.8000	28
2018-05-02 04:00:00	1309.0000	1309.3000	1302.6000	1302.6000	23
2018-05-03 04:00:00	1310.7000	1310.7000	1310.7000	1310.7000	4
2018-05-04 04:00:00	1312.7000	1312.7000	1312.7000	1312.7000	0
2018-05-07 04:00:00	1310.6000	1312.5000	1310.2000	1312.2000	4
2018-05-08 04:00:00	1310.1000	1312.0000	1308.5000	1312.0000	337
2018-05-09 04:00:00	1311.3000	1311.3000	1311.3000	1311.3000	70
2018-05-10 04:00:00	1312.2000	1320.8000	1312.2000	1320.8000	8
2018-05-11 04:00:00	1319.0000	1319.0000	1319.0000	1319.0000	3
2018-05-14 04:00:00	1319.9000	1319.9000	1316.5000	1316.5000	4
2018-05-15 04:00:00	1304.6000	1304.7000	1288.9000	1288.9000	8
2018-05-16 04:00:00	1290.9000	1294.0000	1285.4000	1290.2000	26
2018-05-17 04:00:00	1291.3000	1291.3000	1288.2000	1288.2000	2
2018-05-18 04:00:00	1285.2000	1290.2000	1285.2000	1290.2000	2
2018-05-21 04:00:00	1287.4000	1292.1000	1287.4000	1290.2000	52
2018-05-22 04:00:00	1291.7000	1291.7000	1291.7000	1291.7000	50
2018-05-23 04:00:00	1289.3000	1289.3000	1289.3000	1289.3000	10
2018-05-24 04:00:00	1303.7000	1303.7000	1303.7000	1303.7000	0
2018-05-25 04:00:00	1303.3000	1303.3000	1303.3000	1303.3000	1
2018-05-29 04:00:00	1298.7000	1298.7000	1298.7000	1298.7000	386334
2018-05-30 04:00:00	1298.0000	1303.7000	1295.2000	1301.5000	50845
2018-05-31 04:00:00	1301.0000	1306.8000	1296.6000	1300.1000	4082
2018-06-01 04:00:00	1298.6000	1299.5000	1288.9000	1294.8000	663
2018-06-04 04:00:00	1293.9000	1297.1000	1290.0000	1293.1000	144
2018-06-05 04:00:00	1292.1000	1299.8000	1289.9000	1297.5000	357
2018-06-06 04:00:00	1296.1000	1300.4000	1294.1000	1297.1000	373
2018-06-07 04:00:00	1298.4000	1302.8000	1296.2000	1298.7000	79
2018-06-08 04:00:00	1295.3000	1299.4000	1294.8000	1298.1000	650
2018-06-11 04:00:00	1299.3000	1302.0000	1295.2000	1298.9000	71
2018-06-12 04:00:00	1297.8000	1298.1000	1292.7000	1295.1000	153
2018-06-13 04:00:00	1294.0000	1299.4000	1290.9000	1296.9000	135
2018-06-14 04:00:00	1297.2000	1307.7000	1297.2000	1304.0000	42
2018-06-15 04:00:00	1297.2000	1307.7000	1274.0000	1274.6000	589
2018-06-18 04:00:00	1280.7000	1280.7000	1276.2000	1276.2000	35
2018-06-19 04:00:00	1278.7000	1281.8000	1269.9000	1275.6000	34
2018-06-20 04:00:00	1274.4000	1274.4000	1271.2000	1271.2000	7
2018-06-21 04:00:00	1262.7000	1268.9000	1260.0000	1267.2000	46
2018-06-22 04:00:00	1268.1000	1270.2000	1267.0000	1267.4000	74
2018-06-25 04:00:00	1270.6000	1271.2000	1265.6000	1265.6000	37
2018-06-26 04:00:00	1267.2000	1267.2000	1256.6000	1256.6000	89
2018-06-27 04:00:00	1255.5000	1255.5000	1252.3000	1252.8000	1162
2018-06-28 04:00:00	1251.7000	1251.7000	1244.8000	1247.8000	378
2018-06-29 04:00:00	1250.3000	1253.3000	1249.1000	1251.3000	48
2018-07-02 04:00:00	1249.9000	1249.9000	1239.8000	1239.8000	29
2018-07-03 13:30:00	1238.1000	1254.1000	1237.0000	1251.6000	36
2018-07-05 04:00:00	1255.5000	1257.3000	1253.6000	1257.3000	9
2018-07-06 04:00:00	1255.5000	1255.5000	1254.3000	1254.3000	7
2018-07-09 04:00:00	1258.2000	1262.3000	1257.7000	1258.1000	37
2018-07-10 04:00:00	1256.2000	1256.9000	1249.3000	1253.8000	65
2018-07-11 04:00:00	1253.2000	1253.2000	1242.8000	1242.8000	30
2018-07-12 04:00:00	1240.9000	1246.7000	1240.9000	1245.0000	7
2018-07-13 04:00:00	1244.7000	1247.0000	1239.6000	1239.6000	2
2018-07-16 04:00:00	1242.7000	1243.8000	1238.1000	1238.1000	2
2018-07-17 04:00:00	1225.7000	1225.7000	1225.7000	1225.7000	0
2018-07-18 04:00:00	1226.7000	1226.7000	1222.2000	1226.3000	67
2018-07-19 04:00:00	1227.2000	1228.0000	1211.7000	1222.4000	33
2018-07-20 04:00:00	1229.5000	1229.5000	1229.5000	1229.5000	0
2018-07-23 04:00:00	1222.0000	1224.0000	1222.0000	1224.0000	1
2018-07-24 04:00:00	1223.9000	1223.9000	1223.9000	1223.9000	0
2018-07-25 04:00:00	1231.4000	1231.4000	1231.4000	1231.4000	0
2018-07-26 04:00:00	1227.8000	1227.8000	1225.3000	1225.3000	1
2018-07-27 04:00:00	1222.6000	1222.6000	1222.6000	1222.6000	254428
2018-07-30 04:00:00	1222.5000	1223.9000	1218.1000	1221.3000	62239
2018-07-31 04:00:00	1220.4000	1228.1000	1213.0000	1223.7000	2722
2018-08-01 04:00:00	1222.9000	1223.7000	1214.4000	1217.9000	1026
2018-08-02 04:00:00	1214.7000	1219.3000	1205.8000	1210.6000	411
2018-08-03 04:00:00	1206.5000	1218.6000	1205.1000	1214.2000	784
2018-08-06 04:00:00	1214.4000	1214.4000	1206.6000	1208.6000	297
2018-08-07 04:00:00	1207.8000	1214.8000	1207.8000	1209.6000	715
2018-08-08 04:00:00	1212.0000	1215.2000	1205.9000	1212.6000	209
2018-08-09 04:00:00	1214.5000	1215.3000	1211.6000	1211.9000	44
2018-08-10 04:00:00	1212.5000	1216.4000	1205.6000	1211.1000	75
2018-08-13 04:00:00	1207.0000	1207.4000	1191.3000	1191.3000	78
2018-08-14 04:00:00	1193.1000	1197.5000	1192.8000	1193.0000	92
2018-08-15 04:00:00	1187.8000	1188.1000	1174.6000	1177.5000	71
2018-08-16 04:00:00	1173.2000	1180.2000	1161.4000	1176.2000	123
2018-08-17 04:00:00	1174.7000	1181.2000	1174.7000	1176.5000	66
2018-08-20 04:00:00	1184.8000	1190.0000	1184.4000	1186.8000	68
2018-08-21 04:00:00	1189.8000	1192.6000	1189.8000	1192.6000	22
2018-08-22 04:00:00	1194.7000	1196.3000	1194.7000	1196.3000	17
2018-08-23 04:00:00	1189.3000	1190.3000	1184.9000	1187.0000	95
2018-08-24 04:00:00	1185.3000	1208.0000	1185.3000	1206.3000	12
2018-08-27 04:00:00	1210.3000	1211.4000	1205.2000	1209.0000	154
2018-08-28 04:00:00	1209.7000	1217.0000	1202.3000	1207.4000	136
2018-08-29 04:00:00	1205.2000	1205.2000	1202.4000	1204.5000	817
2018-08-30 04:00:00	1205.4000	1205.6000	1196.0000	1197.7000	493
2018-08-31 04:00:00	1207.1000	1208.2000	1199.1000	1200.3000	191
2018-09-04 04:00:00	1193.8000	1193.8000	1189.9000	1192.7000	26
2018-09-05 04:00:00	1192.5000	1196.0000	1192.5000	1194.9000	21
2018-09-06 04:00:00	1202.0000	1202.0000	1197.9000	1197.9000	7
2018-09-07 04:00:00	1198.3000	1198.3000	1193.1000	1193.6000	29
2018-09-10 04:00:00	1193.0000	1193.0000	1193.0000	1193.0000	11
2018-09-11 04:00:00	1190.4000	1196.3000	1190.4000	1195.4000	21
2018-09-12 04:00:00	1205.0000	1205.0000	1204.7000	1204.7000	37
2018-09-13 04:00:00	1203.4000	1203.4000	1200.0000	1202.0000	22
2018-09-14 04:00:00	1195.0000	1195.0000	1195.0000	1195.0000	1
2018-09-17 04:00:00	1199.7000	1199.7000	1199.7000	1199.7000	0
2018-09-18 04:00:00	1198.7000	1198.7000	1196.8000	1196.8000	2
2018-09-19 04:00:00	1202.2000	1202.2000	1202.2000	1202.2000	0
2018-09-20 04:00:00	1206.2000	1206.2000	1206.2000	1206.2000	0
2018-09-21 04:00:00	1196.2000	1196.2000	1196.2000	1196.2000	0
2018-09-24 04:00:00	1199.3000	1199.3000	1199.3000	1199.3000	0
2018-09-25 04:00:00	1202.1000	1202.8000	1200.0000	1200.0000	21
2018-09-26 04:00:00	1194.0000	1194.0000	1194.0000	1194.0000	17857
2018-09-27 04:00:00	1194.6000	1197.3000	1180.5000	1182.3000	4947
2018-09-28 04:00:00	1181.7000	1191.9000	1180.0000	1191.5000	404
2018-10-01 04:00:00	1191.6000	1191.6000	1185.8000	1187.1000	180
2018-10-02 04:00:00	1193.0000	1206.0000	1190.3000	1202.4000	451
2018-10-03 04:00:00	1202.6000	1202.6000	1196.6000	1198.3000	76
2018-10-04 04:00:00	1199.3000	1204.6000	1197.2000	1197.2000	496
2018-10-05 04:00:00	1197.1000	1205.3000	1196.9000	1201.2000	34
2018-10-08 04:00:00	1201.0000	1201.0000	1183.7000	1184.4000	250
2018-10-09 04:00:00	1185.6000	1189.1000	1185.6000	1187.2000	9
2018-10-10 04:00:00	1189.3000	1192.0000	1189.3000	1189.3000	1078
2018-10-11 04:00:00	1198.1000	1224.6000	1196.3000	1223.5000	126
2018-10-12 04:00:00	1221.6000	1221.6000	1216.0000	1218.1000	122
2018-10-15 04:00:00	1222.4000	1232.3000	1222.4000	1226.4000	136
2018-10-16 04:00:00	1227.1000	1230.5000	1227.1000	1227.3000	426
2018-10-17 04:00:00	1225.9000	1225.9000	1223.7000	1223.7000	1
2018-10-18 04:00:00	1226.5000	1226.5000	1226.5000	1226.5000	165
2018-10-19 04:00:00	1225.3000	1225.3000	1225.3000	1225.3000	55
2018-10-22 04:00:00	1224.5000	1224.5000	1219.6000	1221.2000	18
2018-10-23 04:00:00	1224.8000	1237.8000	1224.8000	1233.4000	33
2018-10-24 04:00:00	1231.6000	1231.6000	1227.8000	1227.8000	36
2018-10-25 04:00:00	1238.6000	1238.6000	1229.1000	1229.1000	7
2018-10-26 04:00:00	1234.3000	1234.8000	1232.5000	1232.5000	20
2018-10-29 04:00:00	1224.5000	1224.5000	1224.5000	1224.5000	214
2018-10-30 04:00:00	1227.7000	1227.7000	1219.8000	1222.6000	72
2018-10-31 04:00:00	1216.0000	1216.6000	1212.0000	1212.3000	121
2018-11-01 04:00:00	1215.4000	1236.0000	1215.4000	1236.0000	14
2018-11-02 04:00:00	1233.3000	1233.3000	1230.9000	1230.9000	18
2018-11-05 05:00:00	1230.6000	1231.5000	1226.7000	1229.8000	15
2018-11-06 05:00:00	1230.7000	1233.8000	1223.8000	1223.8000	4
2018-11-07 05:00:00	1228.6000	1228.6000	1226.2000	1226.2000	1
2018-11-08 05:00:00	1222.9000	1222.9000	1222.9000	1222.9000	2
2018-11-09 05:00:00	1207.9000	1207.9000	1206.4000	1206.4000	14
2018-11-12 05:00:00	1201.6000	1201.6000	1201.3000	1201.3000	1
2018-11-13 05:00:00	1196.3000	1201.3000	1196.3000	1199.2000	5
2018-11-14 05:00:00	1207.9000	1207.9000	1207.9000	1207.9000	0
2018-11-15 05:00:00	1212.8000	1212.8000	1212.8000	1212.8000	0
2018-11-16 05:00:00	1216.7000	1223.8000	1216.7000	1220.8000	5
2018-11-19 05:00:00	1223.1000	1223.1000	1223.1000	1223.1000	0
2018-11-20 05:00:00	1225.3000	1228.8000	1219.0000	1219.0000	12
2018-11-21 05:00:00	1225.8000	1225.8000	1225.8000	1225.8000	0
2018-11-23 14:30:00	1224.8000	1224.8000	1221.0000	1221.0000	1
2018-11-26 05:00:00	1220.2000	1222.0000	1220.2000	1220.2000	2
2018-11-27 05:00:00	1221.9000	1222.0000	1211.2000	1211.2000	5
2018-11-28 05:00:00	1211.5000	1221.4000	1211.5000	1221.4000	247168
2018-11-29 05:00:00	1221.0000	1228.7000	1220.5000	1224.1000	55478
2018-11-30 05:00:00	1224.1000	1225.0000	1216.1000	1220.2000	2060
2018-12-03 05:00:00	1222.5000	1234.1000	1221.3000	1233.9000	751
2018-12-04 05:00:00	1231.0000	1241.4000	1230.4000	1241.1000	474
2018-12-06 05:00:00	1237.5000	1244.4000	1234.8000	1238.1000	434
2018-12-07 05:00:00	1238.3000	1249.8000	1237.6000	1246.8000	211
2018-12-10 05:00:00	1249.6000	1249.6000	1241.7000	1243.7000	131
2018-12-11 05:00:00	1245.8000	1248.7000	1241.5000	1241.9000	117
2018-12-12 05:00:00	1245.3000	1245.6000	1244.1000	1244.4000	84
2018-12-13 05:00:00	1243.5000	1243.5000	1241.0000	1242.7000	194
2018-12-14 05:00:00	1241.7000	1241.7000	1234.1000	1237.0000	33
2018-12-17 05:00:00	1239.3000	1247.4000	1239.3000	1247.4000	10
2018-12-18 05:00:00	1248.2000	1249.2000	1245.6000	1249.2000	31
2018-12-19 05:00:00	1255.8000	1255.8000	1252.1000	1252.1000	268
2018-12-20 05:00:00	1243.2000	1263.6000	1243.2000	1263.6000	49
2018-12-21 05:00:00	1260.3000	1261.3000	1253.8000	1253.8000	96
2018-12-24 14:30:00	1260.3000	1268.5000	1260.3000	1267.5000	27
2018-12-26 05:00:00	1269.3000	1277.4000	1269.2000	1269.2000	63
2018-12-27 05:00:00	1276.7000	1277.3000	1276.7000	1277.3000	480
2018-12-28 05:00:00	1273.5000	1280.1000	1273.5000	1279.9000	805
2018-12-31 05:00:00	1278.0000	1281.3000	1277.6000	1278.3000	19
2019-01-02 05:00:00	1286.0000	1286.0000	1277.6000	1281.0000	149
2019-01-03 05:00:00	1286.8000	1292.0000	1286.7000	1291.8000	10
2019-01-04 05:00:00	1294.2000	1294.2000	1275.3000	1282.7000	34
2019-01-07 05:00:00	1286.8000	1286.8000	1286.6000	1286.8000	2
2019-01-08 05:00:00	1280.5000	1283.2000	1278.2000	1283.2000	54
2019-01-09 05:00:00	1279.4000	1289.3000	1279.2000	1289.3000	102
2019-01-10 05:00:00	1284.7000	1284.7000	1284.7000	1284.7000	0
2019-01-11 05:00:00	1291.2000	1291.2000	1286.3000	1287.1000	11
2019-01-14 05:00:00	1292.4000	1293.9000	1289.1000	1289.1000	7
2019-01-15 05:00:00	1290.1000	1292.7000	1286.2000	1286.2000	3
2019-01-16 05:00:00	1291.6000	1291.6000	1291.6000	1291.6000	2
2019-01-17 05:00:00	1291.6000	1292.7000	1288.5000	1291.0000	10
2019-01-18 05:00:00	1281.3000	1281.3000	1281.3000	1281.3000	3
2019-01-22 05:00:00	1282.5000	1283.3000	1282.5000	1282.5000	7
2019-01-23 05:00:00	1281.7000	1283.9000	1278.7000	1283.1000	14
2019-01-24 05:00:00	1279.1000	1279.1000	1278.5000	1279.1000	1
2019-01-25 05:00:00	1297.4000	1297.4000	1297.4000	1297.4000	0
2019-01-28 05:00:00	1300.8000	1307.1000	1298.4000	1302.4000	54
2019-01-29 05:00:00	1308.2000	1308.2000	1308.2000	1308.2000	213607
2019-01-30 05:00:00	1310.4000	1323.4000	1308.1000	1309.9000	54958
2019-01-31 05:00:00	1320.0000	1325.4000	1316.7000	1319.7000	1970
2019-02-01 05:00:00	1320.3000	1320.7000	1315.4000	1316.9000	878
2019-02-04 05:00:00	1318.1000	1318.1000	1308.3000	1314.3000	675
2019-02-05 05:00:00	1311.1000	1315.1000	1311.0000	1314.2000	362
2019-02-06 05:00:00	1312.5000	1313.5000	1305.0000	1309.5000	358
2019-02-07 05:00:00	1302.9000	1310.4000	1302.2000	1309.4000	203
2019-02-08 05:00:00	1309.5000	1314.0000	1307.8000	1313.7000	122
2019-02-11 05:00:00	1313.4000	1313.4000	1304.7000	1307.0000	119
2019-02-12 05:00:00	1310.0000	1312.0000	1307.6000	1309.2000	109
2019-02-13 05:00:00	1311.6000	1316.0000	1308.1000	1310.8000	143
2019-02-14 05:00:00	1305.0000	1311.8000	1301.6000	1309.8000	858
2019-02-15 05:00:00	1313.6000	1318.8000	1313.6000	1318.1000	190
2019-02-19 05:00:00	1320.9000	1340.1000	1320.5000	1340.1000	390
2019-02-20 05:00:00	1342.2000	1344.0000	1338.0000	1343.3000	581
2019-02-21 05:00:00	1331.3000	1334.9000	1320.9000	1323.5000	414
2019-02-22 05:00:00	1324.2000	1331.3000	1321.0000	1329.2000	718
2019-02-25 05:00:00	1329.2000	1331.6000	1325.6000	1325.9000	185
2019-02-26 05:00:00	1323.3000	1325.5000	1323.3000	1325.1000	939
2019-02-27 05:00:00	1327.7000	1327.9000	1316.5000	1317.7000	604
2019-02-28 05:00:00	1321.1000	1323.7000	1311.5000	1312.8000	141
2019-03-01 05:00:00	1312.2000	1312.2000	1288.9000	1296.4000	110
2019-03-04 05:00:00	1285.5000	1287.0000	1281.9000	1284.8000	28
2019-03-05 05:00:00	1287.0000	1287.0000	1282.0000	1282.0000	114
2019-03-06 05:00:00	1287.1000	1287.1000	1282.6000	1284.9000	14
2019-03-07 05:00:00	1281.0000	1284.6000	1281.0000	1283.8000	11
2019-03-08 05:00:00	1292.1000	1297.4000	1291.6000	1297.0000	10
2019-03-11 04:00:00	1291.0000	1291.0000	1288.8000	1288.8000	9
2019-03-12 04:00:00	1294.7000	1296.3000	1294.7000	1296.3000	1
2019-03-13 04:00:00	1307.5000	1307.5000	1307.5000	1307.5000	0
2019-03-14 04:00:00	1293.4000	1293.4000	1293.4000	1293.4000	1
2019-03-15 04:00:00	1300.9000	1304.7000	1300.5000	1301.8000	26
2019-03-18 04:00:00	1297.3000	1302.2000	1297.3000	1300.3000	8
2019-03-19 04:00:00	1306.9000	1306.9000	1304.8000	1305.0000	20
2019-03-20 04:00:00	1300.7000	1300.7000	1300.5000	1300.5000	2
2019-03-21 04:00:00	1306.1000	1306.1000	1306.1000	1306.1000	0
2019-03-22 04:00:00	1311.6000	1311.6000	1311.6000	1311.6000	0
2019-03-25 04:00:00	1320.7000	1322.9000	1320.7000	1321.9000	19
2019-03-26 04:00:00	1315.6000	1315.6000	1314.3000	1314.3000	1
2019-03-27 04:00:00	1309.9000	1309.9000	1309.9000	1309.9000	206263
2019-03-28 04:00:00	1308.4000	1311.1000	1287.7000	1289.8000	87798
2019-03-29 04:00:00	1289.6000	1298.5000	1286.1000	1293.0000	1265
2019-04-01 04:00:00	1291.8000	1295.9000	1285.7000	1288.4000	675
2019-04-02 04:00:00	1286.3000	1290.9000	1284.5000	1290.0000	525
2019-04-03 04:00:00	1291.4000	1293.1000	1287.5000	1289.9000	172
2019-04-04 04:00:00	1290.6000	1292.6000	1279.5000	1289.0000	269
2019-04-05 04:00:00	1292.0000	1292.0000	1283.6000	1290.4000	181
2019-04-08 04:00:00	1292.2000	1302.1000	1291.8000	1297.1000	63
2019-04-09 04:00:00	1298.5000	1304.9000	1298.5000	1303.5000	30
2019-04-10 04:00:00	1304.0000	1309.1000	1301.5000	1309.1000	66
2019-04-11 04:00:00	1307.0000	1307.1000	1288.6000	1288.6000	420
2019-04-12 04:00:00	1293.4000	1293.4000	1289.2000	1290.6000	607
2019-04-15 04:00:00	1284.8000	1287.3000	1282.3000	1286.8000	523
2019-04-16 04:00:00	1285.2000	1285.2000	1272.2000	1272.6000	643
2019-04-17 04:00:00	1273.5000	1273.5000	1271.6000	1272.2000	308
2019-04-18 04:00:00	1270.8000	1273.6000	1270.1000	1271.9000	27
2019-04-22 04:00:00	1273.5000	1273.5000	1273.5000	1273.5000	147
2019-04-23 04:00:00	1266.4000	1269.8000	1266.0000	1269.3000	206
2019-04-24 04:00:00	1268.4000	1275.5000	1267.8000	1275.5000	518
2019-04-25 04:00:00	1280.6000	1280.8000	1275.8000	1275.8000	95
2019-04-26 04:00:00	1284.9000	1284.9000	1284.9000	1284.9000	804
2019-04-29 04:00:00	1284.8000	1284.9000	1277.1000	1278.6000	568
2019-04-30 04:00:00	1281.7000	1283.3000	1280.8000	1282.8000	114
2019-05-01 04:00:00	1278.7000	1283.3000	1278.7000	1281.4000	70
2019-05-02 04:00:00	1269.2000	1270.8000	1266.6000	1269.7000	63
2019-05-03 04:00:00	1270.1000	1279.2000	1270.1000	1279.2000	15
2019-05-06 04:00:00	1282.2000	1282.2000	1280.3000	1281.7000	12
2019-05-07 04:00:00	1280.5000	1283.5000	1280.5000	1283.5000	8
2019-05-08 04:00:00	1279.4000	1279.4000	1279.4000	1279.4000	5
2019-05-09 04:00:00	1278.9000	1285.0000	1278.8000	1283.5000	38
2019-05-10 04:00:00	1285.4000	1286.5000	1283.3000	1285.7000	6
2019-05-13 04:00:00	1286.7000	1300.1000	1281.8000	1300.1000	56
2019-05-14 04:00:00	1297.8000	1297.8000	1294.7000	1294.7000	6
2019-05-15 04:00:00	1296.9000	1296.9000	1296.0000	1296.3000	55
2019-05-16 04:00:00	1285.2000	1285.4000	1285.0000	1285.0000	3
2019-05-17 04:00:00	1280.0000	1280.0000	1274.5000	1274.5000	1
2019-05-20 04:00:00	1276.1000	1276.1000	1276.1000	1276.1000	20
2019-05-21 04:00:00	1272.0000	1272.0000	1272.0000	1272.0000	0
2019-05-22 04:00:00	1273.6000	1273.6000	1273.6000	1273.6000	0
2019-05-23 04:00:00	1284.8000	1284.8000	1284.8000	1284.8000	0
2019-05-24 04:00:00	1283.0000	1283.0000	1283.0000	1283.0000	9
2019-05-28 04:00:00	1276.5000	1276.5000	1276.5000	1276.5000	0
2019-05-29 04:00:00	1280.6000	1280.6000	1280.6000	1280.6000	189694
2019-05-30 04:00:00	1279.4000	1288.3000	1273.9000	1287.1000	55573
2019-05-31 04:00:00	1287.7000	1306.4000	1287.5000	1305.8000	2814
2019-06-03 04:00:00	1307.0000	1327.8000	1307.0000	1322.7000	812
2019-06-04 04:00:00	1324.3000	1328.6000	1320.8000	1323.4000	302
2019-06-05 04:00:00	1328.9000	1343.3000	1326.3000	1328.3000	622
2019-06-06 04:00:00	1330.8000	1338.7000	1326.2000	1337.6000	161
2019-06-07 04:00:00	1333.1000	1347.7000	1329.8000	1341.2000	240
2019-06-10 04:00:00	1335.8000	1336.5000	1324.1000	1324.7000	268
2019-06-11 04:00:00	1328.4000	1328.4000	1319.1000	1326.4000	201
2019-06-12 04:00:00	1326.9000	1334.5000	1326.9000	1331.9000	139
2019-06-13 04:00:00	1331.6000	1341.1000	1331.6000	1339.2000	157
2019-06-14 04:00:00	1345.4000	1355.4000	1339.3000	1340.1000	914
2019-06-17 04:00:00	1339.0000	1340.3000	1335.0000	1338.7000	76
2019-06-18 04:00:00	1349.3000	1349.3000	1341.6000	1346.6000	29
2019-06-19 04:00:00	1344.0000	1344.6000	1344.0000	1344.6000	129
2019-06-20 04:00:00	1381.5000	1392.9000	1379.5000	1392.9000	76
2019-06-21 04:00:00	1406.0000	1406.0000	1390.3000	1396.2000	35
2019-06-24 04:00:00	1406.0000	1420.6000	1402.1000	1414.3000	125
2019-06-25 04:00:00	1418.1000	1433.3000	1414.9000	1414.9000	105
2019-06-26 04:00:00	1407.2000	1413.3000	1405.8000	1411.6000	1333
2019-06-27 04:00:00	1407.0000	1410.8000	1399.8000	1408.4000	437
2019-06-28 04:00:00	1408.3000	1422.0000	1408.3000	1409.7000	356
2019-07-01 04:00:00	1386.6000	1395.8000	1382.8000	1385.6000	214
2019-07-02 04:00:00	1391.1000	1418.4000	1390.8000	1404.6000	38
2019-07-03 13:30:00	1431.0000	1434.0000	1413.1000	1417.7000	46
2019-07-05 04:00:00	1418.3000	1418.3000	1390.2000	1396.7000	20
2019-07-08 04:00:00	1395.9000	1397.0000	1393.6000	1397.0000	14
2019-07-09 04:00:00	1394.5000	1397.5000	1386.2000	1397.5000	53
2019-07-10 04:00:00	1409.9000	1410.1000	1409.9000	1410.1000	50
2019-07-11 04:00:00	1424.0000	1424.0000	1404.3000	1404.3000	6
2019-07-12 04:00:00	1405.6000	1410.1000	1405.6000	1409.9000	8
2019-07-15 04:00:00	1414.4000	1415.0000	1411.4000	1411.4000	25
2019-07-16 04:00:00	1413.6000	1413.7000	1405.0000	1409.2000	13
2019-07-17 04:00:00	1404.6000	1421.3000	1404.6000	1421.3000	6
2019-07-18 04:00:00	1422.3000	1444.2000	1419.5000	1426.1000	66
2019-07-19 04:00:00	1440.5000	1442.0000	1425.1000	1425.1000	22
2019-07-22 04:00:00	1425.3000	1425.3000	1424.0000	1425.3000	1
2019-07-23 04:00:00	1418.6000	1421.3000	1416.3000	1420.1000	5
2019-07-24 04:00:00	1422.8000	1422.8000	1422.8000	1422.8000	20
2019-07-25 04:00:00	1413.9000	1413.9000	1413.9000	1413.9000	4
2019-07-26 04:00:00	1422.8000	1423.0000	1418.5000	1418.5000	5
2019-07-29 04:00:00	1419.6000	1419.6000	1419.6000	1419.6000	224267
2019-07-30 04:00:00	1426.3000	1433.9000	1422.1000	1429.7000	73874
2019-07-31 04:00:00	1431.3000	1435.8000	1411.2000	1426.1000	3294
2019-08-01 04:00:00	1411.3000	1445.2000	1400.9000	1420.9000	2431
2019-08-02 04:00:00	1448.0000	1448.0000	1432.3000	1445.6000	1873
2019-08-05 04:00:00	1440.4000	1469.7000	1440.4000	1464.6000	1008
2019-08-06 04:00:00	1469.7000	1475.0000	1457.7000	1472.4000	460
2019-08-07 04:00:00	1473.5000	1509.9000	1473.2000	1507.3000	824
2019-08-08 04:00:00	1498.4000	1508.5000	1492.0000	1497.7000	367
2019-08-09 04:00:00	1506.2000	1507.5000	1495.6000	1496.6000	74
2019-08-12 04:00:00	1496.0000	1514.9000	1488.1000	1505.3000	257
2019-08-13 04:00:00	1510.4000	1531.4000	1483.7000	1502.2000	672
2019-08-14 04:00:00	1500.0000	1520.5000	1497.0000	1515.9000	328
2019-08-15 04:00:00	1519.8000	1522.7000	1510.6000	1519.6000	87
2019-08-16 04:00:00	1524.6000	1524.6000	1504.7000	1512.5000	1815
2019-08-19 04:00:00	1507.2000	1507.6000	1492.9000	1500.4000	205
2019-08-20 04:00:00	1497.5000	1506.1000	1497.5000	1504.6000	486
2019-08-21 04:00:00	1504.9000	1505.0000	1498.8000	1504.6000	350
2019-08-22 04:00:00	1495.1000	1497.3000	1493.8000	1497.3000	686
2019-08-23 04:00:00	1493.5000	1527.6000	1493.5000	1526.6000	983
2019-08-26 04:00:00	1543.2000	1543.3000	1524.3000	1526.3000	334
2019-08-27 04:00:00	1530.5000	1542.1000	1528.5000	1541.0000	166
2019-08-28 04:00:00	1538.1000	1538.1000	1537.8000	1537.8000	2756
2019-08-29 04:00:00	1537.5000	1549.3000	1519.6000	1526.5000	704
2019-08-30 04:00:00	1524.6000	1530.4000	1516.7000	1519.1000	276
2019-09-03 04:00:00	1522.9000	1547.3000	1521.0000	1545.9000	139
2019-09-04 04:00:00	1549.0000	1553.2000	1534.8000	1550.3000	46
2019-09-05 04:00:00	1551.0000	1551.1000	1511.1000	1515.4000	125
2019-09-06 04:00:00	1517.3000	1526.0000	1504.5000	1506.2000	54
2019-09-09 04:00:00	1509.0000	1513.0000	1498.0000	1502.2000	69
2019-09-10 04:00:00	1498.5000	1498.5000	1486.9000	1490.3000	23
2019-09-11 04:00:00	1491.7000	1496.6000	1490.2000	1494.4000	8
2019-09-12 04:00:00	1499.5000	1515.4000	1498.7000	1498.7000	27
2019-09-13 04:00:00	1490.9000	1490.9000	1486.9000	1490.9000	1
2019-09-16 04:00:00	1506.6000	1506.8000	1496.9000	1503.1000	21
2019-09-17 04:00:00	1497.9000	1505.1000	1497.9000	1505.1000	3
2019-09-18 04:00:00	1508.9000	1509.4000	1489.3000	1507.5000	8
2019-09-19 04:00:00	1496.1000	1502.4000	1496.1000	1498.4000	10
2019-09-20 04:00:00	1503.0000	1507.3000	1503.0000	1507.3000	2
2019-09-23 04:00:00	1515.5000	1523.7000	1515.5000	1523.7000	5
2019-09-24 04:00:00	1515.1000	1533.0000	1515.1000	1532.1000	25
2019-09-25 04:00:00	1527.6000	1527.9000	1504.6000	1504.6000	25
2019-09-26 04:00:00	1507.5000	1507.5000	1507.5000	1507.5000	8178
2019-09-27 04:00:00	1504.2000	1506.1000	1485.6000	1499.1000	7827
2019-09-30 04:00:00	1495.9000	1495.9000	1463.5000	1465.7000	1078
2019-10-01 04:00:00	1468.7000	1485.5000	1458.3000	1482.0000	219
2019-10-02 04:00:00	1476.6000	1503.7000	1474.1000	1501.0000	205
2019-10-03 04:00:00	1497.4000	1518.2000	1496.6000	1507.1000	1213
2019-10-04 04:00:00	1505.6000	1508.7000	1497.1000	1506.2000	233
2019-10-07 04:00:00	1504.8000	1505.8000	1489.1000	1497.7000	121
2019-10-08 04:00:00	1489.4000	1506.3000	1489.3000	1497.2000	46
2019-10-09 04:00:00	1507.7000	1507.7000	1498.4000	1506.1000	120
2019-10-10 04:00:00	1511.2000	1511.2000	1490.6000	1494.8000	78
2019-10-11 04:00:00	1491.9000	1494.9000	1476.9000	1482.7000	57
2019-10-14 04:00:00	1484.4000	1493.5000	1481.3000	1491.7000	400
2019-10-15 04:00:00	1488.9000	1495.4000	1476.6000	1477.6000	367
2019-10-16 04:00:00	1482.0000	1488.0000	1480.0000	1488.0000	383
2019-10-17 04:00:00	1486.2000	1493.2000	1485.8000	1492.3000	271
2019-10-18 04:00:00	1487.3000	1489.1000	1486.6000	1488.2000	82
2019-10-21 04:00:00	1489.9000	1489.9000	1481.5000	1482.4000	72
2019-10-22 04:00:00	1483.4000	1483.5000	1481.7000	1481.7000	99
2019-10-23 04:00:00	1486.4000	1490.3000	1486.4000	1489.9000	67
2019-10-24 04:00:00	1490.5000	1501.2000	1485.9000	1498.9000	115
2019-10-25 04:00:00	1501.4000	1514.3000	1499.0000	1499.5000	93
2019-10-28 04:00:00	1504.1000	1504.1000	1490.0000	1490.0000	37
2019-10-29 04:00:00	1485.9000	1487.0000	1485.9000	1487.0000	425
2019-10-30 04:00:00	1487.2000	1495.4000	1481.0000	1493.2000	320
2019-10-31 04:00:00	1496.1000	1513.1000	1496.1000	1511.4000	210
2019-11-01 04:00:00	1511.0000	1511.6000	1503.0000	1508.0000	235
2019-11-04 05:00:00	1511.6000	1511.6000	1508.0000	1508.0000	101
2019-11-05 05:00:00	1507.1000	1507.1000	1480.8000	1480.8000	31
2019-11-06 05:00:00	1483.2000	1491.0000	1483.2000	1490.2000	567
2019-11-07 05:00:00	1489.1000	1489.1000	1464.2000	1464.2000	581
2019-11-08 05:00:00	1469.1000	1469.1000	1461.3000	1461.3000	21
2019-11-11 05:00:00	1461.0000	1461.0000	1449.3000	1455.5000	22
2019-11-12 05:00:00	1454.9000	1454.9000	1447.1000	1452.1000	6
2019-11-13 05:00:00	1456.8000	1463.3000	1456.8000	1461.7000	56
2019-11-14 05:00:00	1463.8000	1471.8000	1463.7000	1471.8000	83
2019-11-15 05:00:00	1469.1000	1469.1000	1467.3000	1467.3000	13
2019-11-18 05:00:00	1472.0000	1472.0000	1469.7000	1470.9000	141
2019-11-19 05:00:00	1467.7000	1474.3000	1467.7000	1473.3000	18
2019-11-20 05:00:00	1472.6000	1474.5000	1467.3000	1473.3000	31
2019-11-21 05:00:00	1463.1000	1463.1000	1463.1000	1463.1000	16
2019-11-22 05:00:00	1468.6000	1468.6000	1463.1000	1463.1000	19
2019-11-25 05:00:00	1457.1000	1457.1000	1455.5000	1456.6000	14
2019-11-26 05:00:00	1459.8000	1459.8000	1459.8000	1459.8000	346362
2019-11-27 05:00:00	1461.1000	1461.9000	1452.0000	1453.4000	88364
2019-11-29 14:30:00	1453.6000	1465.6000	1452.1000	1465.6000	7020
2019-12-02 05:00:00	1462.8000	1464.4000	1453.3000	1462.3000	2172
2019-12-03 05:00:00	1461.6000	1480.4000	1459.5000	1478.2000	1460
2019-12-04 05:00:00	1477.5000	1483.4000	1471.2000	1474.0000	613
2019-12-05 05:00:00	1474.7000	1478.0000	1472.3000	1476.9000	907
2019-12-06 05:00:00	1475.0000	1476.0000	1458.2000	1459.1000	899
2019-12-09 05:00:00	1458.8000	1464.2000	1458.6000	1459.3000	1461
2019-12-10 05:00:00	1460.7000	1467.2000	1460.7000	1462.6000	367
2019-12-11 05:00:00	1463.1000	1475.4000	1463.1000	1469.4000	393
2019-12-12 05:00:00	1475.1000	1483.9000	1463.7000	1466.7000	955
2019-12-13 05:00:00	1463.1000	1475.9000	1463.1000	1475.6000	468
2019-12-16 05:00:00	1473.8000	1475.3000	1473.8000	1475.0000	99
2019-12-17 05:00:00	1474.1000	1476.9000	1474.0000	1474.6000	410
2019-12-18 05:00:00	1472.6000	1472.6000	1472.6000	1472.6000	250
2019-12-19 05:00:00	1475.9000	1478.9000	1473.3000	1478.2000	319
2019-12-20 05:00:00	1476.7000	1478.1000	1474.7000	1474.7000	118
2019-12-23 05:00:00	1482.3000	1482.5000	1479.9000	1482.5000	391
2019-12-24 14:30:00	1488.7000	1499.1000	1488.7000	1499.1000	52
2019-12-26 05:00:00	1505.2000	1512.3000	1505.0000	1509.3000	126
2019-12-27 05:00:00	1513.8000	1513.8000	1513.8000	1513.8000	839
2019-12-30 05:00:00	1512.6000	1515.1000	1510.0000	1514.5000	446
2019-12-31 05:00:00	1513.8000	1523.4000	1513.8000	1519.5000	301
2020-01-02 05:00:00	1518.1000	1528.7000	1518.0000	1524.5000	214
2020-01-03 05:00:00	1530.1000	1552.7000	1530.1000	1549.2000	107
2020-01-06 05:00:00	1580.0000	1580.0000	1560.4000	1566.2000	416
2020-01-07 05:00:00	1558.3000	1576.3000	1558.3000	1571.8000	47
2020-01-08 05:00:00	1579.7000	1604.2000	1552.3000	1557.4000	236
2020-01-09 05:00:00	1555.7000	1555.7000	1543.3000	1551.7000	54
2020-01-10 05:00:00	1551.2000	1558.8000	1545.4000	1557.5000	16
2020-01-13 05:00:00	1557.4000	1558.0000	1548.4000	1548.4000	48
2020-01-14 05:00:00	1546.7000	1546.7000	1534.9000	1542.4000	32
2020-01-15 05:00:00	1548.0000	1553.9000	1545.6000	1552.1000	11
2020-01-16 05:00:00	1555.7000	1556.1000	1548.5000	1549.0000	98
2020-01-17 05:00:00	1554.1000	1558.8000	1553.6000	1558.8000	108
2020-01-21 05:00:00	1559.3000	1566.2000	1551.0000	1556.4000	45
2020-01-22 05:00:00	1549.8000	1557.1000	1549.8000	1555.3000	42
2020-01-23 05:00:00	1553.1000	1564.6000	1552.2000	1564.6000	15
2020-01-24 05:00:00	1556.3000	1571.1000	1556.3000	1571.1000	43
2020-01-27 05:00:00	1584.3000	1584.5000	1576.8000	1576.8000	22
2020-01-28 05:00:00	1576.4000	1576.4000	1569.2000	1569.2000	3
2020-01-29 05:00:00	1569.8000	1569.8000	1569.8000	1569.8000	251274
2020-01-30 05:00:00	1576.8000	1585.0000	1571.4000	1583.5000	62336
2020-01-31 05:00:00	1573.4000	1589.0000	1570.0000	1582.9000	1095
2020-02-03 05:00:00	1592.9000	1593.3000	1568.2000	1577.2000	1062
2020-02-04 05:00:00	1577.7000	1577.7000	1547.8000	1550.4000	978
2020-02-05 05:00:00	1553.2000	1560.7000	1547.7000	1557.8000	1305
2020-02-06 05:00:00	1553.6000	1565.6000	1551.6000	1565.1000	110
2020-02-07 05:00:00	1564.9000	1571.9000	1560.5000	1568.6000	431
2020-02-10 05:00:00	1569.3000	1574.7000	1568.6000	1574.7000	128
2020-02-11 05:00:00	1570.9000	1571.1000	1561.9000	1565.6000	440
2020-02-12 05:00:00	1565.2000	1568.7000	1561.0000	1567.4000	36
2020-02-13 05:00:00	1570.2000	1575.1000	1570.2000	1575.1000	74
2020-02-14 05:00:00	1575.8000	1582.7000	1574.8000	1582.7000	68
2020-02-18 05:00:00	1579.8000	1604.3000	1579.8000	1600.0000	310
2020-02-19 05:00:00	1600.6000	1610.5000	1599.7000	1607.5000	542
2020-02-20 05:00:00	1606.5000	1621.0000	1603.0000	1616.6000	117
2020-02-21 05:00:00	1619.3000	1645.0000	1619.3000	1644.6000	186
2020-02-24 05:00:00	1657.0000	1686.6000	1650.0000	1672.4000	435
2020-02-25 05:00:00	1645.1000	1653.7000	1632.3000	1646.9000	409
2020-02-26 05:00:00	1644.0000	1648.1000	1636.4000	1640.0000	1990
2020-02-27 05:00:00	1641.1000	1658.0000	1638.5000	1640.0000	707
2020-02-28 05:00:00	1640.3000	1642.5000	1564.1000	1564.1000	289
2020-03-02 05:00:00	1583.9000	1608.3000	1574.3000	1592.3000	537
2020-03-03 05:00:00	1594.5000	1645.3000	1594.0000	1642.1000	610
2020-03-04 05:00:00	1645.4000	1645.9000	1631.3000	1641.1000	83
2020-03-05 05:00:00	1637.3000	1672.9000	1637.2000	1666.4000	154
2020-03-06 05:00:00	1670.8000	1686.2000	1647.2000	1670.8000	175
2020-03-09 04:00:00	1696.1000	1701.6000	1657.7000	1674.5000	161
2020-03-10 04:00:00	1671.6000	1674.6000	1643.0000	1659.1000	48
2020-03-11 04:00:00	1656.6000	1666.5000	1635.0000	1641.4000	47
2020-03-12 04:00:00	1637.0000	1647.5000	1566.4000	1589.3000	256
2020-03-13 04:00:00	1574.9000	1589.8000	1513.8000	1515.7000	89
2020-03-16 04:00:00	1569.1000	1569.1000	1452.1000	1485.9000	193
2020-03-17 04:00:00	1469.3000	1537.7000	1469.3000	1524.9000	122
2020-03-18 04:00:00	1537.5000	1542.0000	1477.3000	1477.3000	333
2020-03-19 04:00:00	1481.5000	1491.6000	1471.0000	1478.6000	262
2020-03-20 04:00:00	1483.5000	1484.0000	1483.5000	1484.0000	14
2020-03-23 04:00:00	1505.3000	1567.0000	1490.2000	1567.0000	51
2020-03-24 04:00:00	1592.7000	1685.5000	1592.7000	1660.2000	442
2020-03-25 04:00:00	1676.5000	1676.5000	1631.1000	1632.3000	476
2020-03-26 04:00:00	1660.5000	1660.5000	1650.1000	1650.1000	3
2020-03-27 04:00:00	1623.9000	1623.9000	1623.9000	1623.9000	100638
2020-03-30 04:00:00	1641.2000	1652.8000	1607.2000	1622.0000	16389
2020-03-31 04:00:00	1618.7000	1621.0000	1576.0000	1583.4000	2874
2020-04-01 04:00:00	1570.0000	1600.0000	1570.0000	1578.2000	2158
2020-04-02 04:00:00	1590.9000	1631.2000	1586.0000	1625.7000	1294
2020-04-03 04:00:00	1624.5000	1636.0000	1619.8000	1633.7000	643
2020-04-06 04:00:00	1629.1000	1696.7000	1625.9000	1677.0000	1063
2020-04-07 04:00:00	1695.7000	1724.4000	1658.0000	1664.8000	1144
2020-04-08 04:00:00	1669.7000	1677.0000	1662.5000	1665.4000	747
2020-04-09 04:00:00	1662.7000	1736.2000	1662.7000	1736.2000	825
2020-04-13 04:00:00	1722.0000	1756.8000	1710.7000	1744.8000	696
2020-04-14 04:00:00	1756.8000	1775.0000	1739.5000	1756.7000	675
2020-04-15 04:00:00	1739.4000	1744.9000	1722.7000	1727.2000	642
2020-04-16 04:00:00	1731.0000	1750.6000	1715.0000	1720.4000	162
2020-04-17 04:00:00	1715.7000	1725.0000	1684.9000	1689.2000	223
2020-04-20 04:00:00	1686.0000	1701.6000	1680.0000	1701.6000	106
2020-04-21 04:00:00	1697.0000	1707.1000	1659.9000	1678.2000	666
2020-04-22 04:00:00	1696.0000	1728.7000	1684.8000	1728.7000	453
2020-04-23 04:00:00	1734.0000	1745.1000	1733.3000	1733.3000	482
2020-04-24 04:00:00	1744.0000	1744.0000	1714.5000	1723.5000	221
2020-04-27 04:00:00	1731.9000	1731.9000	1711.9000	1711.9000	169
2020-04-28 04:00:00	1716.6000	1716.6000	1707.1000	1710.5000	1255
2020-04-29 04:00:00	1710.0000	1713.5000	1702.0000	1703.4000	373
2020-04-30 04:00:00	1719.3000	1719.3000	1680.8000	1684.2000	327
2020-05-01 04:00:00	1686.6000	1701.5000	1670.5000	1694.5000	337
2020-05-04 04:00:00	1702.6000	1709.0000	1699.6000	1706.9000	320
2020-05-05 04:00:00	1701.5000	1704.4000	1697.2000	1704.4000	82
2020-05-06 04:00:00	1704.0000	1704.0000	1684.2000	1684.2000	469
2020-05-07 04:00:00	1686.2000	1721.8000	1685.6000	1721.8000	853
2020-05-08 04:00:00	1726.2000	1728.9000	1703.8000	1709.9000	330
2020-05-11 04:00:00	1702.3000	1704.5000	1690.2000	1695.3000	749
2020-05-12 04:00:00	1699.3000	1713.1000	1699.3000	1704.4000	324
2020-05-13 04:00:00	1702.0000	1721.3000	1701.9000	1713.9000	431
2020-05-14 04:00:00	1724.3000	1743.1000	1720.5000	1738.1000	672
2020-05-15 04:00:00	1739.7000	1753.4000	1739.7000	1753.4000	719
2020-05-18 04:00:00	1755.7000	1770.5000	1731.8000	1731.8000	229
2020-05-19 04:00:00	1744.2000	1749.5000	1744.2000	1744.2000	167
2020-05-20 04:00:00	1751.6000	1752.1000	1745.6000	1750.6000	16
2020-05-21 04:00:00	1746.8000	1746.8000	1720.5000	1720.5000	528
2020-05-22 04:00:00	1726.6000	1734.6000	1726.6000	1734.6000	6
2020-05-26 04:00:00	1726.4000	1726.4000	1704.8000	1704.8000	39
2020-05-27 04:00:00	1685.6000	1710.3000	1685.6000	1710.3000	137416
2020-05-28 04:00:00	1709.3000	1727.8000	1705.0000	1713.3000	23355
2020-05-29 04:00:00	1718.8000	1738.3000	1715.1000	1736.9000	1526
2020-06-01 04:00:00	1740.4000	1747.0000	1727.1000	1737.8000	871
2020-06-02 04:00:00	1743.0000	1745.5000	1721.8000	1725.2000	741
2020-06-03 04:00:00	1726.3000	1726.3000	1684.5000	1697.8000	2755
2020-06-04 04:00:00	1694.5000	1718.9000	1694.5000	1718.9000	807
2020-06-05 04:00:00	1711.8000	1711.8000	1668.6000	1676.2000	1502
2020-06-08 04:00:00	1679.1000	1699.4000	1675.9000	1698.3000	587
2020-06-09 04:00:00	1694.6000	1720.9000	1692.0000	1714.7000	690
2020-06-10 04:00:00	1716.1000	1740.8000	1711.9000	1713.3000	718
2020-06-11 04:00:00	1737.2000	1744.1000	1720.0000	1732.0000	347
2020-06-12 04:00:00	1724.9000	1743.0000	1724.9000	1729.3000	318
2020-06-15 04:00:00	1730.0000	1730.0000	1703.3000	1720.3000	188
2020-06-16 04:00:00	1726.3000	1729.6000	1722.4000	1729.6000	22
2020-06-17 04:00:00	1714.7000	1729.2000	1714.7000	1729.2000	51
2020-06-18 04:00:00	1730.5000	1734.1000	1717.3000	1724.8000	110
2020-06-19 04:00:00	1723.7000	1750.7000	1723.5000	1745.9000	1329
2020-06-22 04:00:00	1755.2000	1767.6000	1750.5000	1756.7000	1356
2020-06-23 04:00:00	1755.4000	1776.3000	1754.2000	1772.1000	666
2020-06-24 04:00:00	1778.3000	1783.1000	1764.5000	1765.8000	961
2020-06-25 04:00:00	1761.7000	1764.8000	1759.8000	1762.1000	207
2020-06-26 04:00:00	1766.0000	1772.5000	1764.7000	1772.5000	640
2020-06-29 04:00:00	1779.8000	1780.2000	1774.3000	1774.8000	584
2020-06-30 04:00:00	1777.3000	1793.2000	1774.4000	1793.0000	986
2020-07-01 04:00:00	1793.6000	1798.0000	1765.8000	1773.2000	331
2020-07-02 04:00:00	1773.4000	1784.0000	1768.7000	1784.0000	215
2020-07-06 04:00:00	1788.2000	1790.1000	1788.2000	1788.5000	172
2020-07-07 04:00:00	1789.3000	1804.2000	1783.3000	1804.2000	751
2020-07-08 04:00:00	1801.5000	1817.9000	1801.5000	1815.5000	209
2020-07-09 04:00:00	1816.1000	1819.8000	1799.2000	1799.2000	396
2020-07-10 04:00:00	1805.5000	1805.5000	1797.7000	1798.2000	236
2020-07-13 04:00:00	1805.0000	1811.0000	1805.0000	1811.0000	164
2020-07-14 04:00:00	1791.0000	1811.5000	1791.0000	1810.6000	339
2020-07-15 04:00:00	1806.1000	1813.5000	1806.1000	1811.4000	167
2020-07-16 04:00:00	1810.9000	1810.9000	1794.3000	1798.7000	146
2020-07-17 04:00:00	1798.5000	1810.1000	1798.5000	1808.3000	24
2020-07-20 04:00:00	1807.0000	1817.3000	1807.0000	1815.9000	89
2020-07-21 04:00:00	1822.0000	1842.4000	1822.0000	1842.4000	117
2020-07-22 04:00:00	1858.1000	1867.0000	1854.7000	1864.1000	213
2020-07-23 04:00:00	1868.7000	1890.3000	1868.5000	1889.1000	133
2020-07-24 04:00:00	1884.3000	1897.3000	1884.3000	1897.3000	474
2020-07-27 04:00:00	1901.7000	1938.0000	1901.5000	1931.0000	364
2020-07-28 04:00:00	1931.5000	1944.7000	1928.6000	1944.7000	825
2020-07-29 04:00:00	1953.2000	1953.5000	1952.6000	1953.5000	209835
2020-07-30 04:00:00	1963.4000	1965.1000	1930.0000	1942.3000	28853
2020-07-31 04:00:00	1948.6000	1981.1000	1948.0000	1962.8000	2914
2020-08-03 04:00:00	1984.3000	1984.3000	1955.5000	1966.0000	683
2020-08-04 04:00:00	1971.0000	2016.2000	1968.8000	2001.2000	2010
2020-08-05 04:00:00	2024.0000	2050.2000	2011.0000	2031.1000	1422
2020-08-06 04:00:00	2045.5000	2063.0000	2040.0000	2051.5000	294
2020-08-07 04:00:00	2040.1000	2055.0000	2009.6000	2010.1000	808
2020-08-10 04:00:00	2026.4000	2043.8000	2017.5000	2024.4000	233
2020-08-11 04:00:00	2012.4000	2016.0000	1904.0000	1932.6000	971
2020-08-12 04:00:00	1923.0000	1946.6000	1871.6000	1934.9000	404
2020-08-13 04:00:00	1921.5000	1957.4000	1916.9000	1956.7000	71
2020-08-14 04:00:00	1938.7000	1947.4000	1937.0000	1937.0000	201
2020-08-17 04:00:00	1949.6000	1985.0000	1949.6000	1985.0000	97
2020-08-18 04:00:00	2001.1000	2002.8000	1972.1000	1999.4000	92
2020-08-19 04:00:00	1980.0000	1980.0000	1938.7000	1958.7000	347
2020-08-20 04:00:00	1941.2000	1948.3000	1922.3000	1933.8000	106
2020-08-21 04:00:00	1941.0000	1945.0000	1908.9000	1934.6000	184
2020-08-24 04:00:00	1930.2000	1940.0000	1922.2000	1927.7000	85
2020-08-25 04:00:00	1927.5000	1928.5000	1911.8000	1911.8000	176
2020-08-26 04:00:00	1909.7000	1950.8000	1909.7000	1940.7000	287
2020-08-27 04:00:00	1948.9000	1972.5000	1921.6000	1921.6000	2303
2020-08-28 04:00:00	1927.1000	1971.3000	1922.5000	1964.6000	778
2020-08-31 04:00:00	1970.0000	1971.3000	1953.3000	1967.6000	158
2020-09-01 04:00:00	1961.7000	1986.3000	1961.7000	1968.2000	186
2020-09-02 04:00:00	1967.3000	1967.3000	1934.4000	1934.4000	71
2020-09-03 04:00:00	1937.1000	1938.8000	1923.0000	1927.6000	179
2020-09-04 04:00:00	1927.9000	1939.7000	1917.7000	1923.9000	607
2020-09-08 04:00:00	1930.9000	1937.9000	1903.1000	1933.0000	271
2020-09-09 04:00:00	1926.9000	1946.2000	1924.6000	1944.7000	219
2020-09-10 04:00:00	1944.1000	1962.7000	1944.1000	1954.2000	722
2020-09-11 04:00:00	1944.0000	1949.5000	1937.8000	1937.8000	73
2020-09-14 04:00:00	1946.3000	1953.1000	1943.0000	1953.1000	55
2020-09-15 04:00:00	1955.8000	1968.5000	1955.8000	1956.3000	74
2020-09-16 04:00:00	1961.3000	1961.4000	1956.7000	1960.2000	124
2020-09-17 04:00:00	1939.0000	1946.0000	1933.7000	1940.0000	67
2020-09-18 04:00:00	1950.5000	1952.1000	1949.0000	1952.1000	38
2020-09-21 04:00:00	1946.2000	1946.2000	1883.4000	1901.2000	52
2020-09-22 04:00:00	1913.1000	1913.1000	1898.6000	1898.6000	331
2020-09-23 04:00:00	1875.5000	1875.5000	1859.9000	1859.9000	5
2020-09-24 04:00:00	1851.5000	1868.3000	1851.5000	1868.3000	365
2020-09-25 04:00:00	1856.3000	1857.7000	1856.3000	1857.7000	4
2020-09-28 04:00:00	1872.8000	1872.8000	1872.8000	1872.8000	10455
2020-09-29 04:00:00	1876.5000	1895.4000	1872.4000	1894.3000	3283
2020-09-30 04:00:00	1893.0000	1899.7000	1879.8000	1887.5000	600
2020-10-01 04:00:00	1884.1000	1909.6000	1882.5000	1908.4000	730
2020-10-02 04:00:00	1893.9000	1913.0000	1893.9000	1900.2000	530
2020-10-05 04:00:00	1898.9000	1915.6000	1884.7000	1912.5000	1360
2020-10-06 04:00:00	1906.6000	1918.0000	1874.4000	1901.1000	968
2020-10-07 04:00:00	1874.1000	1889.8000	1873.1000	1883.6000	50
2020-10-08 04:00:00	1893.0000	1893.0000	1882.7000	1888.6000	348
2020-10-09 04:00:00	1909.3000	1929.1000	1905.1000	1919.5000	580
2020-10-12 04:00:00	1924.0000	1926.5000	1921.6000	1922.5000	96
2020-10-13 04:00:00	1921.9000	1922.2000	1887.0000	1888.5000	191
2020-10-14 04:00:00	1889.7000	1910.8000	1882.5000	1901.3000	33
2020-10-15 04:00:00	1897.3000	1906.3000	1889.6000	1903.2000	254
2020-10-16 04:00:00	1898.5000	1900.8000	1898.5000	1900.8000	53
2020-10-19 04:00:00	1907.3000	1907.8000	1899.5000	1906.4000	43
2020-10-20 04:00:00	1901.3000	1910.4000	1896.1000	1910.4000	329
2020-10-21 04:00:00	1913.6000	1927.3000	1913.6000	1924.6000	1202
2020-10-22 04:00:00	1924.3000	1924.3000	1898.2000	1901.1000	899
2020-10-23 04:00:00	1899.9000	1913.3000	1896.2000	1902.0000	287
2020-10-26 04:00:00	1895.5000	1907.0000	1893.5000	1902.7000	242
2020-10-27 04:00:00	1904.6000	1908.8000	1904.4000	1908.8000	176
2020-10-28 04:00:00	1870.9000	1876.2000	1870.9000	1876.2000	277
2020-10-29 04:00:00	1876.1000	1879.8000	1858.8000	1865.6000	240
2020-10-30 04:00:00	1862.8000	1886.6000	1862.8000	1877.4000	725
2020-11-02 05:00:00	1872.9000	1894.7000	1872.9000	1890.4000	190
2020-11-03 05:00:00	1891.5000	1908.5000	1891.5000	1908.5000	712
2020-11-04 05:00:00	1893.8000	1907.0000	1885.3000	1894.6000	782
2020-11-05 05:00:00	1901.7000	1948.0000	1901.7000	1945.3000	135
2020-11-06 05:00:00	1940.8000	1958.8000	1940.8000	1950.3000	304
2020-11-09 05:00:00	1955.6000	1963.2000	1847.1000	1853.2000	745
2020-11-10 05:00:00	1879.3000	1885.3000	1871.2000	1875.4000	276
2020-11-11 05:00:00	1878.8000	1878.8000	1855.5000	1860.7000	222
2020-11-12 05:00:00	1869.0000	1878.5000	1866.6000	1872.6000	220
2020-11-13 05:00:00	1877.0000	1890.1000	1876.8000	1885.7000	240
2020-11-16 05:00:00	1874.6000	1887.3000	1871.0000	1887.3000	6
2020-11-17 05:00:00	1888.4000	1888.4000	1884.5000	1884.5000	59
2020-11-18 05:00:00	1873.5000	1873.5000	1873.5000	1873.5000	152
2020-11-19 05:00:00	1865.8000	1865.8000	1856.0000	1861.1000	59
2020-11-20 05:00:00	1871.2000	1872.6000	1871.2000	1872.6000	1900
2020-11-23 05:00:00	1834.8000	1837.8000	1829.2000	1837.8000	843
2020-11-24 05:00:00	1829.3000	1829.3000	1799.3000	1804.8000	1041
2020-11-25 05:00:00	1801.4000	1805.7000	1801.4000	1805.7000	205754
2020-11-27 14:30:00	1806.1000	1817.0000	1770.7000	1781.9000	71804
2020-11-30 05:00:00	1785.0000	1787.2000	1762.3000	1775.7000	3145
2020-12-01 05:00:00	1775.0000	1815.9000	1774.9000	1814.1000	1859
2020-12-02 05:00:00	1811.3000	1830.0000	1807.8000	1825.7000	771
2020-12-03 05:00:00	1829.2000	1842.0000	1825.3000	1836.8000	1765
2020-12-04 05:00:00	1840.7000	1847.6000	1828.2000	1835.9000	1213
2020-12-07 05:00:00	1836.5000	1866.9000	1820.8000	1861.8000	1427
2020-12-08 05:00:00	1863.0000	1875.8000	1861.8000	1870.8000	121
2020-12-09 05:00:00	1867.1000	1867.1000	1827.0000	1834.6000	215
2020-12-10 05:00:00	1833.2000	1849.1000	1828.0000	1833.6000	177
2020-12-11 05:00:00	1838.5000	1846.0000	1829.1000	1839.8000	109
2020-12-14 05:00:00	1835.5000	1835.7000	1822.7000	1828.7000	258
2020-12-15 05:00:00	1833.5000	1853.6000	1833.2000	1852.3000	961
2020-12-16 05:00:00	1856.5000	1864.7000	1850.5000	1856.1000	1090
2020-12-17 05:00:00	1874.2000	1896.2000	1874.2000	1887.2000	414
2020-12-18 05:00:00	1882.4000	1889.5000	1882.3000	1885.7000	276
2020-12-21 05:00:00	1884.8000	1908.0000	1869.1000	1879.2000	136
2020-12-22 05:00:00	1882.2000	1882.2000	1861.0000	1866.6000	233
2020-12-23 05:00:00	1867.0000	1878.8000	1864.5000	1874.7000	82
2020-12-24 14:30:00	1877.3000	1879.9000	1875.7000	1879.9000	46
2020-12-28 05:00:00	1895.5000	1895.8000	1873.7000	1877.2000	75
2020-12-29 05:00:00	1881.3000	1881.3000	1879.7000	1879.7000	343
2020-12-30 05:00:00	1879.9000	1895.8000	1877.3000	1891.0000	444
2020-12-31 05:00:00	1897.0000	1901.3000	1892.7000	1893.1000	127
2021-01-04 05:00:00	1912.2000	1945.1000	1912.2000	1944.7000	154
2021-01-05 05:00:00	1941.7000	1952.7000	1941.3000	1952.7000	113
2021-01-06 05:00:00	1952.0000	1959.9000	1901.5000	1906.9000	331
2021-01-07 05:00:00	1922.6000	1926.7000	1912.0000	1912.3000	122
2021-01-08 05:00:00	1908.0000	1908.0000	1834.1000	1834.1000	60
2021-01-11 05:00:00	1826.5000	1849.6000	1826.5000	1849.6000	20
2021-01-12 05:00:00	1849.0000	1859.7000	1839.4000	1842.9000	176
2021-01-13 05:00:00	1858.0000	1858.6000	1853.6000	1853.6000	189
2021-01-14 05:00:00	1836.7000	1850.7000	1836.7000	1850.3000	149
2021-01-15 05:00:00	1829.4000	1829.4000	1825.0000	1829.3000	31
2021-01-19 05:00:00	1802.0000	1842.9000	1802.0000	1839.5000	13
2021-01-20 05:00:00	1847.8000	1866.6000	1844.4000	1865.9000	16
2021-01-21 05:00:00	1865.3000	1868.0000	1865.3000	1865.3000	6
2021-01-22 05:00:00	1854.9000	1855.7000	1852.7000	1855.7000	8
2021-01-25 05:00:00	1864.7000	1864.7000	1851.8000	1854.9000	26
2021-01-26 05:00:00	1855.8000	1855.8000	1850.7000	1850.7000	59
2021-01-27 05:00:00	1844.9000	1844.9000	1844.9000	1844.9000	195540
2021-01-28 05:00:00	1843.4000	1862.9000	1831.5000	1837.9000	27283
2021-01-29 05:00:00	1842.0000	1876.0000	1838.7000	1847.3000	1634
2021-02-01 05:00:00	1866.6000	1871.9000	1850.0000	1860.8000	1494
2021-02-02 05:00:00	1859.6000	1861.3000	1827.6000	1830.5000	1293
2021-02-03 05:00:00	1834.8000	1842.4000	1829.8000	1832.2000	1195
2021-02-04 05:00:00	1832.2000	1832.2000	1782.8000	1788.9000	2375
2021-02-05 05:00:00	1794.3000	1813.5000	1790.9000	1810.9000	1278
2021-02-08 05:00:00	1816.3000	1836.7000	1809.0000	1831.9000	254
2021-02-09 05:00:00	1841.9000	1843.3000	1830.7000	1835.3000	184
2021-02-10 05:00:00	1842.6000	1851.1000	1837.0000	1840.6000	543
2021-02-11 05:00:00	1840.5000	1845.0000	1820.9000	1824.9000	602
2021-02-12 05:00:00	1825.0000	1827.5000	1809.2000	1821.6000	259
2021-02-16 05:00:00	1820.9000	1823.4000	1787.3000	1797.2000	1141
2021-02-17 05:00:00	1785.8000	1789.7000	1768.8000	1771.1000	614
2021-02-18 05:00:00	1776.1000	1784.6000	1766.0000	1773.4000	587
2021-02-19 05:00:00	1764.3000	1787.6000	1764.3000	1775.8000	118
2021-02-22 05:00:00	1784.0000	1807.8000	1784.0000	1806.7000	165
2021-02-23 05:00:00	1809.6000	1811.3000	1796.4000	1804.4000	569
2021-02-24 05:00:00	1805.8000	1805.8000	1796.4000	1796.4000	1500
2021-02-25 05:00:00	1801.5000	1802.0000	1766.7000	1774.4000	1049
2021-02-26 05:00:00	1768.1000	1768.2000	1718.8000	1728.1000	1593
2021-03-01 05:00:00	1737.1000	1747.0000	1720.3000	1722.5000	407
2021-03-02 05:00:00	1709.4000	1733.1000	1708.7000	1733.1000	867
2021-03-03 05:00:00	1730.0000	1732.4000	1703.5000	1715.3000	501
2021-03-04 05:00:00	1706.5000	1717.4000	1700.2000	1700.2000	521
2021-03-05 05:00:00	1690.6000	1701.0000	1685.0000	1698.0000	302
2021-03-08 05:00:00	1704.7000	1705.4000	1673.7000	1677.7000	1290
2021-03-09 05:00:00	1686.2000	1717.5000	1685.2000	1716.6000	335
2021-03-10 05:00:00	1713.6000	1722.9000	1711.0000	1721.5000	412
2021-03-11 05:00:00	1725.6000	1737.5000	1720.2000	1722.3000	18
2021-03-12 05:00:00	1715.9000	1722.5000	1699.0000	1719.5000	80
2021-03-15 04:00:00	1729.5000	1731.9000	1722.8000	1728.9000	147
2021-03-16 04:00:00	1732.3000	1733.9000	1726.0000	1730.6000	729
2021-03-17 04:00:00	1735.3000	1750.1000	1725.6000	1726.8000	488
2021-03-18 04:00:00	1745.8000	1750.3000	1721.8000	1732.2000	138
2021-03-19 04:00:00	1742.2000	1742.2000	1733.6000	1741.4000	13
2021-03-22 04:00:00	1737.8000	1737.8000	1737.8000	1737.8000	51
2021-03-23 04:00:00	1724.7000	1724.7000	1724.7000	1724.7000	6
2021-03-24 04:00:00	1727.5000	1732.9000	1727.5000	1732.9000	26
2021-03-25 04:00:00	1732.7000	1733.2000	1724.5000	1724.9000	15
2021-03-26 04:00:00	1721.3000	1732.2000	1721.3000	1732.2000	33
2021-03-29 04:00:00	1712.1000	1712.1000	1712.1000	1712.1000	135457
2021-03-30 04:00:00	1711.0000	1712.6000	1676.5000	1683.9000	25316
2021-03-31 04:00:00	1683.7000	1713.8000	1676.5000	1713.8000	762
2021-04-01 04:00:00	1706.8000	1728.8000	1706.4000	1726.5000	720
2021-04-05 04:00:00	1727.9000	1729.7000	1721.9000	1727.0000	275
2021-04-06 04:00:00	1726.9000	1744.8000	1726.9000	1741.5000	890
2021-04-07 04:00:00	1742.7000	1742.7000	1733.7000	1740.1000	557
2021-04-08 04:00:00	1736.0000	1758.0000	1734.6000	1756.8000	1298
2021-04-09 04:00:00	1750.8000	1750.8000	1733.3000	1743.3000	484
2021-04-12 04:00:00	1740.8000	1740.8000	1726.7000	1731.2000	40
2021-04-13 04:00:00	1733.8000	1746.9000	1722.1000	1746.2000	367
2021-04-14 04:00:00	1741.3000	1745.9000	1732.7000	1734.9000	1037
2021-04-15 04:00:00	1740.1000	1767.9000	1740.1000	1765.4000	368
2021-04-16 04:00:00	1770.4000	1779.5000	1770.1000	1779.0000	625
2021-04-19 04:00:00	1782.1000	1788.5000	1769.4000	1769.4000	144
2021-04-20 04:00:00	1769.3000	1777.3000	1765.5000	1777.3000	1464
2021-04-21 04:00:00	1783.0000	1794.1000	1777.7000	1792.3000	250
2021-04-22 04:00:00	1794.2000	1794.2000	1779.5000	1781.2000	159
2021-04-23 04:00:00	1786.1000	1794.5000	1772.0000	1777.0000	332
2021-04-26 04:00:00	1778.0000	1779.7000	1770.8000	1779.2000	549
2021-04-27 04:00:00	1780.0000	1782.0000	1777.7000	1778.0000	117
2021-04-28 04:00:00	1768.2000	1774.0000	1764.6000	1773.2000	756
2021-04-29 04:00:00	1781.0000	1789.0000	1758.6000	1768.1000	196
2021-04-30 04:00:00	1771.8000	1771.8000	1763.9000	1767.3000	18
2021-05-03 04:00:00	1788.5000	1793.0000	1788.5000	1791.4000	18
2021-05-04 04:00:00	1788.2000	1788.5000	1774.8000	1775.8000	182
2021-05-05 04:00:00	1781.5000	1784.1000	1779.2000	1784.1000	57
2021-05-06 04:00:00	1788.9000	1815.5000	1787.6000	1815.5000	13
2021-05-07 04:00:00	1842.9000	1842.9000	1831.1000	1831.1000	2
2021-05-10 04:00:00	1835.6000	1845.6000	1835.4000	1837.5000	13
2021-05-11 04:00:00	1837.2000	1838.1000	1831.6000	1835.9000	420
2021-05-12 04:00:00	1825.2000	1825.2000	1821.7000	1822.6000	3
2021-05-13 04:00:00	1814.7000	1826.8000	1814.1000	1823.8000	100
2021-05-14 04:00:00	1824.5000	1842.9000	1824.5000	1837.9000	41
2021-05-17 04:00:00	1849.9000	1867.5000	1847.2000	1867.5000	13
2021-05-18 04:00:00	1870.5000	1870.5000	1867.8000	1867.8000	3
2021-05-19 04:00:00	1866.4000	1884.9000	1863.6000	1881.3000	348
2021-05-20 04:00:00	1865.5000	1885.0000	1864.8000	1881.8000	85
2021-05-21 04:00:00	1872.1000	1876.7000	1872.1000	1876.7000	5
2021-05-24 04:00:00	1882.1000	1884.6000	1882.1000	1884.6000	39
2021-05-25 04:00:00	1882.5000	1898.1000	1882.5000	1898.1000	56
2021-05-26 04:00:00	1901.3000	1901.3000	1901.3000	1901.3000	170526
2021-05-27 04:00:00	1896.8000	1903.9000	1888.2000	1895.7000	35794
2021-05-28 04:00:00	1897.5000	1905.4000	1881.9000	1902.5000	2415
2021-06-01 04:00:00	1905.1000	1916.2000	1892.8000	1902.9000	640
2021-06-02 04:00:00	1899.2000	1908.8000	1896.0000	1907.5000	1267
2021-06-03 04:00:00	1908.8000	1908.8000	1865.0000	1871.2000	1021
2021-06-04 04:00:00	1869.3000	1895.5000	1854.0000	1889.8000	367
2021-06-07 04:00:00	1890.5000	1899.7000	1883.2000	1896.8000	87
2021-06-08 04:00:00	1896.5000	1902.9000	1890.0000	1892.2000	930
2021-06-09 04:00:00	1894.9000	1897.7000	1889.2000	1893.2000	148
2021-06-10 04:00:00	1887.7000	1899.8000	1871.5000	1894.2000	186
2021-06-11 04:00:00	1900.9000	1902.3000	1875.2000	1877.4000	349
2021-06-14 04:00:00	1866.2000	1866.6000	1846.5000	1864.0000	41
2021-06-15 04:00:00	1866.4000	1867.2000	1854.4000	1854.5000	78
2021-06-16 04:00:00	1859.4000	1860.1000	1809.2000	1859.5000	117
2021-06-17 04:00:00	1811.8000	1823.3000	1769.6000	1773.8000	1135
2021-06-18 04:00:00	1775.7000	1792.4000	1767.9000	1767.9000	354
2021-06-21 04:00:00	1768.8000	1785.2000	1766.8000	1781.8000	38
2021-06-22 04:00:00	1783.4000	1786.9000	1775.9000	1776.3000	101
2021-06-23 04:00:00	1780.7000	1793.2000	1780.6000	1782.3000	136
2021-06-24 04:00:00	1778.9000	1786.4000	1775.6000	1775.6000	78
2021-06-25 04:00:00	1777.7000	1788.0000	1775.2000	1776.6000	35
2021-06-28 04:00:00	1779.6000	1779.6000	1779.6000	1779.6000	888
2021-06-29 04:00:00	1776.8000	1777.1000	1752.1000	1762.8000	419
2021-06-30 04:00:00	1761.1000	1770.8000	1759.2000	1770.8000	51
2021-07-01 04:00:00	1775.7000	1781.2000	1768.8000	1775.9000	44
2021-07-02 04:00:00	1778.7000	1787.9000	1778.3000	1782.6000	23
2021-07-06 04:00:00	1786.7000	1809.8000	1786.7000	1793.5000	332
2021-07-07 04:00:00	1798.7000	1808.4000	1797.2000	1801.5000	244
2021-07-08 04:00:00	1797.0000	1818.5000	1797.0000	1799.6000	148
2021-07-09 04:00:00	1803.6000	1810.1000	1798.8000	1810.0000	218
2021-07-12 04:00:00	1802.6000	1805.5000	1799.5000	1805.5000	147
2021-07-13 04:00:00	1808.1000	1812.0000	1800.6000	1809.4000	78
2021-07-14 04:00:00	1813.1000	1829.0000	1813.1000	1824.3000	707
2021-07-15 04:00:00	1831.6000	1833.0000	1823.4000	1828.4000	99
2021-07-16 04:00:00	1830.1000	1831.4000	1814.5000	1814.5000	78
2021-07-19 04:00:00	1803.3000	1813.4000	1803.3000	1808.7000	33
2021-07-20 04:00:00	1812.9000	1824.0000	1810.9000	1810.9000	128
2021-07-21 04:00:00	1807.0000	1807.0000	1800.0000	1802.9000	135
2021-07-22 04:00:00	1793.6000	1805.0000	1793.6000	1805.0000	2
2021-07-23 04:00:00	1800.0000	1801.4000	1800.0000	1801.4000	1
2021-07-26 04:00:00	1802.5000	1802.5000	1797.2000	1798.7000	17
2021-07-27 04:00:00	1803.7000	1803.7000	1799.5000	1799.5000	1
2021-07-28 04:00:00	1799.5000	1799.5000	1799.5000	1799.5000	209783
2021-07-29 04:00:00	1806.6000	1832.6000	1806.1000	1831.2000	30496
2021-07-30 04:00:00	1828.0000	1830.5000	1808.9000	1812.6000	3100
2021-08-02 04:00:00	1812.4000	1818.7000	1804.8000	1818.1000	1334
2021-08-03 04:00:00	1812.3000	1813.5000	1806.0000	1810.1000	3341
2021-08-04 04:00:00	1809.3000	1831.3000	1806.3000	1810.5000	2860
2021-08-05 04:00:00	1810.8000	1813.7000	1796.0000	1805.1000	588
2021-08-06 04:00:00	1799.8000	1800.1000	1758.4000	1760.0000	859
2021-08-09 04:00:00	1753.5000	1753.8000	1692.6000	1723.4000	1621
2021-08-10 04:00:00	1728.6000	1735.2000	1720.1000	1728.8000	1363
2021-08-11 04:00:00	1727.3000	1752.2000	1727.3000	1750.4000	542
2021-08-12 04:00:00	1749.7000	1752.4000	1745.5000	1749.0000	739
2021-08-13 04:00:00	1758.3000	1777.3000	1757.4000	1775.2000	436
2021-08-16 04:00:00	1776.9000	1787.8000	1771.9000	1786.9000	219
2021-08-17 04:00:00	1787.7000	1794.2000	1780.0000	1785.0000	200
2021-08-18 04:00:00	1787.8000	1791.5000	1779.0000	1781.6000	263
2021-08-19 04:00:00	1780.0000	1789.3000	1775.5000	1780.2000	245
2021-08-20 04:00:00	1784.1000	1787.5000	1778.2000	1781.0000	235
2021-08-23 04:00:00	1776.8000	1804.8000	1776.8000	1803.2000	32
2021-08-24 04:00:00	1801.0000	1805.6000	1801.0000	1805.6000	22
2021-08-25 04:00:00	1792.0000	1792.9000	1784.0000	1788.2000	812
2021-08-26 04:00:00	1787.4000	1792.2000	1781.0000	1792.2000	61
2021-08-27 04:00:00	1803.4000	1816.6000	1803.1000	1816.6000	1219
2021-08-30 04:00:00	1818.2000	1820.3000	1807.8000	1809.0000	684
2021-08-31 04:00:00	1815.9000	1815.9000	1801.1000	1815.0000	82
2021-09-01 04:00:00	1813.5000	1815.9000	1809.5000	1813.1000	114
2021-09-02 04:00:00	1813.2000	1813.9000	1806.8000	1808.7000	26
2021-09-03 04:00:00	1820.9000	1833.9000	1818.9000	1830.9000	53
2021-09-07 04:00:00	1825.7000	1825.7000	1792.7000	1795.9000	48
2021-09-08 04:00:00	1781.7000	1790.7000	1781.7000	1790.7000	69
2021-09-09 04:00:00	1798.7000	1798.7000	1787.9000	1797.4000	49
2021-09-10 04:00:00	1789.6000	1789.6000	1789.6000	1789.6000	0
2021-09-13 04:00:00	1789.8000	1796.0000	1784.0000	1792.0000	533
2021-09-14 04:00:00	1791.4000	1806.2000	1783.0000	1804.7000	764
2021-09-15 04:00:00	1803.7000	1803.7000	1792.4000	1792.4000	59
2021-09-16 04:00:00	1792.9000	1792.9000	1743.9000	1754.6000	1645
2021-09-17 04:00:00	1758.8000	1763.0000	1749.4000	1749.4000	581
2021-09-20 04:00:00	1751.8000	1761.8000	1750.9000	1761.8000	185
2021-09-21 04:00:00	1762.2000	1776.0000	1759.0000	1776.0000	106
2021-09-22 04:00:00	1776.7000	1784.3000	1767.0000	1776.7000	17
2021-09-23 04:00:00	1766.8000	1766.8000	1738.2000	1747.7000	31
2021-09-24 04:00:00	1749.7000	1749.7000	1745.0000	1749.7000	76
2021-09-27 04:00:00	1751.7000	1754.4000	1747.5000	1750.0000	808
2021-09-28 04:00:00	1739.6000	1741.7000	1726.8000	1735.8000	15748
2021-09-29 04:00:00	1732.4000	1744.1000	1721.4000	1721.5000	6634
2021-09-30 04:00:00	1725.5000	1760.3000	1724.5000	1755.3000	997
2021-10-01 04:00:00	1754.3000	1762.6000	1748.5000	1757.0000	2220
2021-10-04 04:00:00	1764.5000	1768.9000	1749.5000	1766.2000	417
2021-10-05 04:00:00	1764.3000	1764.3000	1749.0000	1759.6000	98
2021-10-06 04:00:00	1759.3000	1762.9000	1744.7000	1760.5000	56
2021-10-07 04:00:00	1762.4000	1762.4000	1752.8000	1757.9000	336
2021-10-08 04:00:00	1757.0000	1780.0000	1754.2000	1756.3000	254
2021-10-11 04:00:00	1756.6000	1757.8000	1752.2000	1754.6000	128
2021-10-12 04:00:00	1751.9000	1768.0000	1749.8000	1758.3000	139
2021-10-13 04:00:00	1760.8000	1794.5000	1760.8000	1793.7000	150
2021-10-14 04:00:00	1792.2000	1799.9000	1792.0000	1796.7000	337
2021-10-15 04:00:00	1794.5000	1795.4000	1766.6000	1767.2000	874
2021-10-18 04:00:00	1761.6000	1770.1000	1759.5000	1764.8000	266
2021-10-19 04:00:00	1777.6000	1785.0000	1767.5000	1769.7000	51
2021-10-20 04:00:00	1774.6000	1785.6000	1774.0000	1784.1000	127
2021-10-21 04:00:00	1782.0000	1785.7000	1781.0000	1781.2000	146
2021-10-22 04:00:00	1787.1000	1806.9000	1784.0000	1795.5000	532
2021-10-25 04:00:00	1794.3000	1809.0000	1794.0000	1806.0000	140
2021-10-26 04:00:00	1808.8000	1808.8000	1788.6000	1792.7000	359
2021-10-27 04:00:00	1791.5000	1798.1000	1791.5000	1797.9000	543
2021-10-28 04:00:00	1795.5000	1807.3000	1795.5000	1801.6000	452
2021-10-29 04:00:00	1793.1000	1797.0000	1774.6000	1783.0000	583
2021-11-01 04:00:00	1787.5000	1795.1000	1786.7000	1795.1000	142
2021-11-02 04:00:00	1790.5000	1795.5000	1787.7000	1788.7000	213
2021-11-03 04:00:00	1768.0000	1768.0000	1761.8000	1763.6000	108
2021-11-04 04:00:00	1776.6000	1798.2000	1776.2000	1793.0000	103
2021-11-05 04:00:00	1794.9000	1817.1000	1794.9000	1816.4000	239
2021-11-08 05:00:00	1817.0000	1827.4000	1816.9000	1827.4000	261
2021-11-09 05:00:00	1826.1000	1832.7000	1820.7000	1830.2000	170
2021-11-10 05:00:00	1825.8000	1865.0000	1824.9000	1847.6000	795
2021-11-11 05:00:00	1853.9000	1866.5000	1853.9000	1863.2000	292
2021-11-12 05:00:00	1860.8000	1867.9000	1847.6000	1867.9000	210
2021-11-15 05:00:00	1864.5000	1866.9000	1864.5000	1866.1000	87
2021-11-16 05:00:00	1853.6000	1853.6000	1853.6000	1853.6000	1
2021-11-17 05:00:00	1862.6000	1869.7000	1862.6000	1869.7000	2
2021-11-18 05:00:00	1861.0000	1861.0000	1861.0000	1861.0000	9
2021-11-19 05:00:00	1851.2000	1851.2000	1851.2000	1851.2000	21
2021-11-22 05:00:00	1841.6000	1841.6000	1805.7000	1806.0000	14
2021-11-23 05:00:00	1795.5000	1795.5000	1783.5000	1783.5000	264
2021-11-24 05:00:00	1793.0000	1793.0000	1781.4000	1784.1000	188
2021-11-26 14:30:00	1791.1000	1791.4000	1785.3000	1785.3000	186800
2021-11-29 05:00:00	1791.7000	1798.9000	1779.1000	1782.3000	26926
2021-11-30 05:00:00	1783.9000	1808.1000	1768.7000	1773.6000	4903
2021-12-01 05:00:00	1774.8000	1790.5000	1772.3000	1781.6000	1128
2021-12-02 05:00:00	1780.9000	1780.9000	1760.6000	1760.7000	1557
2021-12-03 05:00:00	1767.5000	1785.1000	1766.5000	1782.0000	694
2021-12-06 05:00:00	1780.2000	1783.0000	1777.2000	1777.5000	381
2021-12-07 05:00:00	1779.5000	1786.1000	1772.3000	1782.6000	308
2021-12-08 05:00:00	1789.9000	1789.9000	1779.0000	1783.4000	1383
2021-12-09 05:00:00	1783.5000	1783.5000	1771.8000	1774.6000	455
2021-12-10 05:00:00	1773.8000	1785.4000	1769.1000	1782.9000	545
2021-12-13 05:00:00	1784.4000	1787.1000	1783.8000	1786.3000	206
2021-12-14 05:00:00	1787.0000	1787.0000	1769.0000	1770.4000	322
2021-12-15 05:00:00	1767.4000	1778.7000	1753.9000	1762.6000	283
2021-12-16 05:00:00	1781.0000	1798.1000	1781.0000	1796.6000	21
2021-12-17 05:00:00	1804.0000	1812.9000	1803.8000	1803.8000	654
2021-12-20 05:00:00	1796.8000	1799.8000	1792.0000	1793.7000	226
2021-12-21 05:00:00	1791.4000	1796.5000	1787.9000	1787.9000	575
2021-12-22 05:00:00	1786.0000	1805.2000	1785.5000	1801.6000	567
2021-12-23 05:00:00	1806.0000	1811.2000	1800.8000	1811.2000	193
2021-12-27 05:00:00	1810.0000	1812.1000	1807.0000	1808.1000	150
2021-12-28 05:00:00	1812.0000	1818.0000	1805.5000	1810.2000	146
2021-12-29 05:00:00	1803.2000	1805.1000	1791.4000	1805.1000	623
2021-12-30 05:00:00	1801.7000	1816.0000	1796.0000	1812.7000	306
2021-12-31 05:00:00	1825.1000	1827.8000	1821.4000	1827.5000	80
2022-01-03 05:00:00	1830.1000	1830.1000	1798.8000	1799.4000	116
2022-01-04 05:00:00	1800.5000	1815.3000	1800.0000	1814.0000	38
2022-01-05 05:00:00	1813.1000	1824.6000	1813.1000	1824.6000	8
2022-01-06 05:00:00	1787.1000	1791.3000	1787.1000	1788.7000	30
2022-01-07 05:00:00	1791.8000	1797.0000	1784.4000	1797.0000	17
2022-01-10 05:00:00	1794.9000	1798.7000	1790.4000	1798.4000	534
2022-01-11 05:00:00	1803.9000	1822.5000	1803.0000	1818.6000	743
2022-01-12 05:00:00	1819.0000	1827.2000	1816.9000	1827.2000	1547
2022-01-13 05:00:00	1819.8000	1823.0000	1815.4000	1821.2000	40
2022-01-14 05:00:00	1821.5000	1822.0000	1816.5000	1816.5000	816
2022-01-18 05:00:00	1816.8000	1820.1000	1812.3000	1812.3000	900
2022-01-19 05:00:00	1817.4000	1843.1000	1817.4000	1843.1000	4
2022-01-20 05:00:00	1840.6000	1843.0000	1838.2000	1842.5000	20
2022-01-21 05:00:00	1838.0000	1842.4000	1828.9000	1831.8000	19
2022-01-24 05:00:00	1837.9000	1842.1000	1837.9000	1841.7000	8
2022-01-25 05:00:00	1843.0000	1852.7000	1842.0000	1852.7000	11
2022-01-26 05:00:00	1829.9000	1829.9000	1829.9000	1829.9000	55
2022-01-27 05:00:00	1793.3000	1793.3000	1793.3000	1793.3000	196036
2022-01-28 05:00:00	1797.5000	1798.4000	1778.8000	1784.9000	28521
2022-01-31 05:00:00	1788.5000	1798.5000	1785.1000	1795.0000	1735
2022-02-01 05:00:00	1797.2000	1806.1000	1797.1000	1800.3000	223
2022-02-02 05:00:00	1797.8000	1810.1000	1795.1000	1809.2000	1690
2022-02-03 05:00:00	1805.8000	1808.1000	1787.9000	1803.0000	466
2022-02-04 05:00:00	1806.0000	1813.7000	1792.5000	1806.6000	571
2022-02-07 05:00:00	1812.2000	1821.3000	1809.1000	1820.6000	601
2022-02-08 05:00:00	1818.9000	1827.6000	1815.0000	1826.6000	108
2022-02-09 05:00:00	1825.4000	1835.2000	1825.3000	1835.2000	683
2022-02-10 05:00:00	1833.3000	1842.1000	1820.8000	1836.2000	365
2022-02-11 05:00:00	1822.0000	1864.8000	1822.0000	1840.8000	181
2022-02-14 05:00:00	1861.8000	1870.6000	1854.6000	1868.0000	79
2022-02-15 05:00:00	1872.6000	1879.7000	1847.4000	1854.8000	86
2022-02-16 05:00:00	1858.7000	1870.2000	1856.3000	1870.2000	34
2022-02-17 05:00:00	1876.3000	1900.7000	1876.2000	1900.7000	393
2022-02-18 05:00:00	1899.4000	1899.4000	1890.7000	1898.6000	51
2022-02-22 05:00:00	1908.1000	1912.0000	1890.8000	1906.1000	173
2022-02-23 05:00:00	1896.6000	1910.6000	1895.7000	1909.2000	73
2022-02-24 05:00:00	1911.9000	1972.5000	1911.7000	1925.1000	2706
2022-02-25 05:00:00	1906.9000	1920.0000	1883.6000	1886.5000	586
2022-02-28 05:00:00	1928.3000	1928.4000	1894.2000	1899.4000	390
2022-03-01 05:00:00	1908.3000	1942.4000	1903.8000	1942.4000	547
2022-03-02 05:00:00	1945.6000	1948.2000	1919.8000	1920.9000	109
2022-03-03 05:00:00	1930.5000	1940.3000	1924.8000	1934.4000	122
2022-03-04 05:00:00	1937.0000	1970.9000	1935.6000	1965.1000	47
2022-03-07 05:00:00	1989.0000	2001.1000	1963.0000	1993.9000	2516
2022-03-08 05:00:00	1999.4000	2072.0000	1998.0000	2040.1000	1813
2022-03-09 05:00:00	2053.6001	2063.0000	1980.8000	1985.9000	1022
2022-03-10 05:00:00	1978.1000	2010.5000	1978.1000	1998.1000	670
2022-03-11 05:00:00	1985.0000	1996.0000	1959.9000	1982.7000	865
2022-03-14 04:00:00	1976.5000	1977.7000	1959.6000	1959.6000	145
2022-03-15 04:00:00	1939.8000	1939.9000	1910.7000	1928.5000	71
2022-03-16 04:00:00	1922.4000	1922.4000	1907.2000	1908.0000	104
2022-03-17 04:00:00	1933.9000	1947.2000	1933.9000	1942.1000	39
2022-03-18 04:00:00	1934.5000	1939.3000	1928.2000	1928.2000	28
2022-03-21 04:00:00	1925.4000	1928.6000	1925.0000	1928.6000	5
2022-03-22 04:00:00	1920.7000	1920.7000	1920.7000	1920.7000	26
2022-03-23 04:00:00	1936.6000	1936.6000	1936.6000	1936.6000	204
2022-03-24 04:00:00	1963.6000	1964.0000	1961.6000	1961.6000	8
2022-03-25 04:00:00	1953.8000	1953.8000	1953.8000	1953.8000	83
2022-03-28 04:00:00	1932.6000	1939.6000	1932.6000	1939.6000	7
2022-03-29 04:00:00	1893.5000	1912.0000	1893.5000	1912.0000	128051
2022-03-30 04:00:00	1918.4000	1937.0000	1914.5000	1933.5000	17765
2022-03-31 04:00:00	1933.5000	1949.9000	1919.1000	1949.2000	3617
2022-04-01 04:00:00	1935.0000	1938.0000	1917.0000	1919.1000	1016
2022-04-04 04:00:00	1921.2000	1936.1000	1915.6000	1929.2000	371
2022-04-05 04:00:00	1927.1000	1943.5000	1918.4000	1922.9000	412
2022-04-06 04:00:00	1916.7000	1931.8000	1916.7000	1918.4000	138
2022-04-07 04:00:00	1919.5000	1934.8000	1919.5000	1933.8000	311
2022-04-08 04:00:00	1928.8000	1947.7000	1928.8000	1941.6000	153
2022-04-11 04:00:00	1946.6000	1968.4000	1941.8000	1944.3000	163
2022-04-12 04:00:00	1952.5000	1977.1000	1950.6000	1972.1000	246
2022-04-13 04:00:00	1969.5000	1981.0000	1969.5000	1981.0000	204
2022-04-14 04:00:00	1977.2000	1978.7000	1963.0000	1970.9000	101
2022-04-18 04:00:00	1973.4000	1997.1000	1972.8000	1982.9000	196
2022-04-19 04:00:00	1973.8000	1978.3000	1945.7000	1955.7000	130
2022-04-20 04:00:00	1945.5000	1953.6000	1945.5000	1952.3000	621
2022-04-21 04:00:00	1942.5000	1944.9000	1942.5000	1944.9000	4
2022-04-22 04:00:00	1949.6000	1950.4000	1930.2000	1931.0000	178
2022-04-25 04:00:00	1925.0000	1925.0000	1889.3000	1893.2000	748
2022-04-26 04:00:00	1900.5000	1909.1000	1894.0000	1901.4000	302
2022-04-27 04:00:00	1897.8000	1900.6000	1882.2000	1885.9000	1786
2022-04-28 04:00:00	1883.8000	1893.0000	1872.9000	1888.7000	513
2022-04-29 04:00:00	1902.7000	1918.2000	1902.4000	1909.3000	132
2022-05-02 04:00:00	1896.7000	1896.8000	1853.0000	1861.8000	385
2022-05-03 04:00:00	1868.8000	1868.8000	1868.8000	1868.8000	466
2022-05-04 04:00:00	1867.0000	1867.0000	1867.0000	1867.0000	1
2022-05-05 04:00:00	1897.0000	1904.3000	1874.0000	1874.0000	80
2022-05-06 04:00:00	1874.7000	1890.3000	1871.5000	1881.2000	214
2022-05-09 04:00:00	1866.6000	1867.5000	1854.0000	1857.1000	304
2022-05-10 04:00:00	1839.9000	1839.9000	1839.9000	1839.9000	1540
2022-05-11 04:00:00	1841.5000	1852.6000	1841.0000	1852.6000	892
2022-05-12 04:00:00	1849.8000	1851.9000	1822.2000	1823.8000	153
2022-05-13 04:00:00	1825.0000	1825.0000	1807.4000	1807.4000	335
2022-05-16 04:00:00	1790.5000	1813.5000	1787.0000	1813.5000	34
2022-05-17 04:00:00	1824.9000	1828.6000	1816.7000	1818.2000	121
2022-05-18 04:00:00	1815.0000	1819.7000	1805.0000	1815.9000	311
2022-05-19 04:00:00	1810.9000	1841.2000	1810.7000	1841.2000	138
2022-05-20 04:00:00	1839.1000	1841.8000	1836.3000	1841.8000	110
2022-05-23 04:00:00	1846.3000	1863.0000	1845.8000	1847.8000	216
2022-05-24 04:00:00	1852.5000	1867.0000	1852.5000	1865.1000	33
2022-05-25 04:00:00	1846.2000	1846.2000	1846.2000	1846.2000	0
2022-05-26 04:00:00	1840.4000	1847.4000	1840.4000	1847.4000	123355
2022-05-27 04:00:00	1848.3000	1860.7000	1845.9000	1851.3000	30091
2022-05-31 04:00:00	1850.3000	1862.1000	1832.8000	1842.7000	4073
2022-06-01 04:00:00	1831.0000	1847.9000	1825.3000	1843.3000	1623
2022-06-02 04:00:00	1845.4000	1868.7000	1842.1000	1866.5000	551
2022-06-03 04:00:00	1867.6000	1871.8000	1845.4000	1845.4000	53
2022-06-06 04:00:00	1849.0000	1854.1000	1839.2000	1839.2000	142
2022-06-07 04:00:00	1836.9000	1851.6000	1835.0000	1847.5000	1168
2022-06-08 04:00:00	1844.8000	1855.0000	1844.4000	1851.9000	218
2022-06-09 04:00:00	1846.1000	1850.1000	1837.9000	1848.8000	159
2022-06-10 04:00:00	1842.7000	1875.6000	1823.9000	1871.5000	1490
2022-06-13 04:00:00	1873.8000	1873.8000	1818.7000	1828.0000	127
2022-06-14 04:00:00	1825.0000	1825.5000	1805.3000	1809.5000	536
2022-06-15 04:00:00	1814.1000	1839.0000	1810.8000	1815.3000	108
2022-06-16 04:00:00	1819.2000	1850.6000	1814.9000	1845.7000	136
2022-06-17 04:00:00	1853.7000	1853.7000	1833.6000	1835.6000	170
2022-06-21 04:00:00	1835.3000	1838.6000	1830.1000	1834.6000	216
2022-06-22 04:00:00	1829.5000	1842.7000	1821.6000	1834.3000	115
2022-06-23 04:00:00	1835.5000	1841.2000	1825.7000	1825.7000	9
2022-06-24 04:00:00	1820.5000	1826.5000	1815.8000	1826.5000	61
2022-06-27 04:00:00	1830.5000	1830.7000	1819.9000	1820.9000	77
2022-06-28 04:00:00	1824.2000	1826.0000	1817.5000	1817.5000	391
2022-06-29 04:00:00	1818.3000	1830.3000	1812.8000	1813.7000	173
2022-06-30 04:00:00	1809.6000	1817.3000	1801.0000	1804.1000	328
2022-07-01 04:00:00	1795.5000	1806.1000	1791.6000	1798.9000	77
2022-07-05 04:00:00	1805.4000	1805.4000	1761.8000	1761.8000	64
2022-07-06 04:00:00	1762.5000	1768.0000	1734.0000	1734.9000	1729
2022-07-07 04:00:00	1745.2000	1745.2000	1737.0000	1737.9000	1869
2022-07-08 04:00:00	1738.1000	1749.3000	1732.1000	1740.6000	370
2022-07-11 04:00:00	1732.5000	1736.7000	1730.0000	1730.0000	75
2022-07-12 04:00:00	1734.2000	1735.5000	1723.3000	1723.3000	451
2022-07-13 04:00:00	1710.0000	1734.2000	1710.0000	1734.2000	368
2022-07-14 04:00:00	1710.3000	1710.5000	1704.5000	1704.5000	1289
2022-07-15 04:00:00	1705.4000	1709.7000	1701.1000	1702.4000	721
2022-07-18 04:00:00	1712.2000	1712.4000	1709.2000	1709.2000	264
2022-07-19 04:00:00	1712.3000	1714.4000	1706.1000	1710.0000	1684
2022-07-20 04:00:00	1707.1000	1708.5000	1699.5000	1699.5000	130
2022-07-21 04:00:00	1687.0000	1715.5000	1679.8000	1712.7000	183
2022-07-22 04:00:00	1713.3000	1735.0000	1713.0000	1727.1000	61
2022-07-25 04:00:00	1727.0000	1732.0000	1719.0000	1719.0000	67
2022-07-26 04:00:00	1718.0000	1718.0000	1717.7000	1717.7000	1
2022-07-27 04:00:00	1719.1000	1719.1000	1719.1000	1719.1000	144865
2022-07-28 04:00:00	1732.3000	1755.0000	1732.0000	1750.3000	37236
2022-07-29 04:00:00	1754.0000	1765.7000	1750.0000	1762.9000	3485
2022-08-01 04:00:00	1763.9000	1772.5000	1756.1000	1769.0000	705
2022-08-02 04:00:00	1772.1000	1786.6000	1759.4000	1771.1000	1078
2022-08-03 04:00:00	1756.7000	1770.5000	1753.0000	1758.0000	399
2022-08-04 04:00:00	1769.4000	1792.1000	1767.7000	1788.5000	285
2022-08-05 04:00:00	1791.2000	1791.4000	1764.2000	1772.9000	645
2022-08-08 04:00:00	1771.8000	1786.8000	1771.8000	1786.8000	127
2022-08-09 04:00:00	1790.0000	1796.1000	1789.0000	1794.0000	249
2022-08-10 04:00:00	1804.4000	1804.9000	1787.8000	1795.6000	601
2022-08-11 04:00:00	1794.3000	1794.3000	1785.7000	1789.7000	1235
2022-08-12 04:00:00	1786.3000	1800.4000	1784.3000	1798.6000	187
2022-08-15 04:00:00	1799.0000	1799.0000	1774.7000	1781.4000	64
2022-08-16 04:00:00	1777.4000	1777.4000	1771.4000	1773.2000	308
2022-08-17 04:00:00	1769.7000	1769.7000	1760.0000	1760.3000	23
2022-08-18 04:00:00	1762.9000	1762.9000	1753.4000	1755.3000	321
2022-08-19 04:00:00	1753.7000	1754.3000	1747.5000	1747.6000	49
2022-08-22 04:00:00	1740.5000	1740.5000	1726.5000	1734.0000	347
2022-08-23 04:00:00	1738.0000	1748.9000	1731.9000	1746.8000	509
2022-08-24 04:00:00	1745.0000	1751.8000	1743.6000	1747.8000	187
2022-08-25 04:00:00	1761.6000	1761.8000	1755.0000	1757.7000	172
2022-08-26 04:00:00	1754.0000	1755.0000	1736.1000	1736.1000	202
2022-08-29 04:00:00	1732.4000	1741.2000	1732.1000	1736.6000	950
2022-08-30 04:00:00	1736.4000	1739.0000	1720.7000	1723.2000	385
2022-08-31 04:00:00	1718.3000	1720.9000	1708.5000	1712.8000	2133
2022-09-01 04:00:00	1707.9000	1707.9000	1693.9000	1696.6000	683
2022-09-02 04:00:00	1703.4000	1715.7000	1703.1000	1709.8000	182
2022-09-06 04:00:00	1709.7000	1717.4000	1699.7000	1700.4000	697
2022-09-07 04:00:00	1694.8000	1715.3000	1694.7000	1715.3000	651
2022-09-08 04:00:00	1718.2000	1718.2000	1705.3000	1708.0000	1193
2022-09-09 04:00:00	1719.2000	1720.0000	1712.8000	1716.2000	635
2022-09-12 04:00:00	1727.4000	1728.1000	1727.4000	1728.1000	68
2022-09-13 04:00:00	1720.5000	1720.5000	1697.3000	1705.0000	432
2022-09-14 04:00:00	1698.7000	1701.8000	1696.5000	1696.5000	532
2022-09-15 04:00:00	1685.5000	1686.0000	1662.3000	1665.4000	1125
2022-09-16 04:00:00	1660.4000	1674.9000	1651.7000	1671.7000	464
2022-09-19 04:00:00	1661.8000	1669.4000	1658.5000	1666.2000	580
2022-09-20 04:00:00	1659.7000	1659.7000	1659.7000	1659.7000	2830
2022-09-21 04:00:00	1665.5000	1680.1000	1664.6000	1664.6000	2337
2022-09-22 04:00:00	1668.3000	1670.8000	1668.3000	1670.8000	973
2022-09-23 04:00:00	1667.0000	1667.0000	1645.3000	1645.3000	1224
2022-09-26 04:00:00	1623.3000	1623.3000	1623.3000	1623.3000	1205
2022-09-27 04:00:00	1632.2000	1636.6000	1626.7000	1626.7000	888
2022-09-28 04:00:00	1620.4000	1660.4000	1620.4000	1660.4000	18311
2022-09-29 04:00:00	1657.0000	1662.6000	1640.0000	1658.5000	6028
2022-09-30 04:00:00	1661.7000	1672.7000	1658.0000	1662.4000	548
2022-10-03 04:00:00	1667.2000	1700.0000	1661.9000	1692.9000	410
2022-10-04 04:00:00	1701.2000	1728.0000	1696.0000	1721.1000	291
2022-10-05 04:00:00	1724.1000	1726.6000	1703.0000	1711.4000	418
2022-10-06 04:00:00	1721.0000	1723.3000	1709.1000	1711.7000	133
2022-10-07 04:00:00	1710.1000	1710.1000	1693.7000	1700.5000	179
2022-10-10 04:00:00	1693.4000	1693.4000	1667.0000	1667.3000	195
2022-10-11 04:00:00	1661.8000	1678.7000	1661.0000	1678.7000	167
2022-10-12 04:00:00	1668.0000	1672.7000	1668.0000	1670.3000	149
2022-10-13 04:00:00	1675.2000	1675.3000	1641.5000	1670.0000	729
2022-10-14 04:00:00	1665.3000	1667.0000	1640.0000	1641.7000	82
2022-10-17 04:00:00	1650.2000	1657.0000	1646.8000	1657.0000	238
2022-10-18 04:00:00	1651.4000	1655.2000	1649.0000	1649.0000	597
2022-10-19 04:00:00	1637.5000	1637.5000	1627.5000	1627.5000	84
2022-10-20 04:00:00	1622.8000	1641.4000	1622.8000	1630.8000	477
2022-10-21 04:00:00	1634.1000	1653.9000	1634.1000	1651.0000	224
2022-10-24 04:00:00	1662.7000	1662.7000	1648.7000	1648.7000	29
2022-10-25 04:00:00	1648.2000	1652.8000	1637.3000	1652.8000	880
2022-10-26 04:00:00	1649.8000	1667.0000	1649.8000	1664.0000	89
2022-10-27 04:00:00	1660.7000	1660.7000	1660.7000	1660.7000	2298
2022-10-28 04:00:00	1661.0000	1661.0000	1638.7000	1639.6000	626
2022-10-31 04:00:00	1641.8000	1641.8000	1633.4000	1635.9000	522
2022-11-01 04:00:00	1630.8000	1653.7000	1630.8000	1645.0000	985
2022-11-02 04:00:00	1650.8000	1664.7000	1634.0000	1645.7000	612
2022-11-03 04:00:00	1629.2000	1629.2000	1615.1000	1627.3000	1427
2022-11-04 04:00:00	1630.2000	1674.5000	1629.0000	1672.5000	159
2022-11-07 05:00:00	1676.9000	1677.9000	1672.9000	1676.5000	42
2022-11-08 05:00:00	1703.2000	1712.1000	1703.2000	1712.1000	23
2022-11-09 05:00:00	1707.4000	1720.2000	1706.0000	1710.1000	497
2022-11-10 05:00:00	1708.2000	1750.3000	1708.2000	1750.3000	325
2022-11-11 05:00:00	1763.8000	1766.0000	1757.6000	1766.0000	257
2022-11-14 05:00:00	1762.0000	1773.6000	1761.6000	1773.6000	358
2022-11-15 05:00:00	1770.8000	1773.8000	1769.9000	1773.8000	57
2022-11-16 05:00:00	1776.6000	1778.9000	1773.0000	1773.0000	303
2022-11-17 05:00:00	1763.0000	1763.0000	1756.0000	1760.8000	18
2022-11-18 05:00:00	1763.3000	1763.3000	1747.6000	1751.9000	414
2022-11-21 05:00:00	1739.0000	1744.9000	1736.1000	1737.4000	544
2022-11-22 05:00:00	1741.7000	1741.7000	1738.3000	1738.3000	15
2022-11-23 05:00:00	1736.5000	1750.9000	1736.5000	1744.9000	39
2022-11-25 14:30:00	1753.0000	1757.9000	1749.2000	1753.3000	216
2022-11-28 05:00:00	1741.3000	1741.3000	1740.1000	1740.1000	132767
2022-11-29 05:00:00	1739.5000	1758.2000	1737.9000	1748.4000	19416
2022-11-30 05:00:00	1748.1000	1769.4000	1745.1000	1746.0000	3339
2022-12-01 05:00:00	1768.7000	1803.7000	1768.7000	1801.1000	1053
2022-12-02 05:00:00	1802.0000	1802.3000	1779.4000	1795.9000	1725
2022-12-05 05:00:00	1795.7000	1808.0000	1764.3000	1767.4000	1713
2022-12-06 05:00:00	1768.6000	1779.4000	1767.9000	1769.3000	105
2022-12-07 05:00:00	1769.3000	1790.3000	1769.3000	1785.5000	422
2022-12-08 05:00:00	1782.0000	1790.9000	1782.0000	1788.7000	713
2022-12-09 05:00:00	1794.9000	1804.3000	1791.1000	1798.1000	125
2022-12-12 05:00:00	1787.3000	1793.9000	1777.7000	1780.5000	85
2022-12-13 05:00:00	1780.7000	1819.8000	1780.5000	1813.9000	205
2022-12-14 05:00:00	1810.8000	1812.8000	1797.9000	1807.5000	1074
2022-12-15 05:00:00	1801.0000	1801.0000	1774.8000	1777.2000	421
2022-12-16 05:00:00	1777.9000	1791.4000	1777.9000	1790.0000	206
2022-12-19 05:00:00	1791.6000	1796.3000	1785.6000	1787.7000	79
2022-12-20 05:00:00	1786.5000	1821.4000	1786.5000	1815.9000	51
2022-12-21 05:00:00	1817.4000	1821.4000	1814.4000	1815.9000	35
2022-12-22 05:00:00	1818.1000	1818.1000	1785.0000	1787.0000	411
2022-12-23 05:00:00	1794.3000	1802.8000	1794.1000	1795.9000	49
2022-12-27 05:00:00	1803.4000	1826.3000	1803.4000	1814.8000	69
2022-12-28 05:00:00	1803.2000	1807.9000	1803.1000	1807.9000	434
2022-12-29 05:00:00	1805.8000	1819.5000	1805.8000	1819.5000	277
2022-12-30 05:00:00	1817.0000	1822.3000	1816.8000	1819.7000	95
2023-01-03 05:00:00	1836.2000	1839.7000	1836.2000	1839.7000	29
2023-01-04 05:00:00	1845.6000	1859.1000	1845.6000	1852.8000	25
2023-01-05 05:00:00	1855.2000	1855.2000	1834.8000	1834.8000	24
2023-01-06 05:00:00	1838.4000	1868.2000	1835.3000	1864.2000	26
2023-01-09 05:00:00	1867.0000	1880.0000	1867.0000	1872.7000	62
2023-01-10 05:00:00	1877.8000	1878.1000	1871.6000	1871.6000	101
2023-01-11 05:00:00	1873.1000	1877.8000	1873.1000	1874.6000	1236
2023-01-12 05:00:00	1877.2000	1897.4000	1877.2000	1895.5000	59
2023-01-13 05:00:00	1899.0000	1920.9000	1898.3000	1918.4000	512
2023-01-17 05:00:00	1920.1000	1920.1000	1905.2000	1907.2000	706
2023-01-18 05:00:00	1911.1000	1911.1000	1903.1000	1904.4000	1027
2023-01-19 05:00:00	1922.1000	1931.8000	1922.1000	1922.1000	371
2023-01-20 05:00:00	1922.1000	1928.5000	1921.4000	1926.4000	1346
2023-01-23 05:00:00	1926.5000	1927.1000	1915.0000	1927.1000	218
2023-01-24 05:00:00	1931.8000	1936.8000	1931.8000	1933.9000	201
2023-01-25 05:00:00	1941.2000	1941.2000	1939.8000	1941.2000	7
2023-01-26 05:00:00	1936.6000	1937.1000	1927.1000	1929.1000	131
2023-01-27 05:00:00	1928.6000	1928.6000	1928.6000	1928.6000	150902
2023-01-30 05:00:00	1928.3000	1933.6000	1920.3000	1922.9000	27220
2023-01-31 05:00:00	1923.0000	1930.4000	1900.6000	1929.5000	1910
2023-02-01 05:00:00	1927.2000	1955.0000	1922.0000	1927.8000	2290
2023-02-02 05:00:00	1952.3000	1959.1000	1911.3000	1916.3000	748
2023-02-03 05:00:00	1912.4000	1917.0000	1861.5000	1862.9000	992
2023-02-06 05:00:00	1865.6000	1880.0000	1863.4000	1866.2000	424
2023-02-07 05:00:00	1870.0000	1875.7000	1868.0000	1871.7000	297
2023-02-08 05:00:00	1872.1000	1880.4000	1872.1000	1877.4000	230
2023-02-09 05:00:00	1875.3000	1884.6000	1859.8000	1866.2000	223
2023-02-10 05:00:00	1861.6000	1863.5000	1852.4000	1862.8000	27
2023-02-13 05:00:00	1859.0000	1861.0000	1850.0000	1851.9000	569
2023-02-14 05:00:00	1854.1000	1862.0000	1846.2000	1854.0000	656
2023-02-15 05:00:00	1842.0000	1842.0000	1828.2000	1834.2000	368
2023-02-16 05:00:00	1838.6000	1843.7000	1827.2000	1842.0000	222
2023-02-17 05:00:00	1827.4000	1842.2000	1818.4000	1840.4000	35
2023-02-21 05:00:00	1842.6000	1843.0000	1833.0000	1833.0000	862
2023-02-22 05:00:00	1835.7000	1836.2000	1825.1000	1832.0000	278
2023-02-23 05:00:00	1826.4000	1827.5000	1818.0000	1818.0000	291
2023-02-24 05:00:00	1808.8000	1808.8000	1808.8000	1808.8000	404
2023-02-27 05:00:00	1811.6000	1817.5000	1808.9000	1817.0000	829
2023-02-28 05:00:00	1808.1000	1830.0000	1808.1000	1828.9000	618
2023-03-01 05:00:00	1827.1000	1841.7000	1827.1000	1837.7000	211
2023-03-02 05:00:00	1830.0000	1836.3000	1830.0000	1833.5000	154
2023-03-03 05:00:00	1837.3000	1855.4000	1837.3000	1847.7000	61
2023-03-06 05:00:00	1853.3000	1853.8000	1844.2000	1847.9000	5
2023-03-07 05:00:00	1840.9000	1840.9000	1813.9000	1813.9000	450
2023-03-08 05:00:00	1811.6000	1812.9000	1811.5000	1812.7000	75
2023-03-09 05:00:00	1816.4000	1829.3000	1815.6000	1829.3000	332
2023-03-10 05:00:00	1852.3000	1868.5000	1852.0000	1862.0000	248
2023-03-13 04:00:00	1890.8000	1913.1000	1875.1000	1911.7000	503
2023-03-14 04:00:00	1912.2000	1912.2000	1901.1000	1906.2000	107
2023-03-15 04:00:00	1903.9000	1926.6000	1898.5000	1926.6000	564
2023-03-16 04:00:00	1909.9000	1931.7000	1909.9000	1919.0000	394
2023-03-17 04:00:00	1946.0000	1985.1000	1946.0000	1969.8000	82
2023-03-20 04:00:00	1988.3000	2003.9000	1968.9000	1979.2000	389
2023-03-21 04:00:00	1973.8000	1973.8000	1938.0000	1938.0000	47
2023-03-22 04:00:00	1946.8000	1974.0000	1946.8000	1946.8000	50
2023-03-23 04:00:00	1990.5000	1994.6000	1990.5000	1993.8000	33
2023-03-24 04:00:00	1991.7000	1995.4000	1982.1000	1982.1000	19
2023-03-27 04:00:00	1957.2000	1957.2000	1952.4000	1952.4000	877
2023-03-28 04:00:00	1972.4000	1972.4000	1972.4000	1972.4000	21
2023-03-29 04:00:00	1966.1000	1966.1000	1966.1000	1966.1000	88563
2023-03-30 04:00:00	1965.9000	1984.4000	1954.9000	1980.3000	10119
2023-03-31 04:00:00	1981.3000	1986.8000	1968.0000	1969.0000	957
2023-04-03 04:00:00	1968.1000	1991.7000	1950.0000	1983.9000	737
2023-04-04 04:00:00	1984.6000	2027.1000	1979.0000	2022.2000	811
2023-04-05 04:00:00	2022.1000	2033.8000	2013.6000	2020.9000	525
2023-04-06 04:00:00	2022.2000	2023.3000	2005.0000	2011.9000	0
2023-04-10 04:00:00	2000.0000	2006.6000	1984.0000	1989.1000	652
2023-04-11 04:00:00	1991.4000	2006.5000	1991.4000	2004.8000	68
2023-04-12 04:00:00	2005.2000	2025.7000	2005.2000	2010.9000	172
2023-04-13 04:00:00	2015.6000	2048.6001	2015.6000	2041.3000	1043
2023-04-14 04:00:00	2041.0000	2047.8000	1995.0000	2002.2000	718
2023-04-17 04:00:00	2002.7000	2007.6000	1983.2000	1994.2000	554
2023-04-18 04:00:00	1996.9000	2007.4000	1996.9000	2007.4000	72
2023-04-19 04:00:00	2005.7000	2006.4000	1969.8000	1995.2000	61
2023-04-20 04:00:00	1998.0000	2007.6000	1998.0000	2007.6000	164
2023-04-21 04:00:00	1996.2000	1996.2000	1974.1000	1979.5000	132
2023-04-24 04:00:00	1981.3000	1989.8000	1977.4000	1989.1000	145
2023-04-25 04:00:00	1995.7000	1999.1000	1982.3000	1994.0000	306
2023-04-26 04:00:00	1997.8000	1998.8000	1985.6000	1985.7000	615
2023-04-27 04:00:00	1990.6000	2002.3000	1979.9000	1989.9000	355
2023-04-28 04:00:00	1986.9000	1990.1000	1977.7000	1990.1000	152
2023-05-01 04:00:00	1980.1000	2005.0000	1976.9000	1983.4000	210
2023-05-02 04:00:00	1994.7000	2018.0000	1994.7000	2014.3000	1896
2023-05-03 04:00:00	2017.1000	2035.1000	2015.2000	2028.6000	1349
2023-05-04 04:00:00	2045.0000	2072.0000	2040.0000	2048.0000	930
2023-05-05 04:00:00	2046.4000	2046.4000	2004.3000	2017.4000	59
2023-05-08 04:00:00	2022.5000	2026.3000	2022.5000	2026.3000	3
2023-05-09 04:00:00	2026.6000	2037.3000	2025.9000	2036.2000	241
2023-05-10 04:00:00	2032.3000	2044.3000	2029.5000	2030.5000	248
2023-05-11 04:00:00	2034.1000	2038.3000	2014.0000	2014.7000	90
2023-05-12 04:00:00	2014.5000	2014.5000	2014.5000	2014.5000	115
2023-05-15 04:00:00	2013.8000	2018.0000	2013.8000	2018.0000	3
2023-05-16 04:00:00	1988.4000	1988.4000	1988.4000	1988.4000	49
2023-05-17 04:00:00	1983.6000	1983.6000	1980.7000	1980.7000	13
2023-05-18 04:00:00	1956.5000	1956.8000	1956.5000	1956.5000	23
2023-05-19 04:00:00	1960.0000	1978.7000	1960.0000	1978.7000	106
2023-05-22 04:00:00	1980.5000	1980.5000	1974.8000	1974.8000	8
2023-05-23 04:00:00	1972.4000	1972.4000	1972.4000	1972.4000	1
2023-05-24 04:00:00	1975.4000	1975.4000	1962.8000	1962.8000	189
2023-05-25 04:00:00	1943.1000	1943.1000	1943.1000	1943.1000	1
2023-05-26 04:00:00	1948.2000	1948.4000	1944.1000	1944.1000	166036
2023-05-30 04:00:00	1942.7000	1962.6000	1931.0000	1958.0000	37838
2023-05-31 04:00:00	1958.2000	1973.0000	1953.0000	1963.9000	5959
2023-06-01 04:00:00	1963.2000	1983.0000	1954.3000	1978.0000	750
2023-06-02 04:00:00	1977.1000	1982.5000	1947.4000	1952.4000	356
2023-06-05 04:00:00	1947.5000	1961.9000	1937.8000	1958.0000	713
2023-06-06 04:00:00	1960.8000	1965.5000	1958.8000	1965.5000	164
2023-06-07 04:00:00	1959.0000	1968.4000	1940.7000	1942.7000	139
2023-06-08 04:00:00	1943.2000	1969.0000	1943.1000	1963.6000	433
2023-06-09 04:00:00	1965.1000	1969.8000	1960.3000	1962.2000	49
2023-06-12 04:00:00	1959.7000	1963.5000	1951.4000	1955.3000	212
2023-06-13 04:00:00	1960.6000	1967.5000	1940.3000	1944.6000	343
2023-06-14 04:00:00	1946.2000	1958.2000	1940.3000	1955.3000	202
2023-06-15 04:00:00	1941.7000	1958.8000	1926.0000	1957.8000	329
2023-06-16 04:00:00	1961.4000	1962.9000	1953.5000	1958.4000	119
2023-06-20 04:00:00	1958.6000	1958.6000	1931.3000	1935.5000	193
2023-06-21 04:00:00	1935.6000	1936.8000	1920.0000	1933.3000	557
2023-06-22 04:00:00	1920.0000	1921.0000	1912.1000	1912.7000	237
2023-06-23 04:00:00	1918.7000	1932.5000	1918.7000	1919.1000	105
2023-06-26 04:00:00	1922.9000	1928.5000	1922.5000	1923.7000	71
2023-06-27 04:00:00	1927.0000	1929.4000	1914.0000	1914.0000	49
2023-06-28 04:00:00	1912.3000	1912.3000	1912.3000	1912.3000	628
2023-06-29 04:00:00	1909.9000	1909.9000	1892.5000	1909.2000	289
2023-06-30 04:00:00	1908.6000	1921.1000	1900.6000	1921.1000	445
2023-07-03 13:30:00	1917.9000	1929.5000	1917.9000	1921.7000	41
2023-07-05 04:00:00	1923.5000	1933.9000	1914.7000	1919.6000	193
2023-07-06 04:00:00	1909.3000	1910.2000	1903.2000	1908.7000	81
2023-07-07 04:00:00	1913.4000	1934.1000	1913.4000	1926.2000	61
2023-07-10 04:00:00	1923.6000	1926.1000	1912.3000	1925.0000	269
2023-07-11 04:00:00	1925.0000	1937.0000	1924.2000	1931.3000	142
2023-07-12 04:00:00	1932.3000	1958.0000	1932.2000	1956.2000	132
2023-07-13 04:00:00	1961.1000	1961.1000	1953.0000	1959.2000	121
2023-07-14 04:00:00	1958.4000	1960.6000	1952.7000	1960.1000	94
2023-07-17 04:00:00	1954.0000	1956.5000	1946.6000	1952.4000	29
2023-07-18 04:00:00	1968.8000	1978.4000	1963.4000	1977.2000	83
2023-07-19 04:00:00	1977.0000	1977.5000	1973.0000	1977.5000	35
2023-07-20 04:00:00	1973.7000	1973.7000	1965.6000	1968.3000	638
2023-07-21 04:00:00	1961.8000	1964.3000	1961.8000	1964.3000	50
2023-07-24 04:00:00	1965.3000	1965.5000	1960.3000	1960.3000	2
2023-07-25 04:00:00	1953.0000	1962.5000	1953.0000	1962.1000	19
2023-07-26 04:00:00	1966.2000	1972.0000	1966.2000	1968.9000	51
2023-07-27 04:00:00	1945.4000	1945.4000	1945.4000	1945.4000	194253
2023-07-28 04:00:00	1945.5000	1962.2000	1944.2000	1960.4000	23155
2023-07-31 04:00:00	1959.2000	1971.6000	1950.0000	1970.5000	1025
2023-08-01 04:00:00	1964.9000	1965.4000	1940.7000	1940.7000	688
2023-08-02 04:00:00	1948.4000	1953.6000	1933.2000	1937.4000	652
2023-08-03 04:00:00	1934.2000	1936.5000	1928.0000	1932.0000	773
2023-08-04 04:00:00	1934.9000	1945.0000	1920.0000	1939.6000	290
2023-08-07 04:00:00	1941.0000	1941.0000	1929.8000	1933.5000	376
2023-08-08 04:00:00	1931.7000	1933.2000	1923.0000	1924.1000	555
2023-08-09 04:00:00	1925.4000	1928.8000	1913.7000	1915.4000	451
2023-08-10 04:00:00	1921.1000	1927.8000	1911.4000	1914.4000	178
2023-08-11 04:00:00	1913.0000	1916.6000	1911.8000	1912.9000	57
2023-08-14 04:00:00	1909.3000	1912.6000	1903.3000	1910.6000	46
2023-08-15 04:00:00	1906.0000	1907.7000	1895.0000	1902.5000	73
2023-08-16 04:00:00	1904.5000	1904.5000	1890.3000	1896.1000	22
2023-08-17 04:00:00	1893.7000	1902.4000	1884.0000	1884.1000	245
2023-08-18 04:00:00	1891.8000	1891.8000	1886.1000	1886.1000	19
2023-08-21 04:00:00	1893.6000	1893.6000	1893.3000	1893.3000	876
2023-08-22 04:00:00	1894.6000	1896.8000	1892.8000	1896.4000	46
2023-08-23 04:00:00	1909.6000	1918.5000	1909.6000	1918.5000	547
2023-08-24 04:00:00	1920.0000	1920.8000	1918.2000	1918.2000	337
2023-08-25 04:00:00	1919.8000	1919.8000	1911.1000	1911.1000	195
2023-08-28 04:00:00	1915.5000	1921.5000	1915.5000	1917.9000	99
2023-08-29 04:00:00	1917.9000	1936.5000	1916.9000	1936.5000	1674
2023-08-30 04:00:00	1936.0000	1946.4000	1934.6000	1944.3000	396
2023-08-31 04:00:00	1944.4000	1944.4000	1938.2000	1938.2000	491
2023-09-01 04:00:00	1950.0000	1950.0000	1936.6000	1939.8000	167
2023-09-05 04:00:00	1934.4000	1934.4000	1924.7000	1926.2000	113
2023-09-06 04:00:00	1924.1000	1925.3000	1916.3000	1918.1000	24
2023-09-07 04:00:00	1917.6000	1921.5000	1917.5000	1917.5000	41
2023-09-08 04:00:00	1924.0000	1924.7000	1918.4000	1918.4000	105
2023-09-11 04:00:00	1923.0000	1928.3000	1921.8000	1923.3000	50
2023-09-12 04:00:00	1920.8000	1920.8000	1911.3000	1911.3000	365
2023-09-13 04:00:00	1910.3000	1914.6000	1908.9000	1909.1000	15
2023-09-14 04:00:00	1903.0000	1910.0000	1903.0000	1910.0000	169
2023-09-15 04:00:00	1923.5000	1927.3000	1923.5000	1923.7000	8
2023-09-18 04:00:00	1928.2000	1931.5000	1926.4000	1931.5000	19
2023-09-19 04:00:00	1934.0000	1934.0000	1932.0000	1932.0000	6
2023-09-20 04:00:00	1945.6000	1945.6000	1929.2000	1945.6000	119
2023-09-21 04:00:00	1924.0000	1924.0000	1919.2000	1919.2000	9
2023-09-22 04:00:00	1925.4000	1925.4000	1925.4000	1925.4000	1
2023-09-25 04:00:00	1916.6000	1916.6000	1916.6000	1916.6000	114
2023-09-26 04:00:00	1905.0000	1905.1000	1900.4000	1900.4000	161
2023-09-27 04:00:00	1871.6000	1871.6000	1871.6000	1871.6000	12251
2023-09-28 04:00:00	1875.5000	1878.2000	1856.7000	1860.4000	4654
2023-09-29 04:00:00	1864.3000	1872.3000	1846.0000	1848.1000	1605
2023-10-02 04:00:00	1844.1000	1845.9000	1826.7000	1830.0000	2309
2023-10-03 04:00:00	1825.0000	1830.9000	1816.8000	1824.6000	310
2023-10-04 04:00:00	1821.8000	1828.2000	1816.4000	1818.5000	357
2023-10-05 04:00:00	1826.3000	1826.3000	1815.6000	1816.6000	393
2023-10-06 04:00:00	1819.0000	1831.8000	1809.4000	1830.2000	390
2023-10-09 04:00:00	1842.5000	1861.5000	1842.5000	1849.5000	232
2023-10-10 04:00:00	1857.0000	1861.4000	1852.8000	1861.0000	236
2023-10-11 04:00:00	1869.5000	1874.6000	1869.1000	1872.8000	65
2023-10-12 04:00:00	1874.7000	1881.2000	1867.0000	1869.3000	46
2023-10-13 04:00:00	1877.5000	1930.1000	1877.5000	1927.4000	43
2023-10-16 04:00:00	1910.4000	1921.1000	1910.3000	1921.1000	53
2023-10-17 04:00:00	1914.3000	1925.8000	1914.3000	1922.7000	103
2023-10-18 04:00:00	1935.0000	1957.9000	1935.0000	1955.3000	67
2023-10-19 04:00:00	1950.1000	1977.7000	1945.7000	1968.4000	1945
2023-10-20 04:00:00	1981.1000	1988.6000	1980.4000	1982.5000	557
2023-10-23 04:00:00	1976.2000	1978.9000	1972.9000	1976.3000	127
2023-10-24 04:00:00	1970.3000	1975.0000	1970.3000	1975.0000	10
2023-10-25 04:00:00	1971.2000	1985.3000	1971.2000	1984.1000	97
2023-10-26 04:00:00	1988.2000	1988.2000	1980.4000	1987.2000	521
2023-10-27 04:00:00	1988.6000	1988.6000	1988.6000	1988.6000	372
2023-10-30 04:00:00	2004.1000	2004.1000	1992.5000	1996.2000	157
2023-10-31 04:00:00	1996.5000	2001.0000	1983.7000	1985.2000	84
2023-11-01 04:00:00	1990.5000	1990.5000	1977.8000	1978.8000	41
2023-11-02 04:00:00	1989.1000	1990.3000	1979.5000	1985.6000	39
2023-11-03 04:00:00	1989.0000	1991.5000	1989.0000	1991.5000	12
2023-11-06 05:00:00	1981.6000	1981.6000	1977.4000	1981.6000	130
2023-11-07 05:00:00	1966.5000	1966.8000	1960.7000	1966.8000	20
2023-11-08 05:00:00	1967.8000	1967.8000	1947.7000	1951.5000	43
2023-11-09 05:00:00	1951.7000	1964.2000	1945.3000	1964.2000	10
2023-11-10 05:00:00	1959.6000	1959.6000	1932.6000	1932.6000	375
2023-11-13 05:00:00	1939.9000	1947.2000	1934.0000	1945.5000	191
2023-11-14 05:00:00	1965.8000	1965.8000	1961.8000	1961.8000	2
2023-11-15 05:00:00	1962.8000	1962.8000	1960.0000	1960.1000	6
2023-11-16 05:00:00	1965.3000	1983.9000	1964.6000	1983.9000	39
2023-11-17 05:00:00	1982.5000	1984.0000	1979.8000	1981.6000	32
2023-11-20 05:00:00	1978.7000	1979.4000	1969.7000	1977.7000	182
2023-11-21 05:00:00	1990.7000	2005.5000	1988.5000	1999.3000	16
2023-11-22 05:00:00	1999.1000	1999.4000	1991.0000	1991.4000	6075
2023-11-24 14:30:00	1991.9000	2002.2000	1991.5000	2002.2000	63
2023-11-27 05:00:00	2011.7000	2011.8000	2011.7000	2011.8000	228
2023-11-28 05:00:00	2040.6000	2042.7000	2039.7000	2039.7000	174665
2023-11-29 05:00:00	2041.7000	2052.1001	2036.0000	2047.1000	15290
2023-11-30 05:00:00	2046.1000	2047.1000	2033.1000	2038.1000	2506
2023-12-01 05:00:00	2038.3000	2073.2000	2036.0000	2071.0000	614
2023-12-04 05:00:00	2075.3000	2130.2000	2021.0000	2024.1000	1071
2023-12-05 05:00:00	2035.1000	2037.0000	2010.2000	2018.5000	289
2023-12-06 05:00:00	2019.9000	2035.8000	2019.0000	2030.5000	417
2023-12-07 05:00:00	2029.2000	2034.9000	2024.0000	2029.9000	67
2023-12-08 05:00:00	2031.7000	2033.1000	1995.0000	1998.3000	449
2023-12-11 05:00:00	2004.1000	2004.2000	1977.2000	1978.0000	651
2023-12-12 05:00:00	1984.2000	1994.2000	1977.8000	1977.8000	95
2023-12-13 05:00:00	1978.5000	2024.8000	1975.0000	1982.3000	2252
2023-12-14 05:00:00	2024.7000	2040.1000	2024.3000	2030.2000	236
2023-12-15 05:00:00	2032.6000	2043.4000	2018.3000	2021.1000	261
2023-12-18 05:00:00	2024.3000	2032.8000	2024.0000	2026.3000	100
2023-12-19 05:00:00	2025.2000	2042.7000	2025.2000	2038.4000	498
2023-12-20 05:00:00	2037.1000	2037.1000	2030.3000	2034.5000	258
2023-12-21 05:00:00	2035.8000	2044.5000	2033.0000	2039.1000	228
2023-12-22 05:00:00	2055.7000	2068.7000	2052.2000	2057.1001	202
2023-12-26 05:00:00	2060.0000	2060.8000	2054.2000	2058.2000	64
2023-12-27 05:00:00	2067.3000	2081.8999	2064.8000	2081.8999	586
2023-12-28 05:00:00	2081.6001	2087.3000	2066.5000	2073.8999	338
2023-12-29 05:00:00	2068.0000	2068.8999	2062.1001	2062.3999	47
2024-01-02 05:00:00	2063.5000	2073.7000	2057.1001	2064.3999	61
2024-01-03 05:00:00	2034.2000	2044.0000	2034.2000	2034.2000	54
2024-01-04 05:00:00	2041.6000	2044.5000	2038.0000	2042.3000	88
2024-01-05 05:00:00	2044.5000	2048.1001	2042.4000	2042.4000	12
2024-01-08 05:00:00	2019.1000	2033.7000	2019.1000	2026.6000	10
2024-01-09 05:00:00	2035.8000	2035.8000	2026.4000	2026.4000	27
2024-01-10 05:00:00	2029.0000	2035.6000	2021.7000	2021.7000	538
2024-01-11 05:00:00	2025.1000	2025.1000	2014.3000	2014.3000	97
2024-01-12 05:00:00	2031.1000	2057.0000	2031.1000	2046.7000	390
2024-01-16 05:00:00	2051.7000	2054.8000	2026.0000	2026.0000	46
2024-01-17 05:00:00	2026.5000	2026.5000	2002.6000	2002.6000	764
2024-01-18 05:00:00	2012.8000	2018.6000	2009.5000	2018.6000	1474
2024-01-19 05:00:00	2023.2000	2036.0000	2019.5000	2026.5000	50
2024-01-22 05:00:00	2021.3000	2021.3000	2019.8000	2019.8000	12
2024-01-23 05:00:00	2030.3000	2030.3000	2022.5000	2023.7000	15
2024-01-24 05:00:00	2023.2000	2033.2000	2013.9000	2013.9000	253
2024-01-25 05:00:00	2012.1000	2022.4000	2012.1000	2016.9000	548
2024-01-26 05:00:00	2021.7000	2022.4000	2016.8000	2016.8000	49
2024-01-29 05:00:00	2025.2000	2025.2000	2025.2000	2025.2000	150708
2024-01-30 05:00:00	2032.5000	2048.5000	2028.1000	2031.5000	26907
2024-01-31 05:00:00	2035.4000	2055.0000	2030.0000	2048.3999	2007
2024-02-01 05:00:00	2040.2000	2064.5000	2029.0000	2053.0000	947
2024-02-02 05:00:00	2054.8000	2055.8999	2027.7000	2036.1000	888
2024-02-05 05:00:00	2038.9000	2040.8000	2013.8000	2025.7000	412
2024-02-06 05:00:00	2025.9000	2037.3000	2025.9000	2034.5000	249
2024-02-07 05:00:00	2032.8000	2039.5000	2032.7000	2035.2000	71
2024-02-08 05:00:00	2028.0000	2036.7000	2020.3000	2032.2000	341
2024-02-09 05:00:00	2032.0000	2032.0000	2020.0000	2023.3000	62
2024-02-12 05:00:00	2025.5000	2025.5000	2011.6000	2018.2000	317
2024-02-13 05:00:00	2025.1000	2025.8000	1990.0000	1992.9000	198
2024-02-14 05:00:00	1990.3000	1993.5000	1984.8000	1990.3000	1916
2024-02-15 05:00:00	1993.6000	2007.2000	1993.6000	2002.1000	286
2024-02-16 05:00:00	2005.0000	2011.5000	1996.5000	2011.5000	32
2024-02-20 05:00:00	2015.6000	2029.0000	2015.6000	2027.5000	1326
2024-02-21 05:00:00	2028.2000	2028.2000	2022.3000	2022.3000	15
2024-02-22 05:00:00	2033.2000	2033.2000	2019.7000	2019.7000	964
2024-02-23 05:00:00	2026.0000	2038.6000	2014.9000	2038.6000	22
2024-02-26 05:00:00	2034.1000	2035.4000	2024.8000	2028.5000	143
2024-02-27 05:00:00	2035.9000	2035.9000	2034.0000	2034.0000	964
2024-02-28 05:00:00	2029.5000	2037.0000	2024.8000	2033.0000	581
2024-02-29 05:00:00	2034.3000	2049.8000	2034.3000	2045.7000	706
2024-03-01 05:00:00	2043.1000	2086.8999	2041.8000	2086.8999	1210
2024-03-04 05:00:00	2083.6001	2119.8000	2080.7000	2117.7000	805
2024-03-05 05:00:00	2114.8999	2133.5000	2111.3999	2133.5000	1287
2024-03-06 05:00:00	2125.5000	2150.3000	2125.5000	2150.3000	443
2024-03-07 05:00:00	2147.0000	2163.0000	2147.0000	2158.0000	152
2024-03-08 05:00:00	2167.3000	2194.8999	2166.3000	2178.6001	259
2024-03-11 04:00:00	2181.0000	2184.0000	2177.2000	2182.5000	738
2024-03-12 04:00:00	2182.5000	2182.7000	2160.3999	2160.3999	550
2024-03-13 04:00:00	2162.5000	2175.3999	2162.5000	2175.3999	20
2024-03-14 04:00:00	2163.0000	2163.0000	2162.3000	2163.0000	515
2024-03-15 04:00:00	2161.7000	2161.7000	2157.3000	2157.3000	100
2024-03-18 04:00:00	2146.2000	2160.7000	2146.2000	2160.7000	21
2024-03-19 04:00:00	2156.1001	2156.3000	2156.1001	2156.3000	12
2024-03-20 04:00:00	2157.3000	2185.8999	2150.8999	2157.8999	17
2024-03-21 04:00:00	2207.0000	2211.6001	2182.3999	2182.3999	63
2024-03-22 04:00:00	2179.2000	2179.6001	2157.5000	2158.1001	19
2024-03-25 04:00:00	2166.2000	2179.3999	2166.2000	2174.8000	79
2024-03-26 04:00:00	2182.7000	2182.7000	2175.6001	2175.6001	202373
2024-03-27 04:00:00	2179.3999	2196.2000	2172.1001	2190.6001	31200
2024-03-28 04:00:00	2193.6001	2234.1001	2187.1001	2217.3999	2040
2024-04-01 04:00:00	2235.7000	2264.2000	2230.0000	2236.5000	400
2024-04-02 04:00:00	2252.0000	2279.2000	2247.6001	2261.0000	435
2024-04-03 04:00:00	2281.7000	2298.8000	2267.8999	2294.3999	285
2024-04-04 04:00:00	2301.7000	2302.8999	2280.0000	2288.8000	251
2024-04-05 04:00:00	2289.2000	2328.3999	2267.3999	2325.7000	344
2024-04-08 04:00:00	2325.6001	2341.8000	2319.0000	2331.7000	202
2024-04-09 04:00:00	2337.8000	2364.7000	2337.8000	2343.5000	211
2024-04-10 04:00:00	2346.6001	2358.1001	2327.7000	2329.6001	377
2024-04-11 04:00:00	2341.5000	2376.3000	2330.6001	2354.8000	283
2024-04-12 04:00:00	2377.3000	2429.0000	2334.3000	2356.2000	584
2024-04-15 04:00:00	2362.1001	2384.7000	2326.0000	2365.8000	1801
2024-04-16 04:00:00	2384.0000	2390.8000	2371.3999	2390.8000	41
2024-04-17 04:00:00	2384.2000	2391.3999	2369.3000	2371.7000	37
2024-04-18 04:00:00	2368.3999	2384.3999	2368.3999	2382.3000	128
2024-04-19 04:00:00	2379.3000	2399.8000	2377.3000	2398.3999	160
2024-04-22 04:00:00	2383.3000	2383.3000	2326.8999	2332.2000	53
2024-04-23 04:00:00	2327.7000	2330.8000	2294.2000	2327.7000	171
2024-04-24 04:00:00	2321.3000	2328.7000	2314.6001	2324.5000	95
2024-04-25 04:00:00	2315.0000	2329.8000	2305.0000	2329.8000	1024
2024-04-26 04:00:00	2347.8999	2347.8999	2332.8000	2334.8000	717
2024-04-29 04:00:00	2334.8000	2345.5000	2327.8999	2345.3999	405
2024-04-30 04:00:00	2322.5000	2322.5000	2291.3999	2291.3999	113
2024-05-01 04:00:00	2287.7000	2327.3000	2283.8000	2299.8999	42
2024-05-02 04:00:00	2321.7000	2324.7000	2292.3000	2299.2000	56
2024-05-03 04:00:00	2300.0000	2301.0000	2277.6001	2299.0000	194
2024-05-06 04:00:00	2322.8000	2325.5000	2314.2000	2321.6001	9
2024-05-07 04:00:00	2324.3000	2324.3000	2315.2000	2315.2000	25
2024-05-08 04:00:00	2313.6001	2313.6001	2313.6001	2313.6001	4
2024-05-09 04:00:00	2310.7000	2339.5000	2310.7000	2332.1001	5
2024-05-10 04:00:00	2367.3000	2367.3000	2367.3000	2367.3000	126
2024-05-13 04:00:00	2358.3000	2358.3000	2336.1001	2336.1001	14
2024-05-14 04:00:00	2336.0000	2358.0000	2336.0000	2353.3999	6
2024-05-15 04:00:00	2361.6001	2388.7000	2356.0000	2388.7000	29
2024-05-16 04:00:00	2389.5000	2392.2000	2380.0000	2380.0000	7
2024-05-17 04:00:00	2380.7000	2415.8000	2380.7000	2412.2000	213
2024-05-20 04:00:00	2415.8000	2435.8000	2409.7000	2433.8999	40
2024-05-21 04:00:00	2429.5000	2429.5000	2421.0000	2421.7000	6
2024-05-22 04:00:00	2417.5000	2417.6001	2375.8000	2389.2000	180
2024-05-23 04:00:00	2371.2000	2371.2000	2335.0000	2335.0000	365
2024-05-24 04:00:00	2342.6001	2345.3999	2332.5000	2332.5000	25
2024-05-28 04:00:00	2336.8999	2359.7000	2336.8999	2355.2000	26
2024-05-29 04:00:00	2340.3000	2340.3000	2340.3000	2340.3000	119317
2024-05-30 04:00:00	2336.8999	2349.5000	2320.8000	2342.8999	32587
2024-05-31 04:00:00	2344.1001	2354.0000	2319.0000	2322.8999	941
2024-06-03 04:00:00	2322.6001	2347.5000	2312.0000	2346.6001	781
2024-06-04 04:00:00	2347.5000	2347.7000	2313.8999	2325.5000	890
2024-06-05 04:00:00	2326.3999	2354.3000	2326.2000	2354.1001	295
2024-06-06 04:00:00	2355.0000	2375.8000	2355.0000	2370.3000	179
2024-06-07 04:00:00	2379.8999	2385.1001	2285.3999	2305.2000	269
2024-06-10 04:00:00	2290.6001	2309.3000	2290.5000	2307.7000	69
2024-06-11 04:00:00	2300.0000	2314.1001	2300.0000	2307.5000	871
2024-06-12 04:00:00	2314.8999	2338.7000	2310.3000	2336.0000	132
2024-06-13 04:00:00	2309.3999	2317.7000	2296.2000	2300.2000	298
2024-06-14 04:00:00	2307.0000	2331.3999	2305.8000	2331.3999	948
2024-06-17 04:00:00	2320.2000	2320.2000	2309.6001	2312.3999	110
2024-06-18 04:00:00	2311.8000	2330.3999	2311.8000	2330.3999	43
2024-06-20 04:00:00	2328.8999	2354.0000	2328.3000	2353.8000	183
2024-06-21 04:00:00	2331.2000	2331.2000	2316.3999	2316.3999	76
2024-06-24 04:00:00	2323.3000	2332.8999	2322.7000	2330.0000	99
2024-06-25 04:00:00	2324.3999	2333.0000	2316.6001	2316.6001	105
2024-06-26 04:00:00	2307.8999	2314.3999	2298.0000	2299.2000	986
2024-06-27 04:00:00	2296.8000	2329.0000	2295.0000	2324.5000	1532
2024-06-28 04:00:00	2325.3999	2338.3000	2319.0000	2327.7000	92
2024-07-01 04:00:00	2323.8000	2329.7000	2321.7000	2327.6001	237
2024-07-02 04:00:00	2330.7000	2334.6001	2323.0000	2323.0000	30
2024-07-03 13:30:00	2330.8999	2361.6001	2330.8999	2359.8000	59
2024-07-05 04:00:00	2354.8999	2388.5000	2354.8999	2388.5000	72
2024-07-08 04:00:00	2381.7000	2383.8000	2352.8000	2355.2000	64
2024-07-09 04:00:00	2363.1001	2363.7000	2360.1001	2360.1001	9
2024-07-10 04:00:00	2366.3000	2377.0000	2365.8000	2372.2000	19
2024-07-11 04:00:00	2378.7000	2416.7000	2378.7000	2415.0000	72
2024-07-12 04:00:00	2399.8000	2414.0000	2391.3000	2414.0000	355
2024-07-15 04:00:00	2430.0000	2436.0000	2422.8999	2422.8999	540
2024-07-16 04:00:00	2427.3999	2462.3999	2427.3999	2462.3999	93
2024-07-17 04:00:00	2472.8999	2473.1001	2454.8000	2454.8000	10
2024-07-18 04:00:00	2466.0000	2466.0000	2451.8000	2451.8000	2
2024-07-19 04:00:00	2418.8000	2419.2000	2395.5000	2395.5000	15
2024-07-22 04:00:00	2402.1001	2402.1001	2392.0000	2392.0000	18
2024-07-23 04:00:00	2395.8000	2404.6001	2388.7000	2404.6001	41
2024-07-24 04:00:00	2421.0000	2421.0000	2411.6001	2413.3000	6
2024-07-25 04:00:00	2365.5000	2365.5000	2351.8999	2351.8999	31
2024-07-26 04:00:00	2368.7000	2386.8999	2368.7000	2380.0000	95
2024-07-29 04:00:00	2377.3000	2377.3000	2377.3000	2377.3000	126409
2024-07-30 04:00:00	2380.8999	2409.3000	2373.8000	2405.0000	25944
2024-07-31 04:00:00	2407.1001	2447.6001	2402.8000	2426.5000	1313
2024-08-01 04:00:00	2446.7000	2455.1001	2430.3999	2435.0000	690
2024-08-02 04:00:00	2444.0000	2477.0000	2416.0000	2425.7000	550
2024-08-05 04:00:00	2442.0000	2449.8000	2367.3999	2401.7000	334
2024-08-06 04:00:00	2414.5000	2421.8000	2380.0000	2389.1001	163
2024-08-07 04:00:00	2392.2000	2401.0000	2384.5000	2390.5000	130
2024-08-08 04:00:00	2384.3000	2422.8000	2384.3000	2422.2000	201
2024-08-09 04:00:00	2422.3000	2432.1001	2418.5000	2432.1001	611
2024-08-12 04:00:00	2432.7000	2469.8000	2432.0000	2462.3999	566
2024-08-13 04:00:00	2461.0000	2470.0000	2456.5000	2466.7000	510
2024-08-14 04:00:00	2468.0000	2472.1001	2439.3999	2439.3999	274
2024-08-15 04:00:00	2451.8000	2467.7000	2431.2000	2453.1001	285
2024-08-16 04:00:00	2453.5000	2508.0000	2451.3999	2498.6001	197
2024-08-19 04:00:00	2508.5000	2508.5000	2487.2000	2501.8000	88
2024-08-20 04:00:00	2503.5000	2527.3000	2500.7000	2511.3000	187
2024-08-21 04:00:00	2511.0000	2515.3999	2503.8999	2508.3999	96
2024-08-22 04:00:00	2504.1001	2504.1001	2471.1001	2478.8999	210
2024-08-23 04:00:00	2486.5000	2508.3999	2486.5000	2508.3999	94
2024-08-26 04:00:00	2509.8999	2523.1001	2509.1001	2517.7000	290
2024-08-27 04:00:00	2515.2000	2523.1001	2506.8999	2516.0000	100
2024-08-28 04:00:00	2501.0000	2501.0000	2501.0000	2501.0000	2353
2024-08-29 04:00:00	2504.1001	2525.7000	2503.8999	2525.7000	3966
2024-08-30 04:00:00	2519.5000	2525.3999	2493.8000	2493.8000	208
2024-09-03 04:00:00	2501.6001	2501.8000	2476.3000	2489.8999	206
2024-09-04 04:00:00	2490.8999	2493.3999	2483.5000	2493.3999	470
2024-09-05 04:00:00	2493.7000	2513.3000	2493.3999	2511.3999	54
2024-09-06 04:00:00	2510.3000	2517.8999	2483.7000	2493.5000	96
2024-09-09 04:00:00	2491.3000	2504.7000	2491.3000	2501.8000	96
2024-09-10 04:00:00	2512.3000	2512.3000	2512.3000	2512.3000	5
2024-09-11 04:00:00	2525.8000	2525.8000	2502.3000	2512.1001	90
2024-09-12 04:00:00	2529.1001	2557.0000	2523.3999	2551.2000	132
2024-09-13 04:00:00	2568.8000	2581.8000	2565.0000	2581.3000	31
2024-09-16 04:00:00	2580.3999	2580.3999	2580.3999	2580.3999	28
2024-09-17 04:00:00	2581.2000	2581.8000	2564.3000	2564.3000	22
2024-09-18 04:00:00	2570.7000	2570.7000	2549.2000	2570.7000	25
2024-09-19 04:00:00	2566.0000	2588.0000	2566.0000	2588.0000	99
2024-09-20 04:00:00	2590.3999	2621.8000	2590.3999	2619.8999	17
2024-09-23 04:00:00	2626.5000	2626.5000	2626.5000	2626.5000	9
2024-09-24 04:00:00	2636.8000	2662.3000	2625.5000	2651.2000	35
2024-09-25 04:00:00	2656.3000	2664.2000	2649.3000	2659.2000	175
2024-09-26 04:00:00	2662.3000	2669.8999	2660.8000	2669.8999	17216
2024-09-27 04:00:00	2670.0000	2672.1001	2641.7000	2644.3000	4228
2024-09-30 04:00:00	2660.8999	2662.1001	2623.2000	2636.1001	973
2024-10-01 04:00:00	2631.3999	2670.8999	2631.3999	2667.3000	153
2024-10-02 04:00:00	2650.6001	2657.2000	2640.0000	2647.1001	72
2024-10-03 04:00:00	2642.8000	2657.1001	2640.0000	2657.1001	354
2024-10-04 04:00:00	2656.0000	2667.0000	2639.0000	2645.8000	114
2024-10-07 04:00:00	2648.7000	2657.3999	2639.0000	2644.8000	284
2024-10-08 04:00:00	2639.0000	2639.0000	2609.3000	2615.0000	687
2024-10-09 04:00:00	2603.0000	2607.7000	2603.0000	2606.0000	152
2024-10-10 04:00:00	2602.5000	2628.3000	2602.5000	2620.6001	320
2024-10-11 04:00:00	2638.3000	2658.1001	2638.2000	2657.6001	12
2024-10-14 04:00:00	2655.0000	2655.3000	2647.8000	2647.8000	40
2024-10-15 04:00:00	2661.3999	2661.3999	2661.3999	2661.3999	39
2024-10-16 04:00:00	2674.0000	2674.0000	2674.0000	2674.0000	6
2024-10-17 04:00:00	2677.3999	2691.7000	2677.2000	2691.0000	30
2024-10-18 04:00:00	2713.7000	2719.6001	2713.7000	2713.7000	29
2024-10-21 04:00:00	2721.8999	2738.3999	2719.5000	2723.1001	52
2024-10-22 04:00:00	2731.7000	2746.0000	2728.6001	2744.2000	93
2024-10-23 04:00:00	2742.5000	2742.5000	2714.2000	2714.3999	18
2024-10-24 04:00:00	2729.0000	2736.1001	2729.0000	2734.8999	27
2024-10-25 04:00:00	2725.5000	2742.3999	2725.5000	2740.8999	29
2024-10-28 04:00:00	2736.1001	2742.8999	2729.5000	2742.8999	56
2024-10-29 04:00:00	2768.3999	2768.3999	2768.3999	2768.3999	848
2024-10-30 04:00:00	2774.6001	2789.0000	2774.6001	2788.5000	231
2024-10-31 04:00:00	2787.3999	2787.5000	2733.5000	2738.3000	849
2024-11-01 04:00:00	2745.5000	2756.0000	2734.2000	2738.6001	109
2024-11-04 05:00:00	2736.5000	2737.1001	2736.1001	2736.1001	16
2024-11-05 05:00:00	2743.0000	2743.8999	2740.3000	2740.3000	23
2024-11-06 05:00:00	2734.5000	2734.5000	2659.3999	2667.6001	427
2024-11-07 05:00:00	2662.5000	2699.1001	2662.5000	2698.3999	676
2024-11-08 05:00:00	2688.5000	2694.6001	2682.8999	2687.5000	1038
2024-11-11 05:00:00	2671.7000	2671.7000	2611.2000	2611.2000	20
2024-11-12 05:00:00	2605.5000	2605.5000	2592.8000	2600.0000	118
2024-11-13 05:00:00	2611.1001	2611.8000	2580.8000	2580.8000	53
2024-11-14 05:00:00	2555.1001	2576.2000	2554.2000	2568.2000	27
2024-11-15 05:00:00	2565.7000	2565.7000	2565.7000	2565.7000	20
2024-11-18 05:00:00	2591.7000	2610.7000	2589.3999	2610.6001	136
2024-11-19 05:00:00	2621.8999	2627.7000	2619.3000	2627.1001	87
2024-11-20 05:00:00	2638.5000	2648.2000	2638.5000	2648.2000	27
2024-11-21 05:00:00	2659.3000	2672.1001	2655.7000	2672.1001	33
2024-11-22 05:00:00	2687.5000	2710.5000	2685.6001	2709.8999	41
2024-11-25 05:00:00	2689.3999	2689.3999	2616.8000	2616.8000	94
2024-11-26 05:00:00	2625.6001	2625.6001	2620.3000	2620.3000	177858
2024-11-27 05:00:00	2633.5000	2657.8999	2627.2000	2639.8999	61653
2024-11-29 14:30:00	2636.3999	2664.3000	2620.7000	2657.0000	3861
2024-12-02 05:00:00	2649.0000	2649.8000	2621.7000	2634.8999	695
2024-12-03 05:00:00	2639.0000	2654.7000	2636.0000	2644.7000	1062
2024-12-04 05:00:00	2639.2000	2658.3000	2637.0000	2653.8000	249
2024-12-05 05:00:00	2652.3999	2655.0000	2625.7000	2626.6001	573
2024-12-06 05:00:00	2620.2000	2643.1001	2617.5000	2638.6001	571
2024-12-09 05:00:00	2632.1001	2677.1001	2630.8000	2664.8999	935
2024-12-10 05:00:00	2662.3000	2698.2000	2661.0000	2697.6001	437
2024-12-11 05:00:00	2701.8000	2733.8000	2693.1001	2733.8000	3387
2024-12-12 05:00:00	2725.1001	2725.1001	2677.3999	2687.5000	2365
2024-12-13 05:00:00	2688.2000	2689.3000	2647.8999	2656.0000	1125
2024-12-16 05:00:00	2658.3000	2663.3000	2651.0000	2651.3999	877
2024-12-17 05:00:00	2651.8000	2652.3000	2632.5000	2644.3999	705
2024-12-18 05:00:00	2644.3000	2647.1001	2590.2000	2636.5000	566
2024-12-19 05:00:00	2582.1001	2610.3000	2582.1001	2592.2000	238
2024-12-20 05:00:00	2605.3000	2631.6001	2604.8999	2628.7000	592
2024-12-23 05:00:00	2620.0000	2627.7000	2611.1001	2612.3000	451
2024-12-24 14:30:00	2613.0000	2620.0000	2609.5000	2620.0000	35
2024-12-26 05:00:00	2628.5000	2638.8000	2627.8999	2638.8000	84
2024-12-27 05:00:00	2617.7000	2617.7000	2616.3999	2617.2000	642
2024-12-30 05:00:00	2620.7000	2626.8999	2597.0000	2606.1001	794
2024-12-31 05:00:00	2608.3999	2629.2000	2604.8999	2629.2000	401
2025-01-02 05:00:00	2633.0000	2663.1001	2633.0000	2658.8999	1728
2025-01-03 05:00:00	2658.7000	2658.7000	2641.8000	2645.0000	591
2025-01-06 05:00:00	2645.5000	2647.0000	2617.3000	2638.3999	960
2025-01-07 05:00:00	2653.3999	2657.5000	2653.0000	2656.7000	643
2025-01-08 05:00:00	2655.5000	2676.8999	2653.5000	2664.5000	999
2025-01-09 05:00:00	2669.7000	2686.3000	2667.8999	2683.8000	1139
2025-01-10 05:00:00	2686.1001	2720.1001	2683.7000	2708.5000	403
2025-01-13 05:00:00	2711.1001	2711.2000	2673.5000	2673.5000	765
2025-01-14 05:00:00	2673.6001	2688.3000	2670.8000	2677.5000	794
2025-01-15 05:00:00	2690.8000	2712.5000	2690.8000	2712.5000	930
2025-01-16 05:00:00	2731.7000	2749.8000	2731.7000	2746.3999	1721
2025-01-17 05:00:00	2736.0000	2751.6001	2725.5000	2744.3000	1214
2025-01-21 05:00:00	2746.0000	2755.0000	2724.8000	2755.0000	1439
2025-01-22 05:00:00	2754.5000	2768.8000	2753.5000	2767.6001	2079
2025-01-23 05:00:00	2760.0000	2765.0000	2745.3999	2763.1001	2201
2025-01-24 05:00:00	2759.8000	2792.0000	2759.8000	2777.3000	1593
2025-01-27 05:00:00	2761.1001	2762.2000	2737.5000	2737.5000	984
2025-01-28 05:00:00	2738.0000	2766.8000	2738.0000	2766.8000	2307
2025-01-29 05:00:00	2769.1001	2769.1001	2769.1001	2769.1001	125692
2025-01-30 05:00:00	2772.5000	2829.5000	2770.0000	2823.0000	40141
2025-01-31 05:00:00	2829.0000	2838.0000	2804.0000	2812.5000	3443
2025-02-03 05:00:00	2818.2000	2848.3999	2780.8999	2833.8999	2649
2025-02-04 05:00:00	2827.6001	2853.3000	2816.1001	2853.3000	2187
2025-02-05 05:00:00	2850.0000	2880.5000	2848.0000	2871.6001	4519
2025-02-06 05:00:00	2865.2000	2871.7000	2836.3000	2856.0000	3116
2025-02-07 05:00:00	2859.8999	2889.5000	2857.8000	2867.3000	1822
2025-02-10 05:00:00	2864.2000	2916.1001	2863.8000	2914.3000	2237
2025-02-11 05:00:00	2925.5000	2945.3999	2890.0000	2912.5000	2554
2025-02-12 05:00:00	2902.0000	2912.3000	2868.6001	2909.0000	2504
2025-02-13 05:00:00	2911.3000	2937.7000	2910.6001	2925.8999	4670
2025-02-14 05:00:00	2937.3000	2944.3999	2874.8000	2883.6001	1992
2025-02-18 05:00:00	2879.2000	2936.3999	2873.8000	2931.6001	4010
2025-02-19 05:00:00	2938.7000	2946.0000	2917.1001	2919.3999	2630
2025-02-20 05:00:00	2949.1001	2955.8000	2924.2000	2940.0000	656
2025-02-21 05:00:00	2938.8000	2940.0000	2917.3000	2937.6001	570
2025-02-24 05:00:00	2933.1001	2957.8999	2933.1001	2947.8999	415
2025-02-25 05:00:00	2938.7000	2943.2000	2890.0000	2904.5000	1854
2025-02-26 05:00:00	2913.5000	2917.0000	2913.0000	2916.8000	2050
2025-02-27 05:00:00	2918.5000	2922.8000	2870.3999	2883.2000	3215
2025-02-28 05:00:00	2877.1001	2877.1001	2834.1001	2836.8000	990
2025-03-03 05:00:00	2872.7000	2891.8000	2863.3999	2890.2000	423
2025-03-04 05:00:00	2886.1001	2927.8999	2886.1001	2909.6001	885
2025-03-05 05:00:00	2916.7000	2922.0000	2893.0000	2915.3000	551
2025-03-06 05:00:00	2904.0000	2918.6001	2903.8000	2916.6001	870
2025-03-07 05:00:00	2900.8999	2927.3000	2900.5000	2904.7000	531
2025-03-10 04:00:00	2910.1001	2915.1001	2880.2000	2891.0000	55
2025-03-11 04:00:00	2884.3999	2916.7000	2880.3999	2912.8999	197
2025-03-12 04:00:00	2912.0000	2939.1001	2910.0000	2939.1001	213
2025-03-13 04:00:00	2937.1001	2988.0000	2935.2000	2984.3000	2366
2025-03-14 04:00:00	2994.3999	3004.8000	2986.0000	2994.5000	1800
2025-03-17 04:00:00	2991.0000	3001.5000	2989.0000	3000.0000	214
2025-03-18 04:00:00	3006.3999	3039.2000	3004.3999	3035.1001	428
2025-03-19 04:00:00	3035.2000	3050.8999	3030.8999	3035.8999	175
2025-03-20 04:00:00	3047.3000	3047.3000	3034.3999	3040.0000	185
2025-03-21 04:00:00	3034.5000	3037.5000	3000.8999	3018.2000	151
2025-03-24 04:00:00	3024.3000	3024.3000	3006.0000	3013.1001	137
2025-03-25 04:00:00	3026.3999	3028.8000	3023.7000	3023.7000	74
2025-03-26 04:00:00	3033.2000	3033.2000	3019.5000	3020.8999	83
2025-03-27 04:00:00	3025.5000	3065.0000	3025.5000	3060.2000	124359
2025-03-28 04:00:00	3069.7000	3094.8999	3066.8000	3086.5000	31206
2025-03-31 04:00:00	3091.0000	3132.5000	3086.0000	3122.8000	3438
2025-04-01 04:00:00	3129.7000	3149.5000	3104.0000	3118.8999	1721
2025-04-02 04:00:00	3120.7000	3168.6001	3117.3999	3139.8999	5946
2025-04-03 04:00:00	3150.0000	3166.8999	3052.0000	3097.0000	5516
2025-04-04 04:00:00	3110.5000	3127.7000	3011.0000	3012.0000	3247
2025-04-07 04:00:00	3016.3999	3050.8000	2949.7000	2951.3000	4424
2025-04-08 04:00:00	2994.0000	3014.5000	2968.3999	2968.3999	3213
2025-04-09 04:00:00	2965.8000	3090.3999	2965.8000	3056.5000	2175
2025-04-10 04:00:00	3073.8999	3167.0000	3072.1001	3155.2000	3456
2025-04-11 04:00:00	3182.1001	3235.0000	3182.1001	3222.2000	862
2025-04-14 04:00:00	3215.5000	3228.8000	3194.5000	3204.8000	263
2025-04-15 04:00:00	3216.0000	3218.7000	3214.0000	3218.7000	390
2025-04-16 04:00:00	3238.3000	3334.8999	3238.3000	3326.6001	1874
2025-04-17 04:00:00	3345.0000	3345.0000	3287.8000	3308.7000	824
2025-04-21 04:00:00	3342.2000	3418.5000	3342.2000	3406.2000	78
2025-04-22 04:00:00	3422.2000	3485.6001	3361.7000	3400.8000	785
2025-04-23 04:00:00	3321.2000	3370.3000	3256.2000	3276.3000	331
2025-04-24 04:00:00	3305.3999	3353.8999	3304.8999	3332.0000	560
2025-04-25 04:00:00	3355.5000	3355.5000	3266.1001	3282.3999	162
2025-04-28 04:00:00	3284.5000	3332.5000	3284.5000	3332.5000	1300
2025-04-29 04:00:00	3340.0000	3340.0000	3299.8999	3318.8000	1278
2025-04-30 04:00:00	3318.7000	3318.7000	3268.0000	3305.0000	207
2025-05-01 04:00:00	3272.8999	3275.0000	3198.6001	3210.0000	2131
2025-05-02 04:00:00	3239.8999	3257.0000	3225.0000	3231.8999	1349
2025-05-05 04:00:00	3242.7000	3315.7000	3239.7000	3311.3000	244
2025-05-06 04:00:00	3365.5000	3430.8999	3356.8000	3411.3999	2357
2025-05-07 04:00:00	3418.7000	3418.7000	3364.7000	3381.3999	1080
2025-05-08 04:00:00	3390.0000	3390.0000	3288.7000	3296.6001	200
2025-05-09 04:00:00	3299.0000	3335.5000	3299.0000	3335.3999	216
2025-05-12 04:00:00	3300.7000	3300.7000	3205.0000	3220.0000	886
2025-05-13 04:00:00	3232.0000	3251.3999	3223.5000	3240.3000	2424
2025-05-14 04:00:00	3233.0000	3233.0000	3171.7000	3181.3999	3518
2025-05-15 04:00:00	3151.0000	3228.1001	3125.0000	3220.7000	652
2025-05-16 04:00:00	3227.7000	3228.1001	3173.8999	3182.0000	199
2025-05-19 04:00:00	3234.3999	3241.0000	3228.3000	3228.8999	266
2025-05-20 04:00:00	3219.0000	3293.2000	3207.5000	3280.3000	356
2025-05-21 04:00:00	3293.3999	3317.5000	3290.2000	3309.3000	979
2025-05-22 04:00:00	3327.3000	3328.0000	3282.7000	3292.3000	1210
2025-05-23 04:00:00	3328.0000	3363.6001	3323.5000	3363.6001	47
2025-05-27 04:00:00	3332.5000	3341.0000	3296.3000	3299.1001	189
2025-05-28 04:00:00	3293.6001	3293.6001	3293.6001	3293.6001	127758
2025-05-29 04:00:00	3283.7000	3328.8000	3242.3999	3317.1001	24370
2025-05-30 04:00:00	3315.1001	3318.0000	3270.8999	3288.8999	2213
2025-06-02 04:00:00	3296.8999	3380.8000	3296.8999	3370.6001	976
2025-06-03 04:00:00	3385.1001	3390.0000	3331.3000	3350.2000	6410
2025-06-04 04:00:00	3355.0000	3380.0000	3344.0000	3373.5000	207
2025-06-05 04:00:00	3371.5000	3400.0000	3343.7000	3350.7000	731
2025-06-06 04:00:00	3364.3000	3364.3000	3306.0000	3322.7000	81
2025-06-09 04:00:00	3315.6001	3334.6001	3290.0000	3332.1001	1887
2025-06-10 04:00:00	3302.0000	3344.3000	3302.0000	3320.8999	65
2025-06-11 04:00:00	3328.0000	3356.0000	3321.3000	3321.3000	2106
2025-06-12 04:00:00	3363.0000	3395.8999	3353.3999	3380.8999	1818
2025-06-13 04:00:00	3407.3000	3444.0000	3407.3000	3431.2000	499
2025-06-16 04:00:00	3442.0000	3442.0000	3385.3999	3396.3999	480
2025-06-17 04:00:00	3398.3000	3398.3000	3376.1001	3386.6001	1477
2025-06-18 04:00:00	3385.3000	3391.8999	3365.1001	3389.8000	0
2025-06-20 04:00:00	3350.0000	3372.8999	3341.0000	3368.1001	709
2025-06-23 04:00:00	3365.8999	3387.8999	3350.0000	3377.7000	30
2025-06-24 04:00:00	3358.0000	3358.0000	3301.0000	3317.3999	538
2025-06-25 04:00:00	3321.6001	3331.2000	3310.6001	3327.1001	373
2025-06-26 04:00:00	3332.3999	3333.5000	3332.3999	3333.5000	2058
2025-06-27 04:00:00	3318.7000	3318.7000	3253.8000	3273.7000	284
2025-06-30 04:00:00	3265.8999	3306.8999	3262.0000	3294.3999	1242
2025-07-01 04:00:00	3310.1001	3354.1001	3310.1001	3336.7000	371
2025-07-02 04:00:00	3329.0000	3357.5000	3329.0000	3348.0000	39
2025-07-03 13:30:00	3362.0000	3362.0000	3322.3000	3331.6001	0
2025-07-04 04:00:00	3342.0000	3342.0000	3332.5000	3332.5000	0
2025-07-07 04:00:00	3305.5000	3333.3000	3299.2000	3332.2000	254
2025-07-08 04:00:00	3330.3999	3334.5000	3287.6001	3307.0000	909
2025-07-09 04:00:00	3289.3999	3314.0000	3282.0000	3311.6001	114
2025-07-10 04:00:00	3323.6001	3330.5000	3311.6001	3317.3999	209
2025-07-11 04:00:00	3330.5000	3370.0000	3330.5000	3356.0000	776
2025-07-14 04:00:00	3367.0000	3375.5000	3350.0000	3351.5000	583
2025-07-15 04:00:00	3341.0000	3341.0000	3329.8000	3329.8000	210
2025-07-16 04:00:00	3341.2000	3352.8999	3329.5000	3352.5000	10
2025-07-17 04:00:00	3313.8000	3340.8000	3313.8000	3340.1001	667
2025-07-18 04:00:00	3338.2000	3353.0000	3338.2000	3353.0000	602
2025-07-21 04:00:00	3350.3000	3411.7000	3350.3000	3401.8999	53
2025-07-22 04:00:00	3411.0000	3441.0000	3395.6001	3439.2000	39
2025-07-23 04:00:00	3430.3000	3433.8999	3388.1001	3394.1001	63
2025-07-24 04:00:00	3367.0000	3371.0000	3367.0000	3371.0000	1175
2025-07-25 04:00:00	3344.0000	3345.0000	3326.5000	3334.0000	67
2025-07-28 04:00:00	3326.6001	3326.8000	3309.1001	3309.1001	533
2025-07-29 04:00:00	3323.3999	3323.3999	3323.3999	3323.3999	113144
2025-07-30 04:00:00	3325.8000	3331.8000	3263.8999	3295.8000	19252
2025-07-31 04:00:00	3272.8999	3312.0000	3272.8999	3293.2000	3704
2025-08-01 04:00:00	3286.2000	3360.6001	3281.0000	3347.7000	3420
2025-08-04 04:00:00	3367.6001	3386.5000	3347.3999	3374.3999	351
2025-08-05 04:00:00	3378.5000	3387.2000	3351.2000	3381.8999	915
2025-08-06 04:00:00	3380.7000	3383.3000	3361.3000	3380.0000	1492
2025-08-07 04:00:00	3384.8999	3422.8999	3384.8999	3400.3000	5464
2025-08-08 04:00:00	3438.8000	3477.0000	3402.5000	3439.1001	7657
2025-08-11 04:00:00	3383.8999	3383.8999	3349.2000	3353.1001	1488
2025-08-12 04:00:00	3356.2000	3356.2000	3330.1001	3348.8999	1611
2025-08-13 04:00:00	3358.8000	3363.3999	3358.7000	3358.7000	1011
2025-08-14 04:00:00	3346.8000	3356.0000	3328.8999	3335.2000	592
2025-08-15 04:00:00	3346.8000	3346.8000	3335.8999	3336.0000	1185
2025-08-18 04:00:00	3333.5000	3347.8000	3331.7000	3331.7000	646
2025-08-19 04:00:00	3330.2000	3343.5000	3313.3999	3313.3999	1655
2025-08-20 04:00:00	3310.6001	3343.5000	3310.1001	3343.3999	1213
2025-08-21 04:00:00	3349.3999	3349.3999	3326.5000	3336.8999	142
2025-08-22 04:00:00	3349.3999	3377.7000	3349.3999	3374.3999	1240
2025-08-25 04:00:00	3366.0000	3378.0000	3366.0000	3373.8000	1044
2025-08-26 04:00:00	3378.8999	3396.5000	3371.1001	3388.6001	905
2025-08-27 04:00:00	3397.0000	3404.6001	3382.0000	3404.6001	3222
2025-08-28 04:00:00	3409.0000	3434.6001	3400.0000	3431.8000	1035
2025-08-29 04:00:00	3432.5000	3475.6001	3426.6001	3473.7000	0
2025-09-02 04:00:00	3485.7000	3559.2000	3485.7000	3549.3999	658
2025-09-03 04:00:00	3554.8000	3593.7000	3553.2000	3593.2000	72
2025-09-04 04:00:00	3549.8999	3573.6001	3549.8999	3565.8000	237
2025-09-05 04:00:00	3567.8000	3613.2000	3567.8000	3613.2000	925
2025-09-08 04:00:00	3594.5000	3641.0000	3590.0000	3638.1001	97
2025-09-09 04:00:00	3647.1001	3670.3999	3627.8000	3643.3000	535
2025-09-10 04:00:00	3625.0000	3655.3999	3620.8000	3643.6001	136
2025-09-11 04:00:00	3632.8999	3636.8999	3618.3999	3636.8999	307
2025-09-12 04:00:00	3655.5000	3656.8000	3643.0000	3649.3999	1300
2025-09-15 04:00:00	3640.0000	3686.3999	3635.1001	3682.2000	210
2025-09-16 04:00:00	3681.3999	3698.6001	3681.3999	3688.8999	373
2025-09-17 04:00:00	3669.0000	3685.2000	3661.6001	3681.8000	183
2025-09-18 04:00:00	3654.6001	3667.3999	3637.0000	3643.7000	80
2025-09-19 04:00:00	3659.0000	3685.8999	3658.2000	3671.5000	211
2025-09-22 04:00:00	3688.2000	3748.2000	3688.0000	3740.7000	410
2025-09-23 04:00:00	3747.0000	3786.0000	3740.0000	3780.6001	627
2025-09-24 04:00:00	3769.8000	3772.5000	3732.1001	3732.1001	588
2025-09-25 04:00:00	3742.8000	3756.0000	3724.7000	3736.8999	1899
2025-09-26 04:00:00	3775.3000	3775.3000	3775.3000	3775.3000	19308
2025-09-29 04:00:00	3754.8000	3827.6001	3754.8000	3820.8999	8860
2025-09-30 04:00:00	3827.5000	3865.5000	3793.3999	3840.8000	1611
2025-10-01 04:00:00	3863.5000	3891.8999	3853.3000	3867.5000	1778
2025-10-02 04:00:00	3856.2000	3888.6001	3823.7000	3839.7000	3418
2025-10-03 04:00:00	3855.2000	3886.8000	3853.7000	3880.8000	392
2025-10-06 04:00:00	3931.3000	3960.0000	3926.8000	3948.5000	1267
2025-10-07 04:00:00	3959.3999	3981.5000	3940.0000	3976.6001	2903
2025-10-08 04:00:00	3987.2000	4049.2000	3987.2000	4043.3000	2179
2025-10-09 04:00:00	4011.2000	4046.2000	3940.0000	3946.3000	3130
2025-10-10 04:00:00	3957.0000	4012.0000	3945.5000	3975.8999	1697
2025-10-13 04:00:00	4016.0000	4111.0000	4016.0000	4108.6001	1697
2025-10-14 04:00:00	4131.7002	4160.1001	4085.8000	4138.7002	2424
2025-10-15 04:00:00	4145.0000	4210.6001	4145.0000	4176.8999	3287
2025-10-16 04:00:00	4198.7998	4307.0000	4196.6001	4280.2002	4705
2025-10-17 04:00:00	4354.7002	4358.0000	4182.2002	4189.8999	4060
2025-10-20 04:00:00	4244.1001	4356.6001	4214.6001	4336.3999	1750
2025-10-21 04:00:00	4332.7002	4332.7002	4087.7000	4087.7000	2943
2025-10-22 04:00:00	4109.7002	4148.5000	4006.0000	4044.3999	1237
2025-10-23 04:00:00	4078.3999	4136.7998	4070.7000	4125.5000	354
2025-10-24 04:00:00	4117.5000	4120.6001	4074.8999	4118.3999	123
2025-10-27 04:00:00	4060.0000	4078.6001	3971.3000	4001.8999	220
2025-10-28 04:00:00	3929.7000	3966.2000	3923.6001	3966.2000	219
2025-10-29 04:00:00	3983.7000	3983.7000	3983.7000	3983.7000	1344
2025-10-30 04:00:00	3960.0000	4027.2000	3913.7000	4001.3000	935
2025-10-31 04:00:00	4034.5000	4034.5000	3976.6001	3982.2000	559
2025-11-03 05:00:00	3976.2000	4020.0000	3959.0000	4000.3000	0
2025-11-04 05:00:00	3994.2000	3995.3999	3927.3999	3947.7000	657
2025-11-05 05:00:00	3929.8999	3983.5000	3929.8999	3980.3000	559
2025-11-06 05:00:00	4004.0000	4007.5000	3979.8999	3979.8999	650
2025-11-07 05:00:00	3980.8000	3999.3999	3980.8000	3999.3999	245
2025-11-10 05:00:00	4060.0000	4111.7998	4060.0000	4111.7998	189
2025-11-11 05:00:00	4140.1001	4140.1001	4106.7998	4106.7998	569
2025-11-12 05:00:00	4115.6001	4204.3999	4102.8999	4204.3999	396
2025-11-13 05:00:00	4228.7002	4228.7002	4163.7002	4186.8999	167
2025-11-14 05:00:00	4197.7002	4197.8999	4047.0000	4087.6001	483
2025-11-17 05:00:00	4070.0000	4099.5000	4019.3999	4068.3000	1552
2025-11-18 05:00:00	4037.3999	4063.3999	4035.6001	4061.3000	1375
2025-11-19 05:00:00	4086.1001	4122.7002	4072.0000	4077.7000	486
2025-11-20 05:00:00	4045.0000	4090.3999	4040.2000	4056.5000	202
2025-11-21 05:00:00	4031.8000	4085.2000	4031.8000	4076.7000	171
2025-11-24 05:00:00	4060.5000	4091.8999	4060.5000	4091.8999	591
2025-11-25 05:00:00	4139.2002	4139.2002	4139.2002	4139.2002	132704
2025-11-26 05:00:00	4128.6001	4171.0000	4127.5000	4165.2002	25088
2025-11-28 14:30:00	4163.3999	4223.8999	4140.0000	4218.2998	3615
2025-12-01 05:00:00	4218.5000	4262.1001	4214.8999	4239.2998	913
2025-12-02 05:00:00	4230.5000	4230.5000	4167.0000	4186.6001	366
2025-12-03 05:00:00	4215.7002	4234.1001	4195.7002	4199.2998	1897
2025-12-04 05:00:00	4211.0000	4211.7998	4175.0000	4211.7998	616
2025-12-05 05:00:00	4204.1001	4255.7002	4194.5000	4212.8999	533
2025-12-08 05:00:00	4205.5000	4215.7998	4175.5000	4187.2002	318
2025-12-09 05:00:00	4190.7002	4219.7002	4177.7002	4206.7002	660
2025-12-10 05:00:00	4209.0000	4234.5000	4183.6001	4196.3999	692
2025-12-11 05:00:00	4224.0000	4286.8999	4214.2998	4285.5000	528
2025-12-12 05:00:00	4276.3999	4355.0000	4260.0000	4300.1001	1531
2025-12-15 05:00:00	4308.2998	4349.2002	4292.8999	4306.7002	854
2025-12-16 05:00:00	4270.5000	4321.3999	4270.5000	4304.5000	1796
2025-12-17 05:00:00	4308.5000	4351.3999	4308.5000	4347.5000	2169
2025-12-18 05:00:00	4331.0000	4348.1001	4328.2002	4339.5000	705
2025-12-19 05:00:00	4350.1001	4361.3999	4350.1001	4361.3999	1065
2025-12-22 05:00:00	4371.1001	4447.6001	4371.1001	4444.6001	449
2025-12-23 05:00:00	4503.2998	4503.7998	4450.3999	4482.7998	694
2025-12-24 14:30:00	4500.7002	4503.3999	4468.3999	4480.6001	500
2025-12-26 05:00:00	4512.0000	4556.2998	4502.0000	4529.1001	263
2025-12-29 05:00:00	4371.5000	4379.0000	4325.1001	4325.1001	2044
2025-12-30 05:00:00	4346.3999	4403.6001	4338.0000	4370.1001	1837
2025-12-31 05:00:00	4333.5000	4363.7998	4285.0000	4325.6001	785
2026-01-02 05:00:00	4350.6001	4350.6001	4314.3999	4314.3999	589
2026-01-05 05:00:00	4386.7002	4443.5000	4384.7998	4436.8999	618
2026-01-06 05:00:00	4449.7002	4482.2002	4449.0000	4482.2002	459
2026-01-07 05:00:00	4450.0000	4450.0000	4449.2998	4449.2998	972
2026-01-08 05:00:00	4460.2002	4461.2998	4418.0000	4449.7002	2423
2026-01-09 05:00:00	4473.0000	4490.2998	4473.0000	4490.2998	237
2026-01-12 05:00:00	4579.1001	4620.0000	4577.7998	4604.2998	156
2026-01-13 05:00:00	4578.6001	4617.1001	4578.6001	4589.2002	239
2026-01-14 05:00:00	4610.2998	4635.0000	4608.2002	4626.2998	1313
2026-01-15 05:00:00	4612.8999	4616.2998	4612.8999	4616.2998	4358
2026-01-16 05:00:00	4608.0000	4608.0000	4588.3999	4588.3999	352
2026-01-20 05:00:00	4662.2002	4764.0000	4661.7998	4759.6001	175
2026-01-21 05:00:00	4863.5000	4872.2998	4771.5000	4831.7998	1706
2026-01-22 05:00:00	4791.8999	4908.7998	4791.8999	4908.7998	1175
2026-01-23 05:00:00	4949.6001	4976.2002	4936.0000	4976.2002	169
2026-01-26 05:00:00	5081.5000	5095.6001	5052.2002	5079.7002	180
2026-01-27 05:00:00	5079.8999	5079.8999	5079.8999	5079.8999	34
2026-01-28 05:00:00	5301.6001	5301.6001	5301.6001	5301.6001	112054
2026-01-29 05:00:00	5415.7002	5586.2002	5097.5000	5318.3999	23709
2026-01-30 05:00:00	5376.3999	5440.5000	4700.0000	4713.8999	8374
2026-02-02 05:00:00	4807.7002	4855.7998	4400.0000	4622.5000	3588
2026-02-03 05:00:00	4680.0000	4984.6001	4674.2998	4903.7002	1213
2026-02-04 05:00:00	4923.2998	5082.2002	4897.8999	4920.3999	3886
2026-02-05 05:00:00	5008.7002	5012.2998	4786.0000	4861.3999	793
2026-02-06 05:00:00	4762.0000	4958.5000	4655.0000	4951.2002	1386
2026-02-09 05:00:00	5017.3999	5065.7002	4979.1001	5050.8999	170
2026-02-10 05:00:00	5013.5000	5029.0000	5002.7002	5003.7998	281
2026-02-11 05:00:00	5049.8999	5111.2998	5041.2998	5071.6001	2681
2026-02-12 05:00:00	5060.3999	5078.1001	4892.0000	4923.7002	484
2026-02-13 05:00:00	4953.0000	5043.8999	4946.2002	5022.0000	232
2026-02-17 05:00:00	5020.0000	5020.0000	4847.7998	4882.8999	540
2026-02-18 05:00:00	4872.2002	4987.0000	4869.5000	4986.5000	544
2026-02-19 05:00:00	5014.7002	5014.7002	4975.8999	4975.8999	37
2026-02-20 05:00:00	5039.5000	5072.7002	5039.5000	5059.2998	134
2026-02-23 05:00:00	5120.2998	5211.6001	5120.2998	5204.7002	779
2026-02-24 05:00:00	5158.7998	5159.0000	5112.7002	5155.7998	88
2026-02-25 05:00:00	5166.0000	5206.3999	5166.0000	5206.3999	1772
2026-02-26 05:00:00	5177.2002	5199.2002	5143.8999	5176.5000	1520
2026-02-27 05:00:00	5186.7002	5280.0000	5176.7002	5230.5000	354
2026-03-02 05:00:00	5346.6001	5405.0000	5266.2998	5294.3999	72
2026-03-03 05:00:00	5298.7002	5303.7998	5023.0000	5107.3999	1776
2026-03-04 05:00:00	5130.7002	5180.2002	5117.2002	5120.2002	679
2026-03-05 05:00:00	5169.5000	5169.5000	5054.7002	5065.2998	1701
2026-03-06 05:00:00	5121.0000	5146.1001	5076.1001	5146.1001	148
2026-03-09 04:00:00	5155.0000	5160.6001	5077.7002	5091.5000	639
2026-03-10 04:00:00	5138.2002	5229.7002	5137.6001	5229.7002	4300
2026-03-11 04:00:00	5190.7998	5191.2998	5167.3999	5167.3999	633
2026-03-12 04:00:00	5137.2002	5137.2002	5115.7998	5115.7998	410
2026-03-13 04:00:00	5089.6001	5117.0000	5009.5000	5052.5000	479
2026-03-16 04:00:00	5001.6001	5010.6001	4994.0000	4994.0000	130
2026-03-17 04:00:00	5017.6001	5017.6001	4994.2002	5001.0000	239
2026-03-18 04:00:00	4949.6001	4949.6001	4821.7002	4889.8999	1461
2026-03-19 04:00:00	4830.2998	4830.2998	4554.0000	4600.7002	627
2026-03-20 04:00:00	4686.8999	4686.8999	4570.3999	4570.3999	235
2026-03-23 04:00:00	4353.0000	4480.3999	4100.7998	4404.1001	544
2026-03-24 04:00:00	4338.7002	4399.2998	4325.2002	4399.2998	378
2026-03-25 04:00:00	4549.0000	4551.8999	4541.7998	4549.7998	388
2026-03-26 04:00:00	4441.5000	4443.1001	4375.5000	4375.5000	1070
2026-03-27 04:00:00	4492.0000	4492.0000	4492.0000	4492.0000	74348
2026-03-30 04:00:00	4482.7998	4579.1001	4413.3999	4526.0000	10816
2026-03-31 04:00:00	4510.0000	4684.1001	4508.6001	4647.6001	4264
2026-04-01 04:00:00	4668.3999	4789.1001	4668.0000	4783.2002	1637
2026-04-02 04:00:00	4764.8999	4784.3999	4558.8999	4651.5000	0
2026-04-06 04:00:00	4656.1001	4689.6001	4605.0000	4656.7998	148
2026-04-07 04:00:00	4624.8999	4676.2998	4608.0000	4657.1001	327
2026-04-08 04:00:00	4760.0000	4851.0000	4738.7998	4749.5000	405
2026-04-09 04:00:00	4711.0000	4799.1001	4711.0000	4792.2002	1277
2026-04-10 04:00:00	4745.8999	4791.0000	4744.8999	4761.8999	812
2026-04-13 04:00:00	4704.0000	4742.3999	4704.0000	4742.3999	32
2026-04-14 04:00:00	4770.1001	4841.6001	4770.1001	4825.0000	288
2026-04-15 04:00:00	4843.6001	4843.6001	4798.0000	4800.0000	182
2026-04-16 04:00:00	4810.8999	4810.8999	4785.3999	4785.3999	805
2026-04-17 04:00:00	4771.6001	4879.7002	4767.2002	4857.6001	1902
2026-04-20 04:00:00	4793.8999	4811.0000	4770.0000	4806.6001	724
2026-04-21 04:00:00	4698.3999	4705.0000	4676.3999	4698.3999	1197
2026-04-22 04:00:00	4754.2002	4754.2002	4732.5000	4732.5000	765
2026-04-23 04:00:00	4711.5000	4732.3999	4705.1001	4705.1001	292
2026-04-24 04:00:00	4695.0000	4722.2998	4657.5000	4722.2998	45
2026-04-27 04:00:00	4707.6001	4711.1001	4675.3999	4675.3999	538
2026-04-28 04:00:00	4680.8999	4680.8999	4591.5000	4591.5000	2660
2026-04-29 04:00:00	4598.6001	4601.6001	4515.7002	4545.2002	507
2026-04-30 04:00:00	4561.8999	4636.7002	4561.8999	4614.7002	77
2026-05-01 04:00:00	4636.7002	4636.7002	4581.7002	4629.8999	113
2026-05-04 04:00:00	4581.2002	4581.2002	4512.7002	4519.5000	20
2026-05-05 04:00:00	4547.6001	4580.5000	4547.6001	4555.7998	426
2026-05-06 04:00:00	4663.6001	4712.6001	4663.6001	4681.8999	212
2026-05-07 04:00:00	4704.7998	4736.2002	4699.7998	4699.7998	254
2026-05-08 04:00:00	4714.3999	4724.7998	4713.6001	4720.3999	120
2026-05-11 04:00:00	4729.5000	4729.5000	4718.7002	4718.7002	36
2026-05-12 04:00:00	4762.2002	4765.2002	4677.6001	4677.6001	93
2026-05-13 04:00:00	4722.7002	4722.7002	4679.5000	4697.7002	228
2026-05-14 04:00:00	4678.1001	4678.1001	4650.2998	4678.1001	5
2026-05-15 04:00:00	4615.2002	4615.2002	4524.2998	4555.7998	607
2026-05-18 04:00:00	4563.0000	4570.2998	4538.7002	4552.5000	38
2026-05-19 04:00:00	4551.7002	4552.6001	4506.2002	4506.2998	875
2026-05-20 04:00:00	4502.6001	4531.2998	4465.1001	4531.2998	981
2026-05-21 04:00:00	4507.2002	4539.7998	4503.7998	4539.7998	426
2026-05-22 04:00:00	4519.5000	4530.2998	4519.1001	4521.0000	40
2026-05-26 04:00:00	4572.7998	4572.7998	4500.3999	4500.3999	1261
2026-05-27 04:00:00	4439.7002	4447.5000	4439.7002	4447.5000	81062
2026-05-28 04:00:00	4453.6001	4512.6001	4363.5000	4499.2998	16427
2026-05-29 04:00:00	4494.0000	4591.7998	4487.8999	4560.5000	1883
2026-06-01 04:00:00	4523.5000	4541.3999	4449.7002	4475.2002	835
2026-06-02 04:00:00	4488.0000	4529.5000	4474.2002	4489.1001	456
2026-06-03 04:00:00	4471.2002	4471.7002	4427.2002	4436.7002	2913
2026-06-04 04:00:00	4447.3999	4509.8999	4447.3999	4475.7998	480
2026-06-05 04:00:00	4472.2998	4472.2998	4319.1001	4337.1001	4062
2026-06-08 04:00:00	4324.2002	4340.8999	4284.6001	4335.8999	357
2026-06-09 04:00:00	4332.7998	4344.5000	4240.2002	4260.0000	1292
2026-06-10 04:00:00	4200.0000	4206.7002	4100.0000	4108.2002	525
2026-06-11 04:00:00	4042.8999	4209.7998	4031.0000	4090.3000	1938
2026-06-12 04:00:00	4208.2998	4225.2998	4173.2002	4215.0000	1167
2026-06-15 04:00:00	4271.2002	4362.0000	4269.1001	4328.0000	1666
2026-06-16 04:00:00	4309.5000	4345.7998	4309.5000	4330.8999	158
2026-06-17 04:00:00	4339.0000	4377.0000	4296.0000	4358.8999	1961
2026-06-18 04:00:00	4279.7998	4323.2002	4223.7002	4224.1001	738
2026-06-22 04:00:00	4138.7998	4216.3999	4134.7998	4181.8999	1197
2026-06-23 04:00:00	4127.1001	4135.2002	4118.5000	4129.8999	252
2026-06-24 04:00:00	4104.3999	4104.7002	3963.3000	3990.3000	353
2026-06-25 04:00:00	3988.3999	4030.5000	3986.7000	4030.5000	2724
2026-06-26 04:00:00	4078.7000	4078.7000	4078.7000	4078.7000	1431
2026-06-29 04:00:00	4057.5000	4070.0000	4003.2000	4022.3000	785
2026-06-30 04:00:00	4002.6001	4049.7000	3962.5000	4022.8999	1108
2026-07-01 04:00:00	4013.1001	4100.0000	3963.0000	4068.3000	770
2026-07-02 04:00:00	4067.5000	4140.1001	4062.0000	4112.7002	228
2026-07-06 04:00:00	4175.3999	4199.7002	4134.2002	4155.1001	1024
2026-07-07 04:00:00	4126.5000	4167.2002	4107.2002	4145.2998	53
2026-07-08 04:00:00	4116.2998	4120.2998	4053.0000	4070.8999	292
2026-07-09 04:00:00	4066.3999	4130.6001	4064.2000	4130.6001	13
2026-07-10 04:00:00	4122.2998	4125.7998	4090.6001	4104.1001	389
2026-07-13 04:00:00	4081.0000	4081.0000	3985.8999	3997.0000	679
2026-07-14 04:00:00	3995.7000	4091.2000	3986.5000	4061.1001	1281
2026-07-15 04:00:00	4049.1001	4070.1001	4019.3999	4044.0000	374
2026-07-16 04:00:00	4030.5000	4030.5000	3972.6001	3985.6001	812
2026-07-17 04:00:00	3975.5000	4017.2000	3964.2000	4012.7000	141
2026-07-20 04:00:00	4003.3999	4018.8999	4002.7000	4010.3000	231
2026-07-21 04:00:00	4002.1001	4071.1001	3999.7000	4071.1001	87
2026-07-22 04:00:00	4096.2002	4152.1001	4096.2002	4146.8999	133
2026-07-23 04:00:00	4129.8999	4130.8999	4046.6001	4046.6001	59
2026-07-24 04:00:00	4067.6001	4068.0000	4067.6001	4067.6001	2
2026-07-27 04:00:00	4090.1001	4107.8999	4072.7000	4074.5000	36
2026-07-28 04:00:00	4025.7000	4036.3000	4025.7000	4036.3000	248
2026-07-29 04:00:00	4018.1001	4034.7000	4017.8999	4034.7000	89664
2026-07-30 04:00:00	4060.7000	4118.5000	4028.5000	4100.1001	16985
2026-07-31 04:00:00	4102.3999	4102.3999	4022.3999	4049.1001	1166
2026-08-03 04:00:00	4083.3999	4083.5000	4026.5000	4033.7000	698
2026-08-04 04:00:00	4050.5000	4095.3999	4048.8000	4095.3999	426
2026-08-05 04:00:00	4130.0000	4262.2002	4129.5000	4245.7998	1349
2026-08-06 04:00:00	4297.0000	4297.0000	4228.0000	4242.0000	3101
2026-08-07 04:00:00	4277.0000	4371.5000	4274.0000	4340.7002	422
2026-08-10 04:00:00	4336.1001	4390.1001	4336.1001	4361.7998	1303
2026-08-11 04:00:00	4408.6001	4408.6001	4365.1001	4383.0000	204
2026-08-12 04:00:00	4406.5000	4434.0000	4406.2998	4408.8999	660
2026-08-13 04:00:00	4403.5000	4445.0000	4350.0000	4363.6001	1491
2026-08-14 04:00:00	4322.1001	4397.1001	4315.0000	4380.3999	673
2026-08-17 04:00:00	4394.7998	4428.5000	4386.5000	4417.7998	716
2026-08-18 04:00:00	4415.2002	4434.1001	4330.7002	4366.0000	1283
2026-08-19 04:00:00	4339.7998	4524.1001	4327.6001	4489.3999	1336
2026-08-20 04:00:00	4506.7998	4530.0000	4486.0000	4516.2998	478
2026-08-21 04:00:00	4560.0000	4624.1001	4560.0000	4624.1001	311
2026-08-24 04:00:00	4638.0000	4670.8999	4635.1001	4640.7998	1202
2026-08-25 04:00:00	4630.5000	4638.1001	4626.2002	4638.1001	321
2026-08-26 04:00:00	4615.2998	4615.2998	4598.2002	4598.2002	1051
2026-08-27 04:00:00	4609.7002	4609.7002	4609.7002	4609.7002	5558
2026-08-28 04:00:00	4599.2998	4625.5000	4451.7998	4478.1001	1758
2026-08-31 04:00:00	4430.0000	4466.8999	4410.8999	4431.1001	360
2026-09-01 04:00:00	4402.0000	4402.0000	4329.1001	4348.0000	191
2026-09-02 04:00:00	4328.0000	4390.2002	4292.2002	4366.2998	72
2026-09-03 04:00:00	4426.2998	4510.0000	4426.0000	4491.7002	16
2026-09-04 04:00:00	4429.7998	4429.7998	4429.7998	4429.7998	145
2026-09-08 04:00:00	4391.8999	4406.1001	4384.3999	4393.8999	215
2026-09-09 04:00:00	4398.7002	4416.0000	4397.3999	4416.0000	86
2026-09-10 04:00:00	4418.8999	4420.0000	4330.7002	4364.5000	73
2026-09-11 04:00:00	4365.7998	4389.5000	4365.7998	4366.2002	73
