time,open,high,low,close,volume
1659412800,1767.870000,1772.300000,1759.610000,1768.210000,2.1609
1659427200,1762.770000,1772.290000,1759.360000,1766.130000,3.2130
1659441600,1765.310000,1782.070000,1765.310000,1773.150000,3.2153
1659456000,1772.570000,1776.090000,1757.320000,1761.130000,3.6035
1659470400,1763.020000,1767.070000,1747.000000,1751.910000,1.9682
1659484800,1756.740000,1757.030000,1742.800000,1755.330000,3.8424
1659499200,1757.010000,1771.620000,1753.160000,1760.430000,1.2138
1659513600,1764.640000,1772.300000,1755.090000,1757.160000,3.8676
1659528000,1759.990000,1760.160000,1746.530000,1749.710000,7.8407
1659542400,1747.570000,1756.420000,1747.290000,1753.540000,2.3231
1659556800,1753.630000,1757.040000,1748.610000,1750.060000,1.8116
1659571200,1749.580000,1757.310000,1748.670000,1755.880000,2.2355
1659585600,1755.950000,1767.720000,1755.130000,1761.490000,2.8525
1659600000,1763.390000,1774.580000,1759.610000,1771.430000,3.4475
1659614400,1772.220000,1775.000000,1767.820000,1773.430000,5.5209
1659628800,1774.990000,1783.320000,1772.240000,1781.550000,14.5746
1659643200,1783.310000,1783.320000,1774.820000,1780.720000,1.9114
1659657600,1776.170000,1783.320000,1774.820000,1779.780000,1.4136
1659672000,1778.890000,1783.320000,1774.820000,1777.870000,1.7989
1659686400,1777.620000,1783.210000,1774.810000,1780.880000,1.9761
1659700800,1783.310000,1783.320000,1756.330000,1765.710000,4.5687
1659715200,1764.000000,1766.650000,1761.120000,1763.300000,2.3782
1659729600,1763.250000,1767.380000,1761.120000,1766.340000,1.4569
1659744000,1764.090000,1767.970000,1761.120000,1764.230000,1.2080
1659758400,1764.030000,1766.600000,1761.150000,1763.780000,0.9113
1659772800,1765.750000,1767.630000,1761.200000,1764.060000,0.9082
1659787200,1764.350000,1767.170000,1762.000000,1764.570000,0.7875
1659801600,1764.710000,1767.520000,1761.580000,1764.610000,1.4204
1659816000,1764.740000,1767.630000,1761.120000,1761.750000,2.1940
1659830400,1761.950000,1764.540000,1760.580000,1762.420000,1.9076
1659844800,1763.050000,1764.540000,1757.720000,1760.410000,1.2134
1659859200,1760.780000,1763.810000,1757.040000,1762.280000,1.4891
1659873600,1763.790000,1763.790000,1760.110000,1762.320000,1.1804
1659888000,1763.780000,1763.790000,1760.700000,1762.130000,1.2075
1659902400,1763.770000,1763.810000,1760.730000,1762.570000,1.4121
1659916800,1761.970000,1763.810000,1760.570000,1762.120000,1.5877
1659931200,1762.080000,1766.970000,1760.570000,1766.970000,1.2794
1659945600,1766.380000,1774.000000,1763.730000,1770.550000,4.7450
1659960000,1771.170000,1775.660000,1769.490000,1773.880000,4.7197
1659974400,1774.060000,1777.180000,1771.140000,1774.210000,1.1530
1659988800,1777.170000,1777.180000,1772.000000,1774.970000,0.8819
1660003200,1777.170000,1777.180000,1767.620000,1771.120000,1.3658
1660017600,1773.510000,1773.520000,1769.260000,1771.480000,1.6953
1660032000,1771.480000,1776.970000,1770.070000,1774.130000,3.0723
1660046400,1774.150000,1787.560000,1772.670000,1782.350000,4.1291
1660060800,1783.230000,1785.740000,1780.710000,1783.820000,1.2678
1660075200,1783.530000,1785.750000,1781.160000,1783.830000,1.0374
1660089600,1781.440000,1787.850000,1781.430000,1785.070000,2.3409
1660104000,1783.920000,1786.150000,1780.080000,1783.620000,0.9907
1660118400,1782.940000,1785.340000,1780.030000,1782.940000,1.3479
1660132800,1780.760000,1789.000000,1780.750000,1785.400000,3.0221
1660147200,1788.210000,1788.230000,1783.010000,1784.460000,2.1721
1660161600,1786.010000,1786.240000,1781.160000,1783.900000,1.3320
1660176000,1783.550000,1786.230000,1780.020000,1781.830000,2.5548
1660190400,1784.310000,1784.690000,1780.030000,1782.270000,1.9041
1660204800,1780.880000,1784.810000,1780.030000,1783.140000,1.6497
1660219200,1783.450000,1787.010000,1780.030000,1782.540000,2.8394
1660233600,1784.400000,1784.670000,1780.030000,1781.390000,2.7151
1660248000,1780.820000,1783.400000,1774.450000,1774.580000,21.6277
1660262400,1775.000000,1777.750000,1767.030000,1776.190000,5.6921
1660276800,1773.000000,1782.350000,1772.990000,1777.620000,5.0376
1660291200,1775.670000,1781.720000,1771.760000,1773.970000,4.9177
1660305600,1773.290000,1783.850000,1771.770000,1781.610000,17.5977
1660320000,1782.450000,1785.410000,1779.260000,1783.740000,25.2279
1660334400,1781.810000,1787.010000,1779.260000,1785.770000,6.4758
1660348800,1783.990000,1785.770000,1782.610000,1785.120000,2.6818
1660363200,1784.480000,1785.770000,1781.910000,1784.550000,2.4810
1660377600,1785.760000,1786.140000,1782.090000,1786.120000,4.6216
1660392000,1782.780000,1786.140000,1782.310000,1784.620000,6.0694
1660406400,1783.880000,1786.140000,1782.310000,1784.170000,18.7041
1660420800,1783.340000,1786.140000,1780.100000,1782.350000,64.5749
1660435200,1782.510000,1786.140000,1782.080000,1785.570000,3.3554
1660449600,1784.980000,1787.010000,1783.400000,1783.400000,0.6790
1660464000,1785.440000,1787.010000,1783.390000,1785.780000,1.9065
1660478400,1785.380000,1787.000000,1784.090000,1787.000000,1.1584
1660492800,1785.500000,1787.010000,1784.090000,1784.100000,1.0704
1660507200,1784.800000,1785.550000,1784.100000,1784.820000,0.8210
1660521600,1784.900000,1787.000000,1784.850000,1787.000000,1.7900
1660536000,1786.840000,1787.540000,1785.220000,1785.230000,2.1393
1660550400,1785.230000,1787.540000,1772.990000,1777.480000,5.6229
1660564800,1777.500000,1781.370000,1772.660000,1777.800000,2.1357
1660579200,1775.070000,1778.410000,1767.020000,1776.360000,3.4518
1660593600,1773.350000,1778.470000,1769.000000,1770.080000,1.0336
1660608000,1773.660000,1778.460000,1770.010000,1776.270000,0.8788
1660622400,1776.070000,1778.260000,1773.770000,1777.670000,0.8223
1660636800,1776.010000,1776.010000,1762.470000,1764.870000,5.4764
1660651200,1764.880000,1764.880000,1760.010000,1762.310000,0.4720
1660665600,1761.450000,1764.040000,1760.000000,1762.740000,0.9174
1660680000,1762.620000,1764.110000,1760.100000,1760.820000,0.8226
1660694400,1762.800000,1764.110000,1760.640000,1763.000000,0.8689
1660708800,1762.900000,1766.790000,1761.700000,1763.650000,4.9230
1660723200,1763.700000,1765.570000,1760.000000,1760.820000,2.1902
1660737600,1760.960000,1763.640000,1760.000000,1760.010000,1.1637
1660752000,1760.000000,1761.270000,1758.190000,1758.440000,1.4530
1660766400,1758.500000,1758.800000,1754.590000,1757.910000,1.8303
1660780800,1757.730000,1757.920000,1754.590000,1755.090000,3.1443
1660795200,1755.290000,1757.020000,1750.450000,1752.800000,0.7325
1660809600,1755.980000,1758.800000,1751.000000,1757.530000,3.0805
1660824000,1758.790000,1758.800000,1750.770000,1751.660000,3.6387
1660838400,1755.750000,1755.940000,1747.810000,1748.750000,3.3615
1660852800,1750.820000,1753.330000,1745.310000,1745.370000,10.4999
1660867200,1747.970000,1750.250000,1743.400000,1743.400000,3.0763
1660881600,1745.140000,1746.960000,1736.870000,1739.830000,8.8925
1660896000,1740.020000,1742.650000,1736.280000,1739.630000,4.1574
1660910400,1738.270000,1739.640000,1736.280000,1739.620000,2.2828
1660924800,1739.640000,1739.640000,1733.000000,1733.550000,3.2917
1660939200,1735.520000,1738.940000,1733.000000,1738.490000,4.4287
1660953600,1736.400000,1738.490000,1735.440000,1736.640000,2.0561
1660968000,1737.690000,1738.480000,1735.440000,1736.910000,0.8174
1660982400,1737.330000,1738.490000,1735.440000,1735.480000,1.3126
1660996800,1736.780000,1738.950000,1735.430000,1738.600000,1.9740
1661011200,1737.200000,1738.760000,1735.430000,1736.850000,2.0609
1661025600,1736.800000,1738.290000,1735.440000,1736.750000,2.3789
1661040000,1736.580000,1738.280000,1735.430000,1738.240000,0.7052
1661054400,1738.250000,1738.250000,1735.350000,1738.250000,1.1627
1661068800,1736.540000,1738.260000,1735.360000,1738.080000,1.4806
1661083200,1737.070000,1738.260000,1735.350000,1736.720000,0.8558
1661097600,1738.250000,1738.260000,1735.360000,1738.180000,0.6870
1661112000,1738.180000,1738.260000,1735.540000,1738.070000,1.1028
1661126400,1738.160000,1738.260000,1735.540000,1735.550000,1.4646
1661140800,1736.790000,1738.260000,1727.380000,1727.380000,1.6022
1661155200,1730.890000,1733.120000,1724.140000,1727.340000,12.0046
1661169600,1726.590000,1727.920000,1724.130000,1727.490000,1.9554
1661184000,1726.270000,1728.760000,1724.130000,1726.870000,12.3490
1661198400,1726.450000,1735.990000,1725.020000,1728.800000,6.5256
1661212800,1727.690000,1730.450000,1727.690000,1727.720000,0.9973
1661227200,1730.450000,1730.450000,1727.680000,1730.450000,0.9821
1661241600,1730.270000,1730.460000,1727.690000,1728.860000,2.0926
1661256000,1729.200000,1740.450000,1727.680000,1738.330000,5.1261
1661270400,1738.930000,1739.890000,1734.560000,1735.770000,2.0912
1661284800,1735.810000,1737.370000,1734.560000,1735.940000,1.0049
1661299200,1735.350000,1737.370000,1732.240000,1734.880000,3.6551
1661313600,1734.910000,1737.000000,1732.850000,1735.710000,1.6606
1661328000,1735.890000,1741.140000,1735.710000,1736.880000,1.2612
1661342400,1736.820000,1744.070000,1736.160000,1742.250000,3.1750
1661356800,1741.580000,1744.070000,1738.160000,1738.170000,2.7902
1661371200,1739.780000,1741.870000,1738.160000,1739.910000,1.1772
1661385600,1739.960000,1741.880000,1738.170000,1741.130000,1.6241
1661400000,1740.970000,1748.170000,1739.750000,1747.370000,1.5897
1661414400,1745.080000,1747.930000,1743.080000,1747.920000,3.5217
1661428800,1747.220000,1747.940000,1735.990000,1743.280000,1.5176
1661443200,1742.660000,1745.340000,1741.240000,1743.440000,3.3417
1661457600,1743.690000,1746.580000,1742.600000,1744.840000,3.1701
1661472000,1744.570000,1746.580000,1743.290000,1745.530000,1.4922
1661486400,1744.930000,1746.580000,1740.570000,1742.870000,10.0121
1661500800,1741.990000,1744.280000,1730.280000,1733.300000,3.9433
1661515200,1732.330000,1740.110000,1725.990000,1725.990000,7.1460
1661529600,1728.590000,1731.120000,1725.400000,1728.510000,3.5500
1661544000,1728.210000,1729.230000,1726.740000,1729.220000,0.8998
1661558400,1728.860000,1733.620000,1728.530000,1731.380000,0.7640
1661572800,1733.100000,1733.630000,1729.350000,1733.340000,0.6159
1661587200,1731.720000,1733.500000,1729.340000,1729.350000,0.3685
1661601600,1731.280000,1733.570000,1729.230000,1729.240000,0.2926
1661616000,1731.130000,1732.620000,1729.230000,1730.990000,0.8447
1661630400,1730.670000,1732.600000,1729.230000,1729.250000,0.2733
1661644800,1729.810000,1732.620000,1729.240000,1731.310000,0.7546
1661659200,1730.930000,1732.610000,1729.230000,1731.150000,0.9345
1661673600,1730.630000,1732.610000,1729.230000,1730.820000,1.1075
1661688000,1731.060000,1732.620000,1729.230000,1732.120000,1.4317
1661702400,1730.490000,1732.620000,1729.230000,1731.090000,1.8193
1661716800,1730.640000,1732.610000,1729.230000,1729.480000,0.9631
1661731200,1729.670000,1730.060000,1724.150000,1726.470000,2.9539
1661745600,1725.330000,1726.470000,1721.210000,1722.510000,2.5250
1661760000,1722.520000,1724.630000,1721.220000,1724.630000,1.0159
1661774400,1722.910000,1732.060000,1722.590000,1729.620000,2.4068
1661788800,1730.350000,1733.500000,1727.770000,1731.520000,1.6694
1661803200,1731.290000,1733.510000,1729.390000,1731.410000,0.6177
1661817600,1731.540000,1733.920000,1729.560000,1731.290000,1.2693
1661832000,1731.170000,1733.780000,1725.940000,1727.550000,1.5552
1661846400,1727.880000,1730.490000,1726.440000,1728.610000,1.1219
1661860800,1728.720000,1730.460000,1718.770000,1719.420000,1.9972
1661875200,1722.180000,1723.730000,1718.850000,1723.720000,3.7317
1661889600,1721.840000,1723.730000,1715.380000,1720.940000,1.5126
1661904000,1718.250000,1721.070000,1715.270000,1720.170000,0.7082
1661918400,1718.540000,1723.810000,1715.360000,1717.350000,6.8591
1661932800,1718.750000,1720.240000,1708.030000,1711.890000,1.3222
1661947200,1710.400000,1716.600000,1708.130000,1714.760000,1.0972
1661961600,1714.420000,1715.450000,1706.930000,1709.160000,1.6922
1661976000,1708.890000,1711.390000,1703.840000,1705.890000,1.1379
1661990400,1706.290000,1708.450000,1700.510000,1700.510000,1.1358
1662004800,1702.040000,1704.730000,1700.270000,1702.160000,1.7305
1662019200,1701.730000,1703.380000,1698.070000,1700.900000,2.2863
1662033600,1701.000000,1701.280000,1687.940000,1693.150000,2.9561
1662048000,1693.840000,1696.520000,1692.270000,1694.130000,2.2024
1662062400,1693.330000,1696.360000,1692.700000,1692.700000,1.0774
1662076800,1694.220000,1697.620000,1691.690000,1693.540000,0.3748
1662091200,1695.650000,1701.320000,1695.000000,1700.110000,1.6131
1662105600,1698.980000,1705.000000,1697.310000,1702.110000,2.9046
1662120000,1702.660000,1715.040000,1701.190000,1712.640000,4.1908
1662134400,1711.220000,1712.040000,1706.000000,1708.210000,4.8921
1662148800,1706.660000,1709.440000,1706.660000,1708.140000,0.8812
1662163200,1708.320000,1709.520000,1706.660000,1708.310000,0.6568
1662177600,1708.050000,1709.520000,1706.870000,1709.520000,1.0373
1662192000,1709.310000,1709.520000,1707.250000,1708.530000,1.0377
1662206400,1707.960000,1708.780000,1707.000000,1708.780000,0.4990
1662220800,1708.690000,1709.520000,1707.920000,1708.720000,0.7258
1662235200,1708.660000,1709.510000,1707.920000,1708.780000,1.1269
1662249600,1708.590000,1709.520000,1707.920000,1708.750000,0.4382
1662264000,1708.540000,1709.510000,1707.920000,1707.950000,0.3323
1662278400,1707.950000,1709.520000,1707.920000,1709.520000,1.4325
1662292800,1708.800000,1709.520000,1707.880000,1709.520000,1.2862
1662307200,1708.740000,1709.520000,1707.880000,1708.550000,1.0722
1662321600,1708.650000,1709.510000,1704.020000,1706.010000,1.4540
1662336000,1704.420000,1708.380000,1702.160000,1707.080000,1.7064
1662350400,1706.770000,1710.550000,1706.150000,1707.680000,1.5799
1662364800,1707.810000,1711.920000,1706.600000,1709.080000,1.0454
1662379200,1708.990000,1710.500000,1707.250000,1707.560000,1.2233
1662393600,1707.570000,1708.390000,1704.410000,1706.420000,2.0114
1662408000,1705.750000,1710.120000,1702.860000,1708.770000,1.8330
1662422400,1708.290000,1719.940000,1708.290000,1715.250000,2.0295
1662436800,1713.280000,1717.090000,1707.790000,1711.640000,1.7702
1662451200,1711.390000,1712.880000,1705.470000,1708.830000,1.0456
1662465600,1710.250000,1710.250000,1697.980000,1701.730000,3.6714
1662480000,1701.580000,1702.780000,1696.560000,1696.560000,1.3169
1662494400,1698.310000,1701.460000,1696.440000,1697.560000,0.6960
1662508800,1699.070000,1701.460000,1689.660000,1691.010000,0.5734
1662523200,1691.380000,1698.080000,1689.660000,1696.670000,1.0127
1662537600,1696.400000,1703.130000,1696.270000,1699.620000,1.1290
1662552000,1699.290000,1708.030000,1695.680000,1704.860000,1.2812
1662566400,1704.880000,1712.440000,1703.840000,1708.840000,1.0899
1662580800,1710.450000,1717.900000,1710.180000,1713.110000,2.4931
1662595200,1713.000000,1714.890000,1706.640000,1709.100000,1.1779
1662609600,1709.040000,1716.620000,1707.400000,1714.250000,2.1697
1662624000,1714.320000,1721.750000,1713.730000,1720.410000,1.3727
1662638400,1720.510000,1720.890000,1701.390000,1702.830000,4.4125
1662652800,1702.650000,1707.490000,1701.390000,1704.600000,1.6988
1662667200,1703.720000,1705.960000,1702.420000,1703.970000,1.0783
1662681600,1704.510000,1716.700000,1704.350000,1713.800000,0.2673
1662696000,1715.160000,1721.450000,1710.800000,1720.450000,2.4013
1662710400,1720.540000,1724.120000,1716.550000,1718.990000,1.2184
1662724800,1716.170000,1716.960000,1706.370000,1709.980000,1.4043
1662739200,1710.050000,1715.500000,1708.680000,1711.180000,0.9304
1662753600,1711.190000,1711.250000,1705.210000,1708.410000,1.4559
1662768000,1708.380000,1709.510000,1706.880000,1708.530000,0.3246
1662782400,1708.550000,1709.510000,1706.820000,1707.280000,0.8864
1662796800,1708.330000,1709.520000,1706.680000,1707.450000,0.7827
1662811200,1708.580000,1709.520000,1707.070000,1708.500000,0.4058
1662825600,1708.420000,1709.520000,1707.600000,1709.510000,0.3461
1662840000,1708.780000,1709.530000,1707.670000,1709.230000,0.7132
1662854400,1709.320000,1709.530000,1709.030000,1709.340000,1.2776
1662868800,1709.310000,1709.530000,1708.000000,1709.180000,0.6348
1662883200,1708.770000,1712.820000,1708.000000,1710.740000,2.2281
1662897600,1710.820000,1712.810000,1707.810000,1708.110000,2.1162
1662912000,1710.930000,1712.840000,1708.120000,1711.320000,1.6406
1662926400,1711.170000,1712.830000,1707.730000,1710.770000,1.5478
1662940800,1710.240000,1712.150000,1707.680000,1709.440000,1.6813
1662955200,1708.730000,1719.410000,1707.700000,1719.160000,4.3780
1662969600,1717.410000,1722.000000,1712.480000,1719.990000,2.7042
1662984000,1720.870000,1726.820000,1716.770000,1726.820000,3.2623
1662998400,1726.000000,1727.890000,1715.350000,1719.170000,1.0228
1663012800,1717.290000,1725.060000,1714.860000,1721.790000,0.9877
1663027200,1720.520000,1725.600000,1712.510000,1714.590000,1.0341
1663041600,1714.480000,1719.430000,1712.260000,1717.370000,0.6866
1663056000,1717.240000,1726.000000,1715.430000,1725.550000,1.4492
1663070400,1725.280000,1727.610000,1695.820000,1698.910000,3.8899
1663084800,1698.860000,1699.590000,1694.350000,1695.090000,1.7550
1663099200,1697.500000,1699.700000,1694.880000,1697.740000,0.9741
1663113600,1697.720000,1699.560000,1693.930000,1695.580000,0.3848
1663128000,1695.940000,1702.700000,1693.860000,1700.800000,0.7835
1663142400,1698.760000,1700.810000,1696.590000,1697.530000,0.3450
1663156800,1699.000000,1702.220000,1695.940000,1695.940000,0.8864
1663171200,1698.570000,1700.850000,1690.900000,1693.550000,0.9426
1663185600,1693.390000,1695.700000,1691.030000,1691.750000,0.9030
1663200000,1693.980000,1695.680000,1689.650000,1693.070000,1.4676
1663214400,1691.500000,1693.030000,1683.500000,1687.460000,1.3640
1663228800,1685.710000,1687.460000,1681.130000,1683.230000,1.8891
1663243200,1683.030000,1685.410000,1655.730000,1661.280000,1.0672
1663257600,1660.110000,1662.040000,1657.000000,1658.010000,1.3605
1663272000,1660.400000,1662.000000,1657.620000,1661.990000,0.5343
1663286400,1659.520000,1662.030000,1656.010000,1661.260000,0.6632
1663300800,1658.330000,1661.270000,1650.960000,1650.960000,0.7554
1663315200,1649.630000,1661.130000,1644.030000,1658.790000,3.0865
1663329600,1658.390000,1672.300000,1648.600000,1667.600000,6.7359
1663344000,1666.270000,1671.970000,1662.700000,1667.840000,5.0403
1663358400,1667.300000,1670.010000,1664.980000,1667.530000,2.6755
1663372800,1667.350000,1667.740000,1666.490000,1667.370000,2.1752
1663387200,1666.670000,1667.730000,1666.250000,1666.420000,1.2785
1663401600,1667.300000,1669.350000,1666.840000,1668.000000,0.7194
1663416000,1667.470000,1668.030000,1667.250000,1667.700000,0.5358
1663430400,1667.600000,1667.960000,1666.660000,1667.240000,0.5090
1663444800,1667.330000,1668.130000,1666.890000,1667.930000,0.4480
1663459200,1668.670000,1668.790000,1668.010000,1668.460000,1.3202
1663473600,1668.720000,1672.410000,1668.260000,1668.560000,10.7335
1663488000,1668.930000,1670.230000,1668.220000,1669.570000,1.9508
1663502400,1669.670000,1671.570000,1667.600000,1668.570000,3.2195
1663516800,1668.700000,1669.550000,1668.380000,1668.380000,3.2786
1663531200,1668.410000,1672.530000,1668.380000,1671.360000,13.0349
1663545600,1672.140000,1672.340000,1661.000000,1661.000000,2.2290
1663560000,1660.500000,1660.630000,1655.490000,1656.170000,1.3099
1663574400,1655.960000,1661.010000,1655.700000,1655.840000,1.1928
1663588800,1655.860000,1665.440000,1655.770000,1664.130000,1.2526
1663603200,1668.580000,1668.620000,1658.620000,1666.850000,7.3499
1663617600,1666.790000,1667.590000,1666.260000,1666.890000,0.5159
1663632000,1667.200000,1670.260000,1667.200000,1668.800000,0.9063
1663646400,1669.280000,1669.280000,1664.890000,1665.820000,0.8196
1663660800,1665.570000,1665.650000,1658.610000,1660.590000,1.4228
1663675200,1660.570000,1660.570000,1655.180000,1657.040000,3.1816
1663689600,1656.790000,1661.180000,1656.570000,1659.930000,2.0841
1663704000,1660.650000,1664.390000,1659.860000,1662.590000,13.3903
1663718400,1668.620000,1668.620000,1662.370000,1663.770000,5.8679
1663732800,1664.200000,1673.740000,1663.590000,1673.740000,0.7663
1663747200,1673.340000,1674.640000,1671.850000,1674.210000,0.8289
1663761600,1674.070000,1674.300000,1662.070000,1663.550000,6.9332
1663776000,1663.760000,1689.260000,1661.580000,1663.370000,27.9746
1663790400,1669.800000,1672.660000,1663.490000,1668.180000,1.8639
1663804800,1667.140000,1668.190000,1656.390000,1662.890000,2.6845
1663819200,1662.590000,1663.910000,1654.370000,1659.360000,1.9931
1663833600,1659.650000,1672.410000,1659.650000,1669.200000,2.0962
1663848000,1671.040000,1680.030000,1664.250000,1670.410000,2.2490
1663862400,1669.250000,1671.940000,1668.310000,1670.020000,2.0833
1663876800,1671.490000,1671.540000,1664.670000,1671.280000,2.7585
1663891200,1670.220000,1675.990000,1668.550000,1669.720000,1.1079
1663905600,1670.890000,1671.370000,1667.920000,1669.920000,0.9842
1663920000,1670.330000,1670.330000,1645.520000,1648.170000,2.1185
1663934400,1648.200000,1656.800000,1647.030000,1649.120000,1.4785
1663948800,1647.200000,1649.290000,1640.590000,1642.910000,2.6996
1663963200,1641.900000,1648.430000,1641.700000,1642.700000,1.6479
1663977600,1652.710000,1652.750000,1642.240000,1642.430000,36.5746
1663992000,1642.410000,1643.930000,1642.300000,1643.490000,0.8018
1664006400,1643.800000,1652.750000,1643.250000,1645.230000,12.2231
1664020800,1645.830000,1646.340000,1645.090000,1645.520000,0.8797
1664035200,1645.260000,1649.290000,1640.780000,1644.670000,4.6843
1664049600,1643.390000,1644.570000,1643.150000,1643.210000,0.8647
1664064000,1643.970000,1646.420000,1642.910000,1645.870000,1.7593
1664078400,1645.170000,1646.180000,1644.980000,1645.500000,1.3441
1664092800,1645.240000,1645.870000,1644.580000,1644.810000,1.2084
1664107200,1645.090000,1647.490000,1644.660000,1647.480000,2.2314
1664121600,1647.470000,1647.990000,1643.960000,1644.630000,1.9011
1664136000,1644.870000,1644.970000,1643.280000,1643.890000,1.5554
1664150400,1643.700000,1644.240000,1628.710000,1637.240000,12.4423
1664164800,1637.280000,1644.790000,1636.880000,1640.000000,3.3030
1664179200,1643.070000,1644.250000,1636.480000,1637.710000,5.5416
1664193600,1637.870000,1645.400000,1633.820000,1633.880000,9.2959
1664208000,1634.380000,1636.330000,1622.420000,1623.300000,3.0664
1664222400,1623.980000,1626.820000,1621.310000,1624.870000,2.0246
1664236800,1626.440000,1632.750000,1624.770000,1627.590000,5.0882
1664251200,1627.990000,1637.410000,1627.890000,1636.620000,2.9876
1664265600,1639.800000,1639.960000,1633.710000,1639.070000,7.0456
1664280000,1638.490000,1639.600000,1630.600000,1635.380000,9.9855
1664294400,1635.580000,1636.300000,1625.970000,1631.810000,6.1146
1664308800,1630.420000,1634.330000,1628.580000,1632.350000,0.9741
1664323200,1632.100000,1632.820000,1619.680000,1620.690000,7.5023
1664337600,1620.660000,1626.270000,1615.340000,1620.780000,12.0410
1664352000,1622.590000,1629.950000,1617.480000,1621.860000,4.2657
1664366400,1623.410000,1656.510000,1621.950000,1656.200000,3.1078
1664380800,1660.390000,1661.400000,1652.910000,1657.840000,8.3877
1664395200,1657.110000,1658.140000,1656.520000,1656.610000,0.7302
1664409600,1656.610000,1657.430000,1655.510000,1655.540000,1.1507
1664424000,1655.530000,1655.550000,1641.220000,1643.280000,1.9708
1664438400,1645.040000,1655.520000,1642.630000,1652.660000,8.0312
1664452800,1652.680000,1659.170000,1645.180000,1659.170000,7.6755
1664467200,1658.250000,1660.680000,1654.220000,1658.340000,4.8626
1664481600,1658.270000,1661.740000,1656.970000,1661.740000,0.9361
1664496000,1663.970000,1665.410000,1661.440000,1662.330000,3.7218
1664510400,1662.870000,1669.760000,1662.280000,1666.190000,3.8521
1664524800,1668.800000,1671.990000,1662.300000,1662.300000,1.8110
1664539200,1662.190000,1671.020000,1662.080000,1669.130000,2.3724
1664553600,1668.930000,1668.930000,1658.230000,1658.290000,2.8026
1664568000,1658.680000,1659.960000,1657.070000,1658.190000,1.6167
1664582400,1658.280000,1659.620000,1657.810000,1659.480000,4.4706
1664596800,1659.150000,1659.880000,1658.490000,1659.680000,0.6276
1664611200,1660.670000,1661.040000,1659.690000,1659.970000,0.7084
1664625600,1659.990000,1660.590000,1659.460000,1660.590000,1.0992
1664640000,1659.210000,1659.740000,1658.400000,1659.470000,0.9974
1664654400,1659.340000,1660.040000,1659.100000,1659.600000,0.6930
1664668800,1659.460000,1660.050000,1659.340000,1659.600000,0.8352
1664683200,1659.670000,1660.070000,1658.330000,1659.470000,1.5934
1664697600,1659.870000,1659.960000,1658.200000,1658.230000,12.9657
1664712000,1658.230000,1659.520000,1651.440000,1654.200000,126.7924
1664726400,1654.210000,1656.940000,1653.900000,1654.870000,1.0692
1664740800,1654.820000,1658.830000,1653.600000,1658.790000,2.7248
1664755200,1660.830000,1663.280000,1658.350000,1660.980000,3.0325
1664769600,1660.790000,1662.100000,1656.990000,1659.300000,1.3960
1664784000,1659.110000,1661.680000,1657.630000,1661.490000,1.4754
1664798400,1661.490000,1687.930000,1660.720000,1686.540000,2.1657
1664812800,1686.480000,1695.270000,1685.100000,1693.170000,16.5480
1664827200,1695.250000,1696.770000,1694.800000,1696.690000,1.3335
1664841600,1696.410000,1696.490000,1694.540000,1696.020000,1.5750
1664856000,1696.350000,1705.570000,1695.230000,1704.000000,1.4418
1664870400,1703.980000,1706.730000,1698.890000,1699.780000,8.6676
1664884800,1700.320000,1721.050000,1700.320000,1720.670000,1.7856
1664899200,1720.350000,1721.960000,1718.750000,1719.290000,1.3451
1664913600,1719.420000,1721.970000,1719.360000,1720.200000,1.2931
1664928000,1720.470000,1720.760000,1714.170000,1714.590000,2.0947
1664942400,1714.720000,1721.780000,1712.780000,1713.060000,0.4465
1664956800,1713.840000,1715.650000,1701.520000,1705.160000,2.7827
1664971200,1705.190000,1707.910000,1699.860000,1704.700000,1.2042
1664985600,1704.970000,1712.730000,1702.900000,1712.350000,1.0777
1665000000,1711.660000,1714.200000,1711.200000,1714.200000,0.6413
1665014400,1713.680000,1719.060000,1713.680000,1719.050000,12.1505
1665028800,1719.030000,1721.550000,1718.630000,1720.270000,0.8951
1665043200,1719.890000,1720.030000,1709.200000,1710.230000,0.7628
1665057600,1710.180000,1714.440000,1706.530000,1707.170000,1.1760
1665072000,1706.130000,1713.070000,1705.930000,1711.030000,3.4781
1665086400,1711.110000,1711.150000,1705.800000,1708.760000,0.7380
1665100800,1708.780000,1708.880000,1707.440000,1707.580000,1.0890
1665115200,1707.700000,1709.000000,1707.400000,1708.370000,1.0339
1665129600,1707.930000,1708.880000,1702.230000,1704.900000,2.6958
1665144000,1704.890000,1705.600000,1692.430000,1699.170000,3.9239
1665158400,1699.220000,1704.770000,1694.110000,1696.240000,10.6920
1665172800,1695.790000,1696.810000,1694.350000,1695.290000,1.1512
1665187200,1694.920000,1697.500000,1692.090000,1693.710000,1.6933
1665201600,1693.560000,1693.900000,1693.130000,1693.860000,0.5401
1665216000,1694.840000,1694.840000,1692.670000,1693.350000,1.7259
1665230400,1693.600000,1693.780000,1692.600000,1693.590000,0.7110
1665244800,1693.110000,1693.330000,1692.100000,1693.250000,0.7679
1665259200,1693.210000,1693.330000,1692.480000,1692.850000,1.3847
1665273600,1692.590000,1692.910000,1690.300000,1691.920000,1.8705
1665288000,1691.910000,1693.500000,1691.130000,1692.620000,1.2830
1665302400,1692.230000,1692.770000,1691.180000,1691.930000,1.7273
1665316800,1692.090000,1692.620000,1691.750000,1692.500000,1.5487
1665331200,1692.110000,1694.060000,1689.150000,1693.230000,4.1601
1665345600,1692.920000,1693.220000,1689.360000,1691.830000,5.5827
1665360000,1691.690000,1694.070000,1686.210000,1686.880000,7.6693
1665374400,1686.680000,1687.060000,1684.000000,1684.000000,1.2183
1665388800,1683.190000,1683.190000,1673.510000,1674.340000,1.9235
1665403200,1674.080000,1675.160000,1664.020000,1665.200000,1.7381
1665417600,1664.810000,1668.850000,1663.120000,1667.110000,5.3909
1665432000,1666.910000,1667.090000,1665.610000,1667.050000,0.7565
1665446400,1666.900000,1671.430000,1662.190000,1664.450000,8.2165
1665460800,1664.320000,1666.380000,1661.660000,1665.020000,0.8141
1665475200,1665.010000,1666.830000,1661.660000,1666.830000,0.8866
1665489600,1667.370000,1675.990000,1665.580000,1675.990000,1.5586
1665504000,1677.500000,1679.600000,1665.530000,1665.620000,1.2546
1665518400,1665.600000,1666.870000,1665.530000,1665.530000,1.1029
1665532800,1667.740000,1667.740000,1661.830000,1663.620000,2.3230
1665547200,1663.200000,1671.170000,1663.200000,1667.690000,0.9598
1665561600,1669.520000,1675.220000,1666.080000,1668.940000,22.1972
1665576000,1670.100000,1675.970000,1665.350000,1665.650000,3.4243
1665590400,1665.740000,1671.980000,1665.160000,1669.990000,4.9742
1665604800,1669.970000,1671.160000,1669.660000,1670.600000,4.5363
1665619200,1670.860000,1673.100000,1669.280000,1670.840000,9.6141
1665633600,1671.040000,1672.220000,1665.710000,1667.490000,1.4232
1665648000,1668.490000,1677.880000,1668.470000,1676.830000,1.7967
1665662400,1676.910000,1676.910000,1643.240000,1660.490000,24.1966
1665676800,1661.270000,1667.580000,1658.940000,1661.840000,3.4526
1665691200,1659.620000,1664.240000,1659.620000,1661.940000,1.1264
1665705600,1662.070000,1666.640000,1657.780000,1666.290000,1.3866
1665720000,1666.280000,1667.480000,1662.600000,1664.510000,1.1468
1665734400,1665.690000,1665.690000,1650.300000,1653.360000,9.4009
1665748800,1653.160000,1660.000000,1643.510000,1644.080000,2.7624
1665763200,1644.660000,1646.280000,1638.660000,1639.360000,17.0846
1665777600,1639.480000,1640.180000,1639.150000,1639.480000,1.6578
1665792000,1639.730000,1641.630000,1639.320000,1640.130000,0.8501
1665806400,1640.040000,1642.780000,1636.910000,1636.930000,4.2878
1665820800,1637.180000,1638.340000,1637.090000,1637.970000,0.8913
1665835200,1637.690000,1638.380000,1637.690000,1637.750000,0.9512
1665849600,1639.010000,1639.010000,1637.630000,1637.850000,0.8234
1665864000,1638.210000,1638.490000,1637.620000,1638.050000,0.5362
1665878400,1637.900000,1638.610000,1637.700000,1638.120000,0.9316
1665892800,1638.370000,1639.140000,1638.100000,1638.320000,0.7462
1665907200,1638.440000,1638.780000,1637.980000,1638.370000,0.5895
1665921600,1638.100000,1638.530000,1637.780000,1638.250000,0.5314
1665936000,1637.960000,1638.630000,1637.590000,1638.270000,0.8132
1665950400,1638.620000,1642.120000,1637.730000,1642.120000,1.8052
1665964800,1646.080000,1647.080000,1642.280000,1644.640000,28.3611
1665979200,1644.610000,1647.170000,1643.930000,1647.170000,1.9775
1665993600,1650.000000,1653.070000,1649.020000,1652.140000,2.1116
1666008000,1652.300000,1660.450000,1652.050000,1656.850000,2.3689
1666022400,1656.860000,1656.860000,1643.670000,1643.900000,2.5748
1666036800,1643.700000,1645.660000,1643.700000,1645.650000,0.9273
1666051200,1645.580000,1646.260000,1645.280000,1646.140000,0.7082
1666065600,1646.080000,1653.570000,1646.000000,1649.960000,0.8939
1666080000,1650.010000,1650.940000,1646.080000,1648.120000,1.8357
1666094400,1648.030000,1653.480000,1645.840000,1647.270000,3.5026
1666108800,1647.130000,1648.760000,1646.160000,1647.890000,1.8861
1666123200,1648.010000,1648.750000,1647.680000,1648.430000,1.3122
1666137600,1648.720000,1649.290000,1646.370000,1646.370000,1.1031
1666152000,1646.310000,1646.910000,1636.910000,1639.070000,1.0296
1666166400,1639.890000,1647.000000,1630.960000,1632.650000,3.6321
1666180800,1632.540000,1632.700000,1629.350000,1630.030000,1.6233
1666195200,1628.690000,1629.620000,1625.550000,1627.030000,1.8270
1666209600,1627.310000,1631.490000,1626.510000,1626.550000,7.6155
1666224000,1627.570000,1629.240000,1620.990000,1621.780000,4.2752
1666238400,1621.770000,1629.010000,1621.440000,1627.420000,1.3928
1666252800,1627.370000,1631.860000,1626.050000,1631.730000,0.6371
1666267200,1631.800000,1638.270000,1626.660000,1637.760000,1.2297
1666281600,1639.790000,1639.800000,1625.360000,1625.510000,4.0572
1666296000,1625.650000,1626.440000,1625.410000,1626.150000,0.8442
1666310400,1627.050000,1627.060000,1619.440000,1620.130000,2.2968
1666324800,1620.070000,1620.070000,1617.600000,1618.250000,1.2186
1666339200,1618.070000,1620.340000,1616.800000,1619.090000,1.7485
1666353600,1619.490000,1641.000000,1617.120000,1641.000000,4.9919
1666368000,1644.540000,1651.490000,1643.590000,1651.490000,2.2299
1666382400,1649.200000,1652.760000,1647.570000,1652.740000,1.1382
1666396800,1654.290000,1654.290000,1649.350000,1650.970000,1.4893
1666411200,1651.170000,1651.220000,1648.760000,1650.480000,0.6104
1666425600,1650.510000,1654.200000,1650.510000,1651.380000,0.7720
1666440000,1651.300000,1653.890000,1651.300000,1653.560000,1.0959
1666454400,1653.530000,1654.200000,1653.510000,1654.100000,6.6368
1666468800,1654.100000,1655.610000,1654.090000,1655.120000,1.0494
1666483200,1659.920000,1659.930000,1650.890000,1651.160000,0.7965
1666497600,1650.910000,1651.560000,1650.730000,1651.320000,1.2033
1666512000,1650.850000,1651.420000,1650.170000,1651.170000,1.1197
1666526400,1651.320000,1652.280000,1650.000000,1650.560000,1.7403
1666540800,1651.070000,1652.760000,1647.760000,1650.850000,8.5222
1666555200,1650.720000,1661.580000,1650.500000,1656.270000,2.1849
1666569600,1661.850000,1661.850000,1645.750000,1647.890000,10.9633
1666584000,1647.500000,1651.120000,1646.070000,1646.440000,1.5998
1666598400,1648.140000,1648.140000,1641.650000,1645.260000,2.4588
1666612800,1644.840000,1647.090000,1641.580000,1645.580000,2.1119
1666627200,1645.180000,1646.820000,1642.860000,1644.830000,1.1203
1666641600,1645.050000,1647.380000,1642.610000,1646.960000,1.0243
1666656000,1645.950000,1652.540000,1644.420000,1645.320000,4.4474
1666670400,1645.220000,1646.640000,1642.330000,1642.560000,0.4303
1666684800,1642.340000,1643.370000,1638.270000,1639.800000,0.6684
1666699200,1640.130000,1652.960000,1638.410000,1652.300000,1.7820
1666713600,1653.030000,1654.370000,1649.030000,1650.200000,2.3912
1666728000,1650.220000,1650.630000,1647.710000,1647.800000,1.1317
1666742400,1648.070000,1652.050000,1647.420000,1651.430000,1.2742
1666756800,1651.860000,1664.250000,1651.310000,1664.250000,1.1469
1666771200,1664.360000,1672.210000,1663.480000,1665.330000,6.4129
1666785600,1666.140000,1667.150000,1658.290000,1663.770000,2.1954
1666800000,1664.550000,1665.530000,1660.990000,1661.120000,1.8223
1666814400,1661.350000,1663.190000,1661.220000,1662.930000,1.0265
1666828800,1663.190000,1666.510000,1660.890000,1661.940000,1.0829
1666843200,1662.140000,1664.330000,1658.040000,1659.400000,1.1933
1666857600,1659.400000,1663.130000,1656.970000,1659.630000,1.7491
1666872000,1659.690000,1661.330000,1651.480000,1658.710000,9.4391
1666886400,1657.710000,1657.780000,1654.850000,1656.740000,1.6659
1666900800,1656.800000,1658.770000,1656.720000,1657.230000,2.1730
1666915200,1657.060000,1658.570000,1655.880000,1657.690000,0.7424
1666929600,1657.920000,1658.430000,1647.100000,1648.650000,1.7594
1666944000,1649.130000,1649.130000,1641.650000,1644.830000,0.4239
1666958400,1644.470000,1644.740000,1635.590000,1635.620000,0.6940
1666972800,1637.790000,1637.790000,1633.630000,1637.040000,1.3309
1666987200,1637.940000,1638.420000,1637.270000,1637.860000,0.3859
1667001600,1638.170000,1640.490000,1637.640000,1639.900000,0.3870
1667016000,1639.400000,1640.430000,1639.140000,1639.660000,0.9653
1667030400,1645.710000,1645.710000,1637.550000,1638.340000,8.3675
1667044800,1638.150000,1639.040000,1637.390000,1637.870000,2.8380
1667059200,1637.440000,1639.220000,1635.650000,1639.100000,1.3586
1667073600,1639.120000,1639.210000,1637.780000,1638.970000,0.7298
1667088000,1638.420000,1643.280000,1638.170000,1640.680000,1.0894
1667102400,1640.390000,1642.510000,1638.580000,1640.840000,1.0275
1667116800,1640.420000,1645.040000,1637.490000,1639.360000,2.7034
1667131200,1639.210000,1645.860000,1637.440000,1639.060000,14.7808
1667145600,1641.800000,1642.330000,1638.110000,1638.650000,1.7145
1667160000,1638.700000,1639.790000,1635.490000,1637.290000,6.2584
1667174400,1637.430000,1643.570000,1635.200000,1636.970000,2.7097
1667188800,1637.410000,1640.500000,1636.460000,1636.980000,1.5303
1667203200,1639.290000,1639.290000,1633.650000,1634.600000,2.7252
1667217600,1634.410000,1635.200000,1630.470000,1633.340000,2.8907
1667232000,1634.380000,1634.380000,1630.000000,1631.160000,3.6038
1667246400,1631.050000,1631.650000,1630.120000,1630.120000,1.1057
1667260800,1630.330000,1634.780000,1629.820000,1632.380000,0.6765
1667275200,1632.430000,1642.870000,1632.400000,1638.790000,0.9802
1667289600,1640.800000,1649.190000,1639.120000,1648.040000,1.4282
1667304000,1648.000000,1651.430000,1640.290000,1640.740000,1.4938
1667318400,1641.430000,1646.310000,1640.520000,1644.400000,1.4694
1667332800,1642.700000,1643.920000,1642.230000,1642.300000,0.8316
1667347200,1642.300000,1648.820000,1642.160000,1645.890000,0.7149
1667361600,1643.980000,1646.950000,1643.970000,1646.700000,3.7092
1667376000,1647.450000,1651.360000,1646.720000,1648.820000,1.2000
1667390400,1650.210000,1650.590000,1642.630000,1643.110000,1.3075
1667404800,1642.940000,1659.530000,1631.730000,1633.480000,1.7468
1667419200,1633.880000,1639.060000,1632.620000,1632.840000,15.5823
1667433600,1632.970000,1644.310000,1632.730000,1634.560000,8.0486
1667448000,1634.790000,1635.610000,1629.750000,1630.000000,1.1299
1667462400,1627.950000,1627.970000,1620.680000,1620.680000,2.2400
1667476800,1621.280000,1629.160000,1620.070000,1626.160000,6.8392
1667491200,1625.820000,1631.460000,1625.810000,1631.450000,5.0612
1667505600,1631.460000,1631.480000,1626.670000,1627.840000,9.6311
1667520000,1628.240000,1637.310000,1626.720000,1636.410000,16.1574
1667534400,1636.070000,1649.400000,1636.070000,1648.520000,3.5058
1667548800,1645.740000,1650.130000,1645.370000,1648.930000,4.8051
1667563200,1648.940000,1669.720000,1645.700000,1668.170000,6.3979
1667577600,1668.130000,1677.210000,1663.310000,1675.760000,8.7486
1667592000,1675.480000,1679.580000,1673.250000,1677.780000,11.6136
1667606400,1679.720000,1679.800000,1676.250000,1677.200000,4.4799
1667620800,1677.180000,1677.260000,1674.660000,1676.720000,0.6356
1667635200,1678.810000,1678.850000,1677.310000,1678.510000,0.8030
1667649600,1678.460000,1679.890000,1674.200000,1678.210000,8.6354
1667664000,1678.660000,1679.680000,1677.950000,1679.140000,0.9676
1667678400,1679.060000,1679.160000,1678.110000,1679.060000,0.7461
1667692800,1678.840000,1679.170000,1677.400000,1677.400000,0.7209
1667707200,1677.660000,1678.550000,1677.340000,1678.550000,0.5101
1667721600,1678.730000,1680.650000,1673.970000,1680.340000,6.6235
1667736000,1681.420000,1681.420000,1679.000000,1680.530000,0.5792
1667750400,1683.020000,1683.020000,1678.360000,1680.110000,1.5723
1667764800,1679.860000,1681.440000,1670.650000,1670.810000,1.4445
1667779200,1672.400000,1672.400000,1668.980000,1670.710000,3.1550
1667793600,1670.200000,1670.320000,1663.380000,1663.460000,1.7455
1667808000,1666.220000,1674.630000,1662.730000,1672.590000,3.9728
1667822400,1672.930000,1674.400000,1671.220000,1672.950000,1.4909
1667836800,1673.070000,1675.820000,1667.080000,1670.790000,20.7620
1667851200,1670.520000,1671.890000,1666.220000,1666.690000,1.2034
1667865600,1666.460000,1671.590000,1662.960000,1667.480000,2.1112
1667880000,1667.590000,1667.890000,1662.870000,1664.470000,2.0481
1667894400,1665.720000,1670.410000,1661.640000,1664.090000,2.8589
1667908800,1664.230000,1688.100000,1663.330000,1688.010000,1.9494
1667923200,1688.020000,1715.140000,1688.010000,1709.040000,11.7327
1667937600,1708.220000,1710.430000,1702.250000,1703.890000,7.7644
1667952000,1704.700000,1705.710000,1697.800000,1701.030000,2.2095
1667966400,1701.000000,1704.740000,1690.460000,1704.350000,17.1759
1667980800,1704.640000,1708.170000,1698.590000,1706.780000,1.4948
1667995200,1706.770000,1708.180000,1700.290000,1705.930000,6.2953
1668009600,1703.900000,1716.500000,1699.000000,1700.820000,6.0086
1668024000,1700.830000,1704.140000,1696.390000,1701.640000,5.3745
1668038400,1701.800000,1709.340000,1698.280000,1709.340000,1.3461
1668052800,1709.180000,1713.620000,1706.420000,1706.800000,0.9679
1668067200,1706.510000,1709.770000,1678.050000,1679.160000,21.1153
1668081600,1678.990000,1734.110000,1678.290000,1734.110000,20.9857
1668096000,1725.060000,1736.580000,1705.640000,1713.760000,6.3330
1668110400,1716.400000,1747.090000,1713.150000,1742.510000,3.7003
1668124800,1740.590000,1744.330000,1732.610000,1740.220000,1.3636
1668139200,1742.350000,1748.210000,1733.040000,1736.500000,3.2295
1668153600,1730.260000,1746.000000,1730.260000,1732.280000,1.6732
1668168000,1724.150000,1726.840000,1700.650000,1712.180000,0.4973
1668182400,1707.700000,1726.870000,1705.510000,1726.350000,1.0567
1668196800,1725.190000,1728.780000,1692.960000,1709.150000,0.8654
1668211200,1705.440000,1730.810000,1705.440000,1713.180000,0.5006
1668225600,1712.460000,1757.580000,1709.860000,1757.510000,8.8173
1668240000,1757.700000,1758.250000,1741.680000,1744.250000,0.9086
1668254400,1744.260000,1756.410000,1744.240000,1756.140000,1.1599
1668268800,1755.170000,1756.410000,1738.490000,1753.620000,2.2297
1668283200,1753.620000,1756.320000,1749.000000,1756.320000,0.7869
1668297600,1755.870000,1755.990000,1733.700000,1744.260000,4.3225
1668312000,1743.790000,1749.980000,1726.750000,1736.450000,5.1852
1668326400,1731.500000,1751.200000,1724.970000,1746.670000,3.3031
1668340800,1749.000000,1752.340000,1740.000000,1748.890000,3.0892
1668355200,1745.000000,1752.350000,1745.000000,1750.440000,2.7543
1668369600,1750.090000,1752.500000,1745.500000,1748.240000,2.7650
1668384000,1746.490000,1752.420000,1740.700000,1744.340000,1.2129
1668398400,1744.280000,1744.280000,1737.400000,1741.590000,0.7943
1668412800,1742.860000,1743.810000,1737.490000,1742.160000,1.1535
1668427200,1740.970000,1753.010000,1737.370000,1750.350000,1.0002
1668441600,1751.730000,1755.380000,1745.390000,1749.180000,2.3366
1668456000,1749.190000,1750.260000,1740.000000,1748.460000,1.5497
1668470400,1748.070000,1748.690000,1739.000000,1739.000000,1.0015
1668484800,1739.170000,1745.010000,1737.300000,1738.660000,1.0727
1668499200,1738.670000,1749.500000,1732.100000,1741.490000,1.4041
1668513600,1737.960000,1755.340000,1734.170000,1749.140000,2.6678
1668528000,1748.050000,1755.380000,1736.630000,1755.380000,2.7668
1668542400,1748.710000,1755.380000,1728.130000,1744.400000,3.4021
1668556800,1745.950000,1755.380000,1739.780000,1744.540000,2.3839
1668571200,1743.330000,1755.380000,1731.500000,1742.670000,2.9708
1668585600,1738.510000,1755.380000,1728.240000,1744.330000,2.9303
1668600000,1744.260000,1756.200000,1737.270000,1748.310000,3.7102
1668614400,1748.620000,1752.480000,1744.840000,1747.840000,2.4487
1668628800,1748.720000,1754.930000,1745.070000,1752.380000,1.9737
1668643200,1752.700000,1754.990000,1746.000000,1748.870000,1.8258
1668657600,1751.410000,1755.280000,1745.000000,1753.160000,1.8997
1668672000,1754.110000,1754.730000,1748.250000,1752.680000,1.8018
1668686400,1751.810000,1754.680000,1745.000000,1748.030000,1.8350
1668700800,1752.920000,1753.960000,1746.760000,1748.610000,1.7400
1668715200,1747.190000,1750.030000,1745.620000,1749.640000,1.5056
1668729600,1748.700000,1750.030000,1746.720000,1747.200000,2.1869
1668744000,1748.100000,1750.050000,1746.710000,1747.190000,1.9805
1668758400,1747.570000,1750.030000,1734.180000,1743.970000,2.5208
1668772800,1744.170000,1747.220000,1741.110000,1743.530000,1.5943
1668787200,1746.890000,1746.890000,1724.130000,1733.240000,2.1441
1668801600,1736.820000,1744.150000,1721.090000,1732.510000,2.6080
1668816000,1731.750000,1744.720000,1726.280000,1737.060000,1.9548
1668830400,1740.420000,1752.170000,1731.130000,1739.490000,2.7341
1668844800,1741.530000,1746.190000,1731.640000,1732.720000,1.9989
1668859200,1740.990000,1748.130000,1724.130000,1743.450000,2.1222
1668873600,1744.870000,1750.210000,1724.760000,1744.980000,2.9658
1668888000,1741.590000,1750.950000,1731.100000,1746.940000,2.8411
1668902400,1745.660000,1757.000000,1725.650000,1742.490000,3.2780
1668916800,1741.870000,1750.210000,1731.160000,1731.500000,2.2482
1668931200,1741.110000,1741.860000,1725.000000,1737.950000,3.1753
1668945600,1737.810000,1749.470000,1723.370000,1734.560000,3.6039
1668960000,1734.490000,1738.880000,1728.370000,1735.280000,2.6772
1668974400,1735.580000,1738.390000,1724.070000,1724.880000,2.5665
1668988800,1724.760000,1729.910000,1724.370000,1727.920000,1.9657
1669003200,1727.830000,1730.060000,1726.310000,1728.380000,2.6513
1669017600,1727.620000,1730.010000,1724.370000,1724.640000,1.4194
1669032000,1724.550000,1741.360000,1724.000000,1735.610000,1.6736
1669046400,1734.420000,1737.480000,1726.490000,1730.270000,1.9930
1669060800,1737.270000,1737.270000,1725.000000,1735.320000,2.2552
1669075200,1733.890000,1736.980000,1723.970000,1724.450000,1.8297
1669089600,1724.350000,1724.490000,1724.320000,1724.480000,0.9066
1669104000,1724.480000,1724.490000,1723.970000,1724.360000,1.3486
1669118400,1724.380000,1724.480000,1723.770000,1724.360000,2.4474
1669132800,1724.250000,1724.400000,1724.200000,1724.250000,1.7669
1669147200,1724.310000,1724.830000,1724.200000,1724.830000,0.4924
1669161600,1724.830000,1736.900000,1724.830000,1733.090000,0.5380
1669176000,1729.850000,1736.930000,1728.180000,1733.970000,1.1170
1669190400,1730.570000,1738.310000,1727.910000,1734.090000,1.1857
1669204800,1731.940000,1736.920000,1723.100000,1723.100000,1.2022
1669219200,1734.510000,1736.180000,1721.270000,1730.830000,1.0861
1669233600,1732.310000,1741.360000,1731.330000,1735.170000,1.1175
1669248000,1735.270000,1737.980000,1731.300000,1733.560000,1.1727
1669262400,1734.170000,1737.900000,1731.280000,1736.120000,0.5800
1669276800,1736.260000,1737.990000,1731.300000,1731.320000,1.2707
1669291200,1737.180000,1739.260000,1731.480000,1735.780000,1.1455
1669305600,1735.810000,1739.250000,1735.130000,1736.220000,1.1231
1669320000,1736.320000,1739.260000,1735.090000,1736.660000,1.1995
1669334400,1735.130000,1739.260000,1733.000000,1735.430000,0.9438
1669348800,1736.260000,1739.900000,1735.390000,1735.970000,0.5738
1669363200,1737.450000,1739.260000,1735.110000,1737.360000,1.2331
1669377600,1739.160000,1739.170000,1735.100000,1737.790000,1.1220
1669392000,1737.000000,1748.110000,1733.030000,1740.490000,1.0876
1669406400,1739.950000,1748.040000,1736.360000,1745.410000,1.0847
1669420800,1742.810000,1747.780000,1736.130000,1738.990000,1.1299
1669435200,1736.140000,1748.020000,1736.080000,1740.700000,1.1649
1669449600,1741.130000,1742.750000,1735.440000,1738.710000,0.7396
1669464000,1740.430000,1741.130000,1735.030000,1736.090000,0.8252
1669478400,1735.230000,1739.040000,1735.020000,1737.940000,1.0420
1669492800,1737.190000,1741.090000,1735.020000,1735.980000,0.6673
1669507200,1738.180000,1739.060000,1735.040000,1736.920000,1.2119
1669521600,1737.880000,1738.920000,1733.000000,1736.630000,1.2520
1669536000,1738.820000,1746.120000,1735.040000,1741.540000,0.8662
1669550400,1744.500000,1748.110000,1737.880000,1738.110000,0.5580
1669564800,1739.000000,1752.250000,1737.700000,1745.660000,0.4143
1669579200,1747.470000,1748.100000,1738.090000,1740.340000,0.5496
1669593600,1744.500000,1747.840000,1733.010000,1740.290000,0.8149
1669608000,1740.790000,1743.450000,1736.340000,1741.400000,1.2258
1669622400,1740.360000,1747.190000,1736.890000,1741.090000,1.1560
1669636800,1744.990000,1747.170000,1736.190000,1736.460000,1.2369
1669651200,1737.260000,1742.380000,1736.150000,1739.270000,1.1563
1669665600,1738.440000,1742.390000,1736.140000,1736.330000,1.2452
1669680000,1738.800000,1746.460000,1734.610000,1735.280000,1.2018
1669694400,1735.280000,1735.280000,1735.280000,1735.280000,0.0000
1669708800,1733.020000,1741.360000,1721.020000,1737.500000,0.4545
1669723200,1736.140000,1737.810000,1730.780000,1730.780000,0.3301
1669737600,1732.440000,1736.370000,1727.290000,1735.770000,0.7538
1669752000,1734.510000,1736.380000,1727.930000,1734.130000,0.9491
1669766400,1732.580000,1739.230000,1728.560000,1734.850000,1.0945
1669780800,1733.600000,1737.640000,1730.490000,1734.730000,0.3633
1669795200,1731.140000,1737.720000,1727.850000,1734.450000,1.0472
1669809600,1734.570000,1741.360000,1731.280000,1733.190000,0.4002
1669824000,1733.460000,1741.370000,1727.920000,1738.200000,0.4231
1669838400,1737.440000,1749.650000,1736.520000,1741.510000,0.4610
1669852800,1746.810000,1750.100000,1744.730000,1746.260000,0.3438
1669867200,1749.370000,1749.810000,1744.620000,1746.640000,0.2597
1669881600,1750.000000,1750.200000,1741.630000,1750.190000,0.3671
1669896000,1745.980000,1767.270000,1742.850000,1762.950000,0.5279
1669910400,1761.930000,1766.090000,1761.930000,1764.250000,0.3001
1669924800,1764.250000,1774.310000,1764.250000,1774.010000,0.2485
1669939200,1772.490000,1774.330000,1771.340000,1772.460000,0.3970
1669953600,1771.670000,1774.240000,1769.770000,1774.090000,0.4512
1669968000,1773.710000,1774.300000,1771.320000,1773.030000,0.3270
1669982400,1771.550000,1774.390000,1770.010000,1773.660000,0.4287
1669996800,1773.660000,1773.660000,1773.660000,1773.660000,0.0000
1670011200,1773.670000,1775.860000,1773.670000,1775.860000,0.0029
1670025600,1775.860000,1775.860000,1775.860000,1775.860000,0.0000
1670040000,1775.860000,1775.860000,1775.860000,1775.860000,0.0067
1670054400,1775.860000,1775.860000,1775.860000,1775.860000,0.0014
1670068800,1773.670000,1773.670000,1734.810000,1771.500000,1.0543
1670083200,1767.440000,1772.280000,1766.150000,1770.920000,0.3692
1670097600,1771.300000,1772.620000,1762.720000,1770.380000,0.2555
1670112000,1769.370000,1772.740000,1766.330000,1772.460000,0.2082
1670126400,1763.590000,1773.840000,1763.590000,1767.260000,0.2382
1670140800,1770.620000,1775.850000,1762.710000,1767.090000,0.4286
1670155200,1766.820000,1776.970000,1762.860000,1772.300000,0.4102
1670169600,1766.840000,1773.300000,1766.780000,1768.780000,0.4230
1670184000,1772.770000,1776.970000,1766.520000,1766.520000,0.2465
1670198400,1767.930000,1779.810000,1766.700000,1775.220000,0.5085
1670212800,1775.180000,1779.810000,1762.730000,1762.730000,0.4333
1670227200,1774.150000,1778.920000,1766.780000,1778.920000,0.3626
1670241600,1779.470000,1779.470000,1779.470000,1779.470000,0.0062
1670256000,1779.470000,1779.470000,1762.540000,1767.660000,1.2194
1670270400,1769.630000,1770.260000,1762.650000,1767.570000,1.1535
1670284800,1768.860000,1770.120000,1762.590000,1767.590000,1.0680
1670299200,1765.190000,1770.320000,1762.550000,1766.900000,1.1191
1670313600,1769.620000,1774.280000,1748.700000,1766.010000,1.3304
1670328000,1759.750000,1767.080000,1753.280000,1762.390000,1.2412
1670342400,1762.670000,1767.510000,1753.100000,1756.130000,1.1770
1670356800,1757.980000,1767.180000,1753.200000,1764.840000,1.0656
1670371200,1759.280000,1767.140000,1753.270000,1759.500000,1.1335
1670385600,1760.470000,1767.830000,1748.710000,1759.790000,1.2059
1670400000,1762.630000,1774.270000,1751.610000,1755.120000,1.1984
1670414400,1752.800000,1762.560000,1751.800000,1754.340000,1.1326
1670428800,1758.110000,1762.550000,1752.530000,1761.500000,1.2322
1670443200,1760.210000,1774.230000,1753.350000,1770.360000,1.2039
1670457600,1768.660000,1779.920000,1760.970000,1778.830000,1.2036
1670472000,1778.030000,1789.980000,1755.660000,1761.750000,2.7374
1670486400,1766.320000,1772.560000,1761.830000,1770.760000,1.1852
1670500800,1767.270000,1788.210000,1766.220000,1778.360000,1.1079
1670515200,1771.940000,1780.170000,1762.890000,1767.320000,1.0713
1670529600,1768.380000,1772.990000,1765.450000,1768.580000,1.1791
1670544000,1767.150000,1770.460000,1765.410000,1768.790000,1.1724
1670558400,1769.490000,1791.870000,1765.420000,1790.200000,1.1585
1670572800,1793.100000,1793.100000,1788.470000,1788.470000,0.1817
1670587200,1779.990000,1779.990000,1775.860000,1775.860000,0.0083
1670601600,1775.860000,1775.860000,1775.860000,1775.860000,0.0000
1670616000,1775.860000,1775.860000,1775.860000,1775.860000,0.0000
1670630400,1775.860000,1775.860000,1775.860000,1775.860000,0.0000
1670644800,1775.860000,1775.860000,1775.860000,1775.860000,0.0000
1670659200,1775.860000,1775.860000,1775.860000,1775.860000,0.0000
1670673600,1784.970000,1785.730000,1781.280000,1781.810000,0.3220
1670688000,1781.550000,1785.730000,1781.250000,1781.400000,1.1461
1670702400,1785.710000,1785.720000,1762.710000,1773.640000,1.2299
1670716800,1771.970000,1781.650000,1768.280000,1772.890000,1.1719
1670731200,1774.420000,1781.490000,1769.020000,1770.330000,1.1318
1670745600,1775.580000,1788.000000,1770.730000,1788.000000,0.4622
1670760000,1773.030000,1777.760000,1773.030000,1773.840000,31.9040
1670774400,1774.890000,1788.000000,1769.710000,1776.750000,4.6479
1670788800,1780.580000,1783.410000,1772.140000,1774.310000,1.0826
1670803200,1772.660000,1782.590000,1758.620000,1775.240000,1.2191
1670817600,1764.470000,1780.380000,1764.360000,1773.770000,1.1219
1670832000,1774.130000,1780.400000,1764.450000,1778.120000,1.2547
1670846400,1767.600000,1780.620000,1763.320000,1763.790000,1.2616
1670860800,1770.060000,1774.200000,1760.750000,1763.720000,1.1374
1670875200,1761.100000,1771.760000,1758.630000,1763.530000,1.0746
1670889600,1765.810000,1770.290000,1762.620000,1763.660000,1.1348
1670904000,1769.580000,1770.300000,1760.750000,1764.760000,1.2530
1670918400,1769.320000,1770.270000,1760.970000,1767.500000,1.1021
1670932800,1767.160000,1788.980000,1762.590000,1785.300000,1.1894
1670947200,1787.770000,1791.720000,1773.070000,1791.400000,1.1477
1670961600,1791.020000,1791.660000,1789.340000,1791.660000,0.1610
1670976000,1790.760000,1790.760000,1790.760000,1790.760000,0.0007
1670990400,1790.770000,1791.800000,1789.320000,1791.250000,0.2944
1671004800,1790.730000,1791.810000,1769.790000,1778.950000,1.1334
1671019200,1781.910000,1834.000000,1775.630000,1823.340000,1.6730
1671033600,1816.430000,1827.960000,1798.540000,1808.270000,1.1753
1671048000,1799.440000,1809.270000,1796.460000,1800.810000,1.0491
1671062400,1799.450000,1808.970000,1795.340000,1800.210000,1.0318
1671076800,1803.970000,1809.020000,1795.770000,1800.710000,1.1523
1671091200,1804.550000,1807.280000,1779.170000,1779.820000,1.1380
1671105600,1781.370000,1785.640000,1770.790000,1772.030000,0.3541
1671120000,1776.480000,1785.130000,1770.730000,1772.580000,0.9712
1671134400,1772.800000,1778.340000,1769.800000,1769.800000,0.6449
1671148800,1769.790000,1769.790000,1760.250000,1765.520000,0.7568
1671163200,1764.180000,1766.770000,1761.010000,1763.040000,1.2246
1671177600,1764.460000,1879.310000,1745.940000,1765.030000,4.1376
1671192000,1765.020000,1788.760000,1748.810000,1783.030000,1.0920
1671206400,1788.110000,1810.330000,1770.110000,1790.100000,1.1712
1671220800,1788.170000,1836.010000,1780.560000,1831.800000,1.3068
1671235200,1834.320000,1835.960000,1816.850000,1819.980000,1.1004
1671249600,1830.020000,1844.810000,1759.690000,1786.460000,2.0449
1671264000,1788.770000,1793.080000,1784.170000,1786.540000,1.1165
1671278400,1786.760000,1790.850000,1784.160000,1787.610000,1.2313
1671292800,1788.280000,1793.090000,1784.170000,1787.570000,1.1017
1671307200,1788.000000,1793.090000,1784.160000,1790.620000,1.1408
1671321600,1789.920000,1793.090000,1784.160000,1786.760000,1.1795
1671336000,1789.390000,1793.100000,1784.160000,1788.890000,1.1972
1671350400,1786.620000,1793.090000,1784.160000,1789.120000,1.1557
1671364800,1789.170000,1793.090000,1784.170000,1790.710000,1.0877
1671379200,1787.970000,1793.090000,1784.190000,1790.140000,0.7664
1671393600,1790.160000,1790.810000,1784.160000,1789.770000,0.8478
1671408000,1788.500000,1790.850000,1786.390000,1788.870000,1.2172
1671422400,1790.040000,1790.800000,1786.400000,1786.990000,1.0771
1671436800,1790.260000,1790.830000,1786.390000,1786.540000,1.1136
1671451200,1787.850000,1793.100000,1769.000000,1782.830000,1.1511
1671465600,1781.420000,1793.100000,1769.000000,1777.130000,1.2062
1671480000,1777.220000,1784.710000,1769.010000,1782.010000,1.1806
1671494400,1783.520000,1784.710000,1774.330000,1775.690000,1.1179
1671508800,1775.350000,1784.670000,1774.270000,1774.430000,1.1431
1671523200,1781.260000,1789.990000,1775.760000,1789.990000,0.0309
1671537600,1789.990000,1789.990000,1787.990000,1788.000000,0.0826
1671552000,1793.100000,1799.000000,1775.860000,1775.860000,0.1568
1671566400,1798.980000,1798.980000,1798.980000,1798.980000,0.0026
1671580800,1798.980000,1798.980000,1798.980000,1798.980000,0.0000
1671595200,1798.980000,1798.980000,1798.980000,1798.980000,0.0000
1671609600,1798.000000,1798.000000,1788.000000,1792.860000,0.4978
1671624000,1793.910000,1798.990000,1749.000000,1791.740000,1.5944
1671638400,1786.350000,1793.120000,1781.710000,1782.980000,1.1294
1671652800,1785.330000,1793.010000,1781.640000,1788.500000,1.1021
1671667200,1786.630000,1792.720000,1781.640000,1788.560000,1.1130
1671681600,1789.190000,1793.410000,1781.360000,1784.940000,1.1565
1671696000,1786.690000,1794.560000,1781.370000,1787.680000,1.2564
1671710400,1792.340000,1799.450000,1778.940000,1780.680000,1.5405
1671724800,1787.080000,1787.080000,1755.350000,1758.500000,1.1851
1671739200,1760.160000,1773.670000,1753.590000,1769.700000,1.1578
1671753600,1772.820000,1773.680000,1767.200000,1773.480000,1.1172
1671768000,1772.770000,1773.510000,1769.370000,1772.220000,1.1630
1671782400,1772.670000,1773.680000,1769.380000,1771.290000,1.0810
1671796800,1773.080000,1774.220000,1769.380000,1773.460000,0.8477
1671811200,1773.460000,1773.460000,1773.460000,1773.460000,0.0000
1671825600,1771.540000,1773.640000,1770.850000,1772.570000,0.0342
1671840000,1772.570000,1772.570000,1772.570000,1772.570000,0.0000
1671854400,1772.570000,1772.570000,1772.570000,1772.570000,0.0000
1671868800,1772.570000,1772.570000,1772.570000,1772.570000,0.0000
1671883200,1772.570000,1772.570000,1772.570000,1772.570000,0.0000
1671897600,1775.860000,1793.100000,1775.860000,1782.550000,0.7252
1671912000,1784.000000,1795.450000,1778.340000,1786.320000,1.1485
1671926400,1788.550000,1790.650000,1780.830000,1790.000000,1.0582
1671940800,1781.320000,1790.440000,1780.820000,1786.820000,1.1426
1671955200,1787.510000,1790.510000,1780.880000,1784.750000,1.1857
1671969600,1785.930000,1790.240000,1777.120000,1787.060000,0.3425
1671984000,1787.060000,1787.060000,1787.060000,1787.060000,0.0000
1671998400,1785.430000,1790.050000,1767.500000,1774.430000,0.5564
1672012800,1775.800000,1789.560000,1772.920000,1783.500000,0.8306
1672027200,1784.790000,1806.580000,1783.050000,1802.090000,0.8728
1672041600,1787.610000,1802.360000,1787.320000,1791.630000,0.7945
1672056000,1788.160000,1802.330000,1787.300000,1791.290000,0.7468
1672070400,1797.050000,1802.310000,1787.330000,1794.610000,0.7244
1672084800,1793.240000,1806.960000,1787.920000,1806.210000,0.7311
1672099200,1804.090000,1806.870000,1801.070000,1806.030000,0.6711
1672113600,1806.090000,1806.950000,1800.030000,1803.900000,0.7656
1672128000,1802.420000,1803.990000,1787.410000,1796.760000,0.6123
1672142400,1786.760000,1801.120000,1786.360000,1793.080000,0.9296
1672156800,1798.430000,1813.790000,1791.950000,1808.390000,1.3365
1672171200,1802.810000,1810.260000,1787.070000,1791.740000,1.2257
1672185600,1802.450000,1802.630000,1787.610000,1791.520000,1.0619
1672200000,1787.860000,1804.560000,1779.750000,1790.820000,1.1671
1672214400,1800.220000,1856.470000,1793.820000,1832.680000,1.2573
1672228800,1828.180000,1833.470000,1810.340000,1827.660000,1.1794
1672243200,1824.180000,1831.820000,1817.530000,1828.290000,1.0701
1672257600,1825.320000,1831.780000,1810.340000,1831.720000,1.1740
1672272000,1830.850000,1831.700000,1817.640000,1828.070000,1.0888
1672286400,1827.020000,1839.250000,1810.390000,1834.770000,1.1489
1672300800,1830.160000,1839.250000,1824.980000,1825.950000,1.1065
1672315200,1829.080000,1829.420000,1813.140000,1817.140000,1.1805
1672329600,1815.600000,1818.640000,1810.340000,1812.770000,1.2224
1672344000,1814.550000,1814.890000,1804.980000,1811.350000,0.8361
1672358400,1807.820000,1812.380000,1805.270000,1808.030000,1.1393
1672372800,1809.440000,1814.350000,1798.180000,1807.730000,1.0873
1672387200,1813.500000,1816.330000,1806.680000,1812.300000,1.1488
1672401600,1814.880000,1816.390000,1810.070000,1814.080000,1.1364
1672416000,1813.350000,1818.460000,1807.440000,1811.080000,1.0968
1672430400,1810.620000,1812.660000,1807.280000,1812.450000,0.2844
1672444800,1812.450000,1812.450000,1812.450000,1812.450000,0.0000
1672459200,1811.100000,1812.650000,1806.640000,1810.680000,0.8930
1672473600,1811.160000,1812.650000,1798.990000,1808.160000,1.1212
1672488000,1807.620000,1811.760000,1807.030000,1810.700000,1.1546
1672502400,1811.030000,1811.760000,1806.840000,1808.260000,0.9949
1672516800,1809.650000,1810.260000,1800.090000,1809.400000,1.0649
1672531200,1808.540000,1810.290000,1804.770000,1809.190000,1.1262
1672545600,1804.890000,1810.240000,1804.780000,1808.870000,1.1030
1672560000,1808.210000,1809.340000,1804.770000,1807.630000,1.1323
1672574400,1806.550000,1810.300000,1804.780000,1805.900000,1.0989
1672588800,1805.850000,1810.830000,1804.790000,1807.020000,1.0961
1672603200,1808.360000,1812.670000,1805.290000,1812.440000,1.0997
1672617600,1810.800000,1812.660000,1801.200000,1811.460000,1.1024
1672632000,1811.390000,1812.670000,1805.620000,1811.550000,1.1185
1672646400,1811.500000,1813.690000,1807.970000,1810.860000,1.0337
1672660800,1812.300000,1813.690000,1810.690000,1811.960000,0.5214
1672675200,1807.670000,1807.670000,1807.670000,1807.670000,0.0067
1672689600,1810.180000,1811.920000,1809.070000,1811.150000,0.0287
1672704000,1808.620000,1808.790000,1808.620000,1808.790000,0.0092
1672718400,1811.200000,1824.750000,1810.730000,1824.550000,0.4183
1672732800,1819.920000,1824.850000,1818.620000,1823.860000,1.0174
1672747200,1823.080000,1827.580000,1806.710000,1823.200000,1.1783
1672761600,1820.300000,1826.120000,1820.170000,1821.530000,1.0731
1672776000,1821.790000,1825.050000,1820.180000,1820.280000,1.1651
1672790400,1822.380000,1844.000000,1820.360000,1841.360000,1.1208
1672804800,1838.230000,1842.460000,1832.400000,1838.790000,1.0202
1672819200,1839.770000,1841.920000,1833.120000,1838.320000,1.0872
1672833600,1841.200000,1848.400000,1832.560000,1842.010000,1.1839
1672848000,1843.610000,1848.400000,1832.820000,1838.960000,1.1226
1672862400,1836.540000,1844.290000,1836.100000,1844.040000,1.1309
1672876800,1842.220000,1846.980000,1836.110000,1846.980000,1.1258
1672891200,1846.230000,1847.030000,1839.080000,1839.180000,1.1516
1672905600,1842.260000,1845.210000,1838.880000,1845.210000,1.0081
1672920000,1840.510000,1845.130000,1833.700000,1833.700000,0.9944
1672934400,1832.000000,1834.310000,1829.130000,1830.890000,0.9576
1672948800,1830.890000,1830.890000,1830.890000,1830.890000,0.0000
1672963200,1830.890000,1830.890000,1830.890000,1830.890000,0.0000
1672977600,1830.890000,1830.890000,1830.890000,1830.890000,0.0000
1672992000,1830.890000,1830.890000,1830.890000,1830.890000,0.0000
1673006400,1827.580000,1830.110000,1827.580000,1827.610000,0.1426
1673020800,1830.890000,1837.370000,1830.050000,1830.380000,0.9609
1673035200,1830.660000,1841.040000,1830.060000,1833.280000,1.1867
1673049600,1832.990000,1841.050000,1830.050000,1833.110000,1.4082
1673064000,1833.800000,1834.910000,1830.050000,1830.310000,1.1569
1673078400,1833.020000,1837.190000,1830.050000,1833.610000,1.1847
1673092800,1833.950000,1837.370000,1830.070000,1830.500000,1.1218
1673107200,1829.130000,1840.390000,1829.130000,1834.800000,1.1897
1673121600,1840.200000,1840.360000,1831.910000,1837.410000,1.1448
1673136000,1839.630000,1843.200000,1831.950000,1841.050000,1.1549
1673150400,1841.170000,1843.100000,1832.930000,1837.130000,1.1196
1673164800,1840.740000,1848.410000,1832.790000,1837.280000,1.0306
1673179200,1841.570000,1848.410000,1833.210000,1835.140000,1.1479
1673193600,1841.040000,1848.410000,1833.270000,1840.740000,1.1625
1673208000,1834.090000,1843.700000,1834.090000,1835.190000,1.1040
1673222400,1847.260000,1848.410000,1834.370000,1843.550000,1.1683
1673236800,1839.030000,1858.010000,1836.890000,1849.460000,1.1663
1673251200,1841.620000,1856.360000,1837.620000,1855.000000,1.1244
1673265600,1850.730000,1861.200000,1846.770000,1857.630000,1.0253
1673280000,1852.510000,1857.780000,1851.310000,1852.440000,1.1235
1673294400,1852.410000,1857.870000,1851.330000,1852.780000,1.0892
1673308800,1854.210000,1857.880000,1851.310000,1852.850000,1.1011
1673323200,1857.590000,1889.420000,1851.690000,1871.050000,1.0730
1673337600,1871.760000,1887.720000,1870.890000,1887.310000,1.0943
1673352000,1886.100000,1976.010000,1884.390000,1905.000000,2.0259
1673366400,1896.550000,1896.550000,1885.190000,1892.950000,0.7791
1673380800,1889.750000,1897.840000,1885.600000,1897.390000,0.6483
1673395200,1897.390000,1897.390000,1897.390000,1897.390000,0.0000
1673409600,1898.100000,1898.100000,1898.100000,1898.100000,0.0030
1673424000,1895.330000,1895.330000,1862.090000,1870.910000,1.2337
1673438400,1886.030000,1890.910000,1864.730000,1880.320000,1.0535
1673452800,1880.310000,1889.170000,1874.850000,1882.700000,1.1351
1673467200,1875.200000,1895.990000,1875.200000,1883.720000,1.0412
1673481600,1881.920000,1891.530000,1881.710000,1884.780000,1.0970
1673496000,1890.650000,1908.160000,1881.640000,1902.800000,2.4237
1673510400,1906.450000,1908.200000,1883.810000,1891.300000,1.1949
1673524800,1886.080000,1902.810000,1883.340000,1887.770000,1.1150
1673539200,1883.800000,1902.750000,1883.800000,1891.180000,1.0944
1673553600,1890.650000,1908.440000,1885.430000,1894.270000,1.2725
1673568000,1895.730000,1931.030000,1882.100000,1904.500000,1.5700
1673582400,1912.580000,1914.080000,1874.080000,1881.450000,1.2677
1673596800,1886.880000,1896.490000,1875.290000,1886.720000,0.9999
1673611200,1884.810000,1896.490000,1884.150000,1884.780000,1.0717
1673625600,1884.170000,1892.150000,1882.330000,1890.440000,1.0070
1673640000,1886.560000,1896.420000,1883.220000,1888.510000,0.9026
1673654400,1886.930000,1896.550000,1883.640000,1896.550000,0.2907
1673668800,1896.550000,1911.380000,1896.550000,1908.660000,0.4715
1673683200,1908.550000,1911.370000,1880.000000,1894.980000,1.1167
1673697600,1891.590000,1899.860000,1886.250000,1899.750000,1.0403
1673712000,1890.140000,1899.930000,1888.700000,1895.790000,1.0158
1673726400,1894.760000,1899.560000,1888.780000,1892.060000,1.1374
1673740800,1892.690000,1895.820000,1888.670000,1895.320000,1.1047
1673755200,1894.360000,1900.400000,1885.020000,1899.670000,1.3651
1673769600,1891.240000,1992.070000,1890.070000,1917.150000,2.1189
1673784000,1917.820000,1919.950000,1915.420000,1917.180000,0.6283
1673798400,1917.200000,1919.950000,1902.470000,1911.710000,1.3235
1673812800,1908.190000,1919.950000,1902.430000,1906.980000,1.1027
1673827200,1908.610000,1919.960000,1902.510000,1904.140000,1.1868
1673841600,1913.650000,1919.950000,1902.440000,1903.440000,1.0916
1673856000,1900.160000,1916.250000,1900.160000,1908.480000,1.1764
1673870400,1906.810000,1919.950000,1899.460000,1911.660000,1.2193
1673884800,1902.670000,1916.180000,1902.670000,1916.110000,1.0285
1673899200,1914.090000,1916.200000,1908.740000,1909.850000,1.0917
1673913600,1911.460000,1914.030000,1902.430000,1908.560000,1.1261
1673928000,1908.190000,1919.950000,1902.500000,1905.350000,1.0313
1673942400,1905.250000,1914.840000,1902.520000,1913.940000,1.0785
1673956800,1906.490000,1922.810000,1901.470000,1911.550000,1.0944
1673971200,1910.830000,1913.430000,1904.530000,1911.910000,1.0740
1673985600,1913.470000,1914.530000,1856.420000,1878.700000,2.2238
1674000000,1881.730000,1896.540000,1871.010000,1880.630000,1.1753
1674014400,1878.180000,1888.070000,1832.740000,1847.760000,1.2472
1674028800,1841.610000,1879.280000,1840.310000,1876.870000,1.1332
1674043200,1876.510000,1883.490000,1874.570000,1880.970000,1.0156
1674057600,1878.140000,1884.990000,1868.730000,1869.690000,0.9811
1674072000,1876.390000,1879.480000,1863.170000,1876.180000,1.1476
1674086400,1873.220000,1879.500000,1868.650000,1872.450000,1.1999
1674100800,1876.870000,1879.520000,1865.810000,1873.620000,1.0986
1674115200,1870.500000,1895.130000,1868.810000,1891.500000,1.2035
1674129600,1893.120000,1893.640000,1887.890000,1889.470000,1.0400
1674144000,1889.420000,1893.640000,1887.950000,1887.960000,1.0872
1674158400,1892.190000,1908.390000,1887.910000,1904.610000,1.3222
1674172800,1902.970000,1911.640000,1899.130000,1910.280000,0.5681
1674187200,1913.790000,1928.260000,1911.740000,1917.260000,0.8301
1674201600,1919.430000,1928.270000,1900.150000,1916.170000,1.0666
1674216000,1914.110000,1916.560000,1906.340000,1916.300000,1.0233
1674230400,1911.700000,1916.530000,1908.690000,1908.760000,1.0570
1674244800,1913.360000,1916.990000,1906.340000,1909.810000,0.8895
1674259200,1910.570000,1914.310000,1909.030000,1909.190000,1.0222
1674273600,1909.060000,1914.290000,1909.060000,1910.970000,1.0591
1674288000,1911.060000,1916.690000,1908.930000,1912.760000,1.0237
1674302400,1912.350000,1916.520000,1908.970000,1913.130000,1.0454
1674316800,1912.110000,1916.690000,1901.840000,1910.200000,1.1819
1674331200,1904.180000,1913.060000,1902.040000,1909.160000,1.1193
1674345600,1912.620000,1913.550000,1902.110000,1906.630000,1.0736
1674360000,1909.390000,1913.830000,1904.390000,1911.640000,1.0224
1674374400,1910.000000,1913.670000,1898.000000,1908.790000,1.1594
1674388800,1903.440000,1913.700000,1903.180000,1912.370000,1.0702
1674403200,1905.180000,1913.850000,1901.400000,1909.760000,0.3842
1674417600,1903.040000,1914.330000,1900.010000,1902.940000,1.0842
1674432000,1902.550000,1913.040000,1901.500000,1910.770000,1.1315
1674446400,1908.780000,1918.490000,1904.750000,1910.370000,1.1186
1674460800,1906.560000,1915.030000,1904.710000,1907.450000,1.0086
1674475200,1911.810000,1913.860000,1900.010000,1908.640000,1.0673
1674489600,1910.170000,1916.590000,1902.790000,1916.280000,0.9425
1674504000,1914.990000,1918.490000,1904.290000,1912.000000,1.0987
1674518400,1909.530000,1912.500000,1904.160000,1911.510000,1.0938
1674532800,1906.190000,1919.980000,1903.980000,1907.760000,1.2037
1674547200,1905.700000,1918.380000,1905.500000,1916.850000,1.0238
1674561600,1916.280000,1918.420000,1914.000000,1916.700000,0.9205
1674576000,1917.000000,1917.000000,1910.560000,1911.850000,0.3656
1674590400,1912.510000,1914.160000,1910.520000,1911.230000,1.0891
1674604800,1911.280000,1914.120000,1908.660000,1912.580000,1.0778
1674619200,1911.860000,1914.150000,1910.500000,1912.350000,0.9981
1674633600,1913.030000,1914.150000,1903.740000,1906.130000,1.0335
1674648000,1904.520000,1907.970000,1902.100000,1903.260000,1.0895
1674662400,1903.350000,1914.920000,1900.020000,1907.670000,1.1230
1674676800,1911.460000,1920.000000,1900.040000,1911.020000,1.1178
1674691200,1906.470000,1913.460000,1904.570000,1907.090000,1.1479
1674705600,1908.870000,1918.000000,1904.560000,1906.550000,1.0065
1674720000,1913.490000,1913.500000,1900.020000,1905.950000,1.0813
1674734400,1905.760000,1913.410000,1902.300000,1902.970000,1.1265
1674748800,1902.220000,1905.930000,1867.760000,1876.170000,2.2580
1674763200,1880.130000,1890.270000,1871.630000,1881.130000,1.1855
1674777600,1884.280000,1892.530000,1871.620000,1888.090000,1.0794
1674792000,1887.590000,1890.020000,1868.460000,1880.070000,1.4421
1674806400,1875.780000,1888.060000,1874.800000,1881.960000,1.0629
1674820800,1879.960000,1895.340000,1876.680000,1895.340000,1.0286
1674835200,1895.340000,1909.970000,1890.000000,1893.160000,0.7029
1674849600,1896.210000,1904.850000,1893.030000,1898.500000,1.1280
1674864000,1899.250000,1899.610000,1892.970000,1897.430000,1.0733
1674878400,1896.960000,1902.970000,1891.080000,1895.490000,1.0981
1674892800,1895.750000,1899.690000,1893.260000,1898.700000,1.1344
1674907200,1898.950000,1900.530000,1877.640000,1888.460000,1.3022
1674921600,1891.080000,1902.500000,1879.520000,1898.630000,1.0648
1674936000,1898.210000,1902.990000,1890.560000,1902.990000,1.0028
1674950400,1902.990000,1902.990000,1889.680000,1892.060000,1.0011
1674964800,1895.790000,1900.470000,1890.530000,1900.390000,0.8478
1674979200,1900.390000,1900.390000,1900.390000,1900.390000,0.0000
1674993600,1904.590000,1908.510000,1903.000000,1903.000000,0.0223
1675008000,1903.000000,1910.000000,1859.960000,1886.830000,5.0124
1675022400,1882.820000,1896.550000,1876.400000,1893.580000,1.0689
1675036800,1894.580000,1894.990000,1891.940000,1893.200000,1.0776
1675051200,1893.210000,1907.780000,1889.680000,1898.670000,1.1843
1675065600,1896.080000,1945.240000,1889.690000,1921.210000,3.4689
1675080000,1925.500000,1932.260000,1918.360000,1923.140000,0.9090
1675094400,1920.610000,1931.660000,1913.790000,1920.880000,1.0584
1675108800,1924.040000,1927.800000,1900.780000,1908.380000,1.0802
1675123200,1911.650000,1922.460000,1906.030000,1917.220000,1.0105
1675137600,1914.200000,1922.530000,1907.130000,1910.460000,1.0964
1675152000,1914.860000,1916.800000,1907.100000,1907.100000,0.7241
1675166400,1907.100000,1922.370000,1907.100000,1911.610000,1.1997
1675180800,1920.280000,1920.690000,1908.550000,1915.530000,1.0721
1675195200,1915.530000,1915.530000,1915.530000,1915.530000,0.0024
1675209600,1915.530000,1915.530000,1915.530000,1915.530000,0.0000
1675224000,1919.000000,1919.000000,1915.530000,1915.530000,0.0107
1675238400,1915.530000,1915.530000,1915.530000,1915.530000,0.0000
1675252800,1915.530000,1915.530000,1915.530000,1915.530000,0.0000
1675267200,1910.380000,1918.990000,1902.980000,1913.850000,0.9039
1675281600,1907.960000,1928.110000,1906.780000,1926.170000,1.1686
1675296000,1917.460000,1931.030000,1913.300000,1927.610000,1.0834
1675310400,1927.290000,1948.260000,1922.680000,1928.000000,0.6303
1675324800,1935.660000,1943.580000,1924.060000,1935.510000,0.8324
1675339200,1934.550000,1944.690000,1925.620000,1926.300000,1.0239
1675353600,1929.930000,1935.330000,1919.160000,1919.160000,1.0559
1675368000,1922.590000,1926.920000,1914.970000,1914.990000,0.4678
1675382400,1913.820000,1913.820000,1911.520000,1911.520000,0.0231
1675396800,1911.520000,1911.520000,1911.520000,1911.520000,0.0000
1675411200,1911.510000,1911.510000,1905.580000,1907.850000,0.3376
1675425600,1906.150000,1909.490000,1899.060000,1905.550000,3.6262
1675440000,1901.370000,1909.250000,1873.820000,1880.300000,1.3562
1675454400,1881.920000,1882.620000,1870.250000,1872.360000,0.3754
1675468800,1871.110000,1875.470000,1871.110000,1875.470000,0.0818
1675483200,1874.680000,1876.680000,1871.140000,1874.970000,0.9078
1675497600,1876.110000,1879.600000,1871.140000,1873.570000,1.7698
1675512000,1877.130000,1877.130000,1871.140000,1871.140000,0.7363
1675526400,1873.500000,1884.080000,1872.870000,1880.800000,0.7791
1675540800,1877.800000,1879.230000,1866.160000,1869.690000,0.6658
1675555200,1868.230000,1879.240000,1865.900000,1875.900000,1.7583
1675569600,1873.820000,1880.940000,1864.010000,1867.960000,1.0698
1675584000,1867.980000,1875.230000,1867.960000,1875.230000,0.0870
1675598400,1873.000000,1873.000000,1870.000000,1870.000000,0.0584
1675612800,1870.030000,1870.030000,1870.000000,1870.000000,0.0204
1675627200,1870.000000,1870.000000,1870.000000,1870.000000,0.0000
1675641600,1872.030000,1877.080000,1871.590000,1872.390000,0.1558
1675656000,1875.310000,1876.890000,1871.340000,1875.640000,1.1661
1675670400,1873.830000,1897.910000,1870.940000,1879.240000,1.1703
1675684800,1879.240000,1879.240000,1879.240000,1879.240000,0.0000
1675699200,1873.690000,1873.690000,1873.690000,1873.690000,0.0006
1675713600,1873.690000,1873.690000,1873.690000,1873.690000,0.0000
1675728000,1873.690000,1873.690000,1873.690000,1873.690000,0.0000
1675742400,1873.690000,1873.690000,1873.690000,1873.690000,0.0000
1675756800,1871.170000,1872.220000,1869.440000,1870.130000,0.7900
1675771200,1870.860000,1870.860000,1870.860000,1870.860000,0.0015
1675785600,1872.790000,1877.100000,1868.000000,1870.840000,0.2337
1675800000,1871.090000,1876.410000,1869.600000,1873.820000,1.6351
1675814400,1872.220000,1883.210000,1868.010000,1873.400000,1.8856
1675828800,1872.800000,1876.380000,1870.450000,1872.000000,1.0881
1675843200,1873.260000,1877.430000,1869.890000,1873.470000,1.1010
1675857600,1871.370000,1876.120000,1869.910000,1872.950000,0.6254
1675872000,1873.540000,1875.060000,1868.980000,1870.100000,1.0200
1675886400,1870.720000,1871.890000,1868.970000,1870.600000,1.1315
1675900800,1869.520000,1870.910000,1868.980000,1870.380000,1.0310
1675915200,1869.420000,1870.910000,1868.990000,1869.240000,0.8731
1675929600,1869.500000,1870.910000,1867.410000,1868.460000,1.0144
1675944000,1868.460000,1868.460000,1868.460000,1868.460000,0.0000
1675958400,1868.460000,1868.460000,1866.000000,1866.000000,0.0506
1675972800,1866.040000,1868.460000,1856.040000,1867.700000,2.1080
1675987200,1862.760000,1868.460000,1856.050000,1862.840000,1.3075
1676001600,1862.920000,1868.460000,1859.220000,1863.160000,1.0934
1676016000,1863.190000,1865.330000,1856.000000,1856.000000,0.8416
1676030400,1858.790000,1858.790000,1847.150000,1849.930000,0.9246
1676044800,1848.580000,1855.630000,1830.000000,1843.130000,2.7313
1676059200,1843.930000,1858.690000,1832.380000,1858.690000,1.7614
1676073600,1855.610000,1858.790000,1843.450000,1849.070000,1.0721
1676088000,1848.880000,1851.070000,1843.060000,1844.860000,1.0955
1676102400,1846.530000,1855.030000,1837.660000,1853.360000,1.2515
1676116800,1853.050000,1856.280000,1848.760000,1849.020000,1.1052
1676131200,1849.260000,1852.300000,1839.500000,1846.470000,1.0558
1676145600,1849.530000,1854.080000,1842.710000,1844.480000,1.1273
1676160000,1844.670000,1850.230000,1842.770000,1849.150000,1.1974
1676174400,1848.210000,1850.260000,1842.680000,1843.890000,1.0672
1676188800,1847.150000,1851.360000,1842.710000,1851.030000,1.1333
1676203200,1851.040000,1854.080000,1844.950000,1845.280000,1.1146
1676217600,1845.640000,1849.560000,1830.950000,1841.000000,1.2108
1676232000,1839.090000,1849.560000,1832.610000,1847.390000,0.9340
1676246400,1844.010000,1847.390000,1830.860000,1838.940000,1.1753
1676260800,1839.490000,1845.400000,1835.710000,1836.090000,1.1583
1676275200,1840.610000,1845.070000,1830.000000,1843.560000,1.1536
1676289600,1842.000000,1846.080000,1834.380000,1834.390000,1.2435
1676304000,1838.280000,1845.680000,1833.110000,1843.530000,1.1720
1676318400,1843.990000,1849.560000,1832.590000,1834.150000,1.2779
1676332800,1842.330000,1861.470000,1836.780000,1852.730000,1.2072
1676347200,1861.990000,1865.190000,1843.210000,1859.170000,1.0295
1676361600,1857.330000,1865.190000,1849.970000,1861.630000,1.1321
1676376000,1857.100000,1862.090000,1855.500000,1861.450000,1.1367
1676390400,1857.580000,1863.280000,1852.860000,1855.570000,0.5897
1676404800,1852.890000,1860.030000,1845.970000,1852.770000,0.6100
1676419200,1850.990000,1854.730000,1847.940000,1851.820000,1.1192
1676433600,1853.650000,1857.170000,1847.910000,1853.270000,1.0656
1676448000,1849.970000,1854.060000,1847.960000,1848.330000,1.0909
1676462400,1849.400000,1864.630000,1840.580000,1845.320000,1.4009
1676476800,1844.880000,1849.310000,1842.810000,1846.540000,1.0721
1676491200,1847.160000,1852.680000,1842.710000,1849.740000,1.1856
1676505600,1847.340000,1852.170000,1847.310000,1849.910000,1.1736
1676520000,1847.340000,1850.200000,1841.560000,1841.850000,0.9952
1676534400,1841.850000,1841.850000,1841.850000,1841.850000,0.0111
1676548800,1843.000000,1843.000000,1822.850000,1829.220000,1.2300
1676563200,1837.070000,1844.770000,1815.140000,1828.840000,1.1099
1676577600,1831.850000,1844.710000,1822.520000,1832.610000,1.1522
1676592000,1837.520000,1839.060000,1822.520000,1834.840000,1.1670
1676606400,1830.120000,1838.890000,1821.020000,1832.300000,1.1503
1676620800,1829.430000,1834.950000,1810.860000,1828.550000,1.3419
1676635200,1822.970000,1837.570000,1816.320000,1826.310000,1.2233
1676649600,1824.590000,1838.980000,1819.040000,1827.970000,1.2348
1676664000,1835.780000,1839.020000,1825.290000,1834.670000,1.1805
1676678400,1836.670000,1839.500000,1825.080000,1826.840000,1.1023
1676692800,1837.450000,1838.760000,1824.750000,1832.030000,1.1661
1676707200,1837.820000,1839.370000,1825.730000,1833.800000,1.0953
1676721600,1833.380000,1841.080000,1830.330000,1836.840000,1.2072
1676736000,1838.190000,1844.730000,1834.980000,1836.050000,1.0185
1676750400,1836.560000,1842.290000,1834.990000,1840.500000,1.2230
1676764800,1835.070000,1838.990000,1825.750000,1833.380000,1.2390
1676779200,1830.950000,1839.170000,1824.750000,1824.750000,1.0931
1676793600,1824.720000,1840.220000,1824.240000,1839.790000,1.1233
1676808000,1835.100000,1844.700000,1828.850000,1838.060000,1.3395
1676822400,1835.300000,1839.210000,1825.130000,1829.990000,0.9417
1676836800,1829.960000,1832.650000,1827.020000,1829.990000,1.0225
1676851200,1827.840000,1831.160000,1826.420000,1826.440000,1.0957
1676865600,1826.400000,1831.470000,1826.370000,1830.000000,1.1836
1676880000,1829.900000,1844.670000,1827.980000,1833.570000,1.3437
1676894400,1835.610000,1838.180000,1828.480000,1836.000000,1.0936
1676908800,1833.640000,1840.640000,1833.410000,1834.710000,1.0993
1676923200,1834.820000,1838.170000,1833.430000,1833.850000,1.1879
1676937600,1836.850000,1840.640000,1833.410000,1838.050000,1.1567
1676952000,1833.840000,1844.760000,1833.430000,1838.190000,1.1188
1676966400,1839.450000,1841.300000,1834.450000,1836.930000,1.1211
1676980800,1834.600000,1842.320000,1834.530000,1838.150000,1.0421
1676995200,1833.500000,1836.200000,1831.010000,1834.260000,0.9997
1677009600,1834.420000,1834.900000,1831.010000,1833.300000,1.2201
1677024000,1833.490000,1834.830000,1832.300000,1834.690000,1.1353
1677038400,1833.180000,1837.200000,1832.310000,1833.230000,1.2041
1677052800,1835.500000,1835.610000,1831.010000,1834.590000,0.8786
1677067200,1834.590000,1837.200000,1832.600000,1837.200000,0.2166
1677081600,1837.200000,1837.200000,1824.210000,1830.930000,1.6699
1677096000,1829.540000,1832.080000,1829.350000,1829.780000,1.1876
1677110400,1830.040000,1833.450000,1826.530000,1830.640000,1.2197
1677124800,1828.980000,1834.130000,1826.520000,1829.380000,1.0633
1677139200,1830.320000,1832.410000,1830.320000,1832.000000,0.7535
1677153600,1828.130000,1828.130000,1828.130000,1828.130000,0.0066
1677168000,1831.000000,1833.450000,1813.360000,1816.500000,1.1732
1677182400,1816.310000,1819.350000,1813.880000,1818.580000,0.2409
1677196800,1817.540000,1820.410000,1813.780000,1815.130000,0.3909
1677211200,1814.870000,1818.240000,1812.340000,1814.940000,0.8327
1677225600,1814.940000,1815.950000,1813.870000,1814.190000,0.1036
1677240000,1812.340000,1812.340000,1807.550000,1810.170000,0.2547
1677254400,1811.030000,1811.400000,1801.150000,1803.480000,1.1695
1677268800,1804.870000,1804.940000,1803.470000,1803.470000,0.0230
1677283200,1804.280000,1813.220000,1803.740000,1804.360000,1.2586
1677297600,1805.630000,1805.850000,1803.060000,1804.200000,1.2048
1677312000,1803.540000,1806.870000,1802.460000,1806.870000,0.2760
1677326400,1806.870000,1806.870000,1806.870000,1806.870000,0.0000
1677340800,1806.870000,1813.610000,1802.840000,1805.570000,0.8991
1677355200,1806.890000,1809.850000,1802.810000,1807.210000,1.0446
1677369600,1807.230000,1810.790000,1807.230000,1810.130000,0.0358
1677384000,1808.770000,1811.170000,1808.700000,1810.500000,0.1294
1677398400,1809.750000,1811.370000,1801.080000,1802.620000,0.5610
1677412800,1804.030000,1807.080000,1798.320000,1802.720000,1.1228
1677427200,1801.730000,1806.080000,1800.450000,1800.730000,0.9590
1677441600,1801.060000,1804.310000,1800.340000,1802.450000,0.4959
1677456000,1802.450000,1802.450000,1802.450000,1802.450000,0.0058
1677470400,1802.450000,1802.450000,1802.450000,1802.450000,0.0000
1677484800,1804.310000,1806.770000,1803.540000,1804.560000,0.5186
1677499200,1804.980000,1807.290000,1803.510000,1805.040000,0.5989
1677513600,1805.280000,1807.240000,1803.770000,1805.540000,0.6175
1677528000,1805.540000,1805.540000,1805.540000,1805.540000,0.0000
1677542400,1805.540000,1805.540000,1805.540000,1805.540000,0.0000
1677556800,1805.540000,1810.200000,1803.490000,1804.590000,0.5936
1677571200,1803.990000,1807.070000,1803.420000,1804.230000,0.5718
1677585600,1806.670000,1816.460000,1800.840000,1808.980000,1.0557
1677600000,1804.650000,1827.580000,1803.800000,1820.850000,1.1394
1677614400,1822.360000,1825.310000,1816.180000,1817.790000,1.2402
1677628800,1817.770000,1828.940000,1816.160000,1824.720000,1.1239
1677643200,1828.680000,1831.770000,1818.530000,1829.680000,1.1491
1677657600,1829.380000,1831.770000,1827.390000,1828.510000,0.7107
1677672000,1829.000000,1837.380000,1828.510000,1834.890000,0.4645
1677686400,1836.550000,1854.530000,1831.430000,1838.240000,2.5197
1677700800,1837.280000,1842.280000,1829.030000,1839.940000,1.1291
1677715200,1839.270000,1840.810000,1838.690000,1840.460000,0.8047
1677729600,1839.440000,1840.620000,1832.200000,1834.990000,0.5951
1677744000,1838.320000,1838.690000,1831.420000,1835.430000,1.0613
1677758400,1836.050000,1838.630000,1829.030000,1835.300000,1.1249
1677772800,1841.990000,1850.840000,1834.730000,1837.480000,2.4524
1677787200,1843.830000,1844.270000,1835.290000,1843.270000,1.1556
1677801600,1840.960000,1847.360000,1829.030000,1837.330000,1.2092
1677816000,1840.350000,1843.870000,1835.300000,1842.310000,1.1445
1677830400,1839.460000,1844.870000,1837.030000,1841.910000,1.0253
1677844800,1842.330000,1843.400000,1841.360000,1842.680000,1.2256
1677859200,1842.080000,1858.800000,1839.530000,1856.500000,1.1785
1677873600,1857.980000,1858.790000,1847.800000,1856.030000,1.1693
1677888000,1856.340000,1860.620000,1854.940000,1860.620000,1.1926
1677902400,1859.710000,1860.610000,1857.930000,1860.500000,0.5263
1677916800,1860.500000,1860.500000,1860.500000,1860.500000,0.0022
1677931200,1860.500000,1860.500000,1860.500000,1860.500000,0.0000
1677945600,1860.500000,1860.500000,1850.490000,1858.110000,1.3696
1677960000,1853.570000,1860.800000,1853.520000,1858.300000,0.8794
1677974400,1858.060000,1859.140000,1853.370000,1854.830000,1.1653
1677988800,1853.930000,1859.010000,1851.460000,1852.590000,1.0308
1678003200,1853.140000,1854.240000,1846.840000,1848.090000,0.9801
1678017600,1848.090000,1848.090000,1848.090000,1848.090000,0.0000
1678032000,1849.930000,1851.350000,1847.540000,1847.790000,0.0401
1678046400,1847.960000,1850.190000,1846.920000,1850.190000,0.1370
1678060800,1849.600000,1849.600000,1846.170000,1848.180000,0.0893
1678075200,1848.280000,1861.480000,1846.460000,1858.800000,1.5346
1678089600,1858.450000,1859.180000,1847.300000,1852.740000,1.1379
1678104000,1851.350000,1857.730000,1843.420000,1850.510000,6.2735
1678118400,1851.810000,1852.680000,1846.400000,1846.560000,2.4760
1678132800,1846.580000,1848.310000,1846.300000,1847.700000,0.7532
1678147200,1847.760000,1848.160000,1846.340000,1848.110000,0.1923
1678161600,1846.820000,1848.170000,1846.290000,1848.000000,0.5196
1678176000,1847.760000,1847.890000,1846.310000,1847.480000,0.1684
1678190400,1846.490000,1847.920000,1834.340000,1839.520000,4.5176
1678204800,1840.380000,1845.440000,1834.340000,1840.360000,1.3605
1678219200,1837.280000,1842.630000,1837.150000,1840.970000,0.9819
1678233600,1834.340000,1834.340000,1834.340000,1834.340000,3.4282
1678248000,1840.740000,1840.740000,1810.680000,1822.050000,1.6311
1678262400,1820.090000,1829.650000,1814.930000,1817.350000,1.0850
1678276800,1821.120000,1828.260000,1813.790000,1825.560000,1.1760
1678291200,1824.470000,1827.220000,1813.240000,1820.170000,1.2917
1678305600,1821.840000,1822.270000,1811.950000,1817.300000,1.2603
1678320000,1821.310000,1822.160000,1813.700000,1817.810000,1.1509
1678334400,1818.900000,1822.260000,1812.530000,1819.690000,1.0739
1678348800,1816.030000,1835.590000,1814.590000,1822.210000,1.3788
1678363200,1824.270000,1837.370000,1817.350000,1829.920000,1.2723
1678377600,1831.800000,1836.770000,1825.200000,1832.080000,2.4211
1678392000,1831.300000,1833.050000,1824.480000,1831.820000,1.1992
1678406400,1832.350000,1834.920000,1826.960000,1829.450000,1.1993
1678420800,1828.360000,1834.760000,1827.620000,1832.060000,1.2090
1678435200,1833.500000,1837.090000,1826.620000,1835.290000,1.1018
1678449600,1834.960000,1844.820000,1831.920000,1844.820000,0.6909
1678464000,1851.800000,1854.100000,1849.700000,1854.100000,0.2291
1678478400,1854.100000,1854.540000,1854.100000,1854.540000,7.3230
1678492800,1854.540000,1857.650000,1854.540000,1855.910000,0.9748
1678507200,1855.980000,1864.810000,1854.540000,1860.360000,3.0657
1678521600,1859.890000,1879.960000,1854.540000,1869.040000,2.2624
1678536000,1872.420000,1901.000000,1857.960000,1887.260000,1.3058
1678550400,1897.590000,1901.450000,1882.210000,1891.220000,1.2837
1678564800,1889.020000,1893.420000,1857.950000,1857.950000,0.7312
1678579200,1857.950000,1879.250000,1857.950000,1869.050000,0.7524
1678593600,1871.670000,1875.240000,1863.790000,1873.960000,1.1472
1678608000,1869.470000,1948.880000,1867.670000,1911.270000,1.8358
1678622400,1909.470000,1912.090000,1886.640000,1895.250000,0.8181
1678636800,1902.570000,1908.110000,1866.980000,1883.640000,2.3412
1678651200,1882.160000,1909.190000,1871.350000,1903.880000,1.4007
1678665600,1906.610000,1906.610000,1882.190000,1897.340000,1.0707
1678680000,1899.150000,1928.180000,1881.790000,1903.320000,1.8003
1678694400,1898.930000,1916.630000,1874.660000,1889.300000,1.4981
1678708800,1887.090000,1910.550000,1886.820000,1904.090000,1.0157
1678723200,1907.630000,1920.490000,1894.660000,1912.660000,2.2011
1678737600,1908.240000,1912.970000,1903.400000,1905.000000,0.6313
1678752000,1908.130000,1908.350000,1906.450000,1906.450000,0.0561
1678766400,1905.000000,1905.700000,1894.690000,1905.490000,2.0931
1678780800,1901.540000,1903.700000,1896.720000,1897.850000,0.3281
1678795200,1903.980000,1905.010000,1886.910000,1900.640000,1.6931
1678809600,1897.570000,1907.770000,1897.030000,1898.450000,3.9431
1678824000,1900.700000,1903.200000,1894.760000,1898.310000,1.4668
1678838400,1898.050000,1901.910000,1893.500000,1896.770000,3.0000
1678852800,1896.650000,1899.010000,1890.240000,1892.520000,2.8696
1678867200,1892.200000,1911.260000,1882.920000,1910.070000,1.9062
1678881600,1909.270000,1924.170000,1909.270000,1924.170000,1.2868
1678896000,1922.010000,1929.910000,1910.990000,1914.650000,1.1939
1678910400,1913.970000,1933.000000,1910.920000,1912.890000,5.7363
1678924800,1910.040000,1911.810000,1905.430000,1905.430000,0.0239
1678939200,1905.430000,1905.430000,1905.430000,1905.430000,0.0000
1678953600,1913.690000,1916.830000,1910.470000,1915.020000,0.2162
1678968000,1921.720000,1926.860000,1914.910000,1914.910000,0.2610
1678982400,1914.490000,1921.940000,1912.590000,1913.280000,0.8054
1678996800,1913.910000,1918.030000,1911.570000,1917.090000,1.1190
1679011200,1915.710000,1923.240000,1913.550000,1921.480000,0.8110
1679025600,1921.110000,1924.000000,1921.110000,1924.000000,0.1417
1679040000,1922.020000,1927.100000,1920.770000,1927.000000,0.8970
1679054400,1926.740000,1957.080000,1926.740000,1954.360000,1.8153
1679068800,1956.640000,1965.310000,1956.640000,1965.310000,0.8280
1679083200,1965.310000,1980.180000,1965.310000,1978.350000,0.3113
1679097600,1978.260000,1985.760000,1974.330000,1978.870000,2.3791
1679112000,1978.630000,1985.540000,1969.310000,1982.010000,3.4707
1679126400,1982.710000,1986.070000,1978.280000,1979.620000,2.4201
1679140800,1980.170000,1983.860000,1974.810000,1980.820000,2.5962
1679155200,1976.010000,1984.780000,1971.310000,1979.180000,1.1067
1679169600,1979.350000,1985.760000,1972.050000,1978.190000,1.1522
1679184000,1976.010000,1984.000000,1973.880000,1976.630000,1.2434
1679198400,1982.460000,1983.890000,1974.690000,1976.980000,1.0349
1679212800,1976.510000,1986.940000,1973.880000,1978.450000,1.2411
1679227200,1980.030000,1981.470000,1980.030000,1981.470000,0.0108
1679241600,1981.470000,1985.580000,1979.420000,1982.690000,0.5960
1679256000,1981.410000,1990.190000,1975.840000,1978.740000,2.7375
1679270400,1978.740000,1978.740000,1967.280000,1967.970000,0.6253
1679284800,1969.790000,1998.000000,1969.790000,1998.000000,0.6932
1679299200,1997.820000,1998.310000,1972.390000,1975.610000,1.1741
1679313600,1979.490000,1993.060000,1963.790000,1974.610000,4.0049
1679328000,1973.450000,1983.670000,1969.710000,1979.670000,1.1336
1679342400,1980.540000,1985.160000,1969.590000,1969.640000,1.9004
1679356800,1970.480000,1976.020000,1970.480000,1974.930000,0.1577
1679371200,1978.390000,1978.390000,1968.700000,1972.020000,0.2323
1679385600,1968.900000,1968.900000,1968.900000,1968.900000,0.5426
1679400000,1968.900000,1968.900000,1968.700000,1968.900000,0.1776
1679414400,1968.700000,1974.380000,1950.000000,1959.880000,1.7310
1679428800,1962.500000,1971.520000,1950.010000,1957.160000,1.1117
1679443200,1956.920000,1988.500000,1953.350000,1953.350000,1.6631
1679457600,1955.750000,1957.320000,1952.980000,1955.120000,0.5446
1679472000,1955.120000,1955.120000,1950.010000,1951.350000,0.5012
1679486400,1951.490000,1974.500000,1950.000000,1953.180000,1.0683
1679500800,1952.710000,1986.590000,1950.000000,1971.670000,1.3088
1679515200,1971.850000,1974.710000,1967.000000,1969.520000,1.2248
1679529600,1971.600000,1979.540000,1969.090000,1975.930000,1.1014
1679544000,1977.330000,1986.590000,1971.860000,1982.240000,1.1034
1679558400,1982.330000,2042.990000,1972.280000,1983.100000,4.1198
1679572800,1980.880000,1984.740000,1977.690000,1983.280000,0.6685
1679587200,1986.400000,1990.580000,1986.370000,1990.580000,0.4338
1679601600,1994.560000,1994.560000,1988.650000,1990.910000,0.4156
1679616000,1991.070000,1993.820000,1989.390000,1993.820000,0.0979
1679630400,1988.740000,1988.740000,1984.570000,1985.720000,0.0304
1679644800,1983.310000,2014.600000,1983.310000,2001.580000,2.4369
1679659200,1999.810000,2016.810000,1990.010000,1992.530000,1.0222
1679673600,1994.360000,1997.990000,1982.950000,1982.950000,1.9176
1679688000,1985.170000,1993.190000,1982.780000,1988.190000,0.2249
1679702400,1983.470000,1983.500000,1983.300000,1983.300000,1.3579
1679716800,1983.300000,1983.500000,1983.300000,1983.300000,0.1730
1679731200,1983.300000,1983.300000,1983.300000,1983.300000,0.0396
1679745600,1983.500000,1983.500000,1983.500000,1983.500000,1.0083
1679760000,1983.500000,1983.500000,1983.300000,1983.500000,0.0112
1679774400,1983.500000,1983.500000,1983.500000,1983.500000,0.5062
1679788800,1983.500000,1983.500000,1983.500000,1983.500000,0.0000
1679803200,1983.500000,1983.500000,1983.500000,1983.500000,0.0000
1679817600,1983.300000,1983.500000,1983.300000,1983.500000,0.0486
1679832000,1983.500000,1983.500000,1983.500000,1983.500000,0.0992
1679846400,1983.300000,1983.300000,1972.600000,1980.350000,0.5858
1679860800,1976.470000,1984.720000,1973.740000,1975.040000,0.7663
1679875200,1974.020000,1978.410000,1973.600000,1977.370000,0.4188
1679889600,1975.000000,1975.000000,1972.600000,1972.600000,0.0450
1679904000,1977.240000,1977.330000,1959.000000,1959.230000,0.4453
1679918400,1955.620000,1962.850000,1952.350000,1956.940000,0.4761
1679932800,1957.450000,1959.900000,1953.410000,1957.100000,0.4807
1679947200,1958.110000,1959.530000,1955.690000,1959.530000,0.8803
1679961600,1959.810000,1963.810000,1958.370000,1960.670000,0.9000
1679976000,1959.340000,1961.020000,1957.000000,1957.000000,0.3968
1679990400,1957.620000,1967.230000,1957.210000,1962.100000,2.1565
1680004800,1958.610000,1972.940000,1958.510000,1967.490000,2.5111
1680019200,1968.010000,1977.640000,1965.470000,1973.140000,0.8760
1680033600,1973.670000,1974.630000,1972.110000,1973.320000,0.7081
1680048000,1973.320000,1973.320000,1973.320000,1973.320000,0.0000
1680062400,1971.000000,1971.000000,1961.110000,1964.280000,0.7474
1680076800,1964.240000,1970.310000,1963.340000,1967.160000,1.4520
1680091200,1968.330000,1975.710000,1966.550000,1966.550000,1.5686
1680105600,1969.910000,1969.910000,1967.430000,1968.410000,0.1568
1680120000,1968.410000,1968.410000,1968.410000,1968.410000,0.0000
1680134400,1966.350000,1966.510000,1964.160000,1964.160000,1.0286
1680148800,1964.360000,1970.710000,1964.360000,1968.710000,0.0188
1680163200,1971.800000,1972.560000,1971.800000,1972.560000,0.0030
1680177600,1970.110000,1975.180000,1965.590000,1975.180000,0.3204
1680192000,1979.860000,1981.010000,1979.160000,1980.330000,4.1301
1680206400,1982.060000,1982.060000,1982.060000,1982.060000,0.0433
1680220800,1981.090000,1982.750000,1977.040000,1982.750000,0.0294
1680235200,1981.410000,1982.930000,1976.200000,1979.220000,0.3900
1680249600,1977.720000,1982.120000,1977.320000,1979.900000,0.0736
1680264000,1981.680000,1987.080000,1977.840000,1980.380000,0.2464
1680278400,1981.600000,1981.600000,1972.910000,1973.440000,6.7120
1680292800,1974.930000,1985.820000,1974.930000,1976.620000,1.7685
1680307200,1979.940000,1979.940000,1974.990000,1976.830000,2.1507
1680321600,1973.000000,1978.600000,1973.000000,1974.940000,0.0147
1680336000,1973.000000,1973.000000,1973.000000,1973.000000,0.0127
1680350400,1974.590000,1974.880000,1974.590000,1974.880000,0.9310
1680364800,1974.980000,1974.980000,1974.980000,1974.980000,0.0005
1680379200,1974.980000,1974.980000,1974.980000,1974.980000,0.0050
1680393600,1974.980000,1974.980000,1974.980000,1974.980000,0.0000
1680408000,1974.740000,1974.740000,1974.740000,1974.740000,0.0496
1680422400,1973.710000,1973.710000,1973.710000,1973.710000,0.0500
1680436800,1974.940000,1974.940000,1973.660000,1973.660000,0.0337
1680451200,1973.430000,1973.430000,1973.430000,1973.430000,0.0561
1680465600,1973.000000,1973.200000,1966.640000,1966.640000,0.2510
1680480000,1966.640000,1975.360000,1965.510000,1965.510000,0.1184
1680494400,1965.710000,1965.710000,1965.510000,1965.510000,0.0333
1680508800,1965.740000,1977.920000,1965.740000,1976.730000,0.0283
1680523200,1978.270000,1982.270000,1976.490000,1982.070000,1.3668
1680537600,1981.690000,1982.270000,1981.690000,1981.900000,0.0498
1680552000,1981.900000,1982.270000,1981.900000,1982.270000,0.2496
1680566400,1981.080000,1982.270000,1980.000000,1980.000000,0.0042
1680580800,1982.270000,1982.270000,1980.280000,1980.720000,0.0033
1680595200,1981.770000,1982.270000,1981.060000,1982.270000,0.0640
1680609600,1982.270000,2016.870000,1981.200000,2016.200000,5.0321
1680624000,2014.570000,2019.000000,2014.570000,2017.380000,0.7349
1680638400,2017.570000,2019.000000,2017.550000,2017.550000,0.3469
1680652800,2017.550000,2017.550000,2017.550000,2017.550000,0.0000
1680667200,2020.780000,2028.180000,2020.780000,2023.990000,0.4669
1680681600,2024.710000,2028.550000,2019.700000,2023.830000,1.0838
1680696000,2023.320000,2032.490000,2015.560000,2021.150000,1.1693
1680710400,2022.730000,2025.300000,2017.370000,2022.320000,0.9520
1680724800,2022.320000,2022.320000,2022.320000,2022.320000,0.0000
1680739200,2019.860000,2020.210000,2019.860000,2020.210000,6.1970
1680753600,2019.860000,2019.860000,2019.650000,2019.860000,0.0025
1680768000,2019.650000,2022.320000,2019.650000,2022.320000,0.0013
1680782400,2019.650000,2019.650000,2014.310000,2014.310000,1.4223
1680796800,2014.310000,2014.310000,2012.010000,2012.010000,2.2296
1680811200,2012.010000,2012.010000,2011.600000,2011.600000,1.2370
1680825600,2011.170000,2011.170000,2010.480000,2010.480000,0.1992
1680840000,2007.490000,2010.310000,2005.880000,2009.470000,0.8092
1680854400,2005.850000,2010.100000,2005.850000,2007.510000,0.2041
1680868800,2007.640000,2011.620000,2006.640000,2011.620000,0.1530
1680883200,2010.670000,2010.670000,2009.710000,2009.710000,0.0078
1680897600,2010.670000,2010.670000,2010.670000,2010.670000,0.0025
1680912000,2010.670000,2010.670000,2010.670000,2010.670000,0.0000
1680926400,2010.670000,2010.670000,2010.670000,2010.670000,0.0009
1680940800,2010.670000,2011.470000,2010.670000,2011.470000,0.0703
1680955200,2011.470000,2011.470000,2011.470000,2011.470000,0.0000
1680969600,2009.710000,2009.710000,2009.710000,2009.710000,0.0005
1680984000,2011.650000,2011.650000,2011.650000,2011.650000,0.0050
1680998400,2011.650000,2011.650000,2009.710000,2009.710000,0.0018
1681012800,2009.710000,2009.710000,2009.710000,2009.710000,0.0011
1681027200,2009.710000,2009.710000,2007.620000,2007.620000,0.0781
1681041600,2007.620000,2007.620000,2007.620000,2007.620000,0.0000
1681056000,2011.360000,2011.360000,2009.390000,2010.340000,0.0304
1681070400,2011.270000,2011.270000,2004.510000,2007.210000,0.2723
1681084800,2005.860000,2005.860000,2002.640000,2002.640000,2.8650
1681099200,2002.640000,2002.640000,2002.640000,2002.640000,0.0000
1681113600,2002.640000,2002.640000,2002.640000,2002.640000,0.0000
1681128000,2002.600000,2002.900000,2002.600000,2002.810000,0.6264
1681142400,2002.810000,2002.940000,2000.450000,2000.660000,0.3053
1681156800,2000.660000,2000.660000,2000.660000,2000.660000,0.5123
1681171200,2000.450000,2000.760000,1992.600000,1999.630000,0.4156
1681185600,2000.170000,2002.670000,1998.230000,2002.670000,0.8762
1681200000,2002.670000,2004.110000,1999.320000,2004.110000,0.2797
1681214400,2004.710000,2004.710000,1998.410000,2004.610000,0.1136
1681228800,2004.590000,2008.420000,2004.590000,2008.420000,1.3785
1681243200,2008.210000,2008.420000,2003.230000,2003.830000,0.4577
1681257600,2004.920000,2009.260000,2003.680000,2004.760000,0.4286
1681272000,2005.980000,2012.450000,2004.840000,2012.450000,0.5819
1681286400,2010.680000,2012.370000,2008.410000,2011.970000,0.9826
1681300800,2011.970000,2015.730000,2010.550000,2010.550000,2.7776
1681315200,2011.220000,2015.000000,2011.220000,2014.160000,0.3662
1681329600,2012.480000,2015.730000,2012.120000,2015.730000,0.1014
1681344000,2015.730000,2020.280000,2015.730000,2017.200000,0.4536
1681358400,2016.920000,2023.130000,2016.920000,2022.570000,0.4454
1681372800,2023.410000,2030.200000,2023.310000,2027.780000,2.4532
1681387200,2028.970000,2043.950000,2026.240000,2042.500000,5.7896
1681401600,2041.050000,2044.380000,2041.050000,2041.050000,0.7749
1681416000,2042.910000,2043.470000,2041.050000,2041.050000,0.5675
1681430400,2041.140000,2047.070000,2041.050000,2045.060000,0.9898
1681444800,2044.040000,2046.230000,2041.050000,2041.320000,1.8786
1681459200,2041.050000,2042.500000,2032.100000,2035.250000,4.9159
1681473600,2034.040000,2039.200000,2001.210000,2001.210000,9.7947
1681488000,2001.250000,2009.890000,2001.190000,2009.860000,1.4136
1681502400,2009.010000,2009.010000,2007.000000,2007.000000,0.3040
1681516800,2011.380000,2012.830000,2007.600000,2012.290000,0.2432
1681531200,2012.710000,2012.710000,2007.600000,2009.520000,0.2215
1681545600,2009.520000,2009.520000,2009.520000,2009.520000,0.0000
1681560000,2007.960000,2007.960000,2007.600000,2007.600000,0.2497
1681574400,2010.720000,2010.720000,2007.600000,2007.600000,0.0058
1681588800,2010.820000,2010.820000,2005.870000,2008.620000,0.2832
1681603200,2008.680000,2009.730000,2005.890000,2007.870000,1.0365
1681617600,2006.760000,2011.220000,2002.800000,2004.140000,0.9747
1681632000,2003.480000,2008.670000,2002.280000,2004.730000,1.0832
1681646400,2007.600000,2007.810000,2004.150000,2005.770000,0.5799
1681660800,2004.510000,2008.080000,2004.510000,2005.830000,0.0803
1681675200,2005.830000,2005.830000,2004.510000,2004.510000,0.1570
1681689600,2004.960000,2005.730000,2004.720000,2004.720000,0.0022
1681704000,2005.170000,2016.050000,2005.170000,2011.740000,1.7771
1681718400,2010.090000,2019.980000,2007.250000,2009.140000,1.0471
1681732800,2010.150000,2011.830000,2005.750000,2005.750000,0.2672
1681747200,2006.010000,2019.030000,1995.400000,1998.920000,2.3493
1681761600,2000.350000,2000.350000,1994.610000,1997.380000,1.1202
1681776000,1997.530000,2004.070000,1994.850000,2000.290000,1.1559
1681790400,2000.220000,2004.210000,1997.740000,2002.470000,1.1564
1681804800,2002.760000,2005.620000,2000.100000,2003.720000,1.0192
1681819200,2004.550000,2013.300000,1998.610000,2009.460000,0.7944
1681833600,2009.880000,2009.880000,2005.410000,2007.700000,0.3900
1681848000,2005.410000,2008.430000,2005.410000,2006.570000,0.2158
1681862400,2007.080000,2009.220000,2005.410000,2006.610000,0.2593
1681876800,2005.410000,2006.610000,1997.000000,1997.000000,0.6001
1681891200,1994.610000,1995.290000,1972.150000,1977.050000,2.7240
1681905600,1973.610000,1996.780000,1972.270000,1989.830000,1.5314
1681920000,1991.480000,1998.160000,1990.450000,1996.020000,1.1812
1681934400,1995.840000,1997.400000,1992.100000,1995.420000,1.3371
1681948800,1995.210000,1997.590000,1993.330000,1993.580000,0.5816
1681963200,1995.180000,1995.180000,1994.300000,1994.800000,0.0333
1681977600,1994.520000,1994.800000,1994.320000,1994.600000,1.0482
1681992000,1994.600000,2009.890000,1994.420000,2003.230000,0.7574
1682006400,2003.680000,2009.890000,2002.570000,2004.020000,1.2162
1682020800,2003.710000,2008.410000,2002.590000,2006.650000,1.2017
1682035200,2006.190000,2007.240000,2000.970000,2003.810000,1.0593
1682049600,2001.900000,2004.560000,1994.000000,1994.000000,2.4892
1682064000,1994.200000,1994.200000,1984.110000,1988.680000,2.1475
1682078400,1987.720000,2000.460000,1983.000000,1983.200000,0.8546
1682092800,1983.000000,1987.360000,1977.550000,1982.130000,1.5930
1682107200,1982.680000,1986.880000,1980.870000,1984.920000,1.0707
1682121600,1983.880000,1990.460000,1981.410000,1984.910000,1.1850
1682136000,1983.770000,1987.830000,1982.270000,1985.790000,1.0771
1682150400,1985.060000,1987.830000,1981.870000,1983.490000,1.1337
1682164800,1984.930000,1986.030000,1981.870000,1984.940000,1.0819
1682179200,1985.670000,1987.410000,1983.240000,1984.130000,0.5540
1682193600,1987.680000,1987.680000,1986.870000,1986.870000,0.1830
1682208000,1987.400000,1987.780000,1984.130000,1986.830000,1.0997
1682222400,1986.120000,1987.790000,1983.410000,1985.670000,1.0039
1682236800,1985.750000,1987.680000,1983.960000,1986.590000,0.6755
1682251200,1985.000000,1987.310000,1984.030000,1984.570000,1.9398
1682265600,1984.450000,1987.030000,1982.370000,1984.830000,2.1026
1682280000,1991.260000,1991.330000,1982.350000,1984.950000,0.7895
1682294400,1984.570000,1987.920000,1980.400000,1981.950000,1.0442
1682308800,1983.160000,1984.930000,1980.030000,1984.080000,0.2047
1682323200,1985.580000,1989.810000,1982.250000,1985.750000,0.9118
1682337600,1984.590000,1987.170000,1980.270000,1983.370000,0.6517
1682352000,1986.100000,1986.100000,1982.980000,1982.980000,0.0609
1682366400,1983.840000,1992.770000,1983.740000,1990.790000,0.5112
1682380800,1990.590000,2000.000000,1990.590000,1994.950000,0.6300
1682395200,1995.460000,1998.220000,1990.220000,1992.520000,0.6351
1682409600,1991.830000,1992.510000,1986.830000,1986.940000,0.6199
1682424000,1987.140000,1992.920000,1987.140000,1991.770000,0.2328
1682438400,1991.950000,1998.950000,1989.000000,1991.790000,0.7025
1682452800,1998.350000,2000.000000,1994.680000,2000.000000,0.2544
1682467200,2000.000000,2000.000000,2000.000000,2000.000000,0.0060
1682481600,1997.740000,2001.370000,1994.830000,1996.550000,0.5655
1682496000,1995.610000,2003.000000,1993.150000,1995.360000,1.2414
1682510400,1996.820000,2007.640000,1994.720000,1995.340000,2.8218
1682524800,1993.140000,1994.060000,1986.950000,1989.840000,0.9876
1682539200,1990.230000,1995.180000,1986.950000,1992.690000,0.9216
1682553600,1989.140000,2002.200000,1989.140000,2000.020000,1.1818
1682568000,2000.990000,2004.930000,1997.420000,1998.910000,2.7536
1682582400,2000.110000,2004.930000,1996.250000,1999.270000,1.3185
1682596800,1998.890000,2000.890000,1986.950000,1986.950000,0.7893
1682611200,1986.950000,1999.320000,1986.950000,1989.670000,2.4342
1682625600,1989.560000,1993.370000,1986.960000,1988.850000,1.2005
1682640000,1990.730000,1994.550000,1989.130000,1992.120000,0.3895
1682654400,1990.860000,1992.850000,1986.950000,1986.950000,5.3046
1682668800,1986.950000,1986.950000,1986.950000,1986.950000,0.0000
1682683200,1990.040000,1996.260000,1986.950000,1991.560000,0.8312
1682697600,1993.620000,1996.020000,1990.000000,1993.240000,0.6231
1682712000,1991.980000,1998.530000,1991.340000,1993.040000,0.7966
1682726400,1992.570000,1994.350000,1991.230000,1991.680000,1.0617
1682740800,1992.190000,1994.100000,1990.000000,1990.000000,0.9928
1682755200,1993.230000,1993.230000,1990.000000,1992.010000,0.3147
1682769600,1991.170000,1994.070000,1990.000000,1991.870000,0.8877
1682784000,1993.030000,1994.880000,1991.210000,1991.710000,1.0357
1682798400,1991.700000,1994.270000,1990.000000,1992.880000,0.9981
1682812800,1992.010000,1994.230000,1990.000000,1992.370000,1.0501
1682827200,1992.260000,1995.560000,1991.320000,1991.320000,1.0859
1682841600,1993.060000,1993.420000,1991.050000,1991.230000,0.8426
1682856000,1991.490000,1995.760000,1990.000000,1993.920000,1.6417
1682870400,1993.010000,1995.530000,1991.450000,1993.070000,0.0666
1682884800,1997.300000,2004.130000,1991.050000,1991.160000,0.1997
1682899200,1990.000000,1990.000000,1986.950000,1986.950000,0.1974
1682913600,1986.950000,1989.440000,1986.950000,1989.390000,0.1165
1682928000,1987.330000,1989.900000,1986.950000,1986.950000,0.0868
1682942400,1994.950000,2005.780000,1994.950000,1996.600000,1.9356
1682956800,1987.120000,1987.680000,1986.950000,1986.950000,0.1923
1682971200,1986.330000,1986.330000,1985.000000,1985.000000,0.0281
1682985600,1987.180000,1987.960000,1985.000000,1986.580000,0.0607
1683000000,1987.340000,1987.740000,1985.000000,1986.330000,0.0957
1683014400,1986.380000,1993.490000,1986.340000,1988.300000,1.3525
1683028800,1987.060000,2003.000000,1986.360000,2003.000000,0.6173
1683043200,2006.000000,2006.950000,2006.000000,2006.650000,1.3274
1683057600,2006.950000,2016.530000,2006.950000,2015.040000,3.3986
1683072000,2014.390000,2018.090000,2013.300000,2015.970000,1.0157
1683086400,2017.870000,2018.430000,2012.330000,2014.220000,0.9191
1683100800,2012.260000,2017.420000,2012.170000,2015.520000,1.0976
1683115200,2015.720000,2017.800000,2008.830000,2017.020000,0.8875
1683129600,2018.930000,2018.930000,2007.790000,2018.930000,0.6222
1683144000,2018.930000,2038.400000,2018.930000,2038.190000,1.6585
1683158400,2038.190000,2038.190000,2034.560000,2034.560000,0.0302
1683172800,2036.690000,2036.850000,2027.640000,2032.140000,0.4362
1683187200,2032.310000,2033.300000,2028.110000,2030.650000,0.1858
1683201600,2030.860000,2038.400000,2030.860000,2034.730000,1.0328
1683216000,2038.400000,2038.400000,2038.190000,2038.400000,0.0031
1683230400,2038.190000,2038.400000,2038.190000,2038.190000,0.0069
1683244800,2038.190000,2038.400000,2038.190000,2038.400000,0.0011
1683259200,2038.190000,2038.300000,2035.350000,2035.720000,0.0513
1683273600,2036.040000,2036.940000,2030.140000,2033.200000,1.1655
1683288000,2033.260000,2036.610000,2002.690000,2010.740000,8.1337
1683302400,2011.560000,2017.890000,2008.000000,2017.420000,5.9455
1683316800,2016.850000,2018.830000,2012.300000,2013.000000,0.9422
1683331200,2012.330000,2019.040000,2009.820000,2013.030000,1.0723
1683345600,2014.870000,2016.750000,2012.580000,2015.380000,1.0511
1683360000,2015.990000,2017.880000,2011.520000,2016.320000,0.9945
1683374400,2016.070000,2017.130000,2010.300000,2011.920000,2.2990
1683388800,2015.290000,2019.040000,2009.660000,2014.220000,2.2923
1683403200,2014.830000,2015.040000,2012.200000,2014.960000,1.6294
1683417600,2011.290000,2016.220000,2011.170000,2012.950000,0.4933
1683432000,2014.870000,2018.680000,2008.570000,2015.560000,1.0873
1683446400,2017.140000,2017.650000,2012.090000,2017.060000,1.4049
1683460800,2015.360000,2017.300000,2014.000000,2017.220000,0.9913
1683475200,2017.480000,2017.480000,2017.480000,2017.480000,0.0036
1683489600,2017.050000,2017.680000,2014.570000,2014.770000,0.6566
1683504000,2014.000000,2017.900000,2008.520000,2017.820000,2.3552
1683518400,2019.040000,2022.010000,2014.820000,2020.420000,0.9860
1683532800,2019.750000,2020.760000,2012.540000,2014.970000,0.2510
1683547200,2016.790000,2018.480000,2016.790000,2018.480000,0.0653
1683561600,2018.480000,2028.150000,2018.380000,2021.460000,0.9675
1683576000,2020.810000,2022.830000,2017.460000,2021.070000,2.7556
1683590400,2020.510000,2025.740000,2017.590000,2022.970000,1.2651
1683604800,2022.510000,2028.580000,2020.350000,2023.940000,0.9916
1683619200,2022.680000,2032.410000,2019.730000,2030.530000,4.8807
1683633600,2029.340000,2032.160000,2022.190000,2025.700000,0.7718
1683648000,2024.000000,2034.200000,2024.000000,2033.260000,0.6931
1683662400,2033.890000,2036.530000,2030.940000,2035.220000,1.3343
1683676800,2036.040000,2036.750000,2029.800000,2031.400000,0.7986
1683691200,2032.320000,2033.060000,2026.560000,2030.320000,0.5646
1683705600,2030.090000,2032.610000,2025.300000,2030.120000,1.0889
1683720000,2029.260000,2041.110000,2028.020000,2028.020000,0.7316
1683734400,2027.030000,2032.980000,2025.500000,2031.250000,0.4536
1683748800,2030.300000,2033.110000,2027.460000,2031.370000,0.5999
1683763200,2028.060000,2035.800000,2028.060000,2031.770000,0.4909
1683777600,2031.990000,2033.370000,2026.900000,2027.320000,0.5526
1683792000,2025.500000,2031.570000,2025.500000,2030.820000,0.1559
1683806400,2030.400000,2032.810000,2015.040000,2016.520000,0.8933
1683820800,2015.040000,2018.670000,2013.500000,2013.500000,0.6968
1683835200,2016.020000,2019.320000,2009.330000,2014.680000,0.7580
1683849600,2014.270000,2018.310000,2010.500000,2012.280000,0.4162
1683864000,2011.900000,2013.580000,2004.090000,2007.370000,0.5580
1683878400,2007.660000,2010.040000,2003.650000,2005.910000,0.4077
1683892800,2008.000000,2016.620000,2008.000000,2008.820000,0.2143
1683907200,2009.320000,2018.130000,2007.320000,2009.080000,3.0182
1683921600,2009.730000,2012.100000,2008.670000,2010.810000,0.5613
1683936000,2010.290000,2010.930000,2008.670000,2009.820000,0.3690
1683950400,2009.820000,2009.820000,2009.820000,2009.820000,0.0000
1683964800,2012.100000,2012.100000,2008.690000,2009.000000,0.4582
1683979200,2009.000000,2012.010000,2009.000000,2011.670000,0.3664
1683993600,2010.160000,2013.030000,2009.000000,2009.000000,1.0931
1684008000,2009.000000,2009.000000,2009.000000,2009.000000,0.0000
1684022400,2011.650000,2012.080000,2010.180000,2010.500000,0.0546
1684036800,2009.500000,2009.500000,2009.500000,2009.500000,0.0069
1684051200,2009.500000,2009.500000,2009.500000,2009.500000,0.0017
1684065600,2012.820000,2012.820000,2009.500000,2012.470000,0.0211
1684080000,2009.500000,2011.440000,2009.500000,2011.440000,0.0707
1684094400,2012.190000,2017.250000,2011.580000,2015.600000,0.4089
1684108800,2014.670000,2017.230000,2009.500000,2012.830000,0.7331
1684123200,2013.940000,2016.850000,2011.280000,2011.990000,0.4037
1684137600,2013.090000,2017.480000,2011.130000,2013.210000,0.1384
1684152000,2013.750000,2019.580000,2010.840000,2016.940000,2.2946
1684166400,2016.220000,2019.840000,2012.290000,2013.410000,0.5237
1684180800,2011.430000,2017.010000,2011.430000,2013.460000,0.6182
1684195200,2013.790000,2018.180000,2011.740000,2017.290000,0.5968
1684209600,2017.580000,2017.580000,2009.000000,2009.000000,1.3272
1684224000,2010.000000,2010.370000,2010.000000,2010.370000,0.0737
1684238400,2011.420000,2013.070000,2004.000000,2004.000000,0.6486
1684252800,2004.210000,2004.210000,1997.000000,1997.000000,2.8950
1684267200,1997.000000,1997.300000,1997.000000,1997.300000,0.0937
1684281600,2000.900000,2000.900000,2000.900000,2000.900000,0.0035
1684296000,1998.710000,1998.710000,1997.000000,1997.000000,0.0053
1684310400,1997.000000,1997.000000,1991.350000,1993.160000,0.2491
1684324800,1992.300000,1995.530000,1989.280000,1989.740000,1.0427
1684339200,1988.330000,1992.780000,1988.000000,1988.000000,0.0623
1684353600,1988.540000,1991.820000,1988.200000,1988.380000,1.2527
1684368000,1988.330000,1989.240000,1988.230000,1988.230000,0.0827
1684382400,1990.770000,1991.690000,1988.200000,1988.200000,0.1002
1684396800,1988.000000,1988.000000,1982.820000,1983.020000,1.4787
1684411200,1983.020000,1983.120000,1965.010000,1965.010000,13.8679
1684425600,1965.000000,1965.000000,1953.850000,1957.750000,3.9444
1684440000,1959.650000,1959.650000,1958.000000,1958.000000,0.0980
1684454400,1959.650000,1960.100000,1958.240000,1958.240000,0.9586
1684468800,1958.550000,1960.290000,1958.550000,1960.290000,0.6853
1684483200,1964.470000,1969.030000,1961.790000,1962.270000,0.6700
1684497600,1962.250000,1974.130000,1958.680000,1973.670000,0.6157
1684512000,1972.810000,1983.430000,1971.950000,1972.500000,1.7820
1684526400,1975.410000,1986.540000,1974.030000,1977.640000,1.3092
1684540800,1977.640000,1977.640000,1977.640000,1977.640000,0.0000
1684555200,1975.940000,1975.940000,1975.940000,1975.940000,0.0005
1684569600,1975.940000,1975.940000,1971.890000,1971.890000,0.0120
1684584000,1973.150000,1975.940000,1971.780000,1974.020000,0.0571
1684598400,1972.900000,1975.940000,1971.390000,1971.390000,0.0468
1684612800,1975.940000,1975.940000,1974.000000,1975.940000,0.1210
1684627200,1973.760000,1973.760000,1973.430000,1973.430000,0.0293
1684641600,1973.430000,1973.430000,1973.430000,1973.430000,0.0000
1684656000,1975.940000,1975.940000,1975.940000,1975.940000,0.0005
1684670400,1973.790000,1975.940000,1972.590000,1975.940000,0.0718
1684684800,1975.940000,1975.940000,1975.940000,1975.940000,0.1048
1684699200,1973.090000,1975.940000,1973.090000,1975.940000,0.6382
1684713600,1977.720000,1979.600000,1976.360000,1976.360000,0.0503
1684728000,1976.460000,1978.400000,1971.110000,1977.820000,0.3196
1684742400,1975.190000,1982.590000,1973.380000,1973.380000,0.5117
1684756800,1975.300000,1979.000000,1973.800000,1973.840000,0.2416
1684771200,1973.770000,1976.170000,1971.300000,1971.500000,0.3788
1684785600,1972.810000,1975.440000,1970.840000,1971.150000,0.4888
1684800000,1970.000000,1970.000000,1969.530000,1969.530000,0.0245
1684814400,1966.280000,1966.550000,1959.510000,1959.510000,1.1078
1684828800,1959.910000,1962.400000,1955.350000,1959.540000,1.4994
1684843200,1960.280000,1973.860000,1957.030000,1968.760000,0.4628
1684857600,1967.500000,1977.820000,1967.410000,1974.040000,0.4096
1684872000,1974.490000,1978.250000,1973.300000,1974.830000,0.1345
1684886400,1976.610000,1978.160000,1975.770000,1977.470000,0.0677
1684900800,1977.310000,1980.270000,1974.320000,1975.580000,0.3916
1684915200,1978.050000,1982.750000,1975.300000,1982.750000,0.5695
1684929600,1983.020000,1985.430000,1966.290000,1968.490000,3.7959
1684944000,1966.480000,1970.490000,1960.170000,1964.430000,0.5776
1684958400,1966.290000,1973.670000,1959.010000,1961.650000,0.1858
1684972800,1959.010000,1960.450000,1959.010000,1960.450000,0.0019
1684987200,1959.010000,1961.250000,1959.010000,1961.250000,0.0346
1685001600,1961.050000,1965.050000,1960.370000,1963.800000,0.1133
1685016000,1966.180000,1966.180000,1952.370000,1952.370000,0.2901
1685030400,1951.400000,1951.400000,1942.470000,1942.820000,0.3643
1685044800,1940.000000,1943.620000,1938.260000,1940.510000,0.2228
1685059200,1941.610000,1947.150000,1939.530000,1945.270000,0.4453
1685073600,1945.560000,1946.530000,1945.560000,1946.530000,0.0063
1685088000,1948.200000,1950.360000,1948.200000,1949.890000,0.2389
1685102400,1949.060000,1950.860000,1942.250000,1944.540000,0.2658
1685116800,1942.480000,1967.060000,1941.220000,1950.380000,2.9285
1685131200,1951.280000,2032.990000,1949.810000,1970.300000,9.5850
1685145600,1970.960000,1973.440000,1961.780000,1963.250000,0.5505
1685160000,1973.060000,1974.660000,1956.990000,1972.740000,0.6007
1685174400,1972.780000,1989.200000,1957.690000,1963.280000,3.5559
1685188800,1962.120000,1968.040000,1956.700000,1960.190000,0.2809
1685203200,1956.700000,1975.960000,1956.700000,1962.670000,0.6127
1685217600,1961.510000,1968.070000,1947.110000,1950.140000,0.6951
1685232000,1951.000000,1954.280000,1943.970000,1948.090000,1.1294
1685246400,1949.620000,1955.480000,1949.620000,1952.150000,1.7030
1685260800,1952.150000,1954.370000,1952.150000,1952.150000,0.1320
1685275200,1952.050000,1952.050000,1943.120000,1948.590000,0.3407
1685289600,1948.080000,1948.080000,1944.100000,1945.270000,0.3379
1685304000,1945.970000,1949.910000,1941.630000,1943.490000,0.6151
1685318400,1940.330000,1946.290000,1940.330000,1944.840000,0.3432
1685332800,1943.670000,1949.250000,1943.670000,1948.530000,1.6723
1685347200,1948.530000,1948.530000,1921.040000,1933.620000,97.6782
1685361600,1931.780000,1947.050000,1923.500000,1944.510000,4.4340
1685376000,1945.400000,1945.830000,1940.370000,1943.960000,0.6352
1685390400,1942.740000,1944.140000,1940.180000,1943.240000,2.5534
1685404800,1942.770000,1943.810000,1939.080000,1941.100000,12.0286
1685419200,1937.680000,1938.970000,1937.680000,1938.970000,0.0369
1685433600,1943.770000,1955.740000,1942.870000,1955.740000,1.4658
1685448000,1956.100000,1956.300000,1956.100000,1956.300000,0.0084
1685462400,1956.670000,1961.650000,1956.670000,1958.720000,1.6081
1685476800,1959.320000,1961.450000,1956.250000,1957.870000,0.6301
1685491200,1958.250000,1960.990000,1956.250000,1958.290000,0.3168
1685505600,1958.430000,1963.990000,1956.250000,1958.410000,0.3910
1685520000,1960.190000,1961.890000,1956.250000,1959.790000,0.1228
1685534400,1960.840000,1964.240000,1960.300000,1962.530000,0.0876
1685548800,1965.310000,1965.480000,1953.770000,1959.000000,1.4969
1685563200,1962.340000,1964.100000,1958.750000,1961.780000,0.5825
1685577600,1960.240000,1962.090000,1951.600000,1955.730000,0.2246
1685592000,1955.730000,1955.730000,1953.770000,1953.770000,0.1865
1685606400,1953.770000,1962.530000,1953.770000,1960.860000,0.5940
1685620800,1957.090000,1964.190000,1945.990000,1964.190000,3.3403
1685635200,1965.510000,1973.780000,1965.510000,1973.780000,1.3005
1685649600,1973.780000,1973.780000,1973.780000,1973.780000,0.0034
1685664000,1973.780000,1973.780000,1973.710000,1973.780000,1.0675
1685678400,1973.780000,1973.780000,1973.780000,1973.780000,0.0000
1685692800,1973.780000,1973.780000,1973.780000,1973.780000,0.0000
1685707200,1973.580000,1973.580000,1973.510000,1973.510000,0.0151
1685721600,1972.630000,1972.630000,1949.060000,1949.060000,1.3895
1685736000,1949.060000,1949.060000,1949.060000,1949.060000,0.0009
1685750400,1949.060000,1949.060000,1949.060000,1949.060000,0.0000
1685764800,1949.060000,1949.060000,1949.060000,1949.060000,0.0000
1685779200,1948.930000,1948.930000,1948.270000,1948.270000,0.0846
1685793600,1947.770000,1947.770000,1941.930000,1942.710000,0.3018
1685808000,1940.750000,1949.060000,1939.000000,1944.080000,2.4966
1685822400,1946.210000,1946.890000,1940.910000,1943.600000,0.6424
1685836800,1942.210000,1944.190000,1940.600000,1941.240000,0.6218
1685851200,1941.760000,1945.400000,1940.630000,1943.930000,0.5693
1685865600,1943.930000,1943.930000,1943.930000,1943.930000,0.0000
1685880000,1944.660000,1944.660000,1943.930000,1943.930000,0.1496
1685894400,1945.400000,1945.400000,1939.000000,1941.470000,1.2509
1685908800,1941.390000,1944.080000,1940.680000,1944.020000,0.2824
1685923200,1943.910000,1952.390000,1941.530000,1944.500000,1.5442
1685937600,1949.570000,1955.390000,1940.780000,1948.790000,0.7537
1685952000,1948.220000,1954.680000,1944.690000,1954.370000,0.6341
1685966400,1952.800000,1956.120000,1948.450000,1954.980000,0.9576
1685980800,1953.440000,1967.990000,1951.860000,1960.520000,0.7597
1685995200,1960.930000,1969.000000,1957.370000,1963.320000,0.5837
1686009600,1968.540000,1968.540000,1957.370000,1962.580000,0.9248
1686024000,1960.540000,1963.060000,1959.280000,1959.720000,0.5947
1686038400,1962.920000,1963.270000,1959.320000,1961.860000,0.1129
1686052800,1960.520000,1963.360000,1959.450000,1962.080000,0.1518
1686067200,1963.430000,1965.640000,1957.370000,1957.370000,0.5344
1686081600,1961.190000,1965.670000,1952.430000,1961.380000,0.6038
1686096000,1962.640000,1963.310000,1960.070000,1962.900000,0.5831
1686110400,1960.340000,1964.990000,1956.590000,1959.720000,0.6687
1686124800,1960.080000,1963.130000,1958.030000,1963.070000,0.2525
1686139200,1961.120000,1961.790000,1950.720000,1951.460000,0.6318
1686153600,1952.110000,1953.140000,1945.300000,1946.370000,0.4954
1686168000,1946.970000,1952.750000,1942.880000,1943.770000,1.0182
1686182400,1943.480000,1955.240000,1942.850000,1951.550000,0.5998
1686196800,1947.580000,1953.810000,1944.630000,1950.890000,1.7092
1686211200,1950.360000,1953.240000,1945.200000,1949.030000,0.6093
1686225600,1950.960000,1965.510000,1948.810000,1961.790000,0.7728
1686240000,1961.190000,1963.950000,1958.680000,1962.570000,0.4601
1686254400,1962.570000,1963.930000,1959.000000,1959.000000,0.4547
1686268800,1956.360000,1956.360000,1956.360000,1956.360000,0.0006
1686283200,1956.360000,1970.000000,1956.360000,1960.290000,0.4414
1686297600,1963.720000,1965.640000,1956.360000,1964.350000,0.3097
1686312000,1965.640000,1966.280000,1965.640000,1966.280000,0.0385
1686326400,1966.280000,1966.280000,1966.280000,1966.280000,0.0034
1686340800,1966.280000,1966.280000,1964.350000,1964.350000,0.0012
1686355200,1964.350000,1964.350000,1964.350000,1964.350000,0.0050
1686369600,1964.350000,1964.350000,1957.370000,1959.420000,0.1059
1686384000,1961.620000,1965.000000,1956.120000,1957.100000,0.7330
1686398400,1955.790000,1965.000000,1949.060000,1961.710000,0.4944
1686412800,1961.710000,1965.000000,1942.110000,1949.230000,0.7494
1686427200,1950.160000,1956.120000,1944.660000,1951.330000,0.7606
1686441600,1950.720000,1952.540000,1940.780000,1948.050000,2.2301
1686456000,1948.670000,1950.520000,1944.660000,1947.990000,0.5815
1686470400,1948.530000,1949.880000,1947.140000,1949.880000,0.3389
1686484800,1946.210000,1948.860000,1946.180000,1948.700000,0.1950
1686499200,1947.120000,1954.700000,1946.130000,1953.150000,0.4762
1686513600,1953.660000,1954.710000,1951.950000,1952.140000,0.6299
1686528000,1954.140000,1954.700000,1951.940000,1953.590000,0.5671
1686542400,1952.610000,1954.690000,1951.950000,1952.050000,0.3904
1686556800,1951.050000,1956.120000,1951.050000,1955.100000,0.3101
1686571200,1954.020000,1957.370000,1950.520000,1952.700000,0.6263
1686585600,1952.500000,1957.370000,1950.520000,1952.420000,0.5985
1686600000,1955.050000,1960.000000,1949.060000,1951.840000,0.9857
1686614400,1955.920000,1958.070000,1951.800000,1954.250000,0.6238
1686628800,1954.040000,1957.250000,1945.990000,1948.900000,0.6078
1686643200,1952.920000,1960.000000,1948.850000,1957.500000,0.9057
1686657600,1953.620000,1961.690000,1952.550000,1952.670000,0.6059
1686672000,1956.980000,1957.850000,1939.300000,1943.440000,0.8481
1686686400,1943.600000,1949.060000,1941.010000,1946.130000,0.2716
1686700800,1946.130000,1949.060000,1940.990000,1944.800000,0.4576
1686715200,1944.590000,1949.060000,1936.000000,1945.170000,0.6347
1686729600,1942.540000,1963.000000,1939.990000,1952.250000,0.8308
1686744000,1956.360000,1963.000000,1952.310000,1958.150000,0.6273
1686758400,1954.490000,1959.510000,1945.300000,1950.700000,0.6649
1686772800,1949.860000,1955.860000,1945.300000,1950.240000,0.6260
1686787200,1950.150000,1955.860000,1940.750000,1943.690000,0.5002
1686801600,1943.170000,1946.160000,1934.550000,1942.520000,0.5865
1686816000,1943.960000,1946.390000,1938.500000,1940.150000,0.7800
1686830400,1940.940000,1957.370000,1939.920000,1950.040000,0.7192
1686844800,1947.380000,1956.120000,1945.990000,1950.090000,0.4728
1686859200,1951.860000,1957.340000,1948.320000,1951.570000,0.5943
1686873600,1952.720000,1954.950000,1945.300000,1948.810000,0.5574
1686888000,1950.320000,1957.340000,1948.330000,1951.960000,0.5699
1686902400,1951.450000,1956.040000,1948.950000,1955.350000,0.5798
1686916800,1953.800000,1956.100000,1950.790000,1951.480000,0.5252
1686931200,1952.670000,1957.340000,1948.320000,1952.060000,0.6378
1686945600,1949.680000,1955.120000,1945.990000,1951.070000,0.6207
1686960000,1951.930000,1954.440000,1948.890000,1953.560000,0.5728
1686974400,1954.320000,1957.340000,1948.830000,1950.560000,0.5730
1686988800,1950.350000,1961.120000,1948.900000,1956.770000,0.5767
1687003200,1954.620000,1958.200000,1952.110000,1953.520000,0.5944
1687017600,1955.810000,1961.120000,1952.120000,1954.930000,0.6041
1687032000,1954.460000,1958.090000,1952.100000,1958.020000,0.5839
1687046400,1957.580000,1958.000000,1952.090000,1956.310000,0.5695
1687060800,1954.330000,1958.100000,1952.080000,1954.110000,0.5867
1687075200,1952.850000,1958.030000,1952.090000,1954.440000,0.5969
1687089600,1954.840000,1958.050000,1944.660000,1944.660000,1.1194
1687104000,1943.810000,1946.630000,1941.940000,1946.630000,0.1437
1687118400,1946.630000,1946.630000,1942.110000,1945.250000,0.3447
1687132800,1944.640000,1944.640000,1944.640000,1944.640000,0.0006
1687147200,1943.360000,1945.010000,1942.290000,1942.810000,0.2808
1687161600,1944.980000,1945.460000,1938.240000,1942.190000,0.5795
1687176000,1944.160000,1946.630000,1937.600000,1941.820000,0.6049
1687190400,1943.910000,1946.630000,1940.340000,1946.630000,0.4464
1687204800,1946.630000,1946.630000,1946.630000,1946.630000,0.0000
1687219200,1941.650000,1946.630000,1936.830000,1943.850000,0.3736
1687233600,1939.620000,1945.060000,1939.520000,1944.820000,0.4918
1687248000,1946.630000,1946.630000,1938.240000,1941.440000,0.8892
1687262400,1940.320000,1941.410000,1936.620000,1936.620000,0.5864
1687276800,1936.620000,1940.340000,1936.620000,1940.340000,0.0666
1687291200,1938.480000,1938.480000,1926.670000,1936.550000,0.8078
1687305600,1931.910000,1940.340000,1928.620000,1929.890000,0.6045
1687320000,1928.000000,1933.430000,1926.320000,1929.450000,0.4907
1687334400,1929.450000,1929.450000,1929.450000,1929.450000,0.0000
1687348800,1928.000000,1928.000000,1925.200000,1926.630000,0.4450
1687363200,1925.250000,1929.390000,1925.250000,1927.100000,0.2194
1687377600,1927.000000,1927.100000,1927.000000,1927.100000,0.0882
1687392000,1927.100000,1927.100000,1927.100000,1927.100000,0.0007
1687406400,1927.100000,1927.100000,1926.200000,1926.200000,0.0403
1687420800,1926.200000,1926.200000,1926.200000,1926.200000,0.0006
1687435200,1925.000000,1925.000000,1921.710000,1923.570000,0.1573
1687449600,1922.370000,1923.800000,1910.200000,1921.010000,0.4234
1687464000,1923.850000,1923.850000,1920.860000,1920.860000,0.0012
1687478400,1920.860000,1920.860000,1915.680000,1915.680000,0.1743
1687492800,1915.680000,1923.850000,1915.680000,1919.350000,1.1598
1687507200,1921.570000,1922.220000,1918.010000,1921.170000,0.5856
1687521600,1919.330000,1941.660000,1919.110000,1927.180000,0.4166
1687536000,1927.380000,1927.380000,1917.500000,1920.280000,0.4635
1687550400,1918.590000,1928.980000,1918.580000,1928.560000,0.6250
1687564800,1930.050000,1930.050000,1928.560000,1928.560000,0.0015
1687579200,1923.970000,1926.610000,1914.970000,1926.050000,0.4097
1687593600,1920.280000,1929.960000,1918.660000,1925.440000,0.6595
1687608000,1929.000000,1930.150000,1920.000000,1922.940000,0.6108
1687622400,1922.990000,1927.520000,1922.320000,1923.830000,0.5850
1687636800,1925.710000,1929.940000,1923.020000,1924.710000,0.6158
1687651200,1926.950000,1930.240000,1923.940000,1927.750000,0.6243
1687665600,1930.050000,1941.660000,1920.760000,1929.510000,1.6452
1687680000,1925.160000,1933.470000,1923.980000,1927.340000,0.5745
1687694400,1927.320000,1930.210000,1922.490000,1929.810000,0.6335
1687708800,1924.680000,1930.090000,1922.410000,1924.990000,0.6137
1687723200,1923.900000,1949.440000,1921.560000,1932.640000,1.3203
1687737600,1933.980000,1935.570000,1924.080000,1924.920000,0.7473
1687752000,1924.990000,1928.980000,1921.820000,1927.530000,0.6259
1687766400,1928.420000,1932.680000,1927.700000,1931.140000,1.4486
1687780800,1925.510000,1929.920000,1922.230000,1925.670000,0.4518
1687795200,1925.680000,1926.370000,1921.960000,1923.240000,0.5958
1687809600,1923.330000,1927.350000,1921.950000,1923.230000,0.5390
1687824000,1923.420000,1925.670000,1921.990000,1924.770000,0.2574
1687838400,1925.830000,1925.940000,1923.280000,1924.690000,1.5712
1687852800,1920.920000,1924.790000,1920.920000,1923.690000,2.0762
1687867200,1923.330000,1923.880000,1922.000000,1922.510000,1.0385
1687881600,1922.510000,1922.510000,1918.050000,1918.050000,3.2760
1687896000,1919.080000,1921.390000,1915.580000,1917.470000,0.1386
1687910400,1917.470000,1917.470000,1917.470000,1917.470000,0.0000
1687924800,1915.900000,1916.250000,1915.900000,1915.900000,0.0073
1687939200,1915.900000,1915.900000,1914.110000,1914.110000,2.2304
1687953600,1913.790000,1913.790000,1904.720000,1909.850000,0.9140
1687968000,1911.510000,1915.590000,1907.590000,1910.800000,0.7597
1687982400,1909.280000,1911.570000,1906.880000,1907.020000,0.5294
1687996800,1908.470000,1909.360000,1906.790000,1907.580000,0.5653
1688011200,1907.980000,1908.900000,1907.980000,1908.900000,0.0124
1688025600,1908.330000,1908.850000,1905.630000,1907.670000,0.4487
1688040000,1907.670000,1914.240000,1900.190000,1913.140000,4.3019
1688054400,1906.530000,1913.480000,1903.750000,1908.840000,0.2802
1688068800,1906.410000,1908.400000,1904.730000,1905.200000,1.3441
1688083200,1905.200000,1914.330000,1905.200000,1912.290000,23.3950
1688097600,1910.770000,1911.990000,1909.130000,1909.130000,0.3630
1688112000,1909.130000,1909.130000,1904.080000,1906.750000,1.9334
1688126400,1907.350000,1913.770000,1907.250000,1913.290000,1.8974
1688140800,1913.770000,1913.770000,1913.570000,1913.770000,0.5079
1688155200,1913.770000,1913.770000,1910.530000,1911.080000,0.4029
1688169600,1911.080000,1913.770000,1858.480000,1884.930000,2.7899
1688184000,1887.730000,1902.780000,1862.190000,1885.580000,0.7398
1688198400,1883.590000,1899.450000,1879.310000,1889.090000,0.6195
1688212800,1892.210000,1899.450000,1887.260000,1899.450000,0.3371
1688227200,1905.330000,1910.550000,1901.440000,1905.320000,0.5129
1688241600,1905.880000,1908.660000,1895.200000,1903.490000,1.7844
1688256000,1902.870000,1912.370000,1898.700000,1909.950000,1.5244
1688270400,1908.610000,1912.370000,1908.430000,1911.120000,0.3241
1688284800,1911.120000,1911.120000,1911.120000,1911.120000,0.0000
1688299200,1911.120000,1911.120000,1908.570000,1910.390000,0.3064
1688313600,1909.880000,1918.070000,1907.310000,1914.450000,0.3347
1688328000,1912.300000,1918.170000,1909.280000,1915.860000,0.5793
1688342400,1916.420000,1918.030000,1912.450000,1917.120000,0.5939
1688356800,1914.550000,1917.470000,1910.560000,1910.940000,0.5580
1688371200,1909.620000,1915.860000,1905.740000,1913.140000,5.2408
1688385600,1911.050000,1927.780000,1910.810000,1927.490000,0.4785
1688400000,1926.290000,1926.290000,1910.920000,1922.580000,0.5907
1688414400,1921.920000,1922.800000,1916.520000,1921.680000,0.5811
1688428800,1921.930000,1923.660000,1918.500000,1920.060000,0.3768
1688443200,1916.150000,1920.060000,1916.150000,1920.060000,0.0035
1688457600,1920.060000,1927.850000,1920.060000,1926.360000,0.1624
1688472000,1926.360000,1926.360000,1926.360000,1926.360000,0.0000
1688486400,1926.360000,1926.360000,1926.360000,1926.360000,0.0000
1688500800,1926.360000,1926.360000,1926.360000,1926.360000,0.0000
1688515200,1926.360000,1926.360000,1926.360000,1926.360000,0.0059
1688529600,1928.540000,1928.540000,1928.540000,1928.540000,0.0005
1688544000,1928.230000,1929.000000,1926.460000,1927.520000,0.0053
1688558400,1927.520000,1928.480000,1918.960000,1922.860000,1.2439
1688572800,1923.060000,1924.890000,1919.040000,1919.950000,0.3582
1688587200,1921.840000,1922.570000,1917.870000,1920.780000,0.0462
1688601600,1917.870000,1921.000000,1917.870000,1918.960000,0.2991
1688616000,1922.850000,1923.590000,1917.880000,1920.390000,0.4508
1688630400,1919.400000,1927.760000,1918.970000,1926.290000,0.3626
1688644800,1926.660000,1927.490000,1907.330000,1910.810000,0.9221
1688659200,1911.670000,1913.790000,1906.390000,1911.520000,0.6440
1688673600,1910.030000,1913.390000,1908.790000,1912.490000,0.6155
1688688000,1911.090000,1914.240000,1908.800000,1910.530000,0.6048
1688702400,1910.970000,1917.350000,1909.510000,1913.210000,0.6225
1688716800,1914.860000,1919.270000,1912.380000,1918.750000,0.5564
1688731200,1918.680000,1929.000000,1917.940000,1929.000000,0.6082
1688745600,1927.450000,1927.720000,1923.800000,1925.400000,0.3966
1688760000,1923.750000,1926.690000,1914.370000,1924.530000,0.6638
1688774400,1926.630000,1926.690000,1923.810000,1925.170000,0.5873
1688788800,1925.090000,1926.850000,1923.820000,1925.860000,0.5563
1688803200,1926.440000,1927.040000,1922.760000,1925.920000,1.0989
1688817600,1926.470000,1928.250000,1923.920000,1924.050000,0.8911
1688832000,1926.590000,1929.000000,1923.850000,1929.000000,0.0354
1688846400,1925.790000,1929.000000,1921.810000,1924.640000,0.5200
1688860800,1925.340000,1926.500000,1921.550000,1926.120000,0.6182
1688875200,1923.650000,1926.520000,1919.270000,1926.200000,0.8232
1688889600,1923.400000,1926.860000,1922.000000,1926.200000,0.5671
1688904000,1924.480000,1926.780000,1921.830000,1926.630000,0.6129
1688918400,1924.380000,1926.750000,1921.970000,1923.470000,0.5818
1688932800,1923.970000,1927.900000,1923.410000,1925.400000,0.4975
1688947200,1925.400000,1925.400000,1925.400000,1925.400000,0.0006
1688961600,1925.400000,1927.570000,1925.400000,1927.570000,0.0094
1688976000,1923.870000,1926.120000,1920.590000,1923.360000,1.2793
1688990400,1926.050000,1926.050000,1916.380000,1923.570000,0.6104
1689004800,1922.550000,1929.170000,1922.550000,1925.420000,0.6680
1689019200,1927.050000,1927.100000,1923.030000,1925.830000,0.5705
1689033600,1923.870000,1930.000000,1922.010000,1924.540000,0.7281
1689048000,1922.160000,1927.520000,1922.020000,1926.610000,0.4574
1689062400,1926.120000,1928.940000,1925.990000,1928.940000,0.1433
1689076800,1926.190000,1934.380000,1924.350000,1931.530000,0.9717
1689091200,1931.260000,1934.560000,1928.400000,1932.490000,0.6026
1689105600,1931.750000,1933.220000,1926.320000,1927.600000,0.4211
1689120000,1927.910000,1929.950000,1927.910000,1929.950000,0.0073
1689134400,1933.000000,1933.000000,1933.000000,1933.000000,0.0463
1689148800,1932.500000,1932.500000,1931.400000,1931.690000,0.0370
1689163200,1934.330000,1948.070000,1934.330000,1948.070000,3.5395
1689177600,1948.070000,1948.070000,1947.870000,1948.070000,0.9753
1689192000,1947.870000,1947.870000,1947.870000,1947.870000,0.0092
1689206400,1947.870000,1947.870000,1947.870000,1947.870000,0.0000
1689220800,1948.070000,1949.000000,1948.070000,1948.970000,2.6307
1689235200,1949.000000,1957.610000,1949.000000,1957.610000,1.2346
1689249600,1957.410000,1960.000000,1957.410000,1958.620000,0.9440
1689264000,1955.450000,1960.780000,1955.450000,1957.880000,0.5898
1689278400,1957.880000,1959.480000,1952.280000,1954.590000,2.4601
1689292800,1957.450000,1957.450000,1952.510000,1953.690000,0.0076
1689307200,1955.800000,1957.450000,1952.340000,1955.510000,0.2610
1689321600,1956.210000,1957.450000,1948.750000,1954.900000,0.4078
1689336000,1955.650000,1955.910000,1952.920000,1954.500000,0.1017
1689350400,1954.170000,1954.500000,1954.170000,1954.500000,0.0391
1689364800,1954.500000,1954.500000,1954.500000,1954.500000,0.0000
1689379200,1954.500000,1954.500000,1954.500000,1954.500000,0.0000
1689393600,1953.980000,1954.500000,1948.170000,1950.910000,0.0336
1689408000,1952.580000,1952.960000,1948.580000,1951.420000,0.6497
1689422400,1950.560000,1953.110000,1950.100000,1952.890000,0.5643
1689436800,1951.370000,1953.210000,1949.640000,1950.520000,0.4429
1689451200,1954.500000,1954.500000,1950.770000,1952.640000,0.9583
1689465600,1952.640000,1953.350000,1947.970000,1952.950000,0.5486
1689480000,1951.150000,1954.500000,1951.140000,1952.760000,0.6045
1689494400,1951.270000,1953.500000,1951.210000,1951.370000,0.5509
1689508800,1954.500000,1954.500000,1950.490000,1952.580000,0.2180
1689523200,1952.490000,1959.000000,1951.510000,1957.550000,3.6694
1689537600,1957.130000,1957.860000,1955.120000,1956.220000,0.2722
1689552000,1956.240000,1957.410000,1954.030000,1955.330000,0.0823
1689566400,1954.030000,1954.030000,1949.520000,1952.180000,0.6830
1689580800,1951.250000,1959.680000,1950.390000,1957.130000,0.7993
1689595200,1958.390000,1959.670000,1949.690000,1956.050000,3.1912
1689609600,1954.600000,1957.510000,1951.500000,1954.870000,0.6594
1689624000,1954.140000,1958.100000,1952.840000,1953.960000,0.5862
1689638400,1954.700000,1959.920000,1953.100000,1959.710000,0.5397
1689652800,1959.650000,1963.380000,1957.070000,1958.700000,0.4579
1689667200,1960.040000,1963.840000,1960.040000,1962.930000,0.0814
1689681600,1963.320000,1978.810000,1959.480000,1978.610000,0.4585
1689696000,1978.490000,1980.570000,1974.920000,1974.920000,0.2273
1689710400,1974.920000,1974.920000,1974.920000,1974.920000,0.0026
1689724800,1974.920000,1978.310000,1974.920000,1977.950000,0.1557
1689739200,1978.000000,1980.700000,1976.090000,1977.430000,0.2875
1689753600,1978.360000,1981.300000,1974.920000,1974.920000,0.4492
1689768000,1976.600000,1980.190000,1974.060000,1974.060000,0.2764
1689782400,1974.060000,1974.920000,1971.330000,1974.920000,0.1096
1689796800,1974.920000,1974.920000,1974.920000,1974.920000,0.0010
1689811200,1969.580000,1981.980000,1968.430000,1981.980000,0.0441
1689825600,1977.390000,1980.950000,1975.530000,1980.470000,0.1891
1689840000,1979.980000,1985.880000,1979.680000,1980.920000,1.2426
1689854400,1982.680000,1984.210000,1967.790000,1970.800000,0.5356
1689868800,1969.360000,1972.670000,1967.790000,1970.680000,0.3913
1689883200,1968.950000,1974.080000,1968.190000,1972.480000,0.5595
1689897600,1971.740000,1974.630000,1968.940000,1971.510000,0.5399
1689912000,1970.000000,1973.640000,1967.820000,1970.140000,0.4344
1689926400,1965.510000,1967.940000,1961.490000,1964.950000,0.4644
1689940800,1965.390000,1968.600000,1961.320000,1961.890000,1.4663
1689955200,1962.670000,1964.070000,1960.010000,1963.860000,0.9441
1689969600,1961.640000,1964.130000,1961.270000,1964.130000,0.3432
1689984000,1965.190000,1965.190000,1965.190000,1965.190000,0.0063
1689998400,1965.190000,1965.190000,1965.190000,1965.190000,0.0000
1690012800,1965.190000,1965.290000,1965.190000,1965.290000,0.0083
1690027200,1965.090000,1965.190000,1964.710000,1965.190000,0.1198
1690041600,1967.130000,1967.960000,1965.810000,1967.940000,0.0812
1690056000,1967.440000,1967.440000,1965.290000,1966.330000,0.0592
1690070400,1966.330000,1966.330000,1966.330000,1966.330000,0.0000
1690084800,1966.530000,1966.530000,1966.530000,1966.530000,0.0006
1690099200,1966.330000,1967.340000,1960.010000,1961.820000,0.7991
1690113600,1963.190000,1965.090000,1961.280000,1962.810000,1.0645
1690128000,1962.500000,1965.090000,1960.010000,1961.350000,0.8514
1690142400,1961.940000,1969.620000,1961.190000,1962.500000,1.0566
1690156800,1962.790000,1964.010000,1961.150000,1962.860000,0.9638
1690171200,1962.720000,1965.910000,1961.020000,1965.090000,0.4289
1690185600,1964.530000,1967.740000,1963.000000,1967.740000,0.3479
1690200000,1966.000000,1966.000000,1961.000000,1961.000000,0.1878
1690214400,1961.000000,1961.000000,1960.010000,1960.010000,0.0316
1690228800,1960.200000,1960.200000,1960.000000,1960.000000,0.0013
1690243200,1960.200000,1961.000000,1960.200000,1961.000000,0.0246
1690257600,1960.740000,1961.000000,1960.120000,1961.000000,0.0420
1690272000,1960.000000,1961.000000,1958.000000,1961.000000,0.2642
1690286400,1961.000000,1961.000000,1959.260000,1959.260000,0.0028
1690300800,1959.780000,1969.430000,1959.780000,1964.030000,0.4961
1690315200,1963.920000,1968.310000,1961.980000,1964.300000,1.0310
1690329600,1964.840000,1968.550000,1961.660000,1963.640000,1.0520
1690344000,1962.840000,1973.100000,1961.650000,1972.570000,0.9226
1690358400,1972.230000,1974.930000,1967.640000,1972.230000,1.1308
1690372800,1973.160000,1975.310000,1963.540000,1973.990000,1.0585
1690387200,1972.490000,1976.860000,1966.960000,1973.690000,1.1036
1690401600,1974.660000,1975.070000,1969.600000,1971.380000,1.0911
1690416000,1972.520000,1973.630000,1970.510000,1972.990000,0.2850
1690430400,1972.730000,1974.600000,1972.380000,1974.600000,0.0537
1690444800,1975.130000,1980.890000,1973.630000,1979.180000,0.9677
1690459200,1978.140000,1978.960000,1950.000000,1950.000000,2.1536
1690473600,1948.470000,1948.470000,1948.470000,1948.470000,0.0128
1690488000,1948.470000,1948.470000,1948.470000,1948.470000,0.0051
1690502400,1948.470000,1948.470000,1948.470000,1948.470000,0.8845
1690516800,1948.470000,1948.470000,1948.270000,1948.270000,0.0256
1690531200,1948.470000,1950.200000,1948.470000,1950.200000,0.8819
1690545600,1951.750000,1964.170000,1951.750000,1960.420000,0.9245
1690560000,1960.370000,1965.450000,1959.100000,1959.200000,1.0352
1690574400,1960.520000,1961.800000,1958.870000,1960.220000,1.0371
1690588800,1960.640000,1961.020000,1958.880000,1960.710000,1.0588
1690603200,1959.520000,1962.290000,1958.890000,1960.880000,2.2315
1690617600,1960.060000,1960.910000,1958.910000,1960.360000,1.1111
1690632000,1960.340000,1962.000000,1958.880000,1959.640000,1.0644
1690646400,1960.600000,1961.000000,1958.900000,1959.600000,0.8137
1690660800,1959.600000,1959.600000,1959.600000,1959.600000,0.0000
1690675200,1959.600000,1959.600000,1959.600000,1959.600000,0.0000
1690689600,1959.600000,1959.600000,1959.600000,1959.600000,0.0000
1690704000,1959.600000,1959.600000,1956.250000,1956.250000,0.4250
1690718400,1956.700000,1956.700000,1956.510000,1956.510000,0.6434
1690732800,1959.600000,1969.430000,1957.920000,1958.090000,1.2913
1690747200,1958.960000,1962.730000,1957.980000,1960.270000,1.0375
1690761600,1960.040000,1963.350000,1957.000000,1959.310000,0.4899
1690776000,1959.310000,1959.310000,1959.310000,1959.310000,0.0000
1690790400,1957.000000,1960.220000,1949.080000,1957.800000,1.1744
1690804800,1956.910000,1970.070000,1956.910000,1969.960000,0.3292
1690819200,1967.870000,1969.210000,1963.760000,1965.580000,0.4730
1690833600,1965.580000,1967.200000,1963.040000,1964.450000,1.0908
1690848000,1963.090000,1966.150000,1959.010000,1961.530000,0.8900
1690862400,1961.400000,1962.210000,1954.680000,1954.680000,0.5210
1690876800,1956.560000,1958.460000,1954.460000,1954.460000,0.0876
1690891200,1952.760000,1953.190000,1946.300000,1946.700000,0.3026
1690905600,1946.220000,1948.180000,1946.000000,1947.290000,0.2020
1690920000,1947.550000,1955.690000,1947.550000,1947.680000,0.1667
1690934400,1951.620000,1951.620000,1946.520000,1949.140000,0.2369
1690948800,1948.530000,1951.190000,1947.900000,1948.500000,0.1525
1690963200,1949.420000,1950.570000,1949.420000,1950.570000,0.0192
1690977600,1948.590000,1950.530000,1935.020000,1937.810000,1.3895
1690992000,1937.810000,1937.810000,1937.810000,1937.810000,0.0000
1691006400,1941.290000,1942.400000,1936.940000,1936.980000,0.3294
1691020800,1937.370000,1942.410000,1936.780000,1940.120000,0.8629
1691035200,1938.600000,1942.420000,1937.950000,1940.040000,0.3033
1691049600,1941.100000,1941.100000,1937.000000,1937.000000,0.2383
1691064000,1938.360000,1941.390000,1938.150000,1939.750000,0.3357
1691078400,1939.260000,1942.230000,1937.000000,1937.000000,0.0428
1691092800,1937.320000,1937.320000,1937.320000,1937.320000,0.0010
1691107200,1937.000000,1937.000000,1934.170000,1934.730000,1.1607
1691121600,1935.090000,1936.170000,1934.260000,1935.050000,0.0195
1691136000,1935.050000,1935.050000,1935.050000,1935.050000,0.0000
1691150400,1934.330000,1942.080000,1934.330000,1940.360000,0.3867
1691164800,1942.280000,1947.070000,1938.960000,1943.110000,0.8637
1691179200,1942.070000,1944.550000,1941.170000,1941.170000,0.0500
1691193600,1943.150000,1943.150000,1940.880000,1941.390000,0.1220
1691208000,1940.880000,1945.410000,1940.880000,1944.070000,0.1145
1691222400,1944.070000,1950.540000,1944.070000,1949.110000,0.2002
1691236800,1948.230000,1951.050000,1947.580000,1949.960000,0.4668
1691251200,1950.770000,1952.790000,1948.790000,1950.610000,0.0898
1691265600,1949.700000,1951.020000,1947.580000,1949.080000,0.1242
1691280000,1950.920000,1950.920000,1949.190000,1950.440000,0.0395
1691294400,1950.480000,1951.050000,1941.770000,1944.180000,0.5754
1691308800,1945.180000,1945.840000,1939.460000,1942.000000,0.2632
1691323200,1941.800000,1942.110000,1939.020000,1942.110000,0.1512
1691337600,1937.160000,1942.170000,1937.160000,1939.400000,0.1087
1691352000,1940.770000,1942.230000,1938.900000,1941.540000,0.0867
1691366400,1940.780000,1942.380000,1939.710000,1942.020000,0.0510
1691380800,1941.300000,1942.740000,1939.630000,1940.770000,0.1899
1691395200,1940.770000,1940.770000,1940.770000,1940.770000,0.0000
1691409600,1938.440000,1938.440000,1938.440000,1938.440000,0.0437
1691424000,1938.440000,1938.440000,1938.440000,1938.440000,0.0000
1691438400,1938.440000,1938.440000,1938.440000,1938.440000,0.0000
1691452800,1937.160000,1937.160000,1936.740000,1936.740000,0.0684
1691467200,1936.740000,1936.740000,1936.740000,1936.740000,0.0265
1691481600,1936.740000,1936.740000,1936.740000,1936.740000,0.0000
1691496000,1936.740000,1936.740000,1934.000000,1934.330000,0.5230
1691510400,1931.230000,1931.340000,1931.030000,1931.230000,0.1303
1691524800,1931.230000,1931.230000,1931.030000,1931.030000,0.7276
1691539200,1931.030000,1931.030000,1924.030000,1928.340000,1.4197
1691553600,1931.600000,1932.650000,1929.900000,1931.280000,0.2843
1691568000,1932.160000,1933.220000,1930.330000,1932.310000,0.1723
1691582400,1926.650000,1931.870000,1916.360000,1918.710000,1.0647
1691596800,1917.690000,1920.260000,1914.360000,1917.180000,1.0948
1691611200,1916.790000,1920.490000,1914.520000,1918.910000,2.0279
1691625600,1918.140000,1924.700000,1916.170000,1920.440000,1.0066
1691640000,1921.550000,1925.510000,1917.160000,1921.640000,0.9105
1691654400,1921.900000,1923.570000,1919.220000,1920.790000,0.4938
1691668800,1922.730000,1930.950000,1919.610000,1921.370000,0.8369
1691683200,1922.530000,1929.970000,1919.570000,1920.310000,1.0672
1691697600,1919.590000,1922.410000,1919.020000,1920.110000,0.9974
1691712000,1920.120000,1923.810000,1919.120000,1920.530000,1.0930
1691726400,1922.090000,1925.270000,1919.030000,1919.230000,1.1973
1691740800,1919.370000,1923.230000,1919.160000,1922.700000,1.0871
1691755200,1922.590000,1923.830000,1919.640000,1922.010000,0.3723
1691769600,1921.270000,1924.140000,1919.840000,1921.180000,0.1024
1691784000,1921.370000,1924.410000,1920.760000,1921.420000,0.3767
1691798400,1919.840000,1919.840000,1919.840000,1919.840000,0.0131
1691812800,1919.840000,1919.840000,1919.840000,1919.840000,0.3744
1691827200,1919.640000,1919.640000,1908.650000,1914.970000,0.7194
1691841600,1909.200000,1914.970000,1909.000000,1909.130000,0.3866
1691856000,1911.770000,1916.990000,1909.090000,1915.450000,0.4642
1691870400,1914.040000,1915.540000,1912.530000,1914.120000,1.0488
1691884800,1913.040000,1916.370000,1913.040000,1913.100000,1.1176
1691899200,1913.620000,1916.510000,1912.170000,1915.780000,1.0020
1691913600,1913.810000,1917.370000,1913.170000,1915.690000,1.3971
1691928000,1914.790000,1917.490000,1913.030000,1915.380000,2.1249
1691942400,1914.700000,1917.490000,1913.320000,1914.740000,1.6608
1691956800,1914.110000,1917.720000,1912.510000,1915.500000,1.2849
1691971200,1913.990000,1916.090000,1911.210000,1913.820000,1.0661
1691985600,1915.280000,1918.300000,1912.980000,1918.120000,1.1982
1692000000,1917.930000,1918.920000,1914.610000,1916.460000,1.1013
1692014400,1917.020000,1917.020000,1908.660000,1912.560000,0.6563
1692028800,1912.980000,1916.800000,1909.650000,1911.020000,0.9460
1692043200,1910.690000,1914.250000,1909.700000,1910.560000,0.4885
1692057600,1913.720000,1913.720000,1910.300000,1911.980000,0.0731
1692072000,1909.950000,1912.330000,1909.730000,1911.900000,0.6284
1692086400,1911.550000,1911.550000,1903.120000,1907.350000,0.6055
1692100800,1907.750000,1913.250000,1904.160000,1909.190000,0.5845
1692115200,1906.610000,1907.310000,1905.460000,1906.220000,0.2185
1692129600,1904.000000,1904.000000,1904.000000,1904.000000,0.1050
1692144000,1912.530000,1914.440000,1906.070000,1909.820000,0.1665
1692158400,1905.380000,1910.890000,1905.380000,1908.850000,0.1334
1692172800,1909.550000,1913.830000,1907.790000,1908.980000,0.1489
1692187200,1904.390000,1904.390000,1900.810000,1900.810000,0.4809
1692201600,1901.500000,1901.500000,1896.550000,1896.550000,4.2967
1692216000,1895.180000,1895.710000,1893.550000,1894.010000,0.0311
1692230400,1894.010000,1894.010000,1894.010000,1894.010000,0.0000
1692244800,1896.680000,1898.060000,1895.400000,1898.060000,0.0799
1692259200,1899.130000,1900.840000,1899.130000,1900.840000,0.5264
1692273600,1900.360000,1900.360000,1894.010000,1894.010000,0.2303
1692288000,1894.010000,1894.040000,1886.500000,1886.500000,0.8469
1692302400,1894.870000,1894.870000,1885.000000,1890.340000,1.6834
1692316800,1891.420000,1894.880000,1890.100000,1893.950000,0.3699
1692331200,1893.950000,1893.950000,1893.950000,1893.950000,0.0000
1692345600,1893.080000,1895.660000,1889.600000,1894.950000,0.6775
1692360000,1893.600000,1897.900000,1890.290000,1895.250000,0.2705
1692374400,1895.000000,1895.000000,1887.130000,1891.060000,0.6684
1692388800,1891.930000,1906.810000,1887.600000,1891.960000,25.6881
1692403200,1891.330000,1897.320000,1890.140000,1891.760000,1.0571
1692417600,1894.430000,1901.110000,1889.690000,1892.850000,3.9919
1692432000,1889.970000,1894.770000,1889.700000,1892.030000,1.1516
1692446400,1893.610000,1894.770000,1889.740000,1891.430000,1.1471
1692460800,1891.190000,1896.100000,1889.360000,1891.100000,1.0760
1692475200,1891.200000,1897.320000,1889.390000,1894.500000,1.1571
1692489600,1893.070000,1897.560000,1892.130000,1897.060000,2.0801
1692504000,1895.670000,1897.650000,1891.680000,1893.710000,1.1985
1692518400,1891.830000,1896.170000,1889.510000,1891.320000,1.1427
1692532800,1890.520000,1897.320000,1888.610000,1891.500000,1.1498
1692547200,1890.570000,1893.000000,1888.600000,1889.920000,1.2281
1692561600,1890.680000,1891.520000,1888.630000,1888.720000,1.1997
1692576000,1891.170000,1901.110000,1887.130000,1894.930000,2.4457
1692590400,1894.060000,1904.050000,1889.240000,1898.350000,3.6864
1692604800,1896.460000,1921.280000,1888.290000,1898.110000,37.4052
1692619200,1899.760000,1903.280000,1887.680000,1891.220000,0.9735
1692633600,1893.630000,1909.810000,1891.570000,1901.710000,6.3082
1692648000,1898.230000,2105.000000,1898.230000,1899.030000,10.6232
1692662400,1900.200000,1902.440000,1898.720000,1899.810000,0.1362
1692676800,1900.480000,1906.660000,1898.620000,1904.420000,1.2306
1692691200,1901.780000,2018.050000,1899.420000,1930.210000,27.6167
1692705600,1918.470000,1918.470000,1896.810000,1898.880000,0.5379
1692720000,1898.950000,1900.740000,1898.170000,1898.470000,0.5841
1692734400,1899.420000,1900.400000,1898.170000,1899.050000,0.5349
1692748800,1902.100000,1903.890000,1900.070000,1901.650000,1.0017
1692763200,1901.400000,1906.590000,1901.280000,1905.910000,0.8035
1692777600,1904.860000,1906.500000,1903.400000,1904.010000,0.7698
1692792000,1902.820000,1920.310000,1902.180000,1919.550000,1.9497
1692806400,1919.130000,1922.150000,1919.130000,1921.280000,0.2877
1692820800,1918.990000,1918.990000,1918.990000,1918.990000,0.0037
1692835200,1918.790000,1923.040000,1918.790000,1922.250000,0.3433
1692849600,1920.720000,1923.800000,1919.180000,1921.660000,1.0515
1692864000,1923.000000,1923.720000,1922.180000,1922.180000,0.0573
1692878400,1922.180000,1924.420000,1922.180000,1924.420000,0.0089
1692892800,1922.460000,1922.460000,1922.460000,1922.460000,0.0269
1692907200,1922.460000,1922.460000,1922.460000,1922.460000,0.0000
1692921600,1922.180000,1922.180000,1922.180000,1922.180000,0.0005
1692936000,1922.180000,1922.380000,1922.180000,1922.380000,0.2637
1692950400,1922.380000,1922.380000,1922.380000,1922.380000,0.0000
1692964800,1922.380000,1922.380000,1922.380000,1922.380000,0.0000
1692979200,1922.380000,1922.460000,1922.180000,1922.460000,0.0134
1692993600,1922.460000,1922.460000,1922.460000,1922.460000,0.0000
1693008000,1922.460000,1922.460000,1922.460000,1922.460000,0.0000
1693022400,1922.460000,1922.460000,1922.460000,1922.460000,0.0000
1693036800,1922.180000,1922.380000,1922.180000,1922.380000,0.1104
1693051200,1922.180000,1922.380000,1922.180000,1922.380000,0.4838
1693065600,1922.380000,1922.380000,1922.380000,1922.380000,1.5952
1693080000,1922.380000,1922.380000,1922.380000,1922.380000,0.0000
1693094400,1922.380000,1922.380000,1922.380000,1922.380000,0.0000
1693108800,1922.180000,1922.180000,1922.180000,1922.180000,0.1301
1693123200,1922.180000,1922.180000,1922.180000,1922.180000,0.0262
1693137600,1922.180000,1922.180000,1922.180000,1922.180000,0.0037
1693152000,1922.380000,1922.380000,1922.380000,1922.380000,0.0028
1693166400,1922.380000,1922.380000,1922.380000,1922.380000,0.0000
1693180800,1927.010000,1927.010000,1924.900000,1924.900000,0.0161
1693195200,1924.900000,1924.900000,1924.900000,1924.900000,0.0000
1693209600,1924.900000,1924.900000,1924.900000,1924.900000,0.0000
1693224000,1924.000000,1927.690000,1924.000000,1926.750000,0.1143
1693238400,1925.580000,1927.720000,1925.100000,1925.100000,0.0959
1693252800,1925.100000,1925.100000,1925.100000,1925.100000,0.0000
1693267200,1925.100000,1928.150000,1920.490000,1926.850000,0.5797
1693281600,1926.850000,1926.850000,1926.850000,1926.850000,0.0006
1693296000,1928.210000,1929.890000,1921.900000,1921.900000,0.3888
1693310400,1922.680000,1936.720000,1922.350000,1936.470000,0.8151
1693324800,1936.510000,1937.150000,1933.300000,1937.040000,0.2425
1693339200,1938.260000,1938.260000,1938.260000,1938.260000,0.0057
1693353600,1937.850000,1939.490000,1935.580000,1937.440000,0.2094
1693368000,1936.960000,1937.370000,1936.960000,1937.370000,0.0286
1693382400,1937.950000,1938.450000,1937.950000,1938.190000,0.0134
1693396800,1941.110000,1946.590000,1941.110000,1945.680000,0.0089
1693411200,1946.110000,1946.110000,1942.040000,1942.040000,0.2105
1693425600,1942.040000,1942.040000,1942.040000,1942.040000,0.0000
1693440000,1942.040000,1942.040000,1942.040000,1942.040000,0.0000
1693454400,1943.830000,1943.830000,1943.830000,1943.830000,0.0021
1693468800,1943.830000,1943.830000,1943.830000,1943.830000,0.0000
1693483200,1943.830000,1943.830000,1939.650000,1939.650000,0.2359
1693497600,1939.810000,1939.810000,1939.810000,1939.810000,0.0006
1693512000,1939.810000,1941.480000,1937.780000,1937.780000,0.1825
1693526400,1939.850000,1946.530000,1939.470000,1944.600000,0.1382
1693540800,1941.790000,1941.790000,1941.790000,1941.790000,0.0021
1693555200,1941.790000,1944.740000,1941.790000,1943.650000,0.0563
1693569600,1946.760000,1954.140000,1937.090000,1938.190000,1.1900
1693584000,1938.390000,1942.730000,1937.230000,1941.160000,0.7963
1693598400,1941.980000,1944.830000,1935.820000,1940.200000,0.7458
1693612800,1940.200000,1944.870000,1932.110000,1944.580000,7.3893
1693627200,1941.960000,1944.870000,1941.660000,1941.960000,14.7298
1693641600,1951.520000,1954.290000,1941.090000,1941.090000,0.0521
1693656000,1941.180000,1941.180000,1941.090000,1941.090000,0.1090
1693670400,1944.750000,1944.750000,1939.490000,1939.490000,0.0799
1693684800,1939.490000,1939.490000,1939.490000,1939.490000,0.0000
1693699200,1939.490000,1939.490000,1939.490000,1939.490000,0.0000
1693713600,1939.490000,1939.490000,1939.490000,1939.490000,0.0834
1693728000,1939.490000,1939.490000,1939.490000,1939.490000,0.0000
1693742400,1939.540000,1939.540000,1939.540000,1939.540000,0.0026
1693756800,1939.500000,1939.500000,1939.500000,1939.500000,0.0026
1693771200,1939.500000,1939.500000,1939.500000,1939.500000,0.0000
1693785600,1941.890000,1945.460000,1940.580000,1943.110000,0.1388
1693800000,1944.430000,1945.820000,1943.010000,1944.730000,0.1464
1693814400,1943.480000,1943.480000,1941.790000,1941.790000,0.0206
1693828800,1941.790000,1941.790000,1938.460000,1938.740000,0.1779
1693843200,1939.860000,1939.860000,1939.860000,1939.860000,0.0600
1693857600,1939.860000,1939.860000,1939.260000,1939.260000,0.1027
1693872000,1938.150000,1938.150000,1933.850000,1936.480000,0.2084
1693886400,1936.180000,1940.550000,1935.980000,1940.550000,0.3026
1693900800,1936.000000,1936.000000,1930.210000,1932.140000,0.3761
1693915200,1931.230000,1935.340000,1928.030000,1928.720000,0.1333
1693929600,1928.720000,1928.720000,1928.720000,1928.720000,0.0000
1693944000,1926.370000,1926.370000,1926.370000,1926.370000,0.0075
1693958400,1926.370000,1927.420000,1923.990000,1927.420000,0.2243
1693972800,1926.620000,1928.850000,1924.750000,1925.060000,0.2285
1693987200,1924.290000,1927.880000,1923.150000,1927.380000,0.2430
1694001600,1926.670000,1929.420000,1914.990000,1915.350000,0.3852
1694016000,1916.770000,1919.640000,1914.880000,1916.720000,1.2997
1694030400,1917.070000,1918.760000,1915.930000,1916.160000,1.2028
1694044800,1916.220000,1920.850000,1912.970000,1919.340000,2.0289
1694059200,1918.550000,1920.750000,1916.790000,1916.790000,1.0522
1694073600,1918.100000,1922.380000,1917.800000,1921.240000,1.3553
1694088000,1921.350000,1923.400000,1919.790000,1922.230000,0.6497
1694102400,1920.830000,1922.210000,1919.890000,1920.740000,0.1940
1694116800,1924.830000,1924.830000,1921.900000,1921.900000,0.0136
1694131200,1920.610000,1926.610000,1914.880000,1922.440000,2.0928
1694145600,1924.710000,1927.290000,1920.710000,1926.490000,1.0382
1694160000,1926.490000,1926.490000,1926.490000,1926.490000,0.0000
1694174400,1924.490000,1927.350000,1920.290000,1920.880000,0.2553
1694188800,1921.460000,1921.700000,1920.370000,1921.320000,0.0401
1694203200,1919.160000,1919.160000,1919.160000,1919.160000,0.0056
1694217600,1919.160000,1919.160000,1919.160000,1919.160000,0.0000
1694232000,1919.160000,1919.160000,1919.160000,1919.160000,0.0000
1694246400,1919.160000,1919.160000,1919.160000,1919.160000,0.0544
1694260800,1919.160000,1919.160000,1919.160000,1919.160000,0.0000
1694275200,1921.170000,1921.170000,1919.160000,1919.160000,0.0759
1694289600,1919.160000,1919.160000,1919.160000,1919.160000,0.0000
1694304000,1919.160000,1919.160000,1919.160000,1919.160000,0.0000
1694318400,1919.160000,1919.160000,1919.160000,1919.160000,0.0000
1694332800,1916.800000,1916.800000,1916.800000,1916.800000,0.0106
1694347200,1916.800000,1919.140000,1915.310000,1918.250000,0.1905
1694361600,1919.000000,1919.510000,1915.320000,1918.880000,1.1832
1694376000,1918.700000,1920.200000,1916.420000,1918.380000,0.9670
1694390400,1917.520000,1924.010000,1917.420000,1923.160000,0.3276
1694404800,1923.750000,1927.100000,1923.750000,1924.950000,0.0805
1694419200,1929.060000,1929.060000,1927.330000,1927.330000,0.0563
1694433600,1927.590000,1927.620000,1923.340000,1923.340000,0.1936
1694448000,1923.340000,1923.340000,1923.340000,1923.340000,0.0000
1694462400,1926.160000,1927.840000,1924.230000,1924.510000,0.2138
1694476800,1923.010000,1925.590000,1923.010000,1925.590000,0.0582
1694491200,1922.190000,1922.190000,1922.190000,1922.190000,0.0499
1694505600,1920.790000,1920.790000,1912.780000,1912.780000,0.1447
1694520000,1913.000000,1913.000000,1909.350000,1909.450000,0.1417
1694534400,1913.800000,1914.320000,1913.720000,1914.320000,0.0385
1694548800,1914.320000,1914.320000,1914.320000,1914.320000,0.0000
1694563200,1912.940000,1915.790000,1905.990000,1905.990000,6.8383
1694577600,1911.020000,1911.020000,1911.020000,1911.020000,0.0670
1694592000,1919.890000,1924.090000,1909.520000,1909.940000,0.2922
1694606400,1910.690000,1914.810000,1909.120000,1911.130000,0.3449
1694620800,1911.030000,1911.110000,1910.680000,1910.680000,0.0141
1694635200,1908.800000,1908.800000,1908.800000,1908.800000,0.0670
1694649600,1913.370000,1913.370000,1913.370000,1913.370000,0.0005
1694664000,1910.000000,1910.000000,1908.240000,1908.240000,0.0612
1694678400,1908.970000,1911.540000,1908.970000,1911.540000,2.4151
1694692800,1907.210000,1910.340000,1903.720000,1910.340000,0.2507
1694707200,1910.630000,1910.910000,1910.000000,1910.000000,5.2804
1694721600,1910.000000,1910.000000,1910.000000,1910.000000,0.0000
1694736000,1912.100000,1915.830000,1912.100000,1914.500000,0.0813
1694750400,1917.000000,1917.000000,1917.000000,1917.000000,0.4833
1694764800,1919.000000,1919.460000,1916.370000,1917.820000,0.0263
1694779200,1920.880000,1926.870000,1920.880000,1926.870000,0.0870
1694793600,1924.930000,1924.930000,1924.030000,1924.030000,0.0715
1694808000,1921.130000,1921.130000,1921.060000,1921.060000,0.1418
1694822400,1921.060000,1921.060000,1921.060000,1921.060000,0.0000
1694836800,1922.510000,1922.510000,1922.510000,1922.510000,0.0020
1694851200,1924.740000,1924.740000,1924.740000,1924.740000,0.0795
1694865600,1924.740000,1924.740000,1924.740000,1924.740000,0.0000
1694880000,1922.510000,1922.510000,1922.510000,1922.510000,0.0206
1694894400,1922.510000,1922.510000,1922.510000,1922.510000,0.0009
1694908800,1922.510000,1922.510000,1922.510000,1922.510000,0.0000
1694923200,1922.510000,1922.510000,1922.510000,1922.510000,0.0000
1694937600,1922.510000,1922.510000,1922.510000,1922.510000,0.0000
1694952000,1922.510000,1922.510000,1922.510000,1922.510000,0.0043
1694966400,1922.510000,1922.510000,1922.510000,1922.510000,0.0000
1694980800,1925.780000,1926.600000,1924.380000,1925.090000,0.0942
1694995200,1922.540000,1928.290000,1920.540000,1927.830000,0.6200
1695009600,1926.990000,1927.500000,1910.660000,1925.230000,0.1342
1695024000,1925.370000,1927.460000,1923.250000,1927.030000,1.0236
1695038400,1927.030000,1928.620000,1925.790000,1928.110000,0.1333
1695052800,1929.030000,1929.030000,1928.770000,1928.770000,0.0131
1695067200,1928.770000,1928.770000,1928.770000,1928.770000,0.0000
1695081600,1928.770000,1928.770000,1928.770000,1928.770000,0.0000
1695096000,1930.830000,1930.830000,1930.830000,1930.830000,0.0663
1695110400,1930.830000,1930.830000,1930.830000,1930.830000,0.0000
1695124800,1930.830000,1930.830000,1930.830000,1930.830000,0.0000
1695139200,1930.810000,1930.810000,1930.810000,1930.810000,0.0497
1695153600,1930.810000,1930.810000,1930.810000,1930.810000,0.0000
1695168000,1929.120000,1929.120000,1929.120000,1929.120000,0.0023
1695182400,1929.120000,1929.120000,1929.120000,1929.120000,0.0000
1695196800,1931.030000,1932.900000,1931.030000,1932.900000,0.0189
1695211200,1933.710000,1943.150000,1933.710000,1942.460000,0.0290
1695225600,1942.480000,1944.020000,1934.940000,1934.940000,0.2625
1695240000,1930.300000,1943.390000,1930.300000,1943.390000,0.2383
1695254400,1928.660000,1928.660000,1925.370000,1927.240000,0.1375
1695268800,1928.640000,1928.740000,1927.280000,1927.280000,0.0723
1695283200,1931.390000,1931.390000,1922.940000,1922.940000,0.1024
1695297600,1918.430000,1922.270000,1915.390000,1922.270000,0.6714
1695312000,1920.700000,1920.860000,1915.260000,1919.220000,0.7366
1695326400,1919.220000,1919.220000,1919.220000,1919.220000,0.0000
1695340800,1924.050000,1925.140000,1923.460000,1923.720000,0.0825
1695355200,1922.440000,1926.580000,1922.440000,1926.580000,0.0736
1695369600,1925.660000,1925.660000,1923.070000,1923.490000,0.5184
1695384000,1924.030000,1929.210000,1924.030000,1928.740000,0.0468
1695398400,1926.260000,1928.080000,1926.260000,1926.280000,0.3314
1695412800,1926.280000,1926.280000,1926.280000,1926.280000,0.0000
1695427200,1926.280000,1926.280000,1926.280000,1926.280000,0.0000
1695441600,1926.280000,1926.280000,1926.280000,1926.280000,0.0000
1695456000,1926.310000,1926.310000,1926.310000,1926.310000,0.0582
1695470400,1926.310000,1926.310000,1926.310000,1926.310000,0.0000
1695484800,1926.310000,1926.310000,1926.310000,1926.310000,0.0000
1695499200,1926.350000,1927.660000,1924.700000,1926.970000,0.4932
1695513600,1928.340000,1928.340000,1923.610000,1925.250000,0.2951
1695528000,1925.250000,1925.250000,1925.250000,1925.250000,0.0000
1695542400,1925.250000,1925.250000,1925.250000,1925.250000,0.0000
1695556800,1925.280000,1928.800000,1925.250000,1927.490000,0.2662
1695571200,1927.490000,1927.490000,1927.490000,1927.490000,0.0000
1695585600,1934.280000,1936.010000,1927.490000,1927.490000,0.2839
1695600000,1932.210000,1932.210000,1932.210000,1932.210000,0.0023
1695614400,1927.800000,1927.990000,1925.250000,1925.250000,0.7101
1695628800,1926.180000,1929.790000,1922.350000,1925.410000,0.2924
1695643200,1927.560000,1928.240000,1919.760000,1919.760000,0.0898
1695657600,1919.760000,1919.760000,1919.760000,1919.760000,0.0000
1695672000,1919.380000,1919.580000,1919.380000,1919.580000,1.0183
1695686400,1919.580000,1919.580000,1919.580000,1919.580000,0.0000
1695700800,1922.150000,1922.150000,1919.570000,1919.570000,0.0157
1695715200,1917.110000,1924.620000,1917.110000,1924.430000,0.3579
1695729600,1917.060000,1917.060000,1908.250000,1908.250000,2.0482
1695744000,1908.250000,1908.250000,1900.910000,1901.930000,0.2714
1695758400,1901.930000,1901.930000,1901.930000,1901.930000,0.0000
1695772800,1901.930000,1901.930000,1901.930000,1901.930000,0.0000
1695787200,1901.150000,1901.150000,1901.150000,1901.150000,0.0010
1695801600,1901.150000,1901.150000,1901.150000,1901.150000,0.0000
1695816000,1901.150000,1902.370000,1894.730000,1894.730000,4.9628
1695830400,1893.140000,1893.140000,1887.130000,1887.130000,0.1402
1695844800,1887.130000,1887.130000,1887.130000,1887.130000,0.0000
1695859200,1887.130000,1887.130000,1887.130000,1887.130000,0.0000
1695873600,1890.310000,1890.310000,1890.310000,1890.310000,0.1261
1695888000,1887.480000,1887.480000,1879.310000,1879.310000,3.0465
1695902400,1880.560000,1880.560000,1862.060000,1865.920000,4.6437
1695916800,1863.460000,1866.000000,1860.230000,1864.830000,5.3733
1695931200,1867.050000,1867.050000,1867.050000,1867.050000,0.0006
1695945600,1866.600000,1867.900000,1866.040000,1867.900000,1.1754
1695960000,1864.840000,1866.430000,1864.840000,1866.430000,0.0652
1695974400,1871.480000,1871.880000,1866.720000,1871.540000,0.4503
1695988800,1869.420000,1876.670000,1852.920000,1852.920000,1.0135
1696003200,1852.920000,1861.760000,1847.680000,1850.810000,3.9655
1696017600,1849.080000,1851.760000,1847.850000,1849.720000,1.1905
1696032000,1849.160000,1855.140000,1849.160000,1852.770000,0.1674
1696046400,1852.880000,1855.310000,1850.840000,1855.070000,0.4823
1696060800,1851.430000,1857.190000,1851.180000,1855.960000,0.1426
1696075200,1855.110000,1855.760000,1848.340000,1848.980000,1.6068
1696089600,1854.480000,1855.520000,1850.440000,1855.520000,0.1332
1696104000,1854.470000,1856.480000,1849.010000,1851.450000,1.6454
1696118400,1850.850000,1854.610000,1850.820000,1852.500000,0.2825
1696132800,1850.790000,1850.790000,1847.360000,1847.360000,0.2332
1696147200,1850.670000,1859.400000,1850.600000,1856.620000,0.8054
1696161600,1859.050000,1871.520000,1857.970000,1871.180000,1.5129
1696176000,1870.580000,1870.580000,1828.010000,1846.010000,56.4717
1696190400,1846.010000,1848.860000,1846.010000,1847.370000,0.2353
1696204800,1845.270000,1846.930000,1841.770000,1844.450000,0.4088
1696219200,1843.930000,1846.000000,1837.820000,1838.120000,4.8546
1696233600,1839.870000,1840.640000,1831.300000,1831.300000,4.7696
1696248000,1834.080000,1839.160000,1826.170000,1834.780000,16.4842
1696262400,1831.440000,1831.440000,1827.530000,1827.530000,2.1856
1696276800,1828.000000,1828.000000,1822.450000,1822.450000,0.0283
1696291200,1822.360000,1822.440000,1819.720000,1819.720000,0.7484
1696305600,1817.990000,1824.820000,1817.990000,1822.190000,0.5137
1696320000,1822.190000,1829.370000,1822.190000,1825.580000,1.0703
1696334400,1825.580000,1831.980000,1820.000000,1823.620000,1.9835
1696348800,1823.810000,1824.000000,1821.540000,1821.820000,0.7200
1696363200,1821.820000,1821.820000,1821.820000,1821.820000,0.0000
1696377600,1821.820000,1821.820000,1821.820000,1821.820000,0.0000
1696392000,1821.820000,1821.820000,1821.820000,1821.820000,0.0000
1696406400,1820.000000,1821.930000,1820.000000,1821.780000,0.1273
1696420800,1823.290000,1827.530000,1818.900000,1821.730000,0.6127
1696435200,1823.020000,1824.660000,1820.140000,1820.140000,0.3530
1696449600,1821.600000,1823.340000,1821.600000,1823.340000,0.0645
1696464000,1823.100000,1829.050000,1820.150000,1829.050000,0.8464
1696478400,1825.570000,1825.570000,1822.050000,1822.460000,0.0222
1696492800,1821.330000,1824.370000,1821.330000,1822.460000,0.0426
1696507200,1820.150000,1820.150000,1815.880000,1815.880000,0.7609
1696521600,1815.710000,1819.540000,1815.710000,1819.540000,1.2075
1696536000,1819.100000,1820.520000,1819.040000,1819.040000,0.0300
1696550400,1820.520000,1825.130000,1820.520000,1822.170000,1.1137
1696564800,1822.330000,1825.020000,1821.290000,1823.330000,0.2287
1696579200,1821.110000,1824.210000,1821.110000,1822.650000,0.2204
1696593600,1819.710000,1827.440000,1817.010000,1826.080000,0.2926
1696608000,1826.080000,1826.080000,1826.080000,1826.080000,0.0000
1696622400,1829.150000,1830.000000,1829.150000,1830.000000,0.7248
1696636800,1829.810000,1830.000000,1829.810000,1830.000000,0.5358
1696651200,1830.000000,1830.000000,1830.000000,1830.000000,0.0099
1696665600,1830.000000,1835.750000,1830.000000,1835.380000,1.0886
1696680000,1835.430000,1837.600000,1835.340000,1836.810000,4.2274
1696694400,1836.660000,1837.060000,1835.430000,1835.430000,0.2797
1696708800,1836.520000,1836.710000,1836.520000,1836.520000,0.2726
1696723200,1836.520000,1837.690000,1836.520000,1837.630000,0.2377
1696737600,1835.450000,1839.180000,1835.450000,1839.180000,0.2631
1696752000,1837.780000,1838.210000,1835.450000,1835.750000,3.3945
1696766400,1835.450000,1836.710000,1832.930000,1834.480000,1.1156
1696780800,1834.080000,1837.820000,1833.300000,1835.770000,3.7728
1696795200,1837.450000,1852.600000,1836.490000,1850.340000,2.2684
1696809600,1850.170000,1851.600000,1847.570000,1847.630000,0.7786
1696824000,1852.630000,1855.780000,1847.380000,1849.730000,0.9633
1696838400,1851.600000,1859.620000,1851.600000,1853.020000,9.2518
1696852800,1853.020000,1855.380000,1847.620000,1851.850000,0.7546
1696867200,1852.920000,1861.960000,1848.940000,1861.020000,1.1446
1696881600,1862.060000,1865.080000,1862.060000,1863.460000,0.4814
1696896000,1866.550000,1866.550000,1866.520000,1866.520000,0.0048
1696910400,1865.700000,1865.700000,1856.360000,1859.020000,2.4213
1696924800,1857.710000,1861.550000,1855.500000,1855.500000,5.2790
1696939200,1855.700000,1863.410000,1854.820000,1860.990000,1.5644
1696953600,1860.950000,1864.180000,1860.170000,1860.170000,0.1146
1696968000,1857.250000,1859.760000,1857.250000,1857.640000,0.0709
1696982400,1860.170000,1863.130000,1859.610000,1862.940000,0.4612
1696996800,1865.510000,1865.510000,1859.610000,1861.700000,0.0773
1697011200,1867.200000,1873.680000,1867.200000,1873.680000,0.1194
1697025600,1873.680000,1873.680000,1865.240000,1870.070000,4.2353
1697040000,1870.070000,1876.950000,1870.070000,1871.770000,0.3377
1697054400,1872.020000,1876.760000,1872.020000,1875.730000,0.1055
1697068800,1874.750000,1877.020000,1874.750000,1875.830000,0.2137
1697083200,1876.880000,1879.310000,1876.540000,1879.310000,1.8186
1697097600,1879.310000,1884.140000,1879.310000,1881.270000,0.1924
1697112000,1883.720000,1883.720000,1879.310000,1879.310000,0.0336
1697126400,1872.510000,1872.510000,1869.920000,1869.920000,0.1380
1697140800,1874.000000,1879.050000,1871.870000,1879.050000,3.4155
1697155200,1873.270000,1873.270000,1873.270000,1873.270000,0.0027
1697169600,1873.200000,1874.720000,1873.080000,1874.720000,1.3116
1697184000,1876.000000,1890.560000,1876.000000,1890.560000,4.8805
1697198400,1892.400000,1913.790000,1892.400000,1913.790000,10.4721
1697212800,1915.000000,1924.570000,1915.000000,1924.570000,4.5044
1697227200,1924.570000,1926.500000,1924.570000,1926.500000,0.8751
1697241600,1926.440000,1926.540000,1925.700000,1925.700000,0.0280
1697256000,1926.220000,1933.510000,1924.740000,1931.370000,3.7575
1697270400,1931.480000,1932.220000,1926.380000,1931.080000,0.9031
1697284800,1928.810000,1934.000000,1926.140000,1926.520000,0.1895
1697299200,1928.790000,1931.230000,1926.740000,1930.190000,0.0887
1697313600,1930.560000,1936.320000,1923.310000,1927.090000,0.6316
1697328000,1930.740000,1932.430000,1927.270000,1929.470000,0.1607
1697342400,1932.820000,1932.970000,1926.640000,1927.570000,0.1098
1697356800,1926.700000,1933.430000,1926.590000,1928.650000,0.2421
1697371200,1930.130000,1934.480000,1929.320000,1932.660000,0.0591
1697385600,1930.000000,1936.320000,1930.000000,1933.430000,0.0561
1697400000,1933.430000,1933.430000,1911.810000,1911.810000,1.0780
1697414400,1916.640000,1916.640000,1916.640000,1916.640000,2.0003
1697428800,1913.620000,1915.610000,1908.640000,1912.260000,1.4149
1697443200,1910.050000,1917.780000,1910.050000,1915.730000,1.2235
1697457600,1915.470000,1924.470000,1914.000000,1921.370000,0.8252
1697472000,1919.250000,1919.910000,1916.700000,1918.950000,0.9538
1697486400,1918.150000,1918.710000,1908.950000,1909.100000,1.3673
1697500800,1913.200000,1913.200000,1909.880000,1909.880000,0.3166
1697515200,1913.200000,1918.530000,1913.200000,1916.420000,0.5263
1697529600,1918.960000,1921.660000,1916.820000,1921.120000,0.7571
1697544000,1918.210000,1923.000000,1918.210000,1920.430000,0.0634
1697558400,1920.430000,1921.560000,1917.320000,1918.750000,0.5696
1697572800,1914.430000,1921.200000,1912.060000,1921.200000,0.4444
1697587200,1921.200000,1940.960000,1921.200000,1935.060000,8.3497
1697601600,1934.100000,1936.580000,1933.680000,1936.210000,0.4593
1697616000,1937.540000,1940.350000,1935.990000,1939.640000,0.6490
1697630400,1944.460000,1946.000000,1937.650000,1940.750000,1.8253
1697644800,1942.230000,1942.730000,1942.230000,1942.530000,0.2935
1697659200,1942.530000,1956.780000,1937.200000,1947.510000,1.7567
1697673600,1949.230000,1949.510000,1943.250000,1943.250000,9.9723
1697688000,1943.880000,1948.850000,1943.880000,1946.600000,9.5084
1697702400,1945.090000,1953.920000,1945.090000,1953.920000,0.6262
1697716800,1948.580000,1954.450000,1942.740000,1949.020000,1.0177
1697731200,1951.190000,1974.470000,1951.190000,1974.470000,1.7786
1697745600,1972.480000,1974.470000,1956.650000,1971.400000,2.5255
1697760000,1974.500000,1981.370000,1970.960000,1976.300000,2.9051
1697774400,1975.660000,1977.930000,1973.280000,1975.820000,0.7719
1697788800,1976.850000,1977.460000,1975.150000,1975.510000,0.5804
1697803200,1974.960000,1990.000000,1969.680000,1989.700000,1.9119
1697817600,1988.610000,1988.830000,1974.550000,1974.840000,15.7125
1697832000,1980.220000,1980.220000,1979.500000,1979.500000,0.0283
1697846400,1979.500000,1979.500000,1979.500000,1979.500000,0.0000
1697860800,1981.330000,1983.430000,1979.500000,1983.430000,0.2029
1697875200,1983.430000,1984.080000,1980.730000,1980.960000,0.7182
1697889600,1982.040000,1984.030000,1979.480000,1982.860000,2.1780
1697904000,1980.490000,1982.770000,1979.070000,1980.380000,2.1862
1697918400,1981.910000,1983.990000,1974.290000,1978.400000,2.5241
1697932800,1977.070000,1982.620000,1974.090000,1981.760000,2.2164
1697947200,1979.470000,1986.400000,1971.340000,1981.910000,2.3238
1697961600,1981.350000,1984.260000,1978.900000,1982.330000,2.8933
1697976000,1981.270000,1984.170000,1980.180000,1984.170000,1.3601
1697990400,1981.280000,1984.660000,1981.280000,1981.280000,0.0487
1698004800,1984.890000,1985.020000,1969.440000,1978.780000,1.3657
1698019200,1972.620000,1973.730000,1969.230000,1972.760000,0.0357
1698033600,1975.400000,1978.100000,1975.400000,1976.040000,0.0058
1698048000,1981.210000,1981.210000,1972.240000,1976.680000,0.3203
1698062400,1978.570000,1980.290000,1969.870000,1973.420000,1.7048
1698076800,1974.930000,1978.630000,1969.690000,1972.310000,1.7574
1698091200,1972.490000,1976.000000,1967.170000,1970.090000,2.1018
1698105600,1973.440000,1976.000000,1971.120000,1974.060000,0.6646
1698120000,1973.330000,1976.180000,1972.000000,1976.180000,0.2328
1698134400,1975.050000,1976.180000,1949.300000,1961.360000,7.5800
1698148800,1961.660000,1965.180000,1961.510000,1964.740000,1.7177
1698163200,1971.390000,1972.590000,1971.390000,1971.530000,0.0142
1698177600,1971.130000,1971.860000,1964.260000,1968.480000,0.3504
1698192000,1974.980000,1974.980000,1969.300000,1971.020000,0.1050
1698206400,1971.280000,1974.900000,1971.280000,1974.900000,0.0306
1698220800,1970.200000,1974.860000,1965.780000,1974.860000,0.0578
1698235200,1971.420000,1978.690000,1968.190000,1978.490000,1.3115
1698249600,1975.620000,1980.000000,1973.270000,1978.760000,0.2381
1698264000,1980.000000,1980.000000,1971.550000,1973.150000,0.0675
1698278400,1973.150000,1973.150000,1973.150000,1973.150000,0.0000
1698292800,1982.750000,1988.490000,1982.750000,1986.950000,0.3075
1698307200,1988.800000,1988.800000,1986.270000,1986.270000,0.0056
1698321600,1982.160000,1985.390000,1972.140000,1979.800000,1.7015
1698336000,1980.800000,1989.360000,1979.030000,1987.830000,5.6936
1698350400,1987.320000,1987.800000,1982.270000,1982.860000,3.7139
1698364800,1983.480000,1988.120000,1981.590000,1987.430000,2.1927
1698379200,1986.740000,1990.840000,1985.790000,1986.740000,2.2589
1698393600,1986.480000,1987.010000,1978.540000,1981.560000,4.1287
1698408000,1981.970000,1987.400000,1976.460000,1980.170000,6.0063
1698422400,1981.050000,1997.000000,1979.220000,1997.000000,8.4911
1698436800,1997.000000,2004.500000,1997.000000,2001.000000,3.3423
1698451200,2001.000000,2007.890000,2000.790000,2007.300000,3.3424
1698465600,2006.930000,2010.400000,2004.160000,2007.880000,3.9572
1698480000,2007.670000,2008.210000,2004.390000,2006.400000,2.1817
1698494400,2005.530000,2008.840000,2004.630000,2008.640000,0.8082
1698508800,2008.230000,2008.640000,2003.020000,2005.350000,0.2694
1698523200,2006.260000,2008.640000,2004.460000,2004.890000,1.4489
1698537600,2005.990000,2007.230000,2003.020000,2006.300000,1.3524
1698552000,2004.860000,2007.210000,2004.430000,2005.120000,2.3052
1698566400,2005.890000,2007.200000,2003.020000,2007.110000,2.0456
1698580800,2004.800000,2008.840000,2002.840000,2006.570000,2.3384
1698595200,2006.350000,2009.040000,2004.590000,2006.720000,3.0597
1698609600,2005.920000,2007.460000,2001.180000,2002.670000,2.7615
1698624000,2003.330000,2006.310000,2002.160000,2002.340000,0.5947
1698638400,2004.750000,2004.750000,1993.110000,1993.160000,0.6958
1698652800,1994.780000,1994.790000,1990.000000,1990.840000,0.6529
1698667200,1991.260000,2002.390000,1991.260000,1998.270000,3.1280
1698681600,1998.430000,2000.540000,1993.180000,1995.020000,1.7325
1698696000,1995.900000,1998.420000,1994.160000,1997.330000,0.3061
1698710400,1997.300000,1997.500000,1996.500000,1996.700000,0.0587
1698724800,1994.800000,1997.710000,1991.930000,1995.850000,1.6922
1698739200,1995.530000,2001.200000,1992.060000,1999.430000,2.2220
1698753600,1998.930000,2004.000000,1992.100000,1993.920000,5.2862
1698768000,1991.390000,1991.390000,1984.530000,1984.530000,0.1635
1698782400,1982.750000,1987.500000,1982.750000,1985.500000,0.6165
1698796800,1982.750000,1982.750000,1975.290000,1978.070000,3.1567
1698811200,1975.210000,1981.970000,1975.210000,1979.140000,0.3861
1698825600,1977.120000,1982.590000,1977.120000,1981.140000,0.0309
1698840000,1983.310000,1992.200000,1977.250000,1977.550000,2.1099
1698854400,1978.650000,1982.080000,1975.700000,1977.570000,2.2144
1698868800,1977.090000,1982.390000,1976.390000,1981.320000,0.5850
1698883200,1981.320000,1987.590000,1981.320000,1984.780000,1.5902
1698897600,1984.190000,1987.300000,1982.150000,1985.260000,1.9850
1698912000,1984.870000,1989.200000,1982.570000,1987.790000,1.5333
1698926400,1986.050000,1990.260000,1980.650000,1982.980000,1.3760
1698940800,1980.650000,1985.850000,1980.650000,1985.850000,0.0239
1698955200,1985.850000,1988.140000,1983.500000,1983.780000,0.2187
1698969600,1984.250000,1988.290000,1983.000000,1988.060000,0.0129
1698984000,1988.120000,1988.890000,1984.240000,1986.900000,0.8845
1698998400,1986.830000,1990.910000,1985.870000,1986.460000,1.4163
1699012800,1987.800000,1998.730000,1985.600000,1996.240000,1.2445
1699027200,1997.980000,1997.980000,1995.730000,1995.730000,0.0125
1699041600,1995.730000,1995.730000,1995.730000,1995.730000,0.0000
1699056000,1995.930000,1995.930000,1995.930000,1995.930000,0.0005
1699070400,1995.730000,1996.340000,1992.920000,1992.920000,0.2382
1699084800,1995.970000,1995.970000,1992.920000,1992.920000,0.0076
1699099200,1992.720000,1992.720000,1992.720000,1992.720000,0.0059
1699113600,1992.720000,1992.720000,1992.000000,1992.000000,0.0074
1699128000,1992.000000,1992.000000,1992.000000,1992.000000,0.0053
1699142400,1992.720000,1992.720000,1992.000000,1992.000000,0.4964
1699156800,1992.720000,1992.720000,1992.720000,1992.720000,0.0006
1699171200,1992.720000,1992.720000,1990.000000,1992.720000,0.0099
1699185600,1992.000000,1992.000000,1988.010000,1988.010000,0.6664
1699200000,1990.000000,1990.000000,1988.010000,1990.000000,0.2372
1699214400,1993.540000,1999.360000,1990.000000,1990.230000,1.1700
1699228800,1991.790000,1992.470000,1985.000000,1985.000000,1.0274
1699243200,1985.200000,1985.200000,1985.200000,1985.200000,0.0005
1699257600,1985.000000,1988.600000,1985.000000,1985.300000,0.4580
1699272000,1985.300000,1987.650000,1985.300000,1985.550000,1.2335
1699286400,1985.300000,1988.420000,1978.820000,1982.100000,0.6890
1699300800,1981.770000,1984.290000,1980.060000,1980.060000,0.5717
1699315200,1977.000000,1977.000000,1977.000000,1977.000000,0.6576
1699329600,1975.320000,1975.320000,1967.050000,1969.980000,0.2314
1699344000,1968.970000,1968.970000,1965.510000,1965.510000,0.0193
1699358400,1965.510000,1967.120000,1960.830000,1966.310000,0.2617
1699372800,1966.200000,1968.970000,1965.190000,1966.960000,0.5683
1699387200,1966.690000,1968.970000,1965.350000,1966.960000,0.7997
1699401600,1965.930000,1968.970000,1965.570000,1968.970000,2.8803
1699416000,1966.590000,1968.970000,1965.310000,1965.730000,0.8966
1699430400,1967.850000,1967.870000,1964.070000,1964.070000,0.8432
1699444800,1966.520000,1966.940000,1958.090000,1958.090000,5.8601
1699459200,1958.090000,1958.180000,1951.120000,1953.570000,1.6526
1699473600,1951.530000,1956.600000,1951.320000,1956.600000,0.1834
1699488000,1952.960000,1954.860000,1951.120000,1951.120000,0.4019
1699502400,1951.000000,1951.740000,1945.420000,1949.540000,5.4810
1699516800,1949.450000,1951.220000,1943.220000,1944.710000,0.8905
1699531200,1944.710000,1958.000000,1944.320000,1957.800000,1.7238
1699545600,1959.640000,1964.980000,1953.860000,1957.030000,3.7059
1699560000,1957.610000,1962.360000,1953.040000,1959.320000,0.2197
1699574400,1956.900000,1962.340000,1954.390000,1958.270000,0.7148
1699588800,1954.070000,1954.970000,1952.590000,1952.590000,0.0065
1699603200,1954.040000,1955.480000,1948.570000,1948.790000,0.0589
1699617600,1945.490000,1948.680000,1939.530000,1939.530000,0.3198
1699632000,1938.330000,1940.550000,1938.010000,1939.780000,1.9346
1699646400,1939.580000,1942.440000,1939.580000,1939.780000,0.1455
1699660800,1940.560000,1940.560000,1939.580000,1939.580000,0.5061
1699675200,1940.500000,1940.500000,1939.580000,1939.580000,0.5016
1699689600,1942.440000,1942.440000,1935.010000,1935.010000,0.8334
1699704000,1935.010000,1935.010000,1934.700000,1935.010000,0.3696
1699718400,1935.010000,1939.010000,1933.380000,1934.090000,2.9327
1699732800,1934.090000,1934.090000,1933.690000,1933.690000,1.6034
1699747200,1933.890000,1938.190000,1933.890000,1936.360000,1.7663
1699761600,1936.360000,1936.360000,1933.670000,1936.360000,0.0035
1699776000,1936.360000,1938.030000,1933.980000,1936.940000,0.1506
1699790400,1937.140000,1938.880000,1933.880000,1937.420000,2.1735
1699804800,1937.780000,1939.060000,1935.270000,1936.100000,2.2612
1699819200,1936.260000,1945.270000,1934.830000,1938.810000,2.0938
1699833600,1937.980000,1941.910000,1936.110000,1937.480000,1.7048
1699848000,1935.000000,1942.940000,1935.000000,1939.220000,1.5312
1699862400,1937.700000,1939.530000,1931.160000,1934.220000,4.2067
1699876800,1936.670000,1936.670000,1931.030000,1936.600000,1.2390
1699891200,1939.160000,1948.120000,1938.940000,1948.120000,0.0337
1699905600,1944.700000,1952.330000,1944.000000,1946.590000,1.3448
1699920000,1945.990000,1948.670000,1944.000000,1945.730000,1.6113
1699934400,1946.220000,1947.790000,1944.000000,1946.340000,0.4716
1699948800,1945.500000,1948.830000,1941.830000,1947.140000,2.1809
1699963200,1945.420000,1963.150000,1944.700000,1962.820000,0.6620
1699977600,1963.110000,1964.990000,1960.070000,1961.960000,1.8625
1699992000,1963.890000,1965.510000,1954.620000,1959.950000,2.8899
1700006400,1962.060000,1963.530000,1957.130000,1960.250000,2.0725
1700020800,1960.720000,1965.510000,1959.350000,1962.940000,1.1923
1700035200,1965.510000,1968.970000,1965.510000,1968.970000,0.0699
1700049600,1968.970000,1969.980000,1961.330000,1962.740000,0.7819
1700064000,1962.740000,1962.740000,1960.000000,1960.050000,0.0941
1700078400,1962.740000,1962.740000,1957.180000,1959.160000,0.8338
1700092800,1959.980000,1962.360000,1958.430000,1959.900000,0.9678
1700107200,1960.400000,1962.740000,1958.860000,1962.740000,0.5645
1700121600,1962.040000,1962.040000,1962.040000,1962.040000,0.0471
1700136000,1959.970000,1978.740000,1959.970000,1978.740000,0.2730
1700150400,1978.940000,1981.090000,1978.940000,1980.700000,0.2582
1700164800,1980.670000,1983.700000,1957.360000,1975.250000,1.9256
1700179200,1978.940000,1982.750000,1978.940000,1982.750000,0.0046
1700193600,1982.550000,1982.550000,1982.550000,1982.550000,0.0016
1700208000,1982.140000,1988.890000,1982.140000,1988.310000,0.2482
1700222400,1988.010000,1988.430000,1976.440000,1980.260000,0.2563
1700236800,1980.120000,1983.540000,1977.530000,1983.150000,1.5223
1700251200,1975.780000,1980.400000,1972.250000,1979.610000,0.1447
1700265600,1980.380000,1983.230000,1977.070000,1981.440000,3.0388
1700280000,1980.150000,1981.410000,1978.730000,1979.340000,1.0291
1700294400,1979.340000,1980.600000,1977.860000,1979.860000,0.2990
1700308800,1979.860000,1979.860000,1979.860000,1979.860000,0.0021
1700323200,1977.340000,1982.680000,1976.250000,1977.490000,0.9157
1700337600,1978.870000,1981.260000,1977.020000,1977.450000,1.2669
1700352000,1977.100000,1979.860000,1976.470000,1976.470000,0.7264
1700366400,1977.810000,1978.310000,1976.860000,1977.330000,0.0956
1700380800,1979.860000,1979.860000,1977.090000,1977.090000,0.0165
1700395200,1978.170000,1981.550000,1976.580000,1978.970000,0.7345
1700409600,1980.160000,1981.430000,1978.090000,1979.880000,2.2934
1700424000,1979.640000,1981.540000,1973.070000,1975.670000,2.1781
1700438400,1974.240000,1983.860000,1972.110000,1980.120000,2.2674
1700452800,1981.120000,1982.780000,1976.820000,1979.060000,2.1990
1700467200,1978.290000,1979.790000,1971.280000,1972.560000,2.8834
1700481600,1973.230000,1973.930000,1966.650000,1970.730000,1.2300
1700496000,1970.820000,1978.290000,1969.260000,1975.510000,2.1321
1700510400,1975.910000,1979.600000,1972.200000,1978.600000,0.6184
1700524800,1978.100000,1983.000000,1978.100000,1983.000000,0.0643
1700539200,1987.770000,1987.770000,1987.500000,1987.500000,0.0066
1700553600,1984.600000,1986.100000,1983.200000,1985.300000,0.2936
1700568000,1985.800000,1998.800000,1985.200000,1998.800000,1.3930
1700582400,1997.200000,1998.900000,1995.500000,1998.900000,0.0016
1700596800,1995.500000,1995.500000,1995.500000,1995.500000,0.0620
1700611200,1995.500000,1995.500000,1995.500000,1995.500000,0.0000
1700625600,1995.500000,1995.500000,1995.500000,1995.500000,0.0000
1700640000,1999.000000,2000.000000,1999.000000,2000.000000,0.0553
1700654400,1995.900000,1998.900000,1991.800000,1994.700000,0.3036
1700668800,1994.400000,1994.800000,1986.400000,1988.900000,1.7493
1700683200,1989.400000,1991.400000,1986.100000,1991.400000,0.2117
1700697600,1989.800000,1995.900000,1988.800000,1995.700000,0.3745
1700712000,1995.600000,1997.200000,1993.000000,1996.000000,1.6724
1700726400,1995.100000,1995.200000,1994.000000,1994.100000,0.0311
1700740800,1995.000000,1995.000000,1992.300000,1992.300000,0.0532
1700755200,1992.300000,1992.700000,1986.100000,1988.400000,0.5788
1700769600,1987.600000,1990.300000,1986.000000,1987.000000,1.1869
1700784000,1990.500000,1990.500000,1990.500000,1990.500000,0.0073
1700798400,1992.700000,1992.700000,1992.700000,1992.700000,0.0013
1700812800,1992.700000,1992.700000,1992.700000,1992.700000,0.0000
1700827200,1992.700000,2000.000000,1992.700000,1997.400000,0.2786
1700841600,1996.400000,2000.000000,1995.100000,2000.000000,0.0921
1700856000,2000.000000,2000.000000,2000.000000,2000.000000,0.0000
1700870400,2000.000000,2000.000000,2000.000000,2000.000000,0.0015
1700884800,1998.500000,2000.000000,1997.100000,2000.000000,0.1047
1700899200,2000.000000,2003.900000,1998.400000,2000.700000,1.5982
1700913600,1999.200000,2000.800000,1997.900000,1999.000000,2.2473
1700928000,2000.100000,2002.700000,1996.300000,1998.400000,0.9187
1700942400,2000.500000,2001.000000,1996.400000,1999.300000,1.0297
1700956800,1999.300000,1999.300000,1999.300000,1999.300000,0.0000
1700971200,1998.800000,2000.500000,1998.800000,1999.300000,0.0685
1700985600,2000.700000,2000.700000,1999.000000,1999.500000,0.0333
1701000000,1997.400000,2000.200000,1997.400000,1999.500000,0.1757
1701014400,1999.500000,2000.800000,1997.900000,1997.900000,0.7208
1701028800,1997.600000,2001.700000,1993.800000,2001.100000,1.4313
1701043200,2000.900000,2007.200000,1999.900000,2005.800000,0.5215
1701057600,2008.760000,2013.600000,2008.760000,2012.100000,0.0291
1701072000,2012.100000,2015.900000,2012.100000,2012.100000,0.7953
1701086400,2014.200000,2015.400000,2008.500000,2011.600000,2.2878
1701100800,2008.300000,2014.100000,2005.200000,2010.900000,2.2592
1701115200,2012.300000,2017.200000,2007.500000,2014.700000,2.5537
1701129600,2014.800000,2019.500000,2013.100000,2014.700000,1.2531
1701144000,2014.800000,2018.300000,2013.000000,2016.400000,0.8895
1701158400,2014.300000,2017.600000,2014.300000,2014.300000,0.4453
1701172800,2015.900000,2029.300000,2015.300000,2029.300000,0.2421
1701187200,2029.600000,2041.100000,2029.500000,2040.600000,0.2967
1701201600,2040.600000,2043.300000,2033.700000,2042.800000,0.2743
1701216000,2042.800000,2046.300000,2035.000000,2042.000000,0.3862
1701230400,2042.100000,2048.800000,2039.200000,2042.300000,0.9792
1701244800,2040.200000,2045.500000,2035.900000,2039.300000,1.4906
1701259200,2038.800000,2047.800000,2036.800000,2042.300000,1.7021
1701273600,2042.300000,2046.600000,2040.600000,2046.400000,0.8236
1701288000,2045.500000,2048.100000,2041.300000,2043.600000,2.4417
1701302400,2045.200000,2047.300000,2040.300000,2046.200000,1.7028
1701316800,2045.500000,2047.400000,2042.400000,2043.400000,1.0767
1701331200,2041.600000,2046.000000,2038.900000,2040.500000,1.3140
1701345600,2040.400000,2041.700000,2030.900000,2037.900000,1.3627
1701360000,2038.100000,2041.300000,2033.100000,2036.000000,1.8429
1701374400,2036.200000,2041.000000,2033.600000,2040.100000,1.7621
1701388800,2039.700000,2044.100000,2037.100000,2038.400000,1.8639
1701403200,2038.500000,2043.300000,2037.400000,2037.900000,1.3606
1701417600,2038.600000,2045.100000,2038.600000,2043.200000,1.0754
1701432000,2036.100000,2044.300000,2034.300000,2043.500000,0.6995
1701446400,2041.800000,2073.000000,2041.800000,2065.100000,1.2858
1701460800,2062.600000,2070.900000,2062.600000,2068.500000,1.8807
1701475200,2067.700000,2073.000000,2065.900000,2068.400000,1.7539
1701489600,2068.600000,2070.500000,2063.800000,2069.600000,1.8146
1701504000,2068.500000,2069.500000,2062.900000,2066.800000,1.8030
1701518400,2066.500000,2068.300000,2062.700000,2065.400000,1.7201
1701532800,2067.600000,2070.000000,2056.700000,2065.900000,0.5521
1701547200,2069.900000,2070.000000,2067.000000,2067.000000,0.0584
1701561600,2070.000000,2070.000000,2068.100000,2068.100000,0.0085
1701576000,2068.000000,2068.000000,2068.000000,2068.000000,0.0074
1701590400,2070.000000,2070.000000,2066.600000,2070.000000,0.0278
1701604800,2070.000000,2070.000000,2070.000000,2070.000000,0.0170
1701619200,2070.000000,2070.000000,2067.200000,2067.200000,4.0469
1701633600,2065.900000,2113.200000,2062.700000,2113.200000,2.5225
1701648000,2104.800000,2108.100000,2082.800000,2084.100000,5.1931
1701662400,2082.000000,2088.100000,2067.000000,2067.000000,0.2087
1701676800,2061.500000,2069.700000,2060.000000,2068.500000,1.2608
1701691200,2067.800000,2069.200000,2021.800000,2021.800000,12.6473
1701705600,2022.700000,2033.300000,2022.500000,2031.200000,5.7338
1701720000,2031.700000,2037.700000,2030.200000,2036.900000,1.2545
1701734400,2035.500000,2044.700000,2035.500000,2041.000000,1.3266
1701748800,2045.300000,2045.300000,2033.400000,2033.500000,0.8718
1701763200,2033.000000,2036.700000,2026.900000,2026.900000,2.5685
1701777600,2027.300000,2031.300000,2012.100000,2017.800000,0.3378
1701792000,2020.200000,2022.300000,2013.700000,2021.200000,0.8387
1701806400,2020.500000,2022.100000,2017.700000,2018.800000,0.2812
1701820800,2020.400000,2023.900000,2019.800000,2023.200000,0.8426
1701835200,2023.700000,2032.700000,2020.200000,2031.900000,7.7443
1701849600,2031.900000,2032.900000,2022.000000,2024.700000,0.5786
1701864000,2023.200000,2032.500000,2023.200000,2032.500000,3.2309
1701878400,2030.000000,2032.500000,2027.900000,2030.600000,0.5869
1701892800,2029.200000,2029.200000,2024.300000,2025.300000,1.1572
1701907200,2026.200000,2026.200000,2026.200000,2026.200000,0.0023
1701921600,2025.500000,2031.600000,2024.800000,2029.600000,5.3625
1701936000,2029.400000,2033.800000,2028.300000,2031.700000,1.7738
1701950400,2032.800000,2034.800000,2025.000000,2029.100000,1.1836
1701964800,2029.100000,2031.000000,2025.300000,2028.600000,1.1916
1701979200,2029.000000,2031.500000,2025.300000,2027.900000,7.2269
1701993600,2028.000000,2034.700000,2028.000000,2032.100000,0.3047
1702008000,2032.700000,2033.100000,2027.200000,2031.100000,0.8554
1702022400,2031.000000,2032.700000,2027.700000,2029.800000,1.0546
1702036800,2030.000000,2032.800000,2010.300000,2011.400000,2.6306
1702051200,2010.300000,2010.300000,1997.000000,2001.600000,0.6761
1702065600,2002.100000,2007.100000,2000.700000,2005.900000,0.6977
1702080000,2005.700000,2008.400000,2004.500000,2005.700000,0.3298
1702094400,2006.100000,2009.200000,2003.500000,2007.400000,0.1018
1702108800,2007.400000,2008.100000,2007.400000,2007.500000,0.0186
1702123200,2003.500000,2005.900000,2002.500000,2005.700000,0.4484
1702137600,2005.100000,2006.700000,2002.100000,2004.300000,1.8374
1702152000,2005.000000,2007.100000,2003.700000,2005.600000,1.7827
1702166400,2004.300000,2006.400000,2004.000000,2004.800000,0.9456
1702180800,2004.800000,2004.800000,2004.800000,2004.800000,0.0005
1702195200,2002.900000,2003.100000,2002.200000,2002.200000,0.0058
1702209600,2003.200000,2004.800000,2001.800000,2001.800000,0.0306
1702224000,2000.100000,2015.100000,2000.100000,2015.100000,0.0843
1702238400,2004.200000,2010.000000,2003.600000,2007.000000,1.0467
1702252800,2007.700000,2008.400000,2000.300000,2000.300000,0.9987
1702267200,2000.400000,2000.400000,2000.000000,2000.000000,10.9677
1702281600,2000.000000,2000.200000,2000.000000,2000.200000,13.2592
1702296000,2000.000000,2000.200000,1989.000000,1989.000000,27.4544
1702310400,1989.000000,1989.000000,1982.700000,1982.700000,0.0322
1702324800,1982.700000,1986.600000,1981.500000,1986.600000,0.8347
1702339200,1984.700000,1989.200000,1983.300000,1984.800000,5.6072
1702353600,1984.600000,1990.100000,1984.200000,1990.100000,0.3236
1702368000,1987.300000,1988.400000,1983.300000,1986.500000,0.3564
1702382400,1987.700000,1991.400000,1981.700000,1983.500000,0.8024
1702396800,1984.600000,1985.400000,1981.700000,1983.600000,0.2838
1702411200,1984.400000,1984.900000,1982.700000,1984.200000,0.1370
1702425600,1983.800000,1985.600000,1982.000000,1982.000000,0.0287
1702440000,1982.000000,1982.500000,1974.300000,1982.000000,0.9830
1702454400,1981.100000,1986.100000,1980.400000,1983.500000,3.3275
1702468800,1984.600000,1987.800000,1979.700000,1982.900000,0.4283
1702483200,1980.900000,2008.700000,1979.800000,2008.700000,1.0846
1702497600,2008.700000,2032.500000,2008.700000,2030.900000,0.7102
1702512000,2032.400000,2034.900000,2029.000000,2030.000000,0.9757
1702526400,2029.500000,2030.000000,2029.500000,2029.700000,0.2163
1702540800,2030.000000,2030.000000,2029.600000,2029.600000,9.9700
1702555200,2028.100000,2030.000000,2026.000000,2030.000000,0.0263
1702569600,2030.000000,2030.000000,2019.400000,2029.400000,9.9783
1702584000,2030.000000,2030.000000,2021.000000,2021.000000,0.6322
1702598400,2021.000000,2021.000000,2020.700000,2021.000000,0.0314
1702612800,2020.700000,2021.000000,2013.800000,2020.700000,0.1000
1702627200,2021.000000,2030.000000,2020.700000,2030.000000,0.2272
1702641600,2030.000000,2030.000000,2024.000000,2028.800000,0.1278
1702656000,2028.800000,2029.100000,2017.400000,2017.400000,0.1418
1702670400,2017.400000,2017.400000,2014.000000,2014.000000,0.0064
1702684800,2016.300000,2017.400000,2016.300000,2017.400000,0.0068
1702699200,2017.400000,2017.400000,2017.000000,2017.400000,0.0288
1702713600,2017.400000,2017.400000,2017.400000,2017.400000,0.0000
1702728000,2017.100000,2017.400000,2017.100000,2017.400000,0.0251
1702742400,2017.400000,2023.200000,2007.800000,2019.700000,1.6559
1702756800,2021.500000,2022.500000,2017.300000,2019.800000,1.8011
1702771200,2019.400000,2020.900000,2017.700000,2018.100000,0.8662
1702785600,2022.000000,2022.000000,2022.000000,2022.000000,0.0029
1702800000,2018.000000,2020.900000,2018.000000,2018.600000,0.3893
1702814400,2018.600000,2018.600000,1981.300000,2004.800000,4.6682
1702828800,2004.800000,2010.500000,1971.000000,2010.400000,2.5042
1702843200,2010.100000,2012.500000,1984.400000,2007.100000,2.6406
1702857600,2009.200000,2009.500000,2002.300000,2009.500000,0.2111
1702872000,2009.200000,2009.200000,2006.900000,2009.200000,0.6727
1702886400,2009.200000,2009.500000,2003.500000,2003.500000,0.1741
1702900800,2009.100000,2009.500000,2003.700000,2009.100000,10.4825
1702915200,2008.000000,2025.500000,2008.000000,2022.400000,0.1744
1702929600,2024.500000,2024.500000,2014.500000,2018.800000,0.3099
1702944000,2018.800000,2028.900000,2008.700000,2012.600000,2.0273
1702958400,2012.300000,2013.000000,2007.700000,2008.600000,1.3280
1702972800,2008.300000,2008.600000,2008.300000,2008.600000,0.0199
1702987200,2008.600000,2031.700000,2008.300000,2031.700000,0.0366
1703001600,2031.700000,2031.700000,2007.400000,2007.400000,0.7937
1703016000,2007.700000,2031.500000,2007.700000,2031.500000,0.0445
1703030400,2031.500000,2031.800000,2007.700000,2031.100000,4.5921
1703044800,2031.100000,2032.000000,2014.500000,2014.500000,0.7780
1703059200,2016.300000,2033.700000,2011.700000,2018.600000,2.3497
1703073600,2018.900000,2018.900000,2008.300000,2018.500000,0.3532
1703088000,2017.900000,2017.900000,2004.900000,2008.700000,0.3342
1703102400,2008.500000,2008.700000,2008.400000,2008.700000,0.1098
1703116800,2018.200000,2029.500000,2018.200000,2029.500000,13.0365
1703131200,2029.500000,2033.000000,2026.900000,2032.100000,1.3741
1703145600,2031.800000,2033.000000,2031.300000,2033.000000,0.6756
1703160000,2033.000000,2034.500000,2032.600000,2034.500000,0.3568
1703174400,2034.800000,2034.800000,2034.500000,2034.500000,0.1971
1703188800,2034.500000,2034.900000,2030.300000,2034.800000,0.3861
1703203200,2034.900000,2034.900000,2034.500000,2034.500000,0.1651
1703217600,2040.000000,2040.000000,2039.700000,2039.700000,0.2352
1703232000,2039.700000,2040.000000,2039.700000,2040.000000,0.0074
1703246400,2040.000000,2053.100000,2040.000000,2053.100000,0.5944
1703260800,2050.600000,2053.100000,2050.000000,2050.300000,0.0145
1703275200,2051.100000,2053.100000,2046.400000,2048.300000,3.4210
1703289600,2048.300000,2048.300000,2046.600000,2046.600000,0.0059
1703304000,2047.300000,2048.300000,2046.800000,2048.300000,0.0243
1703318400,2048.300000,2048.300000,2048.300000,2048.300000,0.0117
1703332800,2051.100000,2051.100000,2051.100000,2051.100000,0.0031
1703347200,2051.000000,2051.000000,2051.000000,2051.000000,0.0258
1703361600,2051.000000,2051.000000,2051.000000,2051.000000,0.0008
1703376000,2051.000000,2051.000000,2048.300000,2048.300000,0.0453
1703390400,2048.300000,2053.100000,2048.300000,2050.100000,0.3053
1703404800,2050.700000,2051.800000,2049.500000,2050.900000,1.2416
1703419200,2048.300000,2050.600000,2047.300000,2050.600000,0.3363
1703433600,2049.600000,2052.000000,2048.000000,2050.700000,0.2600
1703448000,2050.700000,2052.600000,2050.100000,2051.700000,0.2762
1703462400,2048.000000,2051.700000,2048.000000,2051.700000,0.0118
1703476800,2048.000000,2051.700000,2048.000000,2051.700000,0.3206
1703491200,2051.700000,2051.700000,2051.700000,2051.700000,0.0000
1703505600,2048.000000,2051.700000,2048.000000,2051.700000,0.0136
1703520000,2051.700000,2051.700000,2048.000000,2051.700000,0.0201
1703534400,2048.000000,2051.700000,2041.900000,2048.900000,1.4155
1703548800,2051.700000,2055.100000,2051.700000,2055.100000,0.1328
1703563200,2055.100000,2055.100000,2054.800000,2055.100000,0.0147
1703577600,2055.100000,2064.900000,2055.100000,2061.000000,1.0313
1703592000,2061.100000,2061.100000,2061.000000,2061.000000,0.0035
1703606400,2061.000000,2061.000000,2055.600000,2059.100000,0.6069
1703620800,2060.600000,2060.600000,2060.300000,2060.300000,0.0029
1703635200,2060.600000,2060.600000,2060.300000,2060.600000,0.0108
1703649600,2061.300000,2061.300000,2061.300000,2061.300000,0.0049
1703664000,2061.300000,2061.300000,2061.300000,2061.300000,0.0005
1703678400,2061.300000,2066.300000,2061.300000,2066.300000,0.0257
1703692800,2066.000000,2066.000000,2066.000000,2066.000000,0.0017
1703707200,2062.300000,2066.200000,2060.900000,2066.200000,0.4577
1703721600,2066.200000,2066.200000,2063.000000,2063.000000,0.0560
1703736000,2066.200000,2069.000000,2066.200000,2069.000000,0.1106
1703750400,2069.000000,2076.300000,2068.700000,2072.900000,0.3094
1703764800,2071.800000,2072.100000,2071.200000,2071.700000,0.0915
1703779200,2069.900000,2070.300000,2067.800000,2069.700000,0.9692
1703793600,2068.500000,2068.500000,2061.200000,2062.900000,0.1372
1703808000,2062.900000,2062.900000,2062.900000,2062.900000,0.0000
1703822400,2062.900000,2062.900000,2062.900000,2062.900000,0.0005
1703836800,2061.600000,2066.200000,2061.600000,2063.500000,4.3378
1703851200,2061.600000,2063.800000,2059.100000,2062.000000,0.7021
1703865600,2059.900000,2061.600000,2059.700000,2061.600000,0.7794
1703880000,2058.400000,2063.100000,2055.600000,2061.200000,7.0374
1703894400,2060.300000,2061.400000,2058.000000,2060.100000,1.7846
1703908800,2060.200000,2062.800000,2057.600000,2059.900000,1.9357
1703923200,2059.700000,2063.000000,2055.700000,2060.500000,0.9377
1703937600,2061.200000,2062.500000,2059.500000,2061.200000,1.7623
1703952000,2061.500000,2064.600000,2059.400000,2062.300000,1.7706
1703966400,2062.700000,2064.000000,2060.300000,2063.100000,0.7865
1703980800,2059.000000,2059.000000,2059.000000,2059.000000,0.0021
1703995200,2061.200000,2061.200000,2061.200000,2061.200000,0.0005
1704009600,2061.200000,2070.200000,2061.000000,2063.200000,1.6087
1704024000,2061.100000,2066.600000,2059.000000,2062.800000,2.0790
1704038400,2062.800000,2066.700000,2060.100000,2060.900000,1.6995
1704052800,2061.300000,2062.100000,2060.000000,2060.400000,1.8143
1704067200,2060.300000,2066.900000,2060.000000,2066.200000,1.7695
1704081600,2066.200000,2066.200000,2066.200000,2066.200000,0.0000
1704096000,2066.700000,2066.700000,2059.200000,2060.600000,0.6477
1704110400,2061.400000,2066.700000,2056.000000,2059.700000,1.1289
1704124800,2059.200000,2066.700000,2043.300000,2054.000000,5.1909
1704139200,2054.100000,2066.700000,2052.500000,2062.900000,1.1653
1704153600,2062.800000,2070.200000,2060.700000,2067.100000,1.6778
1704168000,2067.300000,2076.800000,2066.600000,2076.800000,1.3289
1704182400,2076.400000,2076.800000,2066.000000,2069.900000,0.8621
1704196800,2070.200000,2070.200000,2058.200000,2058.200000,1.2313
1704211200,2059.000000,2065.200000,2058.500000,2060.300000,0.2439
1704225600,2057.800000,2060.400000,2052.400000,2058.200000,1.3615
1704240000,2058.500000,2063.900000,2057.600000,2063.600000,1.3642
1704254400,2061.200000,2062.400000,2059.500000,2062.400000,0.2812
1704268800,2060.900000,2061.500000,2046.400000,2046.400000,0.2698
1704283200,2045.700000,2045.700000,2033.900000,2036.300000,0.8673
1704297600,2036.300000,2036.300000,2033.300000,2033.300000,0.1238
1704312000,2033.000000,2042.500000,2032.900000,2040.600000,1.8884
1704326400,2042.000000,2043.700000,2038.400000,2043.700000,1.0873
1704340800,2040.600000,2043.700000,2040.100000,2043.700000,0.6166
1704355200,2047.800000,2049.200000,2046.000000,2047.100000,0.8170
1704369600,2045.000000,2045.000000,2033.500000,2042.400000,0.5977
1704384000,2044.600000,2044.600000,2038.700000,2041.500000,0.5092
1704398400,2041.100000,2043.900000,2035.900000,2042.200000,1.0792
1704412800,2042.400000,2046.600000,2040.600000,2043.100000,1.7982
1704427200,2043.300000,2046.000000,2039.000000,2042.000000,1.7977
1704441600,2041.300000,2043.000000,2035.000000,2038.300000,2.9529
1704456000,2037.900000,2060.800000,2031.400000,2054.000000,1.6510
1704470400,2053.700000,2054.700000,2038.800000,2045.700000,1.5714
1704484800,2040.900000,2044.300000,2040.900000,2043.000000,0.3429
1704499200,2043.200000,2044.300000,2038.700000,2043.700000,1.9212
1704513600,2041.300000,2043.900000,2039.700000,2041.800000,1.7590
1704528000,2042.200000,2044.400000,2039.800000,2044.400000,2.1375
1704542400,2042.800000,2047.900000,2041.800000,2043.500000,4.2789
1704556800,2044.100000,2045.200000,2042.200000,2043.600000,1.2206
1704571200,2046.700000,2046.900000,2046.700000,2046.700000,0.2266
1704585600,2046.800000,2047.000000,2043.600000,2043.600000,0.9790
1704600000,2047.200000,2047.200000,2041.400000,2044.600000,0.6179
1704614400,2043.100000,2045.500000,2042.100000,2043.600000,1.8674
1704628800,2044.000000,2046.500000,2042.100000,2043.100000,1.8973
1704643200,2043.900000,2045.400000,2040.900000,2043.900000,1.9680
1704657600,2043.600000,2046.700000,2035.300000,2042.800000,1.3155
1704672000,2042.700000,2046.700000,2035.700000,2037.800000,1.4988
1704686400,2038.200000,2038.500000,2033.700000,2034.000000,0.1090
1704700800,2033.700000,2033.700000,2027.000000,2027.000000,0.5967
1704715200,2023.600000,2031.100000,2023.400000,2030.600000,0.3736
1704729600,2031.300000,2033.300000,2024.600000,2027.600000,1.8535
1704744000,2028.200000,2030.300000,2024.600000,2028.600000,1.5400
1704758400,2028.600000,2034.300000,2028.600000,2029.500000,0.6475
1704772800,2031.600000,2037.900000,2030.100000,2036.100000,2.3352
1704787200,2036.900000,2038.600000,2030.700000,2034.700000,1.5082
1704801600,2033.900000,2041.100000,2032.400000,2033.900000,2.1832
1704816000,2032.000000,2032.000000,2025.500000,2028.400000,1.7805
1704830400,2028.000000,2032.800000,2027.500000,2030.800000,1.0257
1704844800,2031.900000,2033.100000,2029.400000,2030.800000,1.3297
1704859200,2033.200000,2033.200000,2025.600000,2030.700000,0.7529
1704873600,2031.000000,2037.800000,2029.900000,2033.500000,1.8359
1704888000,2032.500000,2035.800000,2026.700000,2029.900000,0.7650
1704902400,2030.000000,2032.300000,2017.900000,2024.500000,13.2690
1704916800,2023.800000,2028.300000,2018.500000,2024.500000,2.8574
1704931200,2023.800000,2033.800000,2023.800000,2031.400000,0.8934
1704945600,2029.900000,2036.100000,2027.900000,2035.400000,1.4345
1704960000,2032.800000,2038.500000,2029.100000,2034.200000,0.4768
1704974400,2033.700000,2036.900000,2024.000000,2026.800000,0.6002
1704988800,2028.300000,2028.300000,2013.300000,2026.000000,0.5783
1705003200,2022.200000,2035.800000,2022.200000,2034.700000,1.6552
1705017600,2035.100000,2036.200000,2029.500000,2034.200000,1.8139
1705032000,2033.500000,2039.300000,2030.100000,2037.400000,1.7409
1705046400,2037.400000,2047.500000,2036.000000,2045.200000,2.3326
1705060800,2046.000000,2059.300000,2043.300000,2050.700000,1.1899
1705075200,2053.500000,2055.400000,2042.500000,2043.400000,0.2039
1705089600,2045.200000,2050.500000,2045.100000,2046.700000,0.7035
1705104000,2041.100000,2050.400000,2017.400000,2049.000000,5.0754
1705118400,2047.600000,2050.400000,2046.400000,2046.400000,0.8320
1705132800,2046.900000,2049.400000,2046.200000,2048.900000,0.3872
1705147200,2050.800000,2050.900000,2046.800000,2047.900000,0.4916
1705161600,2049.000000,2051.200000,2046.700000,2051.200000,0.1406
1705176000,2050.900000,2050.900000,2046.900000,2050.800000,0.1485
1705190400,2049.400000,2052.300000,2048.200000,2052.300000,0.2353
1705204800,2049.300000,2050.800000,2048.700000,2049.600000,0.5627
1705219200,2052.300000,2052.300000,2050.700000,2052.200000,0.2276
1705233600,2048.400000,2049.800000,2048.400000,2049.800000,0.0041
1705248000,2048.300000,2052.300000,2047.300000,2052.300000,0.0282
1705262400,2052.300000,2052.300000,2047.100000,2049.500000,0.5838
1705276800,2049.900000,2052.300000,2048.400000,2052.300000,0.1588
1705291200,2052.300000,2052.300000,2052.300000,2052.300000,0.0000
1705305600,2054.400000,2055.000000,2052.200000,2054.500000,0.6323
1705320000,2054.300000,2055.100000,2050.900000,2054.100000,1.7714
1705334400,2053.800000,2056.300000,2052.900000,2056.300000,0.1062
1705348800,2056.300000,2056.300000,2052.600000,2056.300000,0.9815
1705363200,2054.300000,2054.900000,2049.400000,2051.800000,1.5936
1705377600,2051.300000,2055.300000,2050.100000,2054.800000,1.6042
1705392000,2054.400000,2055.200000,2043.600000,2044.300000,1.6899
1705406400,2044.900000,2048.700000,2033.300000,2045.000000,2.7833
1705420800,2041.700000,2041.900000,2024.500000,2029.300000,1.4854
1705435200,2026.900000,2028.800000,2023.300000,2025.700000,0.1524
1705449600,2025.700000,2032.800000,2023.800000,2024.000000,3.5633
1705464000,2025.000000,2028.200000,2019.000000,2026.200000,1.1784
1705478400,2025.800000,2028.300000,2020.400000,2026.100000,1.0873
1705492800,2024.800000,2025.300000,2007.500000,2011.100000,0.6467
1705507200,2011.600000,2012.800000,2003.200000,2006.400000,0.2591
1705521600,2007.700000,2011.300000,2006.200000,2006.800000,4.5187
1705536000,2009.600000,2014.700000,2008.700000,2008.700000,0.1661
1705550400,2008.500000,2014.900000,2008.500000,2013.600000,0.1671
1705564800,2012.500000,2014.800000,2009.800000,2013.800000,0.3638
1705579200,2014.400000,2016.400000,2008.600000,2015.000000,0.1887
1705593600,2014.200000,2021.200000,2013.600000,2019.500000,0.1685
1705608000,2020.900000,2021.700000,2018.000000,2018.900000,0.0583
1705622400,2021.700000,2021.700000,2021.700000,2021.700000,0.0289
1705636800,2020.200000,2020.200000,2020.200000,2020.200000,0.0011
1705651200,2022.000000,2029.900000,2022.000000,2029.900000,0.1443
1705665600,2031.400000,2031.400000,2025.700000,2026.300000,0.3685
1705680000,2026.000000,2026.300000,2026.000000,2026.000000,0.0065
1705694400,2026.300000,2026.300000,2026.300000,2026.300000,0.0016
1705708800,2024.300000,2025.300000,2024.300000,2025.300000,0.0127
1705723200,2030.400000,2030.400000,2026.200000,2026.700000,0.1316
1705737600,2024.600000,2028.400000,2024.300000,2025.600000,0.0738
1705752000,2025.700000,2031.700000,2025.700000,2025.900000,0.6062
1705766400,2026.800000,2033.300000,2026.800000,2027.300000,1.9578
1705780800,2029.800000,2029.800000,2025.400000,2025.400000,0.0584
1705795200,2028.200000,2028.200000,2022.800000,2022.800000,0.0108
1705809600,2026.000000,2027.200000,2026.000000,2026.500000,0.1026
1705824000,2026.100000,2028.000000,2024.400000,2026.600000,0.3958
1705838400,2025.900000,2027.300000,2024.800000,2025.800000,0.2433
1705852800,2026.200000,2028.200000,2021.300000,2021.300000,0.3272
1705867200,2025.800000,2026.000000,2020.800000,2023.600000,0.4888
1705881600,2026.400000,2032.200000,2026.300000,2026.900000,0.1552
1705896000,2027.700000,2027.700000,2019.700000,2022.900000,0.5134
1705910400,2022.900000,2024.900000,2022.900000,2023.800000,0.1707
1705924800,2025.800000,2027.900000,2001.100000,2017.500000,6.0446
1705939200,2021.300000,2026.200000,2006.400000,2019.100000,3.5034
1705953600,2019.100000,2028.400000,2008.200000,2016.300000,8.8741
1705968000,2017.000000,2031.800000,2011.600000,2025.000000,5.5233
1705982400,2028.400000,2032.800000,2019.700000,2024.500000,0.4865
1705996800,2022.800000,2026.600000,2011.600000,2019.900000,1.8777
1706011200,2018.300000,2022.400000,2012.800000,2016.900000,1.7771
1706025600,2018.100000,2028.500000,2014.200000,2027.400000,1.8002
1706040000,2027.200000,2028.700000,2024.100000,2027.900000,1.8438
1706054400,2026.400000,2029.800000,2019.700000,2027.500000,1.8058
1706068800,2023.600000,2031.300000,2018.400000,2027.400000,1.8949
1706083200,2028.200000,2031.300000,2024.400000,2028.100000,1.8144
1706097600,2027.900000,2031.300000,2013.800000,2015.600000,1.6188
1706112000,2014.600000,2020.600000,2013.300000,2013.900000,1.2580
1706126400,2012.200000,2017.200000,2008.200000,2015.600000,1.6011
1706140800,2018.500000,2018.500000,2010.500000,2014.100000,1.8807
1706155200,2013.900000,2017.900000,2011.900000,2015.500000,1.8164
1706169600,2015.400000,2019.400000,2013.600000,2017.500000,0.2996
1706184000,2016.800000,2025.000000,2013.700000,2020.300000,0.4613
1706198400,2018.300000,2019.600000,2000.000000,2017.800000,3.7525
1706212800,2017.600000,2024.000000,2014.900000,2018.700000,1.7350
1706227200,2018.100000,2023.100000,2016.600000,2020.400000,1.7447
1706241600,2020.400000,2023.000000,2017.600000,2021.100000,1.8956
1706256000,2020.400000,2025.500000,2019.100000,2020.900000,1.6606
1706270400,2021.600000,2024.400000,2018.900000,2020.400000,1.3676
1706284800,2020.400000,2020.400000,2010.900000,2014.000000,1.5038
1706299200,2011.900000,2026.900000,1901.800000,2015.600000,44.9793
1706313600,2015.300000,2020.100000,2009.200000,2015.700000,3.1880
1706328000,2016.700000,2018.500000,2015.600000,2016.000000,1.8344
1706342400,2017.400000,2020.100000,2015.700000,2015.700000,0.6896
1706356800,2015.400000,2016.900000,2006.200000,2014.000000,1.6401
1706371200,2011.600000,2017.600000,2010.900000,2014.200000,1.8594
1706385600,2015.200000,2019.200000,2012.000000,2016.200000,1.8949
1706400000,2013.900000,2019.500000,2009.600000,2015.700000,1.7851
1706414400,2015.700000,2017.700000,2013.000000,2016.400000,1.7275
1706428800,2017.700000,2017.700000,2011.000000,2012.100000,1.3767
1706443200,2012.400000,2014.600000,2009.000000,2014.400000,1.7461
1706457600,2012.600000,2015.200000,2010.800000,2014.500000,1.2145
1706472000,2012.400000,2024.300000,2010.900000,2020.900000,1.3475
1706486400,2020.900000,2025.800000,2017.400000,2024.100000,0.4306
1706500800,2024.600000,2026.800000,2023.200000,2024.600000,0.1487
1706515200,2023.600000,2030.000000,2016.100000,2021.100000,2.1406
1706529600,2021.600000,2035.600000,2018.200000,2020.000000,5.5941
1706544000,2024.100000,2026.800000,2021.700000,2026.800000,0.0207
1706558400,2026.900000,2030.300000,2026.900000,2028.400000,1.6792
1706572800,2030.300000,2030.300000,2030.300000,2030.300000,0.5068
1706587200,2030.200000,2033.100000,2030.200000,2033.100000,0.2997
1706601600,2034.600000,2037.100000,2026.000000,2030.900000,4.8508
1706616000,2034.000000,2043.900000,2023.600000,2026.900000,2.3087
1706630400,2024.600000,2030.300000,2022.500000,2030.300000,0.1699
1706644800,2029.800000,2034.700000,2029.800000,2034.100000,0.0129
1706659200,2035.200000,2035.200000,2032.700000,2032.700000,0.0211
1706673600,2032.200000,2038.000000,2032.200000,2038.000000,0.1091
1706688000,2038.200000,2038.400000,2035.700000,2037.200000,0.0486
1706702400,2037.800000,2053.800000,2037.800000,2053.800000,0.3169
1706716800,2047.100000,2049.900000,2039.800000,2045.600000,0.9721
1706731200,2042.500000,2042.500000,2029.000000,2036.400000,2.5336
1706745600,2036.300000,2048.200000,2033.700000,2046.800000,0.1791
1706760000,2045.400000,2046.100000,2042.200000,2042.800000,0.1832
1706774400,2041.300000,2042.500000,2034.300000,2034.300000,0.2183
1706788800,2034.300000,2049.000000,2033.600000,2049.000000,3.5975
1706803200,2053.000000,2061.000000,2046.500000,2057.800000,2.4546
1706817600,2054.600000,2055.500000,2046.700000,2054.300000,4.1252
1706832000,2053.400000,2056.500000,2051.200000,2053.000000,3.0947
1706846400,2052.100000,2056.600000,2052.100000,2054.100000,2.9958
1706860800,2055.600000,2056.400000,2051.000000,2054.500000,0.1814
1706875200,2053.600000,2053.600000,2027.100000,2033.700000,0.1124
1706889600,2037.200000,2038.800000,2034.900000,2038.800000,0.2499
1706904000,2039.200000,2040.300000,2039.200000,2040.300000,0.0168
1706918400,2041.100000,2041.100000,2038.800000,2038.800000,0.9813
1706932800,2041.100000,2041.100000,2041.100000,2041.100000,0.0240
1706947200,2041.100000,2041.100000,2041.100000,2041.100000,0.0020
1706961600,2037.600000,2040.400000,2037.600000,2039.600000,0.0147
1706976000,2039.600000,2039.600000,2039.600000,2039.600000,0.0000
1706990400,2039.600000,2039.600000,2039.600000,2039.600000,0.0000
1707004800,2039.600000,2039.600000,2039.600000,2039.600000,0.0000
1707019200,2040.800000,2040.800000,2040.300000,2040.300000,0.0531
1707033600,2040.100000,2040.100000,2040.100000,2040.100000,0.0668
1707048000,2040.100000,2040.100000,2040.100000,2040.100000,0.0121
1707062400,2039.600000,2042.000000,2036.400000,2042.000000,2.6011
1707076800,2040.400000,2040.600000,2039.500000,2040.600000,0.4769
1707091200,2037.300000,2039.300000,2030.600000,2032.900000,0.0704
1707105600,2033.200000,2033.200000,2028.300000,2028.300000,0.0406
1707120000,2024.600000,2025.800000,2024.500000,2025.800000,4.9789
1707134400,2021.300000,2022.400000,2016.600000,2018.400000,0.8511
1707148800,2018.300000,2027.000000,2018.200000,2027.000000,0.0337
1707163200,2025.000000,2027.200000,2024.800000,2026.100000,0.0612
1707177600,2026.100000,2029.900000,2024.300000,2024.300000,0.1444
1707192000,2024.800000,2029.200000,2024.800000,2028.000000,0.0485
1707206400,2027.100000,2027.100000,2022.400000,2024.400000,0.1049
1707220800,2028.800000,2031.000000,2025.400000,2028.900000,0.0671
1707235200,2037.100000,2037.800000,2031.800000,2035.400000,2.5157
1707249600,2036.000000,2036.700000,2033.400000,2033.400000,1.0443
1707264000,2033.400000,2033.400000,2033.400000,2033.400000,0.0000
1707278400,2035.100000,2035.600000,2035.100000,2035.600000,0.0038
1707292800,2033.200000,2034.900000,2032.000000,2032.700000,0.5568
1707307200,2033.000000,2042.900000,2029.700000,2039.600000,0.7172
1707321600,2037.700000,2037.700000,2034.200000,2037.000000,0.1626
1707336000,2034.400000,2036.900000,2034.400000,2034.400000,0.0259
1707350400,2036.900000,2036.900000,2034.400000,2034.400000,0.0046
1707364800,2032.900000,2033.700000,2032.100000,2033.700000,0.1892
1707379200,2028.900000,2037.000000,2028.900000,2036.700000,1.0056
1707393600,2024.100000,2029.700000,2022.000000,2029.700000,0.2170
1707408000,2031.400000,2031.400000,2027.700000,2031.300000,0.2862
1707422400,2031.000000,2031.800000,2031.000000,2031.800000,2.0089
1707436800,2030.900000,2034.700000,2030.900000,2033.000000,1.0395
1707451200,2032.000000,2033.500000,2031.700000,2032.900000,0.1058
1707465600,2032.500000,2033.800000,2030.900000,2033.800000,0.0398
1707480000,2032.800000,2034.400000,2023.100000,2025.200000,0.1335
1707494400,2020.900000,2023.600000,2019.900000,2022.100000,0.1774
1707508800,2024.900000,2024.900000,2022.500000,2024.000000,0.0044
1707523200,2024.000000,2024.000000,2024.000000,2024.000000,0.0000
1707537600,2023.700000,2023.700000,2023.700000,2023.700000,0.0076
1707552000,2023.800000,2023.800000,2023.400000,2023.400000,0.9928
1707566400,2023.600000,2023.600000,2023.600000,2023.600000,0.0027
1707580800,2022.200000,2024.700000,2021.600000,2024.700000,0.5707
1707595200,2022.500000,2024.600000,2022.500000,2024.600000,0.1234
1707609600,2022.800000,2025.000000,2021.800000,2025.000000,2.9554
1707624000,2024.000000,2025.000000,2024.000000,2025.000000,4.4120
1707638400,2021.500000,2021.800000,2021.500000,2021.700000,4.1399
1707652800,2021.800000,2021.800000,2021.600000,2021.600000,1.6848
1707667200,2021.200000,2021.800000,2020.000000,2021.700000,1.0238
1707681600,2021.700000,2024.600000,2021.200000,2022.600000,0.0589
1707696000,2020.900000,2022.400000,2020.900000,2022.400000,0.0126
1707710400,2022.200000,2022.500000,2021.200000,2021.900000,0.0351
1707724800,2024.200000,2024.200000,2020.200000,2021.400000,2.4436
1707739200,2019.600000,2025.000000,2011.800000,2011.800000,0.5255
1707753600,2013.300000,2018.000000,2013.300000,2017.900000,1.8215
1707768000,2017.900000,2017.900000,2017.900000,2017.900000,0.4173
1707782400,2018.600000,2018.600000,2016.200000,2016.200000,2.4064
1707796800,2018.600000,2022.800000,2017.300000,2022.800000,2.0591
1707811200,2023.500000,2027.200000,2023.500000,2025.800000,0.0974
1707825600,2019.500000,2019.900000,1989.500000,1993.700000,2.1308
1707840000,1991.700000,1997.100000,1991.700000,1992.000000,3.6070
1707854400,1993.000000,1993.500000,1990.000000,1990.000000,2.0360
1707868800,1992.100000,1992.100000,1989.300000,1990.000000,0.1216
1707883200,1990.000000,1990.000000,1990.000000,1990.000000,0.1005
1707897600,1990.200000,1991.700000,1989.400000,1991.200000,0.2289
1707912000,1991.900000,1993.400000,1983.500000,1984.700000,0.3197
1707926400,1985.600000,1993.200000,1985.600000,1988.800000,0.1321
1707940800,1988.800000,1988.800000,1988.800000,1988.800000,0.0550
1707955200,1990.700000,1991.700000,1990.700000,1991.400000,0.0311
1707969600,1992.400000,1992.400000,1992.400000,1992.400000,0.1583
1707984000,1995.200000,1995.700000,1995.100000,1995.100000,0.1170
1707998400,1998.000000,2005.100000,1998.000000,2000.000000,2.2769
1708012800,2000.000000,2003.200000,2000.000000,2003.200000,0.0983
1708027200,2002.500000,2005.100000,2000.300000,2003.400000,0.5478
1708041600,2003.400000,2003.400000,2003.400000,2003.400000,0.0000
1708056000,2003.400000,2003.400000,2003.400000,2003.400000,0.0000
1708070400,2003.400000,2007.400000,2003.400000,2006.300000,0.1986
1708084800,2006.300000,2006.300000,1993.200000,1996.700000,0.5766
1708099200,2009.700000,2014.500000,2009.700000,2014.500000,0.0260
1708113600,2010.800000,2010.800000,2010.200000,2010.200000,0.3736
1708128000,2012.300000,2012.300000,2012.300000,2012.300000,0.9943
1708142400,2012.300000,2012.300000,2012.300000,2012.300000,0.0000
1708156800,2010.300000,2010.300000,2010.300000,2010.300000,0.0019
1708171200,2010.300000,2010.600000,2010.300000,2010.600000,0.0256
1708185600,2010.800000,2010.800000,2010.700000,2010.700000,0.1269
1708200000,2010.700000,2010.700000,2010.700000,2010.700000,0.0063
1708214400,2010.700000,2010.700000,2009.600000,2009.900000,3.3099
1708228800,2009.900000,2009.900000,2009.900000,2009.900000,0.0000
1708243200,2013.600000,2013.600000,2013.600000,2013.600000,0.0005
1708257600,2013.500000,2013.800000,2013.500000,2013.800000,0.0088
1708272000,2013.500000,2013.500000,2010.800000,2010.800000,0.0229
1708286400,2010.800000,2015.100000,2010.800000,2014.300000,0.0511
1708300800,2014.300000,2014.300000,2014.300000,2014.300000,0.0000
1708315200,2015.500000,2020.000000,2015.500000,2019.900000,2.6842
1708329600,2020.500000,2020.500000,2020.500000,2020.500000,0.4805
1708344000,2014.800000,2015.500000,2014.000000,2014.000000,1.5043
1708358400,2015.800000,2017.400000,2015.800000,2017.400000,0.9068
1708372800,2018.500000,2019.200000,2016.200000,2016.200000,0.6803
1708387200,2015.500000,2016.200000,2015.500000,2016.000000,0.0227
1708401600,2017.200000,2020.700000,2017.200000,2020.700000,2.2738
1708416000,2018.800000,2024.000000,2018.800000,2023.400000,1.1021
1708430400,2026.700000,2027.100000,2024.400000,2024.500000,0.0690
1708444800,2024.700000,2024.700000,2023.700000,2024.300000,2.3590
1708459200,2023.700000,2023.700000,2021.700000,2023.500000,0.1576
1708473600,2023.700000,2025.600000,2023.700000,2025.600000,0.0493
1708488000,2028.600000,2032.000000,2027.100000,2027.800000,0.3070
1708502400,2027.800000,2027.800000,2027.800000,2027.800000,0.0000
1708516800,2026.500000,2026.500000,2025.100000,2025.100000,0.0022
1708531200,2020.700000,2020.700000,2018.200000,2020.500000,4.9923
1708545600,2026.100000,2026.100000,2026.100000,2026.100000,0.0005
1708560000,2027.500000,2027.600000,2027.500000,2027.600000,0.0213
1708574400,2027.600000,2027.600000,2027.600000,2027.600000,0.0000
1708588800,2027.600000,2027.600000,2027.600000,2027.600000,0.0000
1708603200,2028.900000,2028.900000,2020.300000,2021.100000,4.7030
1708617600,2024.800000,2025.000000,2021.300000,2022.300000,2.2953
1708632000,2024.500000,2025.200000,2023.700000,2025.200000,0.1346
1708646400,2025.200000,2029.400000,2022.600000,2024.700000,6.4930
1708660800,2024.100000,2024.100000,2018.900000,2019.100000,1.4513
1708675200,2019.700000,2020.000000,2014.000000,2020.000000,2.2521
1708689600,2026.800000,2028.600000,2023.100000,2027.200000,0.1172
1708704000,2028.600000,2038.100000,2027.100000,2036.000000,0.6317
1708718400,2033.000000,2035.800000,2032.500000,2033.700000,0.1514
1708732800,2032.500000,2034.300000,2031.100000,2032.700000,0.3260
1708747200,2033.800000,2034.600000,1994.400000,1998.700000,0.4322
1708761600,1997.000000,2034.600000,1994.300000,2032.200000,1.9081
1708776000,2033.600000,2033.800000,2022.900000,2031.000000,1.9476
1708790400,2032.000000,2035.000000,2030.200000,2033.600000,1.5437
1708804800,2031.400000,2033.600000,2028.400000,2031.200000,1.6764
1708819200,2031.000000,2032.200000,2028.400000,2031.400000,1.0178
1708833600,2031.000000,2031.700000,2031.000000,2031.700000,0.0326
1708848000,2031.700000,2031.700000,2031.700000,2031.700000,0.0000
1708862400,2031.900000,2032.200000,2027.700000,2027.700000,0.6314
1708876800,2031.900000,2031.900000,2031.100000,2031.100000,0.4793
1708891200,2031.900000,2031.900000,2030.600000,2030.600000,0.0058
1708905600,2031.400000,2031.400000,2031.400000,2031.400000,0.0018
1708920000,2031.400000,2031.400000,2031.400000,2031.400000,0.0000
1708934400,2031.600000,2034.800000,2029.900000,2033.200000,1.5942
1708948800,2033.500000,2033.500000,2022.500000,2023.200000,2.4710
1708963200,2026.800000,2029.600000,2020.600000,2026.600000,13.3603
1708977600,2028.200000,2028.300000,2025.200000,2027.700000,1.6398
1708992000,2031.000000,2032.900000,2027.900000,2032.700000,0.4571
1709006400,2030.600000,2033.700000,2029.400000,2031.600000,0.0979
1709020800,2030.800000,2037.500000,2028.400000,2036.600000,13.1451
1709035200,2034.200000,2036.600000,2031.300000,2032.900000,0.0479
1709049600,2028.100000,2034.200000,2028.100000,2029.500000,1.1484
1709064000,2027.200000,2029.300000,2025.200000,2026.600000,0.1378
1709078400,2027.800000,2029.900000,2027.800000,2029.900000,0.0294
1709092800,2027.300000,2027.300000,2025.000000,2025.000000,2.5748
1709107200,2024.300000,2027.600000,1992.600000,2023.800000,8.2150
1709121600,2023.400000,2033.400000,2022.500000,2028.900000,2.8195
1709136000,2029.300000,2032.800000,2025.000000,2029.900000,10.1485
1709150400,2030.100000,2034.600000,2029.900000,2031.200000,0.5208
1709164800,2032.400000,2034.300000,2028.900000,2032.000000,13.1758
1709179200,2031.500000,2034.600000,2027.500000,2032.400000,1.9051
1709193600,2032.800000,2036.300000,2025.800000,2027.800000,2.1575
1709208000,2027.900000,2049.700000,2024.000000,2044.000000,3.5171
1709222400,2042.900000,2046.500000,2035.500000,2040.400000,1.8899
1709236800,2041.500000,2042.900000,2034.400000,2041.200000,1.7425
1709251200,2039.200000,2045.100000,2036.400000,2043.000000,2.4380
1709265600,2042.800000,2046.800000,2037.700000,2042.500000,3.7742
1709280000,2039.900000,2050.000000,2033.700000,2050.000000,1.5152
1709294400,2046.900000,2069.300000,2041.100000,2063.700000,1.4908
1709308800,2066.500000,2084.800000,2063.600000,2079.300000,2.0419
1709323200,2080.000000,2083.400000,2074.300000,2078.400000,1.1712
1709337600,2077.800000,2079.800000,2075.400000,2076.500000,0.9957
1709352000,2077.100000,2080.600000,2073.200000,2077.800000,2.4212
1709366400,2078.600000,2079.700000,2073.600000,2074.800000,1.2078
1709380800,2074.800000,2074.800000,2074.800000,2074.800000,0.0000
1709395200,2077.300000,2077.300000,2077.300000,2077.300000,0.3032
1709409600,2077.300000,2079.900000,2077.300000,2079.900000,0.6563
1709424000,2080.000000,2089.100000,2078.700000,2078.700000,20.7048
1709438400,2080.700000,2081.900000,2077.300000,2080.200000,0.1232
1709452800,2077.300000,2080.000000,2070.800000,2077.000000,22.8047
1709467200,2076.100000,2081.200000,2071.200000,2075.200000,1.8322
1709481600,2075.000000,2081.300000,2070.700000,2075.800000,5.7494
1709496000,2077.000000,2081.700000,2070.800000,2078.900000,2.2893
1709510400,2075.000000,2081.500000,2072.900000,2078.400000,0.9252
1709524800,2077.900000,2081.700000,2076.000000,2081.200000,0.8636
1709539200,2081.800000,2082.300000,2075.500000,2078.000000,0.3943
1709553600,2075.900000,2094.600000,2071.100000,2083.600000,13.6307
1709568000,2081.500000,2117.000000,2078.500000,2109.700000,9.9956
1709582400,2107.200000,2111.800000,2102.700000,2108.200000,2.8080
1709596800,2107.700000,2110.800000,2101.100000,2105.100000,1.7217
1709611200,2104.600000,2117.800000,2100.700000,2109.800000,8.8611
1709625600,2108.500000,2120.100000,2106.500000,2117.300000,15.1876
1709640000,2117.900000,2128.600000,2116.200000,2120.200000,2.0669
1709654400,2123.100000,2130.300000,2114.100000,2124.800000,2.0935
1709668800,2123.700000,2129.100000,2117.800000,2123.500000,1.4704
1709683200,2120.000000,2120.900000,2116.800000,2120.900000,0.0838
1709697600,2119.800000,2129.000000,2113.600000,2125.300000,1.3164
1709712000,2120.100000,2128.000000,2118.900000,2127.500000,2.5797
1709726400,2127.600000,2140.000000,2123.600000,2134.900000,4.3018
1709740800,2135.200000,2144.400000,2130.400000,2136.500000,5.2896
1709755200,2137.200000,2146.100000,2129.900000,2142.800000,37.6425
1709769600,2144.000000,2147.500000,2141.800000,2147.400000,7.1321
1709784000,2147.300000,2156.300000,2145.600000,2150.000000,23.7038
1709798400,2151.100000,2167.900000,2149.200000,2153.600000,17.0369
1709812800,2151.900000,2161.200000,2142.400000,2148.800000,1.3922
1709827200,2148.300000,2161.000000,2144.000000,2154.800000,1.2060
1709841600,2154.700000,2157.100000,2148.400000,2153.700000,14.8079
1709856000,2157.600000,2163.000000,2152.700000,2153.000000,5.4799
1709870400,2154.700000,2161.900000,2152.400000,2156.300000,2.5641
1709884800,2156.800000,2163.900000,2156.800000,2162.000000,0.1321
1709899200,2166.000000,2179.500000,2159.200000,2167.700000,1.5547
1709913600,2166.900000,2188.400000,2160.900000,2168.700000,1.9226
1709928000,2169.800000,2173.700000,2165.200000,2171.500000,6.6951
1709942400,2169.600000,2174.200000,2169.600000,2172.700000,16.3356
1709956800,2172.700000,2175.300000,2171.100000,2175.100000,0.1859
1709971200,2175.900000,2177.800000,2175.300000,2175.300000,4.1424
1709985600,2174.600000,2179.800000,2170.800000,2172.100000,5.6562
1710000000,2172.900000,2174.000000,2170.400000,2170.400000,0.2720
1710014400,2174.000000,2174.100000,2171.300000,2173.200000,0.2740
1710028800,2172.100000,2176.200000,2171.200000,2176.200000,0.7745
1710043200,2174.000000,2175.300000,2170.300000,2174.000000,1.1535
1710057600,2174.200000,2176.600000,2170.800000,2175.300000,0.8014
1710072000,2171.500000,2175.100000,2171.100000,2174.600000,0.2161
1710086400,2175.900000,2179.800000,2174.000000,2177.700000,3.6255
1710100800,2176.200000,2185.700000,2171.400000,2177.000000,4.8294
1710115200,2174.700000,2191.900000,2172.200000,2175.400000,3.8976
1710129600,2175.900000,2181.300000,2170.500000,2174.300000,3.1023
1710144000,2173.900000,2180.000000,2170.500000,2178.400000,0.5460
1710158400,2174.800000,2180.000000,2170.500000,2177.900000,4.9765
1710172800,2177.000000,2178.200000,2169.700000,2177.200000,1.7760
1710187200,2175.600000,2182.400000,2172.900000,2179.900000,4.4093
1710201600,2183.600000,2183.600000,2172.900000,2175.000000,7.6315
1710216000,2172.900000,2178.300000,2172.900000,2176.200000,0.7871
1710230400,2176.500000,2177.300000,2155.400000,2166.100000,0.9260
1710244800,2166.800000,2173.900000,2149.500000,2162.000000,1.9319
1710259200,2162.400000,2166.000000,2150.400000,2154.500000,6.1001
1710273600,2155.100000,2159.600000,2154.600000,2156.600000,0.1119
1710288000,2157.800000,2157.800000,2157.700000,2157.700000,0.0052
1710302400,2158.900000,2160.400000,2156.400000,2160.400000,0.0291
1710316800,2158.800000,2159.000000,2156.500000,2159.000000,0.0703
1710331200,2161.800000,2170.000000,2161.800000,2170.000000,0.0201
1710345600,2168.100000,2175.100000,2168.100000,2174.100000,0.0545
1710360000,2173.700000,2175.500000,2171.000000,2172.300000,0.1174
1710374400,2171.500000,2174.300000,2169.300000,2169.300000,3.9474
1710388800,2167.700000,2170.100000,2165.900000,2168.200000,0.0552
1710403200,2168.200000,2170.400000,2165.600000,2165.600000,1.0674
1710417600,2164.200000,2165.100000,2156.900000,2156.900000,3.9042
1710432000,2159.500000,2168.000000,2156.000000,2164.700000,0.6212
1710446400,2164.300000,2167.100000,2160.900000,2163.600000,2.4529
1710460800,2161.500000,2167.800000,2161.500000,2162.200000,0.1169
1710475200,2166.700000,2170.700000,2164.100000,2168.000000,2.0320
1710489600,2165.600000,2171.900000,2165.100000,2168.300000,3.2315
1710504000,2170.200000,2170.200000,2159.600000,2162.700000,0.5477
1710518400,2160.500000,2163.800000,2154.600000,2156.400000,0.1053
1710532800,2155.300000,2158.200000,2155.300000,2157.100000,0.0154
1710547200,2157.100000,2157.600000,2154.300000,2157.100000,0.1235
1710561600,2154.500000,2158.200000,2149.800000,2153.600000,0.4731
1710576000,2151.900000,2157.600000,2126.300000,2150.500000,4.3833
1710590400,2150.200000,2155.900000,2137.700000,2145.400000,2.3810
1710604800,2143.600000,2160.900000,2140.000000,2158.000000,9.5575
1710619200,2157.300000,2161.400000,2154.700000,2159.000000,3.7656
1710633600,2156.800000,2159.000000,2155.600000,2159.000000,0.0351
1710648000,2155.300000,2158.100000,2155.300000,2157.800000,1.0187
1710662400,2159.200000,2160.300000,2155.700000,2158.800000,0.1847
1710676800,2158.800000,2158.800000,2154.700000,2158.800000,0.0302
1710691200,2158.800000,2159.700000,2155.500000,2155.500000,0.0321
1710705600,2158.000000,2158.600000,2155.200000,2157.300000,0.2823
1710720000,2154.900000,2157.300000,2148.500000,2150.200000,10.1212
1710734400,2150.500000,2152.000000,2148.500000,2152.000000,0.1031
1710748800,2152.900000,2162.900000,2152.600000,2162.100000,0.3162
1710763200,2162.700000,2162.800000,2155.800000,2159.600000,2.5511
1710777600,2160.600000,2162.700000,2155.800000,2162.000000,0.3696
1710792000,2161.000000,2166.100000,2161.000000,2162.600000,5.1761
1710806400,2162.400000,2166.800000,2161.000000,2161.000000,1.2921
1710820800,2161.000000,2166.500000,2161.000000,2163.200000,10.1208
1710835200,2161.000000,2161.000000,2152.000000,2159.000000,7.9186
1710849600,2156.600000,2161.100000,2152.000000,2154.900000,1.0502
1710864000,2153.600000,2156.700000,2153.300000,2155.200000,0.2391
1710878400,2156.700000,2161.100000,2156.100000,2158.700000,0.9940
1710892800,2156.700000,2161.000000,2156.700000,2158.300000,1.7349
1710907200,2161.100000,2161.300000,2156.700000,2160.200000,0.2096
1710921600,2156.700000,2157.800000,2153.400000,2154.900000,7.2476
1710936000,2155.600000,2160.900000,2152.100000,2157.100000,0.2768
1710950400,2155.100000,2187.600000,2155.100000,2182.400000,1.4061
1710964800,2181.400000,2208.500000,2181.400000,2206.100000,37.9508
1710979200,2200.900000,2208.700000,2192.600000,2203.100000,2.4881
1710993600,2203.600000,2210.300000,2201.600000,2208.700000,1.7301
1711008000,2206.900000,2210.700000,2197.200000,2207.100000,0.4900
1711022400,2206.900000,2210.600000,2168.600000,2173.700000,8.6547
1711036800,2177.500000,2182.300000,2177.500000,2180.700000,0.2199
1711051200,2182.700000,2184.200000,2180.100000,2180.100000,0.0344
1711065600,2183.000000,2187.000000,2180.700000,2180.700000,0.3061
1711080000,2172.400000,2174.200000,2164.600000,2169.600000,14.3831
1711094400,2168.600000,2172.800000,2163.600000,2166.700000,2.5180
1711108800,2170.100000,2182.000000,2166.800000,2168.400000,2.0396
1711123200,2166.200000,2170.600000,2158.600000,2164.300000,1.8784
1711137600,2164.600000,2169.400000,2163.300000,2165.300000,1.4314
1711152000,2167.400000,2167.400000,2163.300000,2167.400000,0.0633
1711166400,2165.300000,2167.400000,2163.500000,2167.400000,0.0608
1711180800,2167.400000,2167.400000,2165.200000,2165.200000,0.0228
1711195200,2163.700000,2170.900000,2163.600000,2165.900000,1.8375
1711209600,2165.700000,2169.400000,2163.500000,2166.200000,2.7157
1711224000,2166.100000,2167.900000,2163.800000,2166.600000,1.7921
1711238400,2166.700000,2169.400000,2163.200000,2166.700000,2.0239
1711252800,2166.700000,2169.400000,2163.300000,2166.500000,2.9142
1711267200,2165.800000,2171.000000,2165.000000,2166.400000,5.0060
1711281600,2166.800000,2169.400000,2165.200000,2167.000000,1.8731
1711296000,2167.600000,2169.400000,2165.300000,2167.100000,2.0033
1711310400,2167.600000,2172.600000,2164.000000,2168.500000,1.8417
1711324800,2168.500000,2179.100000,2168.000000,2171.500000,1.4600
1711339200,2172.700000,2173.900000,2163.800000,2167.600000,1.9458
1711353600,2168.000000,2172.600000,2163.800000,2169.800000,0.8212
1711368000,2172.000000,2185.400000,2172.000000,2175.500000,2.1343
1711382400,2177.900000,2181.300000,2170.500000,2171.200000,3.7236
1711396800,2170.800000,2176.400000,2169.600000,2173.900000,1.9083
1711411200,2173.700000,2177.500000,2169.800000,2172.200000,1.2739
1711425600,2173.200000,2175.200000,2170.400000,2172.700000,3.1903
1711440000,2177.000000,2199.300000,2176.200000,2197.600000,2.2083
1711454400,2193.900000,2196.000000,2174.500000,2174.500000,3.8946
1711468800,2174.900000,2182.200000,2172.600000,2178.000000,13.5619
1711483200,2179.100000,2183.700000,2176.100000,2181.200000,2.0730
1711497600,2181.000000,2182.100000,2177.900000,2179.800000,1.1309
1711512000,2180.600000,2183.700000,2178.100000,2181.300000,0.9114
1711526400,2181.900000,2199.000000,2180.200000,2189.100000,1.0971
1711540800,2189.900000,2195.000000,2188.300000,2188.600000,1.6384
1711555200,2191.000000,2196.700000,2189.900000,2195.700000,2.3060
1711569600,2196.000000,2201.400000,2190.200000,2194.300000,2.0418
1711584000,2192.900000,2199.500000,2188.600000,2197.300000,1.9698
1711598400,2198.100000,2202.000000,2195.200000,2199.700000,1.5770
1711612800,2197.700000,2218.400000,2197.000000,2213.400000,1.4528
1711627200,2212.700000,2217.000000,2204.100000,2214.000000,0.9006
1711641600,2214.400000,2226.000000,2214.200000,2221.700000,1.7593
1711656000,2223.600000,2240.900000,2219.500000,2234.100000,3.2570
1711670400,2234.900000,2240.200000,2231.000000,2233.500000,1.9868
1711684800,2232.300000,2236.900000,2230.500000,2233.500000,2.4070
1711699200,2234.000000,2236.900000,2231.100000,2233.500000,1.6360
1711713600,2233.500000,2238.500000,2229.400000,2234.500000,9.0281
1711728000,2234.400000,2237.800000,2231.000000,2231.000000,0.3080
1711742400,2235.400000,2235.400000,2231.000000,2231.000000,0.0097
1711756800,2231.000000,2236.400000,2231.000000,2234.100000,0.2401
1711771200,2233.300000,2236.400000,2231.100000,2233.700000,1.1287
1711785600,2233.700000,2238.800000,2233.200000,2236.400000,0.4197
1711800000,2236.400000,2236.400000,2232.700000,2233.200000,0.5130
1711814400,2233.400000,2236.400000,2232.900000,2233.100000,0.0671
1711828800,2233.100000,2233.100000,2233.100000,2233.100000,0.0000
1711843200,2233.100000,2236.400000,2233.100000,2234.500000,7.7967
1711857600,2234.600000,2234.600000,2233.100000,2233.100000,0.0240
1711872000,2234.700000,2234.700000,2233.100000,2234.300000,0.0217
1711886400,2233.600000,2233.600000,2233.100000,2233.600000,0.0287
1711900800,2233.100000,2233.100000,2230.000000,2231.000000,0.5854
1711915200,2230.900000,2245.800000,2230.900000,2243.700000,0.2665
1711929600,2244.400000,2260.500000,2243.500000,2260.500000,0.3540
1711944000,2260.600000,2260.600000,2257.400000,2260.200000,1.5107
1711958400,2260.200000,2260.200000,2246.000000,2246.800000,1.3983
1711972800,2247.100000,2260.900000,2229.000000,2237.600000,6.7329
1711987200,2240.900000,2244.800000,2235.500000,2242.700000,0.1178
1712001600,2243.300000,2255.900000,2242.600000,2249.400000,3.6733
1712016000,2248.600000,2254.500000,2245.600000,2251.100000,1.1782
1712030400,2250.900000,2257.200000,2250.000000,2255.700000,1.4176
1712044800,2255.900000,2267.600000,2254.300000,2261.000000,2.0498
1712059200,2262.300000,2276.500000,2253.000000,2258.300000,1.4276
1712073600,2255.600000,2266.700000,2255.100000,2265.700000,0.1590
1712088000,2275.900000,2281.200000,2275.900000,2278.300000,1.8295
1712102400,2281.600000,2285.300000,2279.300000,2282.700000,1.3604
1712116800,2284.200000,2288.700000,2271.300000,2271.300000,7.2344
1712131200,2268.200000,2274.700000,2267.800000,2267.900000,9.5332
1712145600,2273.700000,2289.600000,2266.600000,2281.800000,1.4216
1712160000,2286.400000,2295.700000,2282.400000,2295.700000,4.2102
1712174400,2294.600000,2297.900000,2294.600000,2297.700000,2.6233
1712188800,2296.800000,2299.100000,2296.100000,2298.200000,0.2833
1712203200,2299.100000,2302.200000,2293.700000,2299.100000,5.1427
1712217600,2291.400000,2296.300000,2286.400000,2292.200000,6.7694
1712232000,2288.700000,2296.400000,2283.500000,2296.400000,1.6286
1712246400,2286.700000,2300.400000,2282.100000,2282.100000,1.1146
1712260800,2282.500000,2292.400000,2282.500000,2290.000000,4.2093
1712275200,2282.500000,2282.500000,2268.100000,2277.100000,0.4038
1712289600,2275.500000,2289.100000,2275.400000,2288.500000,0.2234
1712304000,2288.800000,2296.300000,2284.500000,2291.500000,8.0769
1712318400,2292.500000,2325.800000,2282.200000,2325.800000,3.2403
1712332800,2321.100000,2324.700000,2320.200000,2324.400000,2.5146
1712347200,2325.100000,2331.300000,2325.100000,2331.200000,3.2587
1712361600,2327.400000,2327.400000,2327.400000,2327.400000,0.0139
1712376000,2331.000000,2333.100000,2327.700000,2327.700000,9.8529
1712390400,2327.700000,2332.200000,2327.700000,2327.700000,0.3061
1712404800,2332.200000,2335.600000,2329.700000,2330.800000,2.4323
1712419200,2330.200000,2333.700000,2327.800000,2327.900000,0.9201
1712433600,2327.900000,2332.400000,2327.900000,2332.400000,0.0089
1712448000,2332.400000,2332.400000,2327.500000,2327.500000,1.8163
1712462400,2332.000000,2335.000000,2329.900000,2331.900000,6.4255
1712476800,2331.900000,2333.700000,2327.900000,2333.500000,0.3387
1712491200,2330.400000,2333.500000,2330.400000,2333.500000,0.1336
1712505600,2333.500000,2336.200000,2328.200000,2330.400000,3.3665
1712520000,2331.100000,2333.700000,2306.800000,2313.300000,0.5418
1712534400,2310.800000,2349.800000,2305.400000,2343.700000,2.8456
1712548800,2345.500000,2345.900000,2332.500000,2338.200000,10.9394
1712563200,2337.900000,2348.000000,2333.400000,2339.100000,2.9841
1712577600,2339.300000,2342.300000,2323.000000,2329.100000,16.2889
1712592000,2329.500000,2341.200000,2325.500000,2340.100000,0.6904
1712606400,2340.100000,2342.900000,2337.100000,2339.100000,1.1687
1712620800,2341.100000,2345.400000,2338.000000,2345.400000,3.2942
1712635200,2349.100000,2352.900000,2346.300000,2352.900000,9.7838
1712649600,2350.600000,2365.500000,2350.600000,2353.000000,6.4310
1712664000,2355.500000,2360.600000,2347.100000,2347.200000,3.4455
1712678400,2346.700000,2351.800000,2343.300000,2350.100000,3.4971
1712692800,2352.700000,2356.400000,2350.400000,2354.800000,1.6274
1712707200,2355.000000,2356.300000,2348.500000,2352.400000,0.1387
1712721600,2358.900000,2359.400000,2354.800000,2355.100000,0.0908
1712736000,2353.300000,2358.900000,2348.000000,2348.400000,3.5985
1712750400,2352.100000,2353.200000,2326.000000,2340.000000,5.9346
1712764800,2338.100000,2344.400000,2328.300000,2331.000000,1.3798
1712779200,2330.200000,2339.000000,2330.200000,2339.000000,1.6138
1712793600,2339.000000,2347.400000,2339.000000,2345.600000,0.7894
1712808000,2344.800000,2347.500000,2335.400000,2336.400000,0.8819
1712822400,2336.400000,2343.100000,2326.000000,2338.900000,0.9675
1712836800,2339.100000,2347.100000,2333.400000,2346.400000,1.0362
1712851200,2346.600000,2371.700000,2344.200000,2371.700000,0.6913
1712865600,2370.700000,2377.200000,2370.000000,2374.900000,1.5940
1712880000,2378.500000,2391.400000,2373.400000,2389.000000,1.2833
1712894400,2385.500000,2401.000000,2384.100000,2399.600000,2.7085
1712908800,2399.000000,2403.200000,2392.100000,2394.400000,3.1933
1712923200,2396.800000,2431.100000,2389.100000,2389.100000,17.0929
1712937600,2399.200000,2399.200000,2334.400000,2344.200000,11.9270
1712952000,2345.700000,2346.400000,2340.500000,2341.500000,2.4511
1712966400,2341.600000,2345.600000,2341.600000,2345.500000,3.6223
1712980800,2345.500000,2347.400000,2342.600000,2345.600000,2.0577
1712995200,2343.000000,2345.600000,2341.900000,2345.500000,0.6702
1713009600,2342.900000,2345.700000,2341.800000,2342.900000,1.3707
1713024000,2342.900000,2347.200000,2338.800000,2347.200000,0.3974
1713038400,2338.900000,2377.200000,2337.600000,2357.900000,37.9861
1713052800,2350.300000,3087.000000,2350.300000,2380.700000,2.9919
1713067200,2373.600000,2373.600000,2335.500000,2355.500000,18.8219
1713081600,2361.600000,2386.200000,2349.000000,2372.400000,7.1406
1713096000,2372.600000,2390.300000,2360.100000,2384.800000,11.8484
1713110400,2386.800000,2402.600000,2364.400000,2370.200000,3.5499
1713124800,2367.700000,2428.100000,2353.300000,2386.400000,15.8164
1713139200,2385.300000,2391.600000,2368.700000,2370.100000,7.0896
1713153600,2368.800000,2388.000000,2363.500000,2370.000000,13.9654
1713168000,2370.400000,2370.400000,2347.000000,2357.400000,5.7591
1713182400,2357.700000,2360.600000,2328.700000,2351.300000,18.0581
1713196800,2350.800000,2385.700000,2345.900000,2382.200000,4.0176
1713211200,2383.200000,2390.500000,2380.400000,2382.800000,1.7218
1713225600,2382.100000,2390.700000,2379.200000,2389.600000,20.4162
1713240000,2389.600000,2393.600000,2370.900000,2373.200000,42.2186
1713254400,2370.000000,2380.200000,2365.800000,2375.800000,9.0838
1713268800,2376.300000,2389.800000,2369.100000,2389.800000,1.2460
1713283200,2389.100000,2400.200000,2386.000000,2392.400000,1.4081
1713297600,2391.600000,2391.600000,2386.000000,2386.000000,0.2406
1713312000,2386.000000,2390.800000,2379.600000,2382.900000,8.6662
1713326400,2382.000000,3333.300000,2378.800000,2378.800000,288.5058
1713340800,2385.900000,2421.500000,2383.700000,2383.700000,8.4066
1713355200,2385.100000,2395.000000,2367.800000,2389.700000,62.5013
1713369600,2383.400000,2383.400000,2366.500000,2374.100000,9.8512
1713384000,2375.500000,2375.500000,2360.300000,2369.400000,2.2724
1713398400,2373.800000,2383.100000,2370.400000,2379.500000,17.1989
1713412800,2380.500000,2384.900000,2376.400000,2381.600000,1.0255
1713427200,2382.200000,2385.500000,2379.200000,2383.600000,0.2303
1713441600,2383.400000,2391.800000,2372.200000,2385.500000,6.1309
1713456000,2383.900000,2386.000000,2377.800000,2377.800000,0.9550
1713470400,2380.700000,2382.600000,2375.600000,2381.800000,0.2906
1713484800,2377.700000,2417.100000,2375.000000,2393.700000,25.4025
1713499200,2392.700000,2392.700000,2381.400000,2389.100000,3.4435
1713513600,2385.000000,2385.400000,2375.000000,2375.700000,2.5528
1713528000,2377.600000,2391.800000,2375.000000,2391.800000,0.5633
1713542400,2391.700000,2400.000000,2388.900000,2388.900000,5.3300
1713556800,2389.700000,2393.400000,2389.600000,2393.200000,1.4561
1713571200,2391.100000,2393.200000,2389.400000,2393.200000,1.2725
1713585600,2393.100000,2393.100000,2389.200000,2391.000000,0.9069
1713600000,2389.400000,2393.300000,2389.400000,2393.300000,0.5712
1713614400,2393.300000,2395.600000,2389.700000,2393.400000,3.9050
1713628800,2393.400000,2393.400000,2390.400000,2393.100000,0.1398
1713643200,2391.600000,2395.500000,2389.100000,2395.000000,27.4941
1713657600,2392.200000,2393.100000,2389.400000,2391.000000,1.7680
1713672000,2391.100000,2393.400000,2391.100000,2393.400000,0.0291
1713686400,2393.300000,2393.900000,2389.600000,2393.900000,0.4462
1713700800,2393.600000,2393.600000,2390.300000,2392.000000,0.0210
1713715200,2392.000000,2393.600000,2389.800000,2392.500000,0.0933
1713729600,2391.700000,2394.100000,2385.000000,2385.300000,11.1631
1713744000,2385.000000,2385.000000,2370.000000,2370.000000,6.4056
1713758400,2374.700000,2374.700000,2353.800000,2357.900000,0.9751
1713772800,2362.700000,2362.800000,2340.000000,2340.000000,2.6905
1713787200,2340.000000,2345.500000,2333.300000,2336.500000,17.8746
1713801600,2333.100000,2333.900000,2323.100000,2331.100000,1.7452
1713816000,2328.000000,2332.000000,2325.800000,2332.000000,0.3468
1713830400,2329.500000,2329.700000,2301.100000,2306.500000,1.9475
1713844800,2301.800000,2313.200000,2300.100000,2313.200000,9.9099
1713859200,2310.000000,2310.700000,2294.100000,2302.800000,19.3147
1713873600,2308.100000,2334.200000,2308.000000,2321.900000,7.5826
1713888000,2326.600000,2332.100000,2320.800000,2323.600000,2.5901
1713902400,2321.000000,2325.300000,2320.700000,2324.100000,1.1754
1713916800,2322.900000,2326.600000,2318.900000,2325.900000,2.4645
1713931200,2329.100000,2332.200000,2320.900000,2320.900000,0.2236
1713945600,2320.000000,2323.100000,2312.700000,2313.900000,1.1518
1713960000,2315.900000,2337.300000,2312.100000,2328.100000,6.3075
1713974400,2326.000000,2330.700000,2323.900000,2323.900000,1.2710
1713988800,2321.300000,2323.600000,2316.700000,2318.700000,1.5415
1714003200,2318.800000,2323.200000,2311.400000,2314.600000,1.7189
1714017600,2319.100000,2324.000000,2317.800000,2323.100000,0.0597
1714032000,2326.700000,2331.900000,2326.400000,2329.900000,0.1226
1714046400,2328.900000,2344.300000,2318.200000,2336.000000,3.0186
1714060800,2336.000000,2337.200000,2327.300000,2336.100000,0.4691
1714075200,2334.900000,2337.900000,2334.500000,2334.500000,1.6334
1714089600,2334.500000,2337.500000,2330.800000,2337.500000,0.1247
1714104000,2338.100000,2346.700000,2337.300000,2346.700000,2.3664
1714118400,2349.000000,2355.500000,2345.300000,2346.700000,3.1645
1714132800,2347.300000,2352.300000,2335.700000,2341.200000,7.0454
1714147200,2338.200000,2342.300000,2335.000000,2341.700000,0.1115
1714161600,2341.700000,2341.700000,2337.000000,2338.800000,0.4455
1714176000,2339.500000,2341.900000,2339.500000,2340.700000,0.1338
1714190400,2342.800000,2343.300000,2342.800000,2343.300000,1.8049
1714204800,2342.700000,2343.900000,2338.100000,2343.800000,23.4456
1714219200,2340.800000,2344.700000,2340.000000,2344.700000,5.6123
1714233600,2342.700000,2347.500000,2341.000000,2344.000000,4.0012
1714248000,2342.100000,2344.500000,2342.100000,2344.500000,0.0424
1714262400,2344.300000,2344.500000,2342.800000,2344.500000,0.0270
1714276800,2341.900000,2345.100000,2341.900000,2342.100000,0.8702
1714291200,2341.700000,2344.600000,2341.700000,2342.100000,0.1083
1714305600,2344.600000,2359.600000,2342.000000,2342.400000,0.7789
1714320000,2342.100000,2344.800000,2340.600000,2344.800000,4.9885
1714334400,2342.100000,2344.700000,2337.400000,2341.900000,11.6904
1714348800,2341.700000,2343.000000,2330.700000,2334.300000,11.1256
1714363200,2337.500000,2343.500000,2334.100000,2341.300000,0.9218
1714377600,2342.300000,2347.500000,2341.300000,2342.000000,0.2113
1714392000,2339.900000,2344.400000,2336.600000,2344.400000,0.6776
1714406400,2348.500000,2352.600000,2339.200000,2339.200000,9.9164
1714420800,2345.100000,2345.200000,2340.300000,2340.800000,0.0456
1714435200,2341.200000,2342.500000,2339.000000,2339.600000,2.3217
1714449600,2339.000000,2342.800000,2325.300000,2329.600000,0.8225
1714464000,2328.000000,2340.400000,2315.800000,2319.900000,2.3974
1714478400,2322.700000,2325.700000,2293.000000,2306.600000,14.8297
1714492800,2307.000000,2310.200000,2294.100000,2299.000000,0.8941
1714507200,2298.900000,2303.200000,2289.000000,2296.300000,7.0468
1714521600,2297.600000,2297.600000,2288.600000,2289.200000,0.7982
1714536000,2289.200000,2296.700000,2285.800000,2292.700000,1.0862
1714550400,2292.700000,2301.700000,2288.300000,2296.600000,6.5174
1714564800,2296.000000,2316.000000,2296.000000,2313.300000,2.4480
1714579200,2313.600000,2340.300000,2304.300000,2326.100000,2.3402
1714593600,2326.100000,2332.900000,2322.400000,2330.100000,0.8274
1714608000,2330.800000,2332.400000,2327.300000,2329.400000,0.4781
1714622400,2327.100000,2327.100000,2315.000000,2315.000000,0.5264
1714636800,2315.000000,2315.000000,2299.100000,2302.000000,1.1351
1714651200,2302.000000,2313.400000,2293.200000,2304.300000,10.3722
1714665600,2306.000000,2317.000000,2304.100000,2308.600000,11.9363
1714680000,2310.300000,2329.100000,2302.700000,2309.000000,1.5782
1714694400,2309.600000,2316.400000,2303.900000,2315.400000,3.7533
1714708800,2316.300000,2316.300000,2300.100000,2300.100000,3.7222
1714723200,2303.100000,2305.900000,2297.400000,2301.400000,12.9474
1714737600,2298.800000,2320.400000,2280.000000,2294.900000,5.9527
1714752000,2294.900000,2305.500000,2294.900000,2302.000000,5.6255
1714766400,2304.400000,2307.900000,2301.100000,2303.100000,0.7133
1714780800,2302.800000,2311.600000,2300.000000,2304.400000,1.0221
1714795200,2303.700000,2306.600000,2299.600000,2303.700000,1.5691
1714809600,2304.900000,2312.500000,2300.100000,2304.700000,2.6888
1714824000,2305.300000,2315.600000,2301.800000,2307.600000,1.5791
1714838400,2312.200000,2337.000000,2300.800000,2307.000000,1.0693
1714852800,2306.100000,2311.400000,2305.700000,2308.800000,0.7908
1714867200,2309.000000,2314.500000,2306.700000,2306.800000,0.5887
1714881600,2306.700000,2312.200000,2303.700000,2308.200000,0.8129
1714896000,2308.600000,2314.600000,2302.000000,2304.000000,0.9348
1714910400,2303.800000,2308.600000,2301.200000,2304.500000,1.0262
1714924800,2304.200000,2308.300000,2300.400000,2301.000000,2.4811
1714939200,2301.700000,2304.900000,2295.500000,2296.700000,2.0837
1714953600,2295.800000,2312.500000,2293.900000,2311.200000,1.0730
1714968000,2310.900000,2331.300000,2310.100000,2325.200000,9.4890
1714982400,2325.000000,2327.800000,2318.400000,2321.100000,1.6705
1714996800,2320.700000,2336.900000,2317.300000,2326.600000,2.2259
1715011200,2329.700000,2332.200000,2323.700000,2330.000000,0.6435
1715025600,2330.000000,2333.900000,2324.100000,2328.200000,1.3996
1715040000,2327.700000,2336.100000,2322.900000,2327.100000,3.9125
1715054400,2327.800000,2328.500000,2320.400000,2321.500000,1.0155
1715068800,2322.100000,2322.700000,2315.100000,2317.500000,1.5838
1715083200,2317.500000,2328.400000,2315.300000,2315.600000,1.2223
1715097600,2315.900000,2319.300000,2312.000000,2315.300000,0.9521
1715112000,2316.500000,2318.800000,2313.000000,2317.900000,0.4900
1715126400,2317.000000,2318.800000,2310.900000,2317.500000,0.3189
1715140800,2318.800000,2321.700000,2312.400000,2312.400000,0.0966
1715155200,2307.100000,2321.100000,2304.400000,2317.500000,1.0974
1715169600,2317.900000,2322.300000,2309.200000,2322.300000,1.0142
1715184000,2322.100000,2322.500000,2309.800000,2309.800000,2.8164
1715198400,2312.100000,2315.700000,2308.400000,2310.400000,0.8414
1715212800,2307.700000,2316.000000,2307.700000,2314.500000,0.5435
1715227200,2312.200000,2320.800000,2311.000000,2312.200000,0.4076
1715241600,2314.800000,2318.000000,2307.400000,2318.000000,0.3619
1715256000,2317.700000,2341.000000,2314.600000,2331.900000,0.6705
1715270400,2331.800000,2342.800000,2331.800000,2342.800000,0.2603
1715284800,2345.700000,2350.100000,2344.900000,2349.100000,0.9650
1715299200,2352.000000,2353.400000,2351.000000,2351.300000,0.1494
1715313600,2355.300000,2370.800000,2354.000000,2368.300000,0.2643
1715328000,2367.400000,2379.800000,2367.300000,2374.000000,1.2800
1715342400,2374.200000,2375.500000,2360.300000,2365.800000,1.6364
1715356800,2363.400000,2370.500000,2363.400000,2368.200000,0.0521
1715371200,2364.700000,2368.800000,2358.600000,2364.000000,0.8051
1715385600,2363.200000,2365.500000,2359.300000,2362.600000,1.0938
1715400000,2362.500000,2365.500000,2357.100000,2362.300000,4.2168
1715414400,2361.800000,2366.100000,2361.200000,2362.200000,0.7310
1715428800,2365.000000,2366.100000,2359.300000,2363.300000,4.0483
1715443200,2362.300000,2363.100000,2357.200000,2362.600000,8.5635
1715457600,2359.100000,2362.600000,2359.100000,2362.600000,0.0269
1715472000,2359.200000,2363.000000,2359.200000,2359.400000,0.0521
1715486400,2363.000000,2363.000000,2359.300000,2359.300000,0.2368
1715500800,2359.400000,2363.200000,2359.400000,2363.200000,1.0165
1715515200,2363.200000,2363.200000,2359.000000,2359.200000,0.9668
1715529600,2360.500000,2362.800000,2359.100000,2359.100000,2.0019
1715544000,2362.800000,2364.200000,2359.900000,2359.900000,0.0578
1715558400,2359.400000,2359.400000,2356.200000,2356.200000,0.5483
1715572800,2355.500000,2355.500000,2350.700000,2350.700000,0.0061
1715587200,2351.900000,2351.900000,2342.800000,2346.100000,0.3973
1715601600,2346.600000,2349.500000,2335.700000,2337.300000,1.4551
1715616000,2337.400000,2340.200000,2336.000000,2340.200000,0.4828
1715630400,2338.000000,2348.700000,2335.000000,2340.500000,19.2524
1715644800,2337.600000,2345.300000,2337.300000,2342.400000,1.2209
1715659200,2346.400000,2349.600000,2338.600000,2341.300000,0.8264
1715673600,2341.100000,2350.900000,2340.600000,2345.300000,1.0402
1715688000,2347.400000,2358.100000,2341.400000,2351.000000,0.9270
1715702400,2350.300000,2362.500000,2349.700000,2356.100000,5.3547
1715716800,2360.700000,2363.700000,2355.900000,2357.800000,1.3764
1715731200,2357.400000,2361.700000,2355.600000,2360.300000,1.3344
1715745600,2360.300000,2361.800000,2358.100000,2361.500000,0.5116
1715760000,2364.000000,2375.500000,2361.000000,2361.000000,1.3199
1715774400,2362.500000,2386.700000,2355.500000,2378.800000,5.6657
1715788800,2378.300000,2392.000000,2378.000000,2385.600000,2.8372
1715803200,2385.800000,2389.800000,2382.800000,2389.800000,1.0540
1715817600,2392.000000,2394.900000,2387.000000,2389.100000,0.9328
1715832000,2389.300000,2393.100000,2384.500000,2389.800000,0.6286
1715846400,2389.400000,2391.300000,2384.200000,2384.200000,2.2481
1715860800,2384.200000,2386.800000,2370.800000,2381.500000,0.2157
1715875200,2380.400000,2385.000000,2378.900000,2378.900000,2.0075
1715889600,2379.200000,2382.100000,2374.800000,2378.600000,0.4010
1715904000,2378.700000,2382.300000,2375.100000,2377.700000,0.7737
1715918400,2378.100000,2391.100000,2376.700000,2384.100000,1.0272
1715932800,2384.400000,2392.500000,2382.600000,2392.500000,3.5833
1715947200,2390.200000,2414.300000,2388.500000,2404.200000,0.7199
1715961600,2407.600000,2417.100000,2406.900000,2413.200000,3.8518
1715976000,2413.100000,2417.100000,2412.100000,2415.700000,0.8305
1715990400,2412.200000,2415.700000,2411.900000,2411.900000,0.4278
1716004800,2415.700000,2416.500000,2411.500000,2414.100000,0.3788
1716019200,2411.600000,2416.400000,2411.100000,2413.700000,0.6953
1716033600,2415.800000,2415.800000,2412.000000,2415.700000,0.0454
1716048000,2412.300000,2416.100000,2412.300000,2412.400000,0.0402
1716062400,2415.900000,2416.100000,2412.000000,2414.300000,0.0104
1716076800,2416.100000,2416.300000,2412.500000,2416.300000,0.0573
1716091200,2412.800000,2416.400000,2412.700000,2416.200000,0.9159
1716105600,2416.200000,2418.700000,2412.600000,2415.500000,0.9259
1716120000,2415.100000,2418.600000,2411.400000,2415.600000,0.7044
1716134400,2415.600000,2418.500000,2412.600000,2416.100000,0.7301
1716148800,2415.500000,2425.200000,2411.000000,2421.000000,3.4299
1716163200,2421.500000,2438.700000,2418.400000,2432.500000,4.3720
1716177600,2439.700000,2443.600000,2435.900000,2443.600000,3.2776
1716192000,2441.000000,2447.100000,2431.200000,2431.200000,0.9254
1716206400,2426.800000,2428.700000,2416.100000,2426.300000,10.9663
1716220800,2428.300000,2444.200000,2421.100000,2427.900000,33.7046
1716235200,2429.400000,2431.400000,2422.200000,2426.900000,1.7683
1716249600,2427.800000,2431.400000,2411.000000,2415.100000,3.8252
1716264000,2417.100000,2423.800000,2413.700000,2420.900000,0.4371
1716278400,2420.700000,2430.500000,2416.500000,2427.000000,2.5276
1716292800,2426.400000,2438.600000,2425.000000,2426.100000,3.4583
1716307200,2426.100000,2431.600000,2421.700000,2427.700000,0.8609
1716321600,2426.800000,2429.400000,2420.900000,2424.300000,0.9037
1716336000,2426.300000,2429.400000,2416.000000,2419.000000,1.0271
1716350400,2418.500000,2422.500000,2413.300000,2421.100000,0.5305
1716364800,2421.400000,2422.400000,2409.300000,2409.300000,1.4377
1716379200,2412.300000,2417.800000,2385.900000,2396.600000,1.1584
1716393600,2395.100000,2400.700000,2381.000000,2381.900000,0.8891
1716408000,2381.600000,2387.500000,2377.400000,2386.800000,1.0355
1716422400,2386.900000,2389.400000,2370.100000,2376.900000,0.9632
1716436800,2375.800000,2380.900000,2357.400000,2360.500000,1.1224
1716451200,2360.500000,2374.300000,2357.200000,2371.400000,0.9983
1716465600,2372.200000,2376.200000,2345.500000,2345.500000,0.9948
1716480000,2345.500000,2345.600000,2334.300000,2334.300000,1.2399
1716494400,2334.300000,2335.900000,2328.300000,2335.300000,0.5000
1716508800,2333.800000,2338.500000,2329.600000,2332.500000,0.8821
1716523200,2332.600000,2344.600000,2332.400000,2341.900000,0.6024
1716537600,2339.800000,2347.200000,2339.800000,2343.000000,1.3628
1716552000,2343.900000,2348.100000,2340.100000,2340.100000,0.8677
1716566400,2339.800000,2339.800000,2335.800000,2335.800000,0.0145
1716580800,2334.700000,2341.700000,2332.800000,2338.000000,0.4076
1716595200,2338.800000,2342.200000,2338.000000,2342.200000,0.0753
1716609600,2342.300000,2345.100000,2335.600000,2336.500000,1.2608
1716624000,2337.700000,2348.100000,2333.200000,2342.100000,2.0635
1716638400,2340.900000,2340.900000,2333.200000,2337.300000,1.1749
1716652800,2337.600000,2342.600000,2333.100000,2338.000000,1.1868
1716667200,2338.200000,2340.900000,2334.700000,2338.200000,1.0047
1716681600,2338.400000,2338.400000,2333.100000,2337.200000,1.1479
1716696000,2340.900000,2343.300000,2333.700000,2338.000000,1.0655
1716710400,2338.100000,2343.200000,2335.000000,2340.900000,4.7444
1716724800,2338.500000,2340.900000,2337.100000,2337.300000,0.3409
1716739200,2337.400000,2340.900000,2337.400000,2337.400000,0.0641
1716753600,2337.500000,2342.700000,2337.500000,2341.300000,0.1965
1716768000,2337.400000,2351.000000,2337.400000,2347.100000,4.2890
1716782400,2347.100000,2347.100000,2340.100000,2343.900000,0.5406
1716796800,2341.100000,2348.200000,2341.100000,2348.200000,0.0393
1716811200,2346.200000,2362.000000,2346.200000,2353.600000,0.1822
1716825600,2358.700000,2360.700000,2351.800000,2354.900000,0.4198
1716840000,2358.500000,2358.500000,2354.900000,2358.500000,0.0084
1716854400,2358.500000,2360.400000,2356.500000,2356.500000,0.3000
1716868800,2356.500000,2356.500000,2344.800000,2346.800000,0.4972
1716883200,2342.100000,2353.600000,2341.300000,2353.600000,1.2743
1716897600,2352.000000,2363.600000,2352.000000,2363.600000,0.0918
1716912000,2364.000000,2365.100000,2357.400000,2363.500000,0.2218
1716926400,2365.100000,2367.300000,2362.200000,2364.600000,0.0903
1716940800,2362.600000,2362.600000,2362.600000,2362.600000,0.0005
1716955200,2364.600000,2364.700000,2355.400000,2355.400000,0.1331
1716969600,2355.300000,2355.300000,2343.600000,2343.600000,3.9416
1716984000,2346.700000,2347.700000,2340.400000,2342.300000,0.2449
1716998400,2343.800000,2343.800000,2341.900000,2341.900000,0.4470
1717012800,2343.500000,2343.500000,2337.800000,2342.800000,0.0759
1717027200,2340.200000,2341.500000,2332.800000,2337.800000,0.2626
1717041600,2337.900000,2339.900000,2326.700000,2337.900000,1.0969
1717056000,2334.600000,2343.700000,2333.800000,2340.600000,0.0489
1717070400,2336.900000,2349.300000,2336.900000,2343.800000,0.0369
1717084800,2341.900000,2346.200000,2341.900000,2343.600000,0.0048
1717099200,2343.600000,2343.600000,2343.600000,2343.600000,0.0000
1717113600,2346.000000,2348.800000,2343.900000,2343.900000,1.6020
1717128000,2345.700000,2345.700000,2343.900000,2343.900000,0.0444
1717142400,2343.900000,2343.900000,2343.900000,2343.900000,0.0000
1717156800,2351.100000,2363.600000,2347.100000,2349.200000,0.0564
1717171200,2330.000000,2330.400000,2326.400000,2326.400000,1.5482
1717185600,2329.100000,2333.000000,2329.100000,2333.000000,0.0162
1717200000,2328.600000,2328.600000,2328.600000,2328.600000,0.0007
1717214400,2328.100000,2328.100000,2328.100000,2328.100000,0.0007
1717228800,2328.100000,2330.800000,2328.100000,2330.800000,3.0472
1717243200,2330.800000,2330.800000,2330.800000,2330.800000,0.0000
1717257600,2330.500000,2330.500000,2330.300000,2330.400000,0.8854
1717272000,2330.300000,2330.500000,2328.900000,2328.900000,1.8265
1717286400,2330.400000,2330.400000,2328.800000,2328.800000,0.0447
1717300800,2330.400000,2330.400000,2328.900000,2329.000000,0.0365
1717315200,2329.000000,2330.200000,2329.000000,2329.000000,0.0245
1717329600,2330.200000,2330.300000,2327.300000,2328.100000,2.4112
1717344000,2330.400000,2330.400000,2327.300000,2327.300000,0.3629
1717358400,2329.800000,2329.800000,2327.300000,2327.300000,0.0500
1717372800,2325.100000,2330.000000,2323.700000,2325.600000,1.8457
1717387200,2324.800000,2324.800000,2322.000000,2323.000000,0.0304
1717401600,2330.500000,2334.000000,2330.500000,2334.000000,0.0374
1717416000,2330.100000,2342.400000,2324.900000,2341.400000,0.1423
1717430400,2346.000000,2351.000000,2346.000000,2348.400000,0.0723
1717444800,2348.300000,2353.300000,2348.300000,2350.300000,0.2703
1717459200,2346.900000,2349.700000,2345.500000,2345.500000,1.0014
1717473600,2349.700000,2353.200000,2347.000000,2347.000000,0.0040
1717488000,2339.600000,2339.600000,2329.000000,2329.300000,0.0055
1717502400,2338.100000,2338.100000,2322.100000,2325.700000,0.9426
1717516800,2326.800000,2331.200000,2322.600000,2326.300000,0.0792
1717531200,2329.300000,2330.000000,2326.800000,2330.000000,0.0080
1717545600,2327.600000,2335.100000,2327.600000,2334.400000,0.1566
1717560000,2335.500000,2342.800000,2329.000000,2329.000000,2.0103
1717574400,2334.800000,2337.600000,2331.200000,2337.300000,0.8743
1717588800,2339.600000,2357.500000,2337.500000,2357.500000,1.5792
1717603200,2352.500000,2357.900000,2348.500000,2353.300000,0.1257
1717617600,2352.700000,2357.600000,2352.700000,2357.000000,0.0215
1717632000,2355.400000,2374.300000,2353.600000,2371.300000,2.3911
1717646400,2370.200000,2370.200000,2363.800000,2365.600000,0.2353
1717660800,2363.800000,2365.200000,2358.600000,2360.000000,0.3883
1717675200,2357.700000,2376.900000,2355.200000,2374.200000,0.2628
1717689600,2374.600000,2375.600000,2369.900000,2371.000000,1.1033
1717704000,2371.900000,2379.300000,2371.900000,2379.300000,0.9874
1717718400,2377.900000,2379.900000,2371.700000,2376.500000,0.1178
1717732800,2384.100000,2385.900000,2372.400000,2376.000000,2.3198
1717747200,2371.700000,2371.700000,2335.600000,2339.200000,0.2904
1717761600,2337.800000,2337.800000,2309.000000,2309.000000,4.2039
1717776000,2313.700000,2315.000000,2293.900000,2293.900000,4.3533
1717790400,2291.800000,2298.000000,2291.500000,2293.500000,0.7817
1717804800,2296.700000,2296.700000,2296.100000,2296.100000,0.0066
1717819200,2295.400000,2298.700000,2293.100000,2296.600000,4.2040
1717833600,2296.500000,2296.500000,2292.900000,2292.900000,0.5612
1717848000,2296.400000,2296.400000,2292.800000,2292.800000,1.2103
1717862400,2292.800000,2317.900000,2290.100000,2294.500000,16.5325
1717876800,2294.300000,2297.100000,2292.200000,2294.800000,0.3067
1717891200,2294.700000,2297.100000,2293.400000,2296.200000,0.3529
1717905600,2294.200000,2297.300000,2293.100000,2297.000000,1.1716
1717920000,2296.600000,2297.700000,2294.300000,2294.300000,0.2534
1717934400,2297.900000,2345.400000,2294.500000,2300.900000,3.1541
1717948800,2299.000000,2306.300000,2294.400000,2302.000000,1.0039
1717963200,2302.300000,2309.700000,2297.500000,2309.700000,16.1440
1717977600,2299.400000,2300.900000,2297.500000,2298.900000,1.4524
1717992000,2297.800000,2300.500000,2292.400000,2296.300000,3.2658
1718006400,2295.900000,2305.000000,2295.900000,2305.000000,0.0066
1718020800,2306.800000,2309.900000,2303.200000,2308.200000,0.1353
1718035200,2309.200000,2314.800000,2309.200000,2314.800000,0.0529
1718049600,2312.800000,2314.900000,2309.800000,2314.900000,0.0607
1718064000,2313.100000,2313.100000,2302.700000,2302.700000,1.0598
1718078400,2306.800000,2306.800000,2300.500000,2302.400000,1.0603
1718092800,2308.200000,2311.600000,2305.300000,2307.800000,1.3397
1718107200,2312.500000,2320.000000,2311.100000,2311.100000,0.3382
1718121600,2307.800000,2317.400000,2307.800000,2311.900000,1.4445
1718136000,2317.400000,2320.000000,2317.100000,2318.700000,1.5698
1718150400,2314.800000,2314.800000,2314.800000,2314.800000,0.0005
1718164800,2316.400000,2318.600000,2311.100000,2317.100000,1.3695
1718179200,2317.100000,2317.500000,2312.300000,2312.300000,2.0525
1718193600,2311.700000,2339.000000,2311.400000,2335.000000,2.2392
1718208000,2337.600000,2341.500000,2317.100000,2317.100000,3.6913
1718222400,2327.400000,2327.800000,2323.300000,2323.700000,0.1409
1718236800,2320.000000,2321.000000,2312.500000,2313.000000,0.0830
1718251200,2312.500000,2319.300000,2311.100000,2319.300000,0.0017
1718265600,2318.500000,2320.000000,2310.000000,2310.000000,0.8882
1718280000,2309.900000,2324.400000,2308.100000,2308.700000,11.3309
1718294400,2305.000000,2305.000000,2304.400000,2304.400000,0.0106
1718308800,2303.000000,2307.300000,2303.000000,2304.200000,0.1105
1718323200,2306.000000,2309.200000,2303.400000,2309.000000,0.0847
1718337600,2312.500000,2317.200000,2309.700000,2317.200000,0.4779
1718352000,2320.000000,2339.000000,2317.400000,2337.400000,0.1350
1718366400,2331.200000,2333.900000,2327.500000,2327.500000,0.1321
1718380800,2330.700000,2338.700000,2329.400000,2336.100000,2.9799
1718395200,2334.900000,2335.900000,2332.000000,2332.000000,3.0193
1718409600,2335.800000,2335.800000,2332.000000,2335.700000,1.2854
1718424000,2334.600000,2337.900000,2330.200000,2333.300000,12.7204
1718438400,2333.300000,2336.200000,2330.100000,2333.400000,9.2218
1718452800,2335.800000,2336.200000,2333.400000,2335.800000,0.0880
1718467200,2336.000000,2337.100000,2333.400000,2333.400000,1.0626
1718481600,2337.000000,2338.200000,2333.400000,2333.400000,1.1544
1718496000,2333.400000,2336.000000,2330.000000,2332.700000,0.8816
1718510400,2332.300000,2335.600000,2329.200000,2332.300000,1.3445
1718524800,2332.300000,2335.600000,2329.400000,2332.600000,5.5182
1718539200,2332.700000,2335.600000,2332.200000,2332.800000,0.3268
1718553600,2335.500000,2335.500000,2332.800000,2332.800000,0.0373
1718568000,2335.500000,2335.500000,2332.800000,2332.800000,0.0903
1718582400,2327.500000,2327.500000,2327.500000,2327.500000,0.0019
1718596800,2325.100000,2326.500000,2320.000000,2320.000000,0.0646
1718611200,2320.200000,2322.700000,2320.200000,2321.800000,0.0193
1718625600,2321.900000,2328.100000,2315.400000,2315.400000,0.5849
1718640000,2315.100000,2321.500000,2314.400000,2321.500000,0.0313
1718654400,2320.400000,2321.700000,2318.300000,2321.600000,0.2752
1718668800,2321.800000,2325.000000,2319.700000,2323.600000,0.0190
1718683200,2322.400000,2326.300000,2314.700000,2314.700000,0.6735
1718697600,2314.600000,2315.300000,2307.900000,2312.700000,0.3227
1718712000,2313.000000,2327.100000,2313.000000,2326.800000,2.3526
1718726400,2327.500000,2334.900000,2327.400000,2327.400000,0.9762
1718740800,2329.600000,2332.900000,2327.400000,2328.000000,9.7582
1718755200,2332.300000,2332.900000,2327.900000,2327.900000,0.0094
1718769600,2330.800000,2335.000000,2329.000000,2334.000000,0.0840
1718784000,2335.000000,2335.300000,2328.900000,2332.200000,1.0864
1718798400,2327.500000,2332.300000,2327.400000,2327.400000,0.0707
1718812800,2331.000000,2334.000000,2328.000000,2328.000000,0.0744
1718827200,2331.100000,2334.600000,2328.000000,2333.400000,4.7673
1718841600,2332.100000,2338.200000,2328.300000,2337.100000,0.0317
1718856000,2341.300000,2348.000000,2341.300000,2342.800000,0.3153
1718870400,2342.800000,2342.800000,2333.500000,2338.200000,0.1551
1718884800,2339.300000,2365.600000,2339.300000,2358.400000,5.8330
1718899200,2358.400000,2361.400000,2357.500000,2360.200000,0.1046
1718913600,2360.300000,2362.600000,2360.200000,2362.600000,0.7858
1718928000,2366.400000,2366.400000,2360.700000,2360.700000,0.0645
1718942400,2364.400000,2365.600000,2357.600000,2363.500000,0.3113
1718956800,2364.300000,2370.500000,2364.000000,2366.800000,4.6171
1718971200,2370.600000,2370.600000,2328.300000,2330.400000,4.8460
1718985600,2331.100000,2331.100000,2320.900000,2324.300000,4.1781
1719000000,2325.900000,2326.300000,2323.000000,2325.900000,0.4838
1719014400,2325.900000,2325.900000,2322.400000,2323.700000,0.0141
1719028800,2326.000000,2326.100000,2323.500000,2325.000000,0.0448
1719043200,2325.900000,2326.000000,2322.700000,2326.000000,0.5291
1719057600,2323.300000,2326.000000,2323.300000,2324.000000,0.2759
1719072000,2323.900000,2325.500000,2322.000000,2324.100000,0.7770
1719086400,2324.300000,2325.500000,2322.600000,2324.800000,0.7725
1719100800,2323.500000,2325.600000,2322.100000,2322.200000,0.0155
1719115200,2323.000000,2324.800000,2322.100000,2323.800000,0.3396
1719129600,2323.800000,2326.900000,2323.800000,2325.800000,0.1375
1719144000,2326.100000,2326.100000,2323.600000,2325.800000,0.0683
1719158400,2326.100000,2326.100000,2322.500000,2324.100000,0.0781
1719172800,2326.000000,2326.000000,2321.900000,2321.900000,0.3522
1719187200,2323.200000,2329.000000,2323.200000,2327.500000,0.0282
1719201600,2328.100000,2335.400000,2327.500000,2335.400000,6.3282
1719216000,2335.200000,2335.300000,2322.800000,2327.900000,2.2528
1719230400,2326.900000,2336.200000,2326.900000,2330.000000,1.0812
1719244800,2331.600000,2338.300000,2330.000000,2338.300000,0.3734
1719259200,2338.000000,2340.900000,2338.000000,2338.300000,0.0487
1719273600,2338.000000,2338.000000,2326.100000,2330.200000,0.6776
1719288000,2327.200000,2330.700000,2327.000000,2327.700000,0.1355
1719302400,2328.600000,2338.600000,2328.600000,2336.200000,0.0509
1719316800,2332.400000,2332.900000,2322.500000,2326.800000,1.9794
1719331200,2325.800000,2325.800000,2318.500000,2323.000000,0.0786
1719345600,2321.900000,2322.700000,2319.000000,2322.700000,0.0037
1719360000,2320.300000,2324.600000,2320.300000,2324.600000,0.0762
1719374400,2323.000000,2324.600000,2315.000000,2322.200000,0.2599
1719388800,2319.900000,2326.300000,2314.500000,2319.500000,0.9399
1719403200,2319.800000,2323.800000,2305.100000,2307.600000,0.9007
1719417600,2310.900000,2385.700000,2302.700000,2324.000000,2.6413
1719432000,2323.200000,2327.400000,2302.700000,2307.700000,1.0699
1719446400,2307.700000,2310.900000,2305.000000,2307.300000,0.7736
1719460800,2307.900000,2316.400000,2305.000000,2309.600000,0.8818
1719475200,2309.400000,2329.300000,2307.500000,2326.200000,3.2178
1719489600,2325.400000,2341.800000,2321.700000,2335.700000,1.1583
1719504000,2336.000000,2341.000000,2328.200000,2333.800000,2.7560
1719518400,2333.100000,2341.500000,2328.300000,2335.100000,2.0224
1719532800,2334.900000,2335.200000,2322.700000,2327.000000,2.4382
1719547200,2328.300000,2335.000000,2322.200000,2332.800000,1.1288
1719561600,2331.900000,2349.900000,2329.600000,2342.400000,1.5806
1719576000,2342.400000,2353.700000,2330.700000,2336.000000,1.1168
1719590400,2337.500000,2343.400000,2331.700000,2335.000000,0.5693
1719604800,2338.400000,2341.300000,2330.100000,2335.800000,0.4510
1719619200,2335.400000,2338.700000,2330.600000,2334.700000,0.4509
1719633600,2334.700000,2334.700000,2328.400000,2332.800000,0.3610
1719648000,2333.900000,2334.600000,2330.100000,2331.400000,0.6200
1719662400,2332.400000,2338.700000,2330.400000,2333.200000,0.9436
1719676800,2334.100000,2338.700000,2329.300000,2334.100000,0.9591
1719691200,2333.700000,2338.700000,2332.300000,2334.600000,1.1752
1719705600,2334.800000,2338.700000,2332.400000,2335.100000,0.8983
1719720000,2332.400000,2338.700000,2329.800000,2330.600000,0.8355
1719734400,2331.000000,2335.000000,2330.700000,2330.700000,0.0295
1719748800,2331.000000,2335.000000,2330.000000,2330.000000,0.4289
1719763200,2333.500000,2338.600000,2329.400000,2334.700000,1.0061
1719777600,2335.100000,2338.300000,2330.000000,2332.500000,0.8358
1719792000,2331.500000,2333.000000,2329.300000,2331.500000,0.4076
1719806400,2329.000000,2331.400000,2325.000000,2331.400000,0.0980
1719820800,2334.200000,2342.500000,2331.500000,2342.500000,5.1058
1719835200,2342.500000,2342.500000,2325.000000,2334.100000,0.5189
1719849600,2332.600000,2335.300000,2328.000000,2332.700000,1.3440
1719864000,2332.700000,2335.300000,2331.800000,2331.800000,0.0350
1719878400,2335.300000,2339.500000,2333.900000,2335.600000,0.3630
1719892800,2333.200000,2333.200000,2331.900000,2331.900000,0.0099
1719907200,2335.600000,2335.600000,2328.000000,2331.800000,0.4818
1719921600,2328.000000,2339.900000,2328.000000,2331.300000,0.9449
1719936000,2331.100000,2337.000000,2328.000000,2335.800000,0.4583
1719950400,2336.500000,2339.600000,2333.700000,2336.700000,0.0608
1719964800,2336.700000,2336.700000,2336.700000,2336.700000,0.0000
1719979200,2336.700000,2354.200000,2336.700000,2352.900000,0.6776
1719993600,2352.700000,2367.000000,2347.400000,2354.300000,4.8639
1720008000,2353.400000,2372.500000,2352.200000,2369.800000,0.8700
1720022400,2369.000000,2372.500000,2357.700000,2357.700000,7.9053
1720036800,2357.500000,2366.500000,2357.500000,2363.400000,10.1773
1720051200,2363.100000,2368.300000,2358.500000,2362.200000,0.7649
1720065600,2361.700000,2364.900000,2355.800000,2357.700000,0.5241
1720080000,2361.300000,2365.900000,2356.900000,2362.200000,1.6488
1720094400,2363.000000,2367.800000,2362.100000,2365.100000,0.4729
1720108800,2365.700000,2365.700000,2357.900000,2361.200000,8.6286
1720123200,2361.600000,2365.500000,2357.500000,2357.500000,1.9172
1720137600,2357.500000,2363.100000,2357.300000,2360.000000,0.0880
1720152000,2361.700000,2370.800000,2358.000000,2368.600000,17.6563
1720166400,2366.500000,2371.100000,2364.700000,2367.000000,6.4903
1720180800,2368.200000,2385.700000,2363.700000,2383.500000,7.6404
1720195200,2383.500000,2392.000000,2383.500000,2392.000000,0.2141
1720209600,2389.500000,2394.100000,2388.300000,2390.900000,0.1445
1720224000,2393.500000,2393.500000,2389.500000,2390.900000,0.0546
1720238400,2390.900000,2393.700000,2390.900000,2393.700000,0.0489
1720252800,2390.700000,2395.400000,2390.700000,2393.400000,0.1748
1720267200,2390.700000,2394.100000,2390.500000,2394.100000,0.0517
1720281600,2390.500000,2394.200000,2390.500000,2390.900000,1.8468
1720296000,2391.400000,2394.000000,2389.500000,2391.900000,0.7255
1720310400,2391.900000,2393.200000,2391.900000,2391.900000,0.0584
1720324800,2393.100000,2393.200000,2391.900000,2391.900000,0.0695
1720339200,2391.900000,2395.600000,2388.600000,2391.200000,0.2163
1720353600,2391.500000,2393.600000,2389.900000,2392.500000,0.2500
1720368000,2391.400000,2393.600000,2389.000000,2392.100000,0.1580
1720382400,2395.600000,2395.600000,2386.600000,2386.600000,0.2149
1720396800,2386.600000,2389.600000,2383.100000,2383.400000,0.7034
1720411200,2383.400000,2386.200000,2377.900000,2379.000000,0.2282
1720425600,2379.000000,2379.000000,2372.100000,2374.900000,0.1624
1720440000,2376.200000,2380.000000,2357.500000,2357.700000,15.6973
1720454400,2357.500000,2359.300000,2352.400000,2358.600000,0.0864
1720468800,2358.200000,2362.400000,2357.400000,2362.400000,0.1225
1720483200,2364.500000,2370.200000,2360.100000,2368.500000,0.1006
1720497600,2365.400000,2370.100000,2360.000000,2360.000000,8.5910
1720512000,2362.800000,2365.100000,2360.000000,2360.000000,2.0778
1720526400,2360.400000,2368.300000,2350.600000,2362.000000,0.3157
1720540800,2362.700000,2365.800000,2357.000000,2363.900000,0.0769
1720555200,2363.200000,2368.500000,2362.100000,2366.100000,3.2221
1720569600,2363.500000,2370.900000,2362.000000,2365.700000,0.1554
1720584000,2366.600000,2375.100000,2365.500000,2372.400000,1.9676
1720598400,2372.200000,2377.900000,2369.800000,2377.400000,0.5441
1720612800,2377.800000,2383.700000,2376.200000,2378.500000,0.7130
1720627200,2381.800000,2382.600000,2368.800000,2372.000000,0.5973
1720641600,2373.900000,2374.700000,2369.800000,2371.200000,0.1271
1720656000,2374.300000,2379.500000,2374.300000,2377.800000,0.0795
1720670400,2380.000000,2384.500000,2377.700000,2379.300000,0.3616
1720684800,2380.100000,2384.500000,2378.900000,2379.700000,0.6490
1720699200,2383.500000,2417.500000,2383.500000,2416.700000,1.6258
1720713600,2414.900000,2414.900000,2411.200000,2414.800000,0.0944
1720728000,2414.600000,2417.400000,2410.200000,2413.900000,7.7793
1720742400,2413.300000,2413.300000,2407.000000,2410.300000,0.0868
1720756800,2408.100000,2411.500000,2402.500000,2406.500000,0.3673
1720771200,2406.500000,2409.600000,2398.000000,2399.700000,1.0710
1720785600,2401.400000,2412.800000,2395.000000,2407.500000,0.4245
1720800000,2412.200000,2417.100000,2410.500000,2411.800000,1.0017
1720814400,2411.700000,2413.300000,2407.100000,2410.300000,0.1515
1720828800,2411.200000,2412.300000,2406.300000,2408.400000,0.2014
1720843200,2409.900000,2412.300000,2406.200000,2408.600000,0.3586
1720857600,2410.000000,2412.300000,2408.300000,2408.400000,0.4435
1720872000,2411.000000,2413.800000,2408.900000,2411.000000,0.0360
1720886400,2412.400000,2413.800000,2407.300000,2410.700000,0.4814
1720900800,2409.900000,2412.300000,2407.300000,2410.200000,0.0417
1720915200,2410.200000,2412.200000,2408.400000,2410.900000,0.5911
1720929600,2410.900000,2412.000000,2406.300000,2412.000000,9.3181
1720944000,2411.900000,2411.900000,2408.200000,2411.700000,1.5558
1720958400,2410.600000,2412.000000,2408.300000,2410.500000,0.0545
1720972800,2410.900000,2412.100000,2406.800000,2408.100000,0.3297
1720987200,2409.400000,2414.100000,2405.300000,2406.800000,2.5006
1721001600,2407.100000,2411.100000,2404.200000,2408.500000,0.3520
1721016000,2410.600000,2412.300000,2402.500000,2404.100000,2.7591
1721030400,2403.700000,2419.800000,2403.700000,2417.500000,2.1208
1721044800,2415.900000,2432.800000,2412.000000,2430.500000,0.3249
1721059200,2432.800000,2432.800000,2417.500000,2420.500000,0.2692
1721073600,2420.000000,2423.400000,2416.100000,2421.000000,0.3615
1721088000,2421.900000,2428.800000,2417.700000,2427.100000,0.1504
1721102400,2425.000000,2432.500000,2423.200000,2431.600000,3.1261
1721116800,2431.500000,2442.500000,2431.500000,2441.900000,0.9360
1721131200,2441.200000,2464.200000,2429.000000,2461.400000,1.4576
1721145600,2458.900000,2465.300000,2457.300000,2465.300000,14.3188
1721160000,2465.300000,2469.800000,2464.000000,2466.900000,0.2733
1721174400,2465.700000,2480.000000,2461.700000,2464.300000,0.7827
1721188800,2468.100000,2472.700000,2461.600000,2470.000000,14.8223
1721203200,2470.000000,2477.400000,2464.100000,2468.500000,6.9080
1721217600,2469.000000,2480.000000,2459.800000,2460.300000,12.7838
1721232000,2461.200000,2464.300000,2453.700000,2459.900000,0.1325
1721246400,2459.200000,2460.400000,2456.800000,2459.400000,0.0670
1721260800,2460.700000,2467.300000,2459.000000,2467.300000,0.0638
1721275200,2466.500000,2475.800000,2464.900000,2472.200000,0.5722
1721289600,2469.300000,2473.200000,2464.500000,2465.400000,0.6566
1721304000,2464.800000,2471.300000,2460.000000,2463.700000,0.4210
1721318400,2462.500000,2463.100000,2441.100000,2443.900000,0.3032
1721332800,2442.700000,2446.700000,2442.400000,2444.600000,0.1068
1721347200,2440.000000,2440.000000,2421.500000,2429.600000,0.2669
1721361600,2428.600000,2428.600000,2414.600000,2414.600000,1.0326
1721376000,2417.000000,2421.800000,2412.300000,2412.300000,0.2337
1721390400,2410.000000,2410.400000,2396.500000,2404.600000,0.4723
1721404800,2406.000000,2406.000000,2397.500000,2397.500000,0.5399
1721419200,2397.300000,2401.400000,2395.500000,2398.000000,0.2174
1721433600,2400.800000,2401.400000,2397.700000,2398.600000,3.2330
1721448000,2398.600000,2402.600000,2397.900000,2400.300000,0.2598
1721462400,2401.300000,2401.300000,2397.900000,2397.900000,0.0074
1721476800,2401.300000,2401.800000,2398.400000,2401.000000,0.0680
1721491200,2398.700000,2401.700000,2398.700000,2398.700000,0.2125
1721505600,2401.500000,2401.500000,2398.900000,2398.900000,0.7485
1721520000,2401.500000,2402.000000,2398.400000,2400.800000,1.3848
1721534400,2400.700000,2402.000000,2398.700000,2401.500000,0.1433
1721548800,2402.100000,2402.200000,2396.700000,2401.300000,0.0401
1721563200,2401.000000,2403.400000,2398.300000,2402.300000,1.9466
1721577600,2401.900000,2402.000000,2398.400000,2402.000000,0.2319
1721592000,2399.500000,2413.300000,2398.300000,2410.400000,2.3868
1721606400,2407.900000,2411.200000,2405.000000,2409.700000,0.0404
1721620800,2407.200000,2408.300000,2399.700000,2403.200000,0.4159
1721635200,2399.300000,2408.900000,2399.300000,2403.800000,0.1219
1721649600,2399.000000,2400.600000,2385.700000,2387.400000,3.3569
1721664000,2387.000000,2398.400000,2387.000000,2397.800000,1.1461
1721678400,2399.700000,2399.700000,2395.100000,2395.100000,0.0998
1721692800,2402.500000,2404.600000,2397.600000,2397.600000,0.0123
1721707200,2401.500000,2401.500000,2391.600000,2397.900000,0.7317
1721721600,2402.500000,2411.100000,2402.500000,2410.000000,1.5765
1721736000,2406.800000,2408.400000,2401.700000,2405.200000,2.1982
1721750400,2406.700000,2408.500000,2402.200000,2407.000000,2.2768
1721764800,2410.000000,2411.700000,2409.100000,2409.500000,0.0254
1721779200,2409.500000,2417.500000,2409.500000,2417.500000,3.1543
1721793600,2417.500000,2419.500000,2412.400000,2414.700000,0.3548
1721808000,2412.000000,2416.300000,2412.000000,2416.300000,1.9806
1721822400,2422.000000,2432.500000,2418.000000,2426.300000,22.4312
1721836800,2424.300000,2424.300000,2408.700000,2410.200000,0.2216
1721851200,2402.500000,2405.400000,2396.900000,2397.200000,2.0157
1721865600,2398.900000,2401.500000,2372.500000,2374.800000,20.9434
1721880000,2376.600000,2378.300000,2370.000000,2375.700000,4.5051
1721894400,2380.000000,2385.900000,2372.000000,2372.000000,0.5133
1721908800,2371.800000,2378.900000,2364.600000,2368.500000,0.5574
1721923200,2366.700000,2367.100000,2359.600000,2366.000000,0.1386
1721937600,2363.300000,2368.200000,2362.600000,2362.600000,0.1311
1721952000,2358.800000,2372.500000,2358.800000,2372.500000,0.3787
1721966400,2373.600000,2375.800000,2371.200000,2372.000000,0.6440
1721980800,2374.700000,2377.300000,2372.400000,2377.300000,0.5504
1721995200,2378.500000,2387.500000,2374.800000,2387.500000,0.2541
1722009600,2388.900000,2388.900000,2384.200000,2387.000000,0.2419
1722024000,2386.500000,2389.100000,2385.600000,2389.000000,0.1788
1722038400,2386.700000,2389.000000,2386.700000,2389.000000,0.6000
1722052800,2387.000000,2389.000000,2386.200000,2387.000000,0.2547
1722067200,2389.000000,2389.200000,2386.300000,2388.900000,0.1165
1722081600,2386.500000,2389.000000,2385.300000,2389.000000,0.3202
1722096000,2386.700000,2397.400000,2384.900000,2384.900000,43.4365
1722110400,2384.900000,2391.900000,2384.900000,2387.000000,0.2321
1722124800,2386.800000,2389.200000,2385.300000,2389.000000,0.0483
1722139200,2386.000000,2389.000000,2385.600000,2385.700000,0.6156
1722153600,2386.800000,2389.000000,2386.700000,2389.000000,0.0439
1722168000,2388.900000,2389.000000,2385.600000,2385.600000,0.4385
1722182400,2389.000000,2389.400000,2386.300000,2389.300000,0.2685
1722196800,2389.300000,2402.200000,2386.800000,2396.500000,0.1795
1722211200,2396.300000,2396.300000,2393.500000,2395.000000,0.0123
1722225600,2394.900000,2397.200000,2392.000000,2392.100000,0.4620
1722240000,2392.100000,2396.500000,2386.100000,2387.600000,9.7573
1722254400,2395.500000,2396.900000,2373.200000,2373.200000,0.3222
1722268800,2376.800000,2385.300000,2376.400000,2382.600000,0.1382
1722283200,2383.800000,2386.300000,2382.600000,2382.900000,0.0946
1722297600,2384.200000,2388.100000,2379.500000,2388.100000,0.0413
1722312000,2388.500000,2393.300000,2385.100000,2393.300000,0.0217
1722326400,2390.400000,2394.400000,2389.200000,2389.200000,1.0713
1722340800,2389.200000,2396.900000,2386.200000,2390.500000,1.7000
1722355200,2392.500000,2407.400000,2392.500000,2405.100000,1.2968
1722369600,2410.000000,2413.800000,2409.900000,2412.100000,0.0077
1722384000,2413.300000,2420.900000,2404.600000,2420.700000,0.4664
1722398400,2417.000000,2424.400000,2417.000000,2420.200000,3.2548
1722412800,2420.000000,2426.300000,2412.700000,2423.300000,18.0195
1722427200,2420.000000,2431.200000,2418.600000,2424.700000,0.1680
1722441600,2424.700000,2451.900000,2423.800000,2447.900000,1.1675
1722456000,2449.600000,2453.000000,2447.100000,2449.600000,2.0127
1722470400,2445.600000,2456.500000,2442.300000,2442.900000,0.1904
1722484800,2448.500000,2448.900000,2442.700000,2445.600000,0.3054
1722499200,2442.400000,2445.400000,2435.200000,2445.100000,0.4684
1722513600,2447.000000,2461.300000,2446.000000,2446.000000,0.2006
1722528000,2445.300000,2449.400000,2438.100000,2447.000000,0.4591
1722542400,2444.000000,2451.800000,2444.000000,2450.400000,2.7289
1722556800,2446.500000,2461.900000,2440.000000,2454.900000,3.4992
1722571200,2457.200000,2471.200000,2455.000000,2462.500000,3.2876
1722585600,2463.000000,2467.300000,2463.000000,2464.800000,1.3387
1722600000,2462.500000,2479.400000,2421.000000,2432.500000,6.0932
1722614400,2432.500000,2448.000000,2429.300000,2443.200000,16.9319
1722628800,2443.600000,2451.100000,2443.000000,2444.600000,1.4652
1722643200,2447.700000,2447.700000,2442.900000,2445.000000,0.7462
1722657600,2444.100000,2447.500000,2444.100000,2446.600000,0.1672
1722672000,2446.500000,2448.400000,2443.700000,2444.100000,0.5922
1722686400,2446.200000,2448.000000,2443.000000,2443.800000,0.0952
1722700800,2443.800000,2448.000000,2443.300000,2444.100000,0.9495
1722715200,2446.200000,2449.200000,2444.000000,2449.200000,0.9160
1722729600,2444.000000,2446.000000,2444.000000,2445.900000,3.9845
1722744000,2443.300000,2445.900000,2442.700000,2445.900000,0.8781
1722758400,2443.100000,2463.000000,2442.300000,2443.200000,6.0255
1722772800,2448.900000,2448.900000,2442.300000,2444.000000,0.7781
1722787200,2444.000000,2452.800000,2444.000000,2445.300000,1.5744
1722801600,2445.000000,2445.200000,2439.200000,2439.900000,1.6354
1722816000,2439.300000,2465.200000,2401.400000,2448.500000,24.8726
1722830400,2448.200000,2455.000000,2425.000000,2432.500000,4.1234
1722844800,2432.500000,2435.800000,2384.200000,2384.200000,84.2760
1722859200,2384.300000,2408.400000,2369.500000,2405.500000,18.5187
1722873600,2408.600000,2416.500000,2402.500000,2411.100000,1.9293
1722888000,2412.500000,2414.400000,2403.800000,2409.200000,0.7622
1722902400,2411.500000,2421.800000,2410.600000,2414.900000,0.6168
1722916800,2411.100000,2412.900000,2394.700000,2403.900000,32.8517
1722931200,2408.600000,2417.500000,2406.900000,2414.200000,8.8845
1722945600,2410.000000,2410.000000,2385.700000,2385.700000,2.5168
1722960000,2392.700000,2395.000000,2384.800000,2394.900000,10.3752
1722974400,2391.700000,2393.900000,2386.600000,2387.000000,0.5290
1722988800,2387.000000,2395.000000,2385.700000,2387.200000,0.7217
1723003200,2387.200000,2396.500000,2387.200000,2387.200000,0.2882
1723017600,2391.200000,2397.100000,2362.300000,2397.100000,126.6588
1723032000,2400.800000,2401.400000,2368.100000,2396.000000,90.8056
1723046400,2391.300000,2398.700000,2384.100000,2387.100000,5.9598
1723060800,2384.700000,2384.700000,2380.300000,2384.400000,0.2613
1723075200,2387.300000,2390.500000,2386.400000,2386.400000,0.5710
1723089600,2391.300000,2399.900000,2391.300000,2395.400000,0.6183
1723104000,2395.100000,2411.000000,2392.100000,2410.700000,1.9906
1723118400,2410.800000,2421.900000,2405.100000,2417.600000,7.9628
1723132800,2417.000000,2426.200000,2416.000000,2426.200000,5.9861
1723147200,2424.900000,2428.200000,2421.900000,2426.000000,1.7792
1723161600,2425.300000,2427.300000,2421.800000,2421.800000,0.3309
1723176000,2420.000000,2425.300000,2415.600000,2415.800000,0.1727
1723190400,2423.900000,2429.100000,2421.800000,2428.400000,0.6672
1723204800,2428.000000,2433.100000,2419.700000,2430.700000,1.1753
1723219200,2428.800000,2434.100000,2425.500000,2430.200000,0.1738
1723233600,2428.200000,2432.200000,2427.600000,2428.300000,0.0380
1723248000,2432.000000,2432.100000,2428.300000,2428.600000,0.0823
1723262400,2432.500000,2432.500000,2428.800000,2428.800000,0.2678
1723276800,2432.600000,2432.600000,2432.600000,2432.600000,0.0208
1723291200,2432.600000,2432.600000,2428.900000,2432.600000,0.0392
1723305600,2429.100000,2432.700000,2429.000000,2432.400000,0.0337
1723320000,2432.400000,2432.400000,2432.400000,2432.400000,0.0020
1723334400,2432.600000,2432.600000,2429.000000,2429.000000,1.2991
1723348800,2429.200000,2429.200000,2429.200000,2429.200000,0.1398
1723363200,2429.200000,2435.100000,2429.200000,2429.200000,1.2807
1723377600,2432.300000,2434.500000,2429.000000,2429.600000,4.2374
1723392000,2429.000000,2432.400000,2429.000000,2432.400000,0.2303
1723406400,2429.000000,2432.600000,2426.700000,2426.700000,0.2043
1723420800,2429.500000,2429.500000,2425.900000,2426.500000,1.7784
1723435200,2431.300000,2439.600000,2429.000000,2439.600000,0.1264
1723449600,2439.600000,2442.000000,2439.600000,2440.200000,1.8515
1723464000,2442.400000,2460.000000,2442.000000,2457.100000,1.3765
1723478400,2461.300000,2469.900000,2461.300000,2467.600000,0.1036
1723492800,2470.000000,2475.500000,2469.300000,2475.500000,0.0268
1723507200,2475.100000,2475.100000,2461.600000,2461.600000,0.1960
1723521600,2460.900000,2465.800000,2458.200000,2461.300000,0.0547
1723536000,2462.400000,2500.700000,2461.300000,2463.500000,107.9341
1723550400,2468.700000,2473.200000,2463.400000,2470.200000,2.6049
1723564800,2470.200000,2471.100000,2422.700000,2467.400000,115.5053
1723579200,2463.500000,2559.800000,2463.500000,2467.800000,106.3640
1723593600,2467.100000,2474.700000,2457.000000,2457.000000,0.2994
1723608000,2460.300000,2470.000000,2457.000000,2470.000000,2.4603
1723622400,2470.000000,2478.200000,2470.000000,2473.100000,3.2839
1723636800,2471.600000,2471.600000,2452.200000,2452.200000,20.4708
1723651200,2452.100000,2452.100000,2448.500000,2452.000000,0.3345
1723665600,2449.900000,2452.900000,2447.200000,2447.200000,0.1832
1723680000,2452.500000,2455.300000,2451.000000,2455.300000,1.5670
1723694400,2458.300000,2460.100000,2453.800000,2458.100000,0.3729
1723708800,2458.500000,2462.800000,2436.000000,2461.600000,65.7878
1723723200,2464.200000,2467.200000,2425.000000,2457.100000,48.2367
1723737600,2461.400000,2461.900000,2451.800000,2452.100000,1.8275
1723752000,2459.900000,2460.500000,2453.700000,2458.700000,12.3924
1723766400,2455.500000,2463.800000,2452.900000,2452.900000,25.2927
1723780800,2455.500000,2464.200000,2455.500000,2464.200000,0.1897
1723795200,2464.100000,2471.400000,2464.100000,2471.400000,0.1406
1723809600,2474.600000,2496.300000,2473.200000,2488.400000,0.8241
1723824000,2488.900000,2507.800000,2488.900000,2506.700000,2.1117
1723838400,2508.800000,2509.600000,2505.600000,2505.600000,0.0100
1723852800,2505.600000,2509.600000,2505.600000,2509.500000,0.2567
1723867200,2509.000000,2512.200000,2509.000000,2511.700000,42.0120
1723881600,2511.700000,2511.700000,2505.900000,2510.800000,38.6948
1723896000,2510.200000,2511.000000,2510.200000,2510.600000,0.2471
1723910400,2510.600000,2512.500000,2507.400000,2510.900000,0.1524
1723924800,2507.700000,2510.000000,2507.700000,2510.000000,0.0469
1723939200,2510.100000,2510.100000,2507.800000,2507.800000,0.0772
1723953600,2510.100000,2510.200000,2507.700000,2510.200000,0.1668
1723968000,2510.200000,2510.200000,2510.000000,2510.100000,0.1601
1723982400,2510.100000,2513.300000,2506.700000,2508.400000,50.2156
1723996800,2510.600000,2510.800000,2506.700000,2508.300000,1.4932
1724011200,2508.300000,2510.400000,2503.700000,2505.800000,0.1225
1724025600,2505.500000,2505.600000,2502.600000,2505.100000,0.0282
1724040000,2502.600000,2505.000000,2499.100000,2502.700000,20.4974
1724054400,2506.300000,2506.300000,2490.900000,2496.200000,4.7667
1724068800,2493.600000,2506.400000,2490.000000,2506.400000,1.8477
1724083200,2506.700000,2506.700000,2498.500000,2503.100000,28.6771
1724097600,2505.000000,2508.300000,2502.900000,2505.700000,24.0442
1724112000,2503.900000,2510.300000,2501.800000,2504.300000,12.2889
1724126400,2504.400000,2534.000000,2495.500000,2522.800000,68.7537
1724140800,2535.700000,2544.200000,2526.700000,2531.500000,3.3611
1724155200,2530.600000,2538.600000,2519.000000,2519.000000,2.0875
1724169600,2519.000000,2538.400000,2509.700000,2538.200000,25.0761
1724184000,2541.300000,2544.500000,2520.100000,2530.500000,0.1335
1724198400,2530.500000,2531.000000,2519.200000,2520.900000,0.1821
1724212800,2520.900000,2533.100000,2520.900000,2525.700000,0.1199
1724227200,2519.000000,2522.600000,2505.100000,2516.900000,0.0514
1724241600,2517.900000,2522.000000,2512.600000,2514.400000,2.7804
1724256000,2518.100000,2528.100000,2514.400000,2514.400000,0.0207
1724270400,2522.600000,2526.400000,2522.600000,2523.600000,0.0033
1724284800,2523.400000,2526.400000,2501.100000,2512.100000,0.1161
1724299200,2505.000000,2517.100000,2505.000000,2509.700000,0.0706
1724313600,2514.600000,2518.000000,2506.900000,2506.900000,0.2883
1724328000,2506.900000,2512.300000,2481.200000,2481.200000,1.9506
1724342400,2485.700000,2494.500000,2485.700000,2486.300000,7.6980
1724356800,2487.100000,2499.600000,2484.500000,2499.600000,0.4556
1724371200,2496.600000,2501.500000,2489.500000,2501.500000,5.1617
1724385600,2493.100000,2503.800000,2493.100000,2498.300000,1.1975
1724400000,2498.600000,2503.000000,2496.100000,2501.500000,0.3632
1724414400,2503.400000,2517.600000,2498.300000,2512.300000,1.8111
1724428800,2512.300000,2514.900000,2506.700000,2508.800000,0.3505
1724443200,2511.800000,2518.400000,2509.700000,2513.400000,0.7829
1724457600,2511.000000,2513.600000,2511.000000,2513.600000,0.0428
1724472000,2513.400000,2515.300000,2511.100000,2515.300000,4.6202
1724486400,2511.500000,2514.100000,2511.400000,2514.100000,0.1736
1724500800,2513.000000,2514.200000,2513.000000,2514.200000,1.3098
1724515200,2514.200000,2516.500000,2511.300000,2511.500000,0.1080
1724529600,2514.300000,2514.300000,2511.800000,2514.200000,0.0554
1724544000,2510.200000,2510.200000,2509.400000,2509.400000,0.7914
1724558400,2509.400000,2514.800000,2509.000000,2513.000000,4.8297
1724572800,2509.300000,2509.300000,2509.300000,2509.300000,0.0037
1724587200,2511.900000,2511.900000,2511.600000,2511.600000,0.0494
1724601600,2509.500000,2512.000000,2509.400000,2509.500000,0.1778
1724616000,2511.700000,2512.000000,2509.500000,2511.700000,3.3656
1724630400,2511.700000,2511.700000,2511.700000,2511.700000,0.0000
1724644800,2508.000000,2515.500000,2505.100000,2514.800000,10.3522
1724659200,2517.100000,2524.700000,2517.100000,2523.000000,4.2460
1724673600,2523.000000,2525.100000,2511.600000,2511.600000,0.2891
1724688000,2513.600000,2515.700000,2513.600000,2515.600000,0.3424
1724702400,2518.100000,2519.200000,2514.400000,2516.700000,0.1333
1724716800,2509.700000,2509.700000,2505.000000,2505.000000,0.0552
1724731200,2504.300000,2514.800000,2504.300000,2514.800000,0.3587
1724745600,2512.000000,2513.900000,2505.000000,2508.600000,0.0888
1724760000,2511.100000,2516.300000,2504.400000,2516.300000,0.0700
1724774400,2511.900000,2518.800000,2511.900000,2518.800000,1.3850
1724788800,2512.600000,2522.200000,2503.700000,2519.100000,0.5188
1724803200,2511.700000,2511.700000,2504.300000,2509.100000,0.4150
1724817600,2500.100000,2501.100000,2493.200000,2501.100000,0.9821
1724832000,2499.200000,2507.500000,2489.300000,2499.200000,5.9395
1724846400,2489.200000,2507.900000,2483.100000,2507.900000,3.6974
1724860800,2498.500000,2507.100000,2495.300000,2507.100000,1.7375
1724875200,2500.500000,2504.700000,2500.500000,2504.700000,0.0132
1724889600,2506.200000,2514.500000,2506.200000,2511.000000,0.4788
1724904000,2515.000000,2516.800000,2513.500000,2513.500000,0.1888
1724918400,2516.000000,2524.000000,2506.900000,2518.900000,3.7757
1724932800,2519.800000,2522.000000,2504.300000,2522.000000,0.2096
1724947200,2520.100000,2525.600000,2518.900000,2521.500000,3.1285
1724961600,2519.200000,2521.800000,2517.700000,2517.700000,0.0585
1724976000,2518.200000,2518.200000,2512.700000,2512.700000,0.4722
1724990400,2511.700000,2517.700000,2511.700000,2517.700000,0.0084
1725004800,2522.000000,2525.100000,2514.800000,2520.000000,0.3396
1725019200,2521.600000,2522.000000,2501.000000,2501.000000,0.2972
1725033600,2501.000000,2505.800000,2496.700000,2500.500000,0.5029
1725048000,2502.800000,2504.700000,2502.800000,2503.400000,0.2262
1725062400,2505.000000,2505.000000,2501.200000,2503.400000,0.0056
1725076800,2503.300000,2505.000000,2503.000000,2503.400000,0.0427
1725091200,2503.000000,2503.800000,2499.300000,2501.100000,0.0415
1725105600,2504.600000,2504.700000,2503.300000,2503.300000,0.0115
1725120000,2501.000000,2503.900000,2498.800000,2498.800000,0.0304
1725134400,2496.800000,2504.200000,2496.800000,2501.200000,0.1649
1725148800,2501.300000,2503.600000,2501.200000,2503.600000,0.5939
1725163200,2503.000000,2504.600000,2501.000000,2503.700000,0.0131
1725177600,2504.400000,2504.700000,2501.500000,2501.500000,0.5541
1725192000,2501.600000,2504.900000,2499.300000,2499.300000,0.0203
1725206400,2501.300000,2505.300000,2501.300000,2505.300000,0.3065
1725220800,2507.100000,2507.100000,2499.300000,2499.300000,0.0252
1725235200,2503.200000,2504.600000,2490.500000,2495.200000,0.2704
1725249600,2493.600000,2499.900000,2493.600000,2495.900000,40.6768
1725264000,2501.200000,2501.900000,2495.900000,2496.600000,0.4103
1725278400,2503.500000,2503.500000,2499.200000,2499.200000,0.4105
1725292800,2496.300000,2497.000000,2494.000000,2494.000000,0.0626
1725307200,2497.000000,2500.400000,2495.100000,2500.400000,2.9608
1725321600,2496.500000,2496.700000,2491.300000,2494.900000,3.0905
1725336000,2492.600000,2504.300000,2491.300000,2502.000000,13.4276
1725350400,2501.500000,2506.400000,2485.800000,2485.800000,0.8225
1725364800,2489.100000,2494.800000,2474.100000,2485.500000,5.8130
1725379200,2485.500000,2489.200000,2483.000000,2489.200000,0.6438
1725393600,2489.200000,2489.200000,2489.200000,2489.200000,0.0000
1725408000,2491.300000,2501.000000,2489.200000,2497.400000,1.4834
1725422400,2496.000000,2499.400000,2484.900000,2484.900000,3.6682
1725436800,2484.800000,2494.600000,2472.600000,2490.300000,2.7859
1725451200,2490.100000,2496.700000,2486.600000,2496.100000,1.2409
1725465600,2494.200000,2498.700000,2490.000000,2490.700000,0.1023
1725480000,2491.000000,2497.800000,2491.000000,2497.600000,0.3175
1725494400,2493.100000,2497.800000,2493.100000,2495.000000,12.1825
1725508800,2492.200000,2506.000000,2491.500000,2502.000000,1.1170
1725523200,2506.000000,2523.000000,2503.700000,2520.700000,108.7846
1725537600,2519.600000,2524.000000,2507.900000,2507.900000,22.9088
1725552000,2509.200000,2523.100000,2508.600000,2513.700000,17.0914
1725566400,2516.500000,2523.100000,2516.200000,2523.100000,0.2404
1725580800,2516.100000,2520.900000,2516.100000,2520.900000,0.0405
1725595200,2517.400000,2521.900000,2516.700000,2521.900000,0.0116
1725609600,2514.800000,2516.500000,2514.800000,2516.500000,0.0360
1725624000,2516.500000,2525.600000,2503.100000,2503.500000,1.2468
1725638400,2501.000000,2502.100000,2489.200000,2493.100000,0.0800
1725652800,2494.600000,2501.400000,2494.600000,2499.100000,0.4507
1725667200,2498.000000,2500.600000,2496.800000,2496.800000,0.0613
1725681600,2500.600000,2501.700000,2496.000000,2496.000000,0.0252
1725696000,2500.600000,2500.600000,2493.000000,2493.000000,0.1345
1725710400,2499.500000,2499.500000,2498.600000,2499.500000,0.8086
1725724800,2494.900000,2499.500000,2494.800000,2499.500000,0.0395
1725739200,2499.500000,2499.500000,2494.900000,2494.900000,0.0174
1725753600,2495.200000,2499.500000,2495.200000,2499.500000,0.0014
1725768000,2500.600000,2500.700000,2500.600000,2500.700000,0.0027
1725782400,2496.800000,2502.100000,2496.800000,2502.100000,0.0144
1725796800,2499.600000,2502.100000,2495.000000,2499.500000,0.1045
1725811200,2495.000000,2500.700000,2495.000000,2500.700000,0.0140
1725825600,2499.600000,2500.900000,2494.900000,2494.900000,0.0089
1725840000,2494.900000,2502.000000,2494.900000,2502.000000,0.0025
1725854400,2496.400000,2496.400000,2490.000000,2492.200000,0.4997
1725868800,2490.200000,2502.100000,2490.000000,2494.400000,0.0933
1725883200,2500.800000,2506.600000,2493.600000,2493.600000,0.0271
1725897600,2503.600000,2507.800000,2497.100000,2506.800000,1.0684
1725912000,2506.900000,2511.900000,2505.600000,2508.000000,0.5029
1725926400,2508.100000,2511.900000,2500.600000,2500.900000,0.2435
1725940800,2499.700000,2500.100000,2498.900000,2500.100000,0.0092
1725955200,2504.800000,2511.900000,2502.100000,2511.900000,0.1501
1725969600,2503.500000,2516.300000,2503.400000,2515.100000,1.1543
1725984000,2511.700000,2516.300000,2511.700000,2514.900000,0.0453
1725998400,2517.100000,2524.300000,2517.100000,2524.300000,0.0273
1726012800,2522.200000,2522.300000,2515.900000,2522.300000,0.0119
1726027200,2518.700000,2524.900000,2517.900000,2521.500000,0.9039
1726041600,2524.300000,2526.100000,2518.900000,2525.200000,8.8799
1726056000,2517.000000,2517.000000,2501.100000,2514.700000,0.3086
1726070400,2515.400000,2517.800000,2505.400000,2507.700000,26.1496
1726084800,2507.700000,2508.200000,2507.700000,2508.200000,0.0126
1726099200,2513.600000,2514.900000,2509.700000,2509.700000,0.0024
1726113600,2517.000000,2517.000000,2504.400000,2513.500000,0.5421
1726128000,2517.100000,2521.300000,2517.100000,2517.600000,0.0712
1726142400,2517.600000,2555.000000,2517.600000,2551.400000,1.6904
1726156800,2547.700000,2556.000000,2547.700000,2556.000000,1.5382
1726171200,2556.000000,2559.400000,2555.200000,2559.100000,2.2493
1726185600,2559.200000,2566.000000,2556.000000,2566.000000,0.9561
1726200000,2562.600000,2565.900000,2562.500000,2562.700000,0.4124
1726214400,2570.700000,2570.700000,2560.900000,2568.100000,0.0126
1726228800,2564.400000,2584.600000,2564.000000,2579.300000,1.2599
1726243200,2583.900000,2586.100000,2575.300000,2575.700000,1.4979
1726257600,2582.700000,2582.700000,2574.800000,2574.800000,0.0410
1726272000,2574.800000,2574.800000,2573.000000,2573.000000,0.0312
1726286400,2576.100000,2578.600000,2568.500000,2573.400000,1.3456
1726300800,2573.400000,2573.800000,2565.100000,2565.100000,0.0792
1726315200,2577.400000,2579.200000,2572.100000,2572.400000,0.8373
1726329600,2574.500000,2579.300000,2572.500000,2572.500000,0.7870
1726344000,2579.600000,2579.700000,2572.900000,2577.700000,0.4753
1726358400,2577.800000,2577.800000,2572.100000,2572.100000,0.0145
1726372800,2574.900000,2578.900000,2574.900000,2577.900000,0.0421
1726387200,2572.600000,2577.700000,2572.600000,2577.700000,0.0500
1726401600,2575.300000,2575.300000,2575.300000,2575.300000,0.0004
1726416000,2575.400000,2578.300000,2575.400000,2576.000000,0.0424
1726430400,2578.400000,2579.500000,2575.600000,2577.600000,0.0628
1726444800,2578.800000,2585.100000,2576.000000,2585.100000,0.0144
1726459200,2583.600000,2591.200000,2583.100000,2590.200000,16.0669
1726473600,2590.400000,2590.900000,2578.200000,2582.500000,0.0072
1726488000,2582.500000,2582.900000,2578.200000,2582.300000,0.2274
1726502400,2578.200000,2585.100000,2578.200000,2584.300000,0.0756
1726516800,2580.500000,2585.700000,2580.500000,2585.100000,0.8208
1726531200,2580.400000,2581.400000,2576.000000,2576.000000,0.0016
1726545600,2575.100000,2588.600000,2574.500000,2578.400000,1.0674
1726560000,2585.200000,2585.200000,2572.900000,2575.500000,23.3894
1726574400,2574.200000,2582.500000,2564.800000,2564.800000,2.8893
1726588800,2564.800000,2576.500000,2562.600000,2566.100000,0.3459
1726603200,2571.700000,2571.700000,2567.300000,2567.300000,0.1492
1726617600,2568.200000,2576.100000,2568.200000,2576.100000,0.5271
1726632000,2567.400000,2567.400000,2566.000000,2567.000000,0.0208
1726646400,2565.200000,2580.200000,2563.600000,2574.600000,0.3024
1726660800,2576.600000,2576.600000,2570.100000,2570.600000,0.4715
1726675200,2572.100000,2596.300000,2550.100000,2553.600000,1.0687
1726689600,2555.600000,2563.700000,2551.900000,2560.000000,2.1549
1726704000,2560.000000,2566.900000,2555.000000,2566.900000,2.0950
1726718400,2564.300000,2580.700000,2564.300000,2580.700000,0.4036
1726732800,2580.700000,2590.100000,2576.900000,2587.600000,0.0858
1726747200,2590.200000,2591.000000,2573.900000,2585.700000,4.0903
1726761600,2592.900000,2593.800000,2587.300000,2587.300000,0.0640
1726776000,2588.300000,2590.600000,2584.000000,2590.600000,0.0232
1726790400,2589.500000,2589.500000,2584.000000,2584.000000,0.0692
1726804800,2591.700000,2604.000000,2589.200000,2604.000000,0.0951
1726819200,2597.700000,2609.200000,2590.900000,2608.100000,3.1461
1726833600,2609.200000,2614.800000,2602.000000,2613.100000,0.6238
1726848000,2615.100000,2625.900000,2615.100000,2619.500000,0.7545
1726862400,2616.300000,2622.100000,2616.300000,2618.800000,0.0365
1726876800,2621.600000,2621.600000,2619.000000,2619.000000,0.0683
1726891200,2621.600000,2621.700000,2621.600000,2621.700000,0.0290
1726905600,2622.700000,2622.700000,2618.900000,2622.100000,0.0162
1726920000,2621.800000,2622.000000,2611.900000,2615.900000,0.2490
1726934400,2618.000000,2623.800000,2618.000000,2618.900000,0.0325
1726948800,2622.000000,2623.300000,2619.000000,2622.600000,0.1551
1726963200,2624.000000,2624.000000,2624.000000,2624.000000,0.0004
1726977600,2619.200000,2622.100000,2619.100000,2622.100000,0.1384
1726992000,2624.000000,2625.000000,2617.800000,2617.800000,0.0624
1727006400,2619.300000,2624.100000,2619.300000,2620.200000,0.0062
1727020800,2624.000000,2624.300000,2620.300000,2624.300000,0.4647
1727035200,2624.100000,2624.100000,2620.300000,2621.100000,0.0283
1727049600,2620.200000,2629.700000,2616.900000,2629.700000,4.2396
1727064000,2629.700000,2631.800000,2612.300000,2617.000000,0.4290
1727078400,2617.200000,2625.800000,2615.600000,2624.800000,0.3823
1727092800,2624.400000,2629.900000,2621.300000,2626.600000,4.4763
1727107200,2625.000000,2630.200000,2624.700000,2628.100000,1.5142
1727121600,2628.400000,2629.800000,2626.900000,2626.900000,0.1127
1727136000,2626.400000,2631.000000,2624.700000,2629.900000,0.1079
1727150400,2634.500000,2634.500000,2622.700000,2629.500000,0.0934
1727164800,2629.200000,2635.500000,2626.600000,2626.900000,0.0364
1727179200,2629.700000,2647.400000,2623.700000,2641.100000,0.3267
1727193600,2645.100000,2661.500000,2645.100000,2660.300000,0.2692
1727208000,2660.300000,2663.300000,2651.300000,2653.900000,0.0355
1727222400,2660.800000,2667.800000,2651.800000,2663.700000,0.2959
1727236800,2659.700000,2660.100000,2647.800000,2655.000000,0.6559
1727251200,2658.600000,2661.600000,2646.100000,2659.300000,0.3176
1727265600,2650.000000,2664.700000,2649.500000,2652.400000,0.2146
1727280000,2652.400000,2662.800000,2652.100000,2652.100000,0.2530
1727294400,2650.000000,2650.000000,2650.000000,2650.000000,0.0004
1727308800,2649.900000,2651.500000,2649.900000,2651.500000,0.0132
1727323200,2661.400000,2663.600000,2656.000000,2663.600000,0.0327
1727337600,2659.900000,2684.300000,2659.900000,2680.700000,0.3134
1727352000,2673.900000,2677.100000,2654.900000,2668.000000,26.4767
1727366400,2671.600000,2682.700000,2667.400000,2679.100000,0.6326
1727380800,2679.100000,2681.800000,2666.000000,2672.600000,0.6174
1727395200,2672.700000,2672.700000,2663.900000,2664.300000,0.1923
1727409600,2663.900000,2671.900000,2658.900000,2658.900000,0.6130
1727424000,2664.300000,2668.300000,2655.000000,2660.600000,0.1721
1727438400,2665.400000,2671.900000,2638.600000,2642.000000,3.6796
1727452800,2654.100000,2661.200000,2638.500000,2657.700000,0.3893
1727467200,2654.200000,2664.700000,2654.200000,2661.200000,0.1492
1727481600,2652.800000,2653.100000,2652.400000,2653.100000,1.7664
1727496000,2652.500000,2667.700000,2650.600000,2664.700000,3.5226
1727510400,2653.100000,2668.000000,2652.500000,2660.700000,1.4521
1727524800,2658.600000,2660.200000,2655.300000,2655.400000,0.5543
1727539200,2658.700000,2658.700000,2655.100000,2658.700000,0.2614
1727553600,2655.300000,2655.300000,2655.300000,2655.300000,0.0728
1727568000,2655.300000,2655.300000,2655.300000,2655.300000,0.0000
1727582400,2659.100000,2660.200000,2655.600000,2658.800000,0.2826
1727596800,2655.400000,2659.800000,2655.300000,2655.700000,0.0750
1727611200,2658.800000,2658.800000,2655.400000,2658.700000,0.0891
1727625600,2655.700000,2660.200000,2655.600000,2658.900000,0.9428
1727640000,2655.400000,2668.300000,2655.400000,2660.900000,0.9410
1727654400,2661.000000,2661.000000,2650.500000,2656.500000,0.0079
1727668800,2652.700000,2659.600000,2652.700000,2659.600000,0.4600
1727683200,2655.200000,2657.700000,2635.000000,2635.400000,1.7907
1727697600,2637.900000,2640.000000,2624.500000,2628.200000,0.6482
1727712000,2629.200000,2640.300000,2622.700000,2633.000000,0.3739
1727726400,2625.300000,2635.900000,2625.300000,2632.400000,0.0213
1727740800,2637.100000,2640.500000,2637.100000,2640.300000,0.4116
1727755200,2640.300000,2647.400000,2639.300000,2639.300000,0.6999
1727769600,2647.200000,2650.200000,2637.600000,2644.300000,0.1105
1727784000,2651.100000,2675.000000,2642.900000,2662.200000,11.8483
1727798400,2665.100000,2677.400000,2657.600000,2660.000000,13.9102
1727812800,2660.000000,2669.700000,2655.000000,2662.800000,9.7967
1727827200,2662.200000,2666.100000,2655.200000,2658.700000,11.8086
1727841600,2660.800000,2660.800000,2644.800000,2656.600000,7.6883
1727856000,2652.600000,2659.100000,2643.900000,2648.000000,4.4120
1727870400,2646.000000,2661.500000,2645.700000,2649.400000,11.4820
1727884800,2647.300000,2660.300000,2644.100000,2659.100000,1.8388
1727899200,2657.000000,2662.600000,2653.300000,2659.600000,0.6984
1727913600,2661.600000,2661.600000,2653.100000,2653.100000,0.0616
1727928000,2656.400000,2658.800000,2644.100000,2644.100000,0.4996
1727942400,2641.200000,2650.900000,2641.000000,2642.400000,0.7092
1727956800,2649.000000,2652.000000,2638.100000,2650.100000,26.9461
1727971200,2650.300000,2666.100000,2649.800000,2660.900000,34.2350
1727985600,2659.600000,2659.600000,2652.400000,2652.400000,0.1191
1728000000,2656.700000,2664.200000,2656.200000,2663.500000,0.8907
1728014400,2664.200000,2669.700000,2654.400000,2663.200000,1.0117
1728028800,2662.200000,2665.200000,2654.400000,2663.700000,0.8672
1728043200,2655.500000,2663.600000,2633.900000,2644.700000,3.4863
1728057600,2647.800000,2649.500000,2641.500000,2643.100000,1.1778
1728072000,2650.100000,2654.000000,2647.000000,2650.700000,0.0810
1728086400,2650.700000,2650.700000,2650.700000,2650.700000,0.0000
1728100800,2654.900000,2657.400000,2648.900000,2650.800000,0.4871
1728115200,2654.200000,2657.400000,2648.900000,2655.200000,4.7899
1728129600,2654.400000,2657.800000,2650.600000,2650.600000,1.6498
1728144000,2650.100000,2660.900000,2648.500000,2654.100000,8.3474
1728158400,2650.900000,2658.200000,2649.000000,2649.000000,1.2067
1728172800,2651.000000,2654.000000,2648.900000,2654.000000,2.0186
1728187200,2654.000000,2657.400000,2653.900000,2654.200000,4.6401
1728201600,2654.700000,2657.900000,2649.200000,2650.800000,2.0943
1728216000,2655.500000,2660.900000,2649.000000,2655.300000,0.9053
1728230400,2655.500000,2659.200000,2649.200000,2654.600000,0.9288
1728244800,2650.100000,2657.400000,2647.500000,2647.500000,0.8001
1728259200,2652.900000,2652.900000,2642.700000,2648.000000,2.1483
1728273600,2643.700000,2649.900000,2643.500000,2645.200000,15.8567
1728288000,2650.100000,2658.300000,2650.100000,2656.100000,0.0771
1728302400,2650.100000,2650.600000,2639.300000,2644.900000,0.1082
1728316800,2644.700000,2653.500000,2640.500000,2644.800000,5.8852
1728331200,2643.800000,2644.200000,2639.600000,2641.700000,0.2090
1728345600,2644.700000,2644.800000,2639.300000,2644.400000,0.0402
1728360000,2644.700000,2651.100000,2634.000000,2636.800000,22.9819
1728374400,2633.900000,2648.700000,2633.500000,2647.800000,2.1210
1728388800,2647.500000,2653.800000,2613.200000,2617.100000,5.2720
1728403200,2617.100000,2622.600000,2608.200000,2620.200000,3.6531
1728417600,2620.200000,2622.100000,2618.500000,2621.300000,0.0419
1728432000,2623.300000,2625.500000,2615.800000,2615.800000,0.4690
1728446400,2613.500000,2625.100000,2613.200000,2618.000000,0.6255
1728460800,2613.200000,2623.600000,2611.500000,2623.600000,19.3867
1728475200,2618.400000,2623.400000,2608.200000,2620.800000,5.1724
1728489600,2615.000000,2615.000000,2608.700000,2614.000000,0.0704
1728504000,2612.600000,2613.000000,2607.300000,2613.000000,1.9084
1728518400,2610.700000,2619.000000,2610.400000,2618.700000,15.5732
1728532800,2615.500000,2621.000000,2613.000000,2621.000000,1.0469
1728547200,2617.000000,2623.700000,2613.200000,2613.200000,0.2274
1728561600,2614.500000,2629.700000,2614.400000,2621.200000,2.2973
1728576000,2628.400000,2635.900000,2618.300000,2635.400000,0.8735
1728590400,2635.000000,2636.700000,2635.000000,2636.700000,0.0745
1728604800,2637.200000,2644.800000,2637.200000,2644.800000,0.1515
1728619200,2644.400000,2648.300000,2639.400000,2643.300000,0.6820
1728633600,2645.000000,2645.000000,2635.800000,2640.600000,0.7021
1728648000,2643.500000,2661.400000,2643.500000,2658.400000,0.3940
1728662400,2659.900000,2661.700000,2651.400000,2651.700000,1.2867
1728676800,2652.600000,2657.300000,2652.600000,2657.100000,0.0234
1728691200,2654.700000,2659.400000,2653.900000,2658.400000,2.9790
1728705600,2653.900000,2658.100000,2653.900000,2653.900000,2.2359
1728720000,2658.600000,2659.700000,2654.000000,2655.000000,8.5470
1728734400,2659.800000,2659.800000,2653.900000,2653.900000,1.1670
1728748800,2659.200000,2659.400000,2653.100000,2653.600000,3.1656
1728763200,2659.200000,2661.900000,2659.200000,2659.600000,2.0149
1728777600,2659.500000,2659.500000,2654.300000,2659.200000,0.3161
1728792000,2653.900000,2661.900000,2653.600000,2660.200000,9.3947
1728806400,2660.100000,2661.900000,2653.600000,2653.900000,3.0006
1728820800,2653.900000,2659.800000,2653.900000,2656.400000,0.1936
1728835200,2659.100000,2660.000000,2656.500000,2656.500000,1.6643
1728849600,2659.400000,2659.900000,2648.300000,2652.400000,0.5612
1728864000,2658.600000,2659.300000,2653.800000,2653.800000,0.0840
1728878400,2653.900000,2663.600000,2653.900000,2663.600000,0.0455
1728892800,2663.500000,2663.600000,2654.800000,2654.800000,0.0553
1728907200,2654.800000,2661.400000,2643.000000,2650.200000,4.0558
1728921600,2649.300000,2650.200000,2647.000000,2650.200000,0.2130
1728936000,2650.200000,2655.600000,2647.300000,2652.400000,1.2827
1728950400,2652.500000,2654.800000,2649.900000,2649.900000,0.4444
1728964800,2647.300000,2654.500000,2637.000000,2654.500000,0.4375
1728979200,2655.500000,2657.900000,2645.900000,2650.700000,1.1189
1728993600,2649.300000,2663.500000,2645.700000,2661.100000,2.2167
1729008000,2663.500000,2668.800000,2660.100000,2661.500000,0.3982
1729022400,2661.500000,2665.100000,2658.000000,2658.000000,0.5732
1729036800,2660.800000,2667.300000,2660.800000,2667.300000,0.9396
1729051200,2669.000000,2677.600000,2664.000000,2672.000000,0.6793
1729065600,2672.100000,2682.300000,2672.000000,2677.900000,2.7077
1729080000,2676.500000,2682.000000,2670.500000,2676.200000,0.0756
1729094400,2665.900000,2677.000000,2665.900000,2669.700000,0.0426
1729108800,2670.800000,2676.200000,2669.700000,2676.200000,0.1728
1729123200,2677.000000,2681.600000,2674.900000,2681.600000,0.6439
1729137600,2680.600000,2683.100000,2675.600000,2683.100000,0.0514
1729152000,2684.000000,2690.200000,2675.700000,2687.300000,3.3043
1729166400,2683.000000,2696.900000,2674.300000,2696.900000,1.9606
1729180800,2695.100000,2695.100000,2687.100000,2695.000000,1.0251
1729195200,2694.600000,2696.500000,2689.200000,2696.500000,0.7159
1729209600,2690.000000,2712.400000,2690.000000,2712.400000,0.1184
1729224000,2711.700000,2713.800000,2706.600000,2712.000000,0.7145
1729238400,2709.000000,2714.300000,2704.800000,2706.000000,0.6002
1729252800,2714.800000,2719.700000,2707.500000,2717.500000,0.6899
1729267200,2717.800000,2722.500000,2712.400000,2714.700000,0.8779
1729281600,2717.300000,2724.000000,2716.600000,2724.000000,0.1647
1729296000,2724.000000,2725.600000,2717.400000,2724.200000,0.6998
1729310400,2724.200000,2725.600000,2717.100000,2717.100000,0.0410
1729324800,2724.300000,2725.600000,2717.700000,2719.500000,3.7360
1729339200,2724.500000,2724.500000,2717.100000,2717.800000,0.1292
1729353600,2717.100000,2725.600000,2717.100000,2725.600000,2.4373
1729368000,2724.500000,2725.600000,2718.500000,2718.500000,0.7098
1729382400,2724.800000,2725.900000,2719.000000,2719.000000,2.7077
1729396800,2724.400000,2725.900000,2720.600000,2724.600000,11.7301
1729411200,2720.000000,2725.900000,2719.900000,2720.000000,2.0224
1729425600,2724.500000,2725.900000,2717.400000,2725.000000,1.6013
1729440000,2725.200000,2725.200000,2717.600000,2725.100000,0.9027
1729454400,2725.100000,2727.100000,2720.300000,2727.100000,2.9842
1729468800,2719.700000,2732.400000,2719.600000,2729.000000,4.8596
1729483200,2729.200000,2737.600000,2724.400000,2737.600000,26.3653
1729497600,2737.500000,2745.500000,2728.900000,2739.900000,1.4965
1729512000,2740.100000,2752.500000,2717.400000,2730.800000,4.7987
1729526400,2722.200000,2740.200000,2714.100000,2723.900000,2.0897
1729540800,2724.000000,2730.900000,2718.100000,2725.600000,2.7648
1729555200,2720.300000,2734.900000,2719.600000,2734.600000,16.7185
1729569600,2736.700000,2739.200000,2729.900000,2738.200000,2.4553
1729584000,2738.300000,2748.400000,2728.900000,2744.300000,7.3784
1729598400,2733.200000,2764.600000,2733.200000,2754.200000,7.6071
1729612800,2754.200000,2904.800000,2737.500000,2821.400000,35.2293
1729627200,2819.400000,2824.400000,2749.300000,2756.500000,5.1760
1729641600,2756.600000,2806.800000,2745.000000,2769.100000,2.6330
1729656000,2757.000000,2875.900000,2745.000000,2795.800000,14.8655
1729670400,2797.400000,2891.300000,2752.000000,2762.700000,22.3571
1729684800,2760.800000,2799.900000,2730.000000,2753.300000,10.3500
1729699200,2743.600000,2769.000000,2730.000000,2741.900000,6.1266
1729713600,2741.900000,2795.800000,2730.000000,2734.700000,5.8217
1729728000,2734.700000,2765.600000,2733.700000,2744.800000,3.5738
1729742400,2755.100000,2778.200000,2730.100000,2748.100000,2.2526
1729756800,2738.100000,2822.900000,2738.100000,2779.500000,3.5349
1729771200,2769.500000,2779.800000,2748.700000,2776.900000,1.0406
1729785600,2764.600000,2804.300000,2745.100000,2789.700000,3.4218
1729800000,2789.600000,2795.000000,2749.200000,2760.800000,3.4177
1729814400,2747.800000,2779.500000,2745.100000,2748.100000,4.1229
1729828800,2748.100000,2760.000000,2740.100000,2755.800000,2.8129
1729843200,2749.600000,2764.800000,2736.400000,2750.100000,2.8812
1729857600,2748.000000,2764.900000,2736.400000,2750.900000,1.0605
1729872000,2743.400000,2769.000000,2740.500000,2746.800000,2.4078
1729886400,2749.900000,2827.500000,2747.100000,2781.700000,3.1617
1729900800,2781.700000,2806.500000,2758.100000,2758.100000,13.2421
1729915200,2768.000000,2773.500000,2750.000000,2762.800000,1.4224
1729929600,2754.000000,2761.200000,2744.700000,2749.200000,16.8181
1729944000,2754.200000,2754.800000,2745.800000,2754.500000,1.4184
1729958400,2746.100000,2755.000000,2745.800000,2754.800000,0.2381
1729972800,2754.900000,2755.300000,2748.500000,2755.300000,0.6705
1729987200,2755.000000,2755.100000,2749.100000,2752.100000,1.0705
1730001600,2755.000000,2755.000000,2740.300000,2741.700000,39.5325
1730016000,2741.700000,2741.800000,2735.000000,2741.800000,6.1470
1730030400,2741.800000,2754.800000,2736.300000,2740.000000,1.4963
1730044800,2740.000000,2740.000000,2735.100000,2735.200000,0.9261
1730059200,2740.000000,2740.000000,2734.000000,2737.000000,3.2805
1730073600,2734.200000,2743.400000,2730.900000,2733.600000,35.9718
1730088000,2733.300000,2746.000000,2730.100000,2744.000000,0.3883
1730102400,2743.000000,2743.500000,2730.000000,2739.700000,10.1542
1730116800,2741.700000,2749.600000,2734.300000,2743.400000,0.3717
1730131200,2743.400000,2749.600000,2738.200000,2742.100000,0.8579
1730145600,2742.800000,2747.300000,2738.800000,2743.400000,0.2781
1730160000,2752.100000,2760.600000,2748.000000,2755.400000,0.5011
1730174400,2757.100000,2762.900000,2749.200000,2759.000000,0.4633
1730188800,2757.700000,2759.000000,2745.800000,2753.300000,0.4915
1730203200,2754.200000,2773.100000,2750.000000,2768.200000,2.3723
1730217600,2770.000000,2777.400000,2763.600000,2771.700000,2.5144
1730232000,2774.500000,2779.500000,2769.900000,2769.900000,1.1015
1730246400,2777.900000,2784.500000,2770.100000,2779.200000,37.2106
1730260800,2784.300000,2792.400000,2778.600000,2785.800000,0.5565
1730275200,2779.800000,2789.600000,2778.500000,2779.700000,1.2485
1730289600,2782.400000,2791.800000,2772.900000,2785.400000,1.6285
1730304000,2783.500000,2793.600000,2781.900000,2784.500000,0.7201
1730318400,2784.800000,2790.700000,2784.800000,2788.600000,0.7847
1730332800,2786.900000,2793.000000,2786.800000,2790.000000,3.6473
1730347200,2790.300000,2790.400000,2788.600000,2788.700000,1.8093
1730361600,2788.900000,2798.400000,2778.100000,2778.100000,30.6317
1730376000,2778.200000,2779.900000,2737.000000,2741.900000,61.8746
1730390400,2746.200000,2753.300000,2740.200000,2750.600000,3.3150
1730404800,2751.200000,2753.800000,2748.000000,2752.800000,1.6155
1730419200,2749.700000,2756.900000,2746.200000,2756.900000,0.9273
1730433600,2756.700000,2760.100000,2749.200000,2753.800000,0.6081
1730448000,2750.000000,2750.000000,2749.200000,2749.800000,4.1058
1730462400,2749.800000,2766.800000,2740.600000,2746.500000,5.9284
1730476800,2741.800000,2749.700000,2731.200000,2734.200000,0.8362
1730491200,2735.700000,2742.200000,2733.600000,2736.800000,1.1859
1730505600,2742.100000,2742.100000,2739.700000,2739.700000,0.1489
1730520000,2739.700000,2740.000000,2733.400000,2733.700000,0.5047
1730534400,2738.200000,2741.900000,2735.400000,2740.100000,3.1289
1730548800,2737.200000,2741.700000,2734.000000,2740.300000,2.9531
1730563200,2736.300000,2741.400000,2734.100000,2735.800000,0.4310
1730577600,2739.900000,2741.700000,2735.000000,2741.700000,6.7473
1730592000,2740.500000,2741.500000,2735.000000,2735.000000,1.7609
1730606400,2738.500000,2741.700000,2735.600000,2740.000000,0.7044
1730620800,2740.100000,2741.700000,2735.600000,2735.600000,0.9161
1730635200,2739.100000,2742.500000,2735.300000,2738.900000,2.1459
1730649600,2740.000000,2750.100000,2735.900000,2740.200000,1.2720
1730664000,2739.900000,2744.300000,2735.000000,2744.300000,2.1821
1730678400,2742.100000,2747.000000,2738.700000,2746.500000,0.4802
1730692800,2745.300000,2747.400000,2735.700000,2738.900000,2.6329
1730707200,2738.600000,2750.000000,2736.300000,2745.000000,3.5059
1730721600,2745.000000,2752.000000,2741.600000,2745.400000,0.2801
1730736000,2739.700000,2744.300000,2735.000000,2739.900000,3.3530
1730750400,2738.300000,2743.200000,2736.800000,2739.100000,0.7016
1730764800,2739.100000,2739.100000,2730.900000,2732.300000,1.6705
1730779200,2740.400000,2743.200000,2734.800000,2736.100000,0.4080
1730793600,2739.400000,2747.800000,2737.800000,2742.100000,0.5831
1730808000,2742.000000,2752.400000,2735.700000,2744.200000,2.6087
1730822400,2745.200000,2747.400000,2736.500000,2739.900000,0.4037
1730836800,2743.500000,2747.800000,2741.200000,2747.800000,0.3109
1730851200,2747.800000,2751.700000,2731.700000,2736.900000,4.9836
1730865600,2738.000000,2744.400000,2707.200000,2728.200000,15.1095
1730880000,2726.900000,2734.700000,2705.500000,2705.600000,3.3960
1730894400,2705.700000,2710.100000,2660.000000,2677.000000,30.9645
1730908800,2669.700000,2672.400000,2661.100000,2664.600000,17.5344
1730923200,2662.500000,2666.200000,2655.100000,2662.800000,5.1760
1730937600,2662.600000,2667.800000,2654.300000,2660.900000,14.5858
1730952000,2662.000000,2680.000000,2652.400000,2660.400000,58.6515
1730966400,2660.400000,2668.400000,2656.700000,2666.500000,13.6509
1730980800,2668.400000,2702.100000,2664.700000,2700.300000,9.3586
1730995200,2700.600000,2700.800000,2691.900000,2695.100000,18.3264
1731009600,2694.200000,2710.000000,2694.000000,2708.400000,3.6341
1731024000,2708.400000,2710.000000,2691.400000,2691.400000,2.2437
1731038400,2696.500000,2696.700000,2691.300000,2691.600000,0.3167
1731052800,2691.300000,2696.000000,2681.400000,2695.000000,4.9723
1731067200,2693.500000,2703.700000,2685.900000,2689.700000,9.1785
1731081600,2688.500000,2690.600000,2678.900000,2687.500000,2.7770
1731096000,2688.100000,2698.600000,2678.200000,2685.600000,0.8423
1731110400,2683.500000,2686.600000,2682.700000,2686.600000,0.5109
1731124800,2686.600000,2686.600000,2678.400000,2686.500000,0.4788
1731139200,2678.800000,2686.900000,2678.800000,2683.700000,0.4516
1731153600,2681.800000,2685.800000,2654.900000,2677.900000,58.7935
1731168000,2677.900000,2685.900000,2660.200000,2685.900000,3.9448
1731182400,2676.100000,2686.000000,2672.400000,2683.300000,3.2567
1731196800,2684.100000,2687.200000,2668.100000,2684.600000,2.3260
1731211200,2676.300000,2687.200000,2664.600000,2676.500000,1.5209
1731225600,2676.500000,2687.200000,2669.300000,2682.700000,7.4720
1731240000,2682.100000,2686.600000,2672.600000,2682.200000,16.5185
1731254400,2684.900000,2685.900000,2673.700000,2684.900000,11.0005
1731268800,2685.900000,2686.000000,2676.000000,2683.800000,0.6575
1731283200,2685.300000,2685.300000,2665.600000,2668.700000,1.0683
1731297600,2668.100000,2674.600000,2666.100000,2671.200000,0.7302
1731312000,2666.300000,2673.400000,2660.000000,2660.000000,1.1627
1731326400,2663.100000,2663.100000,2610.000000,2613.900000,10.0001
1731340800,2610.800000,2619.700000,2609.000000,2617.600000,19.6910
1731355200,2615.800000,2624.800000,2615.800000,2619.600000,1.1965
1731369600,2621.800000,2624.800000,2615.200000,2616.000000,0.6816
1731384000,2618.800000,2618.800000,2597.300000,2598.400000,28.1346
1731398400,2599.700000,2605.800000,2587.500000,2592.300000,8.6555
1731412800,2601.700000,2619.300000,2595.800000,2603.700000,8.5124
1731427200,2596.900000,2601.300000,2586.800000,2597.500000,1.8242
1731441600,2597.600000,2602.400000,2591.200000,2602.400000,1.6301
1731456000,2596.500000,2611.500000,2592.900000,2610.100000,0.9338
1731470400,2607.900000,2610.000000,2599.400000,2606.500000,55.4446
1731484800,2605.200000,2611.700000,2598.800000,2606.200000,3.3294
1731499200,2609.200000,2616.100000,2594.500000,2603.200000,3.5705
1731513600,2603.200000,2618.700000,2576.100000,2591.600000,13.9295
1731528000,2580.700000,2600.600000,2575.200000,2585.500000,12.8086
1731542400,2575.300000,2584.500000,2565.100000,2575.200000,0.9982
1731556800,2575.400000,2578.100000,2560.000000,2569.500000,2.7375
1731571200,2569.100000,2573.700000,2548.600000,2568.500000,2.8606
1731585600,2567.600000,2583.600000,2553.700000,2583.600000,5.4210
1731600000,2573.000000,2584.500000,2564.500000,2576.200000,5.7478
1731614400,2578.600000,2578.600000,2566.200000,2575.200000,0.1983
1731628800,2579.000000,2579.100000,2565.900000,2579.100000,0.5309
1731643200,2574.000000,2580.100000,2562.900000,2577.200000,1.0174
1731657600,2577.900000,2581.100000,2566.400000,2571.800000,0.9105
1731672000,2577.800000,2581.100000,2568.100000,2576.500000,1.5233
1731686400,2572.300000,2577.900000,2560.000000,2568.800000,0.6598
1731700800,2567.900000,2569.000000,2560.500000,2567.900000,1.2750
1731715200,2568.000000,2571.400000,2561.400000,2567.700000,0.6316
1731729600,2567.700000,2577.500000,2562.000000,2568.100000,0.4106
1731744000,2566.100000,2568.000000,2564.800000,2568.000000,0.4545
1731758400,2568.000000,2568.000000,2557.000000,2567.900000,2.7394
1731772800,2563.300000,2568.000000,2562.200000,2563.400000,0.4491
1731787200,2563.100000,2567.300000,2561.800000,2563.100000,0.5145
1731801600,2563.100000,2567.900000,2562.600000,2565.100000,0.8176
1731816000,2566.400000,2568.000000,2565.700000,2567.200000,1.4062
1731830400,2567.000000,2568.000000,2563.100000,2563.900000,0.1586
1731844800,2563.500000,2567.100000,2562.400000,2566.800000,0.1595
1731859200,2566.500000,2568.000000,2565.200000,2567.300000,2.1926
1731873600,2568.000000,2580.000000,2563.600000,2580.000000,6.3220
1731888000,2579.900000,2602.700000,2578.500000,2596.600000,4.8076
1731902400,2590.000000,2598.700000,2586.300000,2590.800000,6.4331
1731916800,2590.800000,2609.100000,2586.300000,2604.000000,2.0330
1731931200,2601.800000,2618.600000,2593.100000,2618.600000,1.9278
1731945600,2618.600000,2621.400000,2605.100000,2608.800000,2.9519
1731960000,2614.100000,2615.800000,2609.000000,2615.500000,6.0427
1731974400,2615.900000,2626.100000,2613.900000,2626.100000,0.3417
1731988800,2626.200000,2636.900000,2621.000000,2628.600000,2.5270
1732003200,2631.600000,2647.100000,2625.100000,2640.800000,2.4150
1732017600,2640.700000,2653.600000,2626.300000,2626.300000,23.0427
1732032000,2638.000000,2641.300000,2626.300000,2630.900000,23.3632
1732046400,2627.500000,2641.700000,2627.500000,2632.000000,0.9686
1732060800,2641.800000,2645.500000,2637.400000,2639.200000,0.4054
1732075200,2638.700000,2650.000000,2632.700000,2632.700000,1.8827
1732089600,2632.700000,2637.600000,2623.700000,2626.500000,0.2270
1732104000,2632.500000,2650.900000,2630.000000,2650.900000,5.3047
1732118400,2646.700000,2666.000000,2642.700000,2651.900000,3.7685
1732132800,2650.500000,2656.500000,2645.000000,2656.500000,0.5401
1732147200,2651.300000,2658.800000,2651.300000,2655.900000,1.2887
1732161600,2659.400000,2670.000000,2655.900000,2661.300000,5.2712
1732176000,2662.700000,2678.900000,2661.000000,2671.300000,2.6896
1732190400,2673.300000,2678.200000,2663.800000,2670.800000,6.1047
1732204800,2669.400000,2676.100000,2665.400000,2672.300000,9.7719
1732219200,2669.400000,2674.600000,2659.100000,2669.800000,1.5954
1732233600,2670.000000,2689.500000,2670.000000,2683.200000,0.6434
1732248000,2687.400000,2702.500000,2682.800000,2692.200000,2.3328
1732262400,2697.700000,2710.500000,2691.000000,2701.700000,1.4394
1732276800,2697.500000,2721.400000,2690.900000,2711.600000,36.0640
1732291200,2710.800000,2725.200000,2704.000000,2710.500000,7.5370
1732305600,2711.000000,2720.800000,2703.700000,2711.900000,0.6955
1732320000,2712.600000,2719.000000,2712.600000,2713.800000,0.3027
1732334400,2715.900000,2717.300000,2712.800000,2717.000000,2.5010
1732348800,2716.900000,2717.300000,2713.400000,2717.300000,1.5468
1732363200,2717.300000,2719.800000,2716.000000,2716.100000,22.7501
1732377600,2716.200000,2725.900000,2716.000000,2720.900000,4.9717
1732392000,2717.200000,2726.500000,2715.000000,2715.500000,31.0487
1732406400,2718.900000,2726.800000,2715.000000,2716.600000,0.2942
1732420800,2716.600000,2731.200000,2715.000000,2725.900000,4.3337
1732435200,2725.900000,2725.900000,2711.100000,2716.000000,4.8180
1732449600,2728.700000,2746.200000,2715.000000,2717.000000,12.8016
1732464000,2716.000000,2728.600000,2715.000000,2724.600000,13.2000
1732478400,2724.300000,2731.200000,2713.800000,2731.200000,13.8846
1732492800,2720.200000,2720.200000,2679.600000,2679.600000,1.3878
1732507200,2679.900000,2679.900000,2666.800000,2673.000000,0.6381
1732521600,2675.300000,2699.600000,2670.300000,2689.000000,8.6059
1732536000,2695.200000,2695.200000,2631.300000,2643.200000,5.7063
1732550400,2647.600000,2648.000000,2624.000000,2638.000000,2.7673
1732564800,2636.900000,2641.800000,2621.000000,2624.100000,2.9056
1732579200,2620.000000,2643.900000,2619.900000,2643.200000,2.3634
1732593600,2643.300000,2643.300000,2623.900000,2628.300000,0.7539
1732608000,2630.000000,2647.700000,2622.500000,2633.900000,6.1821
1732622400,2646.300000,2651.700000,2627.900000,2634.500000,1.6870
1732636800,2631.300000,2666.800000,2631.300000,2647.900000,1.7879
1732651200,2641.300000,2653.300000,2635.500000,2636.100000,1.6249
1732665600,2636.100000,2654.100000,2635.800000,2650.600000,0.5105
1732680000,2654.900000,2666.800000,2645.900000,2649.500000,0.4743
1732694400,2660.500000,2665.100000,2647.100000,2651.600000,2.8300
1732708800,2661.300000,2663.100000,2642.700000,2646.900000,1.2050
1732723200,2660.900000,2660.900000,2640.700000,2652.800000,1.5567
1732737600,2654.300000,2658.300000,2640.400000,2653.700000,2.5032
1732752000,2656.300000,2656.300000,2632.400000,2636.900000,1.2265
1732766400,2635.000000,2655.400000,2632.200000,2640.000000,0.9009
1732780800,2651.000000,2657.200000,2640.800000,2647.500000,5.6664
1732795200,2656.900000,2656.900000,2635.900000,2635.900000,2.8539
1732809600,2643.100000,2655.800000,2643.000000,2643.000000,0.2233
1732824000,2652.400000,2653.200000,2643.000000,2644.000000,0.2239
1732838400,2644.000000,2666.400000,2643.000000,2666.400000,4.3517
1732852800,2661.800000,2678.600000,2661.800000,2666.100000,1.1185
1732867200,2674.600000,2675.600000,2659.300000,2670.900000,0.3393
1732881600,2670.900000,2678.800000,2655.800000,2673.000000,1.3412
1732896000,2673.000000,2679.500000,2655.000000,2666.600000,0.6098
1732910400,2655.100000,2664.800000,2655.000000,2655.000000,1.1222
1732924800,2656.000000,2663.200000,2655.600000,2663.200000,0.3878
1732939200,2663.100000,2663.700000,2655.000000,2658.000000,1.4890
1732953600,2658.400000,2658.600000,2645.600000,2649.000000,12.4446
1732968000,2650.500000,2662.100000,2648.600000,2649.600000,0.6321
1732982400,2650.300000,2663.100000,2648.700000,2659.600000,7.1901
1732996800,2650.500000,2662.900000,2649.800000,2650.900000,6.0129
1733011200,2649.400000,2662.700000,2649.400000,2662.600000,1.9574
1733025600,2663.200000,2663.900000,2651.900000,2662.600000,0.6246
1733040000,2659.900000,2662.600000,2648.400000,2659.500000,1.0489
1733054400,2650.300000,2662.500000,2647.300000,2662.000000,0.5295
1733068800,2650.900000,2661.800000,2647.000000,2650.500000,1.0811
1733083200,2649.000000,2662.300000,2647.000000,2653.200000,1.5657
1733097600,2649.500000,2652.300000,2633.500000,2633.500000,1.5848
1733112000,2633.500000,2638.200000,2624.800000,2631.000000,2.2293
1733126400,2639.600000,2651.000000,2632.700000,2642.500000,2.4769
1733140800,2642.000000,2653.800000,2642.000000,2647.900000,2.7176
1733155200,2646.400000,2651.300000,2636.000000,2639.700000,0.5981
1733169600,2637.000000,2645.800000,2636.200000,2645.000000,0.5529
1733184000,2645.000000,2645.000000,2637.300000,2639.900000,0.5268
1733198400,2644.100000,2652.400000,2638.800000,2648.800000,1.5296
1733212800,2651.400000,2655.200000,2643.600000,2651.800000,0.6550
1733227200,2647.500000,2657.300000,2639.400000,2642.700000,3.5193
1733241600,2644.600000,2652.400000,2638.800000,2642.200000,0.4687
1733256000,2644.900000,2650.100000,2639.500000,2643.300000,0.8144
1733270400,2646.600000,2649.200000,2639.200000,2649.200000,0.1101
1733284800,2643.100000,2654.000000,2643.100000,2643.100000,0.6418
1733299200,2643.100000,2650.600000,2641.700000,2646.500000,0.9457
1733313600,2649.100000,2661.800000,2638.300000,2661.800000,0.7470
1733328000,2660.800000,2661.900000,2649.400000,2661.900000,0.4926
1733342400,2655.100000,2655.200000,2646.500000,2654.800000,1.5316
1733356800,2653.700000,2654.900000,2646.900000,2652.900000,0.3003
1733371200,2652.900000,2659.100000,2643.700000,2653.600000,1.5126
1733385600,2653.200000,2654.700000,2643.100000,2654.200000,3.0010
1733400000,2654.900000,2658.300000,2634.300000,2643.000000,2.3198
1733414400,2644.400000,2648.300000,2630.000000,2631.900000,21.7398
1733428800,2634.800000,2637.300000,2625.300000,2634.000000,1.0047
1733443200,2630.400000,2643.000000,2624.300000,2643.000000,9.9046
1733457600,2644.100000,2648.500000,2635.300000,2642.100000,0.7792
1733472000,2643.400000,2648.500000,2636.800000,2639.500000,0.9030
1733486400,2643.400000,2644.200000,2630.400000,2636.800000,5.4052
1733500800,2639.800000,2640.500000,2632.000000,2637.300000,1.0572
1733515200,2631.700000,2639.400000,2628.400000,2628.400000,6.1131
1733529600,2629.800000,2635.800000,2629.800000,2635.800000,0.0728
1733544000,2635.900000,2643.600000,2635.400000,2641.800000,51.2052
1733558400,2635.700000,2643.900000,2633.500000,2641.100000,1.5501
1733572800,2636.100000,2642.600000,2630.800000,2639.600000,0.9190
1733587200,2640.400000,2642.500000,2631.200000,2632.500000,1.3136
1733601600,2638.400000,2641.200000,2631.700000,2631.700000,0.2046
1733616000,2642.000000,2642.100000,2631.400000,2633.100000,0.3911
1733630400,2638.900000,2641.500000,2631.700000,2641.200000,0.1040
1733644800,2641.700000,2645.300000,2632.100000,2632.100000,0.6896
1733659200,2631.500000,2645.600000,2631.400000,2644.200000,0.5199
1733673600,2637.400000,2647.000000,2634.900000,2643.700000,1.5260
1733688000,2639.800000,2650.100000,2638.800000,2644.600000,0.5481
1733702400,2640.900000,2655.200000,2640.900000,2652.700000,0.5328
1733716800,2644.200000,2662.600000,2641.000000,2660.600000,0.5530
1733731200,2657.900000,2667.400000,2650.600000,2661.100000,1.0815
1733745600,2665.000000,2678.400000,2654.200000,2672.800000,0.8547
1733760000,2671.500000,2681.400000,2660.000000,2660.000000,4.5731
1733774400,2669.000000,2696.900000,2653.000000,2661.500000,24.3384
1733788800,2662.900000,2674.400000,2658.900000,2670.400000,1.0928
1733803200,2673.100000,2678.700000,2666.700000,2667.500000,2.5758
1733817600,2667.800000,2677.700000,2660.600000,2673.400000,1.2756
1733832000,2674.300000,2693.800000,2673.500000,2692.400000,1.0418
1733846400,2694.600000,2706.600000,2691.900000,2697.100000,22.4471
1733860800,2700.000000,2703.500000,2693.000000,2699.300000,2.2547
1733875200,2697.400000,2708.200000,2695.900000,2699.800000,1.3381
1733889600,2694.000000,2703.000000,2680.800000,2695.900000,2.3736
1733904000,2695.900000,2707.400000,2695.700000,2706.700000,1.5815
1733918400,2705.400000,2721.500000,2697.300000,2720.700000,5.0224
1733932800,2719.400000,2724.100000,2713.200000,2717.900000,1.1509
1733947200,2718.000000,2723.600000,2715.000000,2723.500000,0.8532
1733961600,2720.900000,2726.600000,2708.200000,2714.100000,0.3653
1733976000,2710.700000,2726.400000,2710.500000,2726.100000,4.3023
1733990400,2726.300000,2729.200000,2713.900000,2722.300000,42.3324
1734004800,2723.600000,2728.700000,2702.000000,2706.200000,0.6028
1734019200,2706.300000,2721.100000,2700.800000,2703.300000,0.6581
1734033600,2697.800000,2709.900000,2695.100000,2704.200000,0.2364
1734048000,2705.200000,2716.200000,2687.000000,2691.600000,6.0595
1734062400,2690.300000,2702.100000,2686.800000,2688.100000,0.5079
1734076800,2697.000000,2697.000000,2670.000000,2680.800000,1.3243
1734091200,2678.100000,2682.100000,2670.500000,2670.500000,1.5098
1734105600,2670.000000,2678.400000,2667.000000,2667.100000,1.2253
1734120000,2672.700000,2673.300000,2665.000000,2667.400000,1.3690
1734134400,2667.400000,2667.400000,2665.000000,2667.400000,0.2751
1734148800,2669.800000,2669.800000,2665.100000,2665.100000,0.2337
1734163200,2665.100000,2667.500000,2653.900000,2661.400000,0.8453
1734177600,2662.300000,2665.600000,2653.900000,2664.500000,0.6549
1734192000,2667.200000,2678.700000,2658.700000,2663.500000,0.9300
1734206400,2664.600000,2676.200000,2649.200000,2676.200000,4.3803
1734220800,2676.200000,2676.200000,2660.600000,2671.000000,4.6907
1734235200,2672.700000,2672.700000,2659.100000,2665.400000,0.4315
1734249600,2669.500000,2676.400000,2658.700000,2661.700000,1.0992
1734264000,2671.500000,2672.800000,2652.100000,2662.100000,1.7657
1734278400,2669.800000,2669.800000,2649.800000,2666.500000,0.9516
1734292800,2656.300000,2669.400000,2649.000000,2663.700000,0.7123
1734307200,2657.800000,2673.100000,2657.800000,2658.700000,0.6968
1734321600,2667.200000,2678.700000,2662.000000,2673.700000,1.6857
1734336000,2676.600000,2676.700000,2662.000000,2670.400000,0.9554
1734350400,2672.700000,2683.000000,2659.300000,2662.200000,1.5050
1734364800,2662.200000,2672.800000,2653.900000,2660.800000,2.6331
1734379200,2665.300000,2667.100000,2657.000000,2660.300000,0.2695
1734393600,2659.400000,2662.300000,2658.900000,2659.500000,0.6533
1734408000,2658.600000,2667.400000,2658.600000,2667.400000,0.4675
1734422400,2663.500000,2668.500000,2658.300000,2666.400000,0.4430
1734436800,2663.700000,2665.300000,2654.600000,2655.100000,6.4225
1734451200,2657.300000,2664.100000,2650.300000,2650.900000,0.7949
1734465600,2650.900000,2661.800000,2650.900000,2654.000000,0.1560
1734480000,2658.400000,2663.900000,2655.300000,2661.500000,0.1793
1734494400,2659.900000,2663.400000,2645.700000,2649.900000,9.4873
1734508800,2650.400000,2666.100000,2650.400000,2664.400000,1.2022
1734523200,2664.400000,2664.400000,2643.200000,2651.800000,23.9046
1734537600,2653.700000,2653.700000,2635.000000,2635.000000,3.4033
1734552000,2635.000000,2638.000000,2610.200000,2611.000000,23.5293
1734566400,2616.200000,2628.600000,2611.100000,2628.500000,0.4429
1734580800,2628.000000,2628.600000,2613.900000,2625.900000,3.8711
1734595200,2625.700000,2645.600000,2621.800000,2636.400000,1.0711
1734609600,2634.000000,2660.500000,2602.200000,2609.500000,2.7769
1734624000,2610.000000,2616.300000,2602.300000,2613.600000,1.3313
1734638400,2617.300000,2646.900000,2600.100000,2604.000000,1.9659
1734652800,2604.000000,2614.100000,2604.000000,2610.500000,0.2036
1734667200,2604.500000,2627.700000,2604.500000,2615.500000,0.0515
1734681600,2627.600000,2641.300000,2607.900000,2625.600000,6.3997
1734696000,2624.100000,2644.900000,2607.100000,2635.900000,2.4011
1734710400,2637.000000,2645.300000,2632.100000,2632.500000,0.9319
1734724800,2639.900000,2642.800000,2632.000000,2634.000000,3.0065
1734739200,2632.500000,2637.300000,2624.600000,2632.400000,0.3800
1734753600,2631.800000,2637.100000,2628.400000,2634.000000,0.0516
1734768000,2634.200000,2636.100000,2630.000000,2632.900000,0.1510
1734782400,2630.200000,2638.000000,2624.500000,2624.500000,0.4764
1734796800,2631.200000,2636.400000,2624.900000,2631.000000,0.3156
1734811200,2636.400000,2636.400000,2624.900000,2633.500000,0.2663
1734825600,2626.600000,2636.500000,2625.400000,2629.300000,0.0377
1734840000,2631.800000,2637.500000,2627.900000,2637.400000,0.3892
1734854400,2634.100000,2638.800000,2628.500000,2638.500000,0.2551
1734868800,2637.900000,2647.100000,2629.600000,2629.800000,0.7657
1734883200,2629.800000,2638.000000,2627.600000,2627.600000,0.1735
1734897600,2627.700000,2635.700000,2625.800000,2634.200000,0.0590
1734912000,2637.000000,2638.000000,2630.300000,2631.800000,0.1412
1734926400,2640.300000,2648.600000,2637.500000,2646.800000,1.0044
1734940800,2638.000000,2644.900000,2625.500000,2636.000000,1.0270
1734955200,2633.800000,2636.900000,2621.000000,2626.900000,0.6836
1734969600,2626.500000,2632.700000,2615.500000,2620.100000,0.1846
1734984000,2627.500000,2634.000000,2624.900000,2629.700000,0.9803
1734998400,2631.100000,2634.600000,2623.400000,2634.600000,0.0369
1735012800,2636.000000,2636.200000,2622.800000,2635.000000,0.3389
1735027200,2632.400000,2634.300000,2626.900000,2627.000000,0.4871
1735041600,2627.000000,2633.500000,2611.300000,2616.200000,77.4325
1735056000,2613.900000,2633.500000,2613.900000,2617.500000,1.1445
1735070400,2620.900000,2624.500000,2618.000000,2624.500000,0.7450
1735084800,2624.100000,2624.700000,2623.500000,2623.800000,0.7033
1735099200,2623.800000,2624.600000,2621.000000,2624.500000,0.3815
1735113600,2621.300000,2625.000000,2617.700000,2623.200000,0.5391
1735128000,2624.500000,2626.900000,2618.700000,2626.700000,0.5520
1735142400,2624.600000,2625.100000,2620.300000,2625.000000,0.6865
1735156800,2625.000000,2627.200000,2622.100000,2626.300000,0.6100
1735171200,2626.600000,2633.900000,2624.700000,2630.300000,77.8645
1735185600,2628.100000,2632.400000,2618.300000,2624.600000,117.3106
1735200000,2623.900000,2634.900000,2622.800000,2632.000000,115.6213
1735214400,2629.400000,2641.400000,2625.800000,2638.400000,0.2384
1735228800,2635.100000,2638.800000,2630.400000,2637.300000,0.7060
1735243200,2639.500000,2640.700000,2635.300000,2635.300000,0.5960
1735257600,2637.300000,2639.600000,2636.400000,2637.300000,0.0751
1735272000,2636.600000,2642.000000,2635.200000,2642.000000,4.1486
1735286400,2639.600000,2641.900000,2625.800000,2630.200000,8.5497
1735300800,2631.200000,2631.600000,2617.700000,2625.400000,0.6262
1735315200,2620.200000,2626.000000,2620.200000,2626.000000,0.1934
1735329600,2617.000000,2625.200000,2615.400000,2625.200000,0.6280
1735344000,2625.100000,2627.700000,2625.000000,2625.000000,0.0100
1735358400,2624.100000,2627.800000,2623.800000,2624.900000,0.4097
1735372800,2625.600000,2628.200000,2624.500000,2624.500000,0.4393
1735387200,2627.900000,2631.200000,2622.700000,2628.300000,0.4282
1735401600,2628.100000,2628.800000,2624.700000,2626.400000,0.3759
1735416000,2628.600000,2628.600000,2625.000000,2626.600000,0.2416
1735430400,2626.400000,2630.900000,2626.400000,2630.900000,0.0057
1735444800,2628.000000,2628.800000,2625.100000,2627.500000,0.7290
1735459200,2624.900000,2628.200000,2624.300000,2627.300000,0.6233
1735473600,2625.500000,2628.100000,2619.300000,2625.000000,1.0434
1735488000,2621.700000,2632.400000,2621.700000,2629.400000,17.1750
1735502400,2625.500000,2631.700000,2625.100000,2628.700000,0.4650
1735516800,2631.100000,2632.900000,2628.400000,2629.600000,0.8575
1735531200,2631.600000,2632.000000,2621.800000,2624.300000,2.1909
1735545600,2622.900000,2624.600000,2615.600000,2624.600000,1.5476
1735560000,2624.600000,2626.800000,2600.900000,2610.800000,8.5962
1735574400,2608.800000,2613.200000,2603.300000,2613.200000,0.7935
1735588800,2614.800000,2614.800000,2608.200000,2611.600000,0.1531
1735603200,2609.400000,2617.900000,2609.400000,2610.200000,0.0360
1735617600,2611.900000,2615.700000,2608.800000,2615.700000,3.7696
1735632000,2615.800000,2623.900000,2613.000000,2613.400000,0.2817
1735646400,2611.000000,2626.700000,2606.200000,2624.400000,11.0902
1735660800,2624.800000,2632.500000,2622.000000,2623.900000,4.1376
1735675200,2625.200000,2630.000000,2623.500000,2626.100000,0.3379
1735689600,2626.600000,2631.700000,2622.200000,2626.000000,3.2758
1735704000,2625.600000,2625.900000,2624.300000,2624.700000,0.2717
1735718400,2624.800000,2632.100000,2619.400000,2625.400000,11.1917
1735732800,2624.900000,2630.100000,2616.600000,2626.100000,2.1210
1735747200,2626.200000,2629.900000,2625.800000,2629.500000,0.0565
1735761600,2626.400000,2627.800000,2625.200000,2627.800000,0.0690
1735776000,2630.200000,2638.000000,2630.200000,2637.600000,0.0581
1735790400,2636.500000,2638.000000,2630.900000,2635.800000,0.3099
1735804800,2633.800000,2642.300000,2632.400000,2641.900000,1.0750
1735819200,2640.100000,2649.200000,2632.500000,2646.500000,0.4484
1735833600,2643.500000,2652.700000,2638.400000,2645.500000,0.7657
1735848000,2644.200000,2657.300000,2644.200000,2657.300000,0.2169
1735862400,2650.900000,2654.600000,2646.600000,2650.800000,0.2042
1735876800,2652.200000,2659.500000,2649.100000,2649.100000,0.4915
1735891200,2649.100000,2652.600000,2644.200000,2652.600000,0.2474
1735905600,2654.500000,2656.000000,2638.000000,2643.500000,0.7152
1735920000,2643.700000,2643.700000,2634.600000,2635.400000,0.1323
1735934400,2634.100000,2640.300000,2631.900000,2635.300000,0.1369
1735948800,2635.300000,2641.100000,2635.300000,2641.100000,0.0086
1735963200,2635.300000,2643.000000,2635.300000,2643.000000,0.0970
1735977600,2639.600000,2640.500000,2635.300000,2640.500000,0.0617
1735992000,2635.300000,2640.400000,2635.300000,2636.800000,4.6597
1736006400,2636.700000,2640.000000,2635.200000,2639.100000,0.4199
1736020800,2638.900000,2640.000000,2635.300000,2639.800000,0.5330
1736035200,2639.100000,2640.000000,2635.300000,2639.400000,0.1027
1736049600,2635.400000,2640.900000,2635.400000,2639.900000,0.0773
1736064000,2635.500000,2640.700000,2635.500000,2640.300000,0.0729
1736078400,2640.300000,2641.000000,2636.800000,2639.500000,0.7962
1736092800,2636.900000,2639.800000,2633.500000,2634.200000,1.0519
1736107200,2634.200000,2640.500000,2633.900000,2638.400000,0.2273
1736121600,2638.000000,2639.200000,2636.700000,2637.300000,0.1272
1736136000,2637.100000,2637.100000,2624.500000,2624.500000,0.1839
1736150400,2625.700000,2644.100000,2625.700000,2644.100000,0.0226
1736164800,2643.500000,2644.900000,2620.000000,2634.100000,0.3117
1736179200,2635.300000,2640.500000,2631.900000,2636.800000,0.1885
1736193600,2635.700000,2637.300000,2630.100000,2630.500000,0.6326
1736208000,2635.400000,2637.600000,2633.800000,2635.400000,0.1003
1736222400,2636.500000,2640.400000,2636.500000,2637.600000,0.0511
1736236800,2641.600000,2645.000000,2638.000000,2645.000000,2.2759
1736251200,2645.000000,2660.500000,2642.300000,2646.300000,3.4830
1736265600,2646.200000,2653.900000,2644.700000,2646.800000,49.0007
1736280000,2647.000000,2651.300000,2637.000000,2645.800000,34.0748
1736294400,2645.700000,2648.800000,2634.200000,2634.200000,11.4378
1736308800,2645.700000,2650.200000,2635.500000,2637.500000,0.4917
1736323200,2637.000000,2647.800000,2626.600000,2629.500000,7.7764
1736337600,2628.200000,2661.000000,2626.200000,2646.400000,3.2056
1736352000,2645.700000,2647.800000,2629.600000,2635.800000,4.4618
1736366400,2630.900000,2641.000000,2629.900000,2641.000000,1.2399
1736380800,2644.000000,2644.000000,2626.400000,2629.700000,1.5494
1736395200,2628.500000,2634.000000,2617.500000,2621.500000,0.3639
1736409600,2617.600000,2662.000000,2617.600000,2651.500000,2.3210
1736424000,2651.500000,2651.500000,2638.500000,2638.500000,0.6969
1736438400,2650.500000,2662.100000,2644.400000,2662.100000,0.5998
1736452800,2641.300000,2662.400000,2628.600000,2662.400000,20.3958
1736467200,2657.100000,2657.100000,2639.200000,2640.200000,0.1647
1736481600,2650.100000,2657.100000,2638.000000,2650.600000,0.0828
1736496000,2657.100000,2667.700000,2650.200000,2650.400000,0.6199
1736510400,2669.800000,2682.900000,2633.200000,2681.900000,5.4506
1736524800,2671.800000,2681.800000,2661.300000,2676.700000,0.8905
1736539200,2676.700000,2676.900000,2653.400000,2654.700000,7.8400
1736553600,2664.600000,2671.600000,2664.600000,2671.600000,2.2434
1736568000,2660.800000,2671.600000,2660.800000,2671.600000,0.6996
1736582400,2659.800000,2676.000000,2658.900000,2661.500000,1.4381
1736596800,2662.800000,2676.500000,2661.600000,2664.700000,0.1401
1736611200,2666.000000,2676.900000,2653.500000,2655.500000,0.2508
1736625600,2662.100000,2676.900000,2658.800000,2660.000000,0.3340
1736640000,2659.900000,2666.300000,2653.100000,2653.100000,0.0229
1736654400,2663.000000,2670.600000,2653.100000,2658.400000,0.1848
1736668800,2659.800000,2671.200000,2655.300000,2667.600000,0.3975
1736683200,2667.600000,2675.200000,2655.700000,2672.400000,2.1663
1736697600,2662.000000,2672.500000,2661.000000,2665.100000,0.1088
1736712000,2671.800000,2672.100000,2659.900000,2672.100000,0.8159
1736726400,2672.100000,2672.100000,2662.400000,2662.700000,0.0413
1736740800,2664.400000,2671.600000,2655.200000,2665.500000,0.5190
1736755200,2667.000000,2667.200000,2634.900000,2639.800000,2.5888
1736769600,2639.900000,2639.900000,2621.300000,2633.300000,0.9234
1736784000,2636.700000,2648.900000,2623.000000,2623.000000,0.3785
1736798400,2628.200000,2645.200000,2628.200000,2645.200000,11.6576
1736812800,2639.900000,2641.500000,2630.300000,2641.500000,0.0706
1736827200,2632.600000,2644.500000,2630.000000,2630.300000,8.2582
1736841600,2630.300000,2633.300000,2616.100000,2633.300000,1.3510
1736856000,2633.300000,2645.200000,2626.800000,2634.900000,0.1307
1736870400,2647.200000,2662.000000,2628.000000,2628.000000,0.3409
1736884800,2638.400000,2657.800000,2629.600000,2638.400000,31.2224
1736899200,2638.300000,2638.500000,2638.100000,2638.500000,1.2165
1736913600,2647.300000,2660.200000,2630.000000,2635.900000,11.7716
1736928000,2638.200000,2638.300000,2629.800000,2637.300000,1.8454
1736942400,2638.300000,2647.300000,2629.400000,2629.400000,0.6813
1736956800,2633.100000,2676.200000,2625.000000,2669.100000,2.4946
1736971200,2669.100000,2679.700000,2660.000000,2670.900000,1.8233
1736985600,2677.200000,2677.200000,2666.200000,2672.200000,0.2008
1737000000,2671.400000,2677.400000,2664.700000,2665.600000,0.9773
1737014400,2669.900000,2680.000000,2651.900000,2675.800000,41.7386
1737028800,2675.800000,2680.200000,2666.500000,2676.600000,1.5438
1737043200,2680.200000,2689.300000,2669.700000,2686.700000,0.8527
1737057600,2695.900000,2699.600000,2686.100000,2699.300000,0.9450
1737072000,2699.300000,2699.600000,2699.300000,2699.300000,2.5228
1737086400,2699.300000,2714.400000,2698.800000,2705.600000,69.2269
1737100800,2706.100000,2710.300000,2697.700000,2697.700000,3.5436
1737115200,2697.600000,2699.500000,2677.300000,2693.700000,0.6280
1737129600,2693.300000,2697.300000,2692.800000,2697.300000,0.2104
1737144000,2697.300000,2699.000000,2688.700000,2692.400000,0.3441
1737158400,2695.400000,2699.000000,2695.400000,2695.500000,0.0285
1737172800,2697.900000,2699.000000,2685.500000,2694.000000,1.8405
1737187200,2699.300000,2699.400000,2688.200000,2695.900000,1.9261
1737201600,2695.800000,2695.800000,2688.200000,2695.800000,0.2987
1737216000,2691.700000,2699.600000,2682.800000,2699.600000,1.4887
1737230400,2699.500000,2699.600000,2691.600000,2696.300000,0.3272
1737244800,2696.000000,2696.000000,2687.500000,2695.000000,0.1328
1737259200,2694.900000,2702.500000,2687.700000,2687.700000,1.2023
1737273600,2688.500000,2696.500000,2682.900000,2696.500000,1.0957
1737288000,2691.400000,2702.200000,2684.300000,2698.700000,0.5106
1737302400,2692.800000,2699.800000,2691.700000,2697.200000,0.2348
1737316800,2694.000000,2698.300000,2678.600000,2690.800000,1.7299
1737331200,2677.400000,2685.000000,2674.500000,2682.400000,0.1860
1737345600,2685.000000,2703.600000,2685.000000,2691.900000,0.6565
1737360000,2702.000000,2702.000000,2690.300000,2693.900000,0.6286
1737374400,2691.400000,2700.500000,2688.200000,2699.600000,0.3115
1737388800,2693.700000,2696.800000,2682.600000,2682.700000,0.3761
1737403200,2682.700000,2710.000000,2682.700000,2696.800000,0.5904
1737417600,2696.600000,2709.900000,2694.000000,2705.600000,0.0807
1737432000,2707.000000,2715.100000,2698.600000,2703.700000,0.6992
1737446400,2703.900000,2714.600000,2701.300000,2711.100000,0.7760
1737460800,2711.200000,2714.500000,2703.900000,2714.500000,0.9448
1737475200,2714.300000,2719.000000,2710.800000,2710.800000,19.8131
1737489600,2711.500000,2724.000000,2710.300000,2723.800000,3.0159
1737504000,2723.800000,2732.000000,2723.800000,2732.000000,9.9555
1737518400,2731.900000,2739.600000,2728.100000,2730.900000,20.1493
1737532800,2730.900000,2740.000000,2720.000000,2730.900000,9.3262
1737547200,2732.300000,2740.000000,2729.000000,2733.700000,2.7638
1737561600,2739.000000,2750.700000,2725.700000,2749.400000,1.4462
1737576000,2748.400000,2748.400000,2736.400000,2744.600000,0.3970
1737590400,2750.100000,2750.100000,2731.000000,2736.400000,0.8961
1737604800,2736.200000,2745.500000,2730.800000,2736.500000,0.9938
1737619200,2736.300000,2754.200000,2734.300000,2747.500000,5.4260
1737633600,2748.900000,2750.300000,2722.400000,2733.900000,0.6876
1737648000,2735.000000,2754.200000,2730.900000,2739.000000,1.3774
1737662400,2746.400000,2757.600000,2739.600000,2749.100000,0.9516
1737676800,2746.200000,2753.400000,2741.700000,2746.000000,0.4500
1737691200,2750.600000,2765.300000,2744.100000,2761.500000,0.8435
1737705600,2752.900000,2776.700000,2751.300000,2776.700000,0.9578
1737720000,2766.000000,2778.900000,2763.000000,2768.000000,0.4437
1737734400,2763.100000,2765.400000,2759.000000,2759.000000,0.4307
1737748800,2759.000000,2764.400000,2759.000000,2764.300000,0.2448
1737763200,2762.000000,2764.600000,2758.400000,2758.400000,0.0928
1737777600,2759.800000,2765.800000,2751.200000,2758.100000,0.4934
1737792000,2769.200000,2771.300000,2752.400000,2764.200000,0.9000
1737806400,2760.200000,2769.300000,2759.600000,2769.000000,0.1372
1737820800,2768.700000,2769.900000,2758.100000,2758.100000,0.2226
1737835200,2757.900000,2764.900000,2757.700000,2759.400000,0.0724
1737849600,2758.600000,2765.700000,2751.500000,2765.700000,0.0797
1737864000,2755.100000,2770.000000,2750.900000,2770.000000,0.9401
1737878400,2765.800000,2765.800000,2761.000000,2765.800000,0.2172
1737892800,2764.500000,2766.000000,2752.400000,2766.000000,0.3355
1737907200,2764.700000,2766.000000,2755.100000,2765.800000,1.1724
1737921600,2765.800000,2765.800000,2750.900000,2758.200000,0.1754
1737936000,2750.900000,2750.900000,2742.100000,2742.100000,0.0327
1737950400,2742.100000,2754.600000,2736.500000,2745.800000,0.7505
1737964800,2749.200000,2754.700000,2736.200000,2740.800000,0.9102
1737979200,2747.300000,2747.300000,2727.200000,2735.300000,0.3867
1737993600,2727.300000,2734.700000,2723.000000,2728.600000,2.2029
1738008000,2732.400000,2734.900000,2721.100000,2727.600000,0.4273
1738022400,2727.600000,2735.300000,2723.000000,2732.300000,0.1279
1738036800,2733.000000,2733.100000,2723.000000,2723.000000,0.0450
1738051200,2722.900000,2727.700000,2703.800000,2722.900000,0.3609
1738065600,2724.300000,2743.900000,2711.200000,2727.200000,0.4466
1738080000,2745.900000,2754.800000,2734.800000,2749.300000,0.7697
1738094400,2738.700000,2757.500000,2736.200000,2754.700000,0.1141
1738108800,2752.100000,2760.000000,2752.100000,2754.800000,0.6897
1738123200,2754.800000,2758.900000,2736.300000,2754.800000,2.1139
1738137600,2749.300000,2757.500000,2740.200000,2754.800000,0.9510
1738152000,2750.000000,2751.600000,2744.700000,2751.600000,0.2468
1738166400,2749.500000,2754.700000,2738.900000,2749.500000,0.2179
1738180800,2738.900000,2749.200000,2738.900000,2741.700000,0.1343
1738195200,2740.300000,2745.700000,2735.300000,2745.700000,0.0560
1738209600,2748.000000,2757.500000,2736.200000,2757.500000,0.3567
1738224000,2757.500000,2771.100000,2753.300000,2769.000000,0.1132
1738238400,2769.000000,2772.000000,2758.500000,2772.000000,0.1878
1738252800,2772.900000,2793.800000,2769.800000,2781.000000,1.9538
1738267200,2781.900000,2794.800000,2781.000000,2785.300000,0.3661
1738281600,2782.000000,2790.000000,2780.700000,2790.000000,0.1752
1738296000,2779.900000,2792.500000,2779.900000,2783.600000,0.0824
1738310400,2792.500000,2799.600000,2777.400000,2799.600000,0.4407
1738324800,2788.800000,2799.600000,2788.700000,2799.600000,0.5892
1738339200,2792.500000,2802.300000,2786.600000,2797.300000,6.4643
1738353600,2798.700000,2800.300000,2795.100000,2799.200000,0.0937
1738368000,2792.200000,2797.700000,2791.900000,2791.900000,0.2805
1738382400,2797.800000,2799.000000,2792.000000,2796.700000,0.0540
1738396800,2796.500000,2799.400000,2785.300000,2790.500000,1.3496
1738411200,2790.500000,2804.600000,2785.400000,2804.600000,0.8535
1738425600,2798.500000,2799.800000,2788.900000,2788.900000,0.4997
1738440000,2788.900000,2800.400000,2788.900000,2788.900000,1.6190
1738454400,2799.300000,2799.300000,2791.900000,2797.500000,1.3713
1738468800,2792.000000,2799.600000,2792.000000,2799.600000,9.4008
1738483200,2799.500000,2799.900000,2790.800000,2795.300000,3.9038
1738497600,2795.400000,2802.200000,2793.500000,2800.400000,18.5437
1738512000,2800.400000,2810.500000,2796.300000,2803.100000,16.6823
1738526400,2806.000000,2815.900000,2793.900000,2798.000000,1.7619
1738540800,2793.800000,2798.500000,2757.800000,2763.200000,4.5747
1738555200,2770.100000,2783.100000,2761.200000,2781.200000,3.6754
1738569600,2773.000000,2796.500000,2773.000000,2795.100000,0.7277
1738584000,2796.000000,2822.000000,2794.700000,2809.600000,1.8014
1738598400,2809.400000,2815.300000,2805.700000,2811.600000,2.0888
1738612800,2807.900000,2812.700000,2805.700000,2808.300000,0.3905
1738627200,2806.900000,2822.200000,2806.900000,2818.200000,2.3810
1738641600,2816.200000,2816.200000,2800.700000,2810.200000,2.5453
1738656000,2805.700000,2813.700000,2802.300000,2802.300000,0.9424
1738670400,2813.000000,2828.700000,2808.000000,2827.400000,0.9276
1738684800,2825.200000,2843.300000,2819.100000,2826.300000,1.0289
1738699200,2827.100000,2840.000000,2825.800000,2839.600000,0.2306
1738713600,2839.600000,2852.400000,2836.700000,2849.200000,2.7401
1738728000,2847.700000,2862.000000,2844.400000,2860.200000,28.7553
1738742400,2862.500000,2871.200000,2856.400000,2869.500000,61.3144
1738756800,2866.000000,2880.600000,2855.300000,2879.300000,18.0425
1738771200,2877.400000,2877.400000,2860.700000,2867.800000,14.6464
1738785600,2866.900000,2872.400000,2859.700000,2872.100000,8.4015
1738800000,2872.300000,2876.100000,2865.400000,2869.600000,4.0032
1738814400,2873.700000,2874.400000,2855.100000,2855.100000,8.2381
1738828800,2855.400000,2878.400000,2846.400000,2877.000000,13.9502
1738843200,2877.000000,2887.900000,2856.300000,2866.000000,15.5015
1738857600,2866.000000,2903.700000,2859.700000,2883.100000,10.1478
1738872000,2883.100000,2935.000000,2851.500000,2863.700000,9.5454
1738886400,2863.600000,2947.500000,2863.600000,2873.800000,7.4010
1738900800,2871.400000,2897.400000,2866.200000,2881.200000,0.9872
1738915200,2879.300000,2912.200000,2864.700000,2875.500000,3.7249
1738929600,2875.500000,2902.100000,2860.500000,2897.400000,4.7302
1738944000,2886.200000,2915.700000,2862.500000,2891.700000,5.5480
1738958400,2885.800000,2885.800000,2852.300000,2860.100000,22.7266
1738972800,2858.900000,2860.800000,2850.900000,2860.800000,1.1282
1738987200,2859.100000,2867.300000,2852.700000,2861.600000,1.6235
1739001600,2861.800000,2867.300000,2853.400000,2862.100000,2.0529
1739016000,2857.500000,2864.700000,2856.100000,2859.800000,0.3906
1739030400,2859.700000,2862.800000,2853.000000,2859.100000,2.6969
1739044800,2857.500000,2862.500000,2856.800000,2856.800000,2.3240
1739059200,2857.000000,2861.800000,2857.000000,2858.700000,1.3714
1739073600,2858.900000,2866.800000,2857.800000,2860.400000,2.3563
1739088000,2860.300000,2867.100000,2856.700000,2860.600000,4.4924
1739102400,2860.500000,2862.100000,2850.300000,2861.400000,3.0148
1739116800,2861.700000,2862.400000,2854.500000,2860.400000,2.2833
1739131200,2860.600000,2867.900000,2857.500000,2863.900000,2.2856
1739145600,2863.100000,2876.600000,2862.300000,2873.100000,15.0498
1739160000,2872.300000,2894.400000,2872.300000,2888.800000,1.1631
1739174400,2891.500000,2908.600000,2886.800000,2901.000000,35.7943
1739188800,2905.900000,2909.100000,2890.300000,2904.400000,18.5801
1739203200,2906.700000,2908.900000,2894.900000,2900.800000,4.9349
1739217600,2899.400000,2915.800000,2897.100000,2911.900000,1.4541
1739232000,2912.100000,2932.800000,2906.600000,2919.100000,2.0150
1739246400,2918.200000,2923.500000,2905.600000,2911.700000,4.1679
1739260800,2912.700000,2912.700000,2897.800000,2901.900000,5.6655
1739275200,2900.100000,2907.700000,2878.800000,2906.200000,5.9222
1739289600,2901.200000,2909.000000,2890.600000,2890.600000,2.3578
1739304000,2891.900000,2900.000000,2889.800000,2890.200000,2.7893
1739318400,2888.400000,2894.700000,2882.200000,2882.700000,7.0703
1739332800,2882.300000,2892.600000,2879.800000,2889.200000,2.3048
1739347200,2887.900000,2893.500000,2875.900000,2876.400000,2.0042
1739361600,2880.600000,2894.500000,2864.700000,2886.200000,8.1598
1739376000,2886.300000,2903.900000,2886.300000,2888.500000,0.9582
1739390400,2889.700000,2900.000000,2889.700000,2897.000000,4.6007
1739404800,2900.000000,2917.100000,2898.700000,2914.400000,8.8082
1739419200,2914.400000,2917.600000,2908.800000,2912.900000,1.5397
1739433600,2909.600000,2918.400000,2907.000000,2909.700000,3.4752
1739448000,2914.800000,2924.200000,2905.600000,2917.500000,6.9612
1739462400,2914.800000,2923.300000,2909.900000,2923.100000,1.2043
1739476800,2922.700000,2930.600000,2922.700000,2930.500000,1.2880
1739491200,2927.200000,2932.100000,2923.600000,2923.600000,6.8985
1739505600,2924.200000,2936.300000,2924.200000,2930.800000,2.5342
1739520000,2933.500000,2938.900000,2930.800000,2932.000000,1.1312
1739534400,2927.800000,2929.100000,2894.600000,2901.400000,4.0162
1739548800,2900.800000,2900.800000,2878.900000,2881.200000,2.5500
1739563200,2878.200000,2885.100000,2876.600000,2882.100000,1.3202
1739577600,2881.800000,2884.000000,2879.000000,2883.700000,0.3841
1739592000,2882.900000,2886.300000,2879.400000,2881.400000,0.3942
1739606400,2884.100000,2888.700000,2879.900000,2884.300000,37.1681
1739620800,2884.700000,2884.900000,2879.800000,2882.800000,0.8950
1739635200,2882.600000,2886.200000,2880.000000,2884.800000,1.7747
1739649600,2884.200000,2888.200000,2881.000000,2882.100000,1.5150
1739664000,2884.600000,2884.600000,2879.700000,2884.400000,0.4924
1739678400,2884.300000,2884.400000,2879.600000,2879.600000,1.0471
1739692800,2884.100000,2884.500000,2879.400000,2879.500000,0.6045
1739707200,2881.000000,2887.500000,2879.700000,2882.400000,0.9945
1739721600,2884.000000,2887.000000,2879.400000,2884.500000,1.6077
1739736000,2879.400000,2895.700000,2878.000000,2878.100000,5.1485
1739750400,2886.400000,2903.900000,2879.600000,2902.800000,5.9857
1739764800,2902.300000,2903.100000,2886.700000,2900.100000,2.0688
1739779200,2897.100000,2905.400000,2896.800000,2897.200000,0.6291
1739793600,2898.800000,2902.400000,2895.500000,2896.600000,5.8691
1739808000,2898.500000,2901.000000,2893.100000,2895.200000,1.4902
1739822400,2895.200000,2900.100000,2895.100000,2897.200000,0.7479
1739836800,2899.700000,2908.600000,2896.200000,2908.000000,30.2773
1739851200,2908.600000,2913.100000,2907.000000,2911.900000,9.5930
1739865600,2908.100000,2913.700000,2905.200000,2913.700000,13.1672
1739880000,2911.700000,2923.800000,2909.800000,2923.800000,3.8962
1739894400,2923.800000,2933.600000,2921.100000,2933.600000,20.9538
1739908800,2935.000000,2939.500000,2930.500000,2930.500000,2.8536
1739923200,2931.900000,2931.900000,2921.700000,2922.500000,1.2131
1739937600,2920.100000,2934.400000,2920.100000,2934.000000,1.1432
1739952000,2933.800000,2942.000000,2922.900000,2931.400000,21.0258
1739966400,2929.800000,2939.500000,2926.700000,2926.700000,17.3313
1739980800,2926.600000,2929.200000,2916.300000,2928.000000,2.6045
1739995200,2930.800000,2933.400000,2926.400000,2933.400000,4.2733
1740009600,2934.100000,2941.000000,2932.300000,2940.000000,1.1564
1740024000,2936.700000,2947.300000,2936.200000,2947.200000,2.2239
1740038400,2947.200000,2958.900000,2945.100000,2946.800000,5.1466
1740052800,2946.500000,2948.700000,2923.200000,2935.800000,5.5814
1740067200,2933.900000,2942.600000,2929.500000,2936.700000,2.8636
1740081600,2935.600000,2938.500000,2931.200000,2937.900000,2.2563
1740096000,2938.800000,2943.400000,2927.200000,2937.400000,1.3913
1740110400,2926.700000,2930.800000,2921.800000,2926.000000,2.2924
1740124800,2922.900000,2930.900000,2916.800000,2927.700000,4.6066
1740139200,2926.900000,2933.300000,2919.200000,2920.800000,3.7573
1740153600,2923.900000,2940.900000,2923.900000,2940.700000,3.7281
1740168000,2938.400000,2938.700000,2930.200000,2933.900000,0.6851
1740182400,2936.600000,2941.000000,2935.700000,2935.900000,5.7523
1740196800,2936.300000,2937.100000,2932.100000,2935.800000,0.5549
1740211200,2935.800000,2937.000000,2932.800000,2934.800000,2.4706
1740225600,2935.500000,2941.400000,2933.000000,2935.200000,1.0702
1740240000,2936.300000,2940.500000,2931.500000,2936.100000,3.9419
1740254400,2935.500000,2939.200000,2932.000000,2934.100000,1.0706
1740268800,2933.900000,2935.400000,2929.900000,2934.200000,0.2947
1740283200,2934.100000,2936.500000,2932.800000,2935.200000,0.5867
1740297600,2933.300000,2936.500000,2933.100000,2934.500000,1.4209
1740312000,2934.000000,2934.900000,2931.000000,2934.900000,1.8463
1740326400,2933.600000,2934.900000,2931.300000,2933.900000,1.3179
1740340800,2934.700000,2934.900000,2933.000000,2934.100000,0.8040
1740355200,2932.200000,2940.400000,2919.200000,2940.400000,9.3475
1740369600,2936.200000,2942.600000,2932.600000,2939.200000,2.7107
1740384000,2938.600000,2943.700000,2932.900000,2941.100000,1.4069
1740398400,2942.500000,2953.000000,2930.900000,2931.900000,7.1606
1740412800,2936.900000,2947.800000,2934.000000,2941.000000,28.8848
1740427200,2944.100000,2949.000000,2943.700000,2947.500000,9.6191
1740441600,2946.900000,2949.000000,2935.400000,2935.400000,7.1329
1740456000,2937.100000,2941.400000,2927.700000,2930.900000,4.5040
1740470400,2927.300000,2946.200000,2927.300000,2937.100000,39.0072
1740484800,2937.200000,2941.600000,2904.800000,2908.500000,68.5109
1740499200,2908.900000,2913.500000,2891.000000,2912.700000,9.7607
1740513600,2912.100000,2919.100000,2911.100000,2918.900000,6.1313
1740528000,2918.700000,2931.500000,2918.500000,2918.500000,3.6177
1740542400,2918.000000,2920.500000,2907.500000,2915.500000,2.9543
1740556800,2914.900000,2918.700000,2909.700000,2913.400000,4.9873
1740571200,2914.800000,2915.300000,2892.700000,2912.000000,2.6077
1740585600,2914.300000,2919.200000,2908.200000,2919.200000,9.7698
1740600000,2917.400000,2921.200000,2911.400000,2919.200000,1.0119
1740614400,2920.300000,2923.200000,2895.100000,2904.500000,13.1734
1740628800,2907.800000,2907.800000,2888.200000,2890.800000,53.5623
1740643200,2888.000000,2895.700000,2880.500000,2886.000000,5.1739
1740657600,2882.500000,2895.700000,2869.400000,2875.000000,2.2268
1740672000,2877.200000,2890.400000,2872.400000,2879.500000,0.3632
1740686400,2879.500000,2881.100000,2874.100000,2875.400000,6.4103
1740700800,2874.400000,2881.000000,2864.800000,2864.800000,58.7996
1740715200,2867.000000,2868.600000,2857.300000,2859.600000,11.8396
1740729600,2860.300000,2865.100000,2852.000000,2858.000000,5.1778
1740744000,2864.900000,2864.900000,2833.400000,2843.700000,10.1489
1740758400,2845.600000,2849.000000,2837.700000,2848.700000,1.1021
1740772800,2848.000000,2861.700000,2846.700000,2856.000000,1.5232
1740787200,2858.900000,2859.800000,2856.100000,2859.100000,0.1946
1740801600,2859.000000,2860.100000,2853.000000,2855.400000,2.2016
1740816000,2858.500000,2859.200000,2855.800000,2858.800000,0.3451
1740830400,2860.100000,2861.600000,2856.400000,2857.000000,0.6179
1740844800,2856.900000,2864.000000,2854.600000,2857.300000,0.4865
1740859200,2856.700000,2859.900000,2855.900000,2857.100000,1.1464
1740873600,2857.400000,2860.400000,2856.800000,2858.600000,0.1128
1740888000,2858.500000,2860.700000,2856.700000,2857.300000,0.5061
1740902400,2857.300000,2864.300000,2854.700000,2858.300000,7.7334
1740916800,2860.000000,2862.400000,2853.100000,2854.200000,2.7975
1740931200,2856.600000,2865.800000,2853.000000,2854.500000,30.0997
1740945600,2854.500000,2857.600000,2854.300000,2857.600000,8.8767
1740960000,2854.700000,2869.300000,2849.700000,2862.400000,4.0696
1740974400,2861.100000,2864.400000,2849.700000,2864.400000,2.8424
1740988800,2860.700000,2868.900000,2852.900000,2865.000000,6.4747
1741003200,2864.600000,2885.800000,2855.400000,2885.800000,2.5675
1741017600,2876.500000,2889.800000,2866.900000,2879.200000,8.7672
1741032000,2874.800000,2893.000000,2866.900000,2888.500000,1.2833
1741046400,2887.300000,2893.300000,2878.400000,2880.600000,2.0889
1741060800,2883.700000,2890.800000,2878.400000,2887.000000,1.4669
1741075200,2885.900000,2913.100000,2885.900000,2906.000000,1.1090
1741089600,2906.100000,2921.900000,2896.700000,2901.400000,1.9891
1741104000,2902.300000,2910.400000,2899.300000,2903.500000,2.8765
1741118400,2909.100000,2918.200000,2906.800000,2911.200000,0.9353
1741132800,2911.100000,2911.100000,2895.700000,2908.200000,4.0086
1741147200,2906.500000,2922.200000,2906.500000,2916.300000,21.8522
1741161600,2914.400000,2918.700000,2895.500000,2906.800000,3.2004
1741176000,2906.900000,2917.600000,2883.800000,2917.600000,6.9103
1741190400,2909.100000,2918.000000,2900.100000,2906.000000,1.6226
1741204800,2911.200000,2911.300000,2907.100000,2909.800000,0.7385
1741219200,2904.900000,2914.300000,2904.900000,2910.600000,0.7588
1741233600,2913.300000,2914.900000,2907.900000,2909.500000,0.4340
1741248000,2907.200000,2907.700000,2883.900000,2892.400000,23.2261
1741262400,2892.500000,2907.100000,2890.300000,2907.100000,1.2321
1741276800,2902.700000,2914.300000,2900.700000,2905.300000,0.8232
1741291200,2908.400000,2910.300000,2899.900000,2906.000000,0.0410
1741305600,2902.300000,2902.300000,2887.100000,2896.300000,23.1654
1741320000,2898.600000,2905.700000,2896.200000,2905.700000,0.1965
1741334400,2903.000000,2912.800000,2903.000000,2912.800000,0.4910
1741348800,2912.800000,2915.400000,2896.000000,2901.500000,5.6498
1741363200,2901.500000,2907.300000,2889.800000,2894.800000,8.8269
1741377600,2894.800000,2906.100000,2889.800000,2895.300000,4.2849
1741392000,2898.900000,2900.700000,2893.300000,2900.700000,0.0828
1741406400,2901.200000,2910.500000,2900.900000,2901.700000,1.2904
1741420800,2902.500000,2910.700000,2900.800000,2906.500000,1.7442
1741435200,2907.900000,2908.200000,2900.900000,2902.700000,0.1362
1741449600,2905.800000,2907.200000,2905.800000,2907.100000,0.0914
1741464000,2907.400000,2909.600000,2904.200000,2904.200000,1.5603
1741478400,2904.600000,2907.400000,2901.100000,2903.700000,0.2030
1741492800,2905.400000,2914.400000,2904.500000,2910.800000,2.8149
1741507200,2909.700000,2914.400000,2903.000000,2908.700000,6.4441
1741521600,2909.100000,2916.300000,2904.800000,2909.900000,2.3725
1741536000,2903.900000,2912.900000,2903.900000,2907.600000,5.7377
1741550400,2907.600000,2912.800000,2901.600000,2903.900000,1.4183
1741564800,2911.100000,2911.200000,2901.800000,2906.600000,0.0854
1741579200,2908.500000,2915.300000,2903.600000,2907.600000,2.5827
1741593600,2906.300000,2914.400000,2894.200000,2895.900000,13.6112
1741608000,2898.600000,2913.000000,2895.900000,2903.700000,3.8083
1741622400,2904.700000,2908.400000,2878.000000,2883.900000,23.5815
1741636800,2882.600000,2890.200000,2879.900000,2884.300000,1.4237
1741651200,2884.000000,2898.400000,2879.500000,2898.400000,6.9841
1741665600,2893.500000,2899.300000,2885.300000,2897.400000,3.6919
1741680000,2898.100000,2911.200000,2898.100000,2908.700000,19.1511
1741694400,2909.900000,2919.500000,2906.400000,2915.900000,1.4716
1741708800,2914.300000,2915.700000,2910.600000,2915.200000,1.0237
1741723200,2915.100000,2916.300000,2908.300000,2908.300000,1.2243
1741737600,2917.500000,2917.500000,2910.700000,2915.500000,1.7777
1741752000,2913.800000,2917.000000,2907.100000,2910.300000,3.7873
1741766400,2910.300000,2919.400000,2910.300000,2916.200000,6.7393
1741780800,2914.600000,2922.900000,2900.100000,2922.800000,12.2617
1741795200,2922.800000,2934.700000,2921.400000,2930.000000,7.8038
1741809600,2928.300000,2934.500000,2928.300000,2934.300000,1.6331
1741824000,2933.700000,2939.800000,2933.700000,2939.000000,0.3368
1741838400,2940.000000,2942.100000,2931.200000,2931.200000,1.6070
1741852800,2932.500000,2942.100000,2932.500000,2939.700000,1.5852
1741867200,2940.500000,2970.700000,2936.500000,2968.400000,13.2724
1741881600,2969.400000,2979.100000,2964.200000,2974.900000,4.2107
1741896000,2977.900000,2992.100000,2969.300000,2989.200000,2.4194
1741910400,2983.800000,2992.200000,2981.700000,2988.900000,1.2187
1741924800,2994.500000,2994.600000,2981.700000,2987.200000,25.8521
1741939200,2988.200000,3003.200000,2988.200000,2993.400000,15.1065
1741953600,2996.900000,2997.900000,2977.100000,2981.800000,14.3132
1741968000,2982.200000,2990.000000,2979.600000,2982.400000,2.2129
1741982400,2984.100000,2986.900000,2980.600000,2981.400000,0.7547
1741996800,2981.500000,2989.100000,2981.400000,2986.900000,1.9299
1742011200,2985.400000,2986.400000,2982.800000,2983.200000,0.5794
1742025600,2985.400000,2986.100000,2982.500000,2983.400000,25.4669
1742040000,2982.500000,2986.100000,2981.200000,2984.800000,3.4169
1742054400,2984.700000,2987.000000,2981.300000,2984.900000,4.7649
1742068800,2984.900000,2990.600000,2981.300000,2981.600000,1.5682
1742083200,2987.800000,2987.800000,2983.800000,2983.800000,0.1428
1742097600,2985.100000,2990.500000,2981.900000,2986.400000,1.5507
1742112000,2985.400000,2990.100000,2981.900000,2981.900000,1.3207
1742126400,2982.000000,2987.300000,2979.300000,2984.900000,2.7935
1742140800,2984.200000,2985.700000,2979.100000,2984.700000,0.5793
1742155200,2984.600000,2994.300000,2982.600000,2992.200000,1.0527
1742169600,2988.800000,2993.000000,2986.900000,2987.000000,2.6667
1742184000,2987.700000,2990.900000,2983.200000,2986.200000,8.1339
1742198400,2984.700000,3003.300000,2984.700000,3000.500000,2.5284
1742212800,2997.400000,3001.300000,2986.800000,2997.400000,7.9481
1742227200,2998.000000,3002.300000,2996.300000,3000.200000,0.7085
1742241600,3001.200000,3005.700000,2999.500000,3002.000000,5.3439
1742256000,3001.400000,3017.300000,3001.400000,3014.700000,9.7008
1742270400,3014.800000,3027.000000,3010.000000,3020.100000,31.0537
1742284800,3022.700000,3032.800000,3020.300000,3030.200000,39.6394
1742299200,3033.300000,3042.300000,3027.100000,3031.700000,17.1890
1742313600,3035.500000,3042.800000,3030.000000,3042.800000,3.8131
1742328000,3040.200000,3040.300000,3035.600000,3037.500000,3.5571
1742342400,3036.300000,3039.800000,3031.700000,3039.800000,6.0890
1742356800,3038.000000,3047.800000,3032.300000,3043.900000,22.0826
1742371200,3043.900000,3044.300000,3032.600000,3043.600000,197.8527
1742385600,3039.800000,3045.200000,3027.500000,3035.000000,39.8682
1742400000,3038.600000,3050.000000,3031.200000,3046.600000,6.1392
1742414400,3048.800000,3054.100000,3044.100000,3049.200000,3.6817
1742428800,3054.800000,3058.700000,3047.000000,3048.900000,5.0943
1742443200,3054.500000,3059.200000,3044.500000,3047.100000,41.5001
1742457600,3045.900000,3047.900000,3031.500000,3039.700000,5.8233
1742472000,3039.500000,3045.200000,3034.000000,3043.800000,1.4130
1742486400,3045.700000,3050.900000,3033.800000,3050.900000,1.1701
1742500800,3050.700000,3051.200000,3044.600000,3050.900000,0.3208
1742515200,3043.300000,3110.600000,3029.000000,3034.200000,84.2615
1742529600,3033.200000,3044.300000,3027.700000,3039.300000,62.8233
1742544000,3044.400000,3044.500000,3036.400000,3040.300000,0.4712
1742558400,3035.800000,3042.500000,3013.400000,3019.200000,13.4434
1742572800,3020.700000,3028.900000,3017.300000,3027.700000,7.9872
1742587200,3028.000000,3031.600000,3023.900000,3031.500000,1.0286
1742601600,3031.800000,3031.800000,3024.500000,3025.700000,0.3280
1742616000,3031.100000,3032.500000,3026.200000,3026.300000,1.3898
1742630400,3031.800000,3037.800000,3025.700000,3031.900000,1.4779
1742644800,3031.800000,3032.300000,3026.500000,3032.300000,0.1977
1742659200,3035.800000,3038.800000,3023.100000,3023.600000,6.6074
1742673600,3023.300000,3039.000000,3023.300000,3038.300000,0.4253
1742688000,3037.100000,3037.300000,3026.100000,3026.100000,0.0357
1742702400,3037.400000,3039.400000,3033.100000,3039.100000,0.5114
1742716800,3039.300000,3039.400000,3024.100000,3034.500000,0.7434
1742731200,3035.000000,3038.000000,3023.000000,3031.400000,11.8667
1742745600,3031.200000,3036.200000,3025.400000,3036.100000,6.8443
1742760000,3024.700000,3041.600000,3024.700000,3033.200000,0.1823
1742774400,3033.200000,3038.800000,3023.500000,3024.000000,0.4003
1742788800,3034.100000,3041.500000,3022.200000,3027.100000,1.1647
1742803200,3027.200000,3043.400000,3027.100000,3038.100000,1.2640
1742817600,3039.800000,3044.500000,3021.500000,3027.000000,5.9276
1742832000,3037.500000,3037.500000,3017.700000,3031.200000,6.2101
1742846400,3030.200000,3038.600000,3019.900000,3028.200000,0.2042
1742860800,3031.800000,3037.300000,3019.200000,3022.500000,0.1174
1742875200,3031.600000,3037.900000,3022.800000,3033.000000,0.3336
1742889600,3031.600000,3044.300000,3022.200000,3031.200000,0.1659
1742904000,3030.400000,3044.400000,3024.300000,3044.300000,1.2815
1742918400,3033.300000,3044.300000,3025.000000,3036.300000,0.1582
1742932800,3038.300000,3044.300000,3028.200000,3039.000000,0.1092
1742947200,3044.300000,3044.300000,3026.300000,3037.100000,0.3651
1742961600,3025.900000,3049.700000,3024.400000,3047.800000,7.0327
1742976000,3044.400000,3049.700000,3027.000000,3028.500000,0.9700
1742990400,3028.200000,3043.900000,3025.900000,3030.600000,3.1816
1743004800,3036.300000,3040.700000,3024.300000,3026.900000,0.3381
1743019200,3026.900000,3041.400000,3026.900000,3027.200000,1.2369
1743033600,3027.000000,3045.000000,3026.100000,3035.300000,0.8359
1743048000,3046.700000,3049.700000,3033.500000,3049.700000,0.0995
1743062400,3050.000000,3062.000000,3038.700000,3062.000000,0.1100
1743076800,3053.600000,3061.900000,3042.800000,3060.500000,3.9350
1743091200,3057.600000,3065.400000,3050.700000,3065.400000,4.1117
1743105600,3065.400000,3076.200000,3061.900000,3072.600000,1.3245
1743120000,3070.700000,3086.800000,3065.400000,3074.900000,3.0641
1743134400,3085.500000,3101.800000,3074.000000,3088.300000,8.6959
1743148800,3097.900000,3098.000000,3074.200000,3096.700000,2.3365
1743163200,3092.500000,3108.900000,3082.900000,3093.600000,12.4101
1743177600,3093.600000,3108.800000,3083.200000,3108.800000,2.2245
1743192000,3097.600000,3125.200000,3097.600000,3109.800000,2.1201
1743206400,3108.000000,3111.200000,3097.400000,3107.900000,3.0466
1743220800,3109.000000,3128.500000,3107.900000,3114.700000,0.6120
1743235200,3109.000000,3128.900000,3107.700000,3121.400000,3.4052
1743249600,3121.600000,3137.200000,3114.900000,3124.300000,6.5348
1743264000,3124.700000,3137.100000,3120.100000,3129.800000,11.2801
1743278400,3129.800000,3137.100000,3114.200000,3124.700000,8.4638
1743292800,3119.200000,3128.400000,3096.900000,3108.800000,62.3578
1743307200,3104.400000,3121.900000,3095.000000,3110.600000,5.0519
1743321600,3110.000000,3110.700000,3090.100000,3102.000000,25.1407
1743336000,3102.000000,3120.400000,3086.500000,3120.400000,43.8946
1743350400,3121.400000,3127.800000,3111.000000,3126.300000,0.7989
1743364800,3116.000000,3127.400000,3114.300000,3122.200000,1.3644
1743379200,3122.000000,3136.600000,3113.900000,3136.600000,0.2587
1743393600,3128.600000,3167.800000,3128.600000,3165.100000,5.1921
1743408000,3162.100000,3178.600000,3150.000000,3151.600000,4.9224
1743422400,3161.000000,3166.400000,3139.700000,3158.400000,13.4839
1743436800,3159.300000,3172.900000,3158.200000,3158.800000,7.6702
1743451200,3163.100000,3169.300000,3158.800000,3161.700000,4.8060
1743465600,3169.300000,3216.600000,3158.300000,3192.000000,13.2472
1743480000,3185.700000,3204.200000,3168.400000,3172.000000,17.6049
1743494400,3172.000000,3172.000000,3147.400000,3170.400000,44.8696
1743508800,3158.500000,3165.900000,3137.500000,3140.700000,27.7512
1743523200,3140.100000,3140.100000,3112.900000,3129.600000,30.0986
1743537600,3129.500000,3140.200000,3118.400000,3140.200000,16.7077
1743552000,3129.900000,3143.400000,3129.800000,3131.700000,0.4341
1743566400,3132.800000,3143.900000,3130.200000,3137.400000,4.8693
1743580800,3136.100000,3144.200000,3130.400000,3143.300000,25.7840
1743595200,3136.600000,3144.300000,3131.000000,3136.900000,25.8428
1743609600,3137.900000,3149.500000,3133.500000,3135.900000,52.1810
1743624000,3136.200000,3178.600000,3133.600000,3175.500000,218.3337
1743638400,3174.700000,3183.200000,3161.100000,3162.900000,356.1941
1743652800,3165.500000,3174.400000,3138.100000,3148.000000,402.8859
1743667200,3146.400000,3155.400000,3111.400000,3111.400000,175.2261
1743681600,3113.400000,3140.600000,3076.000000,3126.900000,460.0877
1743696000,3126.100000,3130.600000,3111.200000,3119.300000,98.5605
1743710400,3120.900000,3129.700000,3114.300000,3124.900000,123.2626
1743724800,3124.300000,3133.600000,3100.300000,3104.100000,90.1488
1743739200,3103.900000,3119.100000,3101.900000,3107.300000,38.8014
1743753600,3111.100000,3140.900000,3093.800000,3123.700000,122.9032
1743768000,3121.900000,3122.400000,3039.900000,3041.500000,301.8174
1743782400,3043.000000,3060.600000,3032.700000,3053.600000,173.9267
1743796800,3051.200000,3060.000000,3044.900000,3051.500000,13.3853
1743811200,3051.500000,3055.100000,3038.900000,3043.100000,28.4496
1743825600,3043.100000,3046.500000,3037.900000,3040.800000,128.6950
1743840000,3042.200000,3048.700000,3037.700000,3046.000000,82.4853
1743854400,3044.800000,3049.000000,3038.900000,3043.200000,73.3221
1743868800,3041.500000,3051.500000,3040.400000,3046.100000,47.1310
1743883200,3051.600000,3055.400000,3042.300000,3050.800000,25.1169
1743897600,3051.900000,3054.900000,3044.600000,3046.500000,46.6682
1743912000,3046.100000,3054.300000,3043.100000,3045.500000,14.3977
1743926400,3045.600000,3051.600000,3042.800000,3050.100000,40.2702
1743940800,3052.700000,3059.800000,3048.900000,3049.100000,99.1068
1743955200,3049.100000,3056.500000,3039.800000,3042.200000,85.9559
1743969600,3046.700000,3046.700000,2995.700000,3007.500000,300.5368
1743984000,3011.700000,3059.000000,2984.700000,3028.900000,428.8275
1743998400,3028.400000,3050.800000,3023.500000,3028.500000,229.6595
1744012800,3028.900000,3054.200000,3026.000000,3040.100000,150.3815
1744027200,3037.400000,3045.900000,2992.900000,2993.800000,187.7116
1744041600,2996.000000,3000.100000,2976.600000,2983.200000,92.4520
1744056000,2985.500000,3009.800000,2979.500000,2989.300000,100.3940
1744070400,2989.600000,3017.100000,2989.000000,3003.000000,52.3444
1744084800,3003.000000,3024.200000,3000.800000,3013.300000,65.3044
1744099200,3013.300000,3024.500000,3002.100000,3023.800000,75.5330
1744113600,3024.300000,3031.200000,3006.900000,3010.900000,78.0468
1744128000,3010.000000,3011.400000,2984.900000,2996.000000,189.3648
1744142400,2995.700000,2998.400000,2982.900000,2988.800000,82.2855
1744156800,2990.100000,3017.300000,2983.400000,3014.100000,89.9752
1744171200,3011.800000,3055.100000,3009.600000,3045.800000,142.7344
1744185600,3045.300000,3081.000000,3041.300000,3080.900000,290.6671
1744200000,3080.900000,3100.700000,3055.100000,3094.700000,132.9611
1744214400,3092.900000,3113.700000,3066.300000,3101.400000,179.7972
1744228800,3105.400000,3111.900000,3081.000000,3093.500000,64.4412
1744243200,3092.800000,3132.400000,3088.700000,3128.600000,100.5317
1744257600,3130.300000,3135.200000,3113.700000,3114.900000,45.6739
1744272000,3114.800000,3131.000000,3109.200000,3126.600000,132.4780
1744286400,3130.100000,3181.400000,3125.400000,3162.000000,79.8589
1744300800,3162.200000,3188.300000,3160.200000,3187.400000,312.9135
1744315200,3185.200000,3215.300000,3178.800000,3207.300000,155.7747
1744329600,3209.300000,3246.800000,3201.500000,3240.400000,273.3147
1744344000,3237.100000,3239.100000,3203.300000,3226.600000,268.9199
1744358400,3229.800000,3255.800000,3228.800000,3241.500000,164.2829
1744372800,3241.400000,3274.100000,3239.700000,3259.900000,167.6614
1744387200,3260.800000,3279.400000,3247.600000,3250.700000,241.0756
1744401600,3250.800000,3259.500000,3243.800000,3255.900000,44.5800
1744416000,3260.200000,3275.300000,3254.200000,3263.500000,284.0161
1744430400,3263.600000,3278.000000,3261.400000,3264.800000,349.5139
1744444800,3264.000000,3270.100000,3251.000000,3251.200000,162.3672
1744459200,3250.400000,3255.800000,3238.000000,3244.600000,193.0568
1744473600,3243.600000,3244.700000,3237.900000,3239.000000,35.7117
1744488000,3239.000000,3242.400000,3237.200000,3238.400000,110.6144
1744502400,3239.000000,3243.200000,3238.800000,3241.900000,30.6302
1744516800,3243.000000,3250.000000,3239.900000,3241.900000,79.6271
1744531200,3242.100000,3243.400000,3237.900000,3240.400000,25.6502
1744545600,3240.300000,3245.800000,3237.800000,3244.200000,39.5780
1744560000,3245.100000,3249.100000,3242.300000,3247.300000,58.1729
1744574400,3248.000000,3257.500000,3234.200000,3240.400000,188.9432
1744588800,3240.800000,3273.700000,3236.300000,3252.200000,151.6694
1744603200,3251.900000,3262.400000,3243.500000,3245.700000,72.4528
1744617600,3247.800000,3249.900000,3228.000000,3241.000000,65.4211
1744632000,3241.000000,3245.100000,3211.100000,3215.900000,201.7773
1744646400,3215.900000,3225.600000,3211.900000,3221.100000,236.2294
1744660800,3221.000000,3225.500000,3217.100000,3223.900000,38.4804
1744675200,3224.000000,3236.700000,3219.200000,3235.400000,59.2557
1744689600,3235.100000,3242.600000,3227.200000,3231.100000,57.8035
1744704000,3230.900000,3250.000000,3229.500000,3229.600000,95.7804
1744718400,3229.700000,3238.800000,3226.300000,3234.000000,58.4982
1744732800,3233.200000,3243.400000,3232.200000,3241.600000,53.5455
1744747200,3242.400000,3260.800000,3240.000000,3260.400000,76.4253
1744761600,3261.300000,3294.600000,3261.300000,3294.600000,118.4810
1744776000,3294.800000,3316.600000,3281.500000,3306.600000,146.7894
1744790400,3306.500000,3330.200000,3304.400000,3326.000000,215.6786
1744804800,3324.800000,3347.000000,3316.900000,3340.700000,104.3687
1744819200,3341.000000,3360.900000,3337.300000,3351.300000,102.9946
1744833600,3350.700000,3380.000000,3348.300000,3370.100000,86.4761
1744848000,3369.800000,3371.900000,3343.400000,3356.000000,174.1053
1744862400,3355.800000,3363.200000,3334.200000,3336.700000,99.6638
1744876800,3336.700000,3358.600000,3331.100000,3345.900000,118.2757
1744891200,3347.500000,3356.900000,3306.700000,3318.500000,71.2283
1744905600,3318.800000,3338.600000,3316.800000,3334.400000,29.3320
1744920000,3334.300000,3342.800000,3331.000000,3339.200000,7.8915
1744934400,3339.900000,3360.000000,3333.800000,3336.000000,133.8735
1744948800,3335.400000,3354.400000,3334.600000,3341.800000,16.7098
1744963200,3343.100000,3355.400000,3342.200000,3348.200000,49.2140
1744977600,3348.800000,3360.400000,3343.700000,3349.300000,56.3169
1744992000,3349.200000,3350.700000,3343.700000,3344.900000,19.1518
1745006400,3344.800000,3348.300000,3343.700000,3346.300000,5.5926
1745020800,3344.700000,3360.000000,3339.600000,3346.300000,85.1619
1745035200,3346.600000,3350.300000,3342.800000,3347.300000,9.6278
1745049600,3349.200000,3356.800000,3338.700000,3341.900000,11.9589
1745064000,3342.700000,3346.400000,3339.000000,3344.700000,9.9284
1745078400,3345.000000,3349.600000,3344.500000,3347.900000,10.9604
1745092800,3347.000000,3348.400000,3340.300000,3342.100000,51.8414
1745107200,3341.900000,3370.000000,3341.300000,3347.000000,91.7929
1745121600,3347.000000,3355.700000,3346.900000,3348.600000,9.4920
1745136000,3348.600000,3361.500000,3347.700000,3357.600000,30.0609
1745150400,3359.000000,3360.900000,3350.100000,3351.900000,44.0635
1745164800,3351.400000,3351.400000,3343.000000,3349.500000,12.2070
1745179200,3349.900000,3380.000000,3347.900000,3369.100000,95.6257
1745193600,3367.000000,3428.400000,3365.000000,3406.600000,112.8889
1745208000,3406.400000,3421.700000,3391.100000,3419.300000,96.0850
1745222400,3419.600000,3430.000000,3415.400000,3426.700000,78.8159
1745236800,3427.600000,3454.700000,3422.500000,3452.100000,246.3644
1745251200,3450.000000,3455.600000,3429.200000,3440.300000,165.8684
1745265600,3440.300000,3469.500000,3437.800000,3461.200000,128.2055
1745280000,3460.900000,3523.600000,3442.400000,3515.500000,268.6703
1745294400,3515.400000,3532.600000,3495.000000,3497.000000,288.7759
1745308800,3497.100000,3500.700000,3459.600000,3475.200000,386.2948
1745323200,3475.100000,3485.300000,3427.900000,3432.500000,705.5590
1745337600,3432.800000,3435.100000,3381.200000,3391.900000,551.2777
1745352000,3391.800000,3402.600000,3333.400000,3344.800000,402.3182
1745366400,3345.400000,3403.100000,3345.400000,3368.800000,221.9366
1745380800,3368.700000,3382.100000,3318.200000,3338.600000,410.6367
1745395200,3337.200000,3357.200000,3319.600000,3338.600000,427.6914
1745409600,3338.500000,3342.800000,3281.500000,3296.800000,326.5857
1745424000,3301.200000,3316.600000,3292.800000,3309.600000,144.5304
1745438400,3308.900000,3333.900000,3298.900000,3330.500000,110.3256
1745452800,3332.500000,3388.500000,3328.400000,3340.600000,260.8280
1745467200,3339.000000,3352.500000,3329.500000,3349.800000,37.3849
1745481600,3350.800000,3357.300000,3333.500000,3349.000000,473.2559
1745496000,3350.200000,3355.100000,3317.500000,3339.300000,219.3986
1745510400,3338.300000,3352.700000,3335.900000,3351.700000,101.9532
1745524800,3348.700000,3376.800000,3347.800000,3359.900000,135.7777
1745539200,3360.200000,3370.500000,3332.000000,3332.200000,75.2762
1745553600,3332.200000,3337.400000,3300.100000,3317.300000,149.5106
1745568000,3317.300000,3320.200000,3297.200000,3301.900000,130.4415
1745582400,3302.500000,3310.300000,3270.600000,3285.500000,197.0512
1745596800,3286.200000,3313.500000,3283.500000,3309.200000,247.7023
1745611200,3309.200000,3319.500000,3305.300000,3315.600000,80.6598
1745625600,3315.100000,3318.800000,3311.300000,3316.200000,91.1948
1745640000,3316.400000,3319.600000,3315.400000,3315.500000,7.5352
1745654400,3315.500000,3316.300000,3310.100000,3314.600000,56.9139
1745668800,3315.100000,3317.200000,3312.800000,3315.800000,3.6492
1745683200,3316.800000,3319.100000,3313.300000,3315.800000,5.6948
1745697600,3315.900000,3317.400000,3314.900000,3316.300000,0.9328
1745712000,3315.500000,3319.400000,3313.300000,3317.200000,16.3317
1745726400,3317.100000,3320.800000,3310.000000,3315.700000,163.0832
1745740800,3315.700000,3316.900000,3310.000000,3314.600000,84.4344
1745755200,3314.500000,3321.000000,3314.400000,3321.000000,16.9380
1745769600,3320.800000,3324.600000,3319.500000,3322.700000,85.4706
1745784000,3322.800000,3330.400000,3304.300000,3306.700000,123.8004
1745798400,3306.900000,3316.200000,3274.300000,3293.600000,237.4272
1745812800,3292.800000,3299.900000,3281.900000,3288.800000,14.5824
1745827200,3288.800000,3295.500000,3276.100000,3294.000000,34.0495
1745841600,3294.300000,3331.700000,3290.900000,3325.000000,76.9452
1745856000,3326.400000,3350.200000,3326.400000,3349.000000,51.5621
1745870400,3349.200000,3349.800000,3333.600000,3338.300000,35.0314
1745884800,3336.600000,3338.200000,3313.400000,3317.600000,79.0393
1745899200,3317.200000,3323.900000,3308.800000,3322.900000,58.0309
1745913600,3323.000000,3324.100000,3309.900000,3311.700000,39.4130
1745928000,3312.300000,3321.500000,3304.600000,3315.400000,75.4036
1745942400,3315.400000,3329.400000,3315.400000,3323.000000,31.3091
1745956800,3321.700000,3322.600000,3313.600000,3315.900000,6.1468
1745971200,3316.800000,3325.700000,3306.200000,3306.600000,36.4777
1745985600,3306.300000,3313.200000,3303.600000,3308.900000,16.8993
1746000000,3308.900000,3309.400000,3277.600000,3282.700000,172.2547
1746014400,3282.000000,3326.500000,3278.300000,3313.100000,44.4030
1746028800,3313.800000,3315.300000,3296.400000,3299.500000,23.9791
1746043200,3299.300000,3300.900000,3276.500000,3278.000000,208.7182
1746057600,3278.000000,3281.100000,3238.400000,3242.400000,368.0245
1746072000,3240.400000,3254.500000,3233.800000,3243.400000,149.7554
1746086400,3243.600000,3251.600000,3218.500000,3218.700000,44.0118
1746100800,3218.500000,3245.100000,3215.100000,3231.300000,23.8052
1746115200,3231.100000,3239.800000,3224.700000,3239.500000,4.0107
1746129600,3239.400000,3257.100000,3238.400000,3248.300000,25.6092
1746144000,3248.000000,3265.500000,3243.200000,3263.500000,27.4877
1746158400,3263.200000,3274.100000,3255.800000,3272.000000,17.2023
1746172800,3272.600000,3277.600000,3265.200000,3275.100000,20.3205
1746187200,3274.400000,3276.500000,3246.900000,3246.900000,25.6802
1746201600,3246.900000,3255.500000,3240.600000,3247.000000,25.0828
1746216000,3247.400000,3259.900000,3244.300000,3252.000000,89.2940
1746230400,3251.600000,3256.900000,3246.800000,3253.900000,47.9753
1746244800,3253.600000,3254.900000,3250.000000,3251.200000,11.8428
1746259200,3251.300000,3256.600000,3250.100000,3255.600000,39.4423
1746273600,3255.700000,3259.800000,3249.100000,3251.800000,14.0951
1746288000,3251.800000,3258.600000,3251.800000,3254.100000,4.6062
1746302400,3255.300000,3255.800000,3251.400000,3251.500000,4.3319
1746316800,3250.900000,3253.100000,3250.400000,3251.800000,1.0706
1746331200,3251.400000,3252.600000,3249.700000,3251.600000,1.1817
1746345600,3251.600000,3255.500000,3249.700000,3255.200000,5.2319
1746360000,3255.100000,3256.400000,3252.600000,3252.600000,8.8344
1746374400,3252.600000,3252.700000,3252.600000,3252.600000,1.3159
1746388800,3252.600000,3262.100000,3248.000000,3259.900000,3.4411
1746403200,3259.700000,3282.100000,3253.700000,3266.300000,50.8908
1746417600,3266.100000,3274.400000,3264.500000,3271.000000,11.1757
1746432000,3271.300000,3324.300000,3270.200000,3319.200000,184.1498
1746446400,3321.100000,3333.000000,3316.800000,3320.100000,85.7947
1746460800,3318.200000,3342.900000,3314.300000,3336.900000,89.0231
1746475200,3337.500000,3345.300000,3332.100000,3341.300000,105.0496
1746489600,3340.700000,3390.900000,3332.900000,3366.400000,133.3626
1746504000,3364.900000,3382.000000,3359.100000,3376.100000,48.9815
1746518400,3376.800000,3389.800000,3374.300000,3385.100000,53.8136
1746532800,3385.000000,3410.100000,3379.100000,3401.100000,169.3427
1746547200,3399.600000,3426.700000,3399.500000,3426.600000,105.5013
1746561600,3425.600000,3440.400000,3379.800000,3404.300000,238.7912
1746576000,3404.400000,3404.800000,3361.800000,3378.300000,56.4956
1746590400,3382.200000,3395.500000,3376.800000,3385.800000,15.6794
1746604800,3386.200000,3391.100000,3367.100000,3385.400000,22.1109
1746619200,3387.400000,3395.000000,3375.600000,3385.500000,19.1757
1746633600,3386.200000,3399.300000,3366.800000,3373.400000,65.1984
1746648000,3374.200000,3379.500000,3364.300000,3378.000000,47.8276
1746662400,3377.600000,3411.900000,3375.500000,3394.900000,96.9431
1746676800,3395.100000,3398.800000,3326.900000,3340.800000,86.1675
1746691200,3343.900000,3344.500000,3330.000000,3344.100000,227.1713
1746705600,3343.900000,3366.500000,3328.900000,3331.600000,54.4910
1746720000,3332.000000,3332.000000,3292.900000,3310.100000,161.4004
1746734400,3310.300000,3326.400000,3307.400000,3317.900000,96.2711
1746748800,3318.000000,3325.100000,3282.600000,3308.800000,64.1521
1746763200,3308.900000,3331.400000,3308.900000,3330.300000,32.9651
1746777600,3329.200000,3337.500000,3321.800000,3331.600000,31.7994
1746792000,3333.100000,3344.500000,3324.400000,3344.500000,33.1413
1746806400,3344.600000,3347.600000,3328.400000,3330.200000,9.7636
1746820800,3330.900000,3332.600000,3325.000000,3328.000000,5.7986
1746835200,3328.800000,3332.700000,3327.200000,3328.900000,95.3164
1746849600,3328.300000,3328.300000,3325.300000,3327.200000,4.1902
1746864000,3327.500000,3329.000000,3324.900000,3327.400000,12.2046
1746878400,3326.800000,3327.600000,3320.200000,3322.000000,17.2174
1746892800,3321.800000,3324.200000,3320.300000,3322.100000,5.8888
1746907200,3322.200000,3325.700000,3320.200000,3320.600000,15.2213
1746921600,3320.500000,3323.000000,3319.100000,3321.100000,4.9732
1746936000,3322.500000,3322.900000,3318.100000,3318.200000,1.8623
1746950400,3318.300000,3326.900000,3318.300000,3320.800000,20.2481
1746964800,3320.800000,3323.400000,3318.700000,3319.800000,18.8087
1746979200,3319.900000,3320.000000,3312.300000,3312.600000,41.3663
1746993600,3312.600000,3317.400000,3271.700000,3290.500000,351.3264
1747008000,3290.200000,3291.900000,3261.400000,3284.700000,61.8897
1747022400,3285.900000,3286.200000,3223.300000,3229.800000,53.6049
1747036800,3229.800000,3241.700000,3214.400000,3230.500000,225.7507
1747051200,3230.000000,3253.900000,3226.700000,3245.900000,185.5807
1747065600,3246.400000,3247.200000,3225.200000,3239.100000,64.0142
1747080000,3239.100000,3241.300000,3231.600000,3237.800000,35.1183
1747094400,3238.000000,3244.500000,3218.900000,3240.300000,76.8816
1747108800,3239.900000,3265.100000,3237.900000,3258.400000,36.4654
1747123200,3258.900000,3262.200000,3250.300000,3252.000000,8.3664
1747137600,3250.500000,3256.000000,3230.800000,3253.900000,38.8798
1747152000,3255.900000,3256.900000,3243.200000,3251.000000,13.1672
1747166400,3250.300000,3256.500000,3244.700000,3254.400000,129.4322
1747180800,3251.400000,3251.600000,3227.700000,3228.900000,43.7105
1747195200,3230.100000,3240.600000,3225.500000,3240.600000,10.6556
1747209600,3240.400000,3244.000000,3225.000000,3225.000000,112.5799
1747224000,3225.000000,3228.700000,3180.300000,3184.500000,171.0408
1747238400,3186.600000,3194.600000,3174.200000,3185.100000,109.0389
1747252800,3184.500000,3190.000000,3177.500000,3189.800000,40.2417
1747267200,3189.300000,3195.200000,3154.700000,3156.700000,108.9807
1747281600,3156.600000,3161.400000,3133.000000,3152.100000,92.2469
1747296000,3152.400000,3184.900000,3148.000000,3182.400000,144.9190
1747310400,3182.700000,3223.600000,3182.400000,3222.300000,110.4213
1747324800,3223.400000,3235.000000,3219.400000,3233.900000,109.2273
1747339200,3234.700000,3255.300000,3234.600000,3240.100000,141.4004
1747353600,3240.900000,3245.600000,3212.200000,3216.000000,96.9506
1747368000,3215.800000,3236.300000,3208.100000,3211.900000,41.1564
1747382400,3211.900000,3218.200000,3160.700000,3172.400000,136.9113
1747396800,3170.100000,3197.400000,3164.100000,3194.300000,106.8537
1747411200,3194.400000,3204.800000,3189.200000,3201.400000,55.4409
1747425600,3200.700000,3211.500000,3200.700000,3207.900000,46.0424
1747440000,3207.700000,3211.500000,3199.300000,3209.200000,100.3113
1747454400,3209.100000,3210.400000,3204.500000,3205.100000,36.8381
1747468800,3205.300000,3209.700000,3202.800000,3208.100000,50.5064
1747483200,3208.000000,3212.400000,3205.400000,3210.200000,31.2336
1747497600,3211.100000,3212.700000,3205.200000,3205.600000,20.7413
1747512000,3205.600000,3211.000000,3205.100000,3209.700000,15.4658
1747526400,3211.000000,3212.600000,3207.100000,3211.700000,14.1813
1747540800,3211.600000,3217.900000,3206.800000,3211.500000,71.0023
1747555200,3211.000000,3211.100000,3205.600000,3208.200000,33.3789
1747569600,3208.700000,3212.400000,3205.900000,3207.600000,40.6227
1747584000,3207.600000,3210.900000,3203.800000,3204.000000,33.2930
1747598400,3203.800000,3248.900000,3201.800000,3236.200000,184.7235
1747612800,3239.700000,3252.500000,3212.700000,3215.800000,99.9832
1747627200,3215.800000,3239.300000,3212.100000,3237.600000,212.2025
1747641600,3237.400000,3254.500000,3235.500000,3250.400000,55.9767
1747656000,3250.300000,3250.300000,3225.100000,3234.900000,52.5395
1747670400,3235.800000,3238.700000,3228.800000,3235.400000,10.6392
1747684800,3235.400000,3236.500000,3221.600000,3224.100000,11.2493
1747699200,3225.000000,3234.500000,3208.500000,3215.100000,43.4907
1747713600,3215.200000,3226.500000,3211.600000,3226.000000,25.8054
1747728000,3226.500000,3243.400000,3223.600000,3241.800000,56.4640
1747742400,3243.000000,3283.200000,3235.000000,3276.100000,127.1746
1747756800,3276.000000,3292.500000,3274.400000,3290.500000,29.6536
1747771200,3290.900000,3299.400000,3284.600000,3288.200000,80.0367
1747785600,3286.600000,3310.100000,3285.200000,3306.000000,153.2830
1747800000,3305.400000,3315.100000,3294.800000,3306.600000,52.0290
1747814400,3305.800000,3316.400000,3302.300000,3308.300000,66.3024
1747828800,3310.100000,3310.100000,3289.600000,3308.800000,49.7178
1747843200,3308.700000,3325.600000,3297.100000,3315.900000,72.9776
1747857600,3316.300000,3321.400000,3309.900000,3316.100000,7.7625
1747872000,3317.300000,3342.900000,3317.200000,3334.400000,98.4680
1747886400,3334.400000,3337.700000,3326.000000,3328.900000,104.2040
1747900800,3328.100000,3331.200000,3288.000000,3314.200000,130.3633
1747915200,3314.900000,3315.400000,3284.700000,3297.600000,46.8822
1747929600,3298.200000,3304.700000,3293.600000,3295.200000,78.3624
1747944000,3295.400000,3305.000000,3294.400000,3300.500000,18.3283
1747958400,3302.300000,3311.500000,3290.700000,3304.100000,30.8755
1747972800,3304.400000,3335.600000,3304.300000,3331.400000,116.5181
1747987200,3329.800000,3344.500000,3321.400000,3342.200000,26.8800
1748001600,3344.200000,3359.600000,3334.100000,3356.400000,175.5506
1748016000,3357.300000,3361.400000,3351.900000,3355.400000,50.7295
1748030400,3358.000000,3360.500000,3350.100000,3350.400000,44.5526
1748044800,3350.400000,3357.900000,3350.400000,3354.100000,29.5740
1748059200,3354.200000,3359.200000,3354.200000,3357.900000,19.7433
1748073600,3358.500000,3359.500000,3351.600000,3352.200000,31.8481
1748088000,3352.200000,3357.000000,3352.200000,3354.900000,18.4977
1748102400,3354.900000,3354.900000,3351.700000,3352.900000,3.6432
1748116800,3353.100000,3356.800000,3351.300000,3355.000000,14.0379
1748131200,3355.200000,3357.200000,3352.300000,3356.400000,22.5061
1748145600,3356.400000,3357.500000,3353.900000,3356.100000,3.8546
1748160000,3354.900000,3358.700000,3353.400000,3357.400000,10.5085
1748174400,3357.500000,3364.500000,3357.500000,3361.600000,22.3314
1748188800,3361.700000,3363.800000,3360.000000,3362.600000,18.2432
1748203200,3362.600000,3362.600000,3336.600000,3337.900000,64.9112
1748217600,3338.100000,3352.300000,3328.100000,3343.600000,26.6121
1748232000,3343.700000,3348.700000,3332.200000,3336.200000,32.1442
1748246400,3337.600000,3338.600000,3326.200000,3332.400000,19.2113
1748260800,3333.500000,3349.600000,3329.000000,3338.400000,9.2786
1748275200,3337.500000,3346.600000,3337.500000,3346.100000,12.6984
1748289600,3346.000000,3351.700000,3343.200000,3347.100000,28.3384
1748304000,3347.100000,3353.600000,3336.600000,3347.500000,130.3110
1748318400,3346.000000,3346.100000,3299.300000,3301.600000,175.2560
1748332800,3303.100000,3312.300000,3294.000000,3295.100000,112.5369
1748347200,3295.400000,3305.400000,3291.000000,3295.200000,50.7362
1748361600,3295.200000,3307.600000,3294.400000,3304.400000,20.4195
1748376000,3304.700000,3309.900000,3299.400000,3308.300000,12.3783
1748390400,3308.300000,3313.600000,3294.800000,3300.000000,117.7107
1748404800,3299.800000,3322.500000,3294.500000,3320.800000,154.3457
1748419200,3320.100000,3325.800000,3311.000000,3313.700000,89.5665
1748433600,3314.300000,3317.500000,3298.000000,3299.700000,116.0851
1748448000,3299.900000,3306.800000,3293.300000,3297.300000,27.1724
1748462400,3298.000000,3299.200000,3259.400000,3263.800000,299.8190
1748476800,3265.400000,3282.400000,3251.800000,3278.000000,203.7337
1748491200,3277.100000,3288.300000,3270.100000,3288.200000,28.4464
1748505600,3288.300000,3305.200000,3278.300000,3301.100000,194.5611
1748520000,3301.800000,3322.400000,3300.100000,3321.800000,41.6501
1748534400,3322.300000,3330.300000,3315.700000,3316.500000,24.9772
1748548800,3316.500000,3321.800000,3314.300000,3314.300000,20.8687
1748563200,3316.800000,3323.800000,3295.300000,3297.600000,33.6624
1748577600,3298.400000,3309.800000,3294.900000,3298.800000,45.6698
1748592000,3298.800000,3317.900000,3297.400000,3301.500000,93.3710
1748606400,3301.400000,3316.600000,3283.500000,3295.600000,67.0143
1748620800,3295.700000,3299.900000,3291.700000,3297.800000,4.0156
1748635200,3296.100000,3301.100000,3291.500000,3295.400000,14.9708
1748649600,3295.600000,3299.700000,3291.600000,3297.700000,16.0699
1748664000,3297.200000,3299.100000,3294.700000,3295.100000,1.9960
1748678400,3295.500000,3297.300000,3291.800000,3292.500000,2.9268
1748692800,3292.600000,3295.600000,3291.600000,3292.800000,2.0409
1748707200,3292.400000,3292.400000,3279.800000,3290.600000,25.5290
1748721600,3290.100000,3291.400000,3287.500000,3287.600000,0.9487
1748736000,3286.900000,3292.000000,3286.500000,3291.900000,7.0517
1748750400,3291.500000,3293.100000,3291.000000,3291.700000,8.2183
1748764800,3291.300000,3299.600000,3290.800000,3295.300000,45.4012
1748779200,3296.400000,3297.900000,3293.800000,3297.800000,4.5665
1748793600,3297.500000,3299.900000,3294.100000,3296.800000,10.8330
1748808000,3296.900000,3318.800000,3296.800000,3312.400000,40.9941
1748822400,3313.100000,3317.400000,3305.400000,3311.200000,5.7045
1748836800,3313.100000,3360.400000,3313.100000,3353.200000,51.9233
1748851200,3352.900000,3360.400000,3345.400000,3358.300000,52.3385
1748865600,3357.800000,3379.800000,3353.800000,3373.600000,62.4543
1748880000,3375.200000,3382.300000,3369.800000,3380.600000,14.0893
1748894400,3380.600000,3390.800000,3377.000000,3382.400000,17.7685
1748908800,3382.700000,3384.100000,3359.800000,3362.100000,51.5368
1748923200,3362.900000,3368.100000,3354.600000,3358.900000,31.6826
1748937600,3360.200000,3366.600000,3356.400000,3361.500000,10.4672
1748952000,3361.500000,3363.700000,3340.500000,3352.600000,59.3890
1748966400,3352.700000,3356.000000,3347.100000,3352.200000,9.6186
1748980800,3352.600000,3361.600000,3352.600000,3360.900000,29.0616
1748995200,3361.200000,3373.400000,3348.600000,3361.400000,20.2592
1749009600,3362.000000,3364.500000,3354.000000,3356.600000,15.8462
1749024000,3356.600000,3366.300000,3348.600000,3353.800000,23.0891
1749038400,3351.300000,3384.100000,3348.700000,3372.900000,35.0337
1749052800,3373.300000,3383.100000,3372.200000,3375.500000,1.3457
1749067200,3374.000000,3382.200000,3373.400000,3380.500000,15.9509
1749081600,3379.400000,3386.500000,3372.600000,3373.300000,9.3629
1749096000,3372.900000,3378.900000,3367.500000,3373.200000,21.2476
1749110400,3373.300000,3403.400000,3373.300000,3396.000000,34.5342
1749124800,3396.200000,3401.300000,3348.700000,3352.400000,138.2471
1749139200,3352.500000,3363.700000,3348.500000,3360.800000,123.2359
1749153600,3361.100000,3366.300000,3352.100000,3364.500000,76.4388
1749168000,3364.700000,3372.700000,3360.900000,3371.100000,26.7202
1749182400,3370.800000,3377.800000,3353.000000,3359.500000,34.8277
1749196800,3359.000000,3366.400000,3354.500000,3360.200000,15.5212
1749211200,3359.300000,3362.500000,3322.400000,3336.600000,158.2106
1749225600,3336.500000,3337.600000,3318.600000,3319.200000,34.9901
1749240000,3319.400000,3320.600000,3315.100000,3318.000000,35.4129
1749254400,3317.500000,3320.300000,3316.200000,3317.700000,6.2354
1749268800,3317.700000,3323.500000,3316.100000,3323.500000,43.3416
1749283200,3323.500000,3324.700000,3320.200000,3320.800000,32.1304
1749297600,3320.800000,3320.800000,3317.900000,3318.800000,11.4801
1749312000,3318.800000,3319.900000,3317.600000,3317.600000,10.9876
1749326400,3318.200000,3318.500000,3316.800000,3317.100000,6.9056
1749340800,3317.000000,3319.400000,3316.700000,3319.400000,10.7102
1749355200,3320.100000,3322.100000,3318.200000,3321.500000,7.6890
1749369600,3321.700000,3327.100000,3314.100000,3314.100000,68.5323
1749384000,3314.400000,3321.100000,3314.400000,3316.800000,39.3570
1749398400,3316.800000,3321.600000,3315.600000,3317.500000,31.5690
1749412800,3317.100000,3327.100000,3316.400000,3324.100000,22.2202
1749427200,3322.100000,3322.100000,3300.700000,3316.100000,58.4205
1749441600,3316.000000,3331.700000,3314.700000,3331.500000,11.5498
1749456000,3331.800000,3332.400000,3317.900000,3320.900000,15.6487
1749470400,3321.500000,3333.200000,3317.900000,3331.600000,18.9527
1749484800,3331.600000,3339.100000,3327.400000,3328.100000,14.8377
1749499200,3328.000000,3330.700000,3317.000000,3328.900000,51.7762
1749513600,3328.400000,3328.400000,3306.000000,3310.800000,79.3991
1749528000,3310.300000,3331.600000,3306.100000,3330.200000,84.6493
1749542400,3329.900000,3338.700000,3327.100000,3332.000000,11.1406
1749556800,3332.300000,3344.000000,3324.400000,3326.900000,21.5718
1749571200,3326.300000,3331.600000,3318.000000,3325.800000,12.0502
1749585600,3325.300000,3326.000000,3315.900000,3325.300000,39.6251
1749600000,3325.300000,3338.600000,3322.900000,3338.600000,14.4474
1749614400,3338.300000,3344.200000,3330.800000,3342.900000,8.8891
1749628800,3342.900000,3344.100000,3326.800000,3332.400000,9.2685
1749643200,3332.300000,3356.400000,3327.500000,3331.500000,60.1060
1749657600,3332.200000,3346.500000,3320.200000,3344.700000,46.6849
1749672000,3345.200000,3370.200000,3345.100000,3362.100000,118.8348
1749686400,3362.100000,3374.200000,3359.600000,3370.200000,44.6537
1749700800,3370.400000,3376.200000,3338.900000,3346.000000,44.9262
1749715200,3346.400000,3387.500000,3346.300000,3379.800000,95.1593
1749729600,3379.200000,3395.800000,3376.500000,3386.500000,117.9705
1749744000,3385.400000,3390.300000,3377.100000,3386.100000,75.9728
1749758400,3385.800000,3393.400000,3379.200000,3393.400000,38.7813
1749772800,3394.300000,3448.800000,3389.700000,3427.100000,524.8305
1749787200,3427.200000,3434.800000,3415.000000,3419.900000,134.1734
1749801600,3419.500000,3431.500000,3419.500000,3428.500000,191.1935
1749816000,3429.100000,3452.000000,3425.700000,3430.200000,81.4629
1749830400,3430.400000,3442.600000,3425.100000,3437.100000,71.8200
1749844800,3437.200000,3447.700000,3433.200000,3437.700000,37.7206
1749859200,3437.600000,3438.800000,3433.600000,3433.600000,5.3153
1749873600,3433.900000,3435.600000,3430.000000,3432.400000,8.0763
1749888000,3432.400000,3438.800000,3430.000000,3437.400000,15.7668
1749902400,3436.600000,3439.700000,3432.100000,3439.600000,9.3934
1749916800,3439.700000,3457.100000,3436.100000,3455.200000,175.5493
1749931200,3455.200000,3468.100000,3452.400000,3462.900000,686.8907
1749945600,3463.000000,3475.700000,3455.700000,3460.900000,403.6104
1749960000,3460.800000,3462.800000,3453.800000,3458.500000,77.6593
1749974400,3458.600000,3465.000000,3455.700000,3464.900000,84.1312
1749988800,3464.400000,3466.600000,3452.600000,3456.400000,66.4542
1750003200,3456.600000,3461.800000,3447.400000,3460.700000,33.6900
1750017600,3460.600000,3464.200000,3442.300000,3451.900000,49.1314
1750032000,3451.900000,3459.100000,3436.300000,3437.900000,50.3287
1750046400,3437.800000,3438.700000,3415.700000,3417.800000,133.3417
1750060800,3417.300000,3425.300000,3413.900000,3418.600000,140.4022
1750075200,3418.600000,3421.800000,3391.200000,3405.400000,139.7137
1750089600,3406.100000,3406.400000,3384.300000,3386.500000,101.3616
1750104000,3386.600000,3408.000000,3383.000000,3408.000000,94.8317
1750118400,3408.100000,3410.200000,3383.400000,3390.700000,85.7748
1750132800,3390.600000,3399.300000,3386.100000,3392.700000,46.8601
1750147200,3393.300000,3404.500000,3379.600000,3394.100000,150.8637
1750161600,3392.900000,3399.900000,3369.600000,3382.800000,65.4719
1750176000,3382.600000,3394.200000,3379.900000,3386.700000,47.4257
1750190400,3386.600000,3400.600000,3385.500000,3391.600000,41.6583
1750204800,3391.300000,3393.400000,3376.700000,3392.100000,52.9292
1750219200,3392.400000,3400.100000,3383.500000,3389.900000,34.6931
1750233600,3389.900000,3392.300000,3381.300000,3386.700000,43.6832
1750248000,3387.900000,3399.800000,3379.700000,3395.600000,40.8525
1750262400,3396.400000,3397.300000,3369.200000,3371.400000,85.0483
1750276800,3370.600000,3380.700000,3367.900000,3378.000000,45.8959
1750291200,3378.000000,3389.200000,3373.400000,3377.000000,26.6695
1750305600,3377.000000,3377.700000,3354.500000,3370.900000,74.3694
1750320000,3370.100000,3379.800000,3368.100000,3377.100000,16.3339
1750334400,3376.200000,3378.000000,3367.600000,3376.900000,7.9666
1750348800,3376.300000,3383.100000,3371.100000,3381.900000,67.0914
1750363200,3381.800000,3381.800000,3368.000000,3372.800000,21.7782
1750377600,3373.400000,3376.400000,3354.100000,3360.600000,46.5082
1750392000,3362.300000,3364.400000,3349.200000,3355.600000,55.2662
1750406400,3355.300000,3364.500000,3353.400000,3356.000000,35.1688
1750420800,3354.600000,3378.900000,3350.900000,3375.800000,41.9251
1750435200,3376.000000,3379.300000,3368.900000,3370.100000,98.9313
1750449600,3370.400000,3381.900000,3369.900000,3379.000000,32.6267
1750464000,3378.900000,3379.600000,3373.200000,3375.000000,2.1393
1750478400,3375.800000,3380.800000,3374.800000,3380.100000,3.4447
1750492800,3378.700000,3381.000000,3376.200000,3377.400000,7.0848
1750507200,3377.500000,3381.500000,3377.500000,3380.200000,3.6965
1750521600,3380.400000,3386.800000,3378.500000,3386.800000,19.5181
1750536000,3386.900000,3393.600000,3371.800000,3380.500000,83.7818
1750550400,3381.100000,3402.900000,3378.900000,3398.600000,161.8062
1750564800,3399.300000,3405.100000,3391.800000,3397.700000,135.9637
1750579200,3397.700000,3414.900000,3395.900000,3403.100000,85.6109
1750593600,3402.700000,3434.200000,3395.300000,3428.000000,293.1813
1750608000,3427.900000,3432.000000,3412.000000,3419.600000,97.1708
1750622400,3419.100000,3427.200000,3383.300000,3384.300000,192.3824
1750636800,3384.900000,3386.400000,3364.200000,3370.700000,101.0127
1750651200,3370.700000,3371.000000,3355.000000,3363.200000,21.5436
1750665600,3363.400000,3386.800000,3363.400000,3385.900000,57.9490
1750680000,3385.300000,3394.700000,3364.500000,3391.600000,52.3723
1750694400,3390.200000,3398.600000,3378.000000,3378.600000,98.0034
1750708800,3378.600000,3383.300000,3350.000000,3350.100000,327.2483
1750723200,3350.300000,3362.000000,3339.900000,3357.300000,116.0625
1750737600,3357.700000,3358.000000,3323.800000,3333.600000,129.7833
1750752000,3333.800000,3337.700000,3321.100000,3325.000000,75.2128
1750766400,3324.800000,3324.800000,3300.200000,3315.900000,151.4468
1750780800,3315.900000,3327.500000,3312.600000,3325.500000,70.4555
1750795200,3325.800000,3329.300000,3320.400000,3325.900000,50.0376
1750809600,3326.000000,3336.300000,3326.000000,3330.900000,16.4495
1750824000,3329.400000,3337.300000,3326.300000,3331.300000,48.9426
1750838400,3331.600000,3334.400000,3323.100000,3323.600000,43.7979
1750852800,3324.000000,3328.800000,3313.700000,3326.200000,40.4591
1750867200,3326.200000,3334.700000,3324.700000,3330.900000,33.1116
1750881600,3331.400000,3338.500000,3330.300000,3338.300000,4.8838
1750896000,3338.400000,3340.000000,3330.300000,3335.900000,29.6607
1750910400,3335.400000,3345.100000,3331.500000,3342.600000,9.3743
1750924800,3343.000000,3346.700000,3333.400000,3333.400000,49.3322
1750939200,3334.300000,3343.100000,3314.600000,3326.700000,169.6505
1750953600,3326.600000,3338.300000,3326.100000,3332.500000,10.5707
1750968000,3332.400000,3333.200000,3319.600000,3320.000000,36.8210
1750982400,3320.100000,3323.800000,3298.900000,3298.900000,57.3673
1750996800,3299.200000,3303.500000,3289.800000,3289.900000,26.2379
1751011200,3290.500000,3295.700000,3282.300000,3286.300000,14.6785
1751025600,3286.400000,3286.800000,3263.900000,3276.400000,90.4865
1751040000,3277.000000,3285.000000,3272.000000,3274.100000,76.6047
1751054400,3273.900000,3282.900000,3273.600000,3282.200000,7.4792
1751068800,3282.600000,3283.700000,3280.100000,3281.500000,13.1905
1751083200,3281.500000,3284.100000,3276.000000,3277.100000,10.0091
1751097600,3277.100000,3280.900000,3276.500000,3277.100000,7.7403
1751112000,3277.200000,3284.400000,3276.900000,3280.900000,5.7610
1751126400,3280.700000,3283.000000,3279.400000,3281.700000,1.0582
1751140800,3281.300000,3283.200000,3279.500000,3279.600000,4.7808
1751155200,3279.700000,3279.700000,3279.000000,3279.600000,4.0690
1751169600,3279.700000,3283.100000,3279.400000,3282.600000,6.1362
1751184000,3282.800000,3284.600000,3278.500000,3279.100000,10.9700
1751198400,3278.600000,3278.600000,3271.900000,3271.900000,6.7102
1751212800,3271.900000,3273.300000,3270.400000,3272.100000,16.0589
1751227200,3272.100000,3278.000000,3254.500000,3265.900000,105.0759
1751241600,3267.700000,3287.200000,3263.000000,3281.500000,101.7197
1751256000,3283.300000,3298.100000,3277.700000,3293.500000,80.4942
1751270400,3293.900000,3296.900000,3278.000000,3281.200000,26.6805
1751284800,3280.700000,3292.100000,3280.700000,3291.300000,41.3333
1751299200,3290.400000,3307.400000,3289.100000,3306.600000,40.4556
1751313600,3306.700000,3311.900000,3300.000000,3310.600000,47.5198
1751328000,3310.600000,3318.900000,3308.900000,3317.500000,25.4147
1751342400,3318.600000,3335.000000,3316.900000,3334.600000,118.6114
1751356800,3334.600000,3348.100000,3332.700000,3344.900000,93.8828
1751371200,3345.300000,3352.500000,3334.200000,3335.900000,148.5829
1751385600,3336.100000,3339.400000,3334.200000,3335.100000,10.8494
1751400000,3335.300000,3340.300000,3328.800000,3335.900000,20.2707
1751414400,3335.000000,3344.200000,3328.200000,3338.400000,59.0474
1751428800,3337.300000,3340.600000,3325.700000,3331.400000,38.4833
1751443200,3330.800000,3344.300000,3327.900000,3339.400000,63.8859
1751457600,3340.100000,3347.400000,3330.000000,3336.200000,66.4545
1751472000,3338.300000,3353.100000,3337.800000,3352.600000,95.0538
1751486400,3352.600000,3359.200000,3345.600000,3345.800000,38.0569
1751500800,3345.000000,3347.000000,3338.500000,3343.200000,64.1896
1751515200,3343.700000,3358.300000,3343.500000,3349.200000,108.6137
1751529600,3349.100000,3353.100000,3339.200000,3341.400000,103.3941
1751544000,3340.200000,3346.700000,3311.000000,3323.700000,238.4674
1751558400,3323.700000,3331.300000,3322.900000,3325.200000,16.7506
1751572800,3325.200000,3328.400000,3319.500000,3327.800000,29.9431
1751587200,3327.800000,3334.700000,3322.600000,3334.500000,34.2706
1751601600,3334.700000,3341.200000,3332.800000,3340.100000,133.3571
1751616000,3340.000000,3340.700000,3329.100000,3332.300000,7.4033
1751630400,3332.300000,3335.500000,3328.600000,3330.400000,10.1701
1751644800,3330.400000,3338.300000,3328.600000,3338.000000,15.7870
1751659200,3337.600000,3339.400000,3335.800000,3338.100000,0.7911
1751673600,3338.200000,3339.800000,3335.600000,3336.900000,7.3518
1751688000,3336.900000,3339.300000,3331.300000,3334.300000,12.8213
1751702400,3333.900000,3337.200000,3333.900000,3335.300000,1.3347
1751716800,3335.400000,3338.500000,3334.300000,3337.300000,2.7222
1751731200,3337.400000,3337.500000,3333.700000,3335.300000,5.0506
1751745600,3335.000000,3338.600000,3335.000000,3335.100000,4.1149
1751760000,3335.200000,3335.200000,3333.700000,3335.200000,1.6059
1751774400,3335.300000,3337.000000,3335.200000,3336.600000,3.2604
1751788800,3337.200000,3338.600000,3335.200000,3337.900000,2.9098
1751803200,3337.900000,3338.600000,3332.300000,3334.400000,23.7084
1751817600,3334.400000,3339.500000,3332.100000,3335.900000,18.3779
1751832000,3335.800000,3338.600000,3324.600000,3324.800000,26.4184
1751846400,3324.800000,3325.700000,3304.700000,3309.600000,212.4717
1751860800,3309.900000,3314.300000,3300.100000,3300.100000,58.5638
1751875200,3300.500000,3311.200000,3296.100000,3302.100000,77.1368
1751889600,3302.600000,3319.800000,3301.100000,3319.100000,105.3256
1751904000,3319.600000,3337.200000,3319.600000,3334.000000,159.1559
1751918400,3334.000000,3341.700000,3330.000000,3331.500000,99.4250
1751932800,3331.400000,3336.000000,3328.200000,3329.600000,106.8827
1751947200,3328.600000,3335.700000,3326.900000,3330.900000,86.4148
1751961600,3329.400000,3329.400000,3317.100000,3321.700000,204.1623
1751976000,3321.800000,3326.300000,3289.400000,3298.900000,326.2386
1751990400,3299.000000,3307.700000,3296.200000,3300.900000,30.9867
1752004800,3301.100000,3305.500000,3296.000000,3300.000000,34.1951
1752019200,3302.200000,3306.300000,3286.200000,3294.400000,47.7820
1752033600,3293.000000,3297.700000,3286.600000,3292.600000,28.8489
1752048000,3292.100000,3295.500000,3284.800000,3285.200000,102.4146
1752062400,3286.900000,3310.400000,3286.900000,3308.400000,126.3735
1752076800,3307.800000,3315.000000,3306.400000,3312.100000,128.9143
1752091200,3312.200000,3317.300000,3306.100000,3313.400000,194.5872
1752105600,3313.900000,3321.200000,3311.600000,3311.700000,54.4082
1752120000,3311.400000,3325.600000,3310.900000,3318.700000,129.4902
1752134400,3318.700000,3325.600000,3315.600000,3316.300000,185.2257
1752148800,3316.100000,3323.600000,3306.800000,3315.300000,79.8391
1752163200,3314.000000,3328.300000,3307.600000,3320.700000,383.3679
1752177600,3320.500000,3323.800000,3314.800000,3319.700000,298.5211
1752192000,3319.900000,3330.700000,3319.100000,3329.400000,58.6307
1752206400,3329.300000,3335.000000,3323.500000,3330.700000,48.7309
1752220800,3333.300000,3340.800000,3325.500000,3339.300000,39.2882
1752235200,3340.200000,3361.600000,3337.300000,3354.200000,202.9208
1752249600,3354.200000,3354.800000,3344.300000,3350.900000,133.3748
1752264000,3351.100000,3351.700000,3343.900000,3349.700000,35.9340
1752278400,3351.200000,3354.600000,3343.600000,3350.400000,44.2314
1752292800,3350.200000,3352.100000,3344.700000,3347.400000,6.2552
1752307200,3348.000000,3349.400000,3344.300000,3347.100000,11.1059
1752321600,3347.200000,3353.200000,3344.800000,3350.000000,26.5468
1752336000,3349.900000,3355.000000,3347.600000,3354.000000,38.2597
1752350400,3353.900000,3354.900000,3350.900000,3354.000000,18.5961
1752364800,3354.300000,3355.200000,3348.500000,3353.200000,27.0246
1752379200,3353.400000,3353.900000,3350.400000,3352.100000,10.9476
1752393600,3352.500000,3353.300000,3349.900000,3349.900000,15.0517
1752408000,3349.900000,3351.400000,3345.600000,3349.000000,35.9924
1752422400,3349.400000,3349.800000,3344.800000,3345.200000,22.9092
1752436800,3345.500000,3365.500000,3342.000000,3359.500000,139.3678
1752451200,3358.900000,3364.000000,3346.400000,3348.500000,240.9761
1752465600,3348.600000,3369.500000,3345.000000,3368.500000,397.7536
1752480000,3369.000000,3370.400000,3360.600000,3360.700000,124.2903
1752494400,3361.200000,3366.200000,3341.900000,3345.400000,676.4889
1752508800,3344.600000,3350.700000,3342.400000,3342.600000,91.1283
1752523200,3343.200000,3348.100000,3341.000000,3345.100000,50.2764
1752537600,3345.800000,3356.300000,3344.300000,3356.300000,52.3181
1752552000,3356.400000,3363.100000,3356.000000,3360.300000,38.1647
1752566400,3360.700000,3362.600000,3350.900000,3351.400000,93.5450
1752580800,3351.300000,3356.600000,3326.200000,3328.000000,542.5478
1752595200,3329.600000,3331.900000,3321.100000,3328.400000,162.1629
1752609600,3329.200000,3331.700000,3323.300000,3331.200000,184.0132
1752624000,3330.900000,3334.000000,3325.300000,3334.000000,61.6324
1752638400,3334.000000,3341.300000,3333.000000,3336.400000,25.6508
1752652800,3335.900000,3341.600000,3332.200000,3338.500000,59.8734
1752667200,3338.600000,3370.200000,3320.000000,3341.100000,186.3897
1752681600,3339.700000,3353.400000,3335.700000,3344.000000,94.4793
1752696000,3344.000000,3349.000000,3338.800000,3343.700000,37.0999
1752710400,3344.100000,3344.600000,3335.800000,3339.900000,39.8713
1752724800,3340.000000,3343.100000,3324.200000,3324.500000,530.8740
1752739200,3324.800000,3331.400000,3322.500000,3323.800000,34.3200
1752753600,3324.100000,3337.500000,3312.300000,3335.900000,144.5898
1752768000,3336.500000,3339.000000,3332.800000,3338.700000,17.1726
1752782400,3338.300000,3340.900000,3328.200000,3336.100000,144.3610
1752796800,3336.900000,3339.200000,3330.700000,3331.100000,9.9301
1752811200,3331.400000,3345.400000,3322.700000,3344.900000,42.4395
1752825600,3344.100000,3352.200000,3340.100000,3350.700000,26.3467
1752840000,3351.300000,3359.100000,3345.800000,3351.200000,82.4990
1752854400,3351.200000,3356.000000,3346.300000,3346.700000,38.1386
1752868800,3346.700000,3349.500000,3344.500000,3345.100000,23.9229
1752883200,3345.100000,3346.700000,3341.900000,3344.600000,9.6384
1752897600,3344.300000,3351.900000,3344.300000,3349.800000,71.7809
1752912000,3350.700000,3352.600000,3348.300000,3348.300000,12.2337
1752926400,3349.500000,3350.200000,3347.300000,3348.600000,4.8999
1752940800,3348.700000,3352.100000,3347.700000,3350.700000,9.4310
1752955200,3350.800000,3352.100000,3348.500000,3350.200000,7.5487
1752969600,3350.400000,3352.600000,3349.800000,3351.300000,4.0457
1752984000,3351.300000,3351.900000,3346.900000,3349.700000,19.5403
1752998400,3349.900000,3350.400000,3348.300000,3349.400000,4.7802
1753012800,3349.400000,3350.100000,3346.900000,3347.900000,7.8745
1753027200,3347.900000,3352.800000,3346.300000,3347.600000,21.6729
1753041600,3347.400000,3349.600000,3343.700000,3346.400000,48.0323
1753056000,3347.500000,3355.400000,3343.600000,3349.700000,25.8580
1753070400,3349.600000,3363.000000,3348.200000,3360.000000,535.1432
1753084800,3359.900000,3367.200000,3357.300000,3367.100000,62.2797
1753099200,3367.100000,3393.200000,3365.800000,3391.200000,86.1549
1753113600,3392.500000,3393.200000,3384.300000,3392.200000,28.9637
1753128000,3392.700000,3396.400000,3384.800000,3391.000000,80.6722
1753142400,3388.400000,3392.000000,3380.800000,3387.000000,99.4237
1753156800,3387.100000,3387.100000,3378.400000,3382.500000,24.8055
1753171200,3382.500000,3386.900000,3380.700000,3386.700000,22.6829
1753185600,3386.700000,3423.000000,3386.700000,3420.000000,337.5339
1753200000,3419.900000,3427.800000,3419.300000,3424.500000,170.8196
1753214400,3425.300000,3426.400000,3420.100000,3420.200000,38.9679
1753228800,3421.000000,3427.800000,3411.300000,3417.100000,65.5586
1753243200,3417.200000,3423.100000,3410.800000,3415.200000,29.1644
1753257600,3415.400000,3426.600000,3415.000000,3422.700000,23.3598
1753272000,3422.000000,3423.100000,3394.000000,3394.000000,98.9515
1753286400,3393.900000,3393.900000,3381.100000,3387.200000,175.4587
1753300800,3387.400000,3389.000000,3381.200000,3388.100000,25.2564
1753315200,3388.000000,3391.500000,3372.700000,3378.200000,203.4101
1753329600,3378.300000,3378.800000,3364.300000,3366.100000,280.3290
1753344000,3366.000000,3372.200000,3360.300000,3362.300000,94.3585
1753358400,3362.200000,3376.900000,3352.700000,3372.600000,172.7969
1753372800,3372.800000,3373.400000,3365.000000,3370.000000,22.6373
1753387200,3369.500000,3370.400000,3364.600000,3369.300000,13.5399
1753401600,3369.600000,3372.600000,3359.000000,3359.000000,8.5541
1753416000,3358.800000,3362.200000,3353.500000,3354.300000,33.9778
1753430400,3354.400000,3355.900000,3342.300000,3343.800000,160.1929
1753444800,3343.700000,3349.900000,3330.300000,3330.600000,119.5147
1753459200,3330.700000,3342.700000,3330.000000,3340.500000,37.4435
1753473600,3340.500000,3347.600000,3337.700000,3342.600000,113.0238
1753488000,3344.500000,3346.100000,3340.900000,3344.500000,58.7680
1753502400,3344.500000,3346.700000,3342.300000,3345.400000,169.9412
1753516800,3345.300000,3348.200000,3344.200000,3347.200000,59.1170
1753531200,3347.200000,3347.400000,3342.200000,3346.900000,47.9375
1753545600,3347.000000,3347.500000,3343.400000,3344.900000,31.2701
1753560000,3345.300000,3348.800000,3344.700000,3346.200000,31.3800
1753574400,3346.300000,3347.700000,3344.300000,3345.000000,7.9357
1753588800,3345.400000,3348.300000,3344.300000,3346.200000,13.0060
1753603200,3347.600000,3348.700000,3344.300000,3347.000000,9.4309
1753617600,3347.200000,3347.900000,3343.600000,3343.600000,19.1262
1753632000,3343.600000,3346.900000,3341.300000,3343.300000,6.4165
1753646400,3343.400000,3344.300000,3329.000000,3336.800000,126.7230
1753660800,3337.900000,3346.900000,3335.100000,3346.700000,43.0023
1753675200,3346.700000,3348.000000,3337.600000,3338.700000,85.3423
1753689600,3338.700000,3343.500000,3335.300000,3338.700000,61.7896
1753704000,3339.000000,3340.100000,3309.400000,3318.700000,347.5411
1753718400,3318.100000,3322.400000,3312.700000,3320.500000,165.3733
1753732800,3320.600000,3323.500000,3314.400000,3316.500000,126.5509
1753747200,3316.000000,3325.500000,3312.000000,3317.200000,126.7142
1753761600,3317.400000,3329.900000,3313.900000,3321.100000,162.7192
1753776000,3321.500000,3331.900000,3316.700000,3316.700000,91.0123
1753790400,3316.200000,3333.900000,3314.400000,3321.400000,103.3623
1753804800,3322.200000,3332.000000,3320.700000,3326.400000,27.5625
1753819200,3326.700000,3339.300000,3326.400000,3328.800000,85.2487
1753833600,3330.000000,3335.200000,3324.300000,3330.800000,160.0667
1753848000,3329.700000,3333.900000,3325.800000,3329.600000,55.2881
1753862400,3329.900000,3335.900000,3328.400000,3332.800000,71.9100
1753876800,3333.000000,3334.000000,3296.000000,3296.500000,416.2841
1753891200,3296.400000,3311.000000,3277.900000,3278.100000,272.5622
1753905600,3278.500000,3294.400000,3278.200000,3294.100000,169.6297
1753920000,3295.200000,3305.400000,3292.600000,3302.000000,55.4387
1753934400,3301.700000,3311.500000,3301.100000,3305.700000,240.8997
1753948800,3306.300000,3315.700000,3297.500000,3308.200000,168.0677
1753963200,3307.900000,3312.900000,3295.400000,3297.800000,193.0517
1753977600,3298.700000,3301.400000,3294.000000,3294.600000,71.7500
1753992000,3294.900000,3298.500000,3292.500000,3292.500000,40.4215
1754006400,3292.700000,3300.600000,3286.200000,3294.200000,162.6325
1754020800,3295.000000,3304.600000,3289.500000,3290.800000,158.3848
1754035200,3290.900000,3305.300000,3289.300000,3302.800000,49.8939
1754049600,3304.300000,3351.900000,3301.500000,3347.700000,533.2924
1754064000,3346.700000,3357.000000,3338.900000,3353.400000,175.1514
1754078400,3354.200000,3363.500000,3354.200000,3361.900000,194.4371
1754092800,3362.200000,3366.500000,3359.000000,3360.000000,64.8969
1754107200,3360.100000,3363.400000,3355.200000,3359.800000,86.6758
1754121600,3359.700000,3362.000000,3357.800000,3361.100000,8.0511
1754136000,3361.200000,3361.700000,3356.500000,3357.900000,22.6514
1754150400,3357.400000,3362.100000,3356.000000,3358.700000,58.9358
1754164800,3358.900000,3361.500000,3356.200000,3360.000000,8.3482
1754179200,3360.500000,3361.300000,3356.000000,3357.300000,7.2593
1754193600,3357.200000,3361.200000,3355.600000,3356.700000,14.1860
1754208000,3357.800000,3360.800000,3356.400000,3357.700000,5.2637
1754222400,3357.500000,3362.400000,3356.200000,3360.000000,26.9577
1754236800,3361.300000,3362.200000,3357.900000,3359.900000,7.8539
1754251200,3360.700000,3363.500000,3353.400000,3359.300000,26.2462
1754265600,3360.400000,3360.400000,3344.200000,3356.500000,86.3999
1754280000,3358.600000,3360.800000,3349.700000,3353.600000,75.7786
1754294400,3355.500000,3368.000000,3351.300000,3367.600000,89.7907
1754308800,3367.600000,3380.900000,3359.900000,3371.300000,76.0694
1754323200,3371.200000,3375.100000,3368.000000,3373.800000,58.6064
1754337600,3374.200000,3376.800000,3368.500000,3374.700000,39.8046
1754352000,3374.900000,3379.100000,3370.000000,3370.200000,57.7380
1754366400,3370.000000,3371.600000,3362.900000,3371.200000,97.4572
1754380800,3371.200000,3371.200000,3347.100000,3349.300000,279.2780
1754395200,3349.100000,3386.300000,3348.600000,3385.600000,322.3930
1754409600,3385.600000,3386.500000,3374.000000,3375.800000,63.9842
1754424000,3375.700000,3381.200000,3375.200000,3379.200000,53.1057
1754438400,3379.300000,3381.500000,3369.700000,3371.500000,68.6552
1754452800,3371.700000,3374.600000,3365.400000,3370.700000,49.2598
1754467200,3370.100000,3371.100000,3355.700000,3362.100000,127.3601
1754481600,3362.300000,3374.600000,3357.500000,3374.000000,55.5945
1754496000,3373.300000,3374.400000,3365.700000,3366.700000,11.7592
1754510400,3368.100000,3371.000000,3363.900000,3367.600000,229.7810
1754524800,3367.700000,3379.600000,3362.800000,3375.100000,134.4679
1754539200,3375.600000,3391.000000,3368.900000,3389.900000,141.6150
1754553600,3390.800000,3390.800000,3369.100000,3374.600000,226.6584
1754568000,3374.700000,3387.000000,3372.000000,3384.600000,301.3131
1754582400,3384.700000,3393.400000,3378.500000,3393.300000,120.4304
1754596800,3393.200000,3395.200000,3380.500000,3392.200000,381.4894
1754611200,3392.400000,3397.400000,3378.700000,3390.800000,898.3120
1754625600,3391.700000,3404.900000,3387.200000,3396.700000,171.4254
1754640000,3398.000000,3398.000000,3378.000000,3382.200000,76.3331
1754654400,3385.100000,3395.000000,3374.600000,3386.300000,416.2346
1754668800,3386.200000,3391.400000,3374.300000,3389.800000,136.8846
1754683200,3389.900000,3391.000000,3384.800000,3387.600000,12.1615
1754697600,3388.100000,3390.800000,3386.400000,3387.500000,2.9129
1754712000,3387.800000,3389.900000,3376.100000,3384.000000,194.1070
1754726400,3384.600000,3393.600000,3376.900000,3384.000000,168.6389
1754740800,3384.600000,3392.700000,3383.700000,3387.800000,65.7793
1754755200,3388.200000,3391.100000,3384.900000,3388.100000,95.5581
1754769600,3388.100000,3391.700000,3385.800000,3388.400000,25.2558
1754784000,3388.900000,3390.000000,3386.700000,3388.400000,0.9614
1754798400,3388.000000,3390.500000,3386.900000,3387.300000,2.0281
1754812800,3387.400000,3398.500000,3386.700000,3391.600000,47.1410
1754827200,3391.700000,3399.000000,3387.600000,3392.500000,110.2694
1754841600,3392.800000,3397.100000,3388.100000,3392.200000,29.3767
1754856000,3393.600000,3395.200000,3379.900000,3385.200000,147.5020
1754870400,3385.700000,3385.700000,3365.300000,3373.700000,184.7335
1754884800,3374.300000,3375.500000,3355.800000,3358.200000,114.9986
1754899200,3358.000000,3365.700000,3350.200000,3354.600000,52.9530
1754913600,3354.800000,3361.200000,3345.400000,3350.200000,11.7906
1754928000,3351.000000,3358.500000,3342.200000,3351.500000,57.7103
1754942400,3351.200000,3351.400000,3341.800000,3349.200000,30.4630
1754956800,3349.200000,3356.800000,3346.900000,3349.400000,47.7000
1754971200,3349.900000,3356.400000,3342.200000,3354.400000,11.8542
1754985600,3354.500000,3355.600000,3337.000000,3346.300000,55.2870
1755000000,3347.200000,3356.100000,3333.400000,3348.600000,119.8443
1755014400,3348.600000,3351.500000,3345.900000,3347.200000,30.2635
1755028800,3347.300000,3353.000000,3344.700000,3350.600000,7.1830
1755043200,3349.700000,3352.900000,3342.600000,3347.300000,138.5836
1755057600,3347.300000,3357.500000,3346.000000,3355.000000,6.6813
1755072000,3354.700000,3364.500000,3351.300000,3358.900000,37.6276
1755086400,3360.800000,3367.100000,3354.100000,3355.700000,6.4635
1755100800,3356.600000,3359.700000,3350.100000,3356.000000,5.8274
1755115200,3357.200000,3360.300000,3354.400000,3360.000000,2.0803
1755129600,3360.700000,3369.500000,3354.000000,3356.700000,16.1612
1755144000,3358.200000,3363.600000,3344.700000,3345.700000,23.1950
1755158400,3346.200000,3358.000000,3343.300000,3355.000000,43.5036
1755172800,3355.100000,3358.100000,3336.300000,3341.700000,36.1783
1755187200,3342.100000,3342.100000,3329.900000,3338.300000,40.4121
1755201600,3337.700000,3337.900000,3332.600000,3335.100000,2.6981
1755216000,3335.500000,3344.200000,3333.400000,3343.400000,7.8915
1755230400,3343.400000,3347.600000,3341.500000,3347.100000,83.0134
1755244800,3347.200000,3347.600000,3339.300000,3344.800000,18.1423
1755259200,3344.000000,3346.900000,3336.300000,3343.200000,59.7209
1755273600,3343.300000,3343.400000,3335.900000,3339.700000,17.0998
1755288000,3339.800000,3342.500000,3336.200000,3338.400000,1.4328
1755302400,3339.200000,3341.700000,3336.900000,3339.900000,27.8899
1755316800,3339.500000,3341.700000,3335.800000,3340.100000,41.1993
1755331200,3340.100000,3341.500000,3332.800000,3337.800000,45.7041
1755345600,3338.000000,3340.200000,3335.200000,3338.200000,30.1992
1755360000,3338.100000,3339.900000,3336.900000,3338.800000,67.8311
1755374400,3338.900000,3339.700000,3335.700000,3337.400000,25.5891
1755388800,3337.500000,3339.400000,3337.000000,3337.900000,3.4904
1755403200,3338.000000,3339.100000,3336.900000,3338.500000,23.1849
1755417600,3338.200000,3339.900000,3336.500000,3339.200000,73.6644
1755432000,3340.100000,3340.400000,3336.500000,3340.000000,9.2438
1755446400,3340.000000,3340.200000,3336.600000,3337.900000,5.7621
1755460800,3338.000000,3341.000000,3327.200000,3328.700000,32.9040
1755475200,3329.300000,3351.500000,3329.000000,3346.900000,41.3292
1755489600,3347.300000,3356.700000,3346.300000,3347.300000,58.5957
1755504000,3347.400000,3349.800000,3344.800000,3345.200000,14.0486
1755518400,3344.700000,3346.700000,3333.200000,3335.900000,11.3698
1755532800,3336.700000,3336.700000,3332.300000,3333.300000,9.1125
1755547200,3334.000000,3336.300000,3332.600000,3332.800000,20.0231
1755561600,3332.500000,3343.000000,3328.800000,3339.600000,20.6445
1755576000,3339.200000,3341.700000,3335.400000,3340.000000,4.6039
1755590400,3340.700000,3344.300000,3337.200000,3342.600000,45.6393
1755604800,3341.800000,3341.800000,3324.600000,3325.100000,80.1783
1755619200,3325.700000,3325.700000,3318.100000,3319.400000,81.2573
1755633600,3319.600000,3321.900000,3316.200000,3316.600000,16.7542
1755648000,3316.600000,3320.500000,3314.500000,3318.500000,143.0290
1755662400,3319.000000,3328.700000,3318.000000,3327.000000,51.9213
1755676800,3326.100000,3334.800000,3323.700000,3334.300000,13.6926
1755691200,3334.100000,3349.000000,3333.900000,3341.000000,198.7269
1755705600,3340.600000,3350.000000,3340.600000,3350.000000,8.4051
1755720000,3349.900000,3351.700000,3347.100000,3348.300000,14.3404
1755734400,3348.100000,3348.100000,3341.600000,3341.600000,2.2133
1755748800,3341.600000,3342.600000,3337.800000,3342.500000,3.7457
1755763200,3342.500000,3344.600000,3329.900000,3336.600000,24.4420
1755777600,3336.600000,3348.600000,3336.500000,3344.600000,19.3890
1755792000,3344.900000,3345.700000,3338.800000,3340.900000,5.4578
1755806400,3340.900000,3344.300000,3339.400000,3339.400000,7.3083
1755820800,3339.700000,3340.700000,3334.200000,3334.800000,6.7035
1755835200,3334.800000,3338.100000,3329.000000,3329.000000,44.2964
1755849600,3330.700000,3334.400000,3329.500000,3331.300000,19.8247
1755864000,3331.700000,3375.600000,3325.500000,3365.100000,225.7416
1755878400,3365.000000,3372.200000,3365.000000,3369.600000,14.5629
1755892800,3370.000000,3370.200000,3364.600000,3368.500000,15.4031
1755907200,3368.500000,3370.700000,3365.700000,3368.300000,14.3009
1755921600,3367.900000,3369.000000,3365.200000,3365.600000,4.5449
1755936000,3367.600000,3371.200000,3367.000000,3369.600000,15.3286
1755950400,3369.500000,3371.900000,3366.500000,3369.300000,15.3056
1755964800,3370.300000,3372.100000,3369.300000,3369.800000,5.7635
1755979200,3370.100000,3372.100000,3367.600000,3371.700000,3.5818
1755993600,3371.600000,3372.100000,3368.700000,3369.300000,2.1413
1756008000,3369.400000,3369.600000,3366.600000,3367.200000,16.1206
1756022400,3367.600000,3370.900000,3366.300000,3368.400000,12.3599
1756036800,3368.500000,3371.100000,3367.500000,3370.800000,1.7344
1756051200,3370.900000,3372.900000,3368.200000,3368.900000,15.6499
1756065600,3369.900000,3370.600000,3363.500000,3366.000000,38.2479
1756080000,3366.500000,3367.000000,3358.200000,3366.300000,20.5802
1756094400,3366.600000,3367.000000,3361.700000,3363.500000,13.3439
1756108800,3364.100000,3370.900000,3359.400000,3369.100000,18.8101
1756123200,3369.400000,3372.600000,3361.400000,3370.700000,50.6641
1756137600,3371.400000,3374.100000,3362.800000,3362.800000,19.2685
1756152000,3362.800000,3363.300000,3347.500000,3350.800000,496.1206
1756166400,3351.100000,3377.300000,3345.900000,3366.700000,428.7646
1756180800,3367.300000,3374.000000,3363.700000,3372.100000,38.2752
1756195200,3371.900000,3375.700000,3365.200000,3374.600000,116.7826
1756209600,3373.400000,3385.100000,3366.300000,3383.300000,58.8778
1756224000,3383.000000,3385.600000,3375.700000,3383.800000,49.0584
1756238400,3383.800000,3390.100000,3383.800000,3386.300000,82.6490
1756252800,3387.900000,3388.700000,3378.100000,3378.700000,18.3852
1756267200,3378.600000,3380.400000,3370.400000,3380.300000,17.1834
1756281600,3380.400000,3384.000000,3373.300000,3375.400000,10.0581
1756296000,3375.300000,3387.900000,3372.900000,3385.100000,81.2919
1756310400,3386.900000,3394.500000,3385.200000,3393.900000,19.3312
1756324800,3393.700000,3398.200000,3390.700000,3393.500000,8.1783
1756339200,3394.700000,3396.300000,3383.000000,3388.600000,96.7459
1756353600,3388.600000,3395.600000,3386.100000,3394.100000,25.2030
1756368000,3394.300000,3406.100000,3392.000000,3401.700000,100.5759
1756382400,3401.000000,3411.500000,3393.400000,3410.400000,75.4781
1756396800,3410.500000,3422.200000,3409.900000,3422.100000,50.5287
1756411200,3422.200000,3422.500000,3415.300000,3416.100000,64.1467
1756425600,3416.200000,3417.200000,3407.300000,3411.100000,82.2846
1756440000,3411.200000,3414.100000,3407.000000,3410.800000,58.4039
1756454400,3411.500000,3415.700000,3405.400000,3410.400000,30.4012
1756468800,3410.400000,3449.100000,3406.500000,3446.900000,69.2666
1756483200,3447.400000,3457.800000,3444.600000,3457.600000,87.0757
1756497600,3456.400000,3457.000000,3448.500000,3455.100000,26.6591
1756512000,3455.200000,3456.900000,3450.300000,3455.500000,7.9800
1756526400,3455.600000,3457.100000,3451.800000,3454.400000,11.3348
1756540800,3454.700000,3457.600000,3452.200000,3453.700000,127.2145
1756555200,3453.800000,3458.900000,3452.500000,3453.200000,25.9733
1756569600,3453.200000,3459.000000,3452.800000,3458.400000,44.9218
1756584000,3458.900000,3459.900000,3456.500000,3458.800000,62.4483
1756598400,3458.200000,3458.800000,3454.000000,3457.100000,11.2626
1756612800,3457.200000,3460.000000,3455.300000,3457.300000,49.7632
1756627200,3457.300000,3459.200000,3451.900000,3457.200000,41.5307
1756641600,3457.300000,3463.500000,3455.900000,3462.000000,157.0917
1756656000,3462.000000,3465.000000,3458.700000,3461.600000,88.4652
1756670400,3461.600000,3464.000000,3451.100000,3458.200000,254.5563
1756684800,3458.900000,3495.400000,3448.600000,3485.100000,388.2178
1756699200,3485.400000,3504.200000,3482.000000,3488.400000,165.6346
1756713600,3490.200000,3492.700000,3476.900000,3479.800000,111.6804
1756728000,3480.300000,3485.700000,3471.900000,3479.800000,307.7415
1756742400,3479.900000,3485.900000,3477.800000,3481.300000,71.2044
1756756800,3481.300000,3489.100000,3479.700000,3487.500000,87.5807
1756771200,3487.500000,3524.100000,3486.600000,3506.900000,614.6494
1756785600,3507.600000,3512.900000,3481.100000,3483.900000,300.5715
1756800000,3484.100000,3495.800000,3476.800000,3495.800000,199.6767
1756814400,3496.200000,3526.500000,3482.800000,3526.500000,122.6002
1756828800,3527.800000,3545.800000,3524.500000,3542.800000,104.1902
1756843200,3543.000000,3545.100000,3530.600000,3534.700000,186.4269
1756857600,3535.200000,3553.400000,3532.700000,3534.800000,170.8711
1756872000,3536.000000,3544.700000,3534.800000,3540.900000,64.4107
1756886400,3541.000000,3554.000000,3540.600000,3551.700000,45.4740
1756900800,3552.100000,3568.100000,3547.700000,3565.800000,157.3467
1756915200,3566.000000,3578.600000,3563.200000,3564.600000,75.6461
1756929600,3565.100000,3567.700000,3556.700000,3561.900000,59.6512
1756944000,3562.200000,3564.200000,3516.600000,3531.800000,339.1661
1756958400,3532.100000,3542.900000,3527.300000,3542.900000,119.4238
1756972800,3543.000000,3551.100000,3538.600000,3546.600000,100.0708
1756987200,3547.700000,3558.400000,3536.400000,3554.300000,111.6351
1757001600,3554.500000,3556.500000,3544.300000,3550.800000,12.0030
1757016000,3550.400000,3553.500000,3540.400000,3551.900000,18.1522
1757030400,3552.200000,3559.400000,3547.900000,3559.400000,19.7105
1757044800,3559.100000,3560.700000,3546.100000,3546.100000,26.5385
1757059200,3546.700000,3555.400000,3545.000000,3551.700000,7.7893
1757073600,3553.500000,3593.900000,3550.300000,3590.000000,404.3838
1757088000,3589.600000,3596.500000,3586.500000,3592.800000,49.6367
1757102400,3593.000000,3593.000000,3584.700000,3588.000000,17.0954
1757116800,3588.500000,3591.100000,3584.800000,3588.100000,2.9881
1757131200,3588.200000,3591.300000,3587.600000,3590.700000,2.7916
1757145600,3592.100000,3594.900000,3588.800000,3592.600000,66.8544
1757160000,3592.900000,3595.100000,3591.000000,3593.400000,4.6439
1757174400,3593.900000,3603.000000,3592.400000,3599.100000,61.7052
1757188800,3598.700000,3605.300000,3596.000000,3599.700000,102.8242
1757203200,3600.300000,3606.700000,3595.200000,3596.300000,147.4286
1757217600,3596.300000,3605.100000,3595.500000,3599.800000,179.9960
1757232000,3599.600000,3603.000000,3597.400000,3603.000000,26.8260
1757246400,3602.400000,3605.800000,3598.500000,3604.300000,14.9376
1757260800,3604.500000,3609.000000,3600.800000,3604.000000,13.9520
1757275200,3603.800000,3605.600000,3592.500000,3597.100000,85.3420
1757289600,3597.300000,3601.900000,3585.200000,3585.500000,103.0841
1757304000,3585.400000,3614.100000,3582.100000,3610.900000,260.0503
1757318400,3611.300000,3622.400000,3608.600000,3620.800000,63.4332
1757332800,3620.700000,3643.900000,3616.200000,3637.800000,137.4346
1757347200,3638.300000,3640.600000,3630.500000,3635.200000,32.7719
1757361600,3635.200000,3637.600000,3624.400000,3635.900000,36.3726
1757376000,3636.300000,3653.900000,3635.900000,3646.400000,29.2025
1757390400,3646.800000,3665.100000,3641.700000,3648.000000,247.7514
1757404800,3648.300000,3658.600000,3646.500000,3652.800000,14.6194
1757419200,3651.900000,3675.800000,3636.000000,3649.400000,85.4454
1757433600,3650.900000,3652.900000,3630.400000,3631.800000,693.8693
1757448000,3632.200000,3643.000000,3625.100000,3635.900000,1425.6223
1757462400,3635.800000,3640.500000,3625.100000,3638.000000,2188.9979
1757476800,3638.100000,3650.600000,3638.100000,3646.600000,824.6988
1757491200,3646.300000,3658.700000,3645.000000,3646.700000,1030.5913
1757505600,3646.500000,3653.600000,3636.500000,3641.900000,260.7162
1757520000,3642.400000,3646.500000,3634.500000,3640.500000,43.7556
1757534400,3640.500000,3643.100000,3635.700000,3642.800000,59.0797
1757548800,3642.800000,3646.700000,3629.900000,3630.700000,104.9455
1757563200,3631.000000,3634.200000,3622.900000,3627.500000,83.7330
1757577600,3628.300000,3629.400000,3613.300000,3615.000000,85.7001
1757592000,3615.500000,3642.000000,3615.500000,3629.500000,323.0807
1757606400,3630.000000,3638.800000,3629.800000,3635.900000,58.5130
1757620800,3635.600000,3636.800000,3631.400000,3631.900000,18.1970
1757635200,3631.100000,3650.600000,3630.000000,3650.200000,133.4729
1757649600,3650.400000,3654.500000,3646.800000,3646.800000,39.0519
1757664000,3646.900000,3650.700000,3637.500000,3647.400000,93.5406
1757678400,3646.900000,3653.400000,3637.700000,3644.200000,240.0167
1757692800,3641.400000,3648.500000,3640.700000,3640.700000,23.2870
1757707200,3640.900000,3645.000000,3634.700000,3643.800000,42.2734
1757721600,3643.400000,3647.200000,3637.000000,3639.900000,29.4511
1757736000,3639.900000,3641.000000,3635.700000,3638.900000,135.4271
1757750400,3638.600000,3644.600000,3634.800000,3639.000000,53.3483
1757764800,3639.400000,3640.900000,3635.600000,3638.300000,9.8284
1757779200,3639.100000,3641.300000,3636.800000,3637.200000,5.9397
1757793600,3637.000000,3638.700000,3635.300000,3638.700000,2.0366
1757808000,3638.800000,3642.100000,3636.800000,3641.400000,6.2450
1757822400,3641.000000,3645.500000,3641.000000,3643.300000,35.5295
1757836800,3643.300000,3645.400000,3641.700000,3644.400000,4.3029
1757851200,3644.300000,3646.300000,3642.000000,3646.300000,17.7073
1757865600,3646.400000,3648.300000,3643.900000,3645.300000,23.8741
1757880000,3645.500000,3647.400000,3637.700000,3639.200000,162.5016
1757894400,3639.800000,3646.500000,3629.600000,3645.700000,1072.0336
1757908800,3646.000000,3647.600000,3634.500000,3645.000000,386.8171
1757923200,3644.600000,3647.500000,3637.600000,3646.500000,129.6502
1757937600,3645.100000,3682.900000,3640.100000,3681.600000,127.4745
1757952000,3681.900000,3687.200000,3677.000000,3681.200000,222.1692
1757966400,3681.000000,3683.400000,3674.200000,3676.900000,123.0094
1757980800,3677.000000,3687.100000,3677.000000,3681.100000,429.3682
1757995200,3681.400000,3692.800000,3680.800000,3685.400000,454.0017
1758009600,3686.000000,3699.800000,3685.800000,3699.700000,122.7614
1758024000,3698.700000,3703.700000,3678.400000,3687.100000,381.9856
1758038400,3687.100000,3691.100000,3685.300000,3690.600000,260.4309
1758052800,3690.500000,3695.000000,3688.400000,3695.000000,108.7956
1758067200,3694.800000,3695.100000,3678.400000,3683.500000,974.5764
1758081600,3683.200000,3687.200000,3669.200000,3669.200000,696.2915
1758096000,3670.200000,3672.700000,3663.300000,3668.500000,912.0964
1758110400,3668.400000,3690.200000,3668.400000,3685.500000,1710.7669
1758124800,3685.500000,3703.600000,3651.100000,3661.400000,669.5528
1758139200,3662.400000,3670.500000,3657.500000,3669.800000,25.2065
1758153600,3668.000000,3668.100000,3653.800000,3660.300000,50.1891
1758168000,3660.200000,3661.200000,3638.100000,3657.000000,193.5710
1758182400,3657.400000,3670.000000,3652.400000,3666.500000,62.7655
1758196800,3666.300000,3671.200000,3631.900000,3641.500000,111.1945
1758211200,3643.200000,3648.200000,3640.800000,3646.700000,258.1608
1758225600,3646.500000,3647.500000,3638.600000,3639.600000,130.3031
1758240000,3640.300000,3653.600000,3635.500000,3652.500000,915.4313
1758254400,3652.700000,3660.700000,3640.500000,3650.300000,297.9949
1758268800,3649.700000,3656.600000,3643.900000,3645.200000,90.7960
1758283200,3645.200000,3672.900000,3642.500000,3669.300000,109.8087
1758297600,3669.200000,3682.500000,3664.100000,3681.500000,54.6887
1758312000,3681.400000,3685.800000,3678.600000,3685.300000,33.7795
1758326400,3685.700000,3686.300000,3679.500000,3685.300000,45.5046
1758340800,3685.300000,3686.300000,3677.700000,3680.700000,13.3788
1758355200,3681.100000,3686.200000,3677.900000,3685.300000,19.9900
1758369600,3684.300000,3686.700000,3678.900000,3681.400000,40.9663
1758384000,3681.800000,3686.300000,3681.600000,3683.900000,4.3045
1758398400,3683.700000,3686.300000,3681.800000,3685.300000,2.7015
1758412800,3683.700000,3686.900000,3682.100000,3686.300000,11.3193
1758427200,3686.300000,3686.300000,3683.400000,3686.300000,16.8697
1758441600,3686.100000,3686.200000,3682.200000,3683.200000,14.9463
1758456000,3682.600000,3686.500000,3682.600000,3685.800000,5.5491
1758470400,3685.800000,3686.600000,3684.400000,3684.600000,6.2266
1758484800,3684.700000,3687.600000,3679.400000,3683.400000,47.3861
1758499200,3683.300000,3694.200000,3683.000000,3692.600000,203.3347
1758513600,3692.600000,3714.700000,3686.700000,3712.100000,189.3876
1758528000,3711.800000,3729.600000,3710.900000,3725.500000,616.0311
1758542400,3725.800000,3736.800000,3714.800000,3736.200000,1412.6697
1758556800,3736.400000,3748.300000,3733.700000,3748.200000,757.1496
1758571200,3747.600000,3754.900000,3738.700000,3747.100000,1505.5012
1758585600,3747.800000,3759.100000,3737.500000,3744.800000,1752.6947
1758600000,3744.900000,3758.700000,3742.500000,3752.200000,645.7274
1758614400,3751.800000,3789.200000,3751.200000,3781.700000,776.9878
1758628800,3781.200000,3785.500000,3765.100000,3776.700000,325.9845
1758643200,3776.700000,3781.600000,3752.900000,3764.600000,401.6823
1758657600,3764.600000,3769.200000,3761.600000,3763.900000,330.4569
1758672000,3763.900000,3769.300000,3750.700000,3766.100000,356.1110
1758686400,3766.100000,3777.100000,3763.600000,3776.100000,224.1638
1758700800,3775.300000,3776.300000,3761.000000,3768.600000,165.1762
1758715200,3768.500000,3772.200000,3741.200000,3741.900000,552.6529
1758729600,3740.800000,3744.900000,3717.700000,3731.500000,356.2517
1758744000,3730.600000,3745.500000,3730.500000,3743.600000,142.2118
1758758400,3743.600000,3751.200000,3730.300000,3736.300000,80.8354
1758772800,3736.500000,3755.700000,3732.400000,3753.400000,123.2741
1758787200,3754.400000,3761.800000,3743.200000,3754.700000,106.0451
1758801600,3752.900000,3757.200000,3724.900000,3735.000000,184.8904
1758816000,3736.900000,3758.900000,3733.400000,3747.500000,110.5670
1758830400,3747.200000,3754.300000,3739.900000,3744.600000,88.9699
1758844800,3746.100000,3752.500000,3735.500000,3746.300000,21.9517
1758859200,3746.400000,3754.600000,3740.900000,3749.500000,21.0729
1758873600,3749.000000,3754.000000,3743.300000,3750.100000,37.1779
1758888000,3750.700000,3782.700000,3748.700000,3779.700000,99.5810
1758902400,3778.100000,3782.800000,3765.600000,3767.000000,67.1671
1758916800,3767.400000,3770.100000,3756.900000,3762.800000,282.4102
1758931200,3761.800000,3765.400000,3759.700000,3764.700000,52.9750
1758945600,3764.600000,3765.100000,3761.000000,3764.300000,20.9195
1758960000,3764.600000,3766.100000,3762.100000,3764.400000,76.2058
1758974400,3764.100000,3779.800000,3762.700000,3775.200000,44.6817
1758988800,3775.500000,3777.800000,3758.500000,3761.300000,282.0708
1759003200,3761.000000,3765.300000,3759.500000,3763.200000,171.0670
1759017600,3765.600000,3765.600000,3762.300000,3764.000000,62.6399
1759032000,3764.200000,3766.000000,3762.800000,3765.300000,41.8503
1759046400,3764.800000,3765.800000,3762.700000,3763.300000,9.5264
1759060800,3763.100000,3765.800000,3759.600000,3761.700000,15.2110
1759075200,3761.100000,3762.000000,3758.600000,3760.100000,7.5065
1759089600,3760.100000,3772.100000,3755.500000,3767.600000,36.7811
1759104000,3767.600000,3795.700000,3766.500000,3793.100000,260.4934
1759118400,3793.500000,3818.000000,3791.300000,3805.200000,180.7947
1759132800,3805.800000,3832.100000,3805.800000,3829.600000,222.8196
1759147200,3830.100000,3831.800000,3812.100000,3828.700000,404.3601
1759161600,3828.900000,3831.800000,3822.500000,3826.700000,154.5984
1759176000,3826.700000,3839.600000,3824.900000,3832.600000,127.6788
1759190400,3832.600000,3868.900000,3831.600000,3867.400000,165.6546
1759204800,3867.200000,3871.700000,3841.300000,3845.200000,236.1346
1759219200,3845.200000,3848.100000,3797.000000,3816.400000,831.2847
1759233600,3816.300000,3852.700000,3809.500000,3838.600000,462.5528
1759248000,3839.300000,3860.500000,3839.200000,3859.400000,88.5080
1759262400,3859.300000,3864.800000,3852.000000,3864.500000,132.1772
1759276800,3865.000000,3875.400000,3858.400000,3863.000000,154.5234
1759291200,3862.900000,3878.400000,3854.100000,3877.400000,344.3158
1759305600,3878.500000,3895.000000,3878.500000,3884.000000,329.3737
1759320000,3883.800000,3890.100000,3860.100000,3870.600000,725.2549
1759334400,3870.300000,3871.900000,3857.100000,3866.900000,293.9093
1759348800,3867.600000,3869.800000,3859.000000,3863.000000,193.3321
1759363200,3863.200000,3869.000000,3851.800000,3865.700000,196.6322
1759377600,3865.100000,3873.800000,3861.300000,3868.900000,55.9442
1759392000,3868.800000,3884.900000,3864.500000,3884.100000,42.9773
1759406400,3884.100000,3892.900000,3825.000000,3832.500000,599.3785
1759420800,3832.300000,3860.700000,3832.300000,3858.000000,216.6094
1759435200,3857.400000,3863.900000,3846.800000,3862.800000,119.3935
1759449600,3862.500000,3863.600000,3841.900000,3844.300000,239.9073
1759464000,3844.300000,3865.600000,3844.200000,3865.100000,147.3507
1759478400,3865.200000,3867.900000,3856.700000,3862.500000,91.7237
1759492800,3862.700000,3887.000000,3862.000000,3885.700000,233.5831
1759507200,3885.700000,3886.100000,3874.400000,3881.900000,309.6277
1759521600,3881.700000,3886.800000,3878.100000,3885.200000,53.6552
1759536000,3885.300000,3887.500000,3880.500000,3886.100000,33.6084
1759550400,3885.700000,3888.400000,3880.300000,3882.100000,57.3990
1759564800,3882.200000,3889.000000,3882.200000,3888.400000,12.6771
1759579200,3888.500000,3893.200000,3884.400000,3890.500000,44.5486
1759593600,3890.900000,3891.200000,3887.300000,3891.100000,27.0802
1759608000,3891.100000,3893.200000,3887.300000,3891.800000,190.7333
1759622400,3891.700000,3892.900000,3887.600000,3889.900000,66.9897
1759636800,3890.300000,3893.500000,3887.000000,3890.100000,86.9841
1759651200,3889.900000,3892.800000,3885.900000,3889.100000,148.6030
1759665600,3889.100000,3891.200000,3883.200000,3888.500000,98.7836
1759680000,3889.100000,3891.800000,3885.200000,3888.600000,56.3300
1759694400,3888.400000,3917.000000,3885.600000,3908.800000,105.3738
1759708800,3909.100000,3931.500000,3900.200000,3931.000000,185.5102
1759723200,3930.800000,3945.300000,3924.900000,3943.400000,163.6767
1759737600,3943.600000,3950.000000,3934.100000,3940.600000,278.0072
1759752000,3940.000000,3966.200000,3929.400000,3963.600000,572.1689
1759766400,3963.600000,3970.300000,3946.600000,3959.500000,319.5247
1759780800,3960.000000,3977.600000,3959.500000,3971.700000,255.3000
1759795200,3972.500000,3977.900000,3958.200000,3974.200000,414.3457
1759809600,3974.000000,3977.900000,3946.600000,3946.600000,421.3112
1759824000,3948.100000,3969.500000,3944.100000,3968.700000,313.6545
1759838400,3968.500000,3990.200000,3962.600000,3966.600000,412.8347
1759852800,3967.100000,3987.300000,3963.300000,3980.900000,227.9775
1759867200,3980.900000,3994.500000,3980.100000,3992.800000,285.2169
1759881600,3992.800000,4016.800000,3985.700000,4016.200000,121.2363
1759896000,4016.100000,4042.600000,4016.000000,4036.000000,273.7496
1759910400,4037.700000,4054.700000,4035.000000,4041.000000,342.2566
1759924800,4040.900000,4057.700000,4031.000000,4047.500000,556.0283
1759939200,4048.300000,4061.500000,4038.200000,4047.900000,482.1080
1759953600,4047.300000,4049.200000,4009.900000,4022.000000,743.8255
1759968000,4020.700000,4042.800000,4012.600000,4033.400000,636.8063
1759982400,4033.800000,4049.800000,4031.800000,4037.600000,349.5102
1759996800,4037.800000,4049.700000,4036.500000,4046.500000,282.9432
1760011200,4046.600000,4058.500000,4012.900000,4025.800000,729.6736
1760025600,4025.800000,4031.000000,3948.400000,3977.300000,691.9401
1760040000,3977.400000,3990.300000,3962.400000,3989.600000,183.7439
1760054400,3990.000000,3995.100000,3963.100000,3965.000000,171.4512
1760068800,3962.900000,3977.300000,3949.000000,3972.500000,285.8023
1760083200,3972.200000,4007.100000,3970.800000,3988.100000,221.3032
1760097600,3988.700000,4022.700000,3973.900000,3998.600000,391.5339
1760112000,3998.900000,4023.300000,3978.500000,4012.700000,385.7765
1760126400,4013.900000,4113.600000,3962.300000,3998.000000,644.5913
1760140800,3998.400000,4016.800000,3976.500000,3992.300000,1333.1634
1760155200,3991.400000,4002.700000,3984.100000,3999.900000,275.1787
1760169600,3999.400000,4009.500000,3996.700000,4009.000000,53.5855
1760184000,4009.000000,4012.000000,3997.200000,4000.600000,157.1480
1760198400,4000.900000,4007.800000,3997.600000,3998.300000,125.6761
1760212800,3998.200000,4007.200000,3992.800000,4007.200000,163.6336
1760227200,4006.900000,4018.000000,4006.000000,4016.000000,139.9702
1760241600,4016.300000,4019.600000,4013.500000,4018.400000,126.7928
1760256000,4018.400000,4022.300000,4016.200000,4020.200000,140.6534
1760270400,4020.200000,4025.600000,4004.800000,4011.700000,260.8930
1760284800,4012.100000,4021.700000,4008.600000,4015.100000,229.8268
1760299200,4015.000000,4058.100000,4009.600000,4036.200000,1020.1909
1760313600,4035.300000,4055.800000,4026.400000,4051.600000,846.5313
1760328000,4051.500000,4078.900000,4050.700000,4072.900000,582.2033
1760342400,4071.800000,4089.200000,4071.100000,4075.800000,980.1727
1760356800,4075.900000,4107.200000,4074.400000,4105.100000,1365.1693
1760371200,4105.600000,4117.400000,4094.700000,4112.300000,1786.8267
1760385600,4111.800000,4133.300000,4107.700000,4129.500000,1580.3546
1760400000,4130.000000,4175.300000,4121.700000,4173.900000,532.3881
1760414400,4174.000000,4191.500000,4102.000000,4133.600000,863.6782
1760428800,4135.600000,4153.000000,4124.200000,4133.100000,395.4701
1760443200,4133.100000,4143.900000,4101.200000,4139.900000,663.1191
1760457600,4139.900000,4161.400000,4130.400000,4143.700000,2484.9939
1760472000,4144.500000,4173.500000,4143.300000,4167.900000,733.8261
1760486400,4168.100000,4200.000000,4162.500000,4197.600000,468.6139
1760500800,4197.100000,4371.400000,4185.200000,4219.500000,439.7471
1760515200,4221.100000,4232.000000,4175.100000,4209.700000,1383.7424
1760529600,4210.300000,4215.000000,4185.900000,4195.000000,903.7247
1760544000,4195.100000,4214.900000,4188.000000,4211.500000,925.3291
1760558400,4211.800000,4220.500000,4202.500000,4215.900000,1327.2017
1760572800,4216.000000,4257.100000,4213.900000,4250.800000,734.3372
1760587200,4250.900000,4253.000000,4223.000000,4242.200000,401.5239
1760601600,4242.000000,4250.300000,4229.800000,4244.700000,985.9111
1760616000,4244.600000,4279.300000,4235.700000,4276.500000,715.1204
1760630400,4277.300000,4314.700000,4267.200000,4309.600000,1609.4405
1760644800,4310.100000,4389.200000,4310.100000,4381.300000,2186.0999
1760659200,4381.600000,4381.600000,4298.500000,4378.000000,1305.9744
1760673600,4378.200000,4394.000000,4338.700000,4348.100000,1670.8231
1760688000,4348.400000,4356.500000,4285.000000,4286.200000,1176.8788
1760702400,4285.500000,4321.000000,4209.100000,4234.200000,1655.4844
1760716800,4235.800000,4242.300000,4175.900000,4221.400000,1188.8130
1760731200,4221.500000,4258.400000,4214.200000,4237.300000,328.9211
1760745600,4237.300000,4248.900000,4235.600000,4243.300000,217.1838
1760760000,4243.300000,4246.200000,4223.400000,4228.900000,164.9053
1760774400,4229.300000,4240.100000,4226.900000,4232.300000,135.6721
1760788800,4232.500000,4238.100000,4231.100000,4236.900000,205.2065
1760803200,4237.500000,4252.400000,4230.800000,4252.000000,133.5135
1760817600,4251.900000,4252.600000,4222.600000,4229.100000,561.6371
1760832000,4229.500000,4244.700000,4229.500000,4236.200000,147.6861
1760846400,4236.700000,4242.500000,4234.700000,4236.900000,52.5049
1760860800,4236.800000,4244.600000,4234.400000,4235.500000,101.4273
1760875200,4235.800000,4242.900000,4229.200000,4235.800000,150.3552
1760889600,4235.800000,4241.600000,4231.800000,4237.400000,113.1272
1760904000,4237.300000,4255.500000,4228.200000,4232.700000,341.5645
1760918400,4231.100000,4258.700000,4210.500000,4254.500000,574.1329
1760932800,4254.500000,4259.800000,4216.700000,4245.200000,335.0815
1760947200,4244.900000,4265.300000,4237.200000,4265.300000,215.1117
1760961600,4265.800000,4345.600000,4262.400000,4341.500000,728.4732
1760976000,4340.800000,4377.800000,4330.400000,4374.900000,539.6294
1760990400,4374.900000,4375.400000,4346.400000,4359.900000,521.8015
1761004800,4357.200000,4369.700000,4334.800000,4346.800000,396.7488
1761019200,4346.000000,4346.000000,4288.400000,4295.400000,383.5414
1761033600,4292.200000,4293.500000,4243.600000,4250.400000,608.1359
1761048000,4252.000000,4255.500000,4090.000000,4134.000000,2170.7923
1761062400,4135.600000,4139.500000,4092.500000,4109.400000,1370.4785
1761076800,4107.200000,4131.600000,4092.500000,4095.200000,566.2395
1761091200,4095.300000,4145.600000,4014.900000,4132.300000,2027.6597
1761105600,4132.800000,4163.000000,4114.400000,4133.800000,856.3310
1761120000,4134.000000,4136.700000,4018.100000,4029.700000,1872.9763
1761134400,4029.600000,4087.300000,4015.900000,4037.700000,1330.4970
1761148800,4037.600000,4109.400000,4025.400000,4102.700000,465.3456
1761163200,4101.500000,4107.000000,4081.900000,4089.100000,346.5963
1761177600,4086.800000,4101.900000,4066.800000,4091.400000,389.8158
1761192000,4091.700000,4131.300000,4081.100000,4088.300000,381.7387
1761206400,4088.500000,4120.600000,4088.500000,4109.800000,208.3935
1761220800,4108.400000,4148.500000,4099.200000,4136.000000,293.2975
1761235200,4135.800000,4143.200000,4111.500000,4112.400000,160.4983
1761249600,4112.800000,4126.200000,4102.000000,4115.800000,129.4792
1761264000,4116.600000,4138.000000,4106.500000,4119.200000,115.6869
1761278400,4119.200000,4119.800000,4068.500000,4071.500000,183.2478
1761292800,4071.800000,4074.400000,4045.400000,4061.000000,280.6369
1761307200,4061.600000,4127.300000,4060.400000,4123.500000,656.4499
1761321600,4124.300000,4132.200000,4095.400000,4098.800000,172.9825
1761336000,4097.900000,4116.700000,4091.600000,4109.600000,65.5796
1761350400,4109.600000,4118.400000,4106.300000,4108.100000,46.6405
1761364800,4109.800000,4114.100000,4108.000000,4110.300000,14.2932
1761379200,4110.400000,4115.400000,4108.300000,4111.400000,16.1018
1761393600,4112.100000,4114.800000,4106.600000,4106.600000,51.5500
1761408000,4106.900000,4112.200000,4106.200000,4108.900000,19.3460
1761422400,4108.900000,4111.800000,4107.400000,4111.200000,5.4511
1761436800,4111.100000,4112.300000,4108.000000,4109.900000,7.4010
1761451200,4109.800000,4111.600000,4105.700000,4107.700000,24.5635
1761465600,4107.700000,4109.600000,4105.000000,4107.100000,28.5925
1761480000,4107.600000,4108.200000,4100.400000,4101.900000,106.9449
1761494400,4101.900000,4107.100000,4098.600000,4099.800000,104.3515
1761508800,4099.600000,4104.200000,4058.000000,4058.900000,718.1059
1761523200,4058.900000,4093.000000,4055.300000,4066.000000,321.8972
1761537600,4064.800000,4078.300000,4050.000000,4062.000000,262.3414
1761552000,4061.500000,4063.300000,4015.500000,4020.600000,411.0199
1761566400,4020.300000,4044.100000,3969.400000,3984.300000,761.2175
1761580800,3986.100000,4004.500000,3981.200000,3982.400000,272.1598
1761595200,3983.500000,3998.100000,3973.000000,3993.800000,203.1909
1761609600,3993.600000,4013.000000,3971.200000,3989.100000,175.8767
1761624000,3989.900000,3989.900000,3924.400000,3934.800000,277.1422
1761638400,3934.700000,3938.100000,3893.700000,3929.400000,496.0652
1761652800,3929.600000,3971.600000,3911.900000,3968.700000,221.0256
1761667200,3967.500000,3971.200000,3948.600000,3961.500000,137.9368
1761681600,3961.100000,3967.500000,3924.800000,3965.200000,433.2868
1761696000,3965.100000,3983.900000,3948.800000,3966.200000,198.7458
1761710400,3966.300000,3999.700000,3954.900000,3999.700000,224.8990
1761724800,3999.900000,4034.000000,3999.700000,4014.700000,423.0962
1761739200,4013.800000,4025.700000,3986.000000,3990.200000,468.5029
1761753600,3990.100000,4002.500000,3930.200000,3944.600000,682.0816
1761768000,3943.500000,3955.700000,3922.000000,3954.900000,536.5153
1761782400,3955.100000,3966.900000,3920.200000,3936.700000,647.5246
1761796800,3937.700000,3978.900000,3934.700000,3958.500000,554.6294
1761811200,3961.200000,4006.400000,3961.200000,3973.600000,251.7193
1761825600,3973.100000,4006.800000,3958.800000,3995.800000,548.1341
1761840000,3995.900000,4021.000000,3988.200000,4018.500000,230.2927
1761854400,4018.300000,4039.100000,4011.400000,4034.500000,344.7355
1761868800,4031.800000,4034.700000,3988.200000,3993.100000,684.8694
1761883200,3992.900000,4021.500000,3985.500000,4018.900000,177.0970
1761897600,4018.500000,4023.800000,3997.300000,4007.900000,292.7878
1761912000,4008.200000,4029.900000,4007.100000,4010.400000,236.5877
1761926400,4009.600000,4012.000000,3970.000000,3997.100000,280.6511
1761940800,3997.500000,4004.800000,3992.300000,3998.400000,17.6063
1761955200,3998.800000,4004.900000,3994.200000,4004.100000,139.8738
1761969600,4003.100000,4006.000000,4002.700000,4004.100000,10.6980
1761984000,4004.200000,4006.400000,4002.900000,4006.000000,16.0782
1761998400,4006.000000,4006.700000,4000.100000,4002.400000,9.3523
1762012800,4004.000000,4008.800000,4001.400000,4008.700000,12.2512
1762027200,4008.700000,4008.700000,4001.900000,4003.400000,24.4257
1762041600,4003.400000,4009.200000,4002.200000,4006.600000,46.2985
1762056000,4006.300000,4008.300000,3998.500000,4003.700000,76.9831
1762070400,4003.800000,4006.600000,3994.600000,3997.100000,75.0147
1762084800,3996.200000,4006.300000,3995.700000,3998.100000,41.6366
1762099200,3997.800000,4000.900000,3993.100000,3998.800000,24.9398
1762113600,3999.800000,4000.300000,3973.400000,3976.100000,210.9392
1762128000,3976.200000,4007.100000,3959.600000,4002.900000,400.8296
1762142400,4003.000000,4019.900000,3991.800000,4019.500000,130.9780
1762156800,4019.800000,4022.600000,3987.600000,4002.600000,210.9140
1762171200,4002.600000,4023.300000,3996.700000,4000.900000,178.0621
1762185600,4000.700000,4006.400000,3988.400000,4000.100000,109.9867
1762200000,4000.800000,4008.000000,3978.900000,3993.500000,117.5886
1762214400,3992.700000,3994.900000,3970.800000,3990.900000,342.8326
1762228800,3990.500000,3991.100000,3960.500000,3988.900000,171.3980
1762243200,3989.100000,3993.500000,3979.600000,3988.800000,68.1317
1762257600,3988.400000,3989.400000,3925.200000,3951.200000,425.9728
1762272000,3951.100000,3965.700000,3913.400000,3928.600000,414.3331
1762286400,3928.800000,3935.300000,3921.300000,3929.300000,180.2194
1762300800,3928.200000,3959.000000,3921.900000,3957.100000,146.6919
1762315200,3956.100000,3969.700000,3952.700000,3963.900000,89.5052
1762329600,3963.400000,3975.100000,3949.200000,3959.200000,152.9867
1762344000,3958.800000,3975.900000,3953.700000,3970.700000,145.9671
1762358400,3970.700000,3981.200000,3966.400000,3980.800000,156.3985
1762372800,3980.200000,3985.100000,3961.000000,3969.600000,492.3297
1762387200,3969.300000,3981.500000,3958.500000,3980.100000,140.7286
1762401600,3980.200000,4003.300000,3973.900000,3997.700000,122.4800
1762416000,3997.700000,4012.100000,3996.100000,4011.800000,87.6692
1762430400,4012.000000,4013.600000,3967.300000,3973.600000,499.1155
1762444800,3973.100000,3984.700000,3958.200000,3975.700000,187.0534
1762459200,3975.500000,3980.200000,3966.500000,3980.100000,91.3932
1762473600,3980.300000,3993.900000,3973.500000,3982.200000,166.3492
1762488000,3983.200000,3998.700000,3978.700000,3995.500000,128.0048
1762502400,3996.800000,4002.100000,3983.300000,3992.000000,116.6076
1762516800,3991.200000,3996.300000,3973.100000,3978.700000,277.1298
1762531200,3978.800000,4011.100000,3978.200000,3997.200000,335.3911
1762545600,3996.500000,3997.600000,3983.800000,3986.900000,112.7607
1762560000,3986.900000,3996.700000,3986.900000,3992.600000,60.6960
1762574400,3992.600000,3994.200000,3984.700000,3984.700000,27.1971
1762588800,3984.500000,3991.500000,3984.500000,3988.600000,13.1053
1762603200,3988.700000,3989.100000,3982.100000,3983.700000,18.3783
1762617600,3984.100000,3989.600000,3982.400000,3985.200000,10.7077
1762632000,3984.500000,3988.200000,3984.000000,3986.200000,4.3974
1762646400,3986.200000,3995.700000,3985.200000,3987.100000,114.7535
1762660800,3987.300000,3993.400000,3985.300000,3992.700000,20.9405
1762675200,3993.200000,3995.000000,3985.300000,3987.200000,66.6284
1762689600,3987.400000,3996.000000,3986.300000,3993.600000,119.4231
1762704000,3993.600000,3994.600000,3988.100000,3989.100000,50.6824
1762718400,3989.700000,4001.900000,3988.300000,4001.900000,137.3337
1762732800,4001.900000,4040.800000,4000.700000,4039.800000,316.0549
1762747200,4040.500000,4069.300000,4039.800000,4066.400000,121.3447
1762761600,4066.900000,4077.300000,4062.200000,4077.300000,152.9342
1762776000,4077.400000,4096.300000,4067.500000,4073.200000,316.1529
1762790400,4073.400000,4103.600000,4073.000000,4099.300000,319.4076
1762804800,4099.800000,4110.200000,4092.700000,4107.500000,254.9570
1762819200,4107.800000,4134.900000,4104.700000,4131.600000,421.3235
1762833600,4132.000000,4134.600000,4109.400000,4115.100000,256.6668
1762848000,4115.200000,4131.300000,4114.100000,4128.600000,343.0770
1762862400,4129.200000,4131.800000,4078.200000,4090.400000,639.5572
1762876800,4090.500000,4105.900000,4084.300000,4103.800000,683.9654
1762891200,4103.300000,4125.900000,4097.700000,4123.200000,690.8658
1762905600,4123.500000,4126.100000,4097.400000,4097.600000,150.8005
1762920000,4097.100000,4105.900000,4081.700000,4099.800000,92.5364
1762934400,4099.600000,4115.900000,4094.500000,4108.600000,82.3933
1762948800,4110.100000,4165.700000,4107.400000,4159.600000,196.9041
1762963200,4160.800000,4189.800000,4157.900000,4176.600000,251.7469
1762977600,4176.800000,4189.100000,4165.200000,4170.200000,322.9848
1762992000,4169.700000,4189.500000,4161.000000,4189.500000,290.6727
1763006400,4190.000000,4200.600000,4184.900000,4198.800000,167.4966
1763020800,4199.600000,4222.800000,4199.200000,4212.100000,217.6761
1763035200,4211.400000,4227.400000,4167.400000,4180.900000,465.7944
1763049600,4182.100000,4191.900000,4123.900000,4142.100000,457.9471
1763064000,4141.000000,4168.400000,4137.000000,4166.700000,202.7831
1763078400,4168.100000,4193.100000,4151.700000,4185.200000,248.3438
1763092800,4185.400000,4186.200000,4135.800000,4156.300000,483.0941
1763107200,4156.800000,4160.500000,4111.000000,4114.000000,653.5420
1763121600,4112.300000,4119.800000,4016.100000,4068.500000,1541.9994
1763136000,4069.100000,4086.700000,4055.300000,4066.300000,556.5551
1763150400,4069.300000,4074.400000,4056.000000,4070.400000,168.2620
1763164800,4070.300000,4077.600000,4064.800000,4068.100000,166.7028
1763179200,4068.200000,4074.900000,4064.800000,4070.500000,37.9205
1763193600,4071.000000,4073.800000,4065.400000,4068.800000,61.0957
1763208000,4069.900000,4084.000000,4068.100000,4082.500000,384.3229
1763222400,4082.400000,4083.300000,4073.000000,4073.700000,113.1812
1763236800,4073.800000,4083.700000,4071.900000,4078.700000,70.2984
1763251200,4078.500000,4083.500000,4073.800000,4081.400000,88.9474
1763265600,4082.600000,4083.800000,4077.100000,4083.000000,47.1166
1763280000,4083.100000,4086.600000,4070.700000,4081.400000,208.2861
1763294400,4080.200000,4085.500000,4069.200000,4074.600000,193.9328
1763308800,4075.200000,4085.800000,4071.200000,4077.100000,464.9547
1763323200,4077.200000,4087.800000,4056.300000,4078.000000,483.7973
1763337600,4079.800000,4082.500000,4055.100000,4068.800000,394.5243
1763352000,4068.900000,4068.900000,4032.600000,4066.300000,320.7990
1763366400,4066.300000,4074.800000,4043.300000,4057.200000,256.2131
1763380800,4056.500000,4069.300000,4042.500000,4046.300000,402.9200
1763395200,4046.300000,4059.400000,3994.500000,3995.200000,463.9910
1763409600,3995.200000,4039.800000,3989.600000,4018.500000,408.4589
1763424000,4018.600000,4027.000000,3991.300000,3998.400000,419.6413
1763438400,3998.500000,4006.400000,3981.700000,3992.600000,353.8547
1763452800,3993.100000,4031.600000,3990.900000,4023.000000,281.3376
1763467200,4023.000000,4062.300000,4012.000000,4036.800000,610.1227
1763481600,4034.500000,4062.600000,4025.600000,4062.000000,380.7288
1763496000,4062.600000,4064.600000,4046.900000,4057.600000,102.3111
1763510400,4057.500000,4060.500000,4039.900000,4049.600000,133.5374
1763524800,4048.600000,4079.700000,4047.100000,4069.300000,235.0588
1763539200,4069.400000,4099.000000,4060.400000,4095.800000,169.3547
1763553600,4095.600000,4114.700000,4070.800000,4077.400000,460.5788
1763568000,4076.300000,4080.800000,4037.200000,4055.800000,577.9945
1763582400,4056.800000,4088.000000,4049.900000,4086.400000,484.1590
1763596800,4086.500000,4099.800000,4030.000000,4056.300000,470.2005
1763611200,4055.000000,4063.200000,4040.000000,4044.000000,193.0307
1763625600,4044.900000,4053.500000,4025.500000,4045.000000,353.7958
1763640000,4045.300000,4086.500000,4045.300000,4054.700000,900.4853
1763654400,4054.400000,4072.300000,4027.800000,4071.500000,1303.8775
1763668800,4071.500000,4071.900000,4059.100000,4064.800000,269.4837
1763683200,4064.800000,4069.000000,4036.800000,4042.400000,505.0494
1763697600,4042.800000,4046.800000,4012.400000,4019.100000,555.1154
1763712000,4017.300000,4043.500000,4008.400000,4021.200000,749.8436
1763726400,4020.700000,4065.800000,4019.300000,4058.500000,1183.5815
1763740800,4057.800000,4089.400000,4048.900000,4074.900000,601.4491
1763755200,4075.600000,4075.600000,4044.300000,4059.000000,337.8286
1763769600,4058.500000,4058.500000,4049.100000,4051.000000,96.5476
1763784000,4051.100000,4056.100000,4047.100000,4054.800000,101.7270
1763798400,4054.700000,4056.500000,4048.300000,4053.300000,146.2949
1763812800,4053.000000,4056.000000,4049.200000,4053.000000,97.4285
1763827200,4053.600000,4056.200000,4050.000000,4053.000000,51.5415
1763841600,4052.900000,4059.400000,4049.100000,4049.800000,96.3225
1763856000,4050.600000,4056.800000,4050.300000,4053.500000,96.0961
1763870400,4053.900000,4056.800000,4045.900000,4048.500000,182.8146
1763884800,4048.600000,4053.800000,4045.400000,4052.400000,94.7408
1763899200,4052.500000,4056.100000,4041.100000,4046.200000,310.1963
1763913600,4046.000000,4047.900000,4037.200000,4040.900000,103.5732
1763928000,4041.600000,4058.900000,4040.300000,4057.200000,146.0347
1763942400,4057.500000,4057.900000,4026.500000,4035.200000,365.2294
1763956800,4036.200000,4053.400000,4027.400000,4046.500000,328.8460
1763971200,4046.700000,4062.200000,4045.400000,4055.500000,246.2105
1763985600,4055.500000,4079.700000,4052.400000,4079.700000,466.3907
1764000000,4079.600000,4111.500000,4075.100000,4104.800000,707.2767
1764014400,4105.100000,4127.700000,4104.500000,4127.700000,309.9679
1764028800,4127.900000,4138.700000,4109.400000,4129.700000,292.7437
1764043200,4129.000000,4135.300000,4114.900000,4115.700000,235.3369
1764057600,4116.200000,4122.800000,4093.800000,4117.000000,322.1257
1764072000,4118.500000,4132.300000,4096.700000,4110.100000,745.6791
1764086400,4109.800000,4142.700000,4109.200000,4118.500000,443.0370
1764100800,4120.500000,4127.200000,4112.400000,4117.600000,334.6976
1764115200,4117.900000,4149.800000,4115.200000,4146.800000,489.6246
1764129600,4146.900000,4150.400000,4131.100000,4141.500000,109.6906
1764144000,4140.900000,4156.000000,4137.900000,4155.900000,161.5963
1764158400,4155.000000,4156.400000,4123.500000,4149.700000,597.8503
1764172800,4149.600000,4155.300000,4142.400000,4148.200000,367.5086
1764187200,4147.600000,4155.200000,4146.800000,4151.000000,97.5884
1764201600,4150.600000,4152.300000,4128.300000,4134.200000,491.6760
1764216000,4132.800000,4145.200000,4129.000000,4143.400000,173.8789
1764230400,4144.200000,4152.600000,4134.800000,4144.700000,175.1151
1764244800,4144.600000,4146.700000,4135.300000,4143.800000,164.5596
1764259200,4144.400000,4145.400000,4137.200000,4143.500000,75.4959
1764273600,4142.800000,4149.500000,4137.000000,4149.500000,55.0989
1764288000,4149.500000,4178.600000,4149.400000,4169.900000,248.4452
1764302400,4171.200000,4178.500000,4165.200000,4165.900000,206.5410
1764316800,4166.100000,4167.400000,4144.300000,4162.800000,720.5767
1764331200,4161.900000,4192.500000,4158.600000,4192.200000,730.4829
1764345600,4193.200000,4214.100000,4186.900000,4207.200000,442.2452
1764360000,4206.800000,4214.000000,4202.200000,4213.500000,236.1094
1764374400,4213.500000,4216.300000,4206.100000,4211.200000,500.3085
1764388800,4211.200000,4215.700000,4205.000000,4212.100000,160.8543
1764403200,4211.800000,4219.300000,4210.800000,4218.900000,178.1357
1764417600,4219.000000,4226.600000,4216.300000,4222.200000,313.7749
1764432000,4222.300000,4224.000000,4210.900000,4217.200000,183.1112
1764446400,4216.900000,4221.900000,4213.700000,4216.200000,60.7788
1764460800,4216.300000,4222.300000,4211.200000,4218.000000,88.9289
1764475200,4218.000000,4222.600000,4214.800000,4220.200000,53.1041
1764489600,4220.200000,4221.100000,4214.900000,4218.400000,70.8747
1764504000,4218.500000,4222.200000,4215.800000,4218.000000,65.6246
1764518400,4218.000000,4224.600000,4218.000000,4222.500000,47.5456
1764532800,4222.800000,4225.300000,4208.800000,4219.000000,158.6430
1764547200,4218.200000,4251.600000,4211.400000,4232.400000,794.8030
1764561600,4233.200000,4240.600000,4207.100000,4238.000000,432.4284
1764576000,4238.700000,4256.100000,4232.500000,4251.900000,323.2457
1764590400,4252.500000,4260.700000,4215.500000,4227.600000,975.4043
1764604800,4227.800000,4240.300000,4220.400000,4232.400000,591.6556
1764619200,4233.500000,4239.600000,4221.500000,4222.900000,643.3561
1764633600,4223.200000,4224.800000,4197.000000,4211.400000,402.3524
1764648000,4211.900000,4220.200000,4199.500000,4206.700000,155.8357
1764662400,4209.100000,4212.200000,4175.000000,4198.500000,426.2450
1764676800,4199.000000,4223.800000,4160.100000,4164.600000,1301.6158
1764691200,4164.700000,4200.500000,4162.000000,4187.400000,790.9749
1764705600,4187.200000,4207.800000,4185.200000,4206.100000,255.7845
1764720000,4205.000000,4221.800000,4198.800000,4214.600000,360.2112
1764734400,4214.700000,4219.100000,4192.300000,4198.600000,409.4419
1764748800,4199.100000,4202.900000,4188.000000,4202.900000,115.1960
1764763200,4203.300000,4234.700000,4199.900000,4210.300000,429.4109
1764777600,4210.700000,4222.500000,4189.200000,4203.200000,241.1294
1764792000,4202.600000,4206.000000,4195.300000,4202.700000,77.6621
1764806400,4202.900000,4212.000000,4184.400000,4193.200000,80.7467
1764820800,4193.300000,4195.600000,4173.400000,4189.800000,84.2014
1764835200,4189.800000,4202.400000,4181.900000,4195.300000,69.9503
1764849600,4195.900000,4207.200000,4183.800000,4202.400000,241.0233
1764864000,4202.200000,4212.400000,4193.700000,4203.100000,107.3491
1764878400,4203.500000,4205.800000,4197.800000,4199.900000,93.1303
1764892800,4200.400000,4205.900000,4191.900000,4204.500000,43.1724
1764907200,4205.100000,4225.200000,4204.600000,4220.100000,50.2413
1764921600,4219.400000,4223.100000,4213.000000,4219.100000,54.3988
1764936000,4221.300000,4251.800000,4218.200000,4236.700000,199.1604
1764950400,4238.600000,4240.200000,4198.100000,4206.500000,288.3509
1764964800,4203.000000,4204.300000,4191.400000,4202.600000,29.9854
1764979200,4202.600000,4204.600000,4197.600000,4202.300000,33.0641
1764993600,4202.400000,4203.000000,4200.200000,4203.000000,10.5235
1765008000,4202.800000,4204.600000,4201.500000,4204.100000,9.3102
1765022400,4204.100000,4204.100000,4200.500000,4203.600000,11.8830
1765036800,4203.700000,4203.800000,4200.700000,4200.800000,6.3233
1765051200,4200.800000,4202.400000,4200.700000,4202.300000,1.6417
1765065600,4202.400000,4203.200000,4201.800000,4203.000000,13.6281
1765080000,4203.000000,4204.300000,4203.000000,4203.700000,6.3727
1765094400,4203.800000,4205.700000,4202.900000,4205.300000,31.8657
1765108800,4205.200000,4205.600000,4197.000000,4201.400000,33.7083
1765123200,4201.400000,4206.100000,4199.700000,4200.100000,34.2457
1765137600,4200.400000,4205.000000,4198.700000,4203.500000,85.1374
1765152000,4203.700000,4212.800000,4201.400000,4211.300000,119.5017
1765166400,4211.300000,4219.400000,4207.300000,4208.200000,59.4135
1765180800,4207.900000,4214.300000,4203.000000,4209.800000,211.2186
1765195200,4209.300000,4214.800000,4179.500000,4186.200000,332.6220
1765209600,4184.900000,4197.000000,4179.200000,4187.400000,75.5270
1765224000,4187.600000,4195.800000,4187.200000,4195.800000,56.8869
1765238400,4195.800000,4197.800000,4188.000000,4195.600000,67.5336
1765252800,4195.200000,4196.500000,4172.200000,4183.600000,78.7397
1765267200,4183.700000,4209.500000,4183.700000,4200.600000,95.9452
1765281600,4201.300000,4211.200000,4188.900000,4208.400000,138.8370
1765296000,4209.400000,4217.800000,4199.600000,4210.500000,151.1452
1765310400,4210.400000,4212.600000,4205.400000,4208.200000,30.2852
1765324800,4208.200000,4215.200000,4203.200000,4203.200000,27.1809
1765339200,4204.400000,4210.700000,4201.300000,4203.300000,27.1058
1765353600,4202.100000,4205.100000,4188.200000,4198.800000,83.2018
1765368000,4198.700000,4205.700000,4190.800000,4193.700000,92.5590
1765382400,4194.600000,4214.600000,4183.600000,4211.500000,245.3799
1765396800,4212.600000,4231.800000,4207.600000,4229.400000,205.2669
1765411200,4229.600000,4240.500000,4207.600000,4215.800000,142.5440
1765425600,4215.900000,4217.100000,4206.900000,4215.900000,50.9340
1765440000,4215.900000,4223.500000,4211.000000,4211.200000,55.6248
1765454400,4211.300000,4254.100000,4206.000000,4247.300000,189.7352
1765468800,4248.800000,4283.000000,4244.900000,4272.200000,288.8278
1765483200,4272.400000,4280.300000,4264.800000,4273.300000,79.7928
1765497600,4273.700000,4276.000000,4265.500000,4271.700000,142.6897
1765512000,4271.700000,4289.100000,4267.600000,4285.100000,111.3850
1765526400,4285.500000,4341.200000,4285.500000,4340.100000,190.8755
1765540800,4339.800000,4353.200000,4289.200000,4294.200000,691.1118
1765555200,4295.000000,4305.300000,4264.700000,4300.000000,649.9938
1765569600,4299.500000,4305.400000,4290.600000,4299.100000,95.5460
1765584000,4300.100000,4304.500000,4297.500000,4302.600000,43.2956
1765598400,4302.700000,4305.200000,4300.800000,4303.300000,12.1484
1765612800,4303.500000,4305.500000,4301.800000,4302.300000,50.0296
1765627200,4302.300000,4303.900000,4301.000000,4303.400000,33.7493
1765641600,4303.500000,4305.500000,4303.000000,4305.200000,36.2747
1765656000,4305.000000,4306.900000,4301.800000,4305.800000,60.0366
1765670400,4305.700000,4305.700000,4303.900000,4303.900000,8.3727
1765684800,4304.000000,4306.300000,4303.800000,4306.300000,6.5027
1765699200,4306.300000,4307.200000,4303.600000,4304.600000,23.9394
1765713600,4304.900000,4306.300000,4301.300000,4306.100000,47.6283
1765728000,4306.200000,4308.400000,4306.200000,4308.100000,21.2497
1765742400,4307.400000,4310.800000,4299.600000,4306.400000,98.6992
1765756800,4306.600000,4331.200000,4304.600000,4329.500000,78.7700
1765771200,4329.400000,4347.800000,4327.500000,4342.500000,55.2539
1765785600,4342.500000,4352.100000,4337.600000,4343.600000,67.5990
1765800000,4343.600000,4347.700000,4314.300000,4320.800000,229.7053
1765814400,4321.100000,4321.100000,4290.200000,4316.000000,214.5209
1765828800,4315.700000,4315.800000,4302.100000,4306.100000,49.7578
1765843200,4306.300000,4319.100000,4285.000000,4294.000000,150.1560
1765857600,4294.100000,4294.700000,4277.800000,4290.600000,62.9408
1765872000,4290.400000,4291.700000,4276.400000,4280.800000,52.4069
1765886400,4281.100000,4333.500000,4280.200000,4322.400000,202.8071
1765900800,4322.600000,4323.400000,4294.700000,4310.800000,183.6079
1765915200,4310.400000,4314.400000,4302.100000,4309.800000,21.3430
1765929600,4309.900000,4326.500000,4309.600000,4324.200000,34.4949
1765944000,4324.000000,4340.600000,4318.800000,4321.500000,41.7527
1765958400,4321.300000,4325.800000,4310.700000,4317.400000,47.2965
1765972800,4317.300000,4347.400000,4317.100000,4330.200000,192.4958
1765987200,4330.400000,4345.500000,4323.400000,4337.400000,170.6118
1766001600,4338.300000,4346.300000,4337.000000,4341.800000,53.8952
1766016000,4341.600000,4344.900000,4326.900000,4335.100000,85.5880
1766030400,4335.100000,4339.200000,4331.200000,4334.100000,22.8175
1766044800,4334.300000,4334.400000,4322.300000,4327.300000,90.1401
1766059200,4327.300000,4342.100000,4311.300000,4339.100000,165.8498
1766073600,4339.300000,4374.400000,4325.000000,4329.600000,300.4269
1766088000,4329.600000,4341.500000,4329.600000,4338.300000,50.4677
1766102400,4338.300000,4338.400000,4315.100000,4321.400000,100.8003
1766116800,4321.500000,4331.400000,4319.600000,4326.900000,24.8118
1766131200,4326.700000,4334.900000,4324.500000,4330.000000,49.4369
1766145600,4330.100000,4349.900000,4325.100000,4349.900000,192.2078
1766160000,4350.000000,4356.700000,4344.900000,4346.600000,65.6997
1766174400,4346.200000,4347.900000,4339.800000,4341.100000,31.5445
1766188800,4341.000000,4344.800000,4339.900000,4344.600000,21.8713
1766203200,4344.700000,4345.700000,4344.600000,4344.600000,13.2659
1766217600,4344.700000,4345.200000,4342.700000,4343.100000,30.9433
1766232000,4343.100000,4346.600000,4343.000000,4345.100000,20.8230
1766246400,4345.200000,4345.300000,4342.900000,4343.500000,10.1778
1766260800,4343.500000,4344.000000,4342.600000,4343.000000,11.4855
1766275200,4343.200000,4346.100000,4342.600000,4343.600000,14.1293
1766289600,4343.700000,4346.200000,4342.100000,4345.900000,18.1954
1766304000,4345.900000,4349.700000,4340.900000,4347.200000,81.0871
1766318400,4347.200000,4348.400000,4344.100000,4346.700000,122.1538
1766332800,4346.800000,4350.100000,4346.300000,4349.200000,65.9667
1766347200,4349.200000,4358.500000,4345.800000,4357.800000,83.2554
1766361600,4357.900000,4395.300000,4357.900000,4394.600000,96.8600
1766376000,4395.200000,4421.800000,4394.700000,4415.600000,105.3090
1766390400,4415.600000,4418.300000,4408.600000,4411.700000,168.4529
1766404800,4411.600000,4439.100000,4410.300000,4436.100000,321.3335
1766419200,4436.200000,4445.100000,4433.200000,4437.800000,144.3295
1766433600,4437.900000,4469.200000,4437.600000,4467.600000,162.7505
1766448000,4467.900000,4501.700000,4466.500000,4490.000000,138.1834
1766462400,4490.000000,4494.500000,4475.000000,4492.700000,55.3997
1766476800,4492.500000,4501.000000,4486.500000,4497.400000,211.4747
1766491200,4498.200000,4501.700000,4440.100000,4463.400000,310.5724
1766505600,4464.100000,4498.200000,4462.000000,4495.200000,72.6480
1766520000,4494.700000,4516.900000,4487.000000,4510.800000,121.2562
1766534400,4510.900000,4530.400000,4480.100000,4498.900000,212.7359
1766548800,4498.900000,4506.700000,4491.600000,4491.600000,53.0634
1766563200,4491.100000,4503.800000,4486.600000,4495.200000,59.9783
1766577600,4495.400000,4499.000000,4456.200000,4464.100000,162.5397
1766592000,4463.900000,4490.900000,4462.700000,4486.700000,34.1032
1766606400,4486.600000,4486.800000,4479.500000,4484.600000,20.1092
1766620800,4484.600000,4487.900000,4479.200000,4482.800000,22.1895
1766635200,4482.800000,4486.700000,4481.400000,4486.400000,14.3678
1766649600,4486.000000,4487.500000,4480.200000,4486.300000,32.4096
1766664000,4486.200000,4492.100000,4483.800000,4491.500000,85.7596
1766678400,4491.500000,4494.700000,4488.500000,4493.800000,62.2335
1766692800,4493.800000,4507.100000,4489.100000,4499.100000,346.2838
1766707200,4500.200000,4535.900000,4499.300000,4508.600000,109.3834
1766721600,4507.900000,4524.800000,4507.800000,4516.000000,48.0618
1766736000,4516.600000,4527.600000,4510.200000,4513.400000,188.5972
1766750400,4514.800000,4553.300000,4512.400000,4553.300000,187.3563
1766764800,4552.800000,4556.800000,4522.400000,4531.800000,379.9952
1766779200,4532.600000,4545.500000,4531.900000,4539.300000,130.0714
1766793600,4539.500000,4543.300000,4532.000000,4539.500000,22.4186
1766808000,4539.900000,4545.200000,4539.400000,4544.800000,10.1369
1766822400,4545.200000,4548.000000,4543.900000,4545.500000,38.3171
1766836800,4545.700000,4548.300000,4544.000000,4548.300000,17.6774
1766851200,4548.400000,4551.900000,4547.200000,4550.400000,126.3277
1766865600,4550.500000,4551.400000,4543.300000,4544.800000,219.9307
1766880000,4544.500000,4546.700000,4544.200000,4545.100000,44.3698
1766894400,4545.200000,4548.700000,4545.100000,4547.900000,58.9634
1766908800,4547.900000,4549.900000,4547.900000,4549.400000,95.4800
1766923200,4549.400000,4552.300000,4537.000000,4540.000000,160.9909
1766937600,4540.100000,4544.500000,4540.000000,4543.500000,26.6556
1766952000,4543.500000,4553.800000,4535.100000,4536.100000,95.4652
1766966400,4535.200000,4535.200000,4489.200000,4520.100000,450.9867
1766980800,4520.700000,4522.100000,4458.000000,4479.700000,328.1299
1766995200,4480.900000,4491.800000,4441.600000,4448.200000,200.9931
1767009600,4450.600000,4471.900000,4320.100000,4335.500000,764.0680
1767024000,4333.800000,4356.600000,4328.600000,4345.700000,354.8110
1767038400,4346.500000,4354.600000,4334.700000,4353.500000,163.7878
1767052800,4354.100000,4377.400000,4336.800000,4368.700000,130.7809
1767067200,4368.600000,4391.700000,4367.300000,4380.400000,99.3759
1767081600,4381.900000,4398.900000,4360.900000,4391.700000,116.8678
1767096000,4392.000000,4412.700000,4370.100000,4374.500000,323.4002
1767110400,4373.400000,4390.000000,4348.000000,4354.600000,185.5184
1767124800,4356.700000,4364.800000,4341.700000,4349.400000,265.1627
1767139200,4349.400000,4381.200000,4343.300000,4356.000000,279.9175
1767153600,4358.600000,4360.500000,4290.500000,4337.300000,503.3330
1767168000,4340.300000,4343.900000,4313.700000,4319.300000,145.2007
1767182400,4319.600000,4359.000000,4312.100000,4345.100000,171.8792
1767196800,4345.100000,4346.500000,4318.200000,4321.100000,104.0268
1767211200,4320.100000,4332.900000,4316.200000,4330.500000,26.3238
1767225600,4330.400000,4337.600000,4330.400000,4336.800000,98.6959
1767240000,4336.900000,4349.500000,4332.100000,4332.800000,321.3057
1767254400,4332.800000,4339.100000,4332.700000,4335.500000,17.6199
1767268800,4335.600000,4336.700000,4332.200000,4335.000000,56.3711
1767283200,4334.600000,4337.400000,4333.300000,4336.500000,21.0019
1767297600,4336.600000,4357.200000,4331.200000,4355.800000,74.1629
1767312000,4355.800000,4379.900000,4349.400000,4378.700000,42.5383
1767326400,4379.000000,4396.300000,4376.300000,4395.300000,245.9296
1767340800,4395.100000,4410.000000,4392.900000,4402.500000,1284.8612
1767355200,4403.000000,4409.800000,4342.000000,4346.800000,809.2062
1767369600,4346.600000,4346.600000,4320.600000,4327.100000,311.1355
1767384000,4326.300000,4341.400000,4326.200000,4340.000000,41.1154
1767398400,4339.100000,4343.700000,4337.300000,4342.800000,22.3172
1767412800,4342.900000,4348.400000,4338.800000,4347.400000,60.0347
1767427200,4347.400000,4365.200000,4347.400000,4357.900000,279.2820
1767441600,4358.000000,4363.000000,4342.400000,4343.800000,733.4185
1767456000,4343.800000,4348.700000,4342.200000,4344.000000,494.0658
1767470400,4344.000000,4344.400000,4339.100000,4339.300000,231.8111
1767484800,4339.700000,4342.400000,4335.900000,4339.500000,98.7921
1767499200,4338.800000,4342.500000,4335.000000,4341.700000,51.1166
1767513600,4341.700000,4343.500000,4339.200000,4339.200000,44.9108
1767528000,4339.300000,4342.400000,4337.100000,4341.000000,77.1853
1767542400,4341.000000,4347.600000,4339.700000,4347.100000,259.5547
1767556800,4347.100000,4376.700000,4340.500000,4372.200000,2107.4465
1767571200,4372.900000,4406.600000,4370.300000,4392.600000,329.7584
1767585600,4391.500000,4419.900000,4386.800000,4417.200000,346.0253
1767600000,4417.300000,4436.600000,4408.200000,4416.900000,320.8933
1767614400,4416.400000,4448.900000,4393.600000,4441.700000,317.1550
1767628800,4441.600000,4446.500000,4426.500000,4434.200000,385.5198
1767643200,4433.900000,4449.600000,4426.300000,4432.700000,274.8474
1767657600,4432.400000,4458.600000,4418.900000,4457.200000,526.2737
1767672000,4457.500000,4464.800000,4440.900000,4450.400000,426.6989
1767686400,4449.800000,4466.200000,4436.000000,4455.400000,374.8170
1767700800,4456.200000,4480.200000,4448.600000,4469.100000,393.1769
1767715200,4470.800000,4491.100000,4464.400000,4477.800000,271.8223
1767729600,4477.300000,4495.800000,4477.300000,4489.700000,198.9654
1767744000,4490.300000,4490.500000,4456.100000,4470.400000,241.1586
1767758400,4470.400000,4472.100000,4439.200000,4458.800000,256.3597
1767772800,4458.700000,4468.600000,4444.500000,4444.500000,123.4127
1767787200,4445.100000,4451.600000,4423.400000,4442.300000,309.6459
1767801600,4444.400000,4462.600000,4442.600000,4455.700000,56.3164
1767816000,4457.000000,4460.900000,4449.400000,4460.500000,48.1589
1767830400,4460.700000,4464.100000,4433.600000,4439.600000,96.3617
1767844800,4439.600000,4439.600000,4416.500000,4430.200000,116.3662
1767859200,4430.200000,4433.000000,4419.500000,4423.000000,55.0289
1767873600,4423.000000,4452.000000,4408.500000,4452.000000,145.5079
1767888000,4453.000000,4459.800000,4440.400000,4446.700000,43.4964
1767902400,4448.100000,4473.800000,4447.600000,4468.000000,54.0091
1767916800,4468.700000,4470.700000,4450.000000,4461.200000,42.5469
1767931200,4460.500000,4471.200000,4455.700000,4466.300000,16.4155
1767945600,4466.100000,4470.300000,4457.100000,4469.600000,33.9434
1767960000,4470.600000,4505.900000,4457.700000,4502.300000,147.0780
1767974400,4503.700000,4503.900000,4474.100000,4489.400000,68.1036
1767988800,4489.100000,4501.500000,4488.700000,4498.100000,30.1018
1768003200,4497.200000,4503.100000,4496.300000,4500.400000,12.4913
1768017600,4500.200000,4503.700000,4500.000000,4503.200000,5.3204
1768032000,4503.200000,4505.900000,4500.800000,4505.900000,8.2349
1768046400,4505.900000,4508.300000,4501.800000,4506.500000,57.3901
1768060800,4506.100000,4506.100000,4500.000000,4502.500000,11.8205
1768075200,4502.600000,4508.000000,4500.800000,4508.000000,4.2512
1768089600,4508.000000,4509.800000,4503.800000,4507.500000,30.1079
1768104000,4507.500000,4510.700000,4504.700000,4510.300000,33.0165
1768118400,4510.400000,4512.200000,4506.200000,4511.000000,5.5356
1768132800,4511.000000,4512.400000,4499.100000,4507.400000,64.0270
1768147200,4506.900000,4507.300000,4503.200000,4505.900000,16.4604
1768161600,4505.900000,4538.600000,4504.100000,4535.500000,92.5740
1768176000,4535.600000,4598.100000,4532.700000,4567.800000,460.0361
1768190400,4568.100000,4586.000000,4562.900000,4585.100000,111.7671
1768204800,4585.200000,4597.400000,4577.400000,4579.800000,251.3030
1768219200,4580.800000,4621.300000,4576.200000,4616.300000,206.3127
1768233600,4617.200000,4624.600000,4598.000000,4608.700000,228.4837
1768248000,4608.900000,4608.900000,4580.300000,4599.600000,492.4980
1768262400,4599.600000,4599.600000,4575.900000,4592.700000,281.4791
1768276800,4593.000000,4599.700000,4575.100000,4581.800000,212.3771
1768291200,4580.900000,4596.000000,4580.100000,4588.800000,228.7599
1768305600,4589.200000,4628.700000,4578.500000,4615.300000,150.8567
1768320000,4615.500000,4616.000000,4581.900000,4595.600000,199.6245
1768334400,4594.000000,4596.400000,4572.100000,4595.700000,162.1897
1768348800,4595.200000,4623.400000,4594.900000,4623.400000,46.7824
1768363200,4623.500000,4633.100000,4612.900000,4627.400000,82.1689
1768377600,4627.300000,4633.200000,4617.900000,4623.400000,136.7124
1768392000,4624.300000,4634.500000,4597.500000,4611.200000,164.4217
1768406400,4612.200000,4631.000000,4596.200000,4630.500000,84.2655
1768420800,4630.400000,4631.300000,4603.300000,4611.400000,138.2072
1768435200,4612.500000,4614.300000,4580.900000,4589.600000,113.0258
1768449600,4589.800000,4609.400000,4580.300000,4598.600000,64.3431
1768464000,4598.200000,4615.400000,4595.900000,4611.900000,31.0355
1768478400,4613.100000,4614.200000,4580.100000,4610.100000,176.5528
1768492800,4610.800000,4616.000000,4597.000000,4607.800000,56.2543
1768507200,4609.600000,4613.100000,4598.300000,4604.500000,55.9649
1768521600,4604.500000,4604.800000,4589.600000,4593.800000,36.2949
1768536000,4594.100000,4608.100000,4592.400000,4603.300000,23.0310
1768550400,4603.400000,4610.500000,4597.400000,4609.000000,17.2587
1768564800,4608.400000,4615.200000,4542.200000,4573.700000,211.6342
1768579200,4572.700000,4597.100000,4571.500000,4589.800000,114.1703
1768593600,4589.200000,4595.700000,4579.300000,4592.900000,66.8268
1768608000,4592.600000,4596.700000,4591.100000,4596.400000,17.7822
1768622400,4596.700000,4597.200000,4594.700000,4596.000000,20.1611
1768636800,4596.000000,4600.100000,4594.800000,4599.600000,17.7775
1768651200,4599.700000,4601.300000,4594.600000,4598.500000,45.4485
1768665600,4598.500000,4602.300000,4596.700000,4601.200000,17.3047
1768680000,4600.400000,4604.300000,4598.400000,4601.000000,5.7277
1768694400,4600.900000,4605.000000,4600.900000,4601.900000,44.0173
1768708800,4602.000000,4603.500000,4600.900000,4603.100000,13.4277
1768723200,4603.200000,4607.100000,4603.200000,4606.700000,9.1980
1768737600,4606.700000,4609.200000,4606.100000,4607.800000,46.5072
1768752000,4607.900000,4611.000000,4605.700000,4609.100000,76.8176
1768766400,4608.900000,4685.000000,4606.600000,4670.100000,362.9229
1768780800,4669.900000,4675.200000,4650.600000,4655.600000,147.8635
1768795200,4655.400000,4675.200000,4655.400000,4662.100000,43.9285
1768809600,4663.300000,4671.000000,4659.100000,4662.500000,41.3724
1768824000,4661.900000,4674.800000,4660.400000,4674.800000,47.5835
1768838400,4674.800000,4680.600000,4669.800000,4671.500000,25.3174
1768852800,4671.400000,4677.300000,4666.900000,4667.800000,62.1922
1768867200,4667.800000,4680.400000,4661.600000,4679.300000,111.7717
1768881600,4679.300000,4722.900000,4679.300000,4716.500000,160.5082
1768896000,4716.500000,4738.600000,4716.500000,4732.300000,194.0936
1768910400,4733.200000,4750.900000,4715.500000,4737.000000,210.8723
1768924800,4739.300000,4768.700000,4730.500000,4763.400000,194.0440
1768939200,4763.400000,4790.000000,4751.300000,4783.500000,334.5238
1768953600,4783.500000,4858.800000,4779.800000,4852.300000,1201.6352
1768968000,4852.300000,4895.100000,4841.600000,4863.500000,381.1028
1768982400,4864.000000,4885.100000,4860.200000,4873.000000,250.9656
1768996800,4874.800000,4887.000000,4819.700000,4851.000000,868.8841
1769011200,4852.600000,4858.100000,4764.600000,4786.200000,778.7451
1769025600,4787.600000,4843.100000,4782.200000,4784.300000,317.6179
1769040000,4784.300000,4810.000000,4777.600000,4797.100000,151.4770
1769054400,4797.100000,4840.900000,4796.600000,4837.900000,57.1680
1769068800,4837.000000,4838.900000,4817.400000,4833.900000,126.8466
1769083200,4832.500000,4876.500000,4813.400000,4872.300000,140.5610
1769097600,4873.300000,4930.900000,4871.200000,4914.000000,255.7918
1769112000,4914.000000,4963.700000,4914.000000,4963.600000,196.5149
1769126400,4963.100000,4968.500000,4940.200000,4955.100000,81.1288
1769140800,4954.400000,4967.800000,4947.700000,4948.000000,52.4014
1769155200,4948.000000,4949.500000,4906.000000,4931.000000,122.1712
1769169600,4931.600000,4969.200000,4926.700000,4964.400000,361.5027
1769184000,4966.200000,4994.400000,4962.600000,4989.300000,259.2373
1769198400,4989.200000,4996.800000,4977.200000,4995.900000,95.1875
1769212800,4996.100000,5012.700000,4993.100000,5008.000000,389.3778
1769227200,5008.300000,5009.400000,4994.900000,4999.900000,157.2391
1769241600,4999.900000,5008.200000,4998.000000,5004.600000,340.6651
1769256000,5004.800000,5028.900000,5004.400000,5025.900000,430.6054
1769270400,5026.000000,5063.700000,5019.800000,5054.100000,744.2392
1769284800,5054.100000,5084.000000,5025.000000,5026.900000,1750.2338
1769299200,5027.000000,5049.200000,5027.000000,5038.700000,461.9484
1769313600,5038.700000,5055.500000,5036.900000,5052.000000,280.4107
1769328000,5052.000000,5057.200000,5017.300000,5034.100000,381.7274
1769342400,5034.300000,5045.300000,5025.500000,5033.300000,220.4703
1769356800,5034.000000,5096.700000,5034.000000,5063.900000,860.6965
1769371200,5064.000000,5073.000000,5010.300000,5043.800000,1139.8515
1769385600,5044.300000,5095.500000,5036.700000,5075.900000,658.4959
1769400000,5076.800000,5112.700000,5059.300000,5092.200000,395.1758
1769414400,5092.700000,5107.600000,5088.000000,5099.100000,681.0744
1769428800,5099.100000,5105.700000,5063.700000,5098.800000,1103.8821
1769443200,5098.500000,5112.200000,5017.700000,5035.800000,821.2857
1769457600,5034.100000,5066.700000,4981.100000,5047.200000,874.5733
1769472000,5047.000000,5078.100000,5016.300000,5077.500000,323.7683
1769486400,5076.900000,5098.400000,5058.400000,5086.400000,119.0959
1769500800,5086.100000,5098.400000,5072.900000,5081.800000,152.4581
1769515200,5081.500000,5091.000000,5050.900000,5087.600000,358.7049
1769529600,5089.000000,5100.000000,5077.100000,5097.900000,153.3773
1769544000,5098.700000,5202.000000,5098.600000,5176.500000,551.1248
1769558400,5177.800000,5256.400000,5164.200000,5242.800000,591.2773
1769572800,5242.900000,5300.800000,5242.800000,5298.000000,352.5637
1769587200,5298.000000,5320.800000,5246.600000,5266.700000,774.0888
1769601600,5268.100000,5302.300000,5247.500000,5286.100000,485.1760
1769616000,5285.600000,5339.400000,5278.600000,5332.500000,693.8829
1769630400,5331.800000,5608.500000,5328.300000,5525.500000,2088.2213
1769644800,5525.700000,5560.400000,5462.900000,5555.900000,1369.1301
1769659200,5555.700000,5610.600000,5532.300000,5564.900000,1266.3122
1769673600,5565.200000,5570.200000,5489.400000,5540.400000,2100.4196
1769688000,5540.400000,5565.400000,5146.000000,5220.600000,6114.2240
1769702400,5219.000000,5386.800000,5210.000000,5316.700000,2879.7267
1769716800,5316.900000,5456.500000,5292.300000,5447.400000,1473.5886
1769731200,5446.500000,5459.400000,5127.400000,5203.900000,3192.2155
1769745600,5204.400000,5247.300000,5129.300000,5185.200000,2439.4880
1769760000,5183.200000,5183.200000,4957.800000,5146.300000,4623.8380
1769774400,5146.300000,5154.600000,4996.800000,5057.400000,3115.9172
1769788800,5058.000000,5058.700000,4714.200000,4934.000000,7060.7142
1769803200,4932.600000,4935.500000,4823.400000,4896.700000,2559.6309
1769817600,4897.400000,4916.100000,4880.200000,4909.700000,1064.5300
1769832000,4909.800000,4922.200000,4899.300000,4921.700000,954.6883
1769846400,4921.700000,4922.200000,4890.500000,4896.500000,983.3549
1769860800,4896.000000,4911.400000,4885.100000,4885.800000,872.8315
1769875200,4885.600000,4891.500000,4792.900000,4832.300000,1925.3156
1769889600,4831.800000,4834.400000,4775.000000,4807.200000,1500.1297
1769904000,4806.700000,4842.000000,4802.500000,4824.300000,817.5100
1769918400,4824.200000,4854.700000,4819.900000,4841.200000,636.5061
1769932800,4841.300000,4849.700000,4829.200000,4831.700000,697.7112
1769947200,4832.400000,4836.400000,4770.000000,4787.800000,1135.6109
1769961600,4788.000000,4829.500000,4777.000000,4796.700000,716.0267
1769976000,4797.000000,4850.700000,4679.200000,4726.500000,2666.7938
1769990400,4728.400000,4859.500000,4598.500000,4632.700000,4030.8253
1770004800,4634.300000,4704.100000,4424.200000,4590.700000,5182.2184
1770019200,4591.100000,4774.200000,4573.800000,4760.700000,2553.8016
1770033600,4760.500000,4808.500000,4617.600000,4618.600000,3355.0175
1770048000,4618.700000,4712.500000,4600.000000,4688.600000,2521.6232
1770062400,4689.100000,4773.900000,4651.400000,4772.600000,2022.5698
1770076800,4773.700000,4849.200000,4747.500000,4812.500000,2610.7785
1770091200,4810.900000,4929.600000,4803.800000,4920.100000,1744.2315
1770105600,4920.200000,4947.200000,4881.400000,4915.800000,1685.9451
1770120000,4915.400000,4957.300000,4895.700000,4938.200000,1755.4205
1770134400,4938.200000,4992.300000,4878.800000,4924.700000,2133.1869
1770148800,4922.400000,4966.500000,4900.000000,4936.600000,1508.3361
1770163200,4938.000000,5068.500000,4936.100000,5064.100000,2065.9348
1770177600,5064.500000,5088.200000,5048.700000,5081.200000,1047.9091
1770192000,5080.600000,5087.900000,5005.600000,5040.300000,1442.3196
1770206400,5040.400000,5052.900000,4880.000000,4911.000000,2223.8668
1770220800,4912.000000,4946.600000,4844.900000,4932.600000,2237.5482
1770235200,4933.400000,5012.500000,4907.400000,4999.800000,1016.6770
1770249600,5000.100000,5009.200000,4778.000000,4864.400000,2833.8324
1770264000,4864.200000,4918.000000,4808.300000,4896.700000,1300.8938
1770278400,4896.700000,4923.000000,4831.300000,4843.800000,1620.5632
1770292800,4843.800000,4853.300000,4779.000000,4795.200000,2241.4754
1770307200,4795.400000,4883.500000,4790.700000,4801.200000,1011.8552
1770321600,4800.300000,4810.700000,4660.400000,4662.300000,1820.7744
1770336000,4661.500000,4794.400000,4597.800000,4766.800000,3002.9666
1770350400,4767.200000,4853.500000,4752.400000,4795.500000,1584.2627
1770364800,4796.700000,4856.200000,4783.400000,4848.800000,1476.6781
1770379200,4847.900000,4926.600000,4833.000000,4907.700000,1975.2926
1770393600,4907.600000,4933.800000,4891.000000,4915.700000,1839.2589
1770408000,4915.600000,4930.600000,4896.100000,4908.100000,1485.7005
1770422400,4908.200000,4908.900000,4883.300000,4889.500000,967.0431
1770436800,4889.600000,4915.600000,4888.700000,4900.800000,635.9210
1770451200,4900.800000,4921.300000,4897.600000,4908.600000,580.3423
1770465600,4908.700000,4929.500000,4908.600000,4919.800000,585.5080
1770480000,4919.800000,4943.000000,4911.600000,4943.000000,515.9422
1770494400,4943.400000,4962.000000,4942.800000,4956.200000,660.9184
1770508800,4956.700000,4968.400000,4945.800000,4963.400000,383.0478
1770523200,4963.400000,4983.200000,4961.500000,4966.400000,768.2079
1770537600,4966.500000,4979.100000,4959.600000,4967.600000,554.6796
1770552000,4967.600000,4977.400000,4960.400000,4961.700000,259.9534
1770566400,4961.700000,4973.700000,4960.000000,4971.500000,247.2882
1770580800,4971.500000,5020.900000,4943.200000,5012.600000,1215.4983
1770595200,5011.800000,5020.700000,4941.100000,4989.300000,1123.5815
1770609600,4989.300000,5014.400000,4973.800000,4977.300000,660.6163
1770624000,4977.100000,5013.100000,4960.000000,4987.200000,850.2432
1770638400,4987.300000,5040.000000,4978.200000,5036.800000,817.6919
1770652800,5037.500000,5063.800000,5029.100000,5056.300000,526.0156
1770667200,5056.400000,5070.000000,4973.600000,5013.100000,788.9696
1770681600,5013.100000,5035.800000,4994.600000,5010.400000,763.9551
1770696000,5010.500000,5028.100000,4998.000000,5014.300000,384.8173
1770710400,5013.800000,5041.400000,5010.800000,5033.900000,509.9756
1770724800,5033.700000,5056.200000,4985.000000,5001.500000,941.9291
1770739200,5001.900000,5018.500000,4988.100000,5006.800000,484.1420
1770753600,5006.200000,5026.700000,4996.900000,5015.300000,279.5998
1770768000,5015.400000,5032.200000,5004.000000,5027.400000,501.8519
1770782400,5027.400000,5037.200000,5015.600000,5029.700000,582.1323
1770796800,5029.600000,5094.800000,5022.100000,5092.400000,744.0229
1770811200,5092.500000,5098.800000,5005.100000,5035.600000,1053.9735
1770825600,5035.600000,5074.500000,5024.600000,5057.200000,649.3477
1770840000,5058.500000,5073.100000,5032.800000,5034.000000,757.1615
1770854400,5033.900000,5046.400000,5017.400000,5027.600000,594.4946
1770868800,5027.300000,5045.100000,5017.300000,5036.700000,534.5180
1770883200,5037.300000,5056.200000,5027.800000,5039.500000,486.3556
1770897600,5039.700000,5057.100000,5017.500000,5034.100000,658.1237
1770912000,5033.700000,5040.500000,4872.700000,4926.500000,2200.9356
1770926400,4926.900000,4929.300000,4871.900000,4899.500000,568.6048
1770940800,4899.400000,4967.300000,4893.600000,4959.400000,586.8198
1770955200,4959.700000,4971.500000,4924.500000,4954.700000,424.3137
1770969600,4953.300000,4967.400000,4918.300000,4935.000000,369.7444
1770984000,4934.700000,5001.600000,4934.600000,4960.500000,791.2942
1770998400,4960.400000,5026.100000,4959.800000,5008.400000,698.5157
1771012800,5007.000000,5021.000000,5002.100000,5012.800000,306.8852
1771027200,5012.900000,5016.700000,5006.200000,5008.700000,220.3502
1771041600,5008.400000,5008.600000,4996.600000,4999.600000,298.6412
1771056000,4999.600000,5004.600000,4994.000000,5000.300000,305.7815
1771070400,5000.300000,5004.500000,4995.400000,4997.900000,236.9854
1771084800,4998.000000,5001.000000,4994.700000,4997.900000,149.6695
1771099200,4997.900000,4998.000000,4990.800000,4993.300000,176.3344
1771113600,4993.000000,5004.000000,4992.400000,5003.100000,180.0468
1771128000,5003.700000,5005.800000,4997.000000,5003.900000,225.7806
1771142400,5003.600000,5014.200000,5002.900000,5006.100000,211.9480
1771156800,5006.000000,5007.900000,4996.600000,5005.200000,185.6111
1771171200,5005.300000,5009.000000,4993.000000,4996.000000,169.4547
1771185600,4996.200000,5018.300000,4981.600000,4996.100000,347.8853
1771200000,4995.500000,5003.400000,4952.300000,4962.200000,458.5078
1771214400,4962.600000,4987.900000,4947.200000,4986.600000,384.6971
1771228800,4986.900000,4996.400000,4976.900000,4983.000000,435.5416
1771243200,4982.900000,4985.400000,4951.700000,4959.100000,396.6411
1771257600,4959.200000,4978.000000,4953.700000,4970.700000,239.9862
1771272000,4969.000000,4977.800000,4965.400000,4968.200000,195.0622
1771286400,4968.300000,4970.200000,4905.000000,4937.400000,553.3685
1771300800,4937.400000,4941.700000,4849.000000,4899.200000,573.2071
1771315200,4899.500000,4920.900000,4891.800000,4911.800000,373.5969
1771329600,4911.500000,4924.800000,4824.200000,4858.300000,2825.6124
1771344000,4858.400000,4891.200000,4831.300000,4863.300000,1215.6769
1771358400,4863.100000,4870.800000,4837.700000,4842.200000,363.4511
1771372800,4841.500000,4901.600000,4840.900000,4900.600000,434.6725
1771387200,4900.700000,4922.800000,4898.900000,4912.100000,410.2507
1771401600,4912.800000,4914.800000,4889.900000,4896.000000,226.4270
1771416000,4895.900000,4989.600000,4895.500000,4977.700000,606.6390
1771430400,4977.800000,4991.500000,4953.500000,4960.400000,443.9289
1771444800,4960.400000,4966.700000,4942.500000,4954.000000,335.5700
1771459200,4954.000000,4963.500000,4940.700000,4963.500000,405.5255
1771473600,4963.500000,5002.600000,4958.900000,4992.400000,466.6885
1771488000,4993.000000,5002.000000,4962.300000,4968.900000,588.3853
1771502400,4968.900000,5003.600000,4948.900000,4995.800000,673.9558
1771516800,4995.800000,4996.000000,4960.000000,4970.100000,423.5202
1771531200,4970.700000,4989.900000,4970.700000,4972.500000,282.7982
1771545600,4972.600000,4998.600000,4970.600000,4975.800000,574.8754
1771560000,4975.400000,5011.100000,4974.600000,4991.200000,468.7703
1771574400,4991.100000,5023.900000,4990.000000,5001.600000,549.9945
1771588800,5001.900000,5048.100000,4978.300000,5027.500000,1127.9707
1771603200,5027.600000,5064.200000,5024.700000,5064.200000,614.7479
1771617600,5064.100000,5091.100000,5062.500000,5085.400000,372.6272
1771632000,5085.400000,5094.700000,5082.000000,5084.800000,301.0494
1771646400,5084.900000,5091.700000,5084.700000,5090.500000,132.8893
1771660800,5090.500000,5096.300000,5090.400000,5094.700000,132.5859
1771675200,5094.800000,5108.400000,5094.700000,5100.000000,204.7115
1771689600,5100.100000,5117.800000,5100.000000,5109.700000,405.8460
1771704000,5109.700000,5114.200000,5104.000000,5105.500000,183.3239
1771718400,5104.700000,5106.200000,5089.700000,5089.800000,224.6942
1771732800,5089.200000,5100.600000,5089.100000,5097.600000,193.8628
1771747200,5097.600000,5101.000000,5090.900000,5099.900000,265.8419
1771761600,5099.900000,5123.700000,5096.800000,5117.600000,494.2736
1771776000,5117.400000,5122.100000,5110.200000,5111.600000,410.5905
1771790400,5112.200000,5158.900000,5095.900000,5153.500000,1238.0296
1771804800,5153.400000,5161.600000,5118.400000,5151.900000,836.3478
1771819200,5151.900000,5153.200000,5109.200000,5118.700000,618.6611
1771833600,5118.700000,5142.400000,5105.000000,5129.200000,532.4266
1771848000,5129.200000,5186.400000,5122.000000,5178.700000,773.9553
1771862400,5178.700000,5199.800000,5160.200000,5192.400000,540.4776
1771876800,5192.500000,5228.200000,5192.400000,5213.900000,554.3317
1771891200,5213.400000,5214.300000,5124.700000,5154.500000,909.4204
1771905600,5154.600000,5164.100000,5137.500000,5159.200000,571.6367
1771920000,5159.200000,5159.600000,5143.300000,5152.200000,398.4619
1771934400,5152.100000,5152.100000,5082.600000,5134.400000,944.5118
1771948800,5134.400000,5155.100000,5117.300000,5139.300000,527.8266
1771963200,5139.300000,5157.500000,5110.800000,5132.600000,558.9033
1771977600,5132.700000,5176.300000,5123.600000,5164.300000,602.7916
1771992000,5163.600000,5192.200000,5156.600000,5166.200000,542.1285
1772006400,5166.600000,5179.900000,5141.100000,5165.500000,442.9002
1772020800,5165.700000,5184.500000,5145.700000,5176.200000,299.1778
1772035200,5176.700000,5196.100000,5170.000000,5180.000000,563.5121
1772049600,5180.800000,5182.400000,5126.000000,5141.900000,898.0966
1772064000,5141.700000,5172.300000,5135.300000,5166.200000,822.8057
1772078400,5166.200000,5177.400000,5155.200000,5163.300000,441.8745
1772092800,5163.100000,5167.500000,5141.500000,5144.500000,489.0906
1772107200,5144.600000,5170.800000,5113.700000,5163.700000,718.4028
1772121600,5164.200000,5172.200000,5143.200000,5165.700000,459.2548
1772136000,5165.800000,5178.600000,5158.000000,5163.700000,289.0278
1772150400,5163.700000,5178.500000,5150.000000,5168.200000,279.3447
1772164800,5168.200000,5181.800000,5162.000000,5163.800000,306.9403
1772179200,5163.300000,5170.300000,5154.100000,5170.300000,381.1647
1772193600,5170.300000,5234.200000,5169.800000,5227.600000,1206.2267
1772208000,5227.600000,5246.300000,5212.100000,5241.800000,697.5267
1772222400,5240.800000,5274.600000,5239.700000,5259.400000,486.0547
1772236800,5259.300000,5276.700000,5256.700000,5274.900000,322.1195
1772251200,5274.900000,5318.600000,5274.000000,5317.000000,1607.4299
1772265600,5316.400000,5462.100000,5311.800000,5373.200000,4132.3179
1772280000,5372.800000,5416.700000,5299.000000,5330.100000,2013.8404
1772294400,5330.400000,5349.200000,5307.900000,5313.000000,1641.1207
1772308800,5312.900000,5329.400000,5295.100000,5303.800000,925.9219
1772323200,5303.500000,5322.700000,5242.500000,5272.100000,1118.8954
1772337600,5272.200000,5303.600000,5267.100000,5291.500000,761.5508
1772352000,5291.200000,5342.400000,5291.200000,5322.300000,840.5043
1772366400,5323.100000,5345.300000,5321.400000,5343.600000,898.2256
1772380800,5343.200000,5356.200000,5327.100000,5343.300000,772.1645
1772395200,5344.000000,5369.400000,5296.000000,5362.700000,2404.9697
1772409600,5363.700000,5364.900000,5279.500000,5336.800000,1512.5542
1772424000,5336.900000,5386.900000,5310.100000,5377.300000,946.5749
1772438400,5377.100000,5388.200000,5354.800000,5361.900000,1979.5936
1772452800,5361.900000,5389.200000,5271.900000,5278.600000,2115.1029
1772467200,5277.700000,5302.900000,5220.000000,5299.200000,1773.5215
1772481600,5299.100000,5316.600000,5284.200000,5312.300000,604.7590
1772496000,5312.700000,5344.900000,5304.000000,5327.200000,1202.0019
1772510400,5327.400000,5333.700000,5250.100000,5298.700000,1104.4140
1772524800,5298.900000,5304.500000,5061.100000,5124.800000,1887.3106
1772539200,5125.300000,5192.500000,4980.700000,5072.400000,2528.4049
1772553600,5072.000000,5116.600000,5038.000000,5085.400000,1322.2741
1772568000,5085.200000,5106.300000,5058.400000,5101.100000,715.5055
1772582400,5101.700000,5157.000000,5082.800000,5143.000000,846.9411
1772596800,5142.800000,5147.900000,5092.800000,5134.400000,617.3914
1772611200,5133.200000,5163.200000,5115.600000,5156.400000,807.3361
1772625600,5157.200000,5168.300000,5098.700000,5119.500000,868.0366
1772640000,5119.100000,5127.400000,5075.400000,5102.400000,682.0477
1772654400,5103.200000,5132.500000,5091.000000,5132.300000,477.0885
1772668800,5132.500000,5155.900000,5126.200000,5142.200000,628.9014
1772683200,5144.200000,5147.800000,5086.100000,5127.500000,1089.4405
1772697600,5127.300000,5148.400000,5104.300000,5131.500000,1366.4168
1772712000,5131.600000,5140.000000,5035.800000,5076.800000,1450.8039
1772726400,5077.000000,5079.200000,5028.200000,5044.700000,946.0463
1772740800,5044.500000,5077.800000,5041.300000,5063.200000,571.5924
1772755200,5063.100000,5113.500000,5045.500000,5100.700000,583.9478
1772769600,5100.800000,5105.800000,5075.100000,5091.100000,977.2957
1772784000,5090.900000,5094.200000,5039.400000,5051.200000,809.3102
1772798400,5051.900000,5139.000000,5042.200000,5114.200000,1321.2132
1772812800,5114.300000,5145.600000,5101.300000,5132.700000,529.6652
1772827200,5131.600000,5149.900000,5122.000000,5139.400000,408.4408
1772841600,5139.400000,5147.600000,5130.000000,5135.000000,181.7970
1772856000,5135.900000,5149.000000,5135.800000,5146.300000,226.2318
1772870400,5146.100000,5147.200000,5138.600000,5145.800000,237.0249
1772884800,5145.700000,5150.300000,5142.600000,5146.900000,435.9947
1772899200,5146.800000,5155.000000,5140.000000,5140.200000,1087.8224
1772913600,5140.300000,5148.700000,5140.000000,5143.900000,258.1290
1772928000,5144.000000,5147.700000,5141.100000,5142.700000,293.2335
1772942400,5142.700000,5145.700000,5142.700000,5143.500000,1090.6570
1772956800,5143.600000,5146.000000,5135.800000,5137.100000,791.4823
1772971200,5137.100000,5142.000000,5131.900000,5132.200000,550.7545
1772985600,5132.200000,5136.700000,5118.000000,5132.000000,1183.4843
1773000000,5132.500000,5150.100000,5020.000000,5044.900000,1989.5425
1773014400,5044.400000,5067.500000,4991.200000,5058.900000,1271.0733
1773028800,5058.800000,5106.600000,5048.800000,5069.800000,670.3094
1773043200,5070.000000,5098.100000,5051.400000,5058.100000,631.8534
1773057600,5059.100000,5081.900000,5033.300000,5069.200000,716.5611
1773072000,5069.100000,5109.500000,5059.100000,5108.000000,687.2667
1773086400,5107.700000,5119.000000,5086.200000,5104.500000,481.1797
1773100800,5105.300000,5147.500000,5092.800000,5121.900000,898.3574
1773115200,5122.000000,5142.000000,5119.800000,5142.000000,744.7879
1773129600,5141.900000,5154.000000,5121.300000,5140.800000,1299.7054
1773144000,5140.800000,5196.800000,5130.500000,5187.000000,1570.1008
1773158400,5187.000000,5195.000000,5124.600000,5158.800000,962.7836
1773172800,5158.700000,5161.700000,5145.700000,5160.300000,501.6165
1773187200,5160.400000,5180.400000,5150.400000,5165.200000,1054.2679
1773201600,5165.100000,5169.900000,5146.400000,5154.800000,1318.0892
1773216000,5154.700000,5159.100000,5139.000000,5140.900000,649.0743
1773230400,5141.400000,5158.800000,5113.500000,5128.600000,876.8205
1773244800,5128.700000,5142.400000,5116.900000,5142.400000,359.9424
1773259200,5142.400000,5142.400000,5095.800000,5098.100000,337.7239
1773273600,5098.700000,5132.400000,5090.400000,5115.300000,515.5437
1773288000,5115.400000,5144.700000,5101.700000,5142.100000,373.5560
1773302400,5142.400000,5151.200000,5133.800000,5137.800000,426.5599
1773316800,5138.300000,5145.000000,5079.700000,5099.600000,746.9886
1773331200,5098.800000,5104.800000,5055.100000,5060.400000,509.0584
1773345600,5060.200000,5082.200000,5035.500000,5080.800000,695.7659
1773360000,5080.300000,5098.500000,5078.300000,5086.400000,468.8655
1773374400,5086.300000,5087.300000,5044.600000,5055.200000,412.9034
1773388800,5055.000000,5072.700000,5034.600000,5072.700000,549.4053
1773403200,5072.700000,5085.700000,4999.700000,5002.400000,942.6301
1773417600,5002.700000,5032.800000,4983.600000,4990.300000,618.4335
1773432000,4990.000000,4999.500000,4986.200000,4998.900000,287.4909
1773446400,4998.900000,5006.200000,4997.700000,5003.500000,155.2905
1773460800,5003.500000,5009.300000,4994.100000,4995.800000,223.3085
1773475200,4995.900000,5002.400000,4995.800000,4997.700000,112.0696
1773489600,4997.800000,4998.900000,4991.800000,4996.200000,112.1624
1773504000,4996.300000,4996.300000,4992.200000,4992.500000,139.7882
1773518400,4992.100000,4992.500000,4989.000000,4989.900000,123.2633
1773532800,4989.900000,4992.300000,4988.900000,4991.000000,142.9652
1773547200,4991.000000,4991.100000,4983.100000,4983.700000,124.9591
1773561600,4983.700000,4989.100000,4978.000000,4981.700000,147.8968
1773576000,4982.000000,4982.000000,4970.000000,4971.900000,232.7800
1773590400,4971.900000,4972.000000,4960.000000,4966.500000,615.7872
1773604800,4966.400000,4999.600000,4942.100000,4967.400000,1136.3435
1773619200,4967.600000,4998.500000,4954.600000,4985.600000,863.2302
1773633600,4985.500000,4998.000000,4958.800000,4960.200000,786.4305
1773648000,4961.000000,4983.500000,4937.300000,4960.400000,936.5464
1773662400,4960.300000,4999.600000,4948.400000,4951.600000,799.4030
1773676800,4950.900000,4981.100000,4940.700000,4974.100000,454.2373
1773691200,4974.900000,4982.100000,4956.300000,4973.200000,463.2961
1773705600,4973.300000,4987.700000,4955.000000,4981.500000,505.5858
1773720000,4982.000000,4999.600000,4965.600000,4980.800000,341.3476
1773734400,4980.800000,4986.800000,4957.200000,4966.600000,551.7195
1773748800,4966.200000,4991.700000,4943.200000,4963.700000,704.3323
1773763200,4964.100000,4973.500000,4958.900000,4966.500000,214.4659
1773777600,4966.600000,4972.700000,4961.900000,4968.400000,109.0845
1773792000,4968.500000,4982.000000,4955.300000,4959.200000,236.4257
1773806400,4959.300000,4981.500000,4951.700000,4961.300000,544.9097
1773820800,4960.700000,4962.900000,4899.500000,4903.000000,1006.8343
1773835200,4903.200000,4903.400000,4814.000000,4843.100000,1280.9662
1773849600,4843.100000,4878.800000,4819.800000,4823.200000,881.8993
1773864000,4822.000000,4827.900000,4788.000000,4817.700000,1387.3082
1773878400,4817.700000,4844.300000,4814.000000,4829.300000,873.2781
1773892800,4829.200000,4831.300000,4709.900000,4709.900000,1163.9406
1773907200,4709.800000,4722.100000,4648.000000,4649.900000,1507.6190
1773921600,4648.800000,4650.800000,4516.600000,4600.400000,2344.8608
1773936000,4600.900000,4665.800000,4580.900000,4647.600000,931.5473
1773950400,4647.400000,4678.500000,4636.500000,4644.400000,825.4712
1773964800,4644.000000,4731.400000,4643.100000,4719.500000,1057.4583
1773979200,4719.600000,4721.000000,4653.400000,4699.100000,1152.4618
1773993600,4699.000000,4724.800000,4634.700000,4662.900000,1534.1294
1774008000,4662.900000,4686.000000,4547.400000,4559.800000,1590.9804
1774022400,4559.700000,4615.900000,4483.200000,4505.200000,1146.1196
1774036800,4505.700000,4517.700000,4492.700000,4497.700000,698.5645
1774051200,4498.000000,4513.700000,4497.900000,4498.900000,500.0653
1774065600,4499.000000,4500.700000,4490.200000,4490.500000,314.1150
1774080000,4490.500000,4496.100000,4489.200000,4493.100000,216.5560
1774094400,4493.000000,4497.100000,4491.400000,4491.800000,204.9181
1774108800,4491.800000,4497.500000,4491.800000,4496.600000,215.8266
1774123200,4496.600000,4496.700000,4483.900000,4487.300000,105.4807
1774137600,4487.300000,4493.700000,4481.100000,4493.200000,229.9096
1774152000,4493.200000,4495.800000,4487.900000,4490.400000,128.3586
1774166400,4490.500000,4493.600000,4469.800000,4480.700000,370.4342
1774180800,4480.500000,4482.200000,4465.300000,4474.800000,491.3350
1774195200,4474.700000,4492.500000,4473.900000,4483.000000,442.3685
1774209600,4482.200000,4534.400000,4456.900000,4469.900000,1688.8697
1774224000,4468.900000,4476.000000,4331.900000,4360.500000,2126.2281
1774238400,4361.700000,4387.600000,4154.300000,4241.000000,2638.6715
1774252800,4240.700000,4449.900000,4238.100000,4370.400000,2513.5423
1774267200,4371.900000,4499.300000,4334.800000,4360.300000,1419.4846
1774281600,4359.700000,4461.300000,4350.800000,4398.400000,1028.1318
1774296000,4397.900000,4442.400000,4366.000000,4435.600000,917.7674
1774310400,4435.800000,4440.900000,4312.900000,4352.600000,1006.6185
1774324800,4353.100000,4430.600000,4325.200000,4417.900000,777.1267
1774339200,4417.800000,4439.500000,4385.600000,4411.800000,918.9011
1774353600,4411.700000,4433.600000,4356.200000,4415.700000,1043.2077
1774368000,4415.700000,4427.300000,4375.800000,4403.400000,499.5767
1774382400,4403.300000,4546.500000,4400.700000,4541.100000,760.7440
1774396800,4541.400000,4589.500000,4534.400000,4553.800000,1177.3333
1774411200,4554.100000,4561.300000,4525.200000,4537.300000,924.2763
1774425600,4536.900000,4576.800000,4525.100000,4570.700000,516.2720
1774440000,4570.900000,4575.200000,4516.400000,4555.100000,3100.7937
1774454400,4555.000000,4563.300000,4487.000000,4527.600000,2619.5817
1774468800,4527.000000,4537.000000,4487.800000,4496.300000,2348.6075
1774483200,4496.300000,4536.900000,4496.300000,4510.800000,2375.1235
1774497600,4510.900000,4517.800000,4415.100000,4451.400000,3280.4319
1774512000,4450.500000,4458.000000,4412.100000,4422.300000,2937.8890
1774526400,4422.200000,4479.100000,4417.300000,4438.300000,2010.2666
1774540800,4438.400000,4442.000000,4365.100000,4368.600000,1940.6167
1774555200,4368.500000,4420.000000,4357.500000,4406.100000,1791.0012
1774569600,4406.100000,4443.300000,4377.200000,4436.100000,1130.0680
1774584000,4436.200000,4470.900000,4430.400000,4444.300000,1041.9029
1774598400,4444.300000,4447.700000,4402.600000,4414.900000,1102.9926
1774612800,4415.100000,4545.300000,4409.200000,4514.200000,1788.0751
1774627200,4514.300000,4525.800000,4478.900000,4516.200000,1484.4745
1774641600,4517.000000,4519.700000,4484.400000,4494.800000,655.1963
1774656000,4494.900000,4497.700000,4485.100000,4489.300000,266.9514
1774670400,4489.200000,4498.400000,4484.900000,4496.800000,288.9177
1774684800,4496.700000,4496.900000,4491.900000,4494.400000,222.0105
1774699200,4494.300000,4499.600000,4483.000000,4492.600000,321.8667
1774713600,4492.700000,4494.400000,4490.000000,4493.600000,164.7496
1774728000,4493.700000,4494.700000,4487.000000,4489.500000,162.0228
1774742400,4489.500000,4493.500000,4482.600000,4489.300000,330.7317
1774756800,4489.300000,4489.900000,4485.900000,4487.300000,169.3036
1774771200,4487.300000,4491.000000,4483.500000,4490.200000,279.8419
1774785600,4490.300000,4505.500000,4489.600000,4497.600000,435.3486
1774800000,4497.600000,4505.100000,4496.900000,4501.500000,295.9830
1774814400,4501.600000,4510.000000,4445.300000,4448.400000,1104.5115
1774828800,4450.700000,4516.000000,4422.000000,4495.100000,1226.7311
1774843200,4495.500000,4547.000000,4485.300000,4523.900000,925.8858
1774857600,4522.600000,4574.200000,4521.600000,4554.500000,949.7798
1774872000,4554.700000,4573.000000,4508.100000,4539.000000,1438.7985
1774886400,4538.800000,4540.000000,4487.200000,4508.600000,673.4156
1774900800,4508.300000,4513.800000,4487.200000,4506.400000,683.9660
1774915200,4506.300000,4607.400000,4476.700000,4547.200000,1603.4031
1774929600,4547.300000,4569.900000,4536.000000,4556.200000,687.8615
1774944000,4556.000000,4581.700000,4523.000000,4571.900000,1065.9204
1774958400,4571.900000,4613.200000,4558.500000,4591.600000,1196.3754
1774972800,4591.600000,4663.400000,4590.700000,4661.800000,1227.6347
1774987200,4662.200000,4673.600000,4634.700000,4670.400000,902.7991
1775001600,4670.400000,4695.900000,4654.500000,4655.900000,1203.8098
1775016000,4655.900000,4717.400000,4643.100000,4684.600000,977.4943
1775030400,4684.500000,4731.400000,4682.800000,4722.900000,1263.6663
1775044800,4722.800000,4757.000000,4688.800000,4755.600000,1624.5620
1775059200,4755.700000,4761.300000,4711.200000,4732.800000,943.2554
1775073600,4734.700000,4762.200000,4719.600000,4747.200000,585.2707
1775088000,4747.100000,4761.100000,4624.000000,4649.700000,1605.6936
1775102400,4649.600000,4652.700000,4534.600000,4619.100000,1254.5245
1775116800,4619.300000,4624.100000,4572.300000,4577.400000,1074.0715
1775131200,4578.400000,4671.100000,4559.700000,4634.000000,1352.8605
1775145600,4634.000000,4655.400000,4618.700000,4646.500000,868.2262
1775160000,4645.700000,4652.000000,4639.100000,4650.300000,233.1027
1775174400,4650.200000,4650.400000,4641.000000,4644.900000,198.8103
1775188800,4645.000000,4649.700000,4641.800000,4641.800000,250.0570
1775203200,4641.900000,4645.600000,4639.100000,4640.500000,239.5405
1775217600,4640.400000,4644.500000,4628.200000,4631.000000,337.9603
1775232000,4631.000000,4634.100000,4627.800000,4629.200000,148.0589
1775246400,4629.100000,4634.700000,4627.800000,4631.900000,201.9032
1775260800,4632.000000,4638.600000,4630.200000,4638.600000,131.2282
1775275200,4638.500000,4639.100000,4635.000000,4635.900000,209.9053
1775289600,4635.800000,4644.800000,4633.200000,4640.700000,231.2087
1775304000,4640.700000,4645.800000,4638.800000,4642.900000,233.9973
1775318400,4643.100000,4645.800000,4632.400000,4632.500000,214.8576
1775332800,4632.500000,4637.500000,4632.100000,4634.600000,86.3354
1775347200,4634.700000,4638.200000,4631.700000,4636.300000,138.4747
1775361600,4636.300000,4636.700000,4630.000000,4632.800000,161.6545
1775376000,4632.700000,4636.300000,4619.800000,4624.300000,246.6479
1775390400,4624.200000,4628.800000,4608.100000,4620.500000,349.9353
1775404800,4620.500000,4625.300000,4605.800000,4613.000000,314.4331
1775419200,4612.300000,4633.100000,4580.100000,4585.700000,1079.2464
1775433600,4585.800000,4642.600000,4576.100000,4613.800000,1029.5432
1775448000,4613.800000,4655.600000,4613.800000,4652.300000,691.7037
1775462400,4652.700000,4673.200000,4646.400000,4646.400000,873.1241
1775476800,4646.400000,4661.600000,4621.700000,4634.400000,1088.1247
1775491200,4634.300000,4638.700000,4615.200000,4624.900000,810.3700
1775505600,4624.900000,4635.400000,4619.400000,4626.300000,168.7270
1775520000,4625.500000,4632.700000,4588.500000,4620.600000,665.4059
1775534400,4620.700000,4634.000000,4597.700000,4618.000000,603.2429
1775548800,4618.000000,4662.800000,4605.400000,4631.400000,1214.2565
1775563200,4631.500000,4640.300000,4585.200000,4629.900000,1269.6552
1775577600,4630.000000,4688.400000,4627.200000,4673.400000,1005.8422
1775592000,4673.200000,4789.500000,4670.100000,4787.200000,1639.9337
1775606400,4787.900000,4811.500000,4747.200000,4755.200000,1148.8663
1775620800,4755.300000,4797.800000,4748.400000,4775.600000,1380.1973
1775635200,4775.600000,4780.400000,4738.100000,4763.800000,1313.1685
1775649600,4764.200000,4771.600000,4703.300000,4725.900000,1433.4640
1775664000,4725.900000,4734.500000,4672.200000,4702.900000,1295.4998
1775678400,4703.000000,4707.100000,4683.700000,4693.200000,1294.9746
1775692800,4693.200000,4708.600000,4674.600000,4689.500000,912.2288
1775707200,4689.600000,4707.000000,4684.100000,4702.300000,382.4878
1775721600,4702.400000,4733.700000,4698.600000,4733.700000,385.1082
1775736000,4733.600000,4771.100000,4713.300000,4766.900000,774.2015
1775750400,4767.000000,4776.200000,4742.900000,4744.300000,535.7335
1775764800,4744.200000,4754.200000,4732.600000,4737.700000,310.6098
1775779200,4737.500000,4750.700000,4715.100000,4739.200000,334.3014
1775793600,4739.200000,4743.300000,4716.700000,4724.800000,259.5294
1775808000,4724.800000,4741.300000,4707.000000,4741.300000,429.7914
1775822400,4741.300000,4766.600000,4730.000000,4733.300000,980.7838
1775836800,4734.200000,4745.200000,4725.000000,4732.700000,570.7464
1775851200,4732.500000,4732.500000,4717.500000,4722.000000,153.1478
1775865600,4721.900000,4724.400000,4720.000000,4723.700000,94.2745
1775880000,4723.600000,4723.900000,4721.400000,4722.100000,122.0876
1775894400,4722.000000,4726.500000,4722.000000,4722.200000,68.7151
1775908800,4722.200000,4729.700000,4721.800000,4724.600000,87.6628
1775923200,4724.700000,4733.600000,4721.800000,4729.000000,147.0530
1775937600,4729.000000,4729.600000,4722.500000,4723.800000,49.4673
1775952000,4723.800000,4725.700000,4704.400000,4711.500000,171.4262
1775966400,4711.400000,4713.000000,4697.400000,4704.800000,219.8399
1775980800,4704.700000,4709.300000,4699.200000,4700.500000,189.6218
1775995200,4700.600000,4700.600000,4680.000000,4683.900000,227.7082
1776009600,4683.900000,4688.600000,4677.600000,4686.000000,161.0178
1776024000,4685.200000,4691.500000,4622.700000,4648.700000,1217.5883
1776038400,4649.000000,4699.400000,4642.700000,4691.900000,530.4983
1776052800,4692.000000,4713.000000,4681.500000,4709.500000,434.0773
1776067200,4709.500000,4712.900000,4678.700000,4681.300000,478.2293
1776081600,4680.900000,4715.200000,4673.300000,4686.900000,516.7322
1776096000,4687.800000,4720.300000,4683.000000,4715.400000,397.9247
1776110400,4715.300000,4738.900000,4711.400000,4730.600000,307.7817
1776124800,4729.600000,4750.100000,4725.700000,4741.500000,395.6525
1776139200,4742.000000,4769.700000,4731.600000,4753.300000,540.2932
1776153600,4753.100000,4764.500000,4730.600000,4751.400000,986.7084
1776168000,4751.800000,4791.000000,4740.900000,4783.800000,1052.5629
1776182400,4783.800000,4821.000000,4782.100000,4821.000000,720.3579
1776196800,4821.000000,4825.500000,4803.200000,4812.000000,540.6621
1776211200,4812.000000,4843.200000,4793.200000,4800.000000,848.4297
1776225600,4800.000000,4805.300000,4781.300000,4788.000000,743.4859
1776240000,4788.000000,4797.500000,4766.800000,4790.400000,909.2661
1776254400,4790.100000,4809.100000,4767.200000,4780.100000,908.4817
1776268800,4780.200000,4789.700000,4770.100000,4774.500000,617.5599
1776283200,4774.600000,4804.500000,4766.500000,4801.400000,571.9100
1776297600,4801.600000,4814.500000,4790.100000,4801.700000,496.8932
1776312000,4802.000000,4814.900000,4794.800000,4799.500000,315.0283
1776326400,4799.700000,4801.900000,4786.700000,4801.800000,423.9720
1776340800,4801.900000,4803.900000,4758.300000,4787.600000,964.5096
1776355200,4788.600000,4790.000000,4763.900000,4776.200000,406.9884
1776369600,4776.200000,4777.400000,4763.000000,4771.900000,445.8002
1776384000,4771.900000,4779.200000,4751.500000,4773.700000,875.2884
1776398400,4773.500000,4787.000000,4763.600000,4768.300000,1261.1322
1776412800,4768.500000,4790.000000,4766.100000,4779.800000,1344.4768
1776427200,4779.800000,4865.500000,4778.400000,4844.100000,1357.8685
1776441600,4844.700000,4850.900000,4830.200000,4831.300000,431.9619
1776456000,4831.500000,4831.600000,4808.800000,4814.200000,400.5743
1776470400,4814.200000,4826.700000,4811.400000,4812.900000,154.6529
1776484800,4812.900000,4815.100000,4801.500000,4803.900000,90.4419
1776499200,4803.900000,4807.400000,4788.900000,4789.100000,176.7121
1776513600,4788.900000,4795.300000,4782.700000,4791.300000,120.0312
1776528000,4791.500000,4794.500000,4777.000000,4782.800000,107.6489
1776542400,4782.900000,4788.300000,4777.400000,4777.400000,119.8202
1776556800,4777.400000,4780.300000,4770.100000,4776.100000,81.8260
1776571200,4776.100000,4785.200000,4770.300000,4778.700000,77.5641
1776585600,4778.700000,4780.700000,4772.300000,4777.300000,62.4915
1776600000,4777.400000,4792.700000,4775.500000,4790.300000,187.9686
1776614400,4790.000000,4793.600000,4775.600000,4777.900000,183.0204
1776628800,4778.400000,4778.400000,4721.600000,4735.700000,1100.8839
1776643200,4735.700000,4791.500000,4727.100000,4771.500000,495.7320
1776657600,4771.500000,4782.000000,4760.200000,4767.800000,446.9068
1776672000,4767.800000,4788.800000,4764.300000,4788.800000,300.3708
1776686400,4788.400000,4804.200000,4773.700000,4780.300000,746.6479
1776700800,4780.300000,4799.500000,4775.800000,4792.700000,139.3195
1776715200,4794.000000,4810.300000,4793.000000,4800.800000,143.6300
1776729600,4800.900000,4808.600000,4774.500000,4776.400000,191.2512
1776744000,4776.400000,4777.200000,4758.100000,4770.100000,322.1918
1776758400,4770.100000,4780.000000,4760.700000,4779.000000,172.6114
1776772800,4779.800000,4780.000000,4713.500000,4729.400000,803.9430
1776787200,4729.400000,4734.700000,4658.000000,4668.500000,743.8188
1776801600,4667.800000,4726.700000,4660.300000,4726.100000,381.8901
1776816000,4726.100000,4750.700000,4722.700000,4746.400000,187.6740
1776830400,4745.700000,4758.000000,4739.800000,4747.600000,181.6318
1776844800,4748.100000,4748.100000,4735.100000,4737.400000,131.0644
1776859200,4738.100000,4744.300000,4711.100000,4712.300000,303.1234
1776873600,4713.000000,4731.900000,4710.000000,4722.900000,271.6521
1776888000,4722.900000,4726.600000,4707.900000,4710.400000,109.5761
1776902400,4710.300000,4734.100000,4679.600000,4687.800000,482.1897
1776916800,4687.300000,4704.700000,4677.100000,4703.700000,193.0215
1776931200,4704.000000,4707.100000,4672.100000,4705.400000,232.4252
1776945600,4705.400000,4726.200000,4702.800000,4706.000000,516.8332
1776960000,4706.700000,4721.100000,4655.500000,4683.100000,607.8653
1776974400,4683.100000,4692.400000,4676.700000,4685.900000,155.8631
1776988800,4687.400000,4697.600000,4660.800000,4662.900000,336.1480
1777003200,4662.900000,4683.200000,4649.600000,4683.100000,286.7778
1777017600,4683.100000,4703.200000,4667.100000,4693.100000,330.1132
1777032000,4693.400000,4723.000000,4679.600000,4711.100000,471.4813
1777046400,4710.800000,4714.000000,4698.800000,4701.300000,219.6772
1777060800,4700.800000,4700.800000,4685.500000,4690.200000,458.9110
1777075200,4690.300000,4694.400000,4690.200000,4694.200000,35.0102
1777089600,4694.200000,4697.600000,4693.200000,4693.200000,33.2556
1777104000,4693.200000,4699.900000,4693.200000,4696.800000,28.3287
1777118400,4696.800000,4697.000000,4693.300000,4695.300000,78.0283
1777132800,4695.300000,4695.400000,4690.600000,4691.800000,458.5256
1777147200,4691.800000,4694.600000,4689.000000,4689.000000,51.9746
1777161600,4689.100000,4692.100000,4685.800000,4691.900000,41.8379
1777176000,4692.000000,4692.700000,4688.600000,4691.200000,46.9136
1777190400,4691.100000,4695.200000,4690.700000,4695.100000,43.2554
1777204800,4695.200000,4704.500000,4695.200000,4700.000000,55.8583
1777219200,4700.000000,4708.800000,4699.800000,4705.300000,95.9028
1777233600,4705.400000,4706.400000,4669.500000,4674.500000,544.4239
1777248000,4674.500000,4714.200000,4668.200000,4708.300000,357.6137
1777262400,4708.400000,4713.100000,4693.000000,4695.800000,190.1945
1777276800,4695.000000,4697.400000,4685.400000,4689.800000,129.0597
1777291200,4689.900000,4696.400000,4657.100000,4659.600000,329.8160
1777305600,4659.000000,4674.600000,4657.100000,4672.900000,213.2833
1777320000,4673.000000,4686.800000,4670.100000,4684.800000,141.7404
1777334400,4684.800000,4691.500000,4659.700000,4664.400000,226.3070
1777348800,4664.300000,4664.400000,4617.400000,4627.000000,861.9654
1777363200,4627.600000,4630.400000,4554.400000,4560.700000,1055.1123
1777377600,4561.300000,4594.300000,4554.100000,4582.200000,1104.3664
1777392000,4582.200000,4597.800000,4576.200000,4592.100000,364.9828
1777406400,4592.200000,4595.400000,4584.500000,4591.100000,122.6036
1777420800,4591.200000,4604.000000,4572.900000,4590.400000,277.3057
1777435200,4590.400000,4599.500000,4566.900000,4566.900000,190.5426
1777449600,4567.900000,4577.100000,4551.900000,4561.200000,513.6283
1777464000,4561.100000,4566.200000,4514.200000,4546.900000,1458.9659
1777478400,4547.300000,4562.400000,4522.400000,4546.100000,586.7376
1777492800,4545.600000,4559.000000,4540.000000,4559.000000,158.4665
1777507200,4559.100000,4577.900000,4555.700000,4555.800000,335.3127
1777521600,4555.800000,4599.400000,4541.600000,4593.900000,327.3116
1777536000,4593.800000,4636.000000,4593.700000,4622.000000,871.8049
1777550400,4622.000000,4636.800000,4602.700000,4606.400000,1091.8649
1777564800,4605.800000,4618.400000,4597.400000,4609.000000,191.2488
1777579200,4608.300000,4623.900000,4607.500000,4614.600000,194.1318
1777593600,4614.500000,4621.600000,4603.300000,4614.100000,140.2533
1777608000,4614.000000,4615.500000,4570.300000,4572.400000,244.0968
1777622400,4572.600000,4578.700000,4560.700000,4578.600000,557.2239
1777636800,4578.600000,4649.600000,4575.700000,4630.300000,1288.7137
1777651200,4630.300000,4636.100000,4600.000000,4600.100000,315.9094
1777665600,4601.300000,4605.200000,4598.600000,4601.800000,83.9774
1777680000,4601.800000,4602.500000,4600.200000,4602.000000,37.2968
1777694400,4602.100000,4602.200000,4597.900000,4599.600000,34.2939
1777708800,4599.000000,4601.500000,4598.300000,4601.200000,28.2593
1777723200,4601.300000,4604.300000,4601.200000,4602.800000,39.1358
1777737600,4603.400000,4603.900000,4598.500000,4599.700000,39.1303
1777752000,4599.700000,4603.100000,4596.900000,4597.900000,8.1747
1777766400,4597.700000,4598.800000,4596.400000,4598.700000,5.7716
1777780800,4598.800000,4603.400000,4598.700000,4603.200000,6.2260
1777795200,4603.300000,4609.900000,4602.900000,4609.900000,8.2967
1777809600,4610.000000,4616.600000,4610.000000,4614.800000,16.1873
1777824000,4614.800000,4618.700000,4609.400000,4616.800000,11.0035
1777838400,4616.200000,4631.500000,4605.100000,4605.100000,68.7942
1777852800,4605.000000,4611.200000,4586.600000,4607.800000,133.7334
1777867200,4607.700000,4607.700000,4575.300000,4575.300000,49.2632
1777881600,4575.200000,4579.300000,4525.100000,4556.900000,532.5314
1777896000,4556.800000,4576.700000,4514.100000,4524.000000,1048.2396
1777910400,4522.200000,4531.100000,4503.400000,4516.200000,1128.1842
1777924800,4517.100000,4525.500000,4513.200000,4517.900000,185.7773
1777939200,4518.800000,4543.300000,4513.200000,4532.600000,330.6021
1777953600,4532.700000,4554.000000,4526.500000,4542.000000,520.3958
1777968000,4542.600000,4557.300000,4536.600000,4555.700000,347.6394
1777982400,4555.900000,4578.300000,4549.500000,4562.900000,589.8509
1777996800,4562.900000,4562.900000,4546.200000,4547.900000,171.7835
1778011200,4548.000000,4586.700000,4543.000000,4585.100000,538.4804
1778025600,4585.800000,4637.000000,4580.200000,4630.900000,1010.3464
1778040000,4630.900000,4666.600000,4630.400000,4666.200000,756.6143
1778054400,4666.300000,4709.400000,4658.900000,4680.600000,1606.8007
1778068800,4680.100000,4702.800000,4650.000000,4675.800000,910.0509
1778083200,4675.800000,4686.500000,4665.600000,4681.100000,971.6856
1778097600,4679.900000,4686.000000,4674.600000,4685.500000,134.7470
1778112000,4684.800000,4706.300000,4673.500000,4687.800000,492.9733
1778126400,4687.700000,4734.100000,4681.800000,4729.200000,435.6449
1778140800,4728.200000,4737.200000,4710.000000,4728.500000,428.4232
1778155200,4728.700000,4750.600000,4715.000000,4715.100000,792.3313
1778169600,4715.200000,4715.700000,4681.200000,4698.500000,810.1342
1778184000,4697.700000,4711.100000,4671.700000,4696.500000,611.2670
1778198400,4696.700000,4720.900000,4687.600000,4711.000000,322.1536
1778212800,4710.900000,4723.200000,4691.500000,4699.700000,280.4635
1778227200,4699.500000,4716.500000,4698.200000,4706.700000,510.9397
1778241600,4706.600000,4736.200000,4693.200000,4698.700000,990.3822
1778256000,4698.600000,4718.100000,4697.500000,4712.900000,242.2932
1778270400,4713.000000,4713.000000,4699.300000,4699.400000,73.7331
1778284800,4699.400000,4705.200000,4698.100000,4699.400000,57.2709
1778299200,4699.500000,4702.400000,4698.200000,4699.800000,64.7037
1778313600,4699.800000,4700.000000,4697.800000,4699.300000,17.2398
1778328000,4699.400000,4700.000000,4698.900000,4699.900000,31.7294
1778342400,4700.000000,4708.600000,4699.600000,4708.500000,53.0014
1778356800,4708.600000,4710.700000,4708.600000,4708.700000,6.2498
1778371200,4708.800000,4711.300000,4707.000000,4710.900000,15.8745
1778385600,4711.000000,4712.500000,4709.600000,4709.600000,7.4366
1778400000,4708.600000,4712.000000,4707.200000,4711.900000,6.9857
1778414400,4712.000000,4718.600000,4711.200000,4718.600000,15.0534
1778428800,4718.500000,4718.600000,4712.400000,4712.800000,8.1510
1778443200,4712.800000,4712.900000,4674.000000,4687.200000,93.5399
1778457600,4682.900000,4699.500000,4666.800000,4674.000000,96.8565
1778472000,4675.100000,4676.500000,4647.800000,4665.100000,58.5619
1778486400,4666.200000,4675.900000,4650.300000,4670.400000,45.5290
1778500800,4670.700000,4738.400000,4664.900000,4723.400000,655.8394
1778515200,4723.100000,4726.300000,4701.600000,4723.700000,193.4760
1778529600,4723.800000,4755.800000,4717.400000,4754.200000,625.3045
1778544000,4754.200000,4759.600000,4710.400000,4711.700000,602.1523
1778558400,4711.300000,4722.500000,4679.300000,4692.700000,427.5430
1778572800,4693.900000,4702.300000,4681.300000,4700.600000,338.9689
1778587200,4700.700000,4706.000000,4641.500000,4665.600000,855.2498
1778601600,4665.700000,4711.200000,4662.800000,4711.200000,473.2859
1778616000,4712.200000,4716.700000,4703.900000,4712.200000,182.0284
1778630400,4711.500000,4720.000000,4684.000000,4691.100000,403.1670
1778644800,4692.000000,4707.000000,4688.000000,4698.000000,256.3412
1778659200,4697.100000,4704.000000,4682.900000,4693.600000,273.4217
1778673600,4692.800000,4696.000000,4667.100000,4689.300000,731.9061
1778688000,4689.400000,4703.000000,4673.700000,4682.600000,374.4127
1778702400,4682.600000,4694.900000,4681.000000,4690.400000,158.9627
1778716800,4690.800000,4698.400000,4668.200000,4668.600000,415.5368
1778731200,4668.200000,4709.400000,4663.300000,4686.100000,752.5542
1778745600,4685.700000,4698.200000,4682.300000,4689.700000,408.8231
1778760000,4688.000000,4702.400000,4662.700000,4680.600000,764.4280
1778774400,4680.900000,4681.600000,4651.600000,4652.500000,398.5839
1778788800,4652.100000,4664.500000,4643.400000,4651.300000,651.4553
1778803200,4650.800000,4655.600000,4608.600000,4616.300000,2081.2083
1778817600,4616.300000,4620.000000,4562.000000,4575.500000,1182.7561
1778832000,4575.600000,4576.400000,4538.000000,4554.800000,1696.8666
1778846400,4554.700000,4567.500000,4516.300000,4547.100000,1273.3368
1778860800,4547.200000,4569.100000,4538.600000,4551.300000,913.4411
1778875200,4551.300000,4551.300000,4536.000000,4540.200000,565.0120
1778889600,4540.200000,4543.700000,4538.600000,4542.300000,75.9076
1778904000,4542.400000,4543.800000,4526.800000,4534.900000,136.4881
1778918400,4535.000000,4538.000000,4522.300000,4528.700000,320.0876
1778932800,4528.700000,4537.900000,4527.200000,4535.600000,184.6905
1778947200,4535.600000,4539.100000,4534.500000,4538.200000,54.8302
1778961600,4537.900000,4538.400000,4533.400000,4537.400000,71.2098
1778976000,4537.400000,4539.600000,4532.300000,4535.300000,40.8334
1778990400,4535.300000,4536.700000,4525.700000,4531.100000,161.5470
1779004800,4531.200000,4540.000000,4530.800000,4539.900000,43.8414
1779019200,4540.000000,4543.800000,4536.800000,4540.500000,77.8081
1779033600,4540.500000,4542.600000,4528.000000,4529.700000,80.8270
1779048000,4529.800000,4551.600000,4526.700000,4533.100000,660.8746
1779062400,4533.200000,4543.400000,4480.100000,4538.900000,1030.2620
1779076800,4538.800000,4555.400000,4528.400000,4543.600000,402.7745
1779091200,4543.300000,4563.600000,4529.900000,4548.200000,666.2187
1779105600,4548.200000,4578.700000,4530.600000,4540.300000,1139.8976
1779120000,4541.100000,4560.100000,4533.300000,4555.000000,368.9403
1779134400,4556.100000,4581.800000,4555.700000,4575.500000,330.9380
1779148800,4575.600000,4581.800000,4541.400000,4542.600000,554.6149
1779163200,4542.600000,4554.000000,4530.100000,4554.000000,446.2164
1779177600,4554.000000,4556.700000,4527.000000,4531.400000,532.8802
1779192000,4531.200000,4546.500000,4472.900000,4509.600000,1949.1344
1779206400,4509.100000,4512.900000,4486.100000,4487.300000,354.2081
1779220800,4487.300000,4498.600000,4481.400000,4491.900000,366.9095
1779235200,4491.500000,4509.800000,4461.000000,4469.200000,864.7489
1779249600,4469.200000,4488.300000,4463.800000,4482.200000,594.1377
1779264000,4482.200000,4502.100000,4477.700000,4499.400000,566.7386
1779278400,4498.900000,4548.500000,4469.800000,4525.800000,827.5332
1779292800,4525.800000,4544.800000,4521.100000,4540.600000,468.6279
1779307200,4540.600000,4545.100000,4529.300000,4540.300000,249.2939
1779321600,4541.300000,4562.300000,4522.700000,4522.700000,542.5641
1779336000,4522.800000,4532.700000,4510.000000,4517.000000,374.5073
1779350400,4517.000000,4536.700000,4503.000000,4509.800000,534.1435
1779364800,4510.800000,4516.700000,4487.600000,4508.200000,997.2555
1779379200,4508.800000,4551.100000,4508.700000,4536.600000,812.9463
1779393600,4536.600000,4539.000000,4527.100000,4528.900000,389.6210
1779408000,4529.000000,4533.200000,4514.800000,4523.200000,257.3450
1779422400,4523.700000,4529.800000,4504.800000,4516.800000,281.3973
1779436800,4517.500000,4529.700000,4507.900000,4516.100000,278.4020
1779451200,4515.800000,4529.800000,4489.800000,4515.900000,478.6464
1779465600,4515.800000,4522.600000,4500.800000,4504.200000,276.8615
1779480000,4504.300000,4504.600000,4495.200000,4497.200000,240.5598
1779494400,4497.200000,4506.900000,4496.000000,4505.400000,90.1328
1779508800,4505.300000,4509.500000,4499.300000,4500.000000,117.9278
1779523200,4500.000000,4502.900000,4495.800000,4497.400000,123.3161
1779537600,4497.400000,4505.800000,4495.800000,4504.500000,99.9558
1779552000,4504.700000,4508.800000,4502.900000,4508.600000,77.0100
1779566400,4508.700000,4518.700000,4507.000000,4513.200000,286.9702
1779580800,4513.000000,4519.800000,4511.500000,4514.500000,302.0917
1779595200,4514.300000,4527.500000,4513.200000,4514.500000,275.9511
1779609600,4514.600000,4519.000000,4508.900000,4511.100000,330.7536
1779624000,4511.100000,4513.700000,4501.000000,4509.200000,213.9179
1779638400,4509.200000,4511.100000,4504.400000,4505.900000,100.4629
1779652800,4506.000000,4565.100000,4503.500000,4552.100000,1068.1828
1779667200,4552.600000,4566.000000,4544.100000,4546.400000,500.2605
1779681600,4546.400000,4551.000000,4537.200000,4548.800000,432.1869
1779696000,4548.700000,4560.000000,4539.700000,4554.200000,339.9613
1779710400,4554.100000,4558.300000,4540.000000,4554.600000,196.2336
1779724800,4554.700000,4559.300000,4548.300000,4553.100000,120.4600
1779739200,4553.100000,4562.900000,4541.600000,4544.600000,207.0686
1779753600,4544.500000,4544.500000,4514.800000,4528.900000,405.8809
1779768000,4528.800000,4530.100000,4511.400000,4525.800000,319.1234
1779782400,4525.700000,4527.600000,4496.600000,4498.100000,449.4977
1779796800,4497.700000,4519.800000,4494.100000,4499.500000,819.6488
1779811200,4499.500000,4503.400000,4476.800000,4502.600000,504.8766
1779825600,4502.800000,4518.600000,4494.700000,4512.500000,504.3509
1779840000,4512.600000,4517.900000,4491.600000,4491.900000,293.3001
1779854400,4491.800000,4507.200000,4471.200000,4476.300000,530.1655
1779868800,4475.700000,4490.700000,4425.400000,4427.400000,1349.0568
1779883200,4428.500000,4462.100000,4403.200000,4433.400000,1651.5878
1779897600,4433.500000,4453.300000,4432.300000,4446.100000,241.3780
1779912000,4446.700000,4458.800000,4438.000000,4440.700000,288.1017
1779926400,4439.500000,4450.000000,4368.800000,4373.600000,860.7086
1779940800,4373.700000,4393.200000,4366.300000,4387.200000,671.5253
1779955200,4387.600000,4399.000000,4375.000000,4385.100000,550.7783
1779969600,4385.500000,4473.400000,4377.800000,4470.000000,1228.0651
1779984000,4470.000000,4502.500000,4467.000000,4485.300000,671.9509
1779998400,4485.300000,4487.400000,4476.100000,4481.100000,226.2393
1780012800,4481.400000,4503.800000,4478.000000,4486.000000,433.2264
1780027200,4486.200000,4510.000000,4486.200000,4508.600000,278.9501
1780041600,4508.500000,4526.500000,4495.500000,4520.200000,422.0515
1780056000,4520.200000,4573.700000,4496.800000,4550.500000,1333.1944
1780070400,4550.600000,4552.300000,4525.900000,4527.200000,378.5660
1780084800,4527.600000,4530.900000,4519.100000,4522.800000,125.0855
1780099200,4522.900000,4525.400000,4517.800000,4518.800000,67.4251
1780113600,4518.800000,4519.700000,4512.000000,4513.700000,120.9261
1780128000,4513.800000,4519.700000,4513.100000,4516.300000,119.3983
1780142400,4516.300000,4520.500000,4512.500000,4514.700000,111.3695
1780156800,4514.700000,4514.800000,4509.900000,4512.500000,61.7199
1780171200,4512.400000,4513.400000,4508.300000,4509.300000,67.0760
1780185600,4509.400000,4512.800000,4506.300000,4508.100000,72.2826
1780200000,4508.000000,4524.800000,4506.700000,4521.400000,133.0079
1780214400,4521.300000,4524.200000,4518.600000,4520.400000,135.4395
1780228800,4520.300000,4524.900000,4519.900000,4521.900000,81.7654
1780243200,4522.000000,4522.300000,4518.300000,4519.200000,41.3167
1780257600,4519.200000,4527.800000,4501.400000,4523.600000,558.7781
1780272000,4523.600000,4528.300000,4497.300000,4500.300000,641.8052
1780286400,4500.500000,4508.700000,4480.200000,4489.000000,398.9819
1780300800,4489.100000,4499.300000,4477.800000,4492.900000,394.8171
1780315200,4493.000000,4497.400000,4440.400000,4464.900000,1138.0793
1780329600,4465.000000,4482.800000,4454.500000,4468.800000,513.0776
1780344000,4468.800000,4475.000000,4466.500000,4471.200000,208.3088
1780358400,4471.000000,4482.000000,4450.200000,4481.400000,695.9494
1780372800,4481.400000,4521.700000,4480.300000,4515.700000,558.2156
1780387200,4515.900000,4519.500000,4503.600000,4507.400000,550.7557
1780401600,4507.600000,4513.600000,4473.200000,4483.300000,999.7279
1780416000,4483.400000,4483.600000,4461.300000,4467.900000,396.8958
1780430400,4468.200000,4472.500000,4442.800000,4452.900000,482.2527
1780444800,4453.000000,4473.600000,4446.300000,4462.400000,668.0571
1780459200,4462.500000,4465.300000,4435.000000,4435.000000,420.7267
1780473600,4434.900000,4446.700000,4421.400000,4441.500000,575.6768
1780488000,4441.500000,4445.600000,4409.500000,4421.900000,684.2601
1780502400,4422.100000,4430.600000,4415.200000,4423.400000,323.4927
1780516800,4423.500000,4440.800000,4403.800000,4434.900000,502.4588
1780531200,4434.700000,4454.000000,4421.500000,4441.700000,722.6972
1780545600,4441.700000,4460.900000,4437.300000,4438.700000,411.3128
1780560000,4438.700000,4489.300000,4436.800000,4488.900000,421.9797
1780574400,4488.100000,4489.900000,4436.500000,4454.500000,601.8351
1780588800,4454.600000,4461.300000,4450.100000,4458.000000,165.2471
1780603200,4457.800000,4458.300000,4440.000000,4440.000000,249.3954
1780617600,4440.000000,4446.300000,4414.400000,4419.300000,431.9882
1780632000,4419.300000,4444.200000,4410.000000,4440.500000,794.4827
1780646400,4440.400000,4449.200000,4437.400000,4445.800000,478.3459
1780660800,4445.800000,4450.700000,4316.600000,4316.900000,1752.9299
1780675200,4317.000000,4330.000000,4295.000000,4299.300000,1061.5820
1780689600,4299.300000,4315.600000,4293.200000,4301.300000,231.6282
1780704000,4301.100000,4313.400000,4299.700000,4299.800000,124.2298
1780718400,4299.700000,4299.700000,4279.400000,4290.200000,351.6065
1780732800,4290.200000,4294.900000,4282.300000,4287.700000,272.9024
1780747200,4287.700000,4290.600000,4282.900000,4283.100000,241.9492
1780761600,4283.200000,4291.800000,4282.300000,4287.200000,153.7142
1780776000,4287.300000,4291.000000,4282.900000,4290.900000,73.3951
1780790400,4291.000000,4301.900000,4288.100000,4297.800000,86.2661
1780804800,4297.900000,4305.800000,4295.700000,4305.700000,146.3641
1780819200,4305.700000,4312.800000,4300.900000,4305.800000,160.8116
1780833600,4305.300000,4305.500000,4290.800000,4300.600000,311.2157
1780848000,4300.600000,4306.500000,4292.900000,4301.100000,161.2891
1780862400,4301.100000,4326.000000,4292.900000,4324.500000,749.4940
1780876800,4324.400000,4332.600000,4284.000000,4297.400000,481.5291
1780891200,4298.400000,4302.800000,4251.700000,4279.000000,319.4997
1780905600,4279.400000,4314.000000,4257.600000,4312.800000,552.2545
1780920000,4312.700000,4325.500000,4298.200000,4322.100000,870.5071
1780934400,4322.200000,4325.800000,4306.000000,4308.800000,224.5869
1780948800,4309.400000,4318.000000,4295.600000,4298.900000,137.4118
1780963200,4299.000000,4321.900000,4297.000000,4316.700000,243.4460
1780977600,4317.100000,4330.500000,4306.000000,4308.300000,309.6744
1780992000,4308.300000,4322.800000,4304.400000,4320.900000,401.2300
1781006400,4320.900000,4347.100000,4249.900000,4258.800000,903.1286
1781020800,4258.700000,4264.800000,4223.200000,4245.000000,798.6194
1781035200,4245.000000,4249.400000,4199.000000,4209.000000,590.5568
1781049600,4209.400000,4214.900000,4163.200000,4174.700000,1196.5117
1781064000,4175.500000,4208.700000,4162.300000,4176.600000,695.2911
1781078400,4176.200000,4176.200000,4135.400000,4136.900000,2303.6521
1781092800,4136.900000,4172.000000,4100.100000,4120.100000,2271.3201
1781107200,4120.400000,4125.800000,4076.300000,4077.800000,2123.4318
1781121600,4077.000000,4077.600000,4020.000000,4044.100000,1127.9621
1781136000,4044.400000,4110.700000,4034.100000,4072.200000,1413.0864
1781150400,4073.000000,4104.800000,4070.100000,4101.100000,654.4672
1781164800,4100.900000,4107.800000,4074.800000,4075.500000,686.0377
1781179200,4075.500000,4087.600000,4050.200000,4082.700000,2392.1658
1781193600,4082.600000,4202.900000,4064.600000,4191.500000,1815.8572
1781208000,4192.700000,4228.500000,4189.600000,4204.200000,842.9938
1781222400,4205.100000,4214.300000,4158.200000,4182.500000,1158.6106
1781236800,4182.900000,4185.900000,4156.100000,4175.100000,717.6205
1781251200,4175.400000,4210.300000,4173.400000,4191.300000,6108.9821
1781265600,4191.400000,4221.000000,4166.600000,4199.300000,1419.4441
1781280000,4198.800000,4218.700000,4189.600000,4197.300000,575.4285
1781294400,4197.200000,4205.000000,4196.900000,4203.500000,75.6605
1781308800,4203.500000,4204.800000,4199.200000,4201.900000,59.9938
1781323200,4201.900000,4208.100000,4201.000000,4204.900000,88.8393
1781337600,4204.900000,4206.700000,4201.500000,4202.800000,106.5500
1781352000,4202.900000,4211.100000,4202.800000,4209.900000,235.7120
1781366400,4210.000000,4211.500000,4195.800000,4209.000000,228.8775
1781380800,4209.000000,4214.200000,4209.000000,4213.300000,40.1812
1781395200,4213.300000,4215.000000,4212.800000,4213.200000,18.8190
1781409600,4213.300000,4219.300000,4213.200000,4218.300000,139.7084
1781424000,4218.300000,4222.800000,4216.300000,4217.200000,1529.2795
1781438400,4217.200000,4222.100000,4208.100000,4214.900000,263.1562
1781452800,4214.900000,4218.400000,4211.000000,4214.100000,219.0903
1781467200,4214.200000,4296.800000,4211.700000,4281.400000,875.3163
1781481600,4281.200000,4317.500000,4273.600000,4308.000000,638.1024
1781496000,4308.000000,4314.900000,4288.000000,4306.400000,412.1967
1781510400,4306.400000,4329.500000,4305.200000,4319.100000,367.8430
1781524800,4319.100000,4350.700000,4309.500000,4339.000000,824.2661
1781539200,4339.300000,4340.800000,4299.600000,4302.200000,458.9195
1781553600,4302.800000,4303.000000,4289.500000,4299.000000,179.0941
1781568000,4299.000000,4315.000000,4290.700000,4314.100000,370.9410
1781582400,4314.100000,4316.900000,4297.400000,4316.900000,235.8129
1781596800,4316.800000,4331.100000,4315.600000,4324.000000,366.8567
1781611200,4324.000000,4336.600000,4297.800000,4319.000000,886.4856
1781625600,4319.000000,4328.300000,4310.200000,4317.900000,519.6982
1781640000,4318.000000,4319.700000,4312.600000,4313.000000,218.4491
1781654400,4313.100000,4330.500000,4311.700000,4315.800000,452.6137
1781668800,4315.800000,4317.000000,4303.700000,4309.500000,1054.8257
1781683200,4309.500000,4317.100000,4300.800000,4305.500000,2040.2558
1781697600,4305.600000,4344.100000,4304.100000,4343.000000,561.2708
1781712000,4343.000000,4361.500000,4206.900000,4223.000000,1695.9635
1781726400,4223.000000,4266.000000,4223.000000,4263.300000,479.9563
1781740800,4263.300000,4311.400000,4263.200000,4301.600000,688.3075
1781755200,4301.600000,4306.100000,4272.600000,4272.600000,325.0576
1781769600,4272.700000,4275.700000,4224.000000,4225.800000,394.9053
1781784000,4225.700000,4261.100000,4211.400000,4214.100000,716.3094
1781798400,4213.500000,4220.000000,4189.600000,4204.100000,522.3038
1781812800,4204.800000,4209.900000,4176.700000,4177.300000,352.0946
1781827200,4177.300000,4186.300000,4136.500000,4142.800000,600.7620
1781841600,4143.100000,4151.100000,4113.900000,4147.400000,1056.8531
1781856000,4147.900000,4167.200000,4133.300000,4142.500000,595.0531
1781870400,4142.600000,4170.900000,4135.100000,4142.800000,558.4230
1781884800,4142.100000,4150.000000,4137.500000,4148.300000,148.2508
1781899200,4148.300000,4151.400000,4146.200000,4150.200000,57.7020
1781913600,4150.300000,4151.600000,4144.900000,4148.100000,86.8980
1781928000,4148.200000,4151.900000,4147.300000,4148.900000,38.6726
1781942400,4149.200000,4150.600000,4145.200000,4148.900000,30.2317
1781956800,4149.000000,4152.000000,4140.500000,4150.000000,97.8228
1781971200,4150.300000,4150.600000,4144.000000,4145.800000,26.6944
1781985600,4145.700000,4148.100000,4143.800000,4145.500000,5.1307
1782000000,4145.300000,4149.900000,4144.900000,4149.700000,6.0938
1782014400,4149.700000,4155.900000,4146.600000,4150.700000,7.8917
1782028800,4150.800000,4152.700000,4146.700000,4149.000000,9.0702
1782043200,4148.300000,4155.800000,4148.000000,4154.900000,7.5514
1782057600,4155.000000,4155.000000,4149.200000,4151.300000,10.1900
1782072000,4151.300000,4153.100000,4126.000000,4131.200000,55.7374
1782086400,4130.800000,4209.800000,4130.800000,4163.400000,71.3438
1782100800,4164.100000,4194.800000,4162.800000,4179.400000,57.8455
1782115200,4178.900000,4202.100000,4177.600000,4194.600000,23.6140
1782129600,4194.900000,4199.300000,4159.500000,4172.300000,96.7826
1782144000,4171.100000,4181.300000,4163.700000,4178.600000,37.6729
1782158400,4178.900000,4183.100000,4174.000000,4176.500000,33.3512
1782172800,4175.100000,4186.100000,4119.800000,4133.100000,111.5925
1782187200,4133.000000,4135.800000,4088.800000,4091.200000,553.8521
1782201600,4091.100000,4122.200000,4084.100000,4112.600000,407.0541
1782216000,4112.600000,4133.300000,4095.200000,4127.300000,510.4325
1782230400,4127.200000,4131.300000,4103.100000,4103.100000,138.3485
1782244800,4102.500000,4110.300000,4074.500000,4091.000000,252.7199
1782259200,4091.400000,4103.100000,4045.200000,4055.500000,778.4717
1782273600,4055.500000,4089.000000,4048.000000,4067.300000,404.7805
1782288000,4067.100000,4080.000000,4034.400000,4042.500000,724.6139
1782302400,4042.600000,4044.600000,3965.200000,3999.600000,2345.4115
1782316800,3999.000000,4020.100000,3957.300000,3988.400000,698.1805
1782331200,3987.200000,4018.700000,3984.800000,4013.000000,398.0865
1782345600,4013.800000,4016.400000,3964.900000,3994.900000,791.4313
1782360000,3995.900000,3999.500000,3973.600000,3989.000000,599.2818
1782374400,3989.000000,4000.400000,3975.600000,3981.000000,324.4663
1782388800,3981.100000,4036.000000,3979.100000,4034.300000,1520.4028
1782403200,4035.500000,4037.900000,4016.400000,4021.000000,336.6354
1782417600,4020.500000,4029.600000,4008.400000,4009.600000,196.7748
1782432000,4009.600000,4023.400000,3979.500000,3999.700000,396.0868
1782446400,3999.000000,4034.600000,3994.900000,4026.000000,336.0054
1782460800,4026.100000,4048.400000,4021.500000,4037.900000,483.5057
1782475200,4037.900000,4086.400000,4029.300000,4081.900000,774.8399
1782489600,4082.000000,4084.400000,4057.000000,4064.400000,287.9132
1782504000,4063.800000,4079.900000,4057.200000,4076.200000,106.9067
1782518400,4076.200000,4077.100000,4072.500000,4075.400000,19.5134
1782532800,4075.400000,4077.800000,4072.700000,4075.600000,27.9334
1782547200,4075.600000,4076.600000,4073.600000,4074.700000,51.5584
1782561600,4074.800000,4076.300000,4070.900000,4075.000000,50.1407
1782576000,4075.100000,4075.900000,4067.500000,4068.700000,37.1083
1782590400,4068.400000,4073.900000,4068.400000,4070.700000,22.2733
1782604800,4070.700000,4073.800000,4070.700000,4071.500000,13.6773
1782619200,4071.500000,4073.700000,4068.900000,4069.800000,16.7224
1782633600,4069.900000,4074.000000,4069.900000,4070.600000,10.5099
1782648000,4070.800000,4071.800000,4068.400000,4068.800000,8.7204
1782662400,4069.300000,4071.600000,4068.200000,4071.000000,11.0765
1782676800,4071.000000,4077.100000,4046.600000,4056.300000,90.0086
1782691200,4055.400000,4067.000000,4042.700000,4061.700000,82.1693
1782705600,4061.600000,4061.600000,4034.600000,4055.500000,40.7702
1782720000,4055.100000,4059.000000,4020.800000,4034.900000,135.9986
1782734400,4034.200000,4045.900000,3996.700000,4022.900000,477.1608
1782748800,4022.900000,4027.200000,4003.600000,4013.400000,221.9332
1782763200,4013.000000,4018.600000,4007.100000,4011.900000,204.0502
1782777600,4011.400000,4011.400000,3944.900000,3969.200000,1088.9977
1782792000,3969.300000,4030.000000,3968.500000,4027.700000,518.3131
1782806400,4027.800000,4031.800000,4008.700000,4028.000000,265.0343
1782820800,4029.000000,4056.700000,4005.000000,4025.200000,643.2080
1782835200,4025.200000,4029.100000,4012.500000,4012.800000,114.6848
1782849600,4012.700000,4016.900000,4001.700000,4001.800000,166.3191
1782864000,4002.000000,4005.800000,3969.000000,3978.900000,274.0742
1782878400,3979.500000,3981.600000,3960.300000,3975.400000,456.1355
1782892800,3975.400000,4029.900000,3969.600000,4025.400000,371.0900
1782907200,4025.400000,4106.100000,4008.600000,4073.700000,1124.7756
1782921600,4074.200000,4082.100000,4030.300000,4033.400000,439.3795
1782936000,4033.300000,4040.000000,4024.200000,4030.800000,301.5470
1782950400,4030.700000,4068.900000,4027.000000,4064.700000,399.5543
1782964800,4064.700000,4075.000000,4050.000000,4061.500000,242.5254
1782979200,4061.400000,4075.500000,4055.600000,4064.000000,313.3381
1782993600,4063.900000,4136.200000,4060.400000,4122.000000,1022.8819
1783008000,4122.300000,4122.900000,4094.500000,4114.200000,191.1337
1783022400,4114.600000,4126.000000,4110.300000,4121.000000,144.6711
1783036800,4120.400000,4184.200000,4118.100000,4166.100000,499.3343
1783051200,4166.000000,4172.000000,4151.600000,4165.000000,326.3774
1783065600,4167.400000,4175.100000,4160.000000,4170.900000,162.5128
1783080000,4170.700000,4172.900000,4147.800000,4156.100000,288.5919
1783094400,4156.500000,4169.600000,4153.800000,4166.300000,93.8861
1783108800,4166.400000,4169.600000,4163.100000,4163.600000,21.3926
1783123200,4163.500000,4165.500000,4157.500000,4161.100000,36.0621
1783137600,4161.200000,4161.200000,4159.300000,4159.700000,13.8843
1783152000,4159.700000,4165.100000,4159.700000,4161.600000,12.0383
1783166400,4161.700000,4164.900000,4157.900000,4163.300000,35.5401
1783180800,4163.400000,4168.200000,4159.900000,4162.100000,23.1422
1783195200,4162.100000,4165.300000,4162.000000,4165.200000,3.6976
1783209600,4165.200000,4165.900000,4161.500000,4162.300000,8.9943
1783224000,4162.400000,4165.300000,4162.300000,4164.500000,6.0362
1783238400,4164.600000,4167.300000,4164.100000,4167.300000,10.7802
1783252800,4167.500000,4167.500000,4164.100000,4164.600000,11.7779
1783267200,4165.000000,4168.000000,4164.800000,4166.900000,4.4511
1783281600,4167.000000,4189.300000,4165.200000,4175.100000,74.3569
1783296000,4173.500000,4191.700000,4153.000000,4156.500000,111.2765
1783310400,4156.600000,4156.800000,4137.500000,4155.000000,35.2024
1783324800,4155.500000,4156.400000,4130.400000,4146.700000,29.1850
1783339200,4147.100000,4150.800000,4123.000000,4141.100000,206.1966
1783353600,4141.400000,4159.000000,4134.200000,4155.300000,285.8834
1783368000,4155.300000,4164.400000,4149.400000,4149.500000,106.9476
1783382400,4149.400000,4154.200000,4119.500000,4124.600000,270.2334
1783396800,4124.700000,4133.000000,4111.800000,4119.800000,131.8595
1783411200,4119.800000,4150.300000,4115.100000,4149.400000,316.6054
1783425600,4149.400000,4169.500000,4127.400000,4129.100000,805.9999
1783440000,4130.000000,4138.000000,4086.600000,4106.700000,310.1328
1783454400,4106.300000,4107.600000,4086.000000,4091.400000,162.3245
1783468800,4091.700000,4122.000000,4090.000000,4114.800000,317.8287
1783483200,4114.800000,4126.900000,4107.400000,4113.000000,230.3304
1783497600,4113.100000,4113.400000,4037.200000,4057.500000,802.7834
1783512000,4057.600000,4079.100000,4019.900000,4031.100000,616.1013
1783526400,4031.800000,4083.400000,4030.500000,4075.000000,394.4536
1783540800,4073.400000,4075.700000,4065.100000,4069.600000,113.8720
1783555200,4070.200000,4081.700000,4049.400000,4057.800000,344.9553
1783569600,4058.100000,4102.100000,4052.000000,4099.900000,484.9947
1783584000,4100.000000,4107.200000,4086.300000,4099.300000,264.6096
1783598400,4099.400000,4125.200000,4096.600000,4115.600000,472.8690
1783612800,4116.000000,4124.800000,4108.500000,4110.900000,258.3136
1783627200,4110.900000,4117.200000,4110.000000,4111.900000,31.1295
1783641600,4112.000000,4121.000000,4099.100000,4108.800000,230.5701
1783656000,4108.600000,4109.700000,4093.100000,4095.300000,238.9552
1783670400,4095.300000,4101.500000,4085.000000,4093.200000,480.8503
1783684800,4093.300000,4107.200000,4068.900000,4104.800000,2203.6623
1783699200,4104.800000,4107.100000,4092.300000,4101.100000,189.6099
1783713600,4101.600000,4113.600000,4101.500000,4109.300000,289.7782
1783728000,4109.400000,4109.600000,4106.800000,4106.800000,11.5013
1783742400,4106.900000,4109.700000,4106.800000,4109.000000,58.7307
1783756800,4109.000000,4112.600000,4108.900000,4110.200000,20.5068
1783771200,4110.300000,4111.800000,4101.700000,4102.900000,108.9169
1783785600,4102.900000,4105.100000,4102.800000,4103.800000,19.9752
1783800000,4103.800000,4104.600000,4098.200000,4099.500000,42.2019
1783814400,4099.500000,4100.600000,4095.400000,4100.500000,23.9598
1783828800,4100.600000,4100.600000,4093.400000,4095.600000,31.9257
1783843200,4095.700000,4096.500000,4095.600000,4096.500000,6.0729
1783857600,4096.500000,4098.800000,4093.700000,4098.000000,17.7948
1783872000,4098.100000,4098.100000,4093.800000,4094.300000,11.6894
1783886400,4094.400000,4099.200000,4064.500000,4078.200000,153.3673
1783900800,4078.700000,4084.600000,4050.500000,4055.000000,93.1183
1783915200,4055.100000,4066.200000,4041.000000,4060.100000,47.5276
1783929600,4060.100000,4074.600000,4045.100000,4052.300000,38.2038
1783944000,4052.600000,4061.400000,3998.900000,4014.600000,660.9287
1783958400,4015.100000,4016.700000,3987.600000,4002.300000,494.8437
1783972800,4002.200000,4005.700000,3992.700000,3999.900000,213.0832
1783987200,4000.000000,4017.400000,3983.900000,4014.200000,382.7022
1784001600,4014.200000,4031.000000,4012.400000,4018.900000,149.2077
1784016000,4019.000000,4031.000000,4014.200000,4030.900000,266.9446
1784030400,4031.000000,4096.800000,4023.000000,4061.800000,1636.7614
1784044800,4061.900000,4061.900000,4040.000000,4052.500000,508.2936
1784059200,4052.900000,4057.500000,4045.400000,4050.000000,164.8648
1784073600,4050.000000,4058.300000,4027.100000,4030.200000,132.3275
1784088000,4030.200000,4035.000000,4019.700000,4023.000000,178.8845
1784102400,4023.800000,4038.800000,4018.100000,4037.600000,227.9830
1784116800,4037.700000,4069.800000,4035.300000,4042.200000,592.9132
1784131200,4042.200000,4074.500000,4023.600000,4051.400000,658.8979
1784145600,4051.800000,4059.800000,4051.100000,4053.500000,91.5106
1784160000,4053.200000,4055.700000,4022.800000,4033.700000,295.6994
1784174400,4033.600000,4034.300000,4021.800000,4029.400000,259.0449
1784188800,4028.900000,4038.900000,4020.100000,4035.100000,504.0111
1784203200,4035.200000,4039.200000,3976.400000,4007.900000,1134.5128
1784217600,4007.800000,4008.300000,3975.200000,3984.200000,331.6827
1784232000,3984.300000,3990.600000,3976.400000,3988.900000,303.4414
1784246400,3989.300000,4010.400000,3976.200000,3994.700000,327.7656
1784260800,3994.700000,4007.700000,3980.400000,3995.800000,509.7732
1784275200,3995.600000,4005.000000,3991.500000,3995.600000,355.8695
1784289600,3995.500000,4018.000000,3963.000000,4015.400000,962.9739
1784304000,4016.000000,4019.800000,4000.900000,4012.200000,196.2616
1784318400,4012.300000,4012.400000,4004.200000,4008.500000,284.3372
1784332800,4008.500000,4010.300000,4008.200000,4010.300000,13.3930
1784347200,4010.200000,4013.500000,4010.200000,4013.500000,11.0069
1784361600,4013.500000,4014.000000,4013.400000,4013.600000,5.3515
1784376000,4013.700000,4013.700000,4012.400000,4013.500000,15.8215
1784390400,4013.600000,4015.700000,4009.000000,4009.100000,29.3400
1784404800,4009.100000,4012.300000,4007.300000,4012.300000,27.4373
1784419200,4012.200000,4014.300000,4012.200000,4013.600000,16.8580
1784433600,4013.600000,4013.600000,4011.500000,4011.500000,13.0483
1784448000,4011.300000,4011.300000,4007.200000,4007.200000,18.7334
1784462400,4007.300000,4011.000000,4005.900000,4011.000000,32.8071
1784476800,4011.000000,4014.900000,4011.000000,4014.100000,16.0205
1784491200,4014.100000,4014.100000,3990.600000,3994.500000,97.5935
1784505600,3995.500000,4029.700000,3985.200000,4023.200000,145.8963
1784520000,4023.300000,4025.400000,4003.800000,4017.600000,425.9808
1784534400,4017.700000,4038.100000,4014.600000,4024.100000,357.9521
1784548800,4024.100000,4024.100000,3999.000000,4013.000000,518.0596
1784563200,4013.000000,4018.200000,4004.100000,4008.700000,388.5804
1784577600,4008.700000,4014.600000,4004.200000,4012.600000,396.1465
1784592000,4012.600000,4049.700000,4007.200000,4045.700000,642.2250
1784606400,4045.800000,4079.700000,4042.700000,4067.600000,412.8958
1784620800,4067.600000,4068.300000,4054.700000,4055.600000,311.4409
1784635200,4055.700000,4079.400000,4045.400000,4070.900000,775.9809
1784649600,4071.000000,4083.400000,4064.500000,4081.700000,282.7205
1784664000,4081.700000,4082.600000,4075.000000,4076.200000,86.7990
1784678400,4076.300000,4133.300000,4074.400000,4124.000000,745.0642
1784692800,4124.000000,4126.300000,4102.900000,4103.300000,380.4931
1784707200,4103.400000,4116.300000,4103.400000,4116.300000,327.5499
1784721600,4116.200000,4157.200000,4102.900000,4151.300000,680.3852
1784736000,4151.300000,4151.300000,4124.700000,4126.500000,150.6587
1784750400,4126.500000,4132.000000,4103.100000,4127.400000,461.9268
1784764800,4127.700000,4135.300000,4109.500000,4120.900000,344.8432
1784779200,4120.900000,4124.900000,4088.700000,4092.700000,170.3162
1784793600,4092.800000,4095.800000,4072.100000,4082.600000,320.6751
1784808000,4082.700000,4082.700000,4040.000000,4047.900000,723.0558
1784822400,4048.400000,4053.500000,4040.500000,4050.100000,85.8283
1784836800,4050.100000,4051.000000,4046.800000,4047.000000,23.4555
1784851200,4047.900000,4050.600000,4023.200000,4030.100000,293.2759
1784865600,4030.100000,4052.600000,4023.800000,4048.500000,318.9743
1784880000,4048.600000,4061.000000,4045.400000,4055.400000,287.1110
1784894400,4054.900000,4080.600000,4043.500000,4075.500000,621.6438
1784908800,4075.500000,4076.000000,4050.100000,4053.100000,93.5873
1784923200,4053.200000,4055.000000,4049.500000,4054.900000,173.2379
1784937600,4054.900000,4055.700000,4052.700000,4052.700000,6.3850
1784952000,4052.700000,4054.000000,4052.700000,4053.900000,2.8313
1784966400,4054.000000,4054.000000,4051.100000,4052.000000,13.2534
1784980800,4052.100000,4055.300000,4052.000000,4055.200000,6.6477
1784995200,4055.300000,4055.300000,4055.200000,4055.200000,4.4333
1785009600,4055.300000,4055.300000,4055.000000,4055.200000,5.9920
1785024000,4055.300000,4057.300000,4055.200000,4055.800000,10.8110
1785038400,4055.900000,4057.200000,4055.000000,4056.500000,10.3035
1785052800,4056.500000,4058.200000,4054.900000,4056.000000,68.5137
1785067200,4056.000000,4056.900000,4055.100000,4056.800000,10.9770
1785081600,4056.900000,4060.500000,4055.900000,4056.400000,74.9560
1785096000,4056.400000,4087.200000,4055.900000,4086.300000,289.4932
1785110400,4086.500000,4105.500000,4078.200000,4082.600000,530.2649
1785124800,4082.700000,4094.900000,4077.500000,4079.600000,349.8425
1785139200,4079.600000,4093.700000,4078.300000,4084.300000,205.9902
1785153600,4084.800000,4087.400000,4057.500000,4072.000000,1699.6884
1785168000,4072.000000,4086.900000,4065.000000,4075.400000,314.9389
1785182400,4075.500000,4075.600000,4062.000000,4064.200000,191.2355
1785196800,4064.300000,4065.600000,4034.600000,4042.300000,303.8886
1785211200,4042.400000,4045.400000,4029.600000,4041.500000,146.4727
1785225600,4041.400000,4047.400000,4014.000000,4022.200000,505.8026
1785240000,4022.300000,4039.100000,4007.600000,4039.100000,595.4896
1785254400,4039.100000,4039.100000,4016.700000,4020.500000,166.3435
1785268800,4020.600000,4027.300000,4008.000000,4018.600000,312.6299
1785283200,4018.900000,4029.600000,4006.100000,4017.000000,504.6486
1785297600,4017.100000,4038.800000,4014.000000,4034.600000,254.3157
1785312000,4034.700000,4035.400000,4019.100000,4025.100000,98.3671
1785326400,4025.100000,4025.600000,3993.000000,4004.900000,720.4716
1785340800,4005.500000,4100.600000,4004.100000,4036.200000,2060.5414
1785355200,4036.400000,4087.000000,4035.300000,4075.100000,892.1248
1785369600,4075.200000,4080.800000,4045.400000,4051.400000,521.3413
1785384000,4051.500000,4052.500000,4025.800000,4034.000000,446.2810
1785398400,4034.300000,4073.900000,4032.700000,4067.900000,425.5563
1785412800,4068.200000,4105.700000,4059.000000,4095.200000,1138.6031
1785427200,4095.300000,4106.000000,4092.400000,4103.100000,871.2707
1785441600,4103.200000,4107.700000,4093.100000,4095.900000,202.4117
1785456000,4096.000000,4096.500000,4066.700000,4069.200000,277.8335
1785470400,4069.200000,4080.100000,4056.200000,4056.200000,453.3786
1785484800,4056.200000,4058.400000,4046.200000,4048.800000,390.7235
1785499200,4048.700000,4053.900000,4019.800000,4039.900000,786.7161
1785513600,4040.000000,4049.400000,4036.700000,4045.000000,156.6965
1785528000,4045.000000,4046.000000,4036.700000,4041.600000,68.5747
1785542400,4041.700000,4041.700000,4039.000000,4039.000000,47.3929
1785556800,4039.100000,4041.500000,4039.000000,4041.400000,6.2134
1785571200,4041.400000,4041.600000,4039.300000,4040.900000,9.6791
1785585600,4041.000000,4042.000000,4039.800000,4040.000000,12.3921
1785600000,4040.000000,4043.000000,4033.800000,4042.900000,42.1414
1785614400,4043.000000,4044.600000,4042.200000,4043.100000,23.5686
1785628800,4043.200000,4050.200000,4043.100000,4047.700000,54.6444
1785643200,4048.000000,4050.500000,4048.000000,4048.900000,64.1946
1785657600,4049.000000,4049.000000,4047.700000,4048.500000,10.3045
1785672000,4048.500000,4049.600000,4048.000000,4048.800000,13.6666
1785686400,4048.800000,4052.200000,4047.900000,4048.300000,45.8013
1785700800,4048.400000,4069.100000,4048.300000,4061.800000,677.6593
1785715200,4061.900000,4065.700000,4037.200000,4051.800000,381.6364
1785729600,4051.900000,4056.200000,4040.600000,4049.200000,237.9731
1785744000,4049.200000,4050.600000,4035.800000,4049.800000,251.5515
1785758400,4049.800000,4051.400000,4012.000000,4027.800000,614.8566
1785772800,4027.700000,4047.200000,4022.500000,4044.300000,217.0301
1785787200,4044.300000,4048.500000,4041.900000,4045.400000,94.4619
1785801600,4045.300000,4059.000000,4035.800000,4041.700000,532.9524
1785816000,4041.800000,4053.700000,4041.800000,4052.900000,171.1702
1785830400,4053.000000,4072.500000,4038.000000,4065.300000,394.1505
1785844800,4065.800000,4081.600000,4053.100000,4074.500000,807.9933
1785859200,4074.600000,4091.000000,4064.000000,4066.000000,276.3395
1785873600,4066.100000,4072.700000,4055.600000,4060.900000,120.7686
1785888000,4060.900000,4118.800000,4059.900000,4111.500000,639.5095
1785902400,4111.500000,4159.800000,4111.500000,4155.600000,983.1260
1785916800,4155.600000,4176.400000,4136.300000,4174.600000,593.1833
1785931200,4174.700000,4244.600000,4168.700000,4216.300000,1925.1266
1785945600,4216.000000,4249.000000,4209.300000,4228.600000,652.9378
1785960000,4228.700000,4262.200000,4227.200000,4259.800000,463.5406
1785974400,4259.800000,4284.700000,4243.700000,4247.800000,1022.6584
1785988800,4247.900000,4251.800000,4231.800000,4247.000000,336.9833
1786003200,4247.000000,4266.300000,4238.200000,4245.700000,571.0847
1786017600,4246.300000,4255.800000,4213.500000,4217.500000,812.9686
1786032000,4217.500000,4235.000000,4208.500000,4233.200000,374.1163
1786046400,4233.600000,4235.800000,4219.700000,4235.800000,226.6936
1786060800,4235.800000,4249.600000,4215.000000,4249.600000,372.9813
1786075200,4249.700000,4280.000000,4246.000000,4272.000000,499.9883
1786089600,4272.000000,4308.000000,4271.500000,4303.200000,755.2710
1786104000,4302.800000,4347.100000,4275.100000,4321.000000,2272.3686
1786118400,4321.100000,4331.200000,4308.200000,4325.200000,516.0655
1786132800,4325.200000,4333.400000,4318.700000,4332.600000,98.5084
1786147200,4332.700000,4334.000000,4322.700000,4326.700000,164.8331
1786161600,4326.700000,4327.900000,4321.600000,4326.300000,138.6353
1786176000,4326.300000,4330.800000,4325.100000,4328.000000,66.4303
1786190400,4327.800000,4332.400000,4326.500000,4332.400000,123.2189
1786204800,4332.400000,4332.400000,4326.100000,4328.400000,59.5326
1786219200,4328.400000,4334.300000,4328.300000,4333.100000,19.6682
1786233600,4333.100000,4334.300000,4328.800000,4330.000000,56.2264
1786248000,4330.000000,4340.300000,4329.900000,4338.000000,62.0980
1786262400,4338.100000,4338.900000,4330.600000,4334.500000,79.9208
1786276800,4334.500000,4340.800000,4333.900000,4340.800000,41.0795
1786291200,4340.900000,4341.400000,4335.800000,4341.300000,51.4539
1786305600,4341.400000,4346.700000,4315.700000,4316.900000,392.1041
1786320000,4316.200000,4329.900000,4296.400000,4310.500000,526.0369
1786334400,4310.600000,4341.400000,4306.200000,4335.500000,374.8015
1786348800,4335.500000,4336.500000,4311.700000,4316.100000,169.7388
1786363200,4316.100000,4339.200000,4301.600000,4338.700000,546.4067
1786377600,4338.800000,4373.900000,4330.500000,4366.600000,611.4015
1786392000,4366.700000,4379.700000,4364.200000,4379.700000,232.5804
1786406400,4380.000000,4411.000000,4374.000000,4394.200000,781.1872
1786420800,4394.100000,4398.400000,4340.900000,4341.400000,821.1651
1786435200,4341.600000,4376.400000,4341.300000,4370.100000,353.2566
1786449600,4370.400000,4383.700000,4352.600000,4366.400000,634.5489
1786464000,4366.700000,4368.400000,4343.700000,4353.800000,301.5387
1786478400,4353.800000,4360.400000,4347.400000,4354.400000,220.9299
1786492800,4354.300000,4397.000000,4350.200000,4382.200000,541.9105
1786507200,4382.200000,4391.000000,4367.100000,4387.200000,344.1547
1786521600,4387.200000,4406.600000,4383.500000,4395.500000,420.3195
1786536000,4395.600000,4421.300000,4371.400000,4403.100000,1273.9751
1786550400,4403.100000,4406.700000,4380.000000,4394.500000,220.8350
1786564800,4395.000000,4395.300000,4379.900000,4394.000000,175.6680
1786579200,4394.000000,4427.800000,4381.600000,4381.700000,622.8534
1786593600,4381.700000,4389.200000,4355.800000,4356.200000,489.2269
1786608000,4356.000000,4378.800000,4350.300000,4370.600000,235.2181
1786622400,4371.100000,4383.500000,4342.900000,4350.300000,1051.4620
1786636800,4350.300000,4357.200000,4330.100000,4332.800000,354.1745
1786651200,4332.900000,4346.800000,4330.000000,4340.200000,175.9505
1786665600,4339.900000,4345.000000,4303.100000,4313.800000,727.9399
1786680000,4313.400000,4333.000000,4302.700000,4332.900000,227.3133
1786694400,4332.900000,4353.200000,4330.100000,4353.100000,433.0740
1786708800,4353.100000,4378.500000,4350.800000,4372.800000,940.2399
1786723200,4372.900000,4377.800000,4355.000000,4356.500000,189.1339
1786737600,4356.600000,4364.000000,4353.200000,4363.900000,77.3882
1786752000,4363.900000,4366.700000,4360.000000,4363.300000,56.5551
1786766400,4363.300000,4363.500000,4358.400000,4363.100000,29.0995
1786780800,4363.100000,4363.200000,4359.200000,4359.500000,17.7425
1786795200,4359.200000,4362.800000,4358.700000,4360.700000,27.0732
1786809600,4360.700000,4361.000000,4359.000000,4360.900000,14.4295
1786824000,4361.000000,4362.600000,4360.500000,4361.400000,2.2944
1786838400,4361.400000,4363.300000,4360.600000,4360.700000,6.1575
1786852800,4360.800000,4365.600000,4360.000000,4361.000000,15.0501
1786867200,4361.000000,4361.800000,4359.700000,4359.700000,13.2363
1786881600,4359.800000,4360.300000,4357.900000,4359.200000,19.7361
1786896000,4359.200000,4362.900000,4359.100000,4360.800000,25.2415
1786910400,4360.800000,4365.800000,4351.200000,4352.700000,78.4417
1786924800,4352.800000,4394.400000,4351.400000,4379.200000,72.1762
1786939200,4379.000000,4389.900000,4370.200000,4385.600000,143.9018
1786953600,4385.500000,4387.300000,4374.900000,4378.900000,325.8714
1786968000,4378.900000,4407.400000,4364.200000,4407.400000,740.0115
1786982400,4407.500000,4408.600000,4381.900000,4400.700000,212.0967
1786996800,4400.600000,4404.500000,4390.900000,4404.400000,76.0303
1787011200,4404.500000,4415.500000,4376.400000,4376.500000,510.9753
1787025600,4376.500000,4387.800000,4372.000000,4380.300000,185.9598
1787040000,4380.400000,4384.300000,4372.100000,4381.800000,252.1265
1787054400,4381.900000,4390.900000,4342.500000,4354.900000,1139.7925
1787068800,4354.900000,4361.100000,4332.000000,4339.100000,539.0507
1787083200,4339.600000,4339.700000,4321.400000,4326.700000,657.7920
1787097600,4326.600000,4352.200000,4317.000000,4346.600000,741.4082
1787112000,4346.500000,4351.300000,4327.200000,4345.400000,240.2442
1787126400,4345.300000,4363.300000,4342.300000,4355.200000,1654.2340
1787140800,4355.300000,4478.500000,4352.700000,4473.600000,4484.0218
1787155200,4473.600000,4489.200000,4452.300000,4488.700000,2088.7916
1787169600,4489.000000,4506.200000,4484.000000,4487.900000,1400.8393
1787184000,4487.900000,4494.800000,4463.600000,4478.400000,829.6998
1787198400,4478.400000,4478.400000,4458.200000,4470.000000,307.1373
1787212800,4470.100000,4479.500000,4449.700000,4450.300000,532.6915
1787227200,4450.400000,4519.300000,4435.900000,4502.700000,1822.7833
1787241600,4502.600000,4510.800000,4485.700000,4508.300000,5413.3280
1787256000,4508.900000,4510.200000,4495.100000,4505.500000,3508.8374
1787270400,4505.400000,4521.100000,4489.900000,4515.800000,651.7858
1787284800,4515.800000,4549.600000,4511.300000,4546.400000,685.2541
1787299200,4546.200000,4580.700000,4541.300000,4574.400000,699.3704
1787313600,4574.800000,4593.400000,4546.100000,4591.900000,1085.5242
1787328000,4592.000000,4608.100000,4587.000000,4595.100000,552.0267
1787342400,4595.200000,4597.400000,4574.400000,4586.800000,590.5686
1787356800,4586.900000,4587.300000,4580.100000,4584.100000,280.7456
1787371200,4584.200000,4584.300000,4557.800000,4583.500000,548.0423
1787385600,4583.500000,4583.900000,4575.300000,4579.500000,150.0428
1787400000,4579.500000,4580.600000,4575.500000,4578.100000,74.8553
1787414400,4578.100000,4583.100000,4578.000000,4582.300000,95.1056
1787428800,4582.000000,4582.300000,4578.700000,4581.200000,43.0068
1787443200,4581.200000,4582.600000,4579.600000,4581.100000,52.3065
1787457600,4581.200000,4583.200000,4578.700000,4582.700000,47.7197
1787472000,4582.700000,4589.600000,4581.100000,4589.500000,135.3732
1787486400,4589.600000,4594.000000,4586.200000,4593.900000,275.0756
1787500800,4594.000000,4598.700000,4592.500000,4598.600000,117.9648
1787515200,4598.700000,4603.700000,4586.400000,4603.600000,541.3856
1787529600,4603.700000,4633.900000,4578.400000,4620.000000,771.4835
1787544000,4620.100000,4638.000000,4609.600000,4623.900000,519.6086
1787558400,4623.900000,4651.800000,4612.000000,4640.800000,452.2638
1787572800,4640.500000,4662.800000,4626.100000,4634.400000,1005.9377
1787587200,4634.500000,4645.400000,4612.500000,4635.800000,517.2792
1787601600,4635.800000,4667.100000,4632.900000,4662.900000,244.3278
1787616000,4664.000000,4678.900000,4600.900000,4616.300000,979.0118
1787630400,4616.300000,4636.300000,4607.900000,4613.900000,321.8412
1787644800,4614.000000,4628.100000,4605.500000,4623.100000,403.1419
1787659200,4623.200000,4643.100000,4588.300000,4634.700000,715.7161
1787673600,4634.800000,4653.000000,4619.400000,4649.500000,346.2403
1787688000,4650.200000,4656.200000,4638.300000,4639.000000,179.0815
1787702400,4639.600000,4651.900000,4615.100000,4628.100000,375.1175
1787716800,4627.300000,4633.500000,4610.500000,4614.400000,231.2951
1787731200,4614.300000,4615.800000,4601.300000,4611.900000,348.2644
1787745600,4611.900000,4618.900000,4574.700000,4584.800000,1167.9339
1787760000,4584.500000,4594.200000,4576.700000,4582.800000,731.0712
1787774400,4583.100000,4612.300000,4575.900000,4610.000000,278.5844
1787788800,4610.100000,4627.100000,4589.000000,4611.500000,482.0987
1787803200,4611.500000,4612.500000,4583.900000,4591.100000,329.6955
1787817600,4590.700000,4596.200000,4562.500000,4588.600000,663.3256
1787832000,4588.600000,4600.000000,4557.300000,4599.800000,1122.3481
1787846400,4599.800000,4605.200000,4590.000000,4596.900000,315.8489
1787860800,4596.900000,4598.900000,4584.500000,4584.600000,100.1534
1787875200,4584.600000,4592.200000,4566.600000,4567.400000,287.3431
1787889600,4567.500000,4602.200000,4562.400000,4600.200000,229.1750
1787904000,4600.200000,4602.400000,4579.400000,4581.000000,239.2802
1787918400,4580.900000,4616.000000,4515.500000,4517.000000,1281.8325
1787932800,4515.800000,4520.400000,4445.000000,4457.200000,1330.0606
1787947200,4456.200000,4463.400000,4450.700000,4458.400000,263.2959
1787961600,4458.500000,4460.200000,4456.000000,4457.700000,128.3468
1787976000,4457.800000,4457.800000,4453.700000,4455.100000,45.2362
1787990400,4455.000000,4456.200000,4453.700000,4454.900000,50.8598
1788004800,4454.900000,4459.400000,4454.000000,4457.300000,104.1479
1788019200,4457.300000,4457.900000,4456.100000,4457.100000,53.7935
1788033600,4457.100000,4459.600000,4455.600000,4457.900000,53.2652
1788048000,4457.900000,4458.200000,4456.800000,4457.500000,34.0573
1788062400,4457.500000,4457.700000,4455.700000,4457.300000,242.4804
1788076800,4457.300000,4457.700000,4457.100000,4457.400000,176.4089
1788091200,4457.400000,4460.200000,4454.200000,4457.700000,418.3954
1788105600,4457.700000,4461.300000,4456.100000,4458.600000,404.3274
1788120000,4458.600000,4459.600000,4422.900000,4444.400000,894.2266
1788134400,4444.500000,4458.200000,4388.100000,4412.600000,1009.8075
1788148800,4412.700000,4441.300000,4404.100000,4436.700000,681.7929
1788163200,4436.700000,4454.200000,4428.100000,4446.800000,355.3855
1788177600,4446.800000,4452.200000,4409.200000,4419.700000,599.5422
1788192000,4419.700000,4444.300000,4417.700000,4444.300000,180.8683
1788206400,4444.300000,4446.200000,4434.500000,4443.700000,72.2389
1788220800,4443.600000,4451.500000,4422.700000,4431.200000,199.7240
1788235200,4430.900000,4438.600000,4409.300000,4414.900000,292.4955
1788249600,4414.200000,4414.500000,4362.500000,4372.000000,1360.6151
1788264000,4372.100000,4373.800000,4328.700000,4369.900000,1773.1769
1788278400,4369.900000,4371.400000,4326.300000,4329.400000,543.5375
1788292800,4329.900000,4342.700000,4326.700000,4329.400000,398.9423
1788307200,4329.100000,4338.000000,4287.000000,4306.300000,1674.6379
1788321600,4306.300000,4333.500000,4304.200000,4325.900000,456.4355
1788336000,4325.800000,4334.500000,4305.000000,4332.400000,702.9904
1788350400,4332.400000,4395.000000,4330.400000,4372.500000,1278.4544
1788364800,4372.600000,4389.100000,4364.900000,4389.000000,151.5752
1788379200,4389.100000,4390.600000,4382.000000,4385.200000,137.9750
1788393600,4385.300000,4424.500000,4382.400000,4424.100000,501.2355
1788408000,4424.100000,4431.800000,4411.700000,4422.500000,564.5707
1788422400,4422.600000,4439.300000,4415.100000,4438.700000,461.8365
1788436800,4438.700000,4498.800000,4432.800000,4484.000000,1979.3337
1788451200,4484.100000,4485.600000,4465.700000,4466.000000,369.0907
1788465600,4467.200000,4472.000000,4463.200000,4471.600000,152.7027
1788480000,4471.700000,4478.200000,4459.200000,4459.300000,300.3802
1788494400,4459.200000,4479.500000,4452.900000,4475.100000,188.5965
1788508800,4475.100000,4479.100000,4458.700000,4461.600000,316.4547
1788523200,4461.600000,4472.700000,4368.400000,4430.000000,2159.1125
1788537600,4430.400000,4437.100000,4409.000000,4430.200000,352.3607
1788552000,4430.100000,4430.200000,4424.800000,4426.700000,33.1850
1788566400,4426.700000,4431.100000,4425.700000,4427.700000,31.9498
1788580800,4427.700000,4428.600000,4425.200000,4427.200000,35.5944
1788595200,4427.300000,4427.700000,4425.200000,4426.000000,136.8291
1788609600,4425.800000,4426.000000,4422.700000,4425.100000,21.5898
1788624000,4425.100000,4428.200000,4423.200000,4425.900000,40.6648
1788638400,4425.900000,4428.000000,4425.900000,4426.400000,46.7164
1788652800,4426.400000,4426.500000,4424.000000,4426.300000,24.7281
1788667200,4426.300000,4428.000000,4418.600000,4420.900000,75.0314
1788681600,4420.900000,4428.300000,4418.600000,4423.100000,144.7334
1788696000,4423.200000,4423.500000,4419.000000,4421.600000,58.4563
1788710400,4421.600000,4422.400000,4414.200000,4416.000000,74.8230
1788724800,4416.100000,4426.600000,4409.900000,4417.700000,221.4461
1788739200,4417.400000,4423.900000,4388.000000,4399.600000,312.2837
1788753600,4399.700000,4407.600000,4384.500000,4401.400000,271.2093
1788768000,4401.400000,4418.100000,4380.300000,4383.600000,2845.7697
1788782400,4383.600000,4414.800000,4383.600000,4411.800000,4895.9309
1788796800,4411.800000,4413.700000,4402.200000,4405.500000,3816.3032
1788811200,4405.700000,4424.500000,4404.800000,4420.600000,2774.9443
1788825600,4421.000000,4436.700000,4412.700000,4434.100000,255.5551
1788840000,4434.000000,4438.600000,4388.100000,4389.800000,340.3028
1788854400,4389.900000,4403.800000,4386.800000,4402.900000,238.7181
1788868800,4403.200000,4408.700000,4384.400000,4393.300000,461.8304
1788883200,4393.300000,4401.200000,4359.000000,4361.600000,412.8937
1788897600,4361.300000,4365.700000,4348.500000,4350.300000,503.6203
1788912000,4350.100000,4382.000000,4342.800000,4374.000000,272.8983
1788926400,4374.100000,4409.600000,4370.500000,4407.400000,139.6630
1788940800,4407.300000,4413.400000,4385.000000,4405.100000,217.0422
1788955200,4405.400000,4430.000000,4375.200000,4396.200000,620.4139
1788969600,4396.000000,4417.000000,4389.900000,4396.300000,203.1333
1788984000,4396.100000,4402.600000,4391.200000,4392.500000,140.1030
1788998400,4392.300000,4417.800000,4389.700000,4405.400000,309.0174
1789012800,4405.400000,4429.300000,4401.800000,4408.700000,197.7165
1789027200,4408.800000,4409.200000,4375.300000,4376.200000,259.9149
1789041600,4375.500000,4377.300000,4328.400000,4364.800000,1169.9783
1789056000,4364.800000,4367.600000,4317.600000,4327.500000,371.1439
1789070400,4328.200000,4330.900000,4314.500000,4316.500000,411.4466
1789084800,4316.800000,4340.600000,4303.700000,4306.600000,572.1951
1789099200,4306.600000,4359.900000,4305.000000,4345.500000,305.1251
1789113600,4345.500000,4358.600000,4331.500000,4333.600000,240.2462
1789128000,4333.600000,4400.400000,4296.800000,4366.300000,1035.5017
