Time	Open	High	Low	Close	Volume
2024-09-12 04:00:00	29.0350	29.2100	29.0200	29.1650	4609
2024-09-12 08:00:00	29.1650	29.2450	29.0350	29.1250	3928
2024-09-12 12:00:00	29.1250	30.0600	29.0750	30.0350	43798
2024-09-12 16:00:00	30.0400	30.2450	29.9600	30.2200	18047
2024-09-12 20:00:00	30.2250	30.2800	30.1700	30.2550	1944
2024-09-13 00:00:00	30.2500	30.4050	30.1900	30.2800	6250
2024-09-13 04:00:00	30.2850	30.4500	30.2250	30.4150	7378
2024-09-13 08:00:00	30.4150	30.5150	30.2800	30.3950	7207
2024-09-13 12:00:00	30.3850	31.2500	30.3650	31.2450	40983
2024-09-13 16:00:00	31.2450	31.2800	30.8950	31.0800	14722
2024-09-13 20:00:00	31.0800	31.0950	31.0600	31.0700	876
2024-09-15 20:00:00	31.0750	31.3700	31.0550	31.2250	3065
2024-09-16 00:00:00	31.2300	31.3650	31.1850	31.3550	3473
2024-09-16 04:00:00	31.3600	31.4600	31.1150	31.1550	6176
2024-09-16 08:00:00	31.1550	31.3650	31.1550	31.2850	6057
2024-09-16 12:00:00	31.2800	31.3850	30.9500	31.0750	21488
2024-09-16 16:00:00	31.0800	31.2100	31.0350	31.1200	7498
2024-09-16 20:00:00	31.1250	31.1250	31.0600	31.1000	949
2024-09-17 00:00:00	31.0950	31.2300	31.0200	31.1600	2522
2024-09-17 04:00:00	31.1450	31.2300	31.0600	31.1000	4019
2024-09-17 08:00:00	31.1050	31.1750	30.9850	31.1450	8444
2024-09-17 12:00:00	31.1450	31.3500	30.9250	31.0450	21835
2024-09-17 16:00:00	30.9900	31.0750	30.9150	31.0100	8636
2024-09-17 20:00:00	31.0150	31.1300	31.0050	31.0750	796
2024-09-18 00:00:00	31.0750	31.0950	30.6900	30.8200	10676
2024-09-18 04:00:00	30.8250	30.9950	30.6900	30.9800	4748
2024-09-18 08:00:00	30.9800	31.0250	30.8900	30.9700	3544
2024-09-18 12:00:00	30.9650	31.0300	30.6650	30.7300	15831
2024-09-18 16:00:00	30.7300	31.5850	30.0350	30.2100	45749
2024-09-18 20:00:00	30.2000	30.5500	30.1900	30.4950	2642
2024-09-19 00:00:00	30.5000	30.7100	30.2200	30.6900	11105
2024-09-19 04:00:00	30.6900	31.5200	30.6450	31.5150	13640
2024-09-19 08:00:00	31.5150	31.6250	31.3900	31.5350	8687
2024-09-19 12:00:00	31.5300	31.6000	30.9400	31.3950	28501
2024-09-19 16:00:00	31.4000	31.4550	31.1250	31.1400	10354
2024-09-19 20:00:00	31.1600	31.1700	31.0650	31.0900	1000
2024-09-20 00:00:00	31.0900	31.4400	31.0400	31.3450	7967
2024-09-20 04:00:00	31.3400	31.5700	31.3050	31.4850	8747
2024-09-20 08:00:00	31.4850	31.6700	31.4150	31.6300	7952
2024-09-20 12:00:00	31.6300	31.7550	31.2150	31.5800	34328
2024-09-20 16:00:00	31.5850	31.6650	31.3500	31.4650	13265
2024-09-20 20:00:00	31.4600	31.5000	31.3950	31.4950	862
2024-09-22 20:00:00	31.5350	31.5500	31.3600	31.4000	901
2024-09-23 00:00:00	31.4000	31.5000	31.2550	31.3750	5647
2024-09-23 04:00:00	31.3750	31.4650	30.7200	30.7850	11424
2024-09-23 08:00:00	30.7800	31.0750	30.6700	31.0600	9470
2024-09-23 12:00:00	31.0600	31.3250	30.9650	31.0600	21608
2024-09-23 16:00:00	31.0550	31.1300	30.9350	30.9950	10784
2024-09-23 20:00:00	30.9950	31.0400	30.9750	31.0000	845
2024-09-24 00:00:00	30.9900	31.4500	30.9600	31.4150	8750
2024-09-24 04:00:00	31.4150	31.5200	31.0050	31.2000	14039
2024-09-24 08:00:00	31.1950	31.3200	31.0700	31.1800	6628
2024-09-24 12:00:00	31.1800	32.0600	31.1100	32.0550	42230
2024-09-24 16:00:00	32.0550	32.6000	32.0400	32.5450	36574
2024-09-24 20:00:00	32.5450	32.5800	32.4200	32.4800	2081
2024-09-25 00:00:00	32.4800	32.6100	32.2200	32.2950	14162
2024-09-25 04:00:00	32.3000	32.3100	32.0150	32.1300	12468
2024-09-25 08:00:00	32.1350	32.2500	32.0350	32.2300	6190
2024-09-25 12:00:00	32.2200	32.5550	32.0500	32.1750	29671
2024-09-25 16:00:00	32.1700	32.2200	31.8700	32.1450	17558
2024-09-25 20:00:00	32.1500	32.1600	32.1050	32.1250	3034
2024-09-26 00:00:00	32.1250	32.2750	32.0450	32.1850	4729
2024-09-26 04:00:00	32.1900	32.4050	32.0900	32.3650	6834
2024-09-26 08:00:00	32.3600	33.0200	32.3600	32.9200	17156
2024-09-26 12:00:00	32.9150	32.9350	32.0350	32.5000	47035
2024-09-26 16:00:00	32.4950	32.5000	32.1900	32.3800	13683
2024-09-26 20:00:00	32.3800	32.3850	32.2450	32.2600	1015
2024-09-27 00:00:00	32.2550	32.2700	31.9500	32.2300	8420
2024-09-27 04:00:00	32.2250	32.2800	31.8700	32.0750	7517
2024-09-27 08:00:00	32.0800	32.3450	31.9950	32.2800	6486
2024-09-27 12:00:00	32.2850	32.5750	31.8700	31.9500	31610
2024-09-27 16:00:00	31.9500	31.9650	31.6350	31.9150	18098
2024-09-27 20:00:00	31.9100	31.9500	31.8850	31.9050	802
2024-09-29 20:00:00	31.9450	32.1350	31.9150	32.0450	2654
2024-09-30 00:00:00	32.0450	32.1500	31.5300	31.7950	9728
2024-09-30 04:00:00	31.8000	32.0100	31.6750	31.7150	5341
2024-09-30 08:00:00	31.7100	31.8250	31.3150	31.5750	8400
2024-09-30 12:00:00	31.5750	31.6800	31.2050	31.4400	17859
2024-09-30 16:00:00	31.4500	31.5650	31.1550	31.4300	11563
2024-09-30 20:00:00	31.4300	31.5050	31.3800	31.5050	925
2024-10-01 00:00:00	31.5050	31.6250	31.4600	31.6050	2507
2024-10-01 04:00:00	31.5900	31.7450	31.5200	31.6650	3512
2024-10-01 08:00:00	31.6750	31.7200	31.5400	31.6200	4431
2024-10-01 12:00:00	31.6250	32.1450	31.5600	31.8350	34317
2024-10-01 16:00:00	31.8300	31.9550	31.5750	31.6100	13889
2024-10-01 20:00:00	31.6100	31.7150	31.5950	31.6300	1168
2024-10-02 00:00:00	31.6250	31.7150	31.5600	31.5750	3867
2024-10-02 04:00:00	31.5800	31.8450	31.2600	31.8300	8692
2024-10-02 08:00:00	31.8400	31.8550	31.6600	31.6850	4228
2024-10-02 12:00:00	31.6950	32.5900	31.6800	31.9800	40847
2024-10-02 16:00:00	31.9800	32.1300	31.8700	32.0850	10084
2024-10-02 20:00:00	32.0850	32.1700	32.0850	32.1200	807
2024-10-03 00:00:00	32.1150	32.1300	31.8350	31.9200	3722
2024-10-03 04:00:00	31.9200	32.0050	31.6500	31.7400	6774
2024-10-03 08:00:00	31.7400	31.8650	31.7000	31.7800	5757
2024-10-03 12:00:00	31.7750	32.2300	31.7200	32.1100	22441
2024-10-03 16:00:00	32.1150	32.4850	32.0900	32.3250	15789
2024-10-03 20:00:00	32.3250	32.3550	32.2650	32.3100	952
2024-10-04 00:00:00	32.3100	32.4850	32.2450	32.3800	3029
2024-10-04 04:00:00	32.3800	32.5400	32.2700	32.3500	4153
2024-10-04 08:00:00	32.3500	32.4350	32.2200	32.4250	3699
2024-10-04 12:00:00	32.4250	33.2250	31.7550	32.7250	57294
2024-10-04 16:00:00	32.7350	32.7800	32.2900	32.4400	15808
2024-10-04 20:00:00	32.4450	32.4650	32.4100	32.4600	838
2024-10-06 20:00:00	32.4500	32.5950	32.4300	32.4700	1568
2024-10-07 00:00:00	32.4700	32.5600	32.3000	32.3550	4037
2024-10-07 04:00:00	32.3650	32.3800	32.0650	32.2250	7034
2024-10-07 08:00:00	32.2350	32.3100	32.0850	32.2000	7095
2024-10-07 12:00:00	32.2050	32.2050	31.6550	31.9500	26159
2024-10-07 16:00:00	31.9450	32.0900	31.8900	31.9550	7995
2024-10-07 20:00:00	31.9650	31.9750	31.8550	31.8900	516
2024-10-08 00:00:00	31.8900	32.0200	31.2550	31.6500	14918
2024-10-08 04:00:00	31.6350	31.8100	31.3000	31.3350	7249
2024-10-08 08:00:00	31.3350	31.6600	31.2300	31.6000	6399
2024-10-08 12:00:00	31.6000	31.6950	30.3450	30.6050	45656
2024-10-08 16:00:00	30.6100	30.9500	30.4400	30.9200	17422
2024-10-08 20:00:00	30.9200	30.9550	30.8450	30.8900	1272
2024-10-09 00:00:00	30.8850	30.9700	30.6850	30.7850	6396
2024-10-09 04:00:00	30.7850	30.9950	30.6300	30.7350	6374
2024-10-09 08:00:00	30.7350	31.0050	30.7000	30.9050	5473
2024-10-09 12:00:00	30.9000	30.9800	30.4350	30.7900	23083
2024-10-09 16:00:00	30.7950	30.8300	30.5900	30.7700	8119
2024-10-09 20:00:00	30.7700	30.7750	30.6650	30.7200	557
2024-10-10 00:00:00	30.7200	30.8700	30.5700	30.7050	5712
2024-10-10 04:00:00	30.7100	30.8150	30.6500	30.7750	3828
2024-10-10 08:00:00	30.7650	30.9050	30.7050	30.7850	3967
2024-10-10 12:00:00	30.7900	31.2550	30.6000	31.1850	26347
2024-10-10 16:00:00	31.1900	31.4000	31.1250	31.3400	13783
2024-10-10 20:00:00	31.3450	31.3950	31.3100	31.3650	842
2024-10-11 00:00:00	31.3650	31.5550	31.2700	31.5150	4690
2024-10-11 04:00:00	31.5050	31.5650	31.2600	31.3850	4363
2024-10-11 08:00:00	31.3800	31.4400	31.3100	31.4150	3355
2024-10-11 12:00:00	31.4150	31.8250	31.4050	31.8250	20342
2024-10-11 16:00:00	31.8250	31.8450	31.6650	31.7700	8987
2024-10-11 20:00:00	31.7750	31.7800	31.7150	31.7350	607
2024-10-13 20:00:00	31.7300	31.7300	30.9400	31.3800	3362
2024-10-14 00:00:00	31.3750	31.5200	31.0950	31.4800	7309
2024-10-14 04:00:00	31.4700	31.7500	31.4500	31.6750	4170
2024-10-14 08:00:00	31.6800	31.7350	31.3150	31.3700	4201
2024-10-14 12:00:00	31.3650	31.7250	31.2200	31.3350	15695
2024-10-14 16:00:00	31.3350	31.4750	31.2900	31.4700	6996
2024-10-14 20:00:00	31.4750	31.5050	31.3600	31.4200	1284
2024-10-15 00:00:00	31.4150	31.5150	31.3150	31.3300	4657
2024-10-15 04:00:00	31.3350	31.3550	30.9500	31.2900	8016
2024-10-15 08:00:00	31.2800	31.4100	31.2500	31.3150	3830
2024-10-15 12:00:00	31.3200	31.8900	31.0900	31.6650	26292
2024-10-15 16:00:00	31.6600	31.8450	31.6550	31.6850	8294
2024-10-15 20:00:00	31.6750	31.7000	31.6500	31.6550	785
2024-10-16 00:00:00	31.6400	31.8650	31.6000	31.7850	3935
2024-10-16 04:00:00	31.7900	32.0300	31.7500	31.9950	6067
2024-10-16 08:00:00	31.9950	32.1200	31.9500	32.0600	5005
2024-10-16 12:00:00	32.0650	32.3850	31.7550	31.8500	26259
2024-10-16 16:00:00	31.8450	32.0050	31.7800	31.9150	6517
2024-10-16 20:00:00	31.9100	31.9300	31.8550	31.9300	773
2024-10-17 00:00:00	31.9250	32.1200	31.6700	31.7350	8473
2024-10-17 04:00:00	31.7450	31.8750	31.5400	31.7400	7439
2024-10-17 08:00:00	31.7400	32.0800	31.7100	31.9550	6012
2024-10-17 12:00:00	31.9550	32.2200	31.6850	31.8500	27442
2024-10-17 16:00:00	31.8500	31.8900	31.4850	31.8600	11072
2024-10-17 20:00:00	31.8650	31.9650	31.8350	31.9600	682
2024-10-18 00:00:00	31.9600	32.3600	31.8850	32.1700	7676
2024-10-18 04:00:00	32.1750	32.3650	31.9800	32.1900	9679
2024-10-18 08:00:00	32.1900	32.3600	32.1150	32.2650	7313
2024-10-18 12:00:00	32.2700	32.8900	32.2700	32.8450	35943
2024-10-18 16:00:00	32.8450	33.8950	32.8450	33.8300	37056
2024-10-18 20:00:00	33.8350	33.9700	33.8100	33.9250	2135
2024-10-20 20:00:00	33.9000	34.2550	33.8250	34.0100	4548
2024-10-21 00:00:00	34.0200	34.3300	33.7400	34.2950	16061
2024-10-21 04:00:00	34.2750	34.3500	34.0150	34.2500	10068
2024-10-21 08:00:00	34.2500	34.3050	34.1200	34.2250	11390
2024-10-21 12:00:00	34.2150	34.4850	33.6600	33.8800	44746
2024-10-21 16:00:00	33.8750	34.1100	33.7750	34.0200	14355
2024-10-21 20:00:00	34.0250	34.0950	33.9700	34.0350	1108
2024-10-22 00:00:00	34.0350	34.3150	33.9900	34.2600	5811
2024-10-22 04:00:00	34.2700	34.4150	34.1250	34.4100	8725
2024-10-22 08:00:00	34.4000	34.7050	34.3250	34.5350	12380
2024-10-22 12:00:00	34.5350	34.9700	34.4650	34.7450	37310
2024-10-22 16:00:00	34.7450	35.0700	34.7400	35.0000	16580
2024-10-22 20:00:00	35.0000	35.0700	34.9050	34.9200	1480
2024-10-23 00:00:00	34.9200	34.9600	34.6600	34.8600	7855
2024-10-23 04:00:00	34.8550	35.0500	34.7100	34.8700	10192
2024-10-23 08:00:00	34.8700	34.9300	34.6700	34.7050	6466
2024-10-23 12:00:00	34.7050	34.7300	33.6100	33.9750	55997
2024-10-23 16:00:00	33.9700	33.9900	33.6550	33.8550	16287
2024-10-23 20:00:00	33.8500	34.0350	33.8050	33.9900	1431
2024-10-24 00:00:00	33.9850	34.1150	33.9000	34.0700	6340
2024-10-24 04:00:00	34.0700	34.4500	34.0450	34.3500	8725
2024-10-24 08:00:00	34.3550	34.4800	34.2150	34.2550	6377
2024-10-24 12:00:00	34.2500	34.4400	33.5250	33.6950	38042
2024-10-24 16:00:00	33.6950	33.8800	33.4200	33.8300	15560
2024-10-24 20:00:00	33.8350	33.8650	33.7800	33.8300	942
2024-10-25 00:00:00	33.8400	33.9550	33.5550	33.6050	5430
2024-10-25 04:00:00	33.6050	33.7600	33.5450	33.5700	5250
2024-10-25 08:00:00	33.5700	33.6000	33.2600	33.4100	14641
2024-10-25 12:00:00	33.4150	34.1950	33.3900	33.9800	26978
2024-10-25 16:00:00	33.9800	34.0250	33.6850	33.7650	13674
2024-10-25 20:00:00	33.7700	33.8900	33.7600	33.8900	934
2024-10-27 20:00:00	33.8300	33.8600	33.5050	33.7700	3262
2024-10-28 00:00:00	33.7600	33.8250	33.4000	33.4550	7863
2024-10-28 04:00:00	33.4400	33.8800	33.4200	33.7400	6993
2024-10-28 08:00:00	33.7400	33.7750	33.4650	33.5750	6845
2024-10-28 12:00:00	33.5700	34.1700	33.5350	33.8550	25720
2024-10-28 16:00:00	33.8550	34.0350	33.7400	33.8650	10018
2024-10-28 20:00:00	33.8600	33.8750	33.7650	33.8650	975
2024-10-29 00:00:00	33.8600	34.2700	33.8050	34.0550	9320
2024-10-29 04:00:00	34.0400	34.1650	33.8800	34.1100	5090
2024-10-29 08:00:00	34.1100	34.3750	33.9500	34.3200	10009
2024-10-29 12:00:00	34.3150	34.7250	34.1650	34.4200	36447
2024-10-29 16:00:00	34.4200	34.6550	34.3400	34.6100	11333
2024-10-29 20:00:00	34.6050	34.6550	34.5800	34.6500	910
2024-10-30 00:00:00	34.6500	34.6900	34.3150	34.4000	5880
2024-10-30 04:00:00	34.3900	34.5300	34.2800	34.3050	5521
2024-10-30 08:00:00	34.3050	34.4650	34.1900	34.2000	6552
2024-10-30 12:00:00	34.1900	34.4000	33.5650	34.1000	41120
2024-10-30 16:00:00	34.1050	34.1400	33.9350	33.9400	10616
2024-10-30 20:00:00	33.9350	33.9500	33.8400	33.8850	1414
2024-10-31 00:00:00	33.8850	34.0400	33.7350	33.7600	5450
2024-10-31 04:00:00	33.7600	33.8950	33.6600	33.8650	8107
2024-10-31 08:00:00	33.8700	33.8750	33.5800	33.7350	9990
2024-10-31 12:00:00	33.7350	33.8150	32.6400	32.8150	50037
2024-10-31 16:00:00	32.8200	32.9700	32.7000	32.8350	15582
2024-10-31 20:00:00	32.8300	32.8600	32.7600	32.8100	1228
2024-11-01 00:00:00	32.8100	32.9250	32.7500	32.9000	4448
2024-11-01 04:00:00	32.9050	32.9800	32.6850	32.8100	4353
2024-11-01 08:00:00	32.8050	33.0250	32.7850	32.9600	6824
2024-11-01 12:00:00	32.9650	33.2500	32.6050	32.8050	34336
2024-11-01 16:00:00	32.8100	32.8350	32.4600	32.5150	14073
2024-11-01 20:00:00	32.5200	32.6000	32.5150	32.5750	1253
2024-11-03 20:00:00	32.5700	32.6800	32.4150	32.6250	1495
2024-11-04 00:00:00	32.6200	32.8450	32.5850	32.8050	5099
2024-11-04 04:00:00	32.8050	32.9800	32.6900	32.7250	4577
2024-11-04 08:00:00	32.7200	32.9750	32.7050	32.9250	6368
2024-11-04 12:00:00	32.9250	33.0000	32.6000	32.6500	18821
2024-11-04 16:00:00	32.6500	32.6750	32.4200	32.6000	11258
2024-11-04 20:00:00	32.6050	32.6600	32.4950	32.5250	1386
2024-11-05 00:00:00	32.5250	32.6400	32.3550	32.6050	6553
2024-11-05 04:00:00	32.6050	32.7300	32.5250	32.6050	3721
2024-11-05 08:00:00	32.6050	32.8000	32.5300	32.7600	4650
2024-11-05 12:00:00	32.7600	33.0550	32.6950	32.8700	19054
2024-11-05 16:00:00	32.8750	32.9000	32.7050	32.7400	10751
2024-11-05 20:00:00	32.7400	32.8500	32.7000	32.8300	1169
2024-11-06 00:00:00	32.8250	32.8250	32.1400	32.2050	13793
2024-11-06 04:00:00	32.2000	32.4750	31.5700	32.1550	21323
2024-11-06 08:00:00	32.1550	32.5000	31.8350	31.9050	13361
2024-11-06 12:00:00	31.9000	32.0850	30.9400	31.5200	50966
2024-11-06 16:00:00	31.5200	31.5350	31.1550	31.3150	17085
2024-11-06 20:00:00	31.3200	31.3400	31.1800	31.2700	2529
2024-11-07 00:00:00	31.2700	31.3450	31.0150	31.1600	6339
2024-11-07 04:00:00	31.1600	31.3300	30.9600	31.2850	5622
2024-11-07 08:00:00	31.2950	31.3300	31.1250	31.1600	6069
2024-11-07 12:00:00	31.1600	31.9950	31.1500	31.9250	29144
2024-11-07 16:00:00	31.9250	31.9600	31.7050	31.8750	20153
2024-11-07 20:00:00	31.8800	32.2650	31.8450	32.1250	5587
2024-11-08 00:00:00	32.1200	32.1350	31.7650	31.7900	6031
2024-11-08 04:00:00	31.7900	31.8850	31.5350	31.6600	4823
2024-11-08 08:00:00	31.6550	31.6950	31.4200	31.6550	7463
2024-11-08 12:00:00	31.6600	31.9650	31.3950	31.5350	27072
2024-11-08 16:00:00	31.5350	31.5550	31.3000	31.4100	21692
2024-11-08 20:00:00	31.4100	31.4400	31.3650	31.4250	1614
2024-11-10 20:00:00	31.4150	31.5350	31.3350	31.5300	825
2024-11-11 00:00:00	31.5350	31.5400	31.1950	31.3150	6882
2024-11-11 04:00:00	31.3100	31.5000	31.2500	31.3000	3442
2024-11-11 08:00:00	31.3050	31.6600	31.3000	31.4100	6937
2024-11-11 12:00:00	31.4150	31.4300	30.5550	30.5750	35030
2024-11-11 16:00:00	30.5750	30.7600	30.5300	30.7400	17893
2024-11-11 20:00:00	30.7450	30.8450	30.7400	30.8250	2371
2024-11-12 00:00:00	30.8200	30.8800	30.6500	30.6600	5071
2024-11-12 04:00:00	30.6550	30.6850	30.2800	30.4000	10467
2024-11-12 08:00:00	30.4100	30.5600	30.2900	30.4700	8113
2024-11-12 12:00:00	30.4700	30.8800	30.4700	30.6200	24782
2024-11-12 16:00:00	30.6200	30.8700	30.6100	30.8050	18080
2024-11-12 20:00:00	30.8050	30.9300	30.7500	30.8050	2282
2024-11-13 00:00:00	30.8050	31.1500	30.7700	31.0900	6882
2024-11-13 04:00:00	31.0950	31.1250	30.9250	30.9500	4393
2024-11-13 08:00:00	30.9500	31.1000	30.8900	30.9900	5278
2024-11-13 12:00:00	30.9900	31.2550	30.6250	30.9000	25365
2024-11-13 16:00:00	30.9000	30.9050	30.5350	30.6400	19897
2024-11-13 20:00:00	30.6400	30.6450	30.3150	30.3600	4776
2024-11-14 00:00:00	30.3600	30.5150	30.1200	30.2350	9107
2024-11-14 04:00:00	30.2350	30.3000	29.8000	29.9350	10620
2024-11-14 08:00:00	29.9350	30.0800	29.7500	30.0600	9818
2024-11-14 12:00:00	30.0550	30.5500	29.9250	30.4350	24168
2024-11-14 16:00:00	30.4350	30.7400	30.4300	30.7150	14345
2024-11-14 20:00:00	30.7100	30.7250	30.4350	30.4550	4485
2024-11-15 00:00:00	30.4500	30.6500	30.3950	30.5600	4670
2024-11-15 04:00:00	30.5600	30.6350	30.3050	30.4350	3958
2024-11-15 08:00:00	30.4300	30.8650	30.3600	30.7700	8854
2024-11-15 12:00:00	30.7750	30.9000	30.3900	30.5800	23207
2024-11-15 16:00:00	30.5800	30.6350	30.3150	30.3850	11444
2024-11-15 20:00:00	30.3850	30.3850	30.2600	30.3400	2432
2024-11-17 20:00:00	30.3700	30.4850	30.3500	30.4750	961
2024-11-18 00:00:00	30.4750	30.7550	30.4450	30.7100	6281
2024-11-18 04:00:00	30.7100	30.8100	30.6000	30.6800	3859
2024-11-18 08:00:00	30.6800	30.8900	30.6750	30.8300	5398
2024-11-18 12:00:00	30.8300	31.3500	30.7850	31.2850	25414
2024-11-18 16:00:00	31.2900	31.3550	31.1050	31.1750	11984
2024-11-18 20:00:00	31.1750	31.2750	31.1700	31.2500	2077
2024-11-19 00:00:00	31.2450	31.5200	31.2100	31.4550	4877
2024-11-19 04:00:00	31.4500	31.4850	31.2650	31.3200	4470
2024-11-19 08:00:00	31.3200	31.6150	31.2750	31.3650	10921
2024-11-19 12:00:00	31.3700	31.5250	31.1250	31.1800	24635
2024-11-19 16:00:00	31.1850	31.3700	31.1300	31.3400	10713
2024-11-19 20:00:00	31.3400	31.3950	31.2900	31.3750	2128
2024-11-20 00:00:00	31.3750	31.4200	31.2150	31.2550	4897
2024-11-20 04:00:00	31.2550	31.2850	30.9700	30.9850	5931
2024-11-20 08:00:00	30.9850	31.0650	30.8900	30.9450	6607
2024-11-20 12:00:00	30.9400	31.3250	30.9400	31.1750	18057
2024-11-20 16:00:00	31.1800	31.2350	30.9250	30.9900	14647
2024-11-20 20:00:00	30.9850	31.0200	30.8600	30.9900	3663
2024-11-21 00:00:00	31.0000	31.2250	30.9650	31.2250	5120
2024-11-21 04:00:00	31.2250	31.3700	31.1700	31.3450	5161
2024-11-21 08:00:00	31.3400	31.3800	31.0600	31.1300	9306
2024-11-21 12:00:00	31.1250	31.2150	30.7550	30.9050	26022
2024-11-21 16:00:00	30.9050	30.9850	30.7150	30.8450	13619
2024-11-21 20:00:00	30.8500	30.8950	30.8050	30.8100	1588
2024-11-22 00:00:00	30.8150	31.0900	30.8100	30.9850	6093
2024-11-22 04:00:00	30.9800	31.4700	30.8300	31.3950	7869
2024-11-22 08:00:00	31.3950	31.4700	31.1900	31.3150	9041
2024-11-22 12:00:00	31.3150	31.4700	31.0050	31.3150	22296
2024-11-22 16:00:00	31.3200	31.3750	31.1700	31.3300	12911
2024-11-22 20:00:00	31.3300	31.4150	31.2650	31.4150	2941
2024-11-24 20:00:00	31.4000	31.5450	31.2600	31.4700	2215
2024-11-25 00:00:00	31.4650	31.4750	30.7650	30.8850	10031
2024-11-25 04:00:00	30.8800	30.9350	30.5800	30.7350	6862
2024-11-25 08:00:00	30.7300	30.9200	30.7300	30.8700	6662
2024-11-25 12:00:00	30.8700	30.9300	30.1150	30.1600	33981
2024-11-25 16:00:00	30.1600	30.4350	30.1350	30.4250	20812
2024-11-25 20:00:00	30.4250	30.4250	30.0250	30.1550	3281
2024-11-26 00:00:00	30.1500	30.4500	30.0850	30.4150	5638
2024-11-26 04:00:00	30.4150	30.4450	30.1650	30.1850	3964
2024-11-26 08:00:00	30.1900	30.6000	30.1550	30.5900	7064
2024-11-26 12:00:00	30.5850	30.7400	30.3350	30.5150	22610
2024-11-26 16:00:00	30.5250	30.5800	30.3450	30.5250	10284
2024-11-26 20:00:00	30.5300	30.5800	30.4450	30.4600	1276
2024-11-27 00:00:00	30.4700	30.5800	30.3350	30.5550	801
2024-11-27 04:00:00	30.5300	30.7500	30.5100	30.7000	1593
2024-11-27 08:00:00	30.6950	31.1000	30.4150	30.9700	18679
2024-11-27 12:00:00	30.9650	31.0700	30.1150	30.5750	32294
2024-11-27 16:00:00	30.1000	30.6750	29.9900	30.5050	37318
2024-11-27 20:00:00	30.5050	30.5900	30.0900	30.5700	1957
2024-11-28 00:00:00	30.5800	30.6150	29.6550	30.2550	7963
2024-11-28 04:00:00	30.2500	30.3750	29.9100	30.3350	560
2024-11-29 12:00:00	31.1400	31.2250	30.5900	31.1500	9237
2024-11-29 16:00:00	31.1550	31.2100	30.6550	31.1080	4375
2024-12-01 20:00:00	31.1200	31.1300	30.4650	30.9450	1251
2024-12-02 00:00:00	30.9400	30.9600	30.2850	30.6800	8310
2024-12-02 04:00:00	30.6850	30.7250	30.1700	30.6250	4503
2024-12-02 08:00:00	30.6200	30.9850	30.3200	30.9250	6264
2024-12-02 12:00:00	30.9200	31.1350	30.3850	30.8200	14544
2024-12-02 16:00:00	30.8150	30.9700	30.3950	30.8650	7485
2024-12-02 20:00:00	30.8600	31.0700	30.4500	31.0550	2892
2024-12-03 00:00:00	31.0600	31.1750	30.9200	31.0600	4094
2024-12-03 04:00:00	31.0600	31.4500	30.9350	31.3850	6945
2024-12-03 08:00:00	31.3850	31.4900	31.3250	31.3750	6515
2024-12-03 12:00:00	31.3750	31.5550	30.8700	31.3500	20544
2024-12-03 16:00:00	31.3500	31.5700	31.0200	31.4950	11135
2024-12-03 20:00:00	31.4950	31.5450	31.1100	31.4700	1410
2024-12-04 00:00:00	31.4700	31.5950	31.3850	31.4600	3985
2024-12-04 04:00:00	31.4550	31.6300	31.1550	31.4500	3869
2024-12-04 08:00:00	31.4500	31.4550	31.2850	31.3750	6862
2024-12-04 12:00:00	31.3800	32.0700	30.9200	31.9750	38510
2024-12-04 16:00:00	31.9800	32.0600	31.7450	31.8500	15981
2024-12-04 20:00:00	31.8550	31.8850	31.4300	31.8550	1757
2024-12-05 00:00:00	31.8500	31.9500	31.2900	31.7950	4954
2024-12-05 04:00:00	31.8000	31.9050	31.4250	31.7800	2840
2024-12-05 08:00:00	31.7800	31.9250	31.4750	31.8600	5137
2024-12-05 12:00:00	31.8650	31.9300	31.2000	31.6800	17875
2024-12-05 16:00:00	31.6800	31.7650	31.5050	31.7400	12444
2024-12-05 20:00:00	31.7350	31.8750	31.7300	31.8400	2804
2024-12-06 00:00:00	31.8400	31.9200	31.3000	31.8700	8591
2024-12-06 04:00:00	31.8700	31.9350	31.7100	31.7600	5322
2024-12-06 08:00:00	31.7600	31.8800	31.3350	31.6600	5272
2024-12-06 12:00:00	31.6550	31.8600	31.0800	31.6000	28569
2024-12-06 16:00:00	31.6000	31.7900	31.1800	31.5000	10476
2024-12-06 20:00:00	31.5050	31.5300	31.4650	31.4850	1506
2024-12-08 20:00:00	31.4800	31.6250	31.4550	31.5900	1049
2024-12-09 00:00:00	31.5800	31.8050	31.4200	31.4750	6893
2024-12-09 04:00:00	31.4750	31.8400	31.3750	31.8300	5278
2024-12-09 08:00:00	31.8300	32.2750	31.4400	32.2300	13403
2024-12-09 12:00:00	32.2250	32.9450	32.1900	32.7500	41007
2024-12-09 16:00:00	32.7500	32.7950	32.0900	32.4700	17717
2024-12-09 20:00:00	32.4650	32.5500	32.0300	32.5250	2584
2024-12-10 00:00:00	32.5250	32.6550	32.1000	32.6150	6109
2024-12-10 04:00:00	32.6200	32.6650	32.3500	32.3650	3577
2024-12-10 08:00:00	32.3600	32.5500	32.0350	32.5450	6717
2024-12-10 12:00:00	32.5400	32.7950	32.4200	32.6450	23230
2024-12-10 16:00:00	32.6450	32.7750	32.2950	32.6150	13822
2024-12-10 20:00:00	32.6100	32.6900	32.5300	32.6550	3191
2024-12-11 00:00:00	32.6550	32.8850	32.3400	32.7150	8111
2024-12-11 04:00:00	32.7200	32.7650	32.4300	32.4600	9967
2024-12-11 08:00:00	32.4550	32.7300	32.2050	32.5900	8235
2024-12-11 12:00:00	32.5950	33.1400	32.4700	33.0300	27858
2024-12-11 16:00:00	33.0350	33.1100	32.7000	32.8150	18390
2024-12-11 20:00:00	32.8200	32.8700	32.4150	32.8450	2098
2024-12-12 00:00:00	32.8400	33.0350	32.5300	32.9500	6113
2024-12-12 04:00:00	32.9450	33.1650	32.9350	33.0550	5157
2024-12-12 08:00:00	33.0550	33.3300	32.7700	32.8350	11566
2024-12-12 12:00:00	32.8450	32.8800	31.4950	31.5950	45651
2024-12-12 16:00:00	31.5800	31.7950	31.2500	31.6050	17521
2024-12-12 20:00:00	31.6150	31.6300	31.2250	31.4750	3372
2024-12-13 00:00:00	31.4750	31.6300	31.4050	31.4250	6887
2024-12-13 04:00:00	31.4250	31.4900	31.3600	31.3800	3930
2024-12-13 08:00:00	31.3800	31.4250	31.0000	31.2500	8742
2024-12-13 12:00:00	31.2500	31.3900	30.5600	31.0100	27258
2024-12-13 16:00:00	30.9950	31.0750	30.6350	30.9600	10081
2024-12-13 20:00:00	30.9650	31.0600	30.5600	31.0100	3072
2024-12-15 20:00:00	31.0050	31.0800	30.9850	31.0600	736
2024-12-16 00:00:00	31.0550	31.0950	30.9400	30.9850	3587
2024-12-16 04:00:00	30.9850	31.1650	30.9600	31.1000	2923
2024-12-16 08:00:00	31.1000	31.1900	31.0750	31.1450	4206
2024-12-16 12:00:00	31.1450	31.2400	30.8150	31.0900	12907
2024-12-16 16:00:00	31.0950	31.1350	30.7250	31.0650	6516
2024-12-16 20:00:00	31.0650	31.0850	30.6800	31.0250	1621
2024-12-17 00:00:00	31.0300	31.1100	30.9350	30.9800	2633
2024-12-17 04:00:00	30.9800	31.0450	30.8600	30.9750	3265
2024-12-17 08:00:00	30.9700	30.9700	30.6150	30.7550	6719
2024-12-17 12:00:00	30.7500	30.8750	30.2900	30.8500	14592
2024-12-17 16:00:00	30.8450	31.0150	30.8050	30.9500	9317
2024-12-17 20:00:00	30.9500	31.0000	30.9200	30.9700	1530
2024-12-18 00:00:00	30.9700	31.0450	30.8400	30.8450	2637
2024-12-18 04:00:00	30.8450	30.9500	30.8100	30.8550	2090
2024-12-18 08:00:00	30.8550	30.9450	30.8000	30.8400	2731
2024-12-18 12:00:00	30.8450	30.9250	30.6600	30.7150	11475
2024-12-18 16:00:00	30.7150	30.7800	30.2350	30.2650	17444
2024-12-18 20:00:00	30.2700	30.3100	29.6850	29.7650	12150
2024-12-19 00:00:00	29.7600	30.0800	29.7550	29.8900	6829
2024-12-19 04:00:00	29.8950	30.0800	29.7850	29.9950	4512
2024-12-19 08:00:00	29.9850	30.1400	29.9250	29.9650	6169
2024-12-19 12:00:00	29.9600	29.9600	29.1450	29.2200	30174
2024-12-19 16:00:00	29.2150	29.5450	29.1900	29.4700	13605
2024-12-19 20:00:00	29.4750	29.5950	29.4250	29.4600	1895
2024-12-20 00:00:00	29.4600	29.4950	29.2800	29.3400	3195
2024-12-20 04:00:00	29.3400	29.5100	29.3400	29.4300	3081
2024-12-20 08:00:00	29.4300	29.4900	29.1950	29.2550	6250
2024-12-20 12:00:00	29.2500	30.0200	29.2050	30.0000	27407
2024-12-20 16:00:00	30.0000	30.2350	29.8950	30.1600	13029
2024-12-20 20:00:00	30.1600	30.1700	30.0450	30.0750	2682
2024-12-22 20:00:00	30.0550	30.2050	30.0200	30.1650	696
2024-12-23 00:00:00	30.1700	30.2700	30.0200	30.1500	4030
2024-12-23 04:00:00	30.1600	30.3550	30.1050	30.2750	3073
2024-12-23 08:00:00	30.2750	30.3100	30.0600	30.1400	4990
2024-12-23 12:00:00	30.1350	30.2350	29.9900	30.1300	11362
2024-12-23 16:00:00	30.1250	30.3200	30.1250	30.2400	8136
2024-12-23 20:00:00	30.2450	30.2700	30.2050	30.2450	1048
2024-12-24 00:00:00	30.2550	30.3450	30.1850	30.2850	1863
2024-12-24 04:00:00	30.2900	30.3300	30.2600	30.3300	285
2024-12-24 12:00:00	30.2450	30.2950	30.1250	30.1500	3872
2024-12-24 16:00:00	30.1500	30.3000	30.1500	30.2300	3356
2024-12-26 04:00:00	30.3200	30.3200	30.1450	30.2050	1543
2024-12-26 08:00:00	30.2100	30.3700	30.1500	30.3100	2213
2024-12-26 12:00:00	30.3150	30.4850	30.2400	30.4300	9837
2024-12-26 16:00:00	30.4250	30.4400	30.1700	30.3750	7124
2024-12-26 20:00:00	30.3750	30.4550	30.3500	30.4050	1418
2024-12-27 00:00:00	30.4000	30.4650	30.3250	30.4450	1625
2024-12-27 04:00:00	30.4450	30.4500	30.3150	30.3150	2072
2024-12-27 08:00:00	30.3200	30.3200	30.0750	30.2150	4128
2024-12-27 12:00:00	30.2200	30.2450	29.8900	30.0250	13103
2024-12-27 16:00:00	30.0100	30.0650	29.9000	30.0500	6406
2024-12-27 20:00:00	30.0500	30.0500	29.9100	29.9750	1252
2024-12-29 20:00:00	29.9800	30.0550	29.9200	30.0200	421
2024-12-30 00:00:00	30.0250	30.0600	29.8950	30.0550	2167
2024-12-30 04:00:00	30.0550	30.1000	29.9150	30.0050	2041
2024-12-30 08:00:00	30.0000	30.0600	29.8500	30.0350	3363
2024-12-30 12:00:00	30.0350	30.0550	29.3350	29.3650	16298
2024-12-30 16:00:00	29.3650	29.4600	29.2750	29.4300	9021
2024-12-30 20:00:00	29.4250	29.4850	29.3400	29.3700	1757
2024-12-31 00:00:00	29.3750	29.4550	29.2800	29.3000	2780
2024-12-31 04:00:00	29.3000	29.4050	29.2300	29.3900	1978
2024-12-31 08:00:00	29.3850	29.4700	29.3500	29.3700	3063
2024-12-31 12:00:00	29.3650	29.4800	29.2000	29.3400	10288
2024-12-31 16:00:00	29.3400	29.3700	29.2050	29.2650	6648
2024-12-31 20:00:00	29.2600	29.3150	29.2600	29.2900	908
2025-01-02 04:00:00	29.7200	29.7900	29.6750	29.7200	2322
2025-01-02 08:00:00	29.7250	29.8600	29.5800	29.8200	4966
2025-01-02 12:00:00	29.8300	29.9700	29.5800	29.9000	15804
2025-01-02 16:00:00	29.8950	30.0400	29.8150	29.8600	10526
2025-01-02 20:00:00	29.8600	30.0150	29.8500	29.9550	1672
2025-01-03 00:00:00	29.9550	30.0800	29.9350	30.0300	2379
2025-01-03 04:00:00	30.0250	30.0850	29.9350	30.0550	1968
2025-01-03 08:00:00	30.0550	30.2550	30.0100	30.2450	4891
2025-01-03 12:00:00	30.2400	30.3800	30.1250	30.2300	13501
2025-01-03 16:00:00	30.2400	30.3100	30.0200	30.1100	7800
2025-01-03 20:00:00	30.1050	30.1200	30.0600	30.1000	1236
2025-01-05 20:00:00	30.0950	30.1400	30.0700	30.0950	346
2025-01-06 00:00:00	30.1000	30.2100	30.0550	30.0550	3255
2025-01-06 04:00:00	30.0550	30.1250	29.8750	30.0800	4104
2025-01-06 08:00:00	30.0750	30.9600	30.0500	30.8800	12629
2025-01-06 12:00:00	30.8800	30.9500	30.0950	30.6250	29213
2025-01-06 16:00:00	30.6300	30.7300	30.4400	30.4750	8666
2025-01-06 20:00:00	30.4700	30.5100	30.4100	30.4700	1171
2025-01-07 00:00:00	30.4650	30.6000	30.4100	30.5850	2642
2025-01-07 04:00:00	30.5900	30.7400	30.5500	30.7300	2625
2025-01-07 08:00:00	30.7300	30.8600	30.7200	30.8400	4458
2025-01-07 12:00:00	30.8450	31.0250	30.5750	30.6900	24469
2025-01-07 16:00:00	30.6900	30.7600	30.6100	30.7050	9599
2025-01-07 20:00:00	30.7050	30.7100	30.6300	30.6950	1493
2025-01-08 00:00:00	30.6950	30.7650	30.6100	30.6250	2078
2025-01-08 04:00:00	30.6200	30.7600	30.6000	30.6400	1890
2025-01-08 08:00:00	30.6450	30.8450	30.6300	30.7350	4520
2025-01-08 12:00:00	30.7300	31.0450	30.6100	30.8250	15861
2025-01-08 16:00:00	30.8200	30.9100	30.4550	30.7050	15304
2025-01-08 20:00:00	30.7100	30.7900	30.7000	30.7600	1582
2025-01-09 00:00:00	30.7650	30.8100	30.6500	30.7250	2573
2025-01-09 04:00:00	30.7250	30.8200	30.6800	30.7000	2106
2025-01-09 08:00:00	30.7000	31.0600	30.6850	31.0050	5712
2025-01-09 12:00:00	31.0100	31.2700	30.9600	31.0100	14796
2025-01-09 16:00:00	31.0100	31.0750	30.8150	30.9850	9755
2025-01-09 20:00:00	30.9850	31.0700	30.9800	31.0150	1163
2025-01-10 00:00:00	31.0100	31.1950	30.9950	31.1600	2389
2025-01-10 04:00:00	31.1650	31.2050	31.0250	31.0950	2243
2025-01-10 08:00:00	31.0900	31.2850	31.0850	31.2150	5185
2025-01-10 12:00:00	31.2150	31.8400	30.7000	31.3250	37861
2025-01-10 16:00:00	31.3250	31.4900	31.2050	31.3200	13774
2025-01-10 20:00:00	31.3200	31.3350	31.2500	31.3000	1463
2025-01-12 20:00:00	31.3050	31.3850	31.2650	31.3800	888
2025-01-13 00:00:00	31.3750	31.4650	31.1550	31.2100	3786
2025-01-13 04:00:00	31.2100	31.2850	31.0850	31.1850	2785
2025-01-13 08:00:00	31.1900	31.3150	30.6700	30.6900	10935
2025-01-13 12:00:00	30.6900	30.7200	30.2300	30.2650	27165
2025-01-13 16:00:00	30.2650	30.3900	30.2050	30.2850	11238
2025-01-13 20:00:00	30.2800	30.4100	30.2300	30.3250	1910
2025-01-14 00:00:00	30.3300	30.3500	30.2150	30.3050	3236
2025-01-14 04:00:00	30.3000	30.3800	30.2150	30.3600	2622
2025-01-14 08:00:00	30.3650	30.4800	30.1150	30.3700	5922
2025-01-14 12:00:00	30.3700	30.5750	30.2050	30.5300	14700
2025-01-14 16:00:00	30.5250	30.5800	30.3250	30.4550	11346
2025-01-14 20:00:00	30.4600	30.5650	30.4000	30.5150	1702
2025-01-15 00:00:00	30.5150	30.5250	30.3750	30.4550	2174
2025-01-15 04:00:00	30.4500	30.6300	30.3700	30.5850	2857
2025-01-15 08:00:00	30.5900	30.8000	30.5650	30.7400	4471
2025-01-15 12:00:00	30.7200	31.2450	30.5800	31.0550	21809
2025-01-15 16:00:00	31.0650	31.6250	31.0550	31.6050	15142
2025-01-15 20:00:00	31.6000	31.6500	31.5350	31.6000	2488
2025-01-16 00:00:00	31.5950	31.7850	31.5350	31.6450	4813
2025-01-16 04:00:00	31.6450	31.8950	31.5450	31.8700	4011
2025-01-16 08:00:00	31.8700	31.9850	31.7350	31.8550	6586
2025-01-16 12:00:00	31.8600	31.9000	31.6400	31.8100	18152
2025-01-16 16:00:00	31.8150	31.9050	31.6150	31.6550	10937
2025-01-16 20:00:00	31.6550	31.6550	31.4750	31.5350	1845
2025-01-17 00:00:00	31.5350	31.6400	31.5250	31.5850	2213
2025-01-17 04:00:00	31.5800	31.6100	31.3800	31.3900	2605
2025-01-17 08:00:00	31.3900	31.4500	31.1800	31.4050	5083
2025-01-17 12:00:00	31.4050	31.4650	30.9100	31.1250	24608
2025-01-17 16:00:00	31.1350	31.2900	30.9800	30.9900	9926
2025-01-17 20:00:00	30.9950	31.0450	30.9300	31.0450	2957
2025-01-19 20:00:00	31.0850	31.0850	30.9300	31.0250	616
2025-01-20 00:00:00	31.0150	31.1900	30.9100	31.1850	3035
2025-01-20 04:00:00	31.1800	31.2650	31.1550	31.2500	689
2025-01-21 04:00:00	31.4050	31.4500	31.2000	31.2550	2503
2025-01-21 08:00:00	31.2450	31.2500	30.9750	31.1650	5830
2025-01-21 12:00:00	31.1650	31.4250	31.1200	31.3600	12258
2025-01-21 16:00:00	31.3550	31.5650	31.3250	31.4900	9715
2025-01-21 20:00:00	31.4850	31.5750	31.4500	31.4700	2103
2025-01-22 00:00:00	31.4650	31.6100	31.4600	31.6000	3351
2025-01-22 04:00:00	31.6000	31.7100	31.4700	31.4900	4000
2025-01-22 08:00:00	31.4900	31.6550	31.4650	31.5050	4484
2025-01-22 12:00:00	31.5050	31.5850	31.1150	31.3000	18945
2025-01-22 16:00:00	31.3050	31.4800	31.2550	31.4350	8478
2025-01-22 20:00:00	31.4350	31.4600	31.2900	31.3200	1281
2025-01-23 00:00:00	31.3150	31.3950	31.1300	31.1350	4710
2025-01-23 04:00:00	31.1400	31.2650	31.0850	31.1650	2919
2025-01-23 08:00:00	31.1600	31.1850	30.9150	31.0400	5721
2025-01-23 12:00:00	31.0400	31.0800	30.4650	30.5200	30528
2025-01-23 16:00:00	30.5150	30.8750	30.4750	30.8250	18221
2025-01-23 20:00:00	30.8200	30.8750	30.7850	30.8500	1836
2025-01-24 00:00:00	30.8500	31.3000	30.8300	31.2500	5604
2025-01-24 04:00:00	31.2450	31.3550	31.1950	31.2700	4188
2025-01-24 08:00:00	31.2800	31.4150	31.2200	31.3550	4708
2025-01-24 12:00:00	31.3500	31.6850	31.1000	31.1850	23042
2025-01-24 16:00:00	31.1800	31.3650	31.1250	31.1800	7897
2025-01-24 20:00:00	31.1800	31.1850	31.0300	31.0500	2326
2025-01-26 20:00:00	30.9950	30.9950	30.7250	30.9200	1315
2025-01-27 00:00:00	30.9250	30.9800	30.5950	30.7550	5071
2025-01-27 04:00:00	30.7500	30.7550	30.5200	30.5300	4325
2025-01-27 08:00:00	30.5400	30.9700	30.4800	30.9600	6274
2025-01-27 12:00:00	30.9650	31.0050	30.5300	30.7500	13899
2025-01-27 16:00:00	30.7550	30.7650	30.0350	30.5300	18987
2025-01-27 20:00:00	30.5300	30.6200	30.5000	30.5750	1538
2025-01-28 00:00:00	30.5700	30.6300	30.4150	30.4400	2672
2025-01-28 04:00:00	30.4350	30.5550	30.3100	30.3150	2158
2025-01-28 08:00:00	30.3150	30.5950	30.2550	30.5500	4814
2025-01-28 12:00:00	30.5500	30.8650	30.4900	30.7850	14266
2025-01-28 16:00:00	30.7800	30.9600	30.6850	30.9500	9824
2025-01-28 20:00:00	30.9400	30.9600	30.8950	30.9050	2002
2025-01-29 00:00:00	30.9000	30.9550	30.8500	30.8650	1350
2025-01-29 04:00:00	30.8650	30.9500	30.7550	30.8400	1934
2025-01-29 08:00:00	30.8400	31.0500	30.8400	31.0200	4816
2025-01-29 12:00:00	31.0150	31.7650	30.9300	31.6900	27969
2025-01-29 16:00:00	31.6950	31.7300	31.2500	31.4950	18411
2025-01-29 20:00:00	31.4900	31.6350	31.4050	31.6300	4572
2025-01-30 00:00:00	31.6300	31.6850	31.5600	31.6650	1922
2025-01-30 04:00:00	31.6650	31.8800	31.5950	31.8800	3328
2025-01-30 08:00:00	31.8750	32.0900	31.8550	32.0050	7412
2025-01-30 12:00:00	32.0000	32.8000	31.9250	32.6800	27418
2025-01-30 16:00:00	32.6750	32.7400	32.3350	32.5350	17864
2025-01-30 20:00:00	32.5350	32.8350	32.4200	32.8200	6940
2025-01-31 00:00:00	32.8150	32.9200	32.5850	32.8350	5953
2025-01-31 04:00:00	32.8300	32.8300	32.6050	32.6950	4170
2025-01-31 08:00:00	32.6950	32.7750	32.5550	32.6600	5968
2025-01-31 12:00:00	32.6600	32.7650	32.4650	32.5400	17249
2025-01-31 16:00:00	32.5450	32.5800	32.1350	32.1850	25261
2025-01-31 20:00:00	32.1800	32.3150	32.1150	32.2350	3533
2025-02-02 20:00:00	32.4600	32.6050	31.9150	32.2900	7006
2025-02-03 00:00:00	32.2900	32.4150	31.6100	31.7250	11789
2025-02-03 04:00:00	31.7400	32.0550	31.7200	31.9250	5080
2025-02-03 08:00:00	31.9300	32.2550	31.8350	32.2150	6969
2025-02-03 12:00:00	32.2150	32.6850	32.0250	32.3050	24763
2025-02-03 16:00:00	32.3000	32.7450	32.2250	32.5950	17512
2025-02-03 20:00:00	32.5900	32.6100	32.4350	32.4550	1953
2025-02-04 00:00:00	32.4600	32.5600	32.3600	32.4250	2397
2025-02-04 04:00:00	32.4200	32.4450	32.2250	32.3900	3759
2025-02-04 08:00:00	32.3950	32.4950	32.2700	32.2950	5118
2025-02-04 12:00:00	32.3000	33.1950	32.2500	32.8150	29775
2025-02-04 16:00:00	32.8100	33.0750	32.7250	32.9400	15001
2025-02-04 20:00:00	32.9300	32.9450	32.8000	32.8000	2577
2025-02-05 00:00:00	32.8000	32.9300	32.6300	32.8900	13171
2025-02-05 04:00:00	32.8950	33.0250	32.8350	32.9900	3861
2025-02-05 08:00:00	32.9850	33.2150	32.8550	32.9400	7521
2025-02-05 12:00:00	32.9350	33.0950	32.6400	33.0600	20484
2025-02-05 16:00:00	33.0600	33.0900	32.7350	32.7850	17259
2025-02-05 20:00:00	32.7800	32.8150	32.6550	32.7750	2361
2025-02-06 00:00:00	32.7800	32.9150	32.6900	32.7300	3337
2025-02-06 04:00:00	32.7250	32.7650	32.4300	32.4350	6489
2025-02-06 08:00:00	32.4400	32.6400	32.3250	32.5450	7453
2025-02-06 12:00:00	32.5550	32.6600	32.1500	32.5550	24605
2025-02-06 16:00:00	32.5600	32.6950	32.5450	32.6300	9125
2025-02-06 20:00:00	32.6300	32.7050	32.6250	32.6800	1500
2025-02-07 00:00:00	32.6800	32.8650	32.6750	32.8100	2533
2025-02-07 04:00:00	32.8200	32.8200	32.6650	32.7550	2762
2025-02-07 08:00:00	32.7550	32.9050	32.6350	32.7500	6911
2025-02-07 12:00:00	32.7450	33.1650	32.4350	32.9600	27893
2025-02-07 16:00:00	32.9700	32.9700	32.2150	32.2600	31854
2025-02-07 20:00:00	32.2550	32.2750	32.1750	32.1850	3219
2025-02-09 20:00:00	32.1800	32.2350	32.0300	32.1800	1817
2025-02-10 00:00:00	32.1900	32.4300	32.1900	32.3950	4689
2025-02-10 04:00:00	32.3950	32.6200	32.3750	32.5850	3941
2025-02-10 08:00:00	32.5850	32.8050	32.5700	32.7300	7622
2025-02-10 12:00:00	32.7300	32.7600	32.3200	32.6650	16227
2025-02-10 16:00:00	32.6650	32.6950	32.3850	32.4950	15968
2025-02-10 20:00:00	32.4950	32.5250	32.4350	32.4650	1412
2025-02-11 00:00:00	32.4700	32.6600	32.0250	32.3100	10811
2025-02-11 04:00:00	32.3100	32.4100	32.1600	32.2250	3945
2025-02-11 08:00:00	32.2150	32.2800	32.0900	32.1750	5149
2025-02-11 12:00:00	32.1700	32.3850	31.6500	32.3500	26563
2025-02-11 16:00:00	32.3550	32.4050	32.2600	32.3100	14998
2025-02-11 20:00:00	32.3050	32.3100	32.2250	32.2800	1195
2025-02-12 00:00:00	32.2850	32.4150	32.1000	32.2700	4715
2025-02-12 04:00:00	32.2650	32.3150	32.1400	32.2950	3126
2025-02-12 08:00:00	32.2900	32.3100	32.0900	32.1650	4701
2025-02-12 12:00:00	32.1600	32.6800	31.8750	32.6750	26517
2025-02-12 16:00:00	32.6750	32.8700	32.5800	32.6800	20236
2025-02-12 20:00:00	32.6750	32.7600	32.6550	32.7400	1601
2025-02-13 00:00:00	32.7400	32.9000	32.6650	32.8600	4025
2025-02-13 04:00:00	32.8600	32.9800	32.8100	32.9050	3987
2025-02-13 08:00:00	32.9050	32.9450	32.7450	32.8150	4743
2025-02-13 12:00:00	32.8150	32.8950	32.4550	32.7100	19601
2025-02-13 16:00:00	32.7100	32.9150	32.6450	32.8900	16129
2025-02-13 20:00:00	32.8900	33.0600	32.8650	33.0150	3401
2025-02-14 00:00:00	33.0200	33.3300	32.9300	33.1800	9534
2025-02-14 04:00:00	33.1800	33.9250	33.1650	33.8350	11665
2025-02-14 08:00:00	33.8400	34.1650	33.7800	33.9350	11795
2025-02-14 12:00:00	33.9400	34.2400	33.1800	33.2600	44559
2025-02-14 16:00:00	33.2550	33.2750	32.6850	32.7400	23027
2025-02-14 20:00:00	32.7400	32.7550	32.5850	32.6550	3979
2025-02-16 20:00:00	32.6800	32.6900	32.4600	32.5600	2560
2025-02-17 00:00:00	32.5600	32.8850	32.4600	32.8550	5091
2025-02-17 04:00:00	32.8550	32.8700	32.7450	32.7850	669
2025-02-18 04:00:00	32.9550	33.0650	32.8250	32.9050	2994
2025-02-18 08:00:00	32.9050	33.0500	32.8450	33.0000	4473
2025-02-18 12:00:00	33.0050	33.2100	32.9000	33.1900	17623
2025-02-18 16:00:00	33.1900	33.4750	33.1700	33.4100	13843
2025-02-18 20:00:00	33.4100	33.4550	33.3800	33.4100	1918
2025-02-19 00:00:00	33.4200	33.4600	33.1350	33.2400	5406
2025-02-19 04:00:00	33.2400	33.4100	33.2050	33.3600	3758
2025-02-19 08:00:00	33.3500	33.6400	33.3500	33.4350	6658
2025-02-19 12:00:00	33.4400	33.5300	32.9100	32.9150	23888
2025-02-19 16:00:00	32.9200	33.2750	32.8850	33.2350	11423
2025-02-19 20:00:00	33.2250	33.2400	33.1250	33.1500	1730
2025-02-20 00:00:00	33.1550	33.3500	33.0850	33.3200	3127
2025-02-20 04:00:00	33.3250	33.5400	33.2650	33.4850	3623
2025-02-20 08:00:00	33.4850	33.7850	33.4800	33.6400	9617
2025-02-20 12:00:00	33.6450	33.7150	33.2650	33.4350	25220
2025-02-20 16:00:00	33.4400	33.5850	33.3050	33.4250	11983
2025-02-20 20:00:00	33.4200	33.4700	33.3150	33.4400	1853
2025-02-21 00:00:00	33.4350	33.5400	33.2600	33.3050	4669
2025-02-21 04:00:00	33.3050	33.4350	33.1600	33.3500	4269
2025-02-21 08:00:00	33.3500	33.4350	33.0850	33.3400	7130
2025-02-21 12:00:00	33.3400	33.4650	32.9050	32.9700	26370
2025-02-21 16:00:00	32.9700	33.1650	32.9100	32.9400	15947
2025-02-21 20:00:00	32.9350	32.9750	32.8100	32.8250	3180
2025-02-23 20:00:00	32.8550	33.0700	32.8450	32.9450	1627
2025-02-24 00:00:00	32.9400	33.1200	32.7550	33.0350	5898
2025-02-24 04:00:00	33.0450	33.0750	32.9150	32.9600	2958
2025-02-24 08:00:00	32.9600	33.0100	32.7700	32.8800	6470
2025-02-24 12:00:00	32.8750	33.1000	32.3950	32.5000	29701
2025-02-24 16:00:00	32.4950	32.7550	32.4900	32.6900	14768
2025-02-24 20:00:00	32.6900	32.7500	32.5900	32.6100	2369
2025-02-25 00:00:00	32.6200	32.7900	32.5800	32.7250	3288
2025-02-25 04:00:00	32.7250	32.7350	32.3000	32.3200	4322
2025-02-25 08:00:00	32.3300	32.6050	32.3300	32.5050	5369
2025-02-25 12:00:00	32.5100	32.5650	31.8050	31.8550	32510
2025-02-25 16:00:00	31.8600	31.9750	31.6000	31.9400	21816
2025-02-25 20:00:00	31.9300	32.1400	31.9150	32.1350	1893
2025-02-26 00:00:00	32.1400	32.1700	32.0250	32.1150	1986
2025-02-26 04:00:00	32.1250	32.1900	31.9650	32.1000	2426
2025-02-26 08:00:00	32.1000	32.2600	32.0250	32.0350	5173
2025-02-26 12:00:00	32.0400	32.2250	31.7900	32.1950	17542
2025-02-26 16:00:00	32.2050	32.3000	32.0750	32.1200	7018
2025-02-26 20:00:00	32.1200	32.2900	32.0850	32.2750	1560
2025-02-27 00:00:00	32.2000	32.2750	32.0100	32.0300	388
2025-02-27 04:00:00	32.0200	32.1550	31.8450	32.1150	1041
2025-02-27 08:00:00	32.0950	32.5200	31.9200	32.3700	16594
2025-02-27 12:00:00	32.3750	32.5550	31.5400	32.0150	29528
2025-02-27 16:00:00	32.0250	32.1500	31.5400	31.8900	11459
2025-02-27 20:00:00	31.8900	31.8950	31.4700	31.8100	3179
2025-02-28 00:00:00	31.8100	31.9300	31.4700	31.7750	5790
2025-02-28 04:00:00	31.7750	31.8150	31.3000	31.6350	6373
2025-02-28 08:00:00	31.6350	31.7450	31.2750	31.7300	6442
2025-02-28 12:00:00	31.7200	31.8100	31.0850	31.7200	21789
2025-02-28 16:00:00	31.7250	31.7750	31.2050	31.6250	10413
2025-02-28 20:00:00	31.6250	31.7400	31.3550	31.7050	2463
2025-03-02 20:00:00	31.7150	31.9250	31.4350	31.8800	1936
2025-03-03 00:00:00	31.8700	31.9700	31.5550	31.8350	5258
2025-03-03 04:00:00	31.8350	31.8600	31.3750	31.7150	2678
2025-03-03 08:00:00	31.4450	32.1200	31.4300	32.0600	7603
2025-03-03 12:00:00	32.0550	32.4900	31.7950	32.3900	25741
2025-03-03 16:00:00	32.3950	32.4400	31.7850	32.0900	61281
2025-03-03 20:00:00	32.0900	32.2800	31.7850	32.2300	4173
2025-03-04 00:00:00	32.2250	32.2750	31.8400	32.1900	4204
2025-03-04 04:00:00	32.1850	32.3500	31.9550	32.3050	2570
2025-03-04 08:00:00	32.3000	32.5600	32.0000	32.5150	7438
2025-03-04 12:00:00	32.5150	32.6100	31.7700	32.1100	18741
2025-03-04 16:00:00	32.1050	32.5750	31.8050	32.5450	12154
2025-03-04 20:00:00	32.5400	32.6600	32.2450	32.5400	4488
2025-03-05 00:00:00	32.5300	32.5950	32.1700	32.5550	4540
2025-03-05 04:00:00	32.5550	32.8950	32.3050	32.8450	5197
2025-03-05 08:00:00	32.8350	32.9800	32.6650	32.8550	6862
2025-03-05 12:00:00	32.8550	33.1100	32.2250	33.0300	28221
2025-03-05 16:00:00	33.0250	33.2800	32.7350	33.2650	15349
2025-03-05 20:00:00	33.2650	33.3100	32.9800	33.2300	2628
2025-03-06 00:00:00	33.2300	33.3350	33.1700	33.2050	4618
2025-03-06 04:00:00	33.2100	33.2650	32.9150	33.0950	3058
2025-03-06 08:00:00	33.1000	33.1850	32.7000	33.0400	9117
2025-03-06 12:00:00	33.0350	33.3800	32.6300	33.2550	18628
2025-03-06 16:00:00	33.2550	33.3600	32.8600	33.1900	12274
2025-03-06 20:00:00	33.1850	33.2500	32.9000	33.1800	2112
2025-03-07 00:00:00	33.1750	33.2600	33.0700	33.1700	4215
2025-03-07 04:00:00	33.1750	33.2550	33.1300	33.2200	2105
2025-03-07 08:00:00	33.2150	33.3100	32.9300	33.1150	4877
2025-03-07 12:00:00	33.1200	33.1750	32.4050	32.8400	29366
2025-03-07 16:00:00	32.8350	32.9450	32.5500	32.8600	14935
2025-03-07 20:00:00	32.8550	32.9650	32.8500	32.9150	2050
2025-03-09 20:00:00	32.9450	33.0450	32.8400	33.0050	1351
2025-03-10 00:00:00	33.0050	33.1500	32.8500	32.9000	4328
2025-03-10 04:00:00	32.9050	33.1450	32.7650	33.0600	3446
2025-03-10 08:00:00	33.0650	33.1250	32.7850	32.9300	5807
2025-03-10 12:00:00	32.9300	33.0200	32.4200	32.6300	18856
2025-03-10 16:00:00	32.6350	32.6600	32.1050	32.3850	15307
2025-03-10 20:00:00	32.3850	32.4850	32.3450	32.3900	1446
2025-03-11 00:00:00	32.3850	32.6000	32.2150	32.5700	4772
2025-03-11 04:00:00	32.5550	32.6750	32.2700	32.6600	3744
2025-03-11 08:00:00	32.6600	33.0200	32.6350	32.9950	7285
2025-03-11 12:00:00	32.9950	33.4000	32.6900	33.1800	27681
2025-03-11 16:00:00	33.1850	33.4450	32.9100	33.3850	11590
2025-03-11 20:00:00	33.3850	33.4250	33.1150	33.3450	1145
2025-03-12 00:00:00	33.3450	33.4000	33.2400	33.2850	3648
2025-03-12 04:00:00	33.2800	33.4100	33.1800	33.3900	4461
2025-03-12 08:00:00	33.3900	33.5800	33.3550	33.5350	6734
2025-03-12 12:00:00	33.5300	33.7900	33.1900	33.6500	28089
2025-03-12 16:00:00	33.6550	33.8150	33.4600	33.6700	10630
2025-03-12 20:00:00	33.6750	33.7850	33.4450	33.7750	1554
2025-03-13 00:00:00	33.7800	33.8450	33.6650	33.7400	4446
2025-03-13 04:00:00	33.7350	33.7700	33.4350	33.4650	4455
2025-03-13 08:00:00	33.4700	33.7650	33.3800	33.6950	5082
2025-03-13 12:00:00	33.6950	34.6800	33.3500	34.6100	36225
2025-03-13 16:00:00	34.6100	34.6500	34.1900	34.3800	20650
2025-03-13 20:00:00	34.3750	34.6000	34.2450	34.5400	1475
2025-03-14 00:00:00	34.5300	34.6350	34.2350	34.6350	4723
2025-03-14 04:00:00	34.6550	34.7250	34.4750	34.7000	5403
2025-03-14 08:00:00	34.7000	34.8500	34.5350	34.6400	9302
2025-03-14 12:00:00	34.6500	34.8600	34.0600	34.2400	26713
2025-03-14 16:00:00	34.2300	34.4650	34.0550	34.3100	9975
2025-03-14 20:00:00	34.3000	34.3700	34.2250	34.3650	857
2025-03-16 20:00:00	34.4100	34.4550	34.3500	34.3650	1170
2025-03-17 00:00:00	34.3650	34.4550	34.2900	34.3250	3811
2025-03-17 04:00:00	34.3300	34.4000	34.2550	34.2700	2710
2025-03-17 08:00:00	34.2800	34.4150	34.0600	34.3050	7866
2025-03-17 12:00:00	34.3000	34.3600	33.9550	34.2100	20816
2025-03-17 16:00:00	34.2100	34.4200	33.9650	34.4000	7246
2025-03-17 20:00:00	34.4050	34.4400	34.3250	34.3500	1097
2025-03-18 00:00:00	34.3500	34.6000	34.3450	34.5450	5172
2025-03-18 04:00:00	34.5600	34.6700	34.4850	34.5650	4578
2025-03-18 08:00:00	34.5600	34.8100	34.5000	34.7650	8533
2025-03-18 12:00:00	34.7700	35.0000	34.4050	34.6950	25749
2025-03-18 16:00:00	34.6950	34.8600	34.4400	34.6350	9186
2025-03-18 20:00:00	34.6350	34.6750	34.3950	34.6100	1890
2025-03-19 00:00:00	34.6050	34.7450	34.5350	34.7200	3046
2025-03-19 04:00:00	34.7000	34.7900	34.3300	34.4750	4132
2025-03-19 08:00:00	34.4800	34.6500	34.2700	34.6450	7087
2025-03-19 12:00:00	34.6500	34.6600	34.0050	34.2100	17853
2025-03-19 16:00:00	34.2100	34.6050	34.1400	34.4400	15780
2025-03-19 20:00:00	34.4350	34.5600	34.3450	34.5500	1440
2025-03-20 00:00:00	34.5500	34.5950	34.4000	34.4900	3901
2025-03-20 04:00:00	34.4850	34.5550	34.2100	34.2250	4224
2025-03-20 08:00:00	34.2300	34.2800	33.6150	33.9200	13356
2025-03-20 12:00:00	33.9100	34.1150	33.6900	33.9800	17937
2025-03-20 16:00:00	33.9750	34.0950	33.7500	34.0750	7574
2025-03-20 20:00:00	34.0700	34.1350	34.0700	34.1000	827
2025-03-21 00:00:00	34.1000	34.1100	33.7550	33.7700	4601
2025-03-21 04:00:00	33.7700	33.8250	33.5600	33.6100	7016
2025-03-21 08:00:00	33.6050	33.7650	33.4750	33.7400	6857
2025-03-21 12:00:00	33.7450	33.8150	33.1650	33.3950	24347
2025-03-21 16:00:00	33.3900	33.5500	33.2900	33.5050	8270
2025-03-21 20:00:00	33.5050	33.5650	33.5050	33.5350	1035
2025-03-23 20:00:00	33.5400	33.6550	33.5150	33.6250	1021
2025-03-24 00:00:00	33.6200	33.7200	33.5250	33.6600	3956
2025-03-24 04:00:00	33.6550	33.7700	33.6250	33.6350	2700
2025-03-24 08:00:00	33.6400	33.8050	33.6150	33.6200	4520
2025-03-24 12:00:00	33.6200	33.7800	33.4100	33.5250	12777
2025-03-24 16:00:00	33.5300	33.5900	33.3800	33.4800	6215
2025-03-24 20:00:00	33.4800	33.5550	33.4300	33.4450	717
2025-03-25 00:00:00	33.4500	33.6250	33.4350	33.6100	3001
2025-03-25 04:00:00	33.6150	33.7100	33.4600	33.5750	2938
2025-03-25 08:00:00	33.5750	34.0400	33.4900	33.9450	6285
2025-03-25 12:00:00	33.9450	34.3650	33.8950	34.2000	23970
2025-03-25 16:00:00	34.2050	34.2550	34.1300	34.1950	8397
2025-03-25 20:00:00	34.1950	34.3000	34.1800	34.2400	945
2025-03-26 00:00:00	34.2350	34.3450	34.1400	34.1450	4394
2025-03-26 04:00:00	34.1600	34.2950	34.0800	34.2700	3337
2025-03-26 08:00:00	34.2700	34.3450	34.1050	34.3300	4589
2025-03-26 12:00:00	34.3300	34.5000	34.0900	34.1900	20026
2025-03-26 16:00:00	34.1900	34.3100	33.9950	34.1150	8827
2025-03-26 20:00:00	34.1150	34.2400	34.1150	34.1750	967
2025-03-27 00:00:00	34.1750	34.3600	34.1750	34.3500	3515
2025-03-27 04:00:00	34.3450	34.3950	34.2600	34.3750	3864
2025-03-27 08:00:00	34.3800	34.8050	34.2750	34.8000	10836
2025-03-27 12:00:00	34.8050	35.2700	34.4350	35.0950	40942
2025-03-27 16:00:00	35.0950	35.4050	35.0150	35.3400	15952
2025-03-27 20:00:00	35.3400	35.4200	35.3000	35.3850	1687
2025-03-28 00:00:00	35.3750	35.4650	35.2300	35.3000	6469
2025-03-28 04:00:00	35.2850	35.4950	35.1950	35.3600	6066
2025-03-28 08:00:00	35.3550	35.4550	35.2250	35.3350	6135
2025-03-28 12:00:00	35.3350	35.4500	34.7050	34.9450	33095
2025-03-28 16:00:00	34.9400	34.9850	34.6450	34.7900	12983
2025-03-28 20:00:00	34.7850	34.8450	34.7700	34.8200	1022
2025-03-30 20:00:00	34.8250	35.0050	34.8200	34.9950	2275
2025-03-31 00:00:00	34.9950	35.0550	34.7250	34.9700	7670
2025-03-31 04:00:00	34.9700	35.1700	34.9400	35.1700	5141
2025-03-31 08:00:00	35.1650	35.2000	34.7700	34.9200	7319
2025-03-31 12:00:00	34.9150	34.9750	34.1650	34.5350	32215
2025-03-31 16:00:00	34.5400	34.8050	34.4850	34.7750	9279
2025-03-31 20:00:00	34.7700	34.8200	34.6450	34.7500	1862
2025-04-01 00:00:00	34.7550	34.9600	34.6900	34.9400	4617
2025-04-01 04:00:00	34.9150	34.9250	34.5500	34.6300	5591
2025-04-01 08:00:00	34.6350	34.8300	34.5500	34.6100	5857
2025-04-01 12:00:00	34.6100	34.7850	34.3400	34.3450	21180
2025-04-01 16:00:00	34.3450	34.3950	34.1600	34.3650	13721
2025-04-01 20:00:00	34.3750	34.4200	34.3350	34.3600	1265
2025-04-02 00:00:00	34.3600	34.5950	34.2900	34.5250	3473
2025-04-02 04:00:00	34.5350	34.5850	34.2950	34.4850	3454
2025-04-02 08:00:00	34.4900	34.8300	34.4300	34.6650	12177
2025-04-02 12:00:00	34.6650	34.7800	34.4300	34.6350	17715
2025-04-02 16:00:00	34.6400	34.8800	34.5250	34.6200	13197
2025-04-02 20:00:00	34.6200	35.1550	33.6500	34.1750	13081
2025-04-03 00:00:00	34.1700	34.2900	33.7100	33.8000	15100
2025-04-03 04:00:00	33.8150	33.8500	33.2000	33.4350	16317
2025-04-03 08:00:00	33.4400	33.4750	32.5550	32.6000	25072
2025-04-03 12:00:00	32.5950	32.6250	31.8500	32.0150	57587
2025-04-03 16:00:00	32.0100	32.1700	31.7300	31.7750	17884
2025-04-03 20:00:00	31.7800	32.0450	31.7750	31.9600	2067
2025-04-04 00:00:00	31.9650	32.0250	31.5050	31.5900	5683
2025-04-04 04:00:00	31.5900	31.8000	31.1900	31.2750	9554
2025-04-04 08:00:00	31.2750	31.5950	30.9050	31.2550	20453
2025-04-04 12:00:00	31.2600	31.2750	29.3800	29.7000	58905
2025-04-04 16:00:00	29.7000	29.8500	29.1150	29.6650	24885
2025-04-04 20:00:00	29.6700	29.6850	29.5150	29.5300	1305
2025-04-06 20:00:00	29.2300	29.2300	27.5450	28.5000	9021
2025-04-07 00:00:00	28.4950	30.7600	28.2800	29.8500	27399
2025-04-07 04:00:00	29.8450	30.1950	29.6150	29.9000	12276
2025-04-07 08:00:00	29.9000	30.5200	29.8650	30.1450	13175
2025-04-07 12:00:00	30.1500	30.6500	29.7500	29.9500	46699
2025-04-07 16:00:00	29.9500	29.9600	29.5350	29.8450	23591
2025-04-07 20:00:00	29.8450	30.1450	29.8000	30.0050	1004
2025-04-08 00:00:00	30.0100	30.1550	29.8100	30.0350	5263
2025-04-08 04:00:00	30.0250	30.2250	29.9250	30.0900	6060
2025-04-08 08:00:00	30.0800	30.3700	29.9900	30.3600	7397
2025-04-08 12:00:00	30.3600	30.5200	29.9500	29.9950	27128
2025-04-08 16:00:00	29.9850	30.0500	29.5600	29.7850	24124
2025-04-08 20:00:00	29.7850	29.8150	29.2650	29.4750	2570
2025-04-09 00:00:00	29.4850	29.8900	29.2550	29.7800	7680
2025-04-09 04:00:00	29.7500	30.4200	29.6550	30.3150	8761
2025-04-09 08:00:00	30.3250	30.6150	30.0500	30.5550	11529
2025-04-09 12:00:00	30.5500	30.6150	30.0750	30.2500	24190
2025-04-09 16:00:00	30.2550	31.0650	30.2300	30.8750	37243
2025-04-09 20:00:00	30.8750	31.0300	30.7700	30.8500	2051
2025-04-10 00:00:00	30.8600	31.1350	30.7350	31.1150	6839
2025-04-10 04:00:00	31.1200	31.2450	30.8350	30.8900	6529
2025-04-10 08:00:00	30.8950	30.9750	30.5950	30.8650	7599
2025-04-10 12:00:00	30.8600	31.1800	30.5100	30.7550	29917
2025-04-10 16:00:00	30.7550	31.1900	30.6000	31.0500	23752
2025-04-10 20:00:00	31.0500	31.2300	31.0250	31.1150	1641
2025-04-11 00:00:00	31.0900	31.3000	30.8650	31.2500	8287
2025-04-11 04:00:00	31.2550	31.4500	31.1050	31.3000	7317
2025-04-11 08:00:00	31.3100	31.4800	31.1350	31.4300	12090
2025-04-11 12:00:00	31.4250	32.2000	31.3300	32.0850	33988
2025-04-11 16:00:00	32.0950	32.2000	31.7250	32.0500	24755
2025-04-11 20:00:00	32.0550	32.2100	32.0350	32.2050	1313
2025-04-13 20:00:00	32.1950	32.2550	31.9150	32.0250	2242
2025-04-14 00:00:00	32.0250	32.0950	31.7700	31.8300	5648
2025-04-14 04:00:00	31.8300	32.2300	31.7650	32.1350	6928
2025-04-14 08:00:00	32.1350	32.3800	32.0350	32.2450	9974
2025-04-14 12:00:00	32.2500	32.3800	31.6550	31.9300	24529
2025-04-14 16:00:00	31.9300	32.3500	31.9200	32.2500	9598
2025-04-14 20:00:00	32.2550	32.3150	32.2050	32.2400	572
2025-04-15 00:00:00	32.2400	32.3150	32.1350	32.2600	3064
2025-04-15 04:00:00	32.2650	32.4250	32.1750	32.3800	4675
2025-04-15 08:00:00	32.3850	32.4050	32.2050	32.2500	4605
2025-04-15 12:00:00	32.2550	32.3850	32.0700	32.2000	17339
2025-04-15 16:00:00	32.2000	32.3550	32.1700	32.3150	7068
2025-04-15 20:00:00	32.3150	32.4000	32.2550	32.3900	1404
2025-04-16 00:00:00	32.3850	32.5350	32.2950	32.4000	7494
2025-04-16 04:00:00	32.4000	32.9250	32.3450	32.9000	8891
2025-04-16 08:00:00	32.9000	33.1750	32.8250	32.9650	12238
2025-04-16 12:00:00	32.9700	33.1100	32.6600	32.8850	19409
2025-04-16 16:00:00	32.8850	33.0000	32.7300	32.7500	11285
2025-04-16 20:00:00	32.7550	32.9250	32.7150	32.8300	1116
2025-04-17 00:00:00	32.8300	32.9150	32.1550	32.6300	9561
2025-04-17 04:00:00	32.6200	32.6300	32.2550	32.4500	5503
2025-04-17 08:00:00	32.4550	32.4900	32.2850	32.3850	4737
2025-04-17 12:00:00	32.3850	32.6650	32.1100	32.2900	20351
2025-04-17 16:00:00	32.2950	32.5450	32.2950	32.4800	7633
2025-04-17 20:00:00	32.4750	32.5500	32.4500	32.5450	685
2025-04-20 20:00:00	32.4400	32.5850	32.3850	32.5250	2399
2025-04-21 00:00:00	32.5150	32.8050	32.5150	32.7850	5503
2025-04-21 04:00:00	32.7850	32.9400	32.6150	32.6950	4516
2025-04-21 08:00:00	32.6950	33.0700	32.6750	33.0000	5536
2025-04-21 12:00:00	33.0050	33.1000	32.5350	32.7000	20093
2025-04-21 16:00:00	32.7050	32.7300	32.4200	32.6850	10603
2025-04-21 20:00:00	32.6900	32.7500	32.6150	32.7250	1154
2025-04-22 00:00:00	32.7150	32.8200	32.5100	32.8000	7937
2025-04-22 04:00:00	32.8000	32.8950	32.2550	32.5400	13749
2025-04-22 08:00:00	32.5450	32.7600	32.2950	32.7150	9852
2025-04-22 12:00:00	32.7100	33.0700	32.4850	32.9700	31961
2025-04-22 16:00:00	32.9700	33.1700	32.4700	32.4850	23084
2025-04-22 20:00:00	32.4850	32.5900	32.0500	32.4750	3010
2025-04-23 00:00:00	32.4750	32.8750	32.4650	32.7000	7079
2025-04-23 04:00:00	32.7050	32.8550	32.5950	32.8400	4858
2025-04-23 08:00:00	32.8450	33.0450	32.8100	32.8600	9875
2025-04-23 12:00:00	32.8650	33.6750	32.6550	33.5150	45286
2025-04-23 16:00:00	33.5200	33.6550	33.4550	33.6050	13508
2025-04-23 20:00:00	33.6050	33.6350	33.5200	33.6150	1441
2025-04-24 00:00:00	33.6100	33.6700	33.3150	33.3350	6494
2025-04-24 04:00:00	33.3400	33.4650	33.2650	33.3400	5514
2025-04-24 08:00:00	33.3250	33.5100	33.2700	33.4700	7380
2025-04-24 12:00:00	33.4850	33.5400	33.1350	33.4450	21444
2025-04-24 16:00:00	33.4500	33.6000	33.4250	33.5700	10298
2025-04-24 20:00:00	33.5650	33.6900	33.5350	33.5900	788
2025-04-25 00:00:00	33.5900	33.6550	33.3850	33.4300	2997
2025-04-25 04:00:00	33.4100	33.4700	33.2100	33.3250	5701
2025-04-25 08:00:00	33.3200	33.4200	33.0300	33.2000	9577
2025-04-25 12:00:00	33.1950	33.3250	32.7150	32.9050	21978
2025-04-25 16:00:00	32.9100	33.0300	32.8350	32.9700	9427
2025-04-25 20:00:00	32.9700	33.0300	32.9650	33.0200	1025
2025-04-27 20:00:00	33.0250	33.1650	32.8450	32.8550	1267
2025-04-28 00:00:00	32.8550	32.9650	32.5850	32.7600	2408
2025-04-28 04:00:00	32.7700	32.9400	32.6800	32.8900	3008
2025-04-28 08:00:00	32.8900	33.0450	32.7550	32.9950	7546
2025-04-28 12:00:00	33.0000	33.1000	32.7150	32.9950	16273
2025-04-28 16:00:00	32.9850	33.1350	32.9650	33.1150	7004
2025-04-28 20:00:00	33.1150	33.1400	33.0150	33.0400	75
2025-04-29 00:00:00	33.0200	33.1800	32.8700	32.8850	614
2025-04-29 04:00:00	32.8900	33.5300	32.8200	33.5150	8488
2025-04-29 08:00:00	33.5200	33.6800	33.1500	33.4950	7206
2025-04-29 12:00:00	33.4950	33.8350	32.9850	33.4700	25170
2025-04-29 16:00:00	33.4750	33.5900	32.9400	33.1250	9255
2025-04-29 20:00:00	33.1300	33.2450	32.8800	33.1950	1234
2025-04-30 00:00:00	33.1950	33.3450	32.8550	33.1350	3038
2025-04-30 04:00:00	33.1100	33.1950	32.7550	32.8800	5933
2025-04-30 08:00:00	32.8800	32.9000	32.1350	32.4250	11916
2025-04-30 12:00:00	32.4250	32.9950	32.1950	32.9450	21483
2025-04-30 16:00:00	32.9500	32.9700	32.5100	32.7550	6561
2025-04-30 20:00:00	32.7550	32.8550	32.5050	32.8250	770
2025-05-01 00:00:00	32.8150	32.8650	32.1150	32.2500	5523
2025-05-01 04:00:00	32.2400	32.3750	31.9550	32.3200	3454
2025-05-01 08:00:00	32.3200	32.5000	31.7450	31.9150	7065
2025-05-01 12:00:00	31.9100	32.7500	31.6850	32.4900	17779
2025-05-01 16:00:00	32.4900	32.6600	32.1600	32.5800	6763
2025-05-01 20:00:00	32.5850	32.6850	32.3850	32.6700	648
2025-05-02 00:00:00	32.6650	32.9750	32.6100	32.9550	3082
2025-05-02 04:00:00	32.9500	32.9550	32.5600	32.7600	2739
2025-05-02 08:00:00	32.7650	32.7950	32.4750	32.5100	5364
2025-05-02 12:00:00	32.4950	32.8450	32.0900	32.2150	19760
2025-05-02 16:00:00	32.2150	32.3300	31.9100	32.2000	6875
2025-05-02 20:00:00	32.1950	32.2450	32.1800	32.1800	613
2025-05-04 20:00:00	32.2500	32.2700	31.9150	32.2250	913
2025-05-05 00:00:00	32.2300	32.3750	31.9550	32.3200	2665
2025-05-05 04:00:00	32.3250	32.6600	32.3100	32.5200	2871
2025-05-05 08:00:00	32.5250	32.6900	32.3300	32.5900	3638
2025-05-05 12:00:00	32.5950	32.8800	32.1300	32.4400	13765
2025-05-05 16:00:00	32.4400	32.6850	32.1050	32.6050	7659
2025-05-05 20:00:00	32.6100	32.7100	32.5850	32.7050	784
2025-05-06 00:00:00	32.7000	33.3300	32.6500	33.3200	12330
2025-05-06 04:00:00	33.3150	33.3750	32.9900	33.2500	5907
2025-05-06 08:00:00	33.2550	33.3150	32.9400	33.2800	6578
2025-05-06 12:00:00	33.2700	33.4600	32.9950	33.2400	18430
2025-05-06 16:00:00	33.2400	33.4700	33.0750	33.4550	9349
2025-05-06 20:00:00	33.4500	33.4800	33.2800	33.3950	1460
2025-05-07 00:00:00	33.3900	33.3950	33.0450	33.1750	5018
2025-05-07 04:00:00	33.1800	33.3050	33.1750	33.2200	2628
2025-05-07 08:00:00	33.2250	33.2300	32.9300	33.1150	6531
2025-05-07 12:00:00	33.1150	33.1850	32.5100	32.8150	16092
2025-05-07 16:00:00	32.8150	32.8600	32.1950	32.5850	15425
2025-05-07 20:00:00	32.5850	32.6250	32.5400	32.6200	908
2025-05-08 00:00:00	32.6250	33.0900	32.5950	33.0200	6362
2025-05-08 04:00:00	33.0200	33.0950	32.3700	32.5250	10588
2025-05-08 08:00:00	32.5300	32.6900	32.2750	32.5500	7422
2025-05-08 12:00:00	32.5600	32.9200	32.4200	32.7850	12738
2025-05-08 16:00:00	32.7850	32.7850	32.3050	32.5400	9201
2025-05-08 20:00:00	32.5400	32.6700	32.3350	32.5850	757
2025-05-09 00:00:00	32.5850	32.6800	32.3600	32.5700	4400
2025-05-09 04:00:00	32.5850	32.8900	32.5850	32.8350	4727
2025-05-09 08:00:00	32.8300	32.8300	32.5850	32.7250	3541
2025-05-09 12:00:00	32.7200	32.9950	32.6950	32.9850	10956
2025-05-09 16:00:00	32.9850	33.0400	32.7150	32.9300	6685
2025-05-09 20:00:00	32.9200	32.9500	32.8800	32.8800	803
2025-05-11 20:00:00	32.6000	32.8350	32.5100	32.8150	1439
2025-05-12 00:00:00	32.8200	33.0200	32.6400	33.0150	4807
2025-05-12 04:00:00	33.0100	33.2000	32.0750	32.2000	14651
2025-05-12 08:00:00	32.2100	32.5750	32.0450	32.4800	11067
2025-05-12 12:00:00	32.4850	32.9350	32.3000	32.7350	19534
2025-05-12 16:00:00	32.7400	32.7850	32.5400	32.7600	8223
2025-05-12 20:00:00	32.7650	32.8150	32.7400	32.7700	447
2025-05-13 00:00:00	32.7700	33.1750	32.7200	33.1550	5179
2025-05-13 04:00:00	33.1550	33.4350	33.1250	33.3850	8378
2025-05-13 08:00:00	33.3900	33.4100	33.0200	33.0500	5120
2025-05-13 12:00:00	33.0400	33.1600	32.6800	33.1300	21232
2025-05-13 16:00:00	33.1300	33.1800	33.0050	33.1150	6654
2025-05-13 20:00:00	33.1150	33.1500	33.0750	33.1250	731
2025-05-14 00:00:00	33.1300	33.1300	32.7550	32.7900	3681
2025-05-14 04:00:00	32.7950	33.0800	32.7300	33.0650	5083
2025-05-14 08:00:00	33.0650	33.1050	32.9300	33.0400	4646
2025-05-14 12:00:00	33.0400	33.1000	32.2650	32.4500	25382
2025-05-14 16:00:00	32.4500	32.4850	32.2550	32.3150	6678
2025-05-14 20:00:00	32.3200	32.4050	32.3100	32.3550	541
2025-05-15 00:00:00	32.3650	32.4250	31.9150	31.9850	5601
2025-05-15 04:00:00	31.9900	32.1200	31.7800	31.9100	9072
2025-05-15 08:00:00	31.9100	32.3650	31.8600	32.3350	6988
2025-05-15 12:00:00	32.3300	32.6900	32.2300	32.6900	14001
2025-05-15 16:00:00	32.6900	32.7500	32.6000	32.7350	6556
2025-05-15 20:00:00	32.7300	32.8650	32.7250	32.8000	1792
2025-05-16 00:00:00	32.8050	32.8400	32.5100	32.5500	3869
2025-05-16 04:00:00	32.5400	32.6250	32.4200	32.4350	3556
2025-05-16 08:00:00	32.4400	32.4450	32.0250	32.0950	8019
2025-05-16 12:00:00	32.0950	32.4600	31.9800	32.3500	17607
2025-05-16 16:00:00	32.3450	32.4200	32.3150	32.4000	5145
2025-05-16 20:00:00	32.3950	32.4550	32.3900	32.4300	756
2025-05-18 20:00:00	32.5500	32.6950	32.4350	32.6350	1776
2025-05-19 00:00:00	32.6350	32.7300	32.4400	32.4650	3977
2025-05-19 04:00:00	32.4450	32.6800	32.4250	32.6200	4096
2025-05-19 08:00:00	32.6300	32.7850	32.5900	32.7700	7925
2025-05-19 12:00:00	32.7700	32.7950	32.3800	32.5550	10848
2025-05-19 16:00:00	32.5550	32.5750	32.4500	32.5050	4102
2025-05-19 20:00:00	32.5050	32.5350	32.4750	32.5050	717
2025-05-20 00:00:00	32.5100	32.5400	32.3000	32.3100	3082
2025-05-20 04:00:00	32.3150	32.4400	32.2350	32.4000	4169
2025-05-20 08:00:00	32.3950	32.7450	32.3550	32.7000	5499
2025-05-20 12:00:00	32.7050	33.0900	32.5750	33.0200	24603
2025-05-20 16:00:00	33.0200	33.3000	32.9950	33.2950	10892
2025-05-20 20:00:00	33.2900	33.3500	33.2450	33.2850	1544
2025-05-21 00:00:00	33.2850	33.3650	33.1250	33.2550	7499
2025-05-21 04:00:00	33.2550	33.3800	33.2150	33.3600	5284
2025-05-21 08:00:00	33.3750	33.4000	33.2700	33.3050	5367
2025-05-21 12:00:00	33.3050	33.7250	33.1600	33.5950	22365
2025-05-21 16:00:00	33.5950	33.7800	33.4000	33.7450	14458
2025-05-21 20:00:00	33.7450	33.7650	33.5700	33.6500	2190
2025-05-22 00:00:00	33.6500	33.8350	33.5900	33.8000	5667
2025-05-22 04:00:00	33.8050	33.9150	33.6400	33.6650	7598
2025-05-22 08:00:00	33.6600	33.6650	32.7400	32.9850	18956
2025-05-22 12:00:00	32.9850	33.3600	32.8450	33.1650	24416
2025-05-22 16:00:00	33.1650	33.2600	33.1400	33.1650	7231
2025-05-22 20:00:00	33.1650	33.2100	33.1500	33.1850	603
2025-05-23 00:00:00	33.1850	33.3050	33.1600	33.2950	2774
2025-05-23 04:00:00	33.2900	33.4750	33.2900	33.4100	4604
2025-05-23 08:00:00	33.4100	33.4500	33.1200	33.2300	7111
2025-05-23 12:00:00	33.2300	33.5300	33.0200	33.4750	19456
2025-05-23 16:00:00	33.4750	33.6950	33.4350	33.6400	9511
2025-05-23 20:00:00	33.6400	33.6950	33.6300	33.6400	933
2025-05-25 20:00:00	33.6100	33.7300	33.5600	33.5900	1192
2025-05-26 00:00:00	33.6000	33.7450	33.5150	33.6500	3598
2025-05-26 04:00:00	33.6350	33.7300	33.5350	33.6750	2692
2025-05-26 08:00:00	33.6850	33.7100	33.4450	33.5350	2846
2025-05-26 12:00:00	33.5350	33.5850	33.4600	33.5250	3057
2025-05-26 16:00:00	33.5300	33.6600	33.5200	33.6450	996
2025-05-26 20:00:00	33.6500	33.6650	33.5600	33.5800	418
2025-05-27 00:00:00	33.5700	33.6950	33.4450	33.4750	2544
2025-05-27 04:00:00	33.4750	33.5150	33.1000	33.1200	9173
2025-05-27 08:00:00	33.1200	33.3050	32.9650	32.9700	7023
2025-05-27 12:00:00	32.9750	33.2800	32.8800	33.2100	17135
2025-05-27 16:00:00	33.2150	33.3900	33.1950	33.3700	8399
2025-05-27 20:00:00	33.3700	33.4150	33.3450	33.3950	876
2025-05-28 00:00:00	33.3950	33.4700	33.3300	33.3950	3900
2025-05-28 04:00:00	33.4000	33.5100	33.2600	33.4950	6774
2025-05-28 08:00:00	33.5050	33.5800	33.3100	33.3900	8435
2025-05-28 12:00:00	33.3900	33.4150	33.1150	33.1350	13178
2025-05-28 16:00:00	33.1400	33.1800	33.0800	33.0850	6497
2025-05-28 20:00:00	33.0900	33.1600	32.8000	32.9850	3664
2025-05-29 00:00:00	32.9850	33.3350	32.9250	33.3100	6953
2025-05-29 04:00:00	33.3050	33.4850	33.2600	33.4650	6049
2025-05-29 08:00:00	33.4700	33.6200	33.3550	33.5650	7573
2025-05-29 12:00:00	33.5700	33.6550	33.1900	33.3850	19484
2025-05-29 16:00:00	33.3900	33.4800	33.3600	33.4650	5920
2025-05-29 20:00:00	33.4650	33.4850	33.3700	33.3850	763
2025-05-30 00:00:00	33.3800	33.4050	33.0650	33.0800	3714
2025-05-30 04:00:00	33.0700	33.2800	33.0450	33.2650	4069
2025-05-30 08:00:00	33.2600	33.3350	33.1350	33.2450	4947
2025-05-30 12:00:00	33.2500	33.4400	32.9800	33.0450	17550
2025-05-30 16:00:00	33.0500	33.1100	32.8650	33.0750	9101
2025-05-30 20:00:00	33.0800	33.0900	33.0290	33.0750	729
2025-06-01 20:00:00	33.1300	33.2750	33.0950	33.2150	1758
2025-06-02 00:00:00	33.2150	33.2700	33.0750	33.1450	2863
2025-06-02 04:00:00	33.1450	33.7250	33.1450	33.5650	9321
2025-06-02 08:00:00	33.5650	33.6550	33.3200	33.4100	7147
2025-06-02 12:00:00	33.4100	34.6450	33.4000	34.6050	47143
2025-06-02 16:00:00	34.6100	34.9100	34.5050	34.9050	17242
2025-06-02 20:00:00	34.9000	34.9450	34.8100	34.9000	2543
2025-06-03 00:00:00	34.8950	34.9200	34.1650	34.2450	18189
2025-06-03 04:00:00	34.2400	34.4100	34.2050	34.4100	9097
2025-06-03 08:00:00	34.4100	34.4750	34.3400	34.4600	6524
2025-06-03 12:00:00	34.4550	34.6900	34.3300	34.5900	27647
2025-06-03 16:00:00	34.5900	34.7450	34.5300	34.7200	9840
2025-06-03 20:00:00	34.7150	34.7450	34.6600	34.7400	1004
2025-06-04 00:00:00	34.7400	34.8250	34.6400	34.6550	6333
2025-06-04 04:00:00	34.6650	34.7400	34.5650	34.5850	4266
2025-06-04 08:00:00	34.5800	34.7300	34.3550	34.5300	8805
2025-06-04 12:00:00	34.5300	34.7350	34.3900	34.5700	19621
2025-06-04 16:00:00	34.5750	34.7100	34.5500	34.6300	8816
2025-06-04 20:00:00	34.6250	34.6900	34.6050	34.6450	465
2025-06-05 00:00:00	34.6500	34.7700	34.6000	34.6750	2953
2025-06-05 04:00:00	34.6800	34.8150	34.6100	34.8050	4578
2025-06-05 08:00:00	34.8100	36.1500	34.7950	35.9100	35154
2025-06-05 12:00:00	35.9150	36.2700	35.4600	35.5650	51372
2025-06-05 16:00:00	35.5650	35.8450	35.4800	35.8400	15371
2025-06-05 20:00:00	35.8350	35.9250	35.7550	35.8900	1540
2025-06-06 00:00:00	35.8900	36.2600	35.8750	36.2200	7418
2025-06-06 04:00:00	36.2200	36.3950	36.0950	36.3350	11278
2025-06-06 08:00:00	36.3300	36.4350	36.1500	36.2500	8983
2025-06-06 12:00:00	36.2550	36.5100	35.9700	36.2250	37235
2025-06-06 16:00:00	36.2200	36.2550	36.0550	36.1100	14216
2025-06-06 20:00:00	36.1100	36.1600	36.0750	36.1300	952
2025-06-08 20:00:00	36.1650	36.2500	36.1050	36.2000	1472
2025-06-09 00:00:00	36.1950	36.2350	36.0550	36.1550	4502
2025-06-09 04:00:00	36.1550	36.6000	36.1350	36.4550	10466
2025-06-09 08:00:00	36.4650	36.6050	36.3050	36.5100	8305
2025-06-09 12:00:00	36.5100	36.8500	36.3950	36.7750	28728
2025-06-09 16:00:00	36.7700	37.0300	36.7400	36.8750	20908
2025-06-09 20:00:00	36.8750	36.9750	36.7960	36.9450	721
2025-06-10 00:00:00	36.9450	36.9450	36.4250	36.6600	10033
2025-06-10 04:00:00	36.6650	36.7500	36.5400	36.6100	6657
2025-06-10 08:00:00	36.6200	36.9600	36.6050	36.8700	7955
2025-06-10 12:00:00	36.8700	36.9200	36.4700	36.5600	22919
2025-06-10 16:00:00	36.5600	36.7550	36.5450	36.6950	12656
2025-06-10 20:00:00	36.6900	36.7250	36.6150	36.6950	1355
2025-06-11 00:00:00	36.7000	36.7900	36.6450	36.7500	3143
2025-06-11 04:00:00	36.7500	36.7800	36.5200	36.7200	6626
2025-06-11 08:00:00	36.7100	36.7250	36.1500	36.3900	12517
2025-06-11 12:00:00	36.3900	36.7050	36.1500	36.3800	29756
2025-06-11 16:00:00	36.3800	36.4000	36.1550	36.3350	19596
2025-06-11 20:00:00	36.3350	36.5050	36.3250	36.4850	1811
2025-06-12 00:00:00	36.4850	36.5600	36.4000	36.5100	3893
2025-06-12 04:00:00	36.5150	36.5850	35.5800	35.8650	14850
2025-06-12 08:00:00	35.8700	36.4100	35.8200	36.3500	15188
2025-06-12 12:00:00	36.3500	36.4900	36.1550	36.3700	22914
2025-06-12 16:00:00	36.3700	36.4350	36.2650	36.4250	13250
2025-06-12 20:00:00	36.4400	36.4650	36.3750	36.4650	1427
2025-06-13 00:00:00	36.4650	36.7700	36.0400	36.3650	15004
2025-06-13 04:00:00	36.3450	36.4750	36.0500	36.3400	7899
2025-06-13 08:00:00	36.3300	36.5100	36.1400	36.3050	9259
2025-06-13 12:00:00	36.3100	36.4350	36.1500	36.2700	15932
2025-06-13 16:00:00	36.2700	36.4050	36.2250	36.3200	7495
2025-06-13 20:00:00	36.3350	36.4150	36.2900	36.3700	884
2025-06-15 20:00:00	36.4500	36.4850	36.1250	36.3750	2917
2025-06-16 00:00:00	36.3700	36.4550	36.1750	36.2800	5466
2025-06-16 04:00:00	36.2750	36.6450	36.2450	36.5300	8544
2025-06-16 08:00:00	36.5350	36.5550	36.3500	36.3900	4751
2025-06-16 12:00:00	36.3950	36.5950	36.2500	36.4600	19979
2025-06-16 16:00:00	36.4650	36.4800	36.3300	36.3700	6075
2025-06-16 20:00:00	36.3700	36.4450	36.3350	36.3700	1047
2025-06-17 00:00:00	36.3650	36.5250	36.1700	36.2900	4738
2025-06-17 04:00:00	36.3200	36.5800	36.3200	36.5450	5921
2025-06-17 08:00:00	36.5450	37.3300	36.4300	37.0900	21220
2025-06-17 12:00:00	37.1000	37.3300	36.8000	37.2600	34816
2025-06-17 16:00:00	37.2650	37.3250	37.0600	37.1650	11182
2025-06-17 20:00:00	37.1700	37.2250	37.1510	37.1800	928
2025-06-18 00:00:00	37.1800	37.3600	37.1200	37.3400	5245
2025-06-18 04:00:00	37.3400	37.4050	37.1850	37.3050	7554
2025-06-18 08:00:00	37.2950	37.3700	37.1650	37.2000	5194
2025-06-18 12:00:00	37.2000	37.2350	36.6850	36.9500	25247
2025-06-18 16:00:00	36.9500	37.0200	36.5400	36.6400	13131
2025-06-18 20:00:00	36.6250	36.7950	36.6000	36.7700	2248
2025-06-19 00:00:00	36.7800	36.8200	36.6350	36.7900	2441
2025-06-19 04:00:00	36.7950	36.8100	36.2300	36.2800	9921
2025-06-19 08:00:00	36.2850	36.4250	36.1700	36.3450	5941
2025-06-19 12:00:00	36.3450	36.4150	36.1650	36.3600	10298
2025-06-19 16:00:00	36.3650	36.3850	36.3250	36.3600	1801
2025-06-19 20:00:00	36.3500	36.4000	36.3350	36.3650	31877
2025-06-20 00:00:00	36.3700	36.3850	35.6650	35.8200	12878
2025-06-20 04:00:00	35.8100	35.8900	35.5150	35.8750	10975
2025-06-20 08:00:00	35.8850	36.1600	35.8650	35.9750	9913
2025-06-20 12:00:00	35.9750	36.0750	35.8100	35.9350	18630
2025-06-20 16:00:00	35.9400	36.0500	35.9050	35.9800	8648
2025-06-20 20:00:00	35.9750	35.9950	35.9400	35.9500	607
2025-06-22 20:00:00	36.0000	36.0750	35.7750	36.0500	2432
2025-06-23 00:00:00	36.0400	36.1100	35.8650	36.0650	5352
2025-06-23 04:00:00	36.0700	36.1300	35.9200	36.1050	6138
2025-06-23 08:00:00	36.1000	36.2150	36.0550	36.1650	13574
2025-06-23 12:00:00	36.1600	36.3150	35.8950	36.2550	27727
2025-06-23 16:00:00	36.2550	36.3000	36.1250	36.2050	15794
2025-06-23 20:00:00	36.2100	36.2250	35.5550	35.8400	2197
2025-06-24 00:00:00	35.8450	36.1650	35.7750	36.0900	4505
2025-06-24 04:00:00	36.1000	36.1500	35.8900	36.0650	8735
2025-06-24 08:00:00	36.0650	36.1350	36.0000	36.1150	7170
2025-06-24 12:00:00	36.1050	36.1150	35.1950	35.6500	41905
2025-06-24 16:00:00	35.6500	35.8650	35.6250	35.8500	9551
2025-06-24 20:00:00	35.8550	35.9100	35.8400	35.8900	849
2025-06-25 00:00:00	35.8850	35.9400	35.8550	35.8750	2726
2025-06-25 04:00:00	35.8700	36.0100	35.8550	35.9550	3475
2025-06-25 08:00:00	35.9500	35.9600	35.6300	35.7100	7358
2025-06-25 12:00:00	35.7100	35.9700	35.6500	35.9450	16503
2025-06-25 16:00:00	35.9500	36.2750	35.9500	36.2700	15462
2025-06-25 20:00:00	36.2700	36.3000	36.1900	36.2950	2059
2025-06-26 00:00:00	36.2800	36.3600	36.1850	36.3600	2504
2025-06-26 04:00:00	36.3500	36.3800	36.2150	36.3600	3449
2025-06-26 08:00:00	36.3550	36.7600	36.3000	36.5300	10843
2025-06-26 12:00:00	36.5350	36.5900	36.1650	36.5450	16912
2025-06-26 16:00:00	36.5500	36.6000	36.4600	36.5800	4854
2025-06-26 20:00:00	36.5750	36.5900	36.5050	36.5050	413
2025-06-27 00:00:00	36.5400	36.6400	36.3250	36.3250	833
2025-06-27 04:00:00	36.3250	36.5250	35.9700	36.2800	17559
2025-06-27 08:00:00	36.2900	36.3800	35.6350	36.2350	14321
2025-06-27 12:00:00	35.8950	36.3850	35.7600	36.3250	21809
2025-06-27 16:00:00	36.3250	36.4100	36.0800	36.1050	9392
2025-06-27 20:00:00	36.1050	36.1900	36.0700	36.1650	1501
2025-06-29 20:00:00	36.1500	36.2700	35.5850	35.9400	4945
2025-06-30 00:00:00	35.9350	36.3650	35.9350	36.3000	4798
2025-06-30 04:00:00	36.3000	36.4600	36.2900	36.3400	3912
2025-06-30 08:00:00	36.3350	36.4150	36.0200	36.1250	4708
2025-06-30 12:00:00	36.1250	36.3050	36.1050	36.1800	13480
2025-06-30 16:00:00	36.1800	36.3500	36.1450	36.3250	9330
2025-06-30 20:00:00	36.3200	36.3750	36.2900	36.3700	1059
2025-07-01 00:00:00	36.3750	36.4100	36.0550	36.2600	6254
2025-07-01 04:00:00	36.2650	36.7650	36.2650	36.4800	10606
2025-07-01 08:00:00	36.4800	36.8750	36.4500	36.6650	9627
2025-07-01 12:00:00	36.6650	36.8000	36.3050	36.4300	17282
2025-07-01 16:00:00	36.4300	36.4850	36.2200	36.2300	7324
2025-07-01 20:00:00	36.2300	36.3150	36.1650	36.2750	1186
2025-07-02 00:00:00	36.2700	36.3850	36.1200	36.1950	3742
2025-07-02 04:00:00	36.2100	36.3600	36.0550	36.2800	5014
2025-07-02 08:00:00	36.2750	36.5900	36.2100	36.4500	7100
2025-07-02 12:00:00	36.4550	36.6950	36.3600	36.6750	13961
2025-07-02 16:00:00	36.6750	36.8150	36.6600	36.8050	8366
2025-07-02 20:00:00	36.8050	36.8300	36.6450	36.6700	1813
2025-07-03 00:00:00	36.6700	36.7050	36.5700	36.6000	2613
2025-07-03 12:00:00	36.8450	37.1450	36.7250	37.0400	14079
2025-07-03 16:00:00	37.0250	37.1500	36.9700	37.0840	1567
2025-07-04 04:00:00	37.0840	37.1300	36.8550	37.0350	6757
2025-07-04 08:00:00	37.0350	37.1300	36.9650	37.0650	2527
2025-07-04 12:00:00	37.0800	37.1700	36.9700	37.1200	3723
2025-07-04 16:00:00	37.1150	37.1550	37.1050	37.1350	595
2025-07-06 20:00:00	37.1500	37.4350	37.1250	37.2350	2709
2025-07-07 00:00:00	37.2400	37.2450	36.8650	36.9750	5750
2025-07-07 04:00:00	36.9550	37.0150	36.5200	36.6650	10221
2025-07-07 08:00:00	36.6650	36.8050	36.3250	36.4100	10798
2025-07-07 12:00:00	36.4050	36.8750	36.3650	36.8750	15307
2025-07-07 16:00:00	36.8750	36.9700	36.8200	36.9650	8887
2025-07-07 20:00:00	36.9600	37.0750	36.9250	36.9850	841
2025-07-08 00:00:00	36.9750	37.0700	36.8550	37.0050	4066
2025-07-08 04:00:00	37.0000	37.0950	36.9550	37.0600	3668
2025-07-08 08:00:00	37.0600	37.0600	36.8500	36.8800	5730
2025-07-08 12:00:00	36.8750	36.9600	36.4900	36.5750	19301
2025-07-08 16:00:00	36.5700	36.8900	36.4450	36.8550	18940
2025-07-08 20:00:00	36.8550	36.9500	36.7000	36.7400	2697
2025-07-09 00:00:00	36.7450	36.9150	36.6800	36.7850	3708
2025-07-09 04:00:00	36.7700	36.9100	36.6800	36.7300	5365
2025-07-09 08:00:00	36.7300	36.8650	36.6100	36.7000	5078
2025-07-09 12:00:00	36.7050	36.7350	36.4900	36.6800	19241
2025-07-09 16:00:00	36.6750	36.7050	36.5250	36.5750	8423
2025-07-09 20:00:00	36.5800	36.6750	36.5550	36.6300	1682
2025-07-10 00:00:00	36.6300	36.7250	36.5750	36.6900	4057
2025-07-10 04:00:00	36.6850	36.9750	36.6150	36.7900	7575
2025-07-10 08:00:00	36.7900	37.1850	36.7100	36.9500	11232
2025-07-10 12:00:00	36.9550	37.5150	36.8450	37.2900	38291
2025-07-10 16:00:00	37.3000	37.6900	37.1750	37.6800	17782
2025-07-10 20:00:00	37.6800	37.8400	37.6000	37.7900	1632
2025-07-11 00:00:00	37.7900	37.8550	37.5100	37.7850	10163
2025-07-11 04:00:00	37.7900	38.2600	37.7650	38.2400	15905
2025-07-11 08:00:00	38.2400	38.4850	38.2100	38.4250	11859
2025-07-11 12:00:00	38.4300	39.0000	38.3050	38.8150	41460
2025-07-11 16:00:00	38.8050	39.2250	38.7600	39.1850	16693
2025-07-11 20:00:00	39.1850	39.1900	39.0750	39.0750	1483
2025-07-14 04:00:00	38.9550	39.5250	38.9550	39.3550	10084
2025-07-14 08:00:00	39.3550	39.5700	39.2400	39.2800	9917
2025-07-14 12:00:00	39.2900	39.3800	38.5700	38.6200	28616
2025-07-14 16:00:00	38.6200	38.7950	38.3750	38.4150	11729
2025-07-14 20:00:00	38.4150	38.5450	38.3550	38.5250	2746
2025-07-15 00:00:00	38.5200	38.5950	38.1950	38.4750	7405
2025-07-15 04:00:00	38.4900	38.7400	38.4700	38.6800	5269
2025-07-15 08:00:00	38.6800	38.6850	38.4800	38.6200	4464
2025-07-15 12:00:00	38.6250	38.7000	37.8950	37.9900	24506
2025-07-15 16:00:00	37.9900	38.1400	37.9600	38.0950	10490
2025-07-15 20:00:00	38.0950	38.1150	37.9750	38.1100	1559
2025-07-16 00:00:00	38.1100	38.1550	37.9950	38.1350	4123
2025-07-16 04:00:00	38.1400	38.2500	38.0950	38.2350	4648
2025-07-16 08:00:00	38.2350	38.3450	38.0700	38.2550	6796
2025-07-16 12:00:00	38.2600	38.3800	37.7500	38.0600	30916
2025-07-16 16:00:00	38.0550	38.1950	37.9650	38.1000	8004
2025-07-16 20:00:00	38.1000	38.1850	38.1000	38.1100	750
2025-07-17 00:00:00	38.1200	38.2550	38.0550	38.2500	3032
2025-07-17 04:00:00	38.2450	38.2850	37.9700	37.9900	6445
2025-07-17 08:00:00	38.0000	38.0950	37.9350	38.0700	3565
2025-07-17 12:00:00	38.0700	38.3350	37.6850	38.2700	22058
2025-07-17 16:00:00	38.2700	38.4600	38.2200	38.4500	7838
2025-07-17 20:00:00	38.4500	38.4850	38.3800	38.4200	980
2025-07-18 00:00:00	38.4200	38.5800	38.3900	38.4950	5652
2025-07-18 04:00:00	38.4800	38.8250	38.3750	38.7050	7016
2025-07-18 08:00:00	38.7050	38.8100	38.6150	38.7350	5195
2025-07-18 12:00:00	38.7350	38.8050	38.4450	38.5300	14581
2025-07-18 16:00:00	38.5250	38.5750	38.3750	38.3850	7275
2025-07-18 20:00:00	38.3900	38.4700	38.3850	38.4250	1042
2025-07-20 20:00:00	38.3700	38.4650	38.3650	38.4650	409
2025-07-21 00:00:00	38.4700	38.6400	38.4350	38.5350	3590
2025-07-21 04:00:00	38.4750	38.8400	38.4750	38.7500	5819
2025-07-21 08:00:00	38.7500	38.9300	38.7050	38.9050	6029
2025-07-21 12:00:00	38.9050	39.3800	38.8000	39.2800	24053
2025-07-21 16:00:00	39.2800	39.3750	39.2000	39.2100	8708
2025-07-21 20:00:00	39.2100	39.3200	39.2050	39.2950	1356
2025-07-22 00:00:00	39.2900	39.2950	39.0650	39.1750	4610
2025-07-22 04:00:00	39.1700	39.2500	39.0250	39.1500	5367
2025-07-22 08:00:00	39.1500	39.2600	39.0500	39.2450	5297
2025-07-22 12:00:00	39.2450	39.7200	39.0800	39.5350	33641
2025-07-22 16:00:00	39.5350	39.6300	39.4850	39.6150	7022
2025-07-22 20:00:00	39.6200	39.7200	39.6000	39.6200	1636
2025-07-23 00:00:00	39.6250	39.8000	39.5100	39.6600	6616
2025-07-23 04:00:00	39.6600	39.7400	39.5050	39.5450	6871
2025-07-23 08:00:00	39.5600	39.8300	39.5300	39.7550	6386
2025-07-23 12:00:00	39.7550	39.9100	39.5800	39.5850	24453
2025-07-23 16:00:00	39.5800	39.6250	39.3350	39.5900	16612
2025-07-23 20:00:00	39.5950	39.6600	39.5000	39.5750	1599
2025-07-24 00:00:00	39.5700	39.5850	39.0400	39.2650	8989
2025-07-24 04:00:00	39.2650	39.4200	39.1750	39.2950	7035
2025-07-24 08:00:00	39.3000	39.3850	39.1800	39.3550	6529
2025-07-24 12:00:00	39.3550	39.3750	38.9300	39.2200	18911
2025-07-24 16:00:00	39.2250	39.3750	39.1300	39.3150	6776
2025-07-24 20:00:00	39.3150	39.3700	39.2550	39.3450	732
2025-07-25 00:00:00	39.3350	39.5200	39.2700	39.2750	5797
2025-07-25 04:00:00	39.2950	39.3700	39.1600	39.2400	6415
2025-07-25 08:00:00	39.2450	39.2750	38.8650	38.9700	7418
2025-07-25 12:00:00	38.9750	39.1700	38.1000	38.2200	33388
2025-07-25 16:00:00	38.2200	38.4200	38.1900	38.3450	12883
2025-07-25 20:00:00	38.3400	38.3750	38.3100	38.3250	820
2025-07-28 00:00:00	38.3450	38.5100	38.3050	38.4000	4311
2025-07-28 04:00:00	38.4000	38.4600	38.3000	38.3350	4964
2025-07-28 08:00:00	38.3400	38.4000	38.2250	38.2900	4326
2025-07-28 12:00:00	38.2900	38.3800	38.0700	38.3450	20492
2025-07-28 16:00:00	38.3450	38.3450	38.1900	38.3150	9382
2025-07-28 20:00:00	38.3150	38.3500	38.3050	38.3450	735
2025-07-29 00:00:00	38.3400	38.3500	38.2150	38.2600	3191
2025-07-29 04:00:00	38.2650	38.4150	38.0350	38.2000	5816
2025-07-29 08:00:00	38.2000	38.4050	38.1850	38.2100	4105
2025-07-29 12:00:00	38.2150	38.4900	38.1700	38.3100	20812
2025-07-29 16:00:00	38.3100	38.4050	38.2700	38.3250	6496
2025-07-29 20:00:00	38.3300	38.4050	38.3200	38.3850	715
2025-07-30 00:00:00	38.3800	38.4200	38.1800	38.3550	3362
2025-07-30 04:00:00	38.3500	38.3800	38.1250	38.1650	5483
2025-07-30 08:00:00	38.1650	38.2500	37.8550	38.0500	6710
2025-07-30 12:00:00	38.0550	38.0700	37.5700	37.6900	24997
2025-07-30 16:00:00	37.7200	37.8450	36.8050	36.9500	28509
2025-07-30 20:00:00	36.9500	37.2100	36.9400	37.1950	2319
2025-07-31 00:00:00	37.1900	37.2100	36.9650	37.1700	8917
2025-07-31 04:00:00	37.1650	37.2850	36.9650	37.0100	7068
2025-07-31 08:00:00	37.0050	37.0700	36.2800	36.6750	18461
2025-07-31 12:00:00	36.6700	36.8900	36.5150	36.6950	21526
2025-07-31 16:00:00	36.6950	36.7950	36.6050	36.7700	8371
2025-07-31 20:00:00	36.7700	36.8250	36.7450	36.7550	1587
2025-08-01 00:00:00	36.7500	36.8200	36.5350	36.6550	5118
2025-08-01 04:00:00	36.6450	36.7850	36.4450	36.5100	5501
2025-08-01 08:00:00	36.5100	36.5950	36.4000	36.4950	5423
2025-08-01 12:00:00	36.4900	37.2400	36.4350	36.9750	35815
2025-08-01 16:00:00	36.9700	37.0750	36.8050	37.0250	10970
2025-08-01 20:00:00	37.0350	37.1100	37.0250	37.1050	1027
2025-08-03 20:00:00	36.9290	37.0950	36.9290	37.0950	729
2025-08-04 00:00:00	37.0950	37.1400	36.7600	37.1250	5699
2025-08-04 04:00:00	37.1250	37.3200	37.1000	37.2900	6541
2025-08-04 08:00:00	37.3000	37.4450	37.1600	37.3700	7023
2025-08-04 12:00:00	37.3600	37.5200	37.1650	37.4200	16565
2025-08-04 16:00:00	37.4200	37.4350	37.3050	37.4250	7404
2025-08-04 20:00:00	37.4250	37.4700	37.4150	37.4650	794
2025-08-05 00:00:00	37.4600	37.5350	37.4000	37.4250	3217
2025-08-05 04:00:00	37.4350	37.5100	37.3450	37.4350	8762
2025-08-05 08:00:00	37.4350	37.5450	37.3250	37.4000	4969
2025-08-05 12:00:00	37.3950	37.9400	37.3950	37.8450	23985
2025-08-05 16:00:00	37.8500	37.9000	37.7650	37.8150	8343
2025-08-05 20:00:00	37.8150	37.8700	37.7900	37.8400	825
2025-08-06 00:00:00	37.8350	37.9050	37.7900	37.8550	2363
2025-08-06 04:00:00	37.8500	37.9200	37.7750	37.8950	3613
2025-08-06 08:00:00	37.8900	37.9050	37.6650	37.8500	4984
2025-08-06 12:00:00	37.8500	38.0200	37.6200	37.9500	17403
2025-08-06 16:00:00	37.9450	37.9850	37.8600	37.9300	9692
2025-08-06 20:00:00	37.9250	38.0500	37.9100	37.9900	997
2025-08-07 00:00:00	37.9800	38.1650	37.9550	38.1550	5894
2025-08-07 04:00:00	38.1650	38.4900	38.1400	38.4650	7325
2025-08-07 08:00:00	38.4600	38.7600	38.0600	38.5700	19528
2025-08-07 12:00:00	38.5700	38.7350	38.2650	38.3200	29953
2025-08-07 16:00:00	38.3200	38.4600	38.1350	38.4600	20899
2025-08-07 20:00:00	38.4600	38.7850	38.4200	38.7050	3107
2025-08-08 00:00:00	38.7050	38.7100	38.4250	38.4900	8953
2025-08-08 04:00:00	38.4850	38.8750	38.4550	38.7250	8512
2025-08-08 08:00:00	38.7300	38.8350	38.4200	38.5350	7451
2025-08-08 12:00:00	38.5300	38.6950	38.3800	38.5450	22501
2025-08-08 16:00:00	38.5450	38.5800	38.1800	38.5250	23493
2025-08-08 20:00:00	38.5250	38.5600	38.4700	38.5100	838
2025-08-10 20:00:00	38.5400	38.5600	38.3250	38.3300	804
2025-08-11 00:00:00	38.3300	38.3750	38.0500	38.2050	6022
2025-08-11 04:00:00	38.2000	38.3350	37.6500	37.7500	9343
2025-08-11 08:00:00	37.7550	38.0450	37.7550	37.8050	8646
2025-08-11 12:00:00	37.8100	38.0150	37.6150	37.8450	18893
2025-08-11 16:00:00	37.8500	37.8750	37.6900	37.7050	22694
2025-08-11 20:00:00	37.7000	37.7200	37.5150	37.7000	1402
2025-08-12 00:00:00	37.7000	37.9550	37.6900	37.9150	3796
2025-08-12 04:00:00	37.9150	37.9750	37.7950	37.8200	4466
2025-08-12 08:00:00	37.8250	37.8550	37.6150	37.7900	4052
2025-08-12 12:00:00	37.7900	38.0900	37.5950	38.0300	32803
2025-08-12 16:00:00	38.0350	38.0450	37.8750	37.9200	15770
2025-08-12 20:00:00	37.9200	38.0000	37.9050	37.9450	800
2025-08-13 00:00:00	37.9400	38.2600	37.8750	38.2000	5612
2025-08-13 04:00:00	38.2050	38.4750	38.1900	38.4550	6682
2025-08-13 08:00:00	38.4550	38.7100	38.4250	38.6450	7412
2025-08-13 12:00:00	38.6500	38.6800	38.4300	38.5200	18356
2025-08-13 16:00:00	38.5200	38.6350	38.5000	38.5800	13741
2025-08-13 20:00:00	38.5800	38.6000	38.5350	38.5700	782
2025-08-14 00:00:00	38.5700	38.7800	38.5700	38.6350	5428
2025-08-14 04:00:00	38.6300	38.6650	38.3100	38.3300	9636
2025-08-14 08:00:00	38.3350	38.4900	38.2500	38.3700	7253
2025-08-14 12:00:00	38.3750	38.3900	37.8600	38.1050	22572
2025-08-14 16:00:00	38.1050	38.1300	37.8900	38.0400	8649
2025-08-14 20:00:00	38.0450	38.0600	38.0000	38.0300	614
2025-08-15 00:00:00	38.0250	38.0850	37.8350	38.0450	4119
2025-08-15 04:00:00	38.0500	38.1200	37.9150	38.0800	3527
2025-08-15 08:00:00	38.0800	38.1050	37.7500	37.8750	6008
2025-08-15 12:00:00	37.8750	38.0400	37.7250	38.0100	13310
2025-08-15 16:00:00	38.0100	38.0350	37.9000	38.0200	6563
2025-08-15 20:00:00	38.0200	38.0250	37.9750	37.9750	560
2025-08-17 20:00:00	38.0400	38.0650	37.8300	37.8800	1267
2025-08-18 00:00:00	37.8850	38.2050	37.8800	38.1850	5774
2025-08-18 04:00:00	38.1800	38.2500	38.0800	38.1650	3878
2025-08-18 08:00:00	38.1750	38.2400	38.0400	38.1200	4132
2025-08-18 12:00:00	38.1200	38.3400	38.0400	38.0700	14016
2025-08-18 16:00:00	38.0700	38.0950	37.9850	38.0900	6897
2025-08-18 20:00:00	38.0900	38.1350	38.0600	38.1000	802
2025-08-19 00:00:00	38.1000	38.1300	37.7500	37.9450	4280
2025-08-19 04:00:00	37.9400	38.0650	37.8550	38.0450	3536
2025-08-19 08:00:00	38.0500	38.1500	38.0050	38.0950	2732
2025-08-19 12:00:00	38.0950	38.2000	37.3750	37.4350	27025
2025-08-19 16:00:00	37.4350	37.4850	37.2400	37.2600	11038
2025-08-19 20:00:00	37.2600	37.3800	37.2600	37.3200	990
2025-08-20 00:00:00	37.3150	37.3350	37.1050	37.1450	4441
2025-08-20 04:00:00	37.1450	37.2050	37.0800	37.1500	4812
2025-08-20 08:00:00	37.1500	37.2000	36.9600	37.1900	8548
2025-08-20 12:00:00	37.1900	37.8700	37.1850	37.7650	26010
2025-08-20 16:00:00	37.7700	37.9150	37.7650	37.9000	7153
2025-08-20 20:00:00	37.8700	37.9500	37.8650	37.8800	1122
2025-08-21 00:00:00	37.8800	37.9850	37.8300	37.8650	3682
2025-08-21 04:00:00	37.8600	37.9400	37.7800	37.8150	3781
2025-08-21 08:00:00	37.8150	37.8400	37.5200	37.7000	10241
2025-08-21 12:00:00	37.7050	38.1900	37.6900	38.1350	20659
2025-08-21 16:00:00	38.1350	38.1350	38.0550	38.0900	6518
2025-08-21 20:00:00	38.0900	38.1100	38.0400	38.0550	514
2025-08-22 00:00:00	38.0500	38.1450	38.0350	38.0350	2334
2025-08-22 04:00:00	38.0400	38.0650	37.8600	37.9700	3872
2025-08-22 08:00:00	37.9700	38.0500	37.8550	37.9350	5860
2025-08-22 12:00:00	37.9400	39.0800	37.6750	38.9400	42024
2025-08-22 16:00:00	38.9500	39.0900	38.8550	38.8950	14332
2025-08-22 20:00:00	38.8950	39.0540	38.8350	39.0540	1517
2025-08-24 20:00:00	38.9550	39.0540	38.8450	38.8800	1153
2025-08-25 00:00:00	38.8750	38.9650	38.7850	38.8600	4005
2025-08-25 04:00:00	38.8600	38.9650	38.8000	38.8500	3556
2025-08-25 08:00:00	38.8450	38.8550	38.6500	38.7900	4414
2025-08-25 12:00:00	38.7900	38.9000	38.5200	38.7800	18295
2025-08-25 16:00:00	38.7750	38.8000	38.5200	38.5250	8340
2025-08-25 20:00:00	38.5250	38.5650	38.3600	38.4050	2514
2025-08-26 00:00:00	38.4050	38.7750	38.3300	38.7300	5810
2025-08-26 04:00:00	38.7400	38.8600	38.5500	38.6700	4390
2025-08-26 08:00:00	38.6600	38.7400	38.3750	38.5400	10512
2025-08-26 12:00:00	38.5550	38.7200	38.3850	38.6950	18975
2025-08-26 16:00:00	38.7000	38.7000	38.5400	38.6200	13078
2025-08-26 20:00:00	38.6250	38.7200	38.6150	38.6700	1052
2025-08-27 00:00:00	38.6650	38.6950	38.5450	38.5800	1878
2025-08-27 04:00:00	38.5800	38.5850	38.3900	38.4600	3084
2025-08-27 08:00:00	38.4500	38.4750	38.1750	38.3850	10219
2025-08-27 12:00:00	38.3850	38.5800	38.1700	38.5650	16064
2025-08-27 16:00:00	38.5750	38.7550	38.5350	38.6150	4936
2025-08-27 20:00:00	38.6150	38.7250	38.5750	38.7250	90
2025-08-28 00:00:00	38.7250	38.9450	38.7250	38.8300	287
2025-08-28 04:00:00	38.8500	39.5750	38.8200	39.5700	12257
2025-08-28 08:00:00	39.5650	39.7150	38.9400	39.7000	8508
2025-08-28 12:00:00	39.7000	39.8600	39.0000	39.5750	24037
2025-08-28 16:00:00	39.5850	39.7750	39.5700	39.7150	9128
2025-08-28 20:00:00	39.7150	39.7300	39.6250	39.6400	1099
2025-08-29 00:00:00	39.6400	39.7050	39.4900	39.5450	3246
2025-08-29 04:00:00	39.5300	39.6100	39.4050	39.5400	4515
2025-08-29 08:00:00	39.5350	39.6200	39.4250	39.4900	4926
2025-08-29 12:00:00	39.4900	40.4650	39.3400	40.4250	27571
2025-08-29 16:00:00	40.4300	40.8600	40.4300	40.8400	25236
2025-08-29 20:00:00	40.8450	40.8450	40.7100	40.7550	1374
2025-09-02 04:00:00	41.7050	41.7900	41.3500	41.3600	36025
2025-09-02 08:00:00	41.3650	41.6600	41.1700	41.5900	14647
2025-09-02 12:00:00	41.5850	41.6700	40.9850	41.6650	33598
2025-09-02 16:00:00	41.6700	41.7350	41.5450	41.6750	12511
2025-09-02 20:00:00	41.6700	41.7700	41.6250	41.6600	1214
2025-09-03 00:00:00	41.6600	41.8650	41.5400	41.5850	6339
2025-09-03 04:00:00	41.5700	41.6900	41.4650	41.5700	4986
2025-09-03 08:00:00	41.5700	41.7900	41.5500	41.7300	5066
2025-09-03 12:00:00	41.7350	42.2900	41.6050	41.9850	31647
2025-09-03 16:00:00	41.9850	42.1200	41.6650	41.7450	13868
2025-09-03 20:00:00	41.7500	41.8600	41.5500	41.6600	3164
2025-09-04 00:00:00	41.6650	41.8300	41.1100	41.3150	11381
2025-09-04 04:00:00	41.3000	41.5650	41.2950	41.5400	7046
2025-09-04 08:00:00	41.5500	41.6850	41.4100	41.4900	6607
2025-09-04 12:00:00	41.4850	41.6750	41.0650	41.4450	24573
2025-09-04 16:00:00	41.4500	41.4800	41.1800	41.3350	10334
2025-09-04 20:00:00	41.3400	41.4150	41.2000	41.3850	1145
2025-09-05 00:00:00	41.3900	41.5650	41.3500	41.5600	3609
2025-09-05 04:00:00	41.5550	41.6400	41.4150	41.4450	3298
2025-09-05 08:00:00	41.4450	41.4550	41.2600	41.3800	3992
2025-09-05 12:00:00	41.3800	42.1000	41.1600	41.5800	46461
2025-09-05 16:00:00	41.5700	41.6600	41.4450	41.4950	9007
2025-09-05 20:00:00	41.4950	41.5520	41.4250	41.5520	900
2025-09-07 20:00:00	41.4650	41.5520	41.2500	41.3950	1917
2025-09-08 00:00:00	41.4000	41.5700	41.2150	41.2250	7063
2025-09-08 04:00:00	41.2300	41.7150	41.0800	41.6700	8039
2025-09-08 08:00:00	41.6700	41.9800	41.6700	41.8750	10990
2025-09-08 12:00:00	41.8650	42.3550	41.7450	42.0800	29930
2025-09-08 16:00:00	42.0750	42.1000	41.8200	41.9200	9347
2025-09-08 20:00:00	41.9200	41.9450	41.8850	41.9200	769
2025-09-09 00:00:00	41.9150	42.0500	41.8250	41.9200	5520
2025-09-09 04:00:00	41.9350	42.0700	41.7900	41.9200	6496
2025-09-09 08:00:00	41.9100	41.9500	41.6850	41.7450	6141
2025-09-09 12:00:00	41.7550	41.9150	41.2050	41.3650	38630
2025-09-09 16:00:00	41.3700	41.4400	41.2750	41.3650	7776
2025-09-09 20:00:00	41.3650	41.4050	41.2650	41.3600	1127
2025-09-10 00:00:00	41.3600	41.4850	41.1450	41.4750	4765
2025-09-10 04:00:00	41.4850	41.6400	41.4350	41.6050	4597
2025-09-10 08:00:00	41.6100	41.7450	41.5150	41.5950	5813
2025-09-10 12:00:00	41.5900	41.7850	41.4500	41.6250	16453
2025-09-10 16:00:00	41.6250	41.6900	41.5300	41.6600	6966
2025-09-10 20:00:00	41.6600	41.7250	41.6150	41.6900	1044
2025-09-11 00:00:00	41.6950	41.7300	41.5350	41.5500	2958
2025-09-11 04:00:00	41.5400	41.6150	41.3350	41.5400	6554
2025-09-11 08:00:00	41.5500	41.6100	41.3300	41.4900	4931
2025-09-11 12:00:00	41.4950	42.0600	41.3800	42.0450	29405
2025-09-11 16:00:00	42.0450	42.3300	42.0000	42.1050	13373
2025-09-11 20:00:00	42.1050	42.1350	42.0150	42.0250	1005
2025-09-12 00:00:00	42.0200	42.7350	41.8950	42.6500	13438
2025-09-12 04:00:00	42.6500	42.7700	42.5300	42.7200	7392
2025-09-12 08:00:00	42.7050	43.0400	42.6650	42.8050	13188
2025-09-12 12:00:00	42.8100	42.8700	42.3350	42.6750	25844
2025-09-12 16:00:00	42.6700	42.8800	42.6450	42.7300	8596
2025-09-12 20:00:00	42.7300	42.7400	42.6300	42.6800	1322
2025-09-14 20:00:00	42.7250	42.8300	42.5700	42.6100	1080
2025-09-15 00:00:00	42.6100	42.8400	42.5000	42.8250	5280
2025-09-15 04:00:00	42.8300	42.8300	42.5600	42.7250	4755
2025-09-15 08:00:00	42.7250	42.7400	42.5600	42.6700	4472
2025-09-15 12:00:00	42.6750	43.1250	42.4700	43.0700	19279
2025-09-15 16:00:00	43.0700	43.1750	42.9150	43.1400	10658
2025-09-15 20:00:00	43.1350	43.2350	43.1150	43.1900	1032
2025-09-16 00:00:00	43.1550	43.2350	42.8350	43.0350	6894
2025-09-16 04:00:00	43.0500	43.2100	43.0250	43.1700	5345
2025-09-16 08:00:00	43.1700	43.3500	43.1050	43.3000	5474
2025-09-16 12:00:00	43.3000	43.4350	42.6150	42.7900	33692
2025-09-16 16:00:00	42.7900	42.9450	42.7650	42.8450	9837
2025-09-16 20:00:00	42.8450	42.9400	42.8450	42.9350	809
2025-09-17 00:00:00	42.9300	42.9350	42.2150	42.4000	11245
2025-09-17 04:00:00	42.4050	42.4900	42.0550	42.1500	9166
2025-09-17 08:00:00	42.1500	42.1550	41.5500	41.9150	13903
2025-09-17 12:00:00	41.9100	42.4000	41.9050	42.3500	19327
2025-09-17 16:00:00	42.3550	42.6350	41.4800	41.9550	33975
2025-09-17 20:00:00	41.9650	42.2350	41.9150	42.1750	2247
2025-09-18 00:00:00	42.1900	42.2400	41.8200	41.8450	7317
2025-09-18 04:00:00	41.8450	42.1400	41.4950	42.0150	10958
2025-09-18 08:00:00	42.0200	42.2500	41.9750	42.1000	9731
2025-09-18 12:00:00	42.1000	42.2300	41.7150	42.0100	20600
2025-09-18 16:00:00	42.0100	42.1600	42.0000	42.1250	6801
2025-09-18 20:00:00	42.1250	42.1300	41.9800	42.0050	804
2025-09-19 00:00:00	42.0100	42.6000	41.9300	42.5750	11095
2025-09-19 04:00:00	42.5700	42.6850	42.1750	42.3300	8563
2025-09-19 08:00:00	42.3300	42.5450	42.2500	42.3050	5907
2025-09-19 12:00:00	42.3050	43.1050	42.1850	43.0350	30646
2025-09-19 16:00:00	43.0350	43.4050	42.9300	43.3150	15959
2025-09-19 20:00:00	43.3100	43.4000	42.9520	42.9520	1149
2025-09-21 20:00:00	43.4000	43.5850	42.9520	43.5250	4390
2025-09-22 00:00:00	43.5250	43.9400	43.5050	43.8600	9515
2025-09-22 04:00:00	43.8650	44.1050	43.7650	43.8750	11569
2025-09-22 08:00:00	43.8600	44.1150	43.8500	43.9450	9273
2025-09-22 12:00:00	43.9500	44.1900	43.5900	44.1500	27150
2025-09-22 16:00:00	44.1450	44.3950	44.1250	44.3650	12857
2025-09-22 20:00:00	44.3650	44.3850	44.2200	44.2800	1668
2025-09-23 00:00:00	44.2800	44.3650	43.9700	44.1400	9440
2025-09-23 04:00:00	44.1400	44.4200	44.0200	44.1950	10366
2025-09-23 08:00:00	44.1950	44.7350	44.1450	44.6200	12270
2025-09-23 12:00:00	44.6150	44.7700	44.3850	44.5800	22489
2025-09-23 16:00:00	44.5800	44.6400	44.0800	44.2700	18181
2025-09-23 20:00:00	44.2700	44.3950	44.1750	44.2300	1983
2025-09-24 00:00:00	44.2250	44.4400	43.9850	44.4050	7563
2025-09-24 04:00:00	44.3950	44.5650	44.3100	44.5300	6149
2025-09-24 08:00:00	44.5400	44.5400	44.1050	44.3200	7098
2025-09-24 12:00:00	44.3150	44.6250	44.0500	44.0950	20601
2025-09-24 16:00:00	44.0950	44.2400	43.8850	44.0900	16180
2025-09-24 20:00:00	44.0950	44.2000	44.0850	44.1750	1370
2025-09-25 00:00:00	44.1750	44.3050	44.0600	44.2750	4900
2025-09-25 04:00:00	44.2650	44.8700	44.1400	44.8500	8138
2025-09-25 08:00:00	44.8450	45.3900	44.8250	45.1100	21679
2025-09-25 12:00:00	45.1050	45.2850	44.4450	45.0500	47094
2025-09-25 16:00:00	45.0550	45.4800	44.9450	45.4300	15748
2025-09-25 20:00:00	45.4300	45.5000	44.9450	45.1550	3030
2025-09-26 00:00:00	45.1700	45.3200	44.8900	45.1100	6833
2025-09-26 04:00:00	45.1050	45.5300	44.9950	45.3550	10954
2025-09-26 08:00:00	45.3500	45.4600	45.2350	45.3500	6000
2025-09-26 12:00:00	45.3500	46.4200	45.2950	46.3850	40549
2025-09-26 16:00:00	46.3900	46.9450	46.2300	46.4150	30165
2025-09-26 20:00:00	46.4100	46.6560	46.3250	46.6560	2729
2025-09-28 20:00:00	46.6050	46.6750	46.5350	46.5550	2021
2025-09-29 00:00:00	46.5600	47.3050	46.2700	47.0700	21547
2025-09-29 04:00:00	47.0800	47.4100	46.7700	46.8750	20958
2025-09-29 08:00:00	46.8900	47.2850	46.8450	47.1700	11518
2025-09-29 12:00:00	47.1700	47.2700	46.6400	47.2400	40719
2025-09-29 16:00:00	47.2350	47.2600	46.8800	47.0100	11943
2025-09-29 20:00:00	47.0150	47.1500	46.9400	47.0150	1557
2025-09-30 00:00:00	47.0100	47.3500	46.9850	47.2450	9003
2025-09-30 04:00:00	47.2600	47.3900	46.7900	46.9250	14954
2025-09-30 08:00:00	46.9200	46.9850	45.9600	46.3900	24341
2025-09-30 12:00:00	46.3900	46.9550	46.1150	46.4500	35580
2025-09-30 16:00:00	46.4650	46.8500	46.4100	46.8150	13510
2025-09-30 20:00:00	46.8150	46.9450	46.7150	46.9200	1735
2025-10-01 00:00:00	46.9150	47.8250	46.8550	47.3200	19975
2025-10-01 04:00:00	47.3050	47.4850	46.8500	47.4700	11428
2025-10-01 08:00:00	47.4600	47.6400	47.2850	47.5600	11129
2025-10-01 12:00:00	47.5700	47.9750	47.2400	47.5600	37653
2025-10-01 16:00:00	47.5550	47.7400	47.4100	47.4450	11298
2025-10-01 20:00:00	47.4450	47.4500	47.1450	47.2900	2253
2025-10-02 00:00:00	47.3000	47.6100	47.0350	47.3200	5877
2025-10-02 04:00:00	47.3300	47.6000	47.2450	47.5200	5673
2025-10-02 08:00:00	47.5100	47.6500	47.4200	47.5650	7571
2025-10-02 12:00:00	47.5700	48.0100	45.7100	46.0050	73093
2025-10-02 16:00:00	46.0050	46.8350	45.8900	46.7650	19024
2025-10-02 20:00:00	46.7700	46.8950	46.7400	46.8650	2057
2025-10-03 00:00:00	46.8600	46.8900	46.5500	46.7400	5843
2025-10-03 04:00:00	46.7350	47.2800	46.7250	47.2600	8303
2025-10-03 08:00:00	47.2600	47.5450	47.1100	47.4250	10833
2025-10-03 12:00:00	47.4350	48.3250	47.3350	48.2600	43897
2025-10-03 16:00:00	48.2650	48.2750	47.6850	47.9600	20274
2025-10-03 20:00:00	47.9600	48.0050	47.9100	47.9650	1454
2025-10-05 20:00:00	47.9700	48.3100	47.9450	48.2550	4380
2025-10-06 00:00:00	48.2450	48.4800	47.9350	48.4450	8441
2025-10-06 04:00:00	48.4150	48.5800	48.2050	48.5000	10148
2025-10-06 08:00:00	48.5100	48.5900	47.9950	48.2350	11476
2025-10-06 12:00:00	48.2300	48.6100	47.8600	48.5400	30040
2025-10-06 16:00:00	48.5450	48.5850	48.1700	48.3800	13857
2025-10-06 20:00:00	48.3800	48.4250	48.3400	48.4100	909
2025-10-07 04:00:00	47.9950	48.1900	47.7700	47.8600	3302
2025-10-07 08:00:00	47.8500	48.4950	47.6500	48.4500	10454
2025-10-07 12:00:00	48.4500	48.4900	47.1300	47.4200	40759
2025-10-07 16:00:00	47.4250	47.6750	47.0150	47.5400	24991
2025-10-07 20:00:00	47.5400	47.8250	47.5150	47.7900	2177
2025-10-08 00:00:00	47.7950	48.2450	47.5300	48.1750	8999
2025-10-08 04:00:00	48.1650	48.7250	48.1650	48.6300	16361
2025-10-08 08:00:00	48.6400	48.8350	48.4600	48.6850	11328
2025-10-08 12:00:00	48.6700	49.0400	48.3350	48.9100	33376
2025-10-08 16:00:00	48.9100	49.1950	48.5800	48.6650	21324
2025-10-08 20:00:00	48.6650	48.6700	47.8500	48.1200	7062
2025-10-09 00:00:00	48.1250	48.5050	47.9050	48.3150	15363
2025-10-09 04:00:00	48.3250	48.6300	48.0600	48.4250	9300
2025-10-09 08:00:00	48.4250	48.8450	48.4000	48.7350	9922
2025-10-09 12:00:00	48.7300	49.9650	47.9200	48.2250	95867
2025-10-09 16:00:00	48.2150	48.3850	46.8900	47.7200	48059
2025-10-09 20:00:00	47.7250	47.9150	47.1250	47.7650	3309
2025-10-10 00:00:00	47.7600	47.7850	47.1850	47.2500	7715
2025-10-10 04:00:00	47.2200	48.0350	46.7000	47.9850	18361
2025-10-10 08:00:00	47.9900	48.6100	47.9700	48.2400	20393
2025-10-10 12:00:00	48.2450	48.6200	47.7200	47.8450	53730
2025-10-10 16:00:00	47.8400	47.8750	46.9350	47.6700	35187
2025-10-10 20:00:00	47.6700	47.8000	47.1300	47.2470	2732
2025-10-12 20:00:00	47.5200	48.4900	47.2470	48.2600	7731
2025-10-13 00:00:00	48.2550	49.5800	48.1450	49.1650	21995
2025-10-13 04:00:00	49.1450	49.7200	49.1450	49.5100	15377
2025-10-13 08:00:00	49.5100	49.9300	49.3350	49.6350	17175
2025-10-13 12:00:00	49.6300	50.5600	49.5400	50.3250	46735
2025-10-13 16:00:00	50.3250	50.6250	50.2100	50.5500	20509
2025-10-13 20:00:00	50.5400	51.5050	50.4450	51.4200	6714
2025-10-14 00:00:00	51.4100	52.3150	51.0600	52.1400	21500
2025-10-14 04:00:00	52.1600	52.4950	48.7500	50.5700	51822
2025-10-14 08:00:00	50.5550	51.1600	49.9550	50.4600	25219
2025-10-14 12:00:00	50.4450	50.7550	49.1800	50.6400	50275
2025-10-14 16:00:00	50.6400	51.0150	49.9450	50.2450	22628
2025-10-14 20:00:00	50.2450	50.9000	50.2100	50.7350	3776
2025-10-15 00:00:00	50.7150	51.4500	50.5150	51.2000	13446
2025-10-15 04:00:00	51.1900	51.6150	50.9950	51.6000	13263
2025-10-15 08:00:00	51.6000	51.8800	50.9400	51.5200	20492
2025-10-15 12:00:00	51.5250	51.8650	51.1000	51.4400	39943
2025-10-15 16:00:00	51.4450	52.5700	51.2800	52.5000	28653
2025-10-15 20:00:00	52.4900	52.7650	52.2900	52.4050	3698
2025-10-16 00:00:00	52.4000	52.8900	52.2300	52.4200	13659
2025-10-16 04:00:00	52.3850	52.4550	51.1950	51.9800	21773
2025-10-16 08:00:00	51.9800	52.5000	51.8600	52.2400	10306
2025-10-16 12:00:00	52.2550	53.4050	51.9300	53.1850	45056
2025-10-16 16:00:00	53.1900	53.6150	52.4650	53.1800	46524
2025-10-16 20:00:00	53.1850	53.7650	53.1300	53.6600	5551
2025-10-17 00:00:00	53.6550	53.6800	52.2500	53.4150	24406
2025-10-17 04:00:00	53.4200	53.5500	52.4600	52.7300	17236
2025-10-17 08:00:00	52.7500	52.9800	51.8600	51.9250	21866
2025-10-17 12:00:00	51.9300	52.3700	50.1150	50.6850	71245
2025-10-17 16:00:00	50.6900	50.7950	49.6600	50.4300	37029
2025-10-17 20:00:00	50.4400	50.6800	50.1040	50.1040	1619
2025-10-19 20:00:00	50.7250	51.1450	50.1040	50.3550	6086
2025-10-20 00:00:00	50.3550	51.0500	50.0800	50.9650	14615
2025-10-20 04:00:00	50.9600	50.9950	50.1250	50.7800	11675
2025-10-20 08:00:00	50.7800	51.0450	50.3800	50.8800	8799
2025-10-20 12:00:00	50.8800	51.6200	50.6800	51.4650	37092
2025-10-20 16:00:00	51.4600	51.8300	51.1800	51.7800	15457
2025-10-20 20:00:00	51.7800	51.8000	51.2550	51.4500	4507
2025-10-21 00:00:00	51.4400	51.5100	50.5450	50.8000	14859
2025-10-21 04:00:00	50.8000	50.9100	49.5500	49.6350	19323
2025-10-21 08:00:00	49.6250	49.6750	48.1000	49.0550	30809
2025-10-21 12:00:00	49.0550	49.1350	47.1200	48.0050	63890
2025-10-21 16:00:00	48.0150	48.0900	47.4200	47.8200	22941
2025-10-21 20:00:00	47.8250	48.1700	47.6400	47.6850	2925
2025-10-22 00:00:00	47.6950	48.4250	46.8200	48.2750	19939
2025-10-22 04:00:00	48.2700	48.6500	48.0800	48.1500	9581
2025-10-22 08:00:00	48.1600	48.2500	47.1850	47.3050	24761
2025-10-22 12:00:00	47.3050	48.2750	47.2850	47.8600	37256
2025-10-22 16:00:00	47.8600	48.4600	47.5450	48.2850	17397
2025-10-22 20:00:00	48.2900	48.3300	47.9200	47.9700	2145
2025-10-23 00:00:00	47.9650	48.3100	47.6400	48.1000	7448
2025-10-23 04:00:00	48.0950	48.8000	47.8900	48.4500	10865
2025-10-23 08:00:00	48.4500	49.0550	48.4450	48.7600	10964
2025-10-23 12:00:00	48.7650	49.2250	48.6350	48.8800	23586
2025-10-23 16:00:00	48.8750	48.9700	48.5450	48.5900	10925
2025-10-23 20:00:00	48.5900	48.7600	48.3500	48.5350	1795
2025-10-24 00:00:00	48.5300	48.7300	48.0450	48.3050	9142
2025-10-24 04:00:00	48.3000	48.3200	47.6800	47.7450	11541
2025-10-24 08:00:00	47.7500	47.8850	47.3850	47.6900	11167
2025-10-24 12:00:00	47.7050	48.7650	47.6150	48.6850	27126
2025-10-24 16:00:00	48.6900	48.7300	48.2550	48.3500	10591
2025-10-24 20:00:00	48.3550	48.4700	48.3400	48.4100	844
2025-10-26 20:00:00	48.3050	48.5950	48.0150	48.1400	4038
2025-10-27 00:00:00	48.1300	48.5000	47.9800	48.0150	6828
2025-10-27 04:00:00	47.9600	48.4000	47.7800	48.1350	7518
2025-10-27 08:00:00	48.1400	48.1450	47.1300	47.1900	14607
2025-10-27 12:00:00	47.1900	47.7400	46.0550	46.5000	45006
2025-10-27 16:00:00	46.5000	47.0350	46.4850	46.7800	14853
2025-10-27 20:00:00	46.7800	47.0100	46.7000	46.9200	2923
2025-10-28 00:00:00	46.9100	47.2200	46.6700	46.8300	7622
2025-10-28 04:00:00	46.8500	46.8550	46.2250	46.4350	10115
2025-10-28 08:00:00	46.4550	46.5450	45.5100	46.4150	19687
2025-10-28 12:00:00	46.4350	47.2650	46.3100	47.2150	25095
2025-10-28 16:00:00	47.2100	47.3750	46.9600	47.1950	12111
2025-10-28 20:00:00	47.1900	47.2700	46.9200	47.2550	1528
2025-10-29 00:00:00	47.2400	47.6500	47.1250	47.4350	7124
2025-10-29 04:00:00	47.4450	48.1250	47.3450	48.1250	6235
2025-10-29 08:00:00	48.1200	48.4150	48.0750	48.1900	9122
2025-10-29 12:00:00	48.2100	48.5100	47.9150	47.9900	21189
2025-10-29 16:00:00	47.9900	48.1600	47.0300	47.3850	26862
2025-10-29 20:00:00	47.3850	47.5800	47.1600	47.5450	2380
2025-10-30 00:00:00	47.5550	47.7550	47.0950	47.3600	6070
2025-10-30 04:00:00	47.4150	47.7750	47.2600	47.4100	7075
2025-10-30 08:00:00	47.4150	48.2000	47.4100	47.8700	9431
2025-10-30 12:00:00	47.8750	48.7350	47.5300	48.6150	28147
2025-10-30 16:00:00	48.6100	48.8350	48.4600	48.6950	9098
2025-10-30 20:00:00	48.6900	48.9950	48.6000	48.8950	2129
2025-10-31 00:00:00	48.8850	48.9850	48.2550	48.3850	9221
2025-10-31 04:00:00	48.3750	48.8550	48.3150	48.8400	6746
2025-10-31 08:00:00	48.8350	48.8750	48.2900	48.5700	5902
2025-10-31 12:00:00	48.5750	48.7900	48.3200	48.4750	15544
2025-10-31 16:00:00	48.4700	48.5550	47.9750	48.2250	15303
2025-10-31 20:00:00	48.2250	48.3300	48.1600	48.1600	703
2025-11-02 20:00:00	48.2100	48.2900	48.0600	48.1050	651
2025-11-03 00:00:00	48.0900	48.6200	47.8000	48.5550	6502
2025-11-03 04:00:00	48.5550	48.7950	48.4500	48.7850	3764
2025-11-03 08:00:00	48.7850	48.8350	48.1800	48.5000	6588
2025-11-03 12:00:00	48.5050	48.7050	47.8300	48.1100	20422
2025-11-03 16:00:00	48.1050	48.2150	47.7600	47.9500	11312
2025-11-03 20:00:00	47.9500	48.0950	47.5450	47.7700	1562
2025-11-04 00:00:00	47.7650	47.9650	47.4100	47.8950	5988
2025-11-04 04:00:00	47.8850	47.9500	47.1500	47.5300	6716
2025-11-04 08:00:00	47.5450	47.7800	47.3000	47.5150	7392
2025-11-04 12:00:00	47.5200	47.6400	46.6500	47.1800	24248
2025-11-04 16:00:00	47.1850	47.6250	46.9550	46.9700	12645
2025-11-04 20:00:00	46.9700	47.0200	46.6900	46.7800	2212
2025-11-05 00:00:00	46.7700	47.4050	46.5200	47.3250	7067
2025-11-05 04:00:00	47.3200	47.6200	47.2450	47.5450	6151
2025-11-05 08:00:00	47.5450	47.7700	47.2950	47.4000	6981
2025-11-05 12:00:00	47.4000	48.0550	47.2400	47.9450	16342
2025-11-05 16:00:00	47.9500	48.0850	47.7900	48.0700	7940
2025-11-05 20:00:00	48.0700	48.1150	47.7100	47.8400	1706
2025-11-06 00:00:00	47.8250	48.0600	47.6100	48.0200	4724
2025-11-06 04:00:00	48.0150	48.3750	47.9750	48.2850	4227
2025-11-06 08:00:00	48.2700	48.6150	48.2600	48.5050	5694
2025-11-06 12:00:00	48.5100	48.5650	47.6200	47.6650	19993
2025-11-06 16:00:00	47.6650	48.1050	47.4100	48.0100	13295
2025-11-06 20:00:00	48.0050	48.0500	47.7800	48.0400	1554
2025-11-07 00:00:00	48.0300	48.2650	47.9400	48.1450	3491
2025-11-07 04:00:00	48.1300	48.5600	48.1000	48.5150	4423
2025-11-07 08:00:00	48.5200	48.7300	48.2550	48.5200	6981
2025-11-07 12:00:00	48.5300	48.7000	47.9250	48.0500	16652
2025-11-07 16:00:00	48.0450	48.6750	47.8400	48.3000	27496
2025-11-07 20:00:00	48.3050	48.3100	48.0700	48.2350	1730
2025-11-09 20:00:00	48.4650	48.5400	48.1430	48.5300	734
2025-11-10 00:00:00	48.5350	49.4250	48.4450	49.1200	14129
2025-11-10 04:00:00	49.1300	49.8300	49.1300	49.6550	8013
2025-11-10 08:00:00	49.6550	49.9400	49.6150	49.8950	9041
2025-11-10 12:00:00	49.8950	50.1200	49.4900	49.7100	22241
2025-11-10 16:00:00	49.7050	50.4650	49.6400	50.4450	20384
2025-11-10 20:00:00	50.4500	50.5300	50.3100	50.4250	2935
2025-11-11 00:00:00	50.4400	50.8700	50.3800	50.8650	7506
2025-11-11 04:00:00	50.8650	51.0250	50.3450	50.4850	7255
2025-11-11 08:00:00	50.4850	51.0600	50.4850	51.0300	7840
2025-11-11 12:00:00	51.0350	51.1000	50.1500	50.3300	27288
2025-11-11 16:00:00	50.3250	51.0100	50.2850	50.8950	16415
2025-11-11 20:00:00	50.9100	51.2800	50.9050	51.1700	2753
2025-11-12 00:00:00	51.1800	51.2700	50.8900	50.9200	7319
2025-11-12 04:00:00	50.9200	51.6300	50.7600	51.4950	8481
2025-11-12 08:00:00	51.5000	51.7550	51.3550	51.4000	7903
2025-11-12 12:00:00	51.4000	53.0200	51.3650	52.8300	33170
2025-11-12 16:00:00	52.8250	53.6250	52.6400	53.4100	39451
2025-11-12 20:00:00	53.4000	53.4500	53.1300	53.1700	4082
2025-11-13 00:00:00	53.1750	54.2500	52.8850	54.2300	16500
2025-11-13 04:00:00	54.2250	54.4150	53.8600	54.0800	14116
2025-11-13 08:00:00	54.0700	54.3750	53.4300	53.7400	15428
2025-11-13 12:00:00	53.7300	54.0500	52.5550	52.7300	39290
2025-11-13 16:00:00	52.7300	53.2250	51.9850	52.3500	31743
2025-11-13 20:00:00	52.3400	52.5050	52.0850	52.4500	4137
2025-11-14 00:00:00	52.4450	53.3750	52.4250	53.1600	10410
2025-11-14 04:00:00	53.1700	53.1900	52.2500	52.8350	10980
2025-11-14 08:00:00	52.8350	53.0050	51.8350	51.8500	13212
2025-11-14 12:00:00	51.8450	51.9350	49.8600	51.1450	63700
2025-11-14 16:00:00	51.1500	51.3600	50.6250	50.6750	21892
2025-11-14 20:00:00	50.6700	50.7100	50.3700	50.6860	4328
2025-11-16 20:00:00	50.6850	50.9100	50.6300	50.7200	1606
2025-11-17 00:00:00	50.7100	50.9900	50.4800	50.7900	7383
2025-11-17 04:00:00	50.7850	51.0200	50.1250	50.9600	8721
2025-11-17 08:00:00	50.9600	51.1100	50.5250	50.8600	8900
2025-11-17 12:00:00	50.8500	50.8950	50.2900	50.6400	19311
2025-11-17 16:00:00	50.6550	50.7950	49.4250	49.4250	21086
2025-11-17 20:00:00	49.4300	50.1450	49.3200	49.6900	5147
2025-11-18 00:00:00	49.7050	50.0150	49.5050	49.5500	7126
2025-11-18 04:00:00	49.5450	49.6550	49.1150	49.4750	8828
2025-11-18 08:00:00	49.4750	50.3800	49.4650	50.1000	11407
2025-11-18 12:00:00	50.1000	50.6550	49.6800	50.2050	26983
2025-11-18 16:00:00	50.2050	51.0200	50.0650	51.0200	16324
2025-11-18 20:00:00	51.0100	51.0350	50.5100	50.6900	2471
2025-11-19 00:00:00	50.6800	51.1100	50.3850	50.5850	6895
2025-11-19 04:00:00	50.5800	51.3850	50.5200	51.2500	8684
2025-11-19 08:00:00	51.2550	52.2450	51.0400	51.9150	14850
2025-11-19 12:00:00	51.9100	52.1900	51.3250	51.4950	29384
2025-11-19 16:00:00	51.4900	51.5600	50.1450	50.8350	33941
2025-11-19 20:00:00	50.8200	51.4800	50.7800	51.4400	3478
2025-11-20 00:00:00	51.4350	51.5700	50.3700	50.9700	12606
2025-11-20 04:00:00	50.9600	51.2000	50.6600	50.6750	5277
2025-11-20 08:00:00	50.6850	50.8000	50.0950	50.5450	13683
2025-11-20 12:00:00	50.5400	51.2850	50.4850	50.6300	30639
2025-11-20 16:00:00	50.6450	50.7750	49.9250	50.5950	28567
2025-11-20 20:00:00	50.5800	50.5850	50.2000	50.4750	3716
2025-11-21 00:00:00	50.4650	50.5200	49.2600	49.4800	10624
2025-11-21 04:00:00	49.4650	49.5500	48.6050	48.6700	13931
2025-11-21 08:00:00	48.6700	49.1650	48.0500	48.3950	20640
2025-11-21 12:00:00	48.4000	49.6350	48.3050	49.3150	33591
2025-11-21 16:00:00	49.3150	50.3700	49.2300	50.0150	21538
2025-11-21 20:00:00	50.0200	50.0600	49.4700	49.9130	4228
2025-11-23 20:00:00	49.9250	50.0100	49.6950	49.8100	952
2025-11-24 00:00:00	49.8000	49.8850	49.3700	49.6600	5483
2025-11-24 04:00:00	49.6700	49.7950	49.4450	49.6150	3665
2025-11-24 08:00:00	49.6050	50.0200	49.5600	49.6800	5538
2025-11-24 12:00:00	49.6750	50.1950	49.5650	50.0950	16359
2025-11-24 16:00:00	50.1000	50.9550	50.0500	50.9150	19424
2025-11-24 20:00:00	50.9200	51.2350	50.9150	51.1750	4676
2025-11-25 00:00:00	51.1550	51.4700	50.7700	51.2400	3821
2025-11-25 04:00:00	51.2600	51.5100	50.9400	50.9650	4506
2025-11-25 08:00:00	50.9950	51.6150	50.4250	51.5150	29949
2025-11-25 12:00:00	50.8900	52.1100	50.3200	51.1450	57539
2025-11-25 16:00:00	51.1350	51.9050	50.4550	50.8550	56275
2025-11-25 20:00:00	51.5300	51.8000	50.8500	51.6300	53062
2025-11-26 00:00:00	51.6400	52.4500	50.9800	52.3900	7791
2025-11-26 04:00:00	52.3850	52.5700	51.4300	52.3550	7800
2025-11-26 08:00:00	52.3500	52.9300	51.6400	52.7700	13197
2025-11-26 12:00:00	52.7650	53.1200	51.5300	53.0900	52009
2025-11-26 16:00:00	53.0950	53.7900	52.2700	53.7250	23809
2025-11-26 20:00:00	53.7050	53.9050	52.8950	53.8600	2744
2025-11-27 00:00:00	53.8600	53.9000	52.5500	53.4350	8041
2025-11-27 04:00:00	53.4150	53.4600	53.2750	53.3850	753
2025-11-28 12:00:00	54.8800	56.2650	54.2500	56.1800	23773
2025-11-28 16:00:00	56.1950	57.2250	55.4150	57.1630	15545
2025-11-30 20:00:00	57.0700	58.0050	56.4600	57.7200	7750
2025-12-01 00:00:00	57.7050	58.6100	57.1100	57.9500	23272
2025-12-01 04:00:00	57.9400	58.0350	56.5600	57.5050	12045
2025-12-01 08:00:00	57.4950	58.4000	57.1200	58.0200	12972
2025-12-01 12:00:00	58.0150	58.4100	56.9000	58.2100	37630
2025-12-01 16:00:00	58.2150	59.4350	57.5500	58.6400	39511
2025-12-01 20:00:00	58.6350	58.8100	57.3850	58.1350	5060
2025-12-02 00:00:00	58.1400	58.2500	56.5800	57.8500	17665
2025-12-02 04:00:00	57.8550	58.1850	57.1500	57.8950	8339
2025-12-02 08:00:00	57.9100	58.1150	56.7750	58.0450	11483
2025-12-02 12:00:00	58.0400	59.0950	57.0050	57.7100	40451
2025-12-02 16:00:00	57.7100	59.0450	57.2050	58.9600	22792
2025-12-02 20:00:00	58.9700	59.4700	58.2500	59.3500	4381
2025-12-03 00:00:00	59.3400	59.6550	58.7850	59.5800	12983
2025-12-03 04:00:00	59.5750	59.6250	58.2100	58.7200	18249
2025-12-03 08:00:00	58.7250	58.9950	57.9150	58.9850	8006
2025-12-03 12:00:00	58.9850	59.6100	58.1100	58.9800	37087
2025-12-03 16:00:00	58.9800	59.3600	57.6500	58.9550	21557
2025-12-03 20:00:00	58.9650	59.0500	57.9210	58.9500	2361
2025-12-04 00:00:00	58.9650	59.2350	58.5250	58.6400	8825
2025-12-04 04:00:00	58.6450	58.8050	57.1400	57.9600	16336
2025-12-04 08:00:00	57.9600	58.0900	56.5250	58.0200	14874
2025-12-04 12:00:00	58.0200	58.2750	56.3000	57.3450	37304
2025-12-04 16:00:00	57.3350	57.7200	56.7300	57.4400	16451
2025-12-04 20:00:00	57.4350	57.5900	56.8350	57.4400	2466
2025-12-05 00:00:00	57.4350	58.2400	57.3200	57.9800	9423
2025-12-05 04:00:00	57.9800	59.1000	57.5550	58.7200	14691
2025-12-05 08:00:00	58.7250	58.8350	58.3450	58.6550	6730
2025-12-05 12:00:00	58.6600	59.9000	58.0250	59.6200	34146
2025-12-05 16:00:00	59.6300	59.7300	57.8400	58.9800	33604
2025-12-05 20:00:00	58.9950	59.0530	58.7200	59.0530	3196
2025-12-07 20:00:00	58.9500	59.0700	58.8250	58.8900	1141
2025-12-08 00:00:00	58.8800	59.0650	57.5200	58.4950	12672
2025-12-08 04:00:00	58.4950	58.9050	58.1450	58.6650	5986
2025-12-08 08:00:00	58.6650	58.9400	58.1550	58.7550	5676
2025-12-08 12:00:00	58.7500	59.0150	58.0300	58.3150	21550
2025-12-08 16:00:00	58.3100	58.5500	58.0650	58.3600	11254
2025-12-08 20:00:00	58.3650	58.5350	58.3400	58.5050	1510
2025-12-09 00:00:00	58.5050	58.9900	58.2900	58.8250	8210
2025-12-09 04:00:00	58.8250	58.8950	57.9900	58.4450	11532
2025-12-09 08:00:00	58.4400	59.4550	58.4400	59.0050	14852
2025-12-09 12:00:00	59.0200	60.8700	59.0000	60.7750	46022
2025-12-09 16:00:00	60.7900	61.2650	60.5750	61.1700	30596
2025-12-09 20:00:00	61.1700	61.4350	61.0050	61.3700	4114
2025-12-10 00:00:00	61.3800	62.0200	61.1650	61.5100	16561
2025-12-10 04:00:00	61.5250	62.1400	61.3750	61.8750	11432
2025-12-10 08:00:00	61.8700	61.9850	61.0400	61.5000	15363
2025-12-10 12:00:00	61.4950	61.8000	60.5500	61.0000	32022
2025-12-10 16:00:00	61.0000	61.6000	60.5800	61.5750	28529
2025-12-10 20:00:00	61.5700	62.3900	61.4150	62.3100	12004
2025-12-11 00:00:00	62.3200	63.2500	62.2000	62.4200	23683
2025-12-11 04:00:00	62.4000	62.5900	61.7800	62.3100	13915
2025-12-11 08:00:00	62.3300	62.7700	62.2000	62.2650	7724
2025-12-11 12:00:00	62.2650	64.0350	62.2500	63.7800	39151
2025-12-11 16:00:00	63.7800	64.7200	63.6050	64.1850	38083
2025-12-11 20:00:00	64.1800	64.2450	63.1250	63.4550	7107
2025-12-12 00:00:00	63.4450	64.3750	63.3450	63.9400	13788
2025-12-12 04:00:00	63.9400	64.2750	63.7750	64.0800	8243
2025-12-12 08:00:00	64.0700	64.9450	63.9450	64.8900	21834
2025-12-12 12:00:00	64.8900	65.0850	62.1500	62.2750	69949
2025-12-12 16:00:00	62.2650	62.5250	61.0150	62.0350	62809
2025-12-12 20:00:00	62.0200	62.2250	61.5150	62.0850	7441
2025-12-14 20:00:00	62.2750	62.4300	62.0500	62.2750	1761
2025-12-15 00:00:00	62.2900	63.0900	62.0700	62.8800	15708
2025-12-15 04:00:00	62.8700	63.5600	62.7200	63.3900	11827
2025-12-15 08:00:00	63.3750	64.0200	63.3500	63.8300	14507
2025-12-15 12:00:00	63.8350	64.1950	63.1550	63.8500	35774
2025-12-15 16:00:00	63.8700	64.1900	62.9150	64.1650	25086
2025-12-15 20:00:00	64.1650	64.2600	63.6750	63.9600	5500
2025-12-16 00:00:00	63.9750	64.1900	62.2750	62.7450	22109
2025-12-16 04:00:00	62.7550	63.0900	62.1150	63.0650	12411
2025-12-16 08:00:00	63.0750	63.2500	62.7800	63.0300	8057
2025-12-16 12:00:00	63.0300	63.8550	62.8800	63.5950	27271
2025-12-16 16:00:00	63.5850	64.0150	62.9200	63.9400	21114
2025-12-16 20:00:00	63.9350	64.0050	63.6300	63.9100	2774
2025-12-17 00:00:00	63.9200	66.2700	63.9150	66.0650	30621
2025-12-17 04:00:00	66.0650	66.6500	65.7400	65.7700	18034
2025-12-17 08:00:00	65.7650	66.1700	65.5650	65.9350	12048
2025-12-17 12:00:00	65.9350	66.3800	65.2200	65.7050	40795
2025-12-17 16:00:00	65.7000	67.1800	65.6600	66.6400	37910
2025-12-17 20:00:00	66.6350	66.9850	66.2000	66.5200	4895
2025-12-18 00:00:00	66.5050	66.6950	65.7200	66.5750	13518
2025-12-18 04:00:00	66.5850	66.8250	66.3300	66.6850	7175
2025-12-18 08:00:00	66.6750	66.7200	66.0100	66.4050	7339
2025-12-18 12:00:00	66.4050	66.6000	64.6750	65.5350	42591
2025-12-18 16:00:00	65.5400	66.3400	64.7800	65.1050	34911
2025-12-18 20:00:00	65.1150	65.6550	65.0850	65.6000	3369
2025-12-19 00:00:00	65.6150	65.6700	64.4650	65.1100	13435
2025-12-19 04:00:00	65.1000	66.0700	65.0800	65.7400	9634
2025-12-19 08:00:00	65.7450	66.3700	65.7100	65.9200	7592
2025-12-19 12:00:00	65.9300	66.9800	65.6950	66.9500	30049
2025-12-19 16:00:00	66.9450	67.6800	66.8400	67.4600	28822
2025-12-19 20:00:00	67.4650	67.5700	67.2600	67.4250	4076
2025-12-21 20:00:00	67.8100	67.8800	67.6850	67.7650	1949
2025-12-22 00:00:00	67.7700	69.4000	67.7450	69.3450	23655
2025-12-22 04:00:00	69.3450	69.5250	68.5050	68.9950	16056
2025-12-22 08:00:00	68.9750	69.1250	68.5650	69.0600	7099
2025-12-22 12:00:00	69.0500	69.2800	68.3950	68.8050	26952
2025-12-22 16:00:00	68.8200	68.9550	68.1450	68.5750	17698
2025-12-22 20:00:00	68.5800	69.4500	68.5750	69.2100	2879
2025-12-23 00:00:00	69.2100	70.1550	68.9650	69.7050	16700
2025-12-23 04:00:00	69.7100	69.7850	69.1550	69.5700	8687
2025-12-23 08:00:00	69.5700	69.7900	69.4300	69.7600	5274
2025-12-23 12:00:00	69.7550	70.7950	68.7250	69.8200	53749
2025-12-23 16:00:00	69.8200	71.7950	69.7750	71.4000	36472
2025-12-23 20:00:00	71.4100	71.9700	71.2500	71.8750	5084
2025-12-24 00:00:00	71.8850	72.7500	71.6700	72.3200	21285
2025-12-24 04:00:00	72.3400	72.4650	72.1950	72.2500	1135
2025-12-24 12:00:00	71.9650	72.2900	70.1600	70.7250	25401
2025-12-24 16:00:00	70.7000	72.1400	70.6150	71.6850	15585
2025-12-26 04:00:00	74.8900	75.2850	74.6600	74.8400	8706
2025-12-26 08:00:00	74.8350	75.8400	73.5700	74.4850	18228
2025-12-26 12:00:00	74.4900	76.3200	73.9300	76.2300	41596
2025-12-26 16:00:00	76.2350	78.0600	75.6600	77.7500	47441
2025-12-26 20:00:00	77.7500	79.7000	77.1960	77.1960	17792
2025-12-28 20:00:00	81.8500	82.6050	81.2150	81.6500	12381
2025-12-29 00:00:00	81.6500	81.7100	75.4400	80.0850	60310
2025-12-29 04:00:00	80.0500	80.1850	74.5600	75.5100	37163
2025-12-29 08:00:00	75.4650	75.9950	73.3700	73.9250	21566
2025-12-29 12:00:00	73.9100	75.8850	70.2500	71.0250	66421
2025-12-29 16:00:00	71.0250	72.2500	70.2150	71.8100	35483
2025-12-29 20:00:00	71.8100	72.5950	70.6700	72.1350	8369
2025-12-30 00:00:00	72.1300	74.1550	71.5200	73.8850	17246
2025-12-30 04:00:00	73.8900	74.7250	73.5600	74.3450	15731
2025-12-30 08:00:00	74.3500	74.5200	73.4200	74.4700	10555
2025-12-30 12:00:00	74.4900	76.3200	74.4500	75.8500	59517
2025-12-30 16:00:00	75.8400	78.0650	75.5300	76.1100	48033
2025-12-30 20:00:00	76.1050	76.6400	74.1500	75.0700	12466
2025-12-31 00:00:00	75.0800	75.7500	71.8600	72.0250	26903
2025-12-31 04:00:00	72.0250	72.7200	70.2250	71.7850	24952
2025-12-31 08:00:00	71.7900	72.0300	70.5000	71.4450	13634
2025-12-31 12:00:00	71.4450	73.2850	70.8200	71.8700	31147
2025-12-31 16:00:00	71.8600	71.9950	69.5750	69.7400	34437
2025-12-31 20:00:00	69.7400	70.9950	69.2550	70.9800	9285
2026-01-02 04:00:00	72.7950	73.8000	72.6050	73.5200	7318
2026-01-02 08:00:00	73.5000	74.2100	73.4550	73.7800	9387
2026-01-02 12:00:00	73.7800	74.1200	72.1250	72.2100	31641
2026-01-02 16:00:00	72.1900	72.2800	70.8800	71.4350	27563
2026-01-02 20:00:00	71.4600	72.2600	71.3850	72.1900	4173
2026-01-04 20:00:00	72.7400	73.7650	72.5300	73.6150	3719
2026-01-05 00:00:00	73.6300	76.0500	73.5400	74.8500	20376
2026-01-05 04:00:00	74.8550	75.4150	74.6700	75.2550	6841
2026-01-05 08:00:00	75.2550	76.0200	74.3650	74.4150	13082
2026-01-05 12:00:00	74.4000	77.2050	74.1750	77.1250	49318
2026-01-05 16:00:00	77.1100	77.8350	75.5700	76.0600	31214
2026-01-05 20:00:00	76.0400	76.8700	75.6150	76.0700	4874
2026-01-06 00:00:00	76.0800	78.8950	75.7000	78.7350	15760
2026-01-06 04:00:00	78.7300	79.2900	77.7550	77.8450	13835
2026-01-06 08:00:00	77.8350	78.3900	77.2000	78.2050	11172
2026-01-06 12:00:00	78.2000	80.7950	78.0000	80.3100	48253
2026-01-06 16:00:00	80.2950	81.4850	79.8600	80.0950	38257
2026-01-06 20:00:00	79.9750	82.5850	79.9400	82.2000	6875
2026-01-07 00:00:00	82.1950	82.5000	79.1850	80.1900	27135
2026-01-07 04:00:00	80.1900	80.3000	78.1000	79.7550	19083
2026-01-07 08:00:00	79.7100	79.9500	78.6600	78.6950	9835
2026-01-07 12:00:00	78.7250	78.9500	76.0800	76.8600	52585
2026-01-07 16:00:00	77.0200	78.6400	76.9000	78.1950	30410
2026-01-07 20:00:00	78.2000	78.6700	77.8150	78.6350	3722
2026-01-08 00:00:00	78.6250	78.9000	77.3000	77.7600	15327
2026-01-08 04:00:00	77.7000	77.7700	75.2100	75.6450	17858
2026-01-08 08:00:00	75.6550	76.0400	74.8950	75.0650	11519
2026-01-08 12:00:00	75.0700	75.7700	73.5300	75.5700	42848
2026-01-08 16:00:00	75.5550	76.2000	74.9650	75.6550	25417
2026-01-08 20:00:00	75.6700	76.9900	75.6400	76.4100	6562
2026-01-09 00:00:00	76.4250	77.2950	75.1500	76.2850	15327
2026-01-09 04:00:00	76.2750	77.2200	76.0200	76.8850	7502
2026-01-09 08:00:00	76.8750	78.0050	76.8100	77.7450	10734
2026-01-09 12:00:00	77.7250	80.1950	77.0450	80.1250	43714
2026-01-09 16:00:00	80.1250	80.4650	79.1350	79.7750	32043
2026-01-09 20:00:00	79.7600	80.0700	79.3410	79.3410	4796
2026-01-11 20:00:00	80.5100	81.5700	80.1900	81.3900	4340
2026-01-12 00:00:00	81.3950	83.9050	81.2500	83.3450	27840
2026-01-12 04:00:00	83.3550	84.6900	83.1200	84.1400	13499
2026-01-12 08:00:00	84.1250	84.5500	83.5500	83.8350	8201
2026-01-12 12:00:00	83.8250	85.8450	83.7050	85.3700	48487
2026-01-12 16:00:00	85.3600	86.3400	84.8250	85.6750	34127
2026-01-12 20:00:00	85.6900	85.7350	83.3550	84.3400	7362
2026-01-13 00:00:00	84.3450	85.8950	83.5100	85.3450	14513
2026-01-13 04:00:00	85.3350	85.8350	84.3550	85.0800	12688
2026-01-13 08:00:00	85.0600	85.9750	85.0000	85.7850	8755
2026-01-13 12:00:00	85.7900	89.2150	85.4500	88.7500	58230
2026-01-13 16:00:00	88.7600	89.1100	86.1150	87.4100	50956
2026-01-13 20:00:00	87.3850	87.7200	85.7800	87.6800	8519
2026-01-14 00:00:00	87.6700	90.7000	87.5750	90.6650	24931
2026-01-14 04:00:00	90.6450	91.3700	88.9000	89.9500	29448
2026-01-14 08:00:00	89.9650	90.6000	89.0250	90.3850	14830
2026-01-14 12:00:00	90.3900	92.1950	90.0800	91.7650	61733
2026-01-14 16:00:00	91.7900	93.0200	89.5750	92.7400	58267
2026-01-14 20:00:00	92.7350	93.7000	90.9450	92.0650	17636
2026-01-15 00:00:00	92.0650	92.8500	86.1250	87.6250	49997
2026-01-15 04:00:00	87.6350	89.7300	86.6400	89.0750	20326
2026-01-15 08:00:00	89.0450	91.4050	88.7000	91.1150	19885
2026-01-15 12:00:00	91.1100	91.3000	87.6000	90.5000	56823
2026-01-15 16:00:00	90.4750	92.9500	89.8250	92.3900	39568
2026-01-15 20:00:00	92.4100	92.6450	90.1000	91.3350	9886
2026-01-16 00:00:00	91.3100	92.0000	89.2100	90.0150	18328
2026-01-16 04:00:00	90.0200	91.6600	89.6150	90.7350	11737
2026-01-16 08:00:00	90.7500	91.5950	89.8750	90.8900	13091
2026-01-16 12:00:00	90.9050	90.9050	86.5700	87.5850	68795
2026-01-16 16:00:00	87.5950	89.5050	87.4750	89.1750	31788
2026-01-16 20:00:00	89.1500	89.9650	88.5700	89.9450	6023
2026-01-19 04:00:00	88.5370	93.1900	88.5370	92.8550	715
2026-01-20 04:00:00	94.0750	94.4600	93.1200	94.1750	11628
2026-01-20 08:00:00	94.1550	95.6200	94.0950	95.5750	14465
2026-01-20 12:00:00	95.5550	95.7800	92.9700	93.6800	43510
2026-01-20 16:00:00	93.6950	94.9850	93.4150	94.3800	23065
2026-01-20 20:00:00	94.3650	94.7800	93.5800	94.7650	6667
2026-01-21 00:00:00	94.7650	95.5300	93.2750	93.8300	16655
2026-01-21 04:00:00	93.7900	95.0500	93.6450	94.6150	7902
2026-01-21 08:00:00	94.5900	95.2850	94.3500	94.6400	8871
2026-01-21 12:00:00	94.6350	95.0650	92.1150	93.5800	44688
2026-01-21 16:00:00	93.5850	93.8700	90.1500	91.2250	35388
2026-01-21 20:00:00	91.1650	93.1850	90.7350	90.8300	11251
2026-01-22 00:00:00	90.8450	93.3200	90.6800	93.2650	14372
2026-01-22 04:00:00	93.2600	94.2650	93.0000	94.0800	8345
2026-01-22 08:00:00	94.1150	94.3000	93.3000	93.4850	8940
2026-01-22 12:00:00	93.4850	95.8850	92.7650	95.6950	32216
2026-01-22 16:00:00	95.7000	96.7350	95.2000	96.0000	32837
2026-01-22 20:00:00	96.0100	96.9950	95.9900	96.9600	4611
2026-01-23 00:00:00	96.9650	99.2000	96.6750	98.6950	18839
2026-01-23 04:00:00	98.7000	99.3950	98.4800	98.7550	8455
2026-01-23 08:00:00	98.7300	99.0350	97.5900	99.0100	13226
2026-01-23 12:00:00	99.0100	100.4650	98.6400	100.0400	43767
2026-01-23 16:00:00	100.0600	102.3450	100.0600	102.1900	37082
2026-01-23 20:00:00	102.1850	103.5300	101.8800	103.3850	11019
2026-01-25 20:00:00	104.7750	105.1800	103.8000	104.9750	5931
2026-01-26 00:00:00	105.0000	109.3200	104.5500	108.0900	40938
2026-01-26 04:00:00	108.0800	108.4100	106.1350	108.1900	19797
2026-01-26 08:00:00	108.1800	110.0650	108.0100	109.3200	21237
2026-01-26 12:00:00	109.3250	112.3450	108.4600	112.1050	62985
2026-01-26 16:00:00	112.1050	117.7000	106.4200	107.4050	122397
2026-01-26 20:00:00	107.4350	109.8550	101.7000	106.6100	33775
2026-01-27 00:00:00	106.6200	111.2750	104.2450	109.6800	32677
2026-01-27 04:00:00	109.7150	113.5500	107.1450	112.5950	22110
2026-01-27 08:00:00	112.5800	113.0650	110.1500	111.5400	20951
2026-01-27 12:00:00	111.5300	113.0750	104.8500	108.1900	68644
2026-01-27 16:00:00	108.2000	109.4500	105.5250	109.2950	46353
2026-01-27 20:00:00	109.2750	113.3750	109.2000	112.9050	21764
2026-01-28 00:00:00	112.9400	115.3550	111.8500	114.6500	23952
2026-01-28 04:00:00	114.6450	116.1650	113.5400	114.6800	15928
2026-01-28 08:00:00	114.6650	115.0500	111.1500	112.4700	21224
2026-01-28 12:00:00	112.4950	115.6750	111.8800	113.1000	48411
2026-01-28 16:00:00	113.1050	115.0250	110.4000	114.3800	42079
2026-01-28 20:00:00	114.3350	119.5100	114.0850	117.8150	17573
2026-01-29 00:00:00	117.8600	118.6550	116.1550	117.4450	15694
2026-01-29 04:00:00	117.4700	120.5650	117.1050	118.1400	16232
2026-01-29 08:00:00	118.0900	118.4700	115.2450	118.4150	17769
2026-01-29 12:00:00	118.4000	121.7850	106.6100	109.6300	75886
2026-01-29 16:00:00	109.5800	116.7100	109.1150	113.3550	46963
2026-01-29 20:00:00	113.3400	117.8350	112.2300	117.4950	9285
2026-01-30 00:00:00	117.4250	118.4500	107.8200	109.7800	25382
2026-01-30 04:00:00	109.7350	112.3000	104.3700	106.9000	16572
2026-01-30 08:00:00	106.8400	106.8450	95.1200	102.9850	44914
2026-01-30 12:00:00	103.0250	104.0000	96.3650	98.5000	51926
2026-02-02 16:00:00	78.7150	81.5500	78.1550	81.1350	17783
2026-02-02 20:00:00	81.1000	82.9600	78.8500	82.8650	4439
2026-02-03 00:00:00	82.8900	85.7200	80.9400	83.2850	15805
2026-02-03 04:00:00	83.2850	86.8500	82.3950	86.5600	11019
2026-02-03 08:00:00	86.5250	87.8500	85.2650	86.2150	14062
2026-02-03 12:00:00	86.2950	89.1000	85.9400	88.3600	31242
2026-02-03 16:00:00	88.3400	89.0650	82.4550	84.4300	44004
2026-02-03 20:00:00	84.3500	85.6600	83.0000	84.2950	4840
2026-02-04 00:00:00	84.3200	87.9850	84.3000	87.4500	11720
2026-02-04 04:00:00	87.4050	90.4350	86.6950	90.0350	8502
2026-02-04 08:00:00	90.0750	90.3100	87.9300	90.3100	11282
2026-02-04 12:00:00	90.2750	92.0150	85.9200	86.6300	38907
2026-02-04 16:00:00	86.5950	87.1450	83.2050	86.7050	33909
2026-02-04 20:00:00	86.7800	89.6300	85.2000	89.0250	4848
2026-02-05 00:00:00	89.0400	89.8300	73.4150	77.0000	37208
2026-02-05 04:00:00	77.0250	80.0000	73.5550	79.5700	18648
2026-02-05 08:00:00	79.6100	80.6750	77.2100	77.9150	11696
2026-02-05 12:00:00	77.9050	78.3500	71.5000	73.4050	45181
2026-02-05 16:00:00	73.3600	77.2800	73.2350	74.1250	32671
2026-02-05 20:00:00	74.1200	74.8000	66.5500	66.8800	11395
2026-02-06 00:00:00	66.8900	73.2500	63.9000	72.7200	27018
2026-02-06 04:00:00	72.7600	75.0050	71.5250	71.8550	10903
2026-02-06 08:00:00	71.8600	74.7450	71.1200	74.3300	8564
2026-02-06 12:00:00	74.3200	76.6750	73.4200	75.5850	25317
2026-02-06 16:00:00	75.9800	77.9200	74.7450	77.2200	21358
2026-02-06 20:00:00	77.1600	77.9050	76.3250	76.8950	4000
2026-02-08 20:00:00	78.9300	79.9450	78.3000	79.6500	2403
2026-02-09 00:00:00	79.5950	81.4150	78.7600	80.6600	8837
2026-02-09 04:00:00	80.6950	82.1250	80.0500	80.6950	5297
2026-02-09 08:00:00	80.7000	81.8650	78.3450	79.9150	8314
2026-02-09 12:00:00	79.9850	82.3900	78.7150	82.3400	18127
2026-02-09 16:00:00	82.3650	83.4700	81.7950	83.1700	18540
2026-02-09 20:00:00	83.1700	83.7600	80.5500	81.4800	2557
2026-02-10 00:00:00	81.4250	82.6150	80.4250	81.1300	6132
2026-02-10 04:00:00	81.1350	81.7550	80.2500	81.4400	3554
2026-02-10 08:00:00	81.4150	82.4850	80.9550	81.9800	4906
2026-02-10 12:00:00	82.0250	82.7850	80.1500	80.7100	16977
2026-02-10 16:00:00	80.6650	81.3150	79.6150	80.9050	15904
2026-02-10 20:00:00	80.8350	81.4000	80.3350	81.1350	2052
2026-02-11 00:00:00	81.1350	82.5600	80.7800	82.4000	2885
2026-02-11 04:00:00	82.4200	83.8750	81.7450	83.6250	4817
2026-02-11 08:00:00	83.6450	86.0500	83.1350	85.8700	8340
2026-02-11 12:00:00	85.8750	86.1200	82.3250	83.1400	26023
2026-02-11 16:00:00	83.1500	84.7000	82.4600	83.9650	15782
2026-02-11 20:00:00	84.0200	84.8750	82.5250	82.5300	1527
2026-02-12 00:00:00	82.5100	83.8250	81.1250	83.2400	5600
2026-02-12 04:00:00	83.1650	83.9050	82.3600	83.0300	3511
2026-02-12 08:00:00	83.0800	83.7700	82.8250	83.2500	3640
2026-02-12 12:00:00	83.2250	83.4200	81.6600	82.2700	13647
2026-02-12 16:00:00	82.2450	82.4200	74.5800	76.1600	52199
2026-02-12 20:00:00	76.1400	76.3550	73.7450	74.9200	5067
2026-02-13 00:00:00	74.9050	77.1000	74.5000	76.8350	7850
2026-02-13 04:00:00	76.8200	78.1650	75.6950	77.6150	5787
2026-02-13 08:00:00	77.6400	79.0950	76.4800	77.2400	8550
2026-02-13 12:00:00	77.1900	79.2650	75.8850	76.9800	19091
2026-02-13 16:00:00	76.9500	78.3800	76.9500	77.3200	10006
2026-02-13 20:00:00	77.3300	77.5500	76.5350	77.2700	2280
2026-02-15 20:00:00	77.9640	77.9640	75.7000	76.2800	423
2026-02-16 00:00:00	76.2650	77.4400	74.6900	75.1800	2846
2026-02-16 04:00:00	75.2150	75.3400	74.7000	75.0900	419
2026-02-17 04:00:00	75.0150	75.1250	72.5050	74.8700	5137
2026-02-17 08:00:00	74.8250	75.3300	73.5150	74.5650	4779
2026-02-17 12:00:00	74.5550	75.1450	71.8150	73.1200	19846
2026-02-17 16:00:00	73.1550	74.1200	72.0000	73.5450	16017
2026-02-17 20:00:00	73.5200	73.7950	72.2500	72.4500	1358
2026-02-18 00:00:00	72.3850	74.6850	72.3000	74.6450	3617
2026-02-18 04:00:00	74.5950	76.1800	74.4600	75.6950	3605
2026-02-18 08:00:00	75.7050	76.2800	75.2100	75.4200	4307
2026-02-18 12:00:00	75.3950	78.2550	75.2550	77.6000	15266
2026-02-18 16:00:00	77.6800	78.3200	76.2300	76.6300	14928
2026-02-18 20:00:00	76.6250	77.6050	76.4750	77.0800	1817
2026-02-19 00:00:00	77.0600	77.9450	76.3000	77.8700	2694
2026-02-19 04:00:00	77.8550	79.1500	77.5650	78.7800	2645
2026-02-19 08:00:00	78.7600	79.4050	77.1750	77.8100	5874
2026-02-19 12:00:00	77.8000	79.0850	76.8950	78.5700	14523
2026-02-19 16:00:00	78.5550	78.5900	77.2600	77.6700	10945
2026-02-19 20:00:00	77.7150	78.6650	77.6850	77.8700	1557
2026-02-20 00:00:00	77.9100	78.6550	77.2850	77.5450	2808
2026-02-20 04:00:00	77.5600	78.9500	77.5600	78.6250	2118
2026-02-20 08:00:00	78.6550	81.1000	78.5950	80.4250	7219
2026-02-20 12:00:00	80.4050	82.5400	79.7500	81.7750	21772
2026-02-20 16:00:00	81.8050	83.4300	81.4200	83.3450	15443
2026-02-20 20:00:00	83.3300	84.6450	83.2950	84.5400	5241
2026-02-22 20:00:00	85.8100	87.1600	85.7900	86.8900	2952
2026-02-23 00:00:00	86.8800	87.6850	85.8050	87.0300	6560
2026-02-23 04:00:00	87.0350	87.4250	85.0500	85.6750	5581
2026-02-23 08:00:00	85.6600	86.8900	85.4850	86.3350	6423
2026-02-23 12:00:00	86.3350	87.8450	85.4500	86.4650	19432
2026-02-23 16:00:00	86.4200	87.6700	85.7200	87.5150	16482
2026-02-23 20:00:00	87.5150	88.8600	87.4950	87.9450	3570
2026-02-24 00:00:00	87.9450	88.0800	84.6050	86.7950	10129
2026-02-24 04:00:00	86.7450	88.7250	86.5250	87.7200	5353
2026-02-24 08:00:00	87.6900	88.4700	87.4550	87.9550	6484
2026-02-24 12:00:00	87.8850	88.1100	85.2000	87.7250	23991
2026-02-24 16:00:00	87.6700	88.2250	86.5200	86.9150	16760
2026-02-24 20:00:00	86.9050	87.6600	86.5050	87.2000	2194
2026-02-25 00:00:00	87.1800	89.8500	86.7350	89.5450	4154
2026-02-25 04:00:00	89.5200	91.1800	89.1350	90.3300	3052
2026-02-25 08:00:00	90.2550	91.6500	90.0400	91.0400	16092
2026-02-25 12:00:00	91.0550	91.5650	89.9350	91.2500	24585
2026-02-25 16:00:00	91.2300	91.9850	90.9300	91.7700	9304
2026-02-25 20:00:00	91.7900	91.8650	87.8000	88.1900	8853
2026-02-26 00:00:00	88.1900	90.9900	88.1050	89.8850	8001
2026-02-26 04:00:00	89.8600	90.5550	88.6000	88.9750	5006
2026-02-26 08:00:00	88.9950	89.0650	86.7000	87.5650	8351
2026-02-26 12:00:00	87.5950	88.0950	85.5450	87.9500	19881
2026-02-26 16:00:00	87.9850	88.9600	86.7950	88.8200	9800
2026-02-26 20:00:00	88.8100	89.5100	88.4950	88.7550	2823
2026-02-27 00:00:00	88.7750	90.6150	88.3050	89.9500	6011
2026-02-27 04:00:00	89.9450	91.1650	89.8900	90.7400	3620
2026-02-27 08:00:00	90.7700	90.9300	89.6400	90.5700	3574
2026-02-27 12:00:00	90.5650	94.4550	90.0250	94.1600	20550
2026-02-27 16:00:00	94.1850	94.7600	92.9200	93.8050	15154
2026-02-27 20:00:00	93.8100	94.5000	93.6450	94.3500	2484
2026-03-01 20:00:00	95.6850	96.8250	95.0000	96.1800	2768
2026-03-02 00:00:00	96.1500	96.2150	92.3100	94.7300	11108
2026-03-02 04:00:00	94.7650	96.4900	93.5950	96.4900	4797
2026-03-02 08:00:00	96.4150	96.5500	94.6650	94.9700	4916
2026-03-02 12:00:00	94.9850	95.6550	88.6000	88.9350	29178
2026-03-02 16:00:00	88.9250	90.0050	86.7250	89.6250	19221
2026-03-02 20:00:00	89.6350	91.0850	89.4950	90.3000	4084
2026-03-03 00:00:00	90.3050	91.6050	88.4650	90.4050	7403
2026-03-03 04:00:00	90.4250	90.5150	83.0050	87.2850	18608
2026-03-03 08:00:00	87.2750	87.8600	78.0600	81.3600	25381
2026-03-03 12:00:00	81.4250	83.6700	79.3000	82.7800	25631
2026-03-03 16:00:00	82.8000	84.3750	81.8900	83.2800	16606
2026-03-03 20:00:00	83.3400	83.7850	81.7400	83.2250	2372
2026-03-04 00:00:00	83.2500	85.7250	82.1000	85.1400	6402
2026-03-04 04:00:00	85.1150	85.5800	83.8100	85.0300	3434
2026-03-04 08:00:00	84.9550	86.8700	84.5200	86.4100	5732
2026-03-04 12:00:00	86.3950	87.0700	83.2700	84.3950	15677
2026-03-04 16:00:00	84.4350	84.8200	82.3250	83.7500	11077
2026-03-04 20:00:00	83.7350	84.1900	83.0400	84.1700	1227
2026-03-05 00:00:00	84.2000	85.7500	84.0750	85.0200	3809
2026-03-05 04:00:00	85.0550	85.2250	80.5650	83.7450	7294
2026-03-05 08:00:00	83.7250	85.1550	82.9100	84.3000	5322
2026-03-05 12:00:00	84.3350	84.9450	81.5250	82.5350	18543
2026-03-05 16:00:00	82.5650	82.6850	80.7700	81.1650	10537
2026-03-05 20:00:00	81.1900	83.5300	80.9100	83.0050	2271
2026-03-06 00:00:00	82.9600	84.9000	82.0200	84.6150	4980
2026-03-06 04:00:00	84.6150	84.9550	83.6300	84.9350	3327
2026-03-06 08:00:00	84.9200	85.0850	82.0350	82.4350	6137
2026-03-06 12:00:00	82.4750	85.3350	81.7850	84.4350	16406
2026-03-06 16:00:00	84.4400	85.1300	83.7600	84.7000	6649
2026-03-06 20:00:00	84.6750	84.7550	83.8600	84.3110	1804
2026-03-08 20:00:00	82.8500	84.2250	81.0650	82.0500	4279
2026-03-09 00:00:00	82.0350	83.4950	79.6400	83.1000	9799
2026-03-09 04:00:00	83.1200	85.0350	82.4550	83.6700	6317
2026-03-09 08:00:00	83.6950	84.7300	82.9450	83.3450	4063
2026-03-09 12:00:00	83.4050	85.4350	83.3150	84.7100	9701
2026-03-09 16:00:00	84.7050	87.0550	84.1350	86.7200	9008
2026-03-09 20:00:00	86.7350	88.4900	86.6750	87.7000	2265
2026-03-10 00:00:00	87.6800	90.3850	86.9200	88.4750	7475
2026-03-10 04:00:00	88.4300	89.5550	88.2700	89.4850	3125
2026-03-10 08:00:00	89.5100	89.7500	88.0800	88.6200	3953
2026-03-10 12:00:00	88.6200	90.0950	88.1550	89.8300	12277
2026-03-10 16:00:00	89.8500	90.0950	87.2000	88.6950	10587
2026-03-10 20:00:00	88.6800	89.2150	88.3150	88.7050	738
2026-03-11 00:00:00	88.7500	89.7050	88.0300	88.3850	3084
2026-03-11 04:00:00	88.4300	88.6900	86.5550	87.1850	4814
2026-03-11 08:00:00	87.1950	87.5800	86.1350	86.4450	5409
2026-03-11 12:00:00	86.4100	86.9450	84.5550	84.9950	16286
2026-03-11 16:00:00	84.9750	86.2300	84.5650	86.1950	7352
2026-03-11 20:00:00	86.1900	86.2600	84.7150	84.7150	815
2026-03-12 00:00:00	84.7550	86.0500	84.0600	85.0600	3666
2026-03-12 04:00:00	84.9050	87.2500	84.4950	87.2250	3456
2026-03-12 08:00:00	87.2400	87.4700	86.6800	87.1500	3548
2026-03-12 12:00:00	87.1600	87.6950	84.6250	85.3900	12869
2026-03-12 16:00:00	85.3850	85.7900	84.5300	84.6950	5892
2026-03-12 20:00:00	84.6650	84.7800	83.1200	84.1300	2879
2026-03-13 00:00:00	84.1300	85.6200	84.0650	84.8850	3269
2026-03-13 04:00:00	84.8050	84.8500	81.5150	82.4750	7016
2026-03-13 08:00:00	82.4750	83.9350	81.6650	83.8200	4802
2026-03-13 12:00:00	83.8350	84.6500	80.2500	80.3450	18516
2026-03-13 16:00:00	80.3400	81.4650	79.5200	80.3650	11761
2026-03-13 20:00:00	80.3700	80.7350	80.0000	80.6450	858
2026-03-15 20:00:00	80.3150	80.6700	79.3250	80.1550	1890
2026-03-16 00:00:00	80.2150	81.6600	78.5350	80.2800	6677
2026-03-16 04:00:00	80.2900	80.8600	79.0100	79.2000	3128
2026-03-16 08:00:00	79.1700	79.6050	77.1250	79.0350	8869
2026-03-16 12:00:00	79.0350	81.8200	78.9500	80.4900	13301
2026-03-16 16:00:00	80.4750	81.6300	79.7100	81.1200	7116
2026-03-16 20:00:00	81.1350	81.4000	80.8350	81.3700	645
2026-03-17 00:00:00	81.3400	81.7850	80.0500	81.5300	2420
2026-03-17 04:00:00	81.5700	82.7600	80.5600	81.1300	3808
2026-03-17 08:00:00	81.1100	81.3150	79.9200	80.3950	3586
2026-03-17 12:00:00	80.3800	81.5950	78.3750	79.3000	11474
2026-03-17 16:00:00	79.3300	80.0750	78.8800	79.3050	5263
2026-03-17 20:00:00	79.3150	79.4900	78.8350	79.3300	473
2026-03-18 00:00:00	79.3800	80.2150	78.2200	78.6950	4004
2026-03-18 04:00:00	78.8250	80.3200	78.3450	79.8600	3762
2026-03-18 08:00:00	79.8600	80.1800	78.4550	78.7000	5703
2026-03-18 12:00:00	78.7250	79.1250	75.6350	76.7150	21640
2026-03-18 16:00:00	76.7200	77.6750	75.9250	76.0400	9651
2026-03-18 20:00:00	76.0200	76.3250	75.0150	75.9500	2243
2026-03-19 00:00:00	75.9600	76.7550	75.5000	75.9400	3583
2026-03-19 04:00:00	75.8650	76.0850	71.2000	71.3050	11296
2026-03-19 08:00:00	71.3150	72.0900	70.0700	70.3750	11928
2026-03-19 12:00:00	70.3500	71.1250	65.5500	70.1850	35821
2026-03-19 16:00:00	70.1600	72.6950	69.8450	72.5850	14479
2026-03-19 20:00:00	72.5800	73.5000	72.0000	72.6000	1292
2026-03-20 00:00:00	72.6500	74.6200	72.3250	74.2000	3985
2026-03-20 04:00:00	74.2050	74.2500	71.2900	73.1000	5857
2026-03-20 08:00:00	73.1000	73.7800	71.2900	72.2700	5974
2026-03-20 12:00:00	72.2750	72.5550	68.5000	69.3400	18747
2026-03-20 16:00:00	69.3050	70.4700	67.7400	68.0300	12043
2026-03-20 20:00:00	68.0450	68.3500	67.8100	67.8100	961
2026-03-22 20:00:00	68.1650	69.7200	67.6700	68.2200	2957
2026-03-23 00:00:00	68.2600	68.5200	64.6700	65.4050	13665
2026-03-23 04:00:00	65.4100	66.6800	61.2100	64.0800	16734
2026-03-23 08:00:00	64.0450	69.5000	63.3900	67.4550	17850
2026-03-23 12:00:00	67.4250	71.0300	66.8550	68.0450	25000
2026-03-23 16:00:00	68.0650	70.4150	68.0000	69.1150	9022
2026-03-23 20:00:00	69.1350	70.3650	68.5350	69.9500	1456
2026-03-24 00:00:00	69.9850	70.1600	66.5200	67.0200	6645
2026-03-24 04:00:00	67.1550	70.7400	66.1150	70.2700	6408
2026-03-24 08:00:00	70.2200	70.5200	68.7150	70.2200	5865
2026-03-24 12:00:00	70.2400	70.5500	67.7600	69.7650	16204
2026-03-24 16:00:00	69.7750	70.2550	68.8950	69.7350	7868
2026-03-24 20:00:00	69.7100	73.3000	69.5300	73.1400	4461
2026-03-25 00:00:00	73.1350	74.8000	72.8200	73.5450	8054
2026-03-25 04:00:00	73.5250	73.8800	72.6050	73.0850	3449
2026-03-25 08:00:00	73.1050	73.8800	72.0950	73.3150	5858
2026-03-25 12:00:00	73.3250	73.5500	71.8950	72.7750	11714
2026-03-25 16:00:00	72.7550	73.0600	71.4200	72.2350	7745
2026-03-25 20:00:00	72.2350	72.3950	70.5150	70.8300	2107
2026-03-26 00:00:00	70.7950	72.3850	70.7800	71.8200	3940
2026-03-26 04:00:00	71.9300	72.1600	69.0800	69.4650	6459
2026-03-26 08:00:00	69.4800	69.7250	67.0650	67.4300	10063
2026-03-26 12:00:00	67.4250	69.8300	67.2350	68.6500	13999
2026-03-26 16:00:00	68.6000	68.7000	66.7050	67.2850	15587
2026-03-26 20:00:00	67.2550	69.1450	67.1350	68.7100	3900
2026-03-27 00:00:00	68.7000	69.6800	67.4400	69.3950	4546
2026-03-27 04:00:00	69.4550	70.4300	69.2250	69.5950	3878
2026-03-27 08:00:00	69.5700	69.6300	67.7450	67.9250	3898
2026-03-27 12:00:00	67.9300	71.7750	67.5650	70.8950	17536
2026-03-27 16:00:00	70.9250	71.1300	69.5100	70.1100	10842
2026-03-27 20:00:00	70.1250	70.2000	69.6950	69.7700	640
2026-03-29 20:00:00	68.5500	69.3100	67.7000	68.1950	2147
2026-03-30 00:00:00	68.2000	70.5750	67.8000	69.9500	4651
2026-03-30 04:00:00	69.9450	70.9100	69.8450	70.6400	2622
2026-03-30 08:00:00	70.6100	71.8300	70.3550	71.3950	4169
2026-03-30 12:00:00	71.4200	72.0250	70.1700	71.1700	8836
2026-03-30 16:00:00	71.1650	71.1650	69.6950	70.2850	6188
2026-03-30 20:00:00	70.3000	70.5500	69.6350	70.0350	1213
2026-03-31 00:00:00	70.0150	73.7100	69.1000	72.1800	9362
2026-03-31 04:00:00	72.2200	73.3000	71.6900	73.2650	3409
2026-03-31 08:00:00	73.2550	73.5600	72.4650	73.3200	4917
2026-03-31 12:00:00	73.3500	74.4100	72.6850	73.8800	11784
2026-03-31 16:00:00	73.8600	75.5650	73.8000	75.5400	12183
2026-03-31 20:00:00	75.5450	75.8700	75.1000	75.1950	1294
2026-04-01 00:00:00	75.1500	75.9550	74.1800	74.2400	4489
2026-04-01 04:00:00	74.2700	75.6000	74.0000	74.1900	5372
2026-04-01 08:00:00	74.2050	75.6400	74.1250	75.3300	3311
2026-04-01 12:00:00	75.3650	75.9850	74.5650	75.8500	11847
2026-04-01 16:00:00	75.8750	76.2650	75.0500	75.3400	7896
2026-04-01 20:00:00	75.3550	75.9200	74.4000	75.4050	1114
2026-04-02 00:00:00	75.3450	75.9850	71.5550	72.3000	11223
2026-04-02 04:00:00	72.2850	72.3000	69.6600	71.6250	8429
2026-04-02 08:00:00	71.6000	71.7900	70.3350	70.7350	4928
2026-04-02 12:00:00	70.7650	73.2100	69.6100	71.9800	17808
2026-04-02 16:00:00	71.9900	73.0700	71.7750	72.7750	7390
2026-04-02 20:00:00	72.7450	73.1950	72.7350	73.1700	437
2026-04-05 20:00:00	72.7200	72.9000	71.3350	71.8000	1917
2026-04-06 00:00:00	71.7600	73.3050	71.7150	72.1000	2438
2026-04-06 04:00:00	72.0950	72.8750	71.8550	72.6450	1423
2026-04-06 08:00:00	72.6450	73.7350	72.5850	73.4250	2578
2026-04-06 12:00:00	73.4350	73.7350	72.0150	72.6750	5709
2026-04-06 16:00:00	72.6900	73.3100	72.2100	73.1250	4078
2026-04-06 20:00:00	73.1150	73.5100	72.8150	72.9750	472
2026-04-07 00:00:00	72.9350	73.2700	71.6700	72.8050	3725
2026-04-07 04:00:00	72.8350	73.6100	71.9000	72.3850	3212
2026-04-07 08:00:00	72.3550	73.3150	71.8000	72.2450	5233
2026-04-07 12:00:00	72.2550	72.5500	69.7800	71.5200	14964
2026-04-07 16:00:00	71.5400	73.2350	71.4100	73.0000	9950
2026-04-07 20:00:00	73.0450	77.1900	72.8800	76.8000	4289
2026-04-08 00:00:00	76.7800	77.4450	76.1550	76.4550	5879
2026-04-08 04:00:00	76.5150	77.7700	76.4750	77.0850	4713
2026-04-08 08:00:00	77.0650	77.5850	76.6400	77.4200	4634
2026-04-08 12:00:00	77.4400	77.8000	74.8050	75.6050	17405
2026-04-08 16:00:00	75.6250	75.8750	73.5700	74.6350	14166
2026-04-08 20:00:00	74.6200	74.7300	73.5450	73.7900	1289
2026-04-09 00:00:00	73.7850	74.5150	72.9250	74.0700	4115
2026-04-09 04:00:00	74.0600	74.3450	73.6500	74.1550	2898
2026-04-09 08:00:00	74.1900	74.7200	73.8900	74.6950	3078
2026-04-09 12:00:00	74.6800	76.1350	74.2350	75.9650	14242
2026-04-09 16:00:00	75.9500	76.8400	75.6500	75.7200	12942
2026-04-09 20:00:00	75.7350	75.8900	75.3100	75.5300	672
2026-04-10 00:00:00	75.5000	76.1200	75.0000	75.9500	3066
2026-04-10 04:00:00	76.0000	76.3050	75.3550	75.4100	1937
2026-04-10 08:00:00	75.4350	75.8250	74.8800	75.7950	2673
2026-04-10 12:00:00	75.8200	77.0050	75.6300	76.1000	12829
2026-04-10 16:00:00	76.1050	76.6600	75.8500	76.5450	10000
2026-04-10 20:00:00	76.5200	76.5450	75.9500	76.0250	856
2026-04-12 20:00:00	73.7700	73.9550	72.5450	73.8200	3824
2026-04-13 00:00:00	73.8400	74.8000	73.7200	74.4750	3988
2026-04-13 04:00:00	74.5150	74.9300	74.2250	74.8450	2243
2026-04-13 08:00:00	74.8600	75.0200	74.0700	74.1300	2311
2026-04-13 12:00:00	74.1250	74.5600	73.6500	74.1650	10457
2026-04-13 16:00:00	74.1700	76.0000	74.0900	75.6100	13367
2026-04-13 20:00:00	75.6100	76.1850	75.5800	75.9350	997
2026-04-14 00:00:00	75.9150	77.1600	75.6050	77.0700	4407
2026-04-14 04:00:00	77.0100	78.1200	76.5750	77.9050	5053
2026-04-14 08:00:00	77.8600	78.2850	77.4200	77.7250	4544
2026-04-14 12:00:00	77.7250	79.5350	77.3100	79.2950	17562
2026-04-14 16:00:00	79.2900	79.8000	79.1050	79.6600	14731
2026-04-14 20:00:00	79.6600	79.8550	79.3950	79.6350	1278
2026-04-15 00:00:00	79.6300	81.1550	79.4250	79.9250	6620
2026-04-15 04:00:00	79.9300	80.0600	79.1000	79.3150	4104
2026-04-15 08:00:00	79.3150	79.4550	78.3050	79.1900	6318
2026-04-15 12:00:00	79.1550	80.6900	78.6500	79.4600	15101
2026-04-15 16:00:00	79.4450	79.8250	79.1600	79.5300	6187
2026-04-15 20:00:00	79.5050	79.7500	79.0000	79.6500	1023
2026-04-16 00:00:00	79.6500	80.7350	79.6500	80.6100	4046
2026-04-16 04:00:00	80.4900	81.0350	80.1400	80.2350	2635
2026-04-16 08:00:00	80.2550	80.2700	79.5150	79.8350	3919
2026-04-16 12:00:00	79.8400	79.9200	78.1600	79.0150	15639
2026-04-16 16:00:00	79.0050	79.1200	78.2700	78.7900	6438
2026-04-16 20:00:00	78.7700	78.9300	78.4000	78.7800	597
2026-04-17 00:00:00	78.7550	79.3350	77.7700	78.9900	3694
2026-04-17 04:00:00	78.9150	79.3000	78.5500	78.9950	2096
2026-04-17 08:00:00	78.9750	79.9050	78.9650	79.7500	4235
2026-04-17 12:00:00	79.7550	83.2450	79.7300	82.4400	26015
2026-04-17 16:00:00	82.4300	82.7500	81.2650	81.4950	9674
2026-04-17 20:00:00	81.4850	81.8420	80.8600	81.8420	912
2026-04-19 20:00:00	79.7650	79.8850	78.7150	79.0800	2228
2026-04-20 00:00:00	79.0750	80.7550	78.7700	80.3100	6250
2026-04-20 08:00:00	81.8420	81.8420	79.1450	79.8600	9682
2026-04-20 12:00:00	79.8800	80.5250	79.4550	79.9200	13704
2026-04-20 16:00:00	79.9050	80.1900	79.6650	79.8800	6654
2026-04-20 20:00:00	79.8750	80.3800	79.7500	80.0200	789
2026-04-21 00:00:00	79.9950	80.1500	78.5900	78.9550	3892
2026-04-21 04:00:00	78.9800	80.0380	78.6500	79.0800	2926
2026-04-21 08:00:00	79.0700	79.3650	78.5650	79.2600	3766
2026-04-21 12:00:00	79.2700	79.3150	76.7000	77.0050	22822
2026-04-21 16:00:00	77.0800	77.3050	75.5350	75.7450	15593
2026-04-21 20:00:00	75.7350	77.3900	75.3800	77.3150	3037
2026-04-22 00:00:00	77.3450	78.2400	77.3300	78.0850	4272
2026-04-22 04:00:00	78.0200	78.6300	77.8050	78.3000	3693
2026-04-22 08:00:00	78.3050	78.3300	77.6950	78.0650	4111
2026-04-22 12:00:00	78.0850	78.4700	77.4200	77.8500	12167
2026-04-22 16:00:00	77.8600	78.0900	77.5850	77.7800	6123
2026-04-22 20:00:00	77.7650	77.8950	77.3900	77.5250	629
2026-04-23 00:00:00	77.5350	78.4050	75.6000	76.0700	9903
2026-04-23 04:00:00	76.0700	76.3350	75.5400	76.1700	5564
2026-04-23 08:00:00	76.2150	76.2700	74.2300	75.5350	10673
2026-04-23 12:00:00	75.5050	77.0750	75.4950	76.0600	20251
2026-04-23 16:00:00	76.0450	76.5200	74.5850	75.5550	15264
2026-04-23 20:00:00	75.5450	75.8000	75.2350	75.4550	603
2026-04-24 00:00:00	75.5800	75.9400	74.6650	74.8100	2777
2026-04-24 04:00:00	74.7700	75.1900	73.8450	74.8700	6450
2026-04-24 08:00:00	74.8400	76.2300	74.5100	75.9400	8269
2026-04-24 12:00:00	75.9500	76.5650	75.1750	76.3450	16022
2026-04-24 16:00:00	76.3350	76.6650	75.9550	75.9700	8345
2026-04-24 20:00:00	75.9500	76.4140	75.6250	76.4140	548
2026-04-26 20:00:00	75.2000	75.2700	74.6900	74.8700	1150
2026-04-27 00:00:00	74.8850	76.5550	74.8000	76.3600	5315
2026-04-27 04:00:00	76.3650	76.5350	75.5750	75.7000	4494
2026-04-27 08:00:00	75.6850	75.9150	75.4100	75.6450	4791
2026-04-27 12:00:00	75.6600	75.9300	74.5900	74.9250	13389
2026-04-27 16:00:00	74.9250	75.7050	74.7750	75.4650	7309
2026-04-27 20:00:00	75.4650	75.9900	75.3050	75.9450	718
2026-04-28 00:00:00	75.9250	76.1550	74.1550	74.6350	2663
2026-04-28 04:00:00	74.5550	74.5900	72.7850	73.7800	12926
2026-04-28 08:00:00	73.8150	74.1600	72.4350	72.6450	9337
2026-04-28 12:00:00	72.7100	74.1650	72.5200	73.6800	23457
2026-04-28 16:00:00	73.6650	74.0100	73.4000	73.6350	8386
2026-04-28 20:00:00	73.6250	73.8000	73.4900	73.8000	724
2026-04-29 00:00:00	73.7750	74.3600	73.2650	74.1000	3275
2026-04-29 04:00:00	74.0800	74.4250	73.4200	73.4400	2285
2026-04-29 08:00:00	73.4400	73.6150	72.9350	73.0050	5177
2026-04-29 12:00:00	72.9600	73.2400	71.7150	71.9700	14539
2026-04-29 16:00:00	71.9800	72.3400	71.3100	72.1800	9061
2026-04-29 20:00:00	72.1650	72.3000	71.6500	72.2750	956
2026-04-30 00:00:00	72.2900	73.4700	72.2750	72.4600	4002
2026-04-30 04:00:00	72.4650	73.7400	72.0300	73.5750	3870
2026-04-30 08:00:00	73.5700	74.4000	73.5450	74.0150	5277
2026-04-30 12:00:00	74.0100	74.2950	73.2750	73.6300	8155
2026-04-30 16:00:00	73.6500	74.3250	73.4700	74.1300	6039
2026-04-30 20:00:00	74.1300	75.7950	74.0800	74.8250	817
2026-05-01 00:00:00	74.8550	75.1050	74.5250	74.8000	1386
2026-05-01 04:00:00	74.7850	74.8400	73.5350	73.6400	2472
2026-05-01 08:00:00	73.6450	74.2150	73.4350	74.1950	2166
2026-05-01 12:00:00	74.2000	77.5250	74.1750	76.6050	19109
2026-05-01 16:00:00	76.6250	76.7800	75.9000	75.9450	6382
2026-05-01 20:00:00	75.9650	76.4310	75.8000	76.4310	505
2026-05-03 20:00:00	76.2400	76.5300	75.9400	76.2200	1043
2026-05-04 00:00:00	76.1700	76.3250	75.5250	76.2900	1677
2026-05-04 04:00:00	76.2350	76.2350	74.9150	74.9200	2145
2026-05-04 08:00:00	74.9300	75.0450	72.6000	73.8500	8995
2026-05-04 12:00:00	73.8550	75.1350	73.0300	73.3600	14093
2026-05-04 16:00:00	73.3400	73.7600	72.9000	73.2900	7936
2026-05-04 20:00:00	73.2750	73.3000	72.9300	73.0450	744
2026-05-05 00:00:00	73.0550	73.6700	72.8050	73.1200	1669
2026-05-05 04:00:00	73.1600	74.2150	73.0350	73.7750	2199
2026-05-05 08:00:00	73.7750	74.2550	73.7000	74.1650	2724
2026-05-05 12:00:00	74.1750	74.6450	73.7200	73.9500	8534
2026-05-05 16:00:00	73.9600	73.9600	73.2300	73.2800	4448
2026-05-05 20:00:00	73.3150	74.5450	73.0500	74.3450	1590
2026-05-06 00:00:00	74.3450	76.2000	74.0450	75.9850	5065
2026-05-06 04:00:00	75.9800	76.8300	75.9200	76.8300	4336
2026-05-06 08:00:00	76.8100	78.3350	76.4800	77.3850	10694
2026-05-06 12:00:00	77.3750	78.3100	76.2550	77.5400	15780
2026-05-06 16:00:00	77.5400	78.0300	77.2300	77.9450	7602
2026-05-06 20:00:00	77.9500	78.2900	77.7550	78.0300	1024
2026-05-07 00:00:00	78.0400	78.8100	77.4550	78.1600	3782
2026-05-07 04:00:00	78.0850	80.2600	77.9800	80.2000	7559
2026-05-07 08:00:00	80.2250	81.5200	79.9350	81.4600	8524
2026-05-07 12:00:00	81.4600	82.6750	77.3030	80.9750	21156
2026-05-07 16:00:00	80.9650	81.0450	79.1500	79.6350	15568
2026-05-07 20:00:00	79.6400	80.3550	78.5800	79.7450	2489
2026-05-08 00:00:00	79.7500	80.7500	79.3150	80.4150	4235
2026-05-08 04:00:00	80.4300	81.2500	79.8200	80.4250	4561
2026-05-08 08:00:00	80.4300	81.4100	80.3450	81.2900	4148
2026-05-08 12:00:00	81.3000	82.1600	80.4300	80.4750	15390
2026-05-08 16:00:00	80.4700	81.4400	80.4250	81.1900	6240
2026-05-08 20:00:00	81.1900	81.1900	80.8050	80.8650	618
2026-05-10 20:00:00	79.9250	80.8100	79.7550	80.4900	1107
2026-05-11 00:00:00	80.4600	82.2050	80.0550	81.2000	5681
2026-05-11 04:00:00	81.1500	81.2900	80.2750	80.8350	3440
2026-05-11 08:00:00	80.8550	81.9800	80.5700	81.9300	3690
2026-05-11 12:00:00	81.9550	86.8000	81.6700	86.7250	35615
2026-05-11 16:00:00	86.7450	86.8950	85.7300	86.8350	10676
2026-05-11 20:00:00	86.8700	88.0000	86.3400	87.9300	3150
2026-05-12 00:00:00	87.9100	87.9100	86.1750	86.7650	6445
2026-05-12 04:00:00	86.7800	87.1800	84.1500	85.1600	9554
2026-05-12 08:00:00	85.1600	85.4100	83.8200	84.8700	6662
2026-05-12 12:00:00	84.8700	86.1300	83.6700	84.7700	22499
2026-05-12 16:00:00	84.8050	87.4600	84.7000	87.3750	11223
2026-05-12 20:00:00	87.3750	88.0200	87.1150	87.8950	1560
2026-05-13 00:00:00	87.8600	88.5800	86.6600	87.2750	7948
2026-05-13 04:00:00	87.3400	87.6700	86.3300	87.2300	4467
2026-05-13 08:00:00	87.2350	88.3850	86.8750	87.8650	4792
2026-05-13 12:00:00	87.8500	89.5650	86.6900	89.5550	18649
2026-05-13 16:00:00	89.5600	90.1050	87.9400	88.3150	14642
2026-05-13 20:00:00	88.3150	88.6350	88.0750	88.4150	1304
2026-05-14 00:00:00	88.4000	89.1650	86.9100	87.0250	8856
2026-05-14 04:00:00	86.9550	88.1650	86.8000	87.5850	5087
2026-05-14 08:00:00	87.5600	88.1600	87.0400	87.2900	5441
2026-05-14 12:00:00	87.2400	87.6300	84.3600	85.4350	21651
2026-05-14 16:00:00	85.4450	85.5400	83.8700	84.0450	9578
2026-05-14 20:00:00	84.0500	84.3800	83.3150	83.9850	2434
2026-05-15 00:00:00	83.9600	84.1800	81.0150	81.8200	9995
2026-05-15 04:00:00	81.8250	81.9350	77.9550	79.3600	15051
2026-05-15 08:00:00	79.3750	79.5500	77.2000	78.7900	12359
2026-05-15 12:00:00	78.7650	79.0400	76.1750	76.6000	23830
2026-05-15 16:00:00	76.6050	77.8050	76.2800	76.6800	10409
2026-05-15 20:00:00	76.6550	77.5470	76.0900	77.5470	1472
2026-05-17 20:00:00	76.7300	77.2450	76.3400	76.9550	1942
2026-05-18 00:00:00	76.9850	77.2250	74.1100	75.5550	10729
2026-05-18 04:00:00	75.5450	76.6650	75.1450	76.2950	6019
2026-05-18 08:00:00	76.2950	77.4800	75.7350	76.7650	6186
2026-05-18 12:00:00	76.7750	78.6200	76.4800	77.2300	17659
2026-05-18 16:00:00	77.2150	78.0150	76.6450	77.7450	8142
2026-05-18 20:00:00	77.7650	79.4000	77.7450	79.1800	1815
2026-05-19 00:00:00	79.1800	79.3650	76.5300	76.6500	5504
2026-05-19 04:00:00	76.5800	77.0650	76.0450	76.8700	4574
2026-05-19 08:00:00	76.9100	76.9750	75.8200	76.1200	3127
2026-05-19 12:00:00	76.1000	76.7500	73.3450	74.8100	21381
2026-05-19 16:00:00	74.8150	75.2800	74.1400	74.2450	6602
2026-05-19 20:00:00	74.2400	74.7300	73.9150	74.4950	1031
2026-05-20 00:00:00	74.4850	75.2300	73.3900	73.8450	4493
2026-05-20 04:00:00	73.9200	75.7500	73.7300	75.2600	3937
2026-05-20 08:00:00	75.2750	76.1400	75.2100	76.0800	3637
2026-05-20 12:00:00	76.0650	76.9950	74.7200	76.0850	17620
2026-05-20 16:00:00	76.0600	76.7450	75.8900	76.3000	6033
2026-05-20 20:00:00	76.3100	76.4400	75.5750	76.2500	693
2026-05-21 00:00:00	76.2550	77.3050	75.5200	75.7150	4382
2026-05-21 04:00:00	75.6100	76.1050	75.0400	75.0850	3612
2026-05-21 08:00:00	75.0950	76.1400	74.8400	75.2800	4632
2026-05-21 12:00:00	75.3100	76.0250	74.6950	75.8850	9905
2026-05-21 16:00:00	75.9100	77.4800	75.9100	77.0950	9509
2026-05-21 20:00:00	77.1150	77.2000	76.8300	76.9850	623
2026-05-22 00:00:00	77.0000	77.0300	76.2200	76.7450	2064
2026-05-22 04:00:00	76.8200	77.4150	76.0450	76.3450	3123
2026-05-22 08:00:00	76.3400	76.5500	75.8850	76.1300	2427
2026-05-22 12:00:00	76.1050	76.8300	75.2650	76.3300	10624
2026-05-22 16:00:00	76.3350	76.7000	75.7500	75.9600	6415
2026-05-22 20:00:00	75.9650	76.1990	75.7600	76.1990	485
2026-05-26 04:00:00	77.1950	77.2150	76.1800	76.6950	2562
2026-05-26 08:00:00	76.7400	76.9150	75.9200	76.2900	3596
2026-05-26 12:00:00	76.2900	76.9750	75.7600	76.2600	9253
2026-05-26 16:00:00	76.2550	77.4050	76.1100	77.3500	5544
2026-05-26 20:00:00	77.3950	77.8500	77.2000	77.6900	1109
2026-05-27 00:00:00	77.7000	77.9000	76.8150	76.9300	2571
2026-05-27 04:00:00	76.8950	77.3450	74.9000	75.2700	5618
2026-05-27 08:00:00	75.2650	75.8600	73.7200	74.0600	7650
2026-05-27 12:00:00	74.0700	75.4900	74.0050	74.7700	14686
2026-05-27 16:00:00	74.7600	75.2600	74.6600	74.9000	5781
2026-05-27 20:00:00	74.8850	75.2300	74.6100	74.7500	506
2026-05-28 00:00:00	74.7350	75.2050	72.4050	72.5200	6261
2026-05-28 04:00:00	72.4950	73.7900	72.0000	73.7200	5048
2026-05-28 08:00:00	73.7250	73.8800	72.9600	73.2550	2904
2026-05-28 12:00:00	73.2750	75.3500	73.0300	75.3450	16320
2026-05-28 16:00:00	75.3500	76.3000	75.0950	75.8500	8295
2026-05-28 20:00:00	75.8400	76.1000	75.8200	75.9650	738
2026-05-29 00:00:00	75.9850	76.7250	75.5850	75.7450	4787
2026-05-29 04:00:00	75.7850	76.2600	75.4700	75.8450	3035
2026-05-29 08:00:00	75.8200	76.0650	75.2150	76.0000	3418
2026-05-29 12:00:00	76.0000	76.9600	74.8150	76.0150	14874
2026-05-29 16:00:00	76.0300	76.2700	75.5950	75.8350	6698
2026-05-29 20:00:00	75.8550	75.9650	75.5500	75.8750	604
2026-05-31 20:00:00	74.9700	76.0050	74.8750	75.9000	1275
2026-06-01 00:00:00	75.8500	76.2950	75.1000	75.6300	3218
2026-06-01 04:00:00	75.6800	76.2550	75.5400	76.0600	3324
2026-06-01 08:00:00	76.1000	76.5650	75.5900	76.0050	4339
2026-06-01 12:00:00	75.9900	76.2050	74.0550	75.1750	15364
2026-06-01 16:00:00	75.1700	75.7400	74.8500	75.1150	6107
2026-06-01 20:00:00	75.1100	75.4200	75.0050	75.3100	489
2026-06-02 00:00:00	75.3000	76.2200	74.7700	75.5250	3091
2026-06-02 04:00:00	75.5600	77.2700	75.5500	77.2600	5169
2026-06-02 08:00:00	77.2550	77.3550	76.4650	76.6200	3552
2026-06-02 12:00:00	76.6100	77.0400	75.5500	76.0950	10762
2026-06-02 16:00:00	76.1050	76.1200	75.0450	75.4550	7087
2026-06-02 20:00:00	75.4450	75.5950	74.5550	75.1050	1402
2026-06-03 00:00:00	75.1300	75.6250	74.1050	75.4250	2920
2026-06-03 04:00:00	75.4150	75.4850	74.2600	74.3300	3007
2026-06-03 08:00:00	74.3350	75.1200	74.2050	74.7900	3366
2026-06-03 12:00:00	74.8100	74.8400	73.3950	73.6450	13621
2026-06-03 16:00:00	73.6450	73.9350	73.3100	73.4350	7318
2026-06-03 20:00:00	73.4350	73.6250	72.5700	73.4000	1937
2026-06-04 00:00:00	73.4050	74.0500	72.9750	73.6500	3035
2026-06-04 04:00:00	73.6950	74.1700	73.1000	73.4300	2754
2026-06-04 08:00:00	73.4400	74.9150	73.3550	74.8950	4309
2026-06-04 12:00:00	74.8550	75.3350	73.4000	74.0800	12136
2026-06-04 16:00:00	74.0900	74.4000	73.8600	74.3150	6374
2026-06-04 20:00:00	74.3400	74.3800	74.0350	74.0500	656
2026-06-05 00:00:00	74.0500	74.0600	72.5200	72.8950	5143
2026-06-05 04:00:00	72.9050	73.0450	71.4400	72.7700	7177
2026-06-05 08:00:00	72.7750	73.2250	72.5850	73.1700	6984
2026-06-05 12:00:00	73.1700	73.7000	68.6300	68.8900	36784
2026-06-05 16:00:00	68.9050	69.4700	67.9650	68.1600	18815
2026-06-05 20:00:00	68.1550	69.1030	67.7000	69.1030	1504
2026-06-07 20:00:00	67.2650	68.3350	67.0250	68.3050	2305
2026-06-08 00:00:00	68.3050	68.6000	67.0200	67.9250	5799
2026-06-08 04:00:00	68.0100	68.1350	66.3050	67.0800	6639
2026-06-08 08:00:00	67.1250	68.7150	66.7250	68.6000	7702
2026-06-08 12:00:00	68.5900	69.0950	67.8500	68.8150	17073
2026-06-08 16:00:00	68.8300	68.9400	68.1900	68.2400	10804
2026-06-08 20:00:00	68.2550	68.5850	67.9400	67.9950	1396
2026-06-09 00:00:00	68.0100	68.4150	67.5350	68.0850	3189
2026-06-09 04:00:00	68.1000	68.7850	67.8850	68.4800	2951
2026-06-09 08:00:00	68.4550	68.9850	68.2900	68.6900	3721
2026-06-09 12:00:00	68.7100	69.1800	65.2450	65.3900	27339
2026-06-09 16:00:00	65.3800	65.9300	64.4600	65.3550	17430
2026-06-09 20:00:00	65.3600	65.5550	64.7750	65.0300	1007
2026-06-10 00:00:00	65.0100	65.2400	63.7600	64.2400	5850
2026-06-10 04:00:00	64.2850	65.3850	63.5450	64.4800	5506
2026-06-10 08:00:00	64.4950	64.6300	63.6650	63.8950	8126
2026-06-10 12:00:00	63.8950	65.8900	63.4650	65.0350	25463
2026-06-10 16:00:00	65.0500	65.3300	63.8250	63.8850	13390
2026-06-10 20:00:00	63.8850	63.8850	61.5950	62.4900	3617
2026-06-11 00:00:00	62.3550	64.6500	62.1450	63.7050	8326
2026-06-11 04:00:00	63.7250	64.6800	63.5400	64.5450	4051
2026-06-11 08:00:00	64.5350	64.8250	63.6150	63.8950	4460
2026-06-11 12:00:00	63.8950	64.4000	62.8950	64.1250	18388
2026-06-11 16:00:00	64.1250	67.6950	63.7400	67.3750	26232
2026-06-11 20:00:00	67.4050	68.0800	67.2050	67.5650	2156
2026-06-12 00:00:00	67.6300	67.8900	66.5800	67.2800	4438
2026-06-12 04:00:00	67.2000	67.2650	65.9650	66.4600	3550
2026-06-12 08:00:00	66.4700	67.6600	66.4000	67.2750	4878
2026-06-12 12:00:00	67.2750	68.1800	66.2850	67.5950	16139
2026-06-12 16:00:00	67.5750	68.4450	67.4300	67.8750	11553
2026-06-12 20:00:00	67.8950	68.1700	67.8700	67.9740	493
2026-06-14 20:00:00	69.9050	70.4500	69.7750	70.3950	2445
2026-06-15 00:00:00	70.4000	70.9050	69.9500	70.4200	4466
2026-06-15 04:00:00	70.4600	70.6250	69.9550	70.3050	4092
2026-06-15 08:00:00	70.2950	71.1100	70.2600	70.8350	5835
2026-06-15 12:00:00	70.8350	71.4000	70.4650	70.7450	14894
2026-06-15 16:00:00	70.7250	70.7850	69.9350	70.2650	8435
2026-06-15 20:00:00	70.2600	70.3050	69.8700	69.9900	816
2026-06-16 00:00:00	69.9750	70.0400	69.1000	69.8950	3230
2026-06-16 04:00:00	69.8900	70.2200	69.2950	70.2050	3337
2026-06-16 08:00:00	70.2100	70.7500	70.0850	70.6650	3473
2026-06-16 12:00:00	70.6450	71.3100	69.5000	70.1350	15634
2026-06-16 16:00:00	70.1400	70.5450	69.8200	70.2050	6012
2026-06-16 20:00:00	70.2050	70.2650	69.8600	69.9450	562
2026-06-17 00:00:00	69.9700	70.6200	69.9550	70.2200	2447
2026-06-17 04:00:00	70.2200	70.5550	69.9600	70.0450	2621
2026-06-17 08:00:00	70.0350	70.1900	69.5700	69.8250	3768
2026-06-17 12:00:00	69.8500	70.9900	69.6100	70.7950	11671
2026-06-17 16:00:00	70.8050	71.6500	66.8500	67.1000	28453
2026-06-17 20:00:00	67.1200	68.4850	67.1000	68.4500	2932
2026-06-18 00:00:00	68.4750	69.9200	68.4700	69.2800	5021
2026-06-18 04:00:00	69.2800	69.3600	68.5250	68.5250	4117
2026-06-18 08:00:00	68.5750	68.6400	66.6350	66.8750	6724
2026-06-18 12:00:00	66.9000	67.6500	66.0000	66.1750	16002
2026-06-18 16:00:00	66.1800	66.4700	65.1850	65.8650	10619
2026-06-18 20:00:00	65.8700	66.0450	65.3150	65.3400	665
2026-06-19 00:00:00	65.4000	65.5900	64.0750	64.0900	2222
2026-06-21 20:00:00	63.8500	65.1250	63.6300	64.4850	1596
2026-06-22 00:00:00	64.4900	67.2300	64.4600	65.6000	6980
2026-06-22 04:00:00	65.6000	66.8700	64.9100	66.2750	4230
2026-06-22 08:00:00	66.2650	66.8550	64.9100	66.5550	3488
2026-06-22 12:00:00	66.5850	66.9500	64.9100	65.5500	15857
2026-06-22 16:00:00	65.5400	65.8300	64.9100	65.2600	8377
2026-06-22 20:00:00	65.2700	65.3250	64.8950	65.0100	689
2026-06-23 00:00:00	65.0000	65.2650	62.7200	63.2400	8878
2026-06-23 04:00:00	63.2250	63.2700	61.8550	61.9450	9499
2026-06-23 08:00:00	61.9450	62.7250	61.8500	62.1300	7422
2026-06-23 12:00:00	62.1250	62.5350	61.5350	62.3250	18620
2026-06-23 16:00:00	62.3300	62.3900	61.3700	61.6400	12145
2026-06-23 20:00:00	61.6450	61.8050	60.8300	61.6800	2190
2026-06-24 00:00:00	61.7150	62.0900	60.7500	61.4050	8134
2026-06-24 04:00:00	61.4100	62.4350	60.9300	61.5650	7273
2026-06-24 08:00:00	61.5700	61.7000	59.4450	59.5050	13256
2026-06-24 12:00:00	59.4950	59.6750	58.0900	58.7600	29814
2026-06-24 16:00:00	58.7650	58.9750	55.7500	57.3150	26222
2026-06-24 20:00:00	57.3100	57.9600	57.1650	57.7300	2446
2026-06-25 00:00:00	57.7800	57.9050	56.4000	57.5200	7957
2026-06-25 04:00:00	57.5400	57.7100	56.5750	57.3300	7823
2026-06-25 08:00:00	57.3250	57.7450	56.9750	57.1650	6447
2026-06-25 12:00:00	57.1800	59.0500	56.7000	58.8100	26578
2026-06-25 16:00:00	58.7950	58.8500	57.7000	57.9150	11947
2026-06-25 20:00:00	57.9000	58.0800	57.6050	57.6500	1080
2026-06-26 00:00:00	57.6000	57.9950	55.6950	56.6300	3426
2026-06-26 04:00:00	56.6050	58.5600	56.2750	58.2900	14344
2026-06-26 08:00:00	58.2850	58.9300	58.0800	58.6000	8978
2026-06-26 12:00:00	58.5900	60.0000	58.3950	59.8000	20376
2026-06-26 16:00:00	59.8100	59.8750	59.2550	59.3600	8258
2026-06-26 20:00:00	59.3600	59.6900	58.9550	59.6740	1768
2026-06-28 20:00:00	59.5400	59.5650	58.9200	59.1100	878
2026-06-29 00:00:00	59.1050	59.5850	58.4850	59.0500	3352
2026-06-29 04:00:00	59.0650	59.3700	58.1600	58.7650	4016
2026-06-29 08:00:00	58.7800	58.9700	57.8400	58.6550	5815
2026-06-29 12:00:00	58.6650	59.2150	57.8650	58.5350	10542
2026-06-29 16:00:00	58.5400	58.8650	58.3600	58.6900	4978
2026-06-29 20:00:00	58.6750	59.0300	58.6500	58.9200	462
2026-06-30 00:00:00	58.8750	58.8950	57.0650	57.6950	7220
2026-06-30 04:00:00	57.7000	60.0850	57.5300	59.4500	7516
2026-06-30 08:00:00	59.4750	59.6400	58.8400	59.5000	4172
2026-06-30 12:00:00	59.5200	60.9100	58.6650	60.0450	16677
2026-06-30 16:00:00	60.0350	60.3450	59.5850	59.6300	5953
2026-06-30 20:00:00	59.6300	59.7650	58.7950	58.8650	2043
2026-07-01 00:00:00	58.8550	59.1550	57.9200	58.2500	4902
2026-07-01 04:00:00	58.2800	58.3200	57.5550	58.1300	4404
2026-07-01 08:00:00	58.1350	59.6100	57.9600	59.4050	4539
2026-07-01 12:00:00	59.3850	61.5450	58.7850	60.6950	19410
2026-07-01 16:00:00	60.7050	60.9150	59.7250	59.7850	7231
2026-07-01 20:00:00	59.7700	59.9200	59.5650	59.6000	959
2026-07-02 00:00:00	59.5950	60.8550	59.4150	60.7750	3640
2026-07-02 04:00:00	60.7500	60.8650	59.8150	59.8350	3764
2026-07-02 08:00:00	59.8400	60.7700	59.7400	60.2600	3229
2026-07-02 12:00:00	60.2500	62.5800	60.1200	61.6000	18251
2026-07-02 16:00:00	61.6150	61.6300	60.8550	61.3400	6952
2026-07-02 20:00:00	61.3350	61.6450	61.2600	61.5550	372
2026-07-03 00:00:00	61.5800	63.0950	61.4950	62.7200	4860
2026-07-05 20:00:00	62.9250	63.7300	62.8150	63.2500	2335
2026-07-06 00:00:00	63.2750	63.5700	62.1950	62.3000	3712
2026-07-06 04:00:00	62.2800	62.8150	62.0200	62.7800	2426
2026-07-06 08:00:00	62.8050	62.8150	62.2650	62.6300	2115
2026-07-06 12:00:00	62.6300	62.8150	61.7700	62.2400	8052
2026-07-06 16:00:00	62.2200	62.8150	61.9500	62.5100	5048
2026-07-06 20:00:00	62.5050	62.8150	62.1850	62.2000	514
2026-07-07 00:00:00	62.1550	62.4500	61.2600	61.5000	3521
2026-07-07 04:00:00	61.5100	61.7100	60.7100	61.2450	3934
2026-07-07 08:00:00	61.2650	61.8400	61.0850	61.8100	2888
2026-07-07 12:00:00	61.8250	62.3150	60.9000	61.0600	9302
2026-07-07 16:00:00	61.0800	61.5050	59.8500	60.6850	6954
2026-07-07 20:00:00	60.6600	60.7650	60.0100	60.0950	1463
2026-07-08 00:00:00	60.0800	61.1700	60.0200	60.7700	4015
2026-07-08 04:00:00	60.7700	61.4550	60.6700	61.0450	4334
2026-07-08 08:00:00	61.0550	61.1000	58.4250	59.1350	13279
2026-07-08 12:00:00	59.1350	59.3850	57.6050	57.7900	15579
2026-07-08 16:00:00	57.7950	59.1050	57.7400	58.8100	8323
2026-07-08 20:00:00	58.8150	58.8900	58.5200	58.7950	913
2026-07-09 00:00:00	58.8300	58.9750	57.9550	58.2400	3516
2026-07-09 04:00:00	58.2600	59.6800	58.0800	59.6100	4267
2026-07-09 08:00:00	59.6200	59.8550	59.1150	59.4150	3415
2026-07-09 12:00:00	59.4200	60.9450	59.3150	60.7550	11352
2026-07-09 16:00:00	60.7650	61.0300	60.2850	60.3300	5879
2026-07-09 20:00:00	60.3200	60.4550	60.2850	60.4100	373
2026-07-10 00:00:00	60.4600	61.1950	60.1500	60.7750	3440
2026-07-10 04:00:00	60.7800	60.9350	60.1800	60.3200	2495
2026-07-10 08:00:00	60.3250	60.3650	59.6550	59.8100	3688
2026-07-10 12:00:00	59.8200	60.4500	59.2450	60.3800	9157
2026-07-10 16:00:00	60.3800	60.4400	59.9200	60.1200	4092
2026-07-10 20:00:00	60.1100	60.4250	60.0950	60.1650	412
2026-07-12 20:00:00	59.2550	59.3750	58.8900	59.3350	1037
2026-07-13 00:00:00	59.3650	59.7750	58.4000	58.5600	4361
2026-07-13 04:00:00	58.5450	58.9100	58.0750	58.8700	4583
2026-07-13 08:00:00	58.8750	59.3650	58.6450	58.9200	3186
2026-07-13 12:00:00	58.9150	59.0850	57.8250	58.3450	10356
2026-07-13 16:00:00	58.3450	58.4250	57.5950	58.0200	8604
2026-07-13 20:00:00	58.0250	58.1050	57.7100	57.9200	417
2026-07-14 00:00:00	57.9450	58.0900	57.1650	57.9800	4642
2026-07-14 04:00:00	58.0500	58.7450	57.8450	58.3050	3814
2026-07-14 08:00:00	58.3050	58.5000	58.0550	58.3900	1972
2026-07-14 12:00:00	58.3950	60.0400	58.1250	59.1600	18430
2026-07-14 16:00:00	59.1500	59.2500	58.8100	59.1550	5580
2026-07-14 20:00:00	59.1600	59.1850	58.9600	59.1100	417
2026-07-15 00:00:00	59.1450	59.4050	58.5350	58.7400	2810
2026-07-15 04:00:00	58.7550	58.8950	58.3050	58.4800	3286
2026-07-15 08:00:00	58.4800	58.7800	58.1500	58.4900	2578
2026-07-15 12:00:00	58.4950	59.1950	57.7650	57.9550	10289
2026-07-15 16:00:00	57.9750	58.7450	56.9200	58.0750	14060
2026-07-15 20:00:00	58.0800	58.2300	58.0300	58.0950	839
2026-07-16 00:00:00	58.0950	58.1500	57.1600	57.5200	3639
2026-07-16 04:00:00	57.5200	57.7700	57.0000	57.1700	3838
2026-07-16 08:00:00	57.1500	57.4100	56.6850	57.0250	5570
2026-07-16 12:00:00	57.0400	57.1100	55.6550	56.5850	17444
2026-07-16 16:00:00	56.5950	56.5950	55.5950	55.9850	8969
2026-07-16 20:00:00	55.9900	55.9900	55.6500	55.8300	659
2026-07-17 00:00:00	55.8500	56.0300	55.0000	55.6300	5681
2026-07-17 04:00:00	55.6450	56.2650	55.1600	55.6750	4520
2026-07-17 08:00:00	55.6800	55.9700	55.4350	55.6400	2981
2026-07-17 12:00:00	55.6650	56.4750	55.1000	56.3500	12281
2026-07-17 16:00:00	56.3600	56.4600	56.1100	56.4150	4843
2026-07-17 20:00:00	56.4050	56.4050	56.1250	56.3260	0
2026-07-19 20:00:00	55.9250	56.1500	55.7600	56.1500	634
2026-07-20 00:00:00	56.1700	57.6350	55.8700	57.2950	5492
2026-07-20 04:00:00	57.3050	57.3300	56.6350	57.2600	3217
2026-07-20 08:00:00	57.2900	57.7550	56.9700	57.3500	4059
2026-07-20 12:00:00	57.3500	57.4500	56.6500	57.2050	9094
2026-07-20 16:00:00	57.2000	57.4450	56.6300	56.6650	5396
2026-07-20 20:00:00	56.6800	56.7500	56.3800	56.6500	922
2026-07-21 00:00:00	56.6200	58.1450	56.4750	58.1050	4727
2026-07-21 04:00:00	58.1250	59.4300	58.0200	59.4300	7308
2026-07-21 08:00:00	59.4200	59.5500	59.0000	59.1500	5112
2026-07-21 12:00:00	59.1600	59.5300	58.5550	59.2600	12349
2026-07-21 16:00:00	59.2450	59.4100	58.9850	59.0250	4840
2026-07-21 20:00:00	59.0450	59.2300	58.9650	59.1600	866
2026-07-22 00:00:00	59.1650	60.3000	59.0850	60.0700	5338
2026-07-22 04:00:00	60.0900	60.1050	59.3850	59.4150	3817
2026-07-22 08:00:00	59.4700	59.9500	59.4100	59.6650	2559
2026-07-22 12:00:00	59.6550	61.2700	59.1950	60.5950	13154
2026-07-22 16:00:00	60.5750	60.6150	59.8650	59.9600	7588
2026-07-22 20:00:00	59.9700	60.2350	59.0500	60.0300	884
2026-07-23 00:00:00	60.0400	60.3600	59.7150	60.0450	2759
2026-07-23 04:00:00	60.0400	60.2050	58.9100	59.2200	3988
2026-07-23 08:00:00	59.2350	59.3050	58.2000	58.8150	4683
2026-07-23 12:00:00	58.8200	58.8300	57.3200	57.8750	15984
2026-07-23 16:00:00	57.8700	58.2100	57.6750	57.8450	5406
2026-07-23 20:00:00	57.8550	57.9800	57.8150	57.8200	492
2026-07-24 00:00:00	57.8500	58.1650	57.3600	57.5500	3351
2026-07-24 04:00:00	57.5000	58.7200	57.4550	58.4700	3335
2026-07-24 08:00:00	58.4750	58.9250	58.3350	58.7350	3282
2026-07-24 12:00:00	58.7650	59.2900	58.1250	59.1750	10224
2026-07-24 16:00:00	59.1800	59.2200	58.3500	58.4900	5365
2026-07-24 20:00:00	58.4850	58.9060	58.3950	58.9060	268
2026-07-26 20:00:00	59.8100	60.1800	59.5900	59.9600	1804
2026-07-27 00:00:00	59.9700	60.3950	59.5550	59.5950	3599
2026-07-27 04:00:00	59.6000	60.1050	59.4000	59.4850	3158
2026-07-27 08:00:00	59.4850	59.7400	59.3050	59.3450	2987
2026-07-27 12:00:00	59.3650	59.4450	58.5700	58.9100	9419
2026-07-27 16:00:00	58.9100	59.2700	58.4300	58.8200	6490
2026-07-27 20:00:00	58.8100	58.8350	58.5700	58.6500	611
2026-07-28 00:00:00	58.6500	58.6700	57.2650	57.5800	5105
2026-07-28 04:00:00	57.5900	57.7900	56.9000	57.7000	4288
2026-07-28 08:00:00	57.6950	57.9000	57.2200	57.5500	3620
2026-07-28 12:00:00	57.5750	57.7450	56.8650	57.6600	12168
2026-07-28 16:00:00	57.6650	57.7800	57.2500	57.4050	6151
2026-07-28 20:00:00	57.4000	57.4750	57.0900	57.4550	745
2026-07-29 00:00:00	57.4800	58.2200	57.1650	57.5850	2462
2026-07-29 04:00:00	57.5600	58.4600	57.5350	58.3250	2824
2026-07-29 08:00:00	58.3200	58.3350	57.5750	57.8500	2843
2026-07-29 12:00:00	57.9000	57.9450	56.9250	57.2200	10894
2026-07-29 16:00:00	57.2250	59.5400	57.0350	57.5250	19073
2026-07-29 20:00:00	57.5350	58.7600	57.2800	58.4400	1660
2026-07-30 00:00:00	58.4300	58.8900	57.5700	57.7300	4356
2026-07-30 04:00:00	57.7700	57.7900	57.1450	57.1700	3295
2026-07-30 08:00:00	57.1550	58.4950	57.1200	58.3400	3317
2026-07-30 12:00:00	58.3350	58.9000	58.0050	58.8450	11765
2026-07-30 16:00:00	58.8450	59.5000	58.7750	59.4500	7001
2026-07-30 20:00:00	59.4450	59.5700	59.1500	59.3200	1395
2026-07-31 00:00:00	59.3350	59.3850	58.5350	58.6150	2236
2026-07-31 04:00:00	58.6000	58.9900	58.2600	58.4500	2889
2026-07-31 08:00:00	58.4700	58.5300	57.8750	58.0500	3339
2026-07-31 12:00:00	58.0600	58.1400	57.2200	57.6900	12038
2026-07-31 16:00:00	57.6700	58.1950	57.5400	58.1400	5883
2026-07-31 20:00:00	58.1250	58.1650	57.7550	57.7860	608
2026-08-02 20:00:00	58.6600	58.6900	58.3800	58.5200	650
2026-08-03 00:00:00	58.5050	58.6050	58.0150	58.4050	1878
2026-08-03 04:00:00	58.4350	58.8000	57.9650	58.4850	3194
2026-08-03 08:00:00	58.4800	58.6000	57.9350	58.1900	2303
2026-08-03 12:00:00	58.1750	58.2400	56.7050	57.6250	14313
2026-08-03 16:00:00	57.6350	58.4150	57.5600	58.2700	7266
2026-08-03 20:00:00	58.2650	58.4750	58.1850	58.4600	679
2026-08-04 00:00:00	58.4650	59.0500	58.1850	58.9100	4499
2026-08-04 04:00:00	58.8850	59.3950	58.8750	59.2050	3716
2026-08-04 08:00:00	59.2100	59.7150	58.7800	59.6800	6226
2026-08-04 12:00:00	59.6750	60.2400	59.3550	59.9450	16086
2026-08-04 16:00:00	59.9500	60.2850	59.7450	59.7900	8759
2026-08-04 20:00:00	59.7900	59.8350	59.6200	59.6700	730
2026-08-05 00:00:00	59.6650	61.2100	59.6400	61.0300	5301
2026-08-05 04:00:00	61.0100	62.1800	60.9400	62.1200	7516
2026-08-05 08:00:00	62.1050	62.2900	61.3400	62.2250	5048
2026-08-05 12:00:00	62.2400	63.0200	61.7050	62.1400	19919
2026-08-05 16:00:00	62.1500	62.6100	61.9700	62.2550	9223
2026-08-05 20:00:00	62.2550	62.5500	62.1750	62.4150	1106
2026-08-06 00:00:00	62.4050	63.3200	62.1600	62.3100	6159
2026-08-06 04:00:00	62.3300	62.4100	61.7200	62.1450	3951
2026-08-06 08:00:00	62.1750	62.4850	61.8700	62.0750	3439
2026-08-06 12:00:00	62.1000	62.1000	61.2150	61.3300	12435
2026-08-06 16:00:00	61.3350	62.0750	61.1200	62.0300	6360
2026-08-06 20:00:00	62.0250	62.1400	61.6950	61.9300	1344
2026-08-07 00:00:00	61.9150	62.6150	61.4200	62.5800	4028
2026-08-07 04:00:00	62.5800	64.1700	62.4400	64.1400	11320
2026-08-07 08:00:00	64.1450	64.9600	64.1200	64.4100	9442
2026-08-07 12:00:00	64.4250	65.4800	63.5250	63.5550	23082
2026-08-07 16:00:00	63.5700	63.9250	63.2900	63.8350	13371
2026-08-07 20:00:00	63.8450	63.8450	63.4990	63.4990	768
2026-08-09 20:00:00	63.8850	64.1350	63.6900	63.7350	780
2026-08-10 00:00:00	63.7250	64.2400	63.1950	63.8150	4305
2026-08-10 04:00:00	63.8200	64.6300	63.7550	64.5050	4421
2026-08-10 08:00:00	64.5100	64.6000	64.0000	64.2500	3707
2026-08-10 12:00:00	64.2500	65.3750	63.7850	65.2650	14818
2026-08-10 16:00:00	65.2550	66.2500	64.9650	65.9100	12571
2026-08-10 20:00:00	65.9150	66.0700	65.8250	65.9900	464
2026-08-11 00:00:00	65.9950	66.6850	65.5950	65.9600	6895
2026-08-11 04:00:00	65.9550	66.0350	64.4700	64.6350	8135
2026-08-11 08:00:00	64.6700	65.5150	64.6650	65.3650	5007
2026-08-11 12:00:00	65.3550	65.5150	64.5200	65.1250	13615
2026-08-11 16:00:00	65.1100	65.2800	64.5700	64.9300	9519
2026-08-11 20:00:00	64.9500	65.0650	64.8050	64.9400	575
2026-08-12 00:00:00	64.9400	65.9550	64.8800	65.5550	4804
2026-08-12 04:00:00	65.5550	66.3800	65.1200	66.2300	5190
2026-08-12 08:00:00	66.2600	66.9800	66.2500	66.5100	6082
2026-08-12 12:00:00	66.4950	66.9000	65.6800	65.9650	19568
2026-08-12 16:00:00	65.9550	66.0650	65.2700	65.5500	12658
2026-08-12 20:00:00	65.5450	65.5750	65.2200	65.4600	697
2026-08-13 00:00:00	65.4750	66.4500	65.0800	65.4750	7676
2026-08-13 04:00:00	65.4850	65.8200	64.6250	64.7300	6563
2026-08-13 08:00:00	64.7250	65.2300	64.3150	65.2300	5327
2026-08-13 12:00:00	65.2250	65.5950	64.5500	64.8300	15442
2026-08-13 16:00:00	64.8200	65.1450	64.3800	64.5400	10348
2026-08-13 20:00:00	64.5450	64.8250	64.4750	64.7150	716
2026-08-14 00:00:00	64.7050	64.8800	63.8450	64.1800	5331
2026-08-14 04:00:00	64.1350	64.8650	63.6450	64.7700	4232
2026-08-14 08:00:00	64.7600	65.1900	64.6600	65.1700	4255
2026-08-14 12:00:00	65.1600	65.8850	64.9500	65.2050	11057
2026-08-14 16:00:00	65.2150	65.2950	64.8200	64.8800	5909
2026-08-14 20:00:00	64.8750	65.1080	64.7850	65.1080	465
2026-08-16 20:00:00	64.9250	65.3900	64.9000	64.9650	1437
2026-08-17 00:00:00	64.9900	66.3950	64.9650	65.6950	5038
2026-08-17 04:00:00	65.7250	66.1250	65.5500	65.8600	3811
2026-08-17 08:00:00	65.8300	65.9800	65.5600	65.8100	3672
2026-08-17 12:00:00	65.8000	66.7350	65.2250	66.6100	15235
2026-08-17 16:00:00	66.6200	66.6400	65.8150	66.0550	9841
2026-08-17 20:00:00	66.0450	66.0900	65.7600	66.0850	1146
2026-08-18 00:00:00	66.0950	66.6850	65.2750	65.3050	6468
2026-08-18 04:00:00	65.3000	65.5300	64.8450	65.1100	5589
2026-08-18 08:00:00	65.1150	65.2750	64.9400	65.2650	3613
2026-08-18 12:00:00	65.2600	65.4150	63.6000	64.0800	21207
2026-08-18 16:00:00	64.0800	64.2250	63.4250	63.6700	8937
2026-08-18 20:00:00	63.6600	63.6900	62.8350	63.0450	4133
2026-08-19 00:00:00	63.0500	63.4300	62.4500	63.1350	7457
2026-08-19 04:00:00	63.1300	63.3650	62.6400	63.1550	5927
2026-08-19 08:00:00	63.1350	63.7400	63.1000	63.6200	4873
2026-08-19 12:00:00	63.6250	66.0250	63.5750	65.9750	32693
2026-08-19 16:00:00	65.9900	66.5450	65.5950	66.5050	13599
2026-08-19 20:00:00	66.5100	67.3600	66.4200	67.1000	3438
2026-08-20 00:00:00	67.0750	67.4650	66.5050	67.2800	8282
2026-08-20 04:00:00	67.3000	67.4200	66.5850	66.7100	6304
2026-08-20 08:00:00	66.7150	67.0950	66.2600	66.2650	5719
2026-08-20 12:00:00	66.2900	69.0450	65.7550	68.3800	34584
2026-08-20 16:00:00	68.3900	68.5000	67.8250	68.3400	10907
2026-08-20 20:00:00	68.3200	68.4500	68.1150	68.2800	1605
2026-08-21 00:00:00	68.2550	69.1000	67.9600	68.9400	6091
2026-08-21 04:00:00	68.9450	69.4850	68.7750	69.3600	7244
2026-08-21 08:00:00	69.3800	70.0800	69.1750	69.7500	12640
2026-08-21 12:00:00	69.7650	69.9000	68.9250	69.5800	21875
2026-08-21 16:00:00	69.5850	70.0200	69.3150	69.4400	11987
2026-08-21 20:00:00	69.4250	69.5300	68.8650	69.5300	1756
2026-08-23 20:00:00	69.4200	69.4900	68.8850	69.3650	1159
2026-08-24 00:00:00	69.3950	69.6650	68.4200	68.9600	7705
2026-08-24 04:00:00	68.9600	69.4250	68.6300	68.8650	5288
2026-08-24 08:00:00	68.8750	69.5150	68.6050	69.2650	7142
2026-08-24 12:00:00	69.2650	69.9250	68.3350	68.5450	24509
2026-08-24 16:00:00	68.5550	68.9150	68.3100	68.8250	11817
2026-08-24 20:00:00	68.8500	69.7850	68.8100	69.7200	1676
2026-08-25 00:00:00	69.7500	69.9850	67.5000	67.9300	9337
2026-08-25 04:00:00	67.9550	68.6250	67.7050	68.0150	6033
2026-08-25 08:00:00	68.0150	68.5940	67.5300	68.0700	7523
2026-08-25 12:00:00	68.0800	68.8800	67.3850	68.8250	17072
2026-08-25 16:00:00	68.8300	69.2800	68.5100	68.9400	9316
2026-08-25 20:00:00	68.9500	69.0950	68.5850	68.7450	1063
2026-08-26 00:00:00	68.7300	69.7500	68.1900	69.2600	7266
2026-08-26 04:00:00	69.2200	69.4250	68.6100	68.6700	6645
2026-08-26 08:00:00	68.6500	68.7050	68.3650	68.6200	6123
2026-08-26 12:00:00	68.6400	68.9600	67.4850	67.9000	21854
2026-08-26 16:00:00	67.9050	68.2650	67.8000	68.1300	7376
2026-08-26 20:00:00	68.1300	68.9700	67.8700	68.8750	1159
2026-08-27 00:00:00	68.8950	69.5500	68.3900	68.9800	2318
2026-08-27 04:00:00	69.0000	69.3000	68.3050	69.1900	11368
2026-08-27 08:00:00	69.1850	69.3150	68.7050	69.0500	5410
2026-08-27 12:00:00	69.0350	70.2500	68.3300	70.2150	21138
2026-08-27 16:00:00	70.2250	70.5300	69.8000	70.2550	11863
2026-08-27 20:00:00	70.2500	70.2750	69.9200	69.9300	1063
2026-08-28 00:00:00	69.9300	70.4700	69.2150	69.5650	5940
2026-08-28 04:00:00	69.5900	71.7750	69.4050	71.5200	8852
2026-08-28 08:00:00	71.5100	71.6050	70.9400	71.0200	5429
2026-08-28 12:00:00	71.0050	72.0500	68.6900	68.8150	39126
2026-08-28 16:00:00	68.8350	68.9500	66.8300	67.1850	24605
2026-08-28 20:00:00	67.1750	67.7860	66.9900	67.7860	873
2026-08-30 20:00:00	66.9600	67.3850	66.6950	67.1850	2669
2026-08-31 00:00:00	67.1700	67.5550	66.3650	66.8400	5563
2026-08-31 04:00:00	66.8450	67.7600	66.8000	67.6600	4431
2026-08-31 08:00:00	67.6550	68.1500	67.5600	67.9900	3163
2026-08-31 12:00:00	67.9650	68.1800	66.7300	66.8200	12797
2026-08-31 16:00:00	66.8000	67.3350	66.7300	67.2700	6435
2026-08-31 20:00:00	67.2750	67.4000	67.1000	67.2850	842
2026-09-01 00:00:00	67.2900	67.6250	66.7350	67.4100	5206
2026-09-01 04:00:00	67.3950	67.7200	66.6000	67.0600	4173
2026-09-01 08:00:00	67.0550	67.1100	65.0700	65.3850	12154
2026-09-01 12:00:00	65.3950	65.9050	64.8300	65.8400	15961
2026-09-01 16:00:00	65.8450	65.9750	64.6150	64.6950	10501
2026-09-01 20:00:00	64.6850	64.8600	64.5450	64.6850	1698
2026-09-02 00:00:00	64.6950	64.9650	63.8800	64.2450	7207
2026-09-02 04:00:00	64.2650	64.8000	64.2200	64.5800	3157
2026-09-02 08:00:00	64.5850	64.9700	64.1500	64.9050	4433
2026-09-02 12:00:00	64.9100	66.1750	64.7850	65.6900	15590
2026-09-02 16:00:00	65.6850	65.9600	65.4200	65.9600	6393
2026-09-02 20:00:00	65.9500	66.1700	65.8200	65.9300	998
2026-09-03 00:00:00	65.9250	66.7050	65.7750	66.6750	3937
2026-09-03 04:00:00	66.6400	66.7900	66.1750	66.4700	5077
2026-09-03 08:00:00	66.4650	66.7950	65.9700	66.3750	5008
2026-09-03 12:00:00	66.3700	68.0800	66.1700	67.6950	19124
2026-09-03 16:00:00	67.7000	67.8550	67.4500	67.6450	6005
2026-09-03 20:00:00	67.6450	67.6900	67.5100	67.5950	652
2026-09-04 00:00:00	67.5850	67.8100	67.1750	67.2150	3786
2026-09-04 04:00:00	67.1950	67.6350	66.8800	67.5800	3400
2026-09-04 08:00:00	67.5700	67.7600	67.2050	67.5000	3370
2026-09-04 12:00:00	67.5100	67.8000	65.3350	66.7650	23810
2026-09-04 16:00:00	66.7650	66.9050	66.3600	66.8350	5092
2026-09-04 20:00:00	66.8300	66.8450	66.7400	66.7480	384
2026-09-08 04:00:00	67.6450	67.7650	66.4600	66.5550	4947
2026-09-08 08:00:00	66.5700	66.9250	66.3150	66.8950	4225
2026-09-08 12:00:00	66.8900	67.2950	66.3850	66.8350	12652
2026-09-08 16:00:00	66.8250	67.2150	66.1400	66.3700	8880
2026-09-08 20:00:00	66.3600	66.4700	66.1300	66.2000	1317
2026-09-09 00:00:00	66.2100	67.3100	66.2000	66.8750	3566
2026-09-09 04:00:00	66.8500	67.6450	66.7050	67.4950	3901
2026-09-09 08:00:00	67.5000	67.5050	66.6850	66.9350	4239
2026-09-09 12:00:00	66.9250	68.9600	66.6150	67.9200	29690
2026-09-09 16:00:00	67.9250	68.9800	67.7950	67.8800	10823
2026-09-09 20:00:00	67.8750	68.0450	67.7550	67.8250	1122
2026-09-10 00:00:00	67.8200	68.3000	67.8050	67.9950	3786
2026-09-10 04:00:00	68.0050	68.5850	67.7100	67.9400	3979
2026-09-10 08:00:00	67.9350	67.9900	66.0850	66.1400	11885
2026-09-10 12:00:00	66.1400	66.3300	64.4550	64.8750	34465
2026-09-10 16:00:00	64.8700	65.0050	64.0500	64.1800	13602
2026-09-10 20:00:00	64.1850	64.1950	63.7600	63.9450	1072
2026-09-11 00:00:00	63.9400	64.3200	63.5100	63.5700	6144
2026-09-11 04:00:00	63.5650	64.6950	63.5200	64.4750	6017
2026-09-11 08:00:00	64.4850	64.8500	64.2250	64.3150	5439
2026-09-11 12:00:00	64.3450	65.8200	63.1500	64.9850	26192
2026-09-11 16:00:00	64.9950	65.2350	64.6100	64.9100	7158
2026-09-11 20:00:00	64.9150	65.1880	64.8650	65.1880	474
