Time	Open	High	Low	Close	Volume
2016-09-12 04:00:00	19.0350	19.0350	18.7150	18.9150	253
2016-09-13 04:00:00	19.1700	19.1700	18.8900	18.8900	76
2016-09-14 04:00:00	18.9950	18.9950	18.9820	18.9820	107
2016-09-15 04:00:00	18.9650	19.0400	18.8100	18.9590	133
2016-09-16 04:00:00	18.8900	18.8900	18.7500	18.7810	79
2016-09-19 04:00:00	18.8750	19.2350	18.8750	19.2060	48
2016-09-20 04:00:00	19.2000	19.2000	19.1400	19.1950	13
2016-09-21 04:00:00	19.6860	19.6860	19.6860	19.6860	22
2016-09-22 04:00:00	19.9850	20.0200	19.8800	20.0200	42
2016-09-23 04:00:00	19.8550	19.8550	19.7330	19.7330	48
2016-09-26 04:00:00	19.5600	19.5600	19.5160	19.5160	38
2016-09-27 04:00:00	19.3800	19.3800	19.0870	19.0870	30
2016-09-28 04:00:00	19.0500	19.0550	19.0440	19.0440	56
2016-09-29 04:00:00	19.2250	19.2250	19.0100	19.1150	94
2016-09-30 04:00:00	19.4000	19.6000	19.1390	19.1390	70
2016-10-03 04:00:00	18.8700	18.8700	18.7950	18.7950	13
2016-10-04 04:00:00	18.5000	18.5000	17.7130	17.7130	160
2016-10-05 04:00:00	17.8500	17.8500	17.6050	17.6340	19
2016-10-06 04:00:00	17.7350	17.7650	17.2800	17.2880	16
2016-10-07 04:00:00	17.2450	17.5200	17.1950	17.3240	69
2016-10-11 04:00:00	17.6500	17.6500	17.4560	17.4560	5
2016-10-12 04:00:00	17.5000	17.5000	17.4550	17.4550	11
2016-10-13 04:00:00	17.4400	17.4500	17.4100	17.4100	9
2016-10-14 04:00:00	17.3450	17.4350	17.3300	17.3930	32
2016-10-17 04:00:00	17.4150	17.4260	17.4150	17.4260	13
2016-10-18 04:00:00	17.6500	17.6500	17.4950	17.5910	21
2016-10-19 04:00:00	17.5850	17.7100	17.5850	17.6160	9
2016-10-20 04:00:00	17.6850	17.6850	17.4250	17.5020	17
2016-10-21 04:00:00	17.4480	17.4480	17.4480	17.4480	0
2016-10-24 04:00:00	17.5620	17.5620	17.5620	17.5620	12
2016-10-25 04:00:00	17.6300	17.7360	17.6300	17.7360	12
2016-10-26 04:00:00	17.6550	17.6550	17.5850	17.5850	6
2016-10-27 04:00:00	17.5900	17.6040	17.5900	17.6040	33
2016-10-28 04:00:00	17.6250	17.8550	17.6050	17.7620	38
2016-10-31 04:00:00	17.8100	17.8100	17.7620	17.7620	4
2016-11-01 04:00:00	18.0000	18.4500	18.0000	18.3850	50
2016-11-02 04:00:00	18.3300	18.6600	18.3300	18.6600	14
2016-11-03 04:00:00	18.3830	18.3830	18.3300	18.3830	4
2016-11-04 04:00:00	18.3420	18.3700	18.3420	18.3420	10
2016-11-07 05:00:00	18.1500	18.1950	18.1240	18.1240	10
2016-11-08 05:00:00	18.3000	18.7000	18.3000	18.3300	21
2016-11-09 05:00:00	18.7700	18.8000	18.3570	18.3570	19
2016-11-10 05:00:00	18.4750	18.7160	18.4600	18.7160	4
2016-11-14 05:00:00	17.4600	17.4600	16.8050	16.8770	22
2016-11-15 05:00:00	17.0500	17.0500	17.0290	17.0290	1
2016-11-16 05:00:00	16.9140	16.9250	16.9140	16.9140	1
2016-11-17 05:00:00	16.7610	16.7610	16.7610	16.7610	0
2016-11-18 05:00:00	16.6130	16.6130	16.6130	16.6130	3
2016-11-21 05:00:00	16.5120	16.5500	16.5120	16.5120	3
2016-11-22 05:00:00	16.6230	16.6230	16.6230	16.6230	2
2016-11-23 05:00:00	16.2550	16.3830	16.2550	16.3830	2
2016-11-25 05:00:00	16.5400	16.5400	16.4640	16.4640	1
2016-11-28 05:00:00	16.5780	16.5780	16.5780	16.5780	66688
2016-11-29 05:00:00	16.6050	16.7000	16.3900	16.6610	17875
2016-11-30 05:00:00	16.5450	16.7150	16.3950	16.4060	1213
2016-12-01 05:00:00	16.4950	16.6300	16.2500	16.4270	777
2016-12-02 05:00:00	16.6150	16.7750	16.3050	16.7530	144
2016-12-05 05:00:00	16.9050	16.9600	16.5250	16.8240	204
2016-12-06 05:00:00	16.8400	16.8600	16.7400	16.7400	268
2016-12-07 05:00:00	16.6650	17.2030	16.6450	17.2030	40
2016-12-08 05:00:00	17.1000	17.1100	16.9950	17.0250	75
2016-12-09 05:00:00	16.9800	17.0200	16.8200	16.8970	186
2016-12-12 05:00:00	16.8300	17.1450	16.8300	17.1160	104
2016-12-13 05:00:00	17.0750	17.1500	16.7650	16.9110	201
2016-12-14 05:00:00	17.1400	17.1520	16.8000	17.1520	164
2016-12-15 05:00:00	16.5000	16.5000	15.8900	15.8970	420
2016-12-16 05:00:00	16.0000	16.1530	16.0000	16.1530	135
2016-12-19 05:00:00	16.0000	16.0260	15.9800	16.0260	9
2016-12-20 05:00:00	15.7100	16.0540	15.7000	16.0540	17
2016-12-21 05:00:00	16.1050	16.1250	15.9180	15.9180	187
2016-12-22 05:00:00	15.9150	15.9700	15.7900	15.8150	75
2016-12-23 05:00:00	15.7750	15.8000	15.7040	15.7040	10
2016-12-27 05:00:00	15.8400	15.9290	15.8400	15.9290	14
2016-12-28 05:00:00	16.0000	16.0250	15.8750	15.9880	397
2016-12-29 05:00:00	15.9950	16.2000	15.9950	16.1630	119
2016-12-30 05:00:00	16.2350	16.2350	15.8600	15.9360	155
2017-01-03 05:00:00	16.0400	16.4350	16.0300	16.3560	6
2017-01-04 05:00:00	16.4000	16.4990	16.3950	16.4990	7
2017-01-05 05:00:00	16.6450	16.7100	16.5840	16.5840	5
2017-01-06 05:00:00	16.3750	16.4900	16.3750	16.4660	4
2017-01-09 05:00:00	16.4450	16.6600	16.4450	16.6300	4
2017-01-10 05:00:00	16.6350	16.8030	16.5950	16.8030	242
2017-01-11 05:00:00	16.6100	16.7830	16.6100	16.7830	3
2017-01-12 05:00:00	16.7800	16.7800	16.7800	16.7800	5
2017-01-13 05:00:00	16.7200	16.7200	16.7200	16.7200	9
2017-01-17 05:00:00	17.1020	17.1020	17.1020	17.1020	104
2017-01-18 05:00:00	17.2350	17.2350	17.2100	17.2350	104
2017-01-19 05:00:00	16.9670	16.9670	16.9670	16.9670	4
2017-01-20 05:00:00	16.9250	17.1200	16.9250	16.9970	67
2017-01-23 05:00:00	17.2000	17.2000	17.1300	17.1500	10
2017-01-24 05:00:00	17.1490	17.1490	17.1490	17.1490	2
2017-01-25 05:00:00	16.8300	16.9600	16.8300	16.9440	5
2017-01-26 05:00:00	16.8140	16.8140	16.8140	16.8140	0
2017-01-27 05:00:00	17.1000	17.1000	17.1000	17.1000	159
2017-01-30 05:00:00	17.1500	17.1500	17.1220	17.1220	26
2017-01-31 05:00:00	17.3300	17.5600	17.3300	17.5120	29
2017-02-01 05:00:00	17.4500	17.5900	17.4200	17.4200	15
2017-02-02 05:00:00	17.6700	17.6700	17.4020	17.4020	19
2017-02-03 05:00:00	17.4050	17.4530	17.4050	17.4530	2
2017-02-06 05:00:00	17.5950	17.7300	17.5700	17.6670	25
2017-02-07 05:00:00	17.5750	17.7330	17.5750	17.7330	6
2017-02-08 05:00:00	17.6450	17.8000	17.6450	17.6830	16
2017-02-09 05:00:00	17.7500	17.8150	17.7200	17.7200	109
2017-02-10 05:00:00	17.5800	17.9650	17.5800	17.9120	67
2017-02-13 05:00:00	17.9000	17.9000	17.8040	17.8040	8
2017-02-14 05:00:00	17.8720	17.9600	17.8720	17.8720	26
2017-02-15 05:00:00	17.9200	17.9600	17.9200	17.9470	24
2017-02-16 05:00:00	18.0500	18.0630	18.0500	18.0630	16
2017-02-17 05:00:00	18.0050	18.0500	18.0050	18.0190	175
2017-02-21 05:00:00	17.9900	18.0500	17.9600	17.9900	189
2017-02-22 05:00:00	17.9420	17.9420	17.9420	17.9420	18
2017-02-23 05:00:00	18.0550	18.1130	18.0550	18.1130	68
2017-02-24 05:00:00	18.3350	18.3350	18.3350	18.3350	75359
2017-02-27 05:00:00	18.3550	18.4750	18.2050	18.3540	24873
2017-02-28 05:00:00	18.2900	18.4450	18.2350	18.4200	4006
2017-03-01 05:00:00	18.2950	18.4550	18.2500	18.4430	985
2017-03-02 05:00:00	18.4050	18.4050	17.6900	17.7050	898
2017-03-03 05:00:00	17.7900	17.9450	17.6250	17.6970	451
2017-03-06 05:00:00	17.9000	17.9000	17.7000	17.7250	304
2017-03-07 05:00:00	17.7200	17.7200	17.4650	17.4920	359
2017-03-08 05:00:00	17.4850	17.5000	17.2100	17.2570	886
2017-03-09 05:00:00	17.1600	17.2550	16.9250	16.9930	108
2017-03-10 05:00:00	16.9250	17.0500	16.8350	16.8830	170
2017-03-13 04:00:00	16.9750	17.0900	16.9350	16.9350	207
2017-03-14 04:00:00	16.9250	16.9600	16.8880	16.8880	92
2017-03-15 04:00:00	16.9000	17.2200	16.8200	16.8880	122
2017-03-16 04:00:00	17.3900	17.4700	17.2550	17.2960	226
2017-03-17 04:00:00	17.3000	17.3790	17.2800	17.3790	59
2017-03-20 04:00:00	17.4250	17.4250	17.3550	17.4030	83
2017-03-21 04:00:00	17.3350	17.5500	17.3350	17.5500	21
2017-03-22 04:00:00	17.5500	17.5500	17.5400	17.5450	11
2017-03-23 04:00:00	17.5750	17.5750	17.5630	17.5630	29
2017-03-24 04:00:00	17.7200	17.7200	17.7200	17.7200	244
2017-03-27 04:00:00	18.0800	18.1000	18.0800	18.0800	10
2017-03-28 04:00:00	18.1450	18.2250	18.1400	18.2250	74
2017-03-29 04:00:00	18.2280	18.2280	18.2280	18.2280	56
2017-03-30 04:00:00	18.1600	18.2500	18.1600	18.1850	61
2017-03-31 04:00:00	18.1200	18.2350	18.1150	18.2350	19
2017-04-03 04:00:00	18.2200	18.2200	18.1910	18.1910	24
2017-04-04 04:00:00	18.3020	18.3020	18.3020	18.3020	10
2017-04-05 04:00:00	18.2150	18.2150	18.1650	18.1660	33
2017-04-06 04:00:00	18.1700	18.2250	18.1700	18.2250	139
2017-04-07 04:00:00	18.3500	18.4250	18.1300	18.1300	9
2017-04-10 04:00:00	17.8200	17.8940	17.7500	17.8940	57
2017-04-11 04:00:00	18.0400	18.2900	18.0400	18.2330	24
2017-04-12 04:00:00	18.3200	18.3900	18.2790	18.2790	137
2017-04-13 04:00:00	18.4750	18.5000	18.4700	18.4890	7
2017-04-17 04:00:00	18.4930	18.4930	18.4300	18.4930	7
2017-04-18 04:00:00	18.2510	18.2510	18.2510	18.2510	67
2017-04-19 04:00:00	18.1360	18.1360	18.1360	18.1360	67
2017-04-20 04:00:00	17.9920	17.9920	17.9920	17.9920	0
2017-04-21 04:00:00	17.9850	17.9900	17.8300	17.8300	35
2017-04-24 04:00:00	17.8480	17.8480	17.8480	17.8480	4
2017-04-25 04:00:00	17.5810	17.5810	17.5600	17.5810	29
2017-04-26 04:00:00	17.3530	17.3530	17.3530	17.3530	102002
2017-04-27 04:00:00	17.4600	17.4700	17.2050	17.2650	35737
2017-04-28 04:00:00	17.2250	17.3750	17.1300	17.1910	1538
2017-05-01 04:00:00	17.1850	17.2150	16.7600	16.7800	1436
2017-05-02 04:00:00	16.8550	16.9550	16.7550	16.7690	543
2017-05-03 04:00:00	16.8000	16.8350	16.4200	16.4870	1233
2017-05-04 04:00:00	16.4250	16.5500	16.2100	16.2440	679
2017-05-05 04:00:00	16.2900	16.4650	16.1950	16.2150	193
2017-05-08 04:00:00	16.2600	16.3950	16.1990	16.1990	148
2017-05-09 04:00:00	16.1450	16.1850	16.0080	16.0080	89
2017-05-10 04:00:00	16.1450	16.2350	16.1000	16.1510	125
2017-05-11 04:00:00	16.1550	16.3150	16.1550	16.2090	71
2017-05-12 04:00:00	16.2850	16.4050	16.2800	16.3460	36
2017-05-15 04:00:00	16.4350	16.7350	16.4250	16.5610	82
2017-05-16 04:00:00	16.5800	16.7750	16.5800	16.6930	51
2017-05-17 04:00:00	16.8550	16.9550	16.7400	16.8520	124
2017-05-18 04:00:00	16.7000	16.7050	16.5100	16.6210	57
2017-05-19 04:00:00	16.5250	16.7750	16.5250	16.7500	73
2017-05-22 04:00:00	17.1430	17.1430	17.1430	17.1430	2
2017-05-23 04:00:00	17.0800	17.2300	17.0100	17.0910	66
2017-05-24 04:00:00	16.9900	17.0770	16.9900	17.0770	16
2017-05-25 04:00:00	17.1650	17.1900	17.1500	17.1520	86
2017-05-26 04:00:00	17.1050	17.3100	17.1000	17.2830	448
2017-05-30 04:00:00	17.3350	17.4000	17.2100	17.3880	884
2017-05-31 04:00:00	17.2100	17.3680	17.2100	17.3680	47
2017-06-01 04:00:00	17.3000	17.3050	17.0250	17.2430	83
2017-06-02 04:00:00	17.2050	17.5050	17.1200	17.4870	254
2017-06-05 04:00:00	17.5450	17.6000	17.5450	17.5470	11
2017-06-06 04:00:00	17.5100	17.6950	17.5100	17.6770	18
2017-06-07 04:00:00	17.6250	17.6900	17.5100	17.5870	97
2017-06-08 04:00:00	17.5950	17.6050	17.3650	17.3840	23
2017-06-09 04:00:00	17.4550	17.4550	17.1750	17.1930	34
2017-06-12 04:00:00	17.1150	17.1150	16.9140	16.9140	7
2017-06-13 04:00:00	16.9150	16.9150	16.7380	16.7380	35
2017-06-14 04:00:00	16.8400	17.1800	16.8400	17.1070	80
2017-06-15 04:00:00	16.6300	16.7300	16.6300	16.6910	13
2017-06-16 04:00:00	16.7350	16.7350	16.6360	16.6360	4
2017-06-19 04:00:00	16.5100	16.5300	16.4830	16.4830	13
2017-06-20 04:00:00	16.4700	16.5700	16.3750	16.3980	51
2017-06-21 04:00:00	16.4600	16.4700	16.3300	16.3550	22
2017-06-22 04:00:00	16.4400	16.4900	16.4400	16.4900	4
2017-06-23 04:00:00	16.6500	16.6500	16.6280	16.6280	1
2017-06-26 04:00:00	16.4250	16.5600	16.4250	16.5600	4
2017-06-27 04:00:00	16.5760	16.5760	16.5760	16.5760	0
2017-06-28 04:00:00	16.7450	16.7450	16.6850	16.7150	76357
2017-06-29 04:00:00	16.7700	16.8600	16.5550	16.5860	17565
2017-06-30 04:00:00	16.5900	16.6300	16.4400	16.5680	1336
2017-07-03 13:30:00	16.5800	16.5800	16.0300	16.0370	425
2017-07-05 04:00:00	16.1000	16.1000	15.8350	15.8420	615
2017-07-06 04:00:00	15.9950	16.0000	15.8850	15.9270	185
2017-07-07 04:00:00	15.9600	15.9650	15.3000	15.3710	301
2017-07-10 04:00:00	15.5400	15.6150	15.1500	15.5770	286
2017-07-11 04:00:00	15.5750	15.7600	15.4000	15.6970	163
2017-07-12 04:00:00	15.7700	15.8750	15.7600	15.8390	61
2017-07-13 04:00:00	15.8900	15.8900	15.6400	15.6420	20
2017-07-14 04:00:00	15.6350	15.9650	15.5850	15.8840	62
2017-07-17 04:00:00	16.1000	16.1100	16.0400	16.0500	55
2017-07-18 04:00:00	16.0250	16.2550	16.0250	16.2220	97
2017-07-19 04:00:00	16.1400	16.2510	16.1300	16.2510	47
2017-07-20 04:00:00	16.1800	16.3250	16.1350	16.2990	72
2017-07-21 04:00:00	16.2500	16.4400	16.2500	16.4100	69
2017-07-24 04:00:00	16.4150	16.4650	16.3550	16.3980	124
2017-07-25 04:00:00	16.4100	16.4970	16.2650	16.4970	33
2017-07-26 04:00:00	16.4000	16.6100	16.3650	16.4150	100
2017-07-27 04:00:00	16.6250	16.6500	16.5290	16.5290	159
2017-07-28 04:00:00	16.4950	16.6900	16.4900	16.6640	78
2017-07-31 04:00:00	16.7350	16.8250	16.7300	16.7500	276
2017-08-01 04:00:00	16.6350	16.7850	16.6350	16.7280	38
2017-08-02 04:00:00	16.6970	16.6970	16.6970	16.6970	6
2017-08-03 04:00:00	16.5940	16.5940	16.5940	16.5940	2
2017-08-04 04:00:00	16.2650	16.2650	16.2050	16.2220	2
2017-08-07 04:00:00	16.2000	16.2350	16.0900	16.2210	4
2017-08-08 04:00:00	16.3650	16.4200	16.3400	16.3600	35
2017-08-09 04:00:00	16.5050	16.8500	16.4750	16.8340	85
2017-08-10 04:00:00	16.9450	17.2100	16.9450	17.0360	169
2017-08-11 04:00:00	17.0950	17.1050	17.0200	17.0410	49
2017-08-14 04:00:00	17.0550	17.1150	16.9900	17.0930	56
2017-08-15 04:00:00	16.6900	16.6900	16.6900	16.6900	15
2017-08-16 04:00:00	16.6950	17.0650	16.6950	16.9170	28
2017-08-17 04:00:00	17.1300	17.1300	16.9900	17.0300	57
2017-08-18 04:00:00	16.9800	16.9800	16.9800	16.9800	25
2017-08-21 04:00:00	16.9950	16.9950	16.9950	16.9950	16
2017-08-22 04:00:00	16.9620	16.9620	16.9620	16.9620	15
2017-08-23 04:00:00	17.0320	17.0320	17.0320	17.0320	37
2017-08-24 04:00:00	17.0550	17.0600	16.9520	16.9520	50
2017-08-25 04:00:00	16.9520	17.0380	16.9520	17.0380	71
2017-08-28 04:00:00	17.4310	17.4310	17.4310	17.4310	0
2017-08-29 04:00:00	17.4220	17.4220	17.4220	17.4220	115109
2017-08-30 04:00:00	17.3900	17.4600	17.2850	17.4040	115109
2017-08-31 04:00:00	17.4200	17.6000	17.2550	17.4800	21198
2017-09-01 04:00:00	17.5650	17.7200	17.4450	17.7190	1473
2017-09-05 04:00:00	17.7800	17.9800	17.7750	17.8450	535
2017-09-06 04:00:00	17.9150	17.9700	17.8000	17.8160	309
2017-09-07 04:00:00	17.8400	18.1050	17.7950	18.0160	807
2017-09-08 04:00:00	18.0900	18.1600	17.9150	18.0270	364
2017-09-11 04:00:00	17.8900	17.8900	17.6950	17.8070	397
2017-09-12 04:00:00	17.7800	17.8700	17.7050	17.7950	355
2017-09-13 04:00:00	17.8600	17.9100	17.6350	17.7720	428
2017-09-14 04:00:00	17.6500	17.7600	17.5800	17.6980	275
2017-09-15 04:00:00	17.7600	17.8000	17.5500	17.6110	244
2017-09-18 04:00:00	17.4900	17.5200	17.0300	17.0710	208
2017-09-19 04:00:00	17.1350	17.2400	17.1150	17.1950	163
2017-09-20 04:00:00	17.2550	17.3400	17.0100	17.2510	87
2017-09-21 04:00:00	16.8950	16.9370	16.8000	16.9370	212
2017-09-22 04:00:00	16.9850	16.9850	16.9030	16.9030	90
2017-09-25 04:00:00	16.8500	17.0900	16.8100	17.0590	172
2017-09-26 04:00:00	16.8750	16.8900	16.7750	16.8040	108
2017-09-27 04:00:00	16.7000	16.8150	16.6950	16.7480	136
2017-09-28 04:00:00	16.7500	16.8300	16.6550	16.7730	177
2017-09-29 04:00:00	16.8100	16.8100	16.6070	16.6070	23
2017-10-02 04:00:00	16.5950	16.6350	16.5250	16.5850	19
2017-10-03 04:00:00	16.5300	16.5850	16.5300	16.5810	38
2017-10-04 04:00:00	16.6450	16.8200	16.5150	16.5630	54
2017-10-05 04:00:00	16.6500	16.7100	16.5820	16.5820	19
2017-10-06 04:00:00	16.5900	16.7340	16.4300	16.7340	24
2017-10-09 04:00:00	16.8650	16.9300	16.8650	16.9160	4
2017-10-10 04:00:00	16.9350	17.1650	16.9250	17.1550	33
2017-10-11 04:00:00	17.1450	17.2000	17.0650	17.0810	49
2017-10-12 04:00:00	17.2050	17.2200	17.2050	17.2110	43
2017-10-13 04:00:00	17.2150	17.3800	17.2150	17.3550	70
2017-10-16 04:00:00	17.4200	17.4300	17.2800	17.3150	25
2017-10-17 04:00:00	16.9870	17.0100	16.9870	16.9870	55
2017-10-18 04:00:00	16.9430	16.9430	16.9430	16.9430	5
2017-10-19 04:00:00	16.9900	17.2200	16.9900	17.2010	7
2017-10-20 04:00:00	17.1700	17.1700	16.9900	17.0220	16
2017-10-23 04:00:00	16.9200	17.0240	16.8700	17.0240	16
2017-10-24 04:00:00	16.8900	16.9450	16.8900	16.9070	57
2017-10-25 04:00:00	16.8680	16.8680	16.8680	16.8680	28
2017-10-26 04:00:00	16.7640	16.7640	16.7640	16.7640	64
2017-10-27 04:00:00	16.7020	16.7020	16.7020	16.7020	158
2017-10-30 04:00:00	16.7150	16.8450	16.7150	16.8020	123
2017-10-31 04:00:00	16.7950	16.7950	16.6450	16.6450	297
2017-11-01 04:00:00	16.9900	17.1320	16.9900	17.1320	29
2017-11-02 04:00:00	17.0650	17.0940	17.0600	17.0940	18
2017-11-03 04:00:00	17.1050	17.1050	16.7900	16.7940	10
2017-11-06 05:00:00	17.1950	17.2250	17.1950	17.1950	10
2017-11-07 05:00:00	16.9050	16.9250	16.9050	16.9050	1
2017-11-08 05:00:00	17.1060	17.1060	17.1060	17.1060	5
2017-11-09 05:00:00	16.9300	16.9430	16.9300	16.9430	2
2017-11-10 05:00:00	17.0000	17.0000	16.8440	16.8440	1
2017-11-13 05:00:00	16.8400	17.0230	16.8400	17.0230	3
2017-11-14 05:00:00	16.9050	17.0520	16.9050	17.0520	1
2017-11-15 05:00:00	16.9500	16.9500	16.9400	16.9500	1
2017-11-16 05:00:00	16.9500	17.0560	16.9500	17.0560	9
2017-11-17 05:00:00	17.1250	17.3580	17.1250	17.3580	3
2017-11-20 05:00:00	16.8270	16.8270	16.8270	16.8270	0
2017-11-21 05:00:00	16.9490	16.9490	16.9300	16.9490	1
2017-11-22 05:00:00	17.1010	17.1010	17.1010	17.1010	0
2017-11-24 14:30:00	16.9900	16.9900	16.9810	16.9810	1
2017-11-27 05:00:00	17.0200	17.0200	17.0090	17.0090	2
2017-11-28 05:00:00	17.0200	17.0250	16.8110	16.8110	96960
2017-11-29 05:00:00	16.8100	16.8650	16.4500	16.4570	22561
2017-11-30 05:00:00	16.4800	16.5200	16.2850	16.3820	1585
2017-12-01 05:00:00	16.3850	16.4850	16.2000	16.2970	523
2017-12-04 05:00:00	16.3100	16.3400	16.1900	16.2840	893
2017-12-05 05:00:00	16.2500	16.2800	15.9730	15.9730	75
2017-12-06 05:00:00	16.0400	16.0500	15.8680	15.8680	207
2017-12-07 05:00:00	15.8800	15.8850	15.6000	15.7150	174
2017-12-08 05:00:00	15.6750	15.7650	15.6550	15.7360	75
2017-12-11 05:00:00	15.7750	15.8000	15.6250	15.6970	77
2017-12-12 05:00:00	15.6650	15.7000	15.5550	15.5820	197
2017-12-13 05:00:00	15.6400	15.9950	15.6200	15.7840	190
2017-12-14 05:00:00	16.0000	16.0000	15.8000	15.8500	31
2017-12-15 05:00:00	16.0100	16.0100	15.9550	15.9780	373
2017-12-18 05:00:00	15.9800	16.1200	15.9800	16.1200	46
2017-12-19 05:00:00	16.1600	16.1600	16.0660	16.0660	16
2017-12-20 05:00:00	16.0950	16.1880	16.0950	16.1880	16
2017-12-21 05:00:00	16.0950	16.1520	16.0950	16.1520	46
2017-12-22 05:00:00	16.1400	16.3570	16.1400	16.3570	194
2017-12-26 05:00:00	16.4800	16.5200	16.4800	16.5200	64
2017-12-27 05:00:00	16.5950	16.6250	16.5800	16.6190	627
2017-12-28 05:00:00	16.6500	16.8320	16.6500	16.8320	207
2017-12-29 05:00:00	16.9200	17.0600	16.9200	17.0600	17
2018-01-02 05:00:00	17.1550	17.1600	17.1210	17.1210	34
2018-01-03 05:00:00	17.0800	17.1850	17.0800	17.1850	4
2018-01-04 05:00:00	17.0850	17.2300	17.0850	17.1890	34
2018-01-05 05:00:00	17.2050	17.2050	17.2050	17.2050	0
2018-01-08 05:00:00	17.0640	17.0640	17.0640	17.0640	0
2018-01-09 05:00:00	16.9360	16.9450	16.9360	16.9360	9
2018-01-10 05:00:00	16.9630	16.9630	16.9550	16.9630	180
2018-01-11 05:00:00	16.9550	16.9650	16.8940	16.8940	35
2018-01-12 05:00:00	16.9250	17.1200	16.9200	17.0690	52
2018-01-16 05:00:00	17.3050	17.3250	17.1220	17.1220	4
2018-01-17 05:00:00	17.0950	17.1200	16.9700	17.1050	88
2018-01-18 05:00:00	17.0000	17.0100	16.8930	16.8930	6
2018-01-19 05:00:00	16.9350	16.9900	16.9350	16.9750	35
2018-01-22 05:00:00	16.9850	16.9850	16.9310	16.9310	3
2018-01-23 05:00:00	16.8550	16.8550	16.8550	16.8550	10
2018-01-24 05:00:00	17.4250	17.4250	17.4250	17.4250	3
2018-01-25 05:00:00	17.5250	17.5510	17.5250	17.5510	1
2018-01-26 05:00:00	17.3820	17.3820	17.3820	17.3820	41
2018-01-30 05:00:00	17.0550	17.1850	17.0130	17.0130	22
2018-01-31 05:00:00	17.1750	17.2100	17.1750	17.2040	22
2018-02-01 05:00:00	17.1180	17.1180	17.1180	17.1180	0
2018-02-02 05:00:00	16.6760	16.6760	16.6760	16.6760	3
2018-02-05 05:00:00	16.6390	16.6390	16.6390	16.6390	12
2018-02-06 05:00:00	16.7050	16.7050	16.5400	16.5480	206
2018-02-07 05:00:00	16.6300	16.6300	16.2060	16.2060	4
2018-02-08 05:00:00	16.3140	16.3140	16.3140	16.3140	0
2018-02-09 05:00:00	16.1160	16.1160	16.1160	16.1160	16
2018-02-12 05:00:00	16.3750	16.5480	16.3450	16.5480	2
2018-02-13 05:00:00	16.5070	16.5070	16.5070	16.5070	3
2018-02-14 05:00:00	16.8580	16.8580	16.8580	16.8580	201
2018-02-15 05:00:00	16.7770	16.7770	16.7770	16.7770	23
2018-02-16 05:00:00	16.6950	16.6950	16.6950	16.6950	1
2018-02-20 05:00:00	16.4250	16.4250	16.4250	16.4250	0
2018-02-21 05:00:00	16.6040	16.6040	16.6040	16.6040	0
2018-02-22 05:00:00	16.5700	16.5790	16.5700	16.5790	21
2018-02-23 05:00:00	16.5500	16.5550	16.4760	16.4760	20
2018-02-26 05:00:00	16.5420	16.5420	16.5420	16.5420	68118
2018-02-27 05:00:00	16.6100	16.6500	16.2600	16.3460	23900
2018-02-28 05:00:00	16.3350	16.4300	16.3000	16.3240	1018
2018-03-01 05:00:00	16.3500	16.4650	16.0900	16.2000	564
2018-03-02 05:00:00	16.3900	16.4950	16.3600	16.3920	83
2018-03-05 05:00:00	16.4650	16.5450	16.3200	16.3380	143
2018-03-06 05:00:00	16.3700	16.8100	16.3700	16.7150	344
2018-03-07 05:00:00	16.6400	16.6400	16.4000	16.4280	34
2018-03-08 05:00:00	16.4400	16.4650	16.3750	16.4360	70
2018-03-09 05:00:00	16.3300	16.6150	16.3050	16.5460	355
2018-03-12 04:00:00	16.5650	16.5650	16.3900	16.4710	48
2018-03-13 04:00:00	16.4950	16.5600	16.4600	16.5590	19
2018-03-14 04:00:00	16.5350	16.5350	16.4670	16.4670	3
2018-03-15 04:00:00	16.4850	16.4850	16.3050	16.3530	34
2018-03-16 04:00:00	16.3350	16.4050	16.1850	16.2020	34
2018-03-19 04:00:00	16.1650	16.2600	16.1650	16.2550	137
2018-03-20 04:00:00	16.2150	16.2150	16.0500	16.1250	114
2018-03-21 04:00:00	16.3850	16.5300	16.3570	16.3570	76
2018-03-22 04:00:00	16.4900	16.5050	16.3280	16.3280	2
2018-03-23 04:00:00	16.4500	16.5500	16.4500	16.5300	55
2018-03-26 04:00:00	16.7000	16.7250	16.6150	16.6320	43
2018-03-27 04:00:00	16.5050	16.5050	16.4890	16.4890	167
2018-03-28 04:00:00	16.4500	16.4500	16.1950	16.2050	79
2018-03-29 04:00:00	16.2500	16.2500	16.2100	16.2230	39
2018-04-02 04:00:00	16.4700	16.6270	16.4700	16.6270	6
2018-04-03 04:00:00	16.3470	16.3470	16.3470	16.3470	0
2018-04-04 04:00:00	16.4350	16.4450	16.2090	16.2090	39
2018-04-05 04:00:00	16.2000	16.3200	16.1900	16.3200	12
2018-04-06 04:00:00	16.3000	16.3320	16.2850	16.3320	4
2018-04-09 04:00:00	16.3450	16.4990	16.3450	16.4990	35
2018-04-10 04:00:00	16.4100	16.5660	16.4100	16.5660	6
2018-04-11 04:00:00	16.7380	16.7380	16.7380	16.7380	0
2018-04-12 04:00:00	16.6150	16.6150	16.4430	16.4430	3
2018-04-13 04:00:00	16.6280	16.6280	16.6280	16.6280	0
2018-04-16 04:00:00	16.6620	16.6620	16.6620	16.6620	120
2018-04-17 04:00:00	16.7720	16.7720	16.7720	16.7720	0
2018-04-18 04:00:00	16.8250	17.2310	16.8250	17.2310	11
2018-04-19 04:00:00	17.1700	17.2220	17.1700	17.2220	1
2018-04-20 04:00:00	17.1750	17.1750	17.1000	17.1470	127
2018-04-23 04:00:00	16.8250	16.8300	16.5710	16.5710	20
2018-04-24 04:00:00	16.6600	16.6870	16.6600	16.6870	5
2018-04-25 04:00:00	16.5550	16.5550	16.4860	16.4860	2
2018-04-26 04:00:00	16.4880	16.4880	16.4880	16.4880	69508
2018-04-27 04:00:00	16.4900	16.5300	16.3850	16.4060	20148
2018-04-30 04:00:00	16.4750	16.4850	16.1400	16.3120	1573
2018-05-01 04:00:00	16.2800	16.2850	16.0000	16.0390	1407
2018-05-02 04:00:00	16.1900	16.4500	16.1900	16.2910	884
2018-05-03 04:00:00	16.3700	16.5300	16.3400	16.3620	642
2018-05-04 04:00:00	16.4050	16.4400	16.3300	16.4340	296
2018-05-07 04:00:00	16.4900	16.5050	16.3900	16.4130	308
2018-05-08 04:00:00	16.4150	16.4450	16.2500	16.3880	215
2018-05-09 04:00:00	16.5150	16.5150	16.4550	16.4580	152
2018-05-10 04:00:00	16.4600	16.6850	16.4550	16.6800	36
2018-05-11 04:00:00	16.7250	16.7250	16.6760	16.6760	76
2018-05-14 04:00:00	16.6500	16.6500	16.5500	16.5700	67
2018-05-15 04:00:00	16.3500	16.3500	16.1650	16.1940	121
2018-05-16 04:00:00	16.2970	16.2970	16.2970	16.2970	48
2018-05-17 04:00:00	16.3150	16.4130	16.3150	16.4130	136
2018-05-18 04:00:00	16.3800	16.4050	16.3800	16.3870	33
2018-05-21 04:00:00	16.4500	16.4600	16.4500	16.4520	15
2018-05-22 04:00:00	16.5400	16.5400	16.5080	16.5080	72
2018-05-23 04:00:00	16.2950	16.3380	16.2850	16.3380	31
2018-05-24 04:00:00	16.6210	16.6210	16.6210	16.6210	836
2018-05-25 04:00:00	16.5500	16.5500	16.4810	16.4810	64
2018-05-29 04:00:00	16.3050	16.3050	16.3050	16.3050	546
2018-05-30 04:00:00	16.3400	16.5050	16.2600	16.4790	398
2018-05-31 04:00:00	16.5000	16.5000	16.4020	16.4020	65
2018-06-01 04:00:00	16.3880	16.3880	16.3880	16.3880	5
2018-06-04 04:00:00	16.3790	16.3790	16.3790	16.3790	40
2018-06-05 04:00:00	16.3550	16.4950	16.3550	16.4910	18
2018-06-06 04:00:00	16.4650	16.6420	16.4550	16.6420	94
2018-06-07 04:00:00	16.7250	16.8650	16.6800	16.7660	17
2018-06-08 04:00:00	16.7350	16.7600	16.6940	16.6940	16
2018-06-11 04:00:00	16.8700	16.9100	16.8700	16.9050	18
2018-06-12 04:00:00	16.8490	16.8490	16.8490	16.8490	0
2018-06-13 04:00:00	16.9530	17.0700	16.9530	16.9530	6
2018-06-14 04:00:00	17.1200	17.2850	17.1150	17.2260	101
2018-06-15 04:00:00	17.1200	17.2850	16.4520	16.4520	23
2018-06-18 04:00:00	16.4120	16.4120	16.4120	16.4120	5
2018-06-19 04:00:00	16.3050	16.3300	16.3000	16.3030	115
2018-06-20 04:00:00	16.2890	16.2890	16.2890	16.2890	0
2018-06-21 04:00:00	16.3060	16.3060	16.3060	16.3060	0
2018-06-22 04:00:00	16.3050	16.4390	16.2950	16.4390	6
2018-06-25 04:00:00	16.3100	16.3100	16.2950	16.3080	2
2018-06-26 04:00:00	16.2380	16.2380	16.2380	16.2380	4
2018-06-27 04:00:00	16.1390	16.1390	16.1390	16.1390	96137
2018-06-28 04:00:00	16.0350	16.0950	15.8800	15.9510	28819
2018-06-29 04:00:00	15.9650	16.1150	15.9100	16.1040	2765
2018-07-02 04:00:00	16.0550	16.0550	15.7300	15.7440	1009
2018-07-03 13:30:00	15.7900	15.9800	15.7400	15.9520	332
2018-07-05 04:00:00	16.0150	16.0500	15.8950	16.0080	207
2018-07-06 04:00:00	15.9450	16.0000	15.9300	15.9810	163
2018-07-09 04:00:00	16.1700	16.1700	16.0530	16.0530	39
2018-07-10 04:00:00	16.0030	16.0030	16.0030	16.0030	43
2018-07-11 04:00:00	15.7320	15.7350	15.7320	15.7320	53
2018-07-12 04:00:00	15.8700	15.9350	15.8700	15.8980	39
2018-07-13 04:00:00	15.9050	15.9050	15.7100	15.7390	63
2018-07-16 04:00:00	15.7250	15.7350	15.7250	15.7350	7
2018-07-17 04:00:00	15.7100	15.7100	15.5050	15.5460	365
2018-07-18 04:00:00	15.4200	15.5030	15.3550	15.5030	29
2018-07-19 04:00:00	15.2100	15.3400	15.1350	15.3400	46
2018-07-20 04:00:00	15.4000	15.4900	15.4000	15.4900	279
2018-07-23 04:00:00	15.5050	15.5050	15.3550	15.3680	15
2018-07-24 04:00:00	15.3450	15.4950	15.3450	15.4630	65
2018-07-25 04:00:00	15.4350	15.5330	15.4350	15.5330	48
2018-07-26 04:00:00	15.5700	15.5700	15.3750	15.4380	104
2018-07-27 04:00:00	15.3550	15.4950	15.3550	15.4360	227
2018-07-30 04:00:00	15.4400	15.4750	15.4100	15.4750	322
2018-07-31 04:00:00	15.5550	15.5550	15.5000	15.5000	352
2018-08-01 04:00:00	15.4200	15.4200	15.3940	15.3940	19
2018-08-02 04:00:00	15.3750	15.3750	15.2600	15.3290	183
2018-08-03 04:00:00	15.4550	15.4550	15.4060	15.4060	7
2018-08-06 04:00:00	15.2920	15.2920	15.2920	15.2920	1
2018-08-07 04:00:00	15.3170	15.3170	15.3170	15.3170	0
2018-08-08 04:00:00	15.3760	15.3900	15.3760	15.3760	4
2018-08-09 04:00:00	15.4190	15.4190	15.4190	15.4190	141
2018-08-10 04:00:00	15.4250	15.4250	15.2660	15.2660	20
2018-08-13 04:00:00	15.2400	15.2400	14.9530	14.9530	5
2018-08-14 04:00:00	15.0250	15.0250	15.0250	15.0250	2
2018-08-15 04:00:00	15.0400	15.0400	14.3950	14.4210	186
2018-08-16 04:00:00	14.6600	14.7100	14.6350	14.6970	138
2018-08-17 04:00:00	14.6250	14.7500	14.5950	14.6160	19
2018-08-20 04:00:00	14.7000	14.7000	14.6300	14.6550	16
2018-08-21 04:00:00	14.7510	14.7510	14.7510	14.7510	0
2018-08-22 04:00:00	14.7000	14.7350	14.7000	14.7350	1
2018-08-23 04:00:00	14.6250	14.6250	14.4850	14.5270	3
2018-08-24 04:00:00	14.4700	14.8200	14.4700	14.7790	41
2018-08-27 04:00:00	14.8440	14.8440	14.8440	14.8440	0
2018-08-28 04:00:00	14.8200	14.8200	14.7670	14.7670	1
2018-08-29 04:00:00	14.6880	14.6880	14.6880	14.6880	68753
2018-08-30 04:00:00	14.6850	14.7100	14.4300	14.4770	15963
2018-08-31 04:00:00	14.4850	14.6500	14.4250	14.4380	608
2018-09-04 04:00:00	14.4000	14.4000	13.9600	14.0610	750
2018-09-05 04:00:00	14.0850	14.1650	14.0500	14.1180	240
2018-09-06 04:00:00	14.1300	14.2250	14.0500	14.0750	191
2018-09-07 04:00:00	14.0950	14.1400	14.0400	14.0670	132
2018-09-10 04:00:00	14.0400	14.1450	14.0400	14.0790	65
2018-09-11 04:00:00	14.1100	14.1100	13.9100	14.0520	99
2018-09-12 04:00:00	14.0650	14.1920	14.0050	14.1920	64
2018-09-13 04:00:00	14.1350	14.2550	14.1350	14.1430	80
2018-09-14 04:00:00	14.1100	14.1750	14.0300	14.0420	55
2018-09-17 04:00:00	13.9800	14.1300	13.9800	14.1220	32
2018-09-18 04:00:00	14.1150	14.1150	14.0600	14.0840	925
2018-09-19 04:00:00	14.2100	14.2150	14.1890	14.1890	462
2018-09-20 04:00:00	14.1900	14.2450	14.1900	14.2150	507
2018-09-21 04:00:00	14.2650	14.2690	14.2600	14.2690	9
2018-09-24 04:00:00	14.2500	14.3200	14.2050	14.2510	27
2018-09-25 04:00:00	14.4200	14.4400	14.3980	14.3980	17
2018-09-26 04:00:00	14.3300	14.3300	14.3050	14.3050	393
2018-09-27 04:00:00	14.3200	14.3850	14.1200	14.2010	138
2018-09-28 04:00:00	14.1800	14.6230	14.1800	14.6230	49
2018-10-01 04:00:00	14.3500	14.4220	14.3500	14.4220	83
2018-10-02 04:00:00	14.4200	14.7400	14.4200	14.6100	63
2018-10-03 04:00:00	14.7350	14.7350	14.5900	14.5900	24
2018-10-04 04:00:00	14.5100	14.5100	14.5100	14.5100	0
2018-10-05 04:00:00	14.5690	14.5690	14.5690	14.5690	0
2018-10-08 04:00:00	14.2150	14.2590	14.2150	14.2590	2
2018-10-09 04:00:00	14.3290	14.3290	14.3290	14.3290	0
2018-10-10 04:00:00	14.2550	14.2600	14.2550	14.2550	1
2018-10-11 04:00:00	14.2600	14.5650	14.2300	14.5350	9
2018-10-12 04:00:00	14.5640	14.5640	14.5640	14.5640	40
2018-10-15 04:00:00	14.6560	14.6650	14.6560	14.6560	1
2018-10-16 04:00:00	14.6300	14.6300	14.6300	14.6300	74
2018-10-17 04:00:00	14.5920	14.5920	14.5920	14.5920	0
2018-10-18 04:00:00	14.5330	14.5330	14.5330	14.5330	0
2018-10-19 04:00:00	14.5790	14.5790	14.5790	14.5790	0
2018-10-22 04:00:00	14.5220	14.5220	14.5220	14.5220	110
2018-10-23 04:00:00	14.7280	14.7280	14.7280	14.7280	2
2018-10-24 04:00:00	14.6650	14.6650	14.6110	14.6110	33
2018-10-25 04:00:00	14.5650	14.5650	14.5650	14.5650	0
2018-10-26 04:00:00	14.6350	14.6350	14.6350	14.6350	0
2018-10-29 04:00:00	14.3770	14.3770	14.3770	14.3770	101
2018-10-30 04:00:00	14.4600	14.4600	14.3400	14.4030	428
2018-10-31 04:00:00	14.4200	14.4200	14.2290	14.2290	14
2018-11-01 04:00:00	14.7290	14.7290	14.7290	14.7290	11
2018-11-02 04:00:00	14.7070	14.7070	14.7070	14.7070	3
2018-11-05 05:00:00	14.6040	14.6040	14.6040	14.6040	29
2018-11-06 05:00:00	14.5800	14.5800	14.4580	14.4580	4
2018-11-07 05:00:00	14.5400	14.6450	14.5280	14.5280	6
2018-11-08 05:00:00	14.3860	14.3860	14.3860	14.3860	29
2018-11-09 05:00:00	14.1030	14.1030	14.1030	14.1030	10
2018-11-12 05:00:00	14.1000	14.1000	13.9740	13.9740	2
2018-11-13 05:00:00	14.0000	14.0150	13.9450	13.9520	9
2018-11-14 05:00:00	14.0550	14.0550	14.0550	14.0550	0
2018-11-15 05:00:00	14.2370	14.2370	14.2370	14.2370	3
2018-11-16 05:00:00	14.3580	14.3580	14.3580	14.3580	0
2018-11-19 05:00:00	14.3810	14.3810	14.3810	14.3810	1
2018-11-20 05:00:00	14.3800	14.3800	14.2470	14.2470	76
2018-11-21 05:00:00	14.3400	14.4800	14.3300	14.4800	3
2018-11-23 14:30:00	14.2350	14.2350	14.2210	14.2210	3
2018-11-26 05:00:00	14.1830	14.1830	14.1830	14.1830	0
2018-11-27 05:00:00	14.0620	14.0620	14.0620	14.0620	0
2018-11-28 05:00:00	14.3030	14.3030	14.3030	14.3030	84402
2018-11-29 05:00:00	14.2900	14.3350	14.2050	14.2730	23378
2018-11-30 05:00:00	14.2700	14.2800	13.9850	14.0940	1093
2018-12-03 05:00:00	14.2100	14.4750	14.1850	14.3810	342
2018-12-04 05:00:00	14.3850	14.5210	14.3850	14.5210	65
2018-12-06 05:00:00	14.4200	14.4200	14.3300	14.3900	48
2018-12-07 05:00:00	14.4050	14.5720	14.4050	14.5720	88
2018-12-10 05:00:00	14.5650	14.5650	14.4780	14.4780	42
2018-12-11 05:00:00	14.5000	14.6850	14.4990	14.4990	221
2018-12-12 05:00:00	14.6200	14.7300	14.6200	14.7250	162
2018-12-13 05:00:00	14.7290	14.7290	14.7250	14.7290	47
2018-12-14 05:00:00	14.4900	14.5130	14.4900	14.5130	19
2018-12-17 05:00:00	14.5600	14.6390	14.5600	14.6390	81
2018-12-18 05:00:00	14.6050	14.6050	14.5850	14.5850	28
2018-12-19 05:00:00	14.7020	14.7020	14.7020	14.7020	35
2018-12-20 05:00:00	14.5300	14.7530	14.5300	14.7530	116
2018-12-21 05:00:00	14.5830	14.5830	14.5830	14.5830	35
2018-12-24 14:30:00	14.7010	14.7010	14.7010	14.7010	0
2018-12-26 05:00:00	14.9800	15.0500	14.9800	15.0040	85
2018-12-27 05:00:00	15.1910	15.1910	15.1910	15.1910	757
2018-12-28 05:00:00	15.1900	15.3260	15.1900	15.3260	233
2018-12-31 05:00:00	15.4100	15.4450	15.4100	15.4330	17
2019-01-02 05:00:00	15.5200	15.5700	15.4200	15.5420	91
2019-01-03 05:00:00	15.7060	15.7060	15.7060	15.7060	7
2019-01-04 05:00:00	15.6900	15.6950	15.6200	15.6950	12
2019-01-07 05:00:00	15.7500	15.7500	15.6690	15.6690	34
2019-01-08 05:00:00	15.6260	15.6260	15.6260	15.6260	27
2019-01-09 05:00:00	15.7000	15.7000	15.6530	15.6530	15
2019-01-10 05:00:00	15.5610	15.5610	15.5610	15.5610	22
2019-01-11 05:00:00	15.5950	15.6150	15.5770	15.5770	43
2019-01-14 05:00:00	15.5900	15.6150	15.5900	15.6090	38
2019-01-15 05:00:00	15.6100	15.6250	15.5460	15.5460	64
2019-01-16 05:00:00	15.5350	15.6000	15.5350	15.5640	7
2019-01-17 05:00:00	15.4670	15.5100	15.4670	15.4670	27
2019-01-18 05:00:00	15.3300	15.3300	15.2900	15.3300	14
2019-01-22 05:00:00	15.2950	15.2950	15.1400	15.2590	16
2019-01-23 05:00:00	15.3100	15.3200	15.2800	15.3170	10
2019-01-24 05:00:00	15.2380	15.2700	15.2380	15.2380	7
2019-01-25 05:00:00	15.2500	15.6390	15.2500	15.6390	7
2019-01-28 05:00:00	15.5950	15.7090	15.5950	15.7090	7
2019-01-29 05:00:00	15.7860	15.7860	15.7860	15.7860	120
2019-01-30 05:00:00	15.8050	15.8850	15.8050	15.8800	65
2019-01-31 05:00:00	16.0600	16.1400	16.0000	16.0220	64
2019-02-01 05:00:00	16.0100	16.0100	15.8600	15.8800	79
2019-02-04 05:00:00	15.8370	15.8370	15.8370	15.8370	26
2019-02-05 05:00:00	15.7900	15.7900	15.7900	15.7900	10
2019-02-06 05:00:00	15.7100	15.7100	15.6560	15.6560	13
2019-02-07 05:00:00	15.6600	15.6900	15.6600	15.6750	6
2019-02-08 05:00:00	15.8200	15.8200	15.7730	15.7730	2
2019-02-11 05:00:00	15.6570	15.6570	15.6500	15.6570	2
2019-02-12 05:00:00	15.6600	15.6600	15.6600	15.6600	0
2019-02-13 05:00:00	15.7100	15.7550	15.6050	15.6240	30
2019-02-14 05:00:00	15.5000	15.5000	15.5000	15.5000	0
2019-02-15 05:00:00	15.7230	15.7230	15.7230	15.7230	2
2019-02-19 05:00:00	15.9470	15.9470	15.9470	15.9470	0
2019-02-20 05:00:00	16.1570	16.1570	16.0600	16.1570	2
2019-02-21 05:00:00	15.9700	15.9700	15.7910	15.7910	12
2019-02-22 05:00:00	15.9080	15.9080	15.9080	15.9080	12
2019-02-25 05:00:00	15.9450	15.9450	15.8250	15.8250	1
2019-02-26 05:00:00	15.8270	15.8270	15.8270	15.8270	60807
2019-02-27 05:00:00	15.8900	15.9200	15.6450	15.6720	17247
2019-02-28 05:00:00	15.6750	15.7650	15.5200	15.5380	1031
2019-03-01 05:00:00	15.5550	15.5750	15.0800	15.1690	585
2019-03-04 05:00:00	15.1700	15.2050	15.0050	15.0170	317
2019-03-05 05:00:00	15.0250	15.0750	15.0050	15.0200	222
2019-03-06 05:00:00	15.0250	15.0250	14.9750	15.0030	25
2019-03-07 05:00:00	15.0250	15.0250	14.9200	14.9600	8
2019-03-08 05:00:00	15.0450	15.2720	15.0450	15.2720	11
2019-03-11 04:00:00	15.2150	15.2150	15.1970	15.1970	16
2019-03-12 04:00:00	15.3380	15.4000	15.3380	15.3380	23
2019-03-13 04:00:00	15.3750	15.4200	15.3700	15.3810	110
2019-03-14 04:00:00	15.1850	15.1850	15.0900	15.1010	20
2019-03-15 04:00:00	15.2450	15.2550	15.2200	15.2530	5
2019-03-18 04:00:00	15.2510	15.2510	15.2510	15.2510	0
2019-03-19 04:00:00	15.3150	15.3150	15.3000	15.3010	21
2019-03-20 04:00:00	15.2850	15.2900	15.2200	15.2450	94
2019-03-21 04:00:00	15.5200	15.5200	15.3720	15.3720	3
2019-03-22 04:00:00	15.3450	15.3450	15.3450	15.3450	0
2019-03-25 04:00:00	15.5150	15.5150	15.5000	15.5070	6
2019-03-26 04:00:00	15.4000	15.4200	15.3710	15.3710	45
2019-03-27 04:00:00	15.2390	15.2390	15.2390	15.2390	375
2019-03-28 04:00:00	15.2300	15.2350	14.9100	14.9210	343
2019-03-29 04:00:00	14.9300	15.0650	14.9300	15.0600	23
2019-04-01 04:00:00	15.0350	15.1350	15.0000	15.0510	55
2019-04-02 04:00:00	14.9400	15.0250	14.9400	15.0180	36
2019-04-03 04:00:00	15.0200	15.0590	15.0200	15.0590	2
2019-04-04 04:00:00	15.0410	15.0410	15.0410	15.0410	0
2019-04-05 04:00:00	15.0430	15.0430	15.0430	15.0430	0
2019-04-08 04:00:00	15.1730	15.1730	15.1730	15.1730	0
2019-04-09 04:00:00	15.2600	15.2600	15.1680	15.1680	1
2019-04-10 04:00:00	15.1700	15.2050	15.0950	15.2010	18
2019-04-11 04:00:00	15.1400	15.1400	14.8240	14.8240	1
2019-04-12 04:00:00	14.9200	14.9200	14.9200	14.9200	3
2019-04-15 04:00:00	14.9480	14.9480	14.9480	14.9480	0
2019-04-16 04:00:00	14.8910	14.8910	14.8910	14.8910	0
2019-04-17 04:00:00	14.9210	14.9210	14.9210	14.9210	0
2019-04-18 04:00:00	14.8900	14.9370	14.8900	14.9370	1
2019-04-22 04:00:00	14.9570	14.9570	14.9570	14.9570	0
2019-04-23 04:00:00	14.7730	14.7730	14.7730	14.7730	0
2019-04-24 04:00:00	14.8980	14.8980	14.8980	14.8980	0
2019-04-25 04:00:00	14.8850	14.8850	14.8610	14.8610	1
2019-04-26 04:00:00	15.0020	15.0020	15.0020	15.0020	78208
2019-04-29 04:00:00	15.0300	15.0350	14.8200	14.8440	18270
2019-04-30 04:00:00	14.8700	14.9600	14.7700	14.9000	690
2019-05-01 04:00:00	14.8850	14.8900	14.5700	14.6450	565
2019-05-02 04:00:00	14.6000	14.6250	14.5250	14.5400	796
2019-05-03 04:00:00	14.5600	14.9070	14.5600	14.9070	242
2019-05-06 04:00:00	14.8700	14.9200	14.7250	14.8570	82
2019-05-07 04:00:00	14.8500	14.8650	14.7700	14.8600	150
2019-05-08 04:00:00	14.8900	14.8950	14.7850	14.7920	85
2019-05-09 04:00:00	14.7050	14.7200	14.7000	14.7070	16
2019-05-10 04:00:00	14.7200	14.7300	14.6900	14.7260	22
2019-05-13 04:00:00	14.7200	14.7200	14.5850	14.7130	27
2019-05-14 04:00:00	14.7100	14.7520	14.7100	14.7520	1
2019-05-15 04:00:00	14.7550	14.7650	14.7520	14.7520	4
2019-05-16 04:00:00	14.7550	14.7550	14.4400	14.4790	241
2019-05-17 04:00:00	14.4850	14.5800	14.3450	14.3480	156
2019-05-20 04:00:00	14.3650	14.4200	14.3400	14.4090	13
2019-05-21 04:00:00	14.4050	14.4050	14.3250	14.3730	49
2019-05-22 04:00:00	14.4000	14.4250	14.3900	14.4140	105
2019-05-23 04:00:00	14.5450	14.5770	14.5400	14.5770	4
2019-05-24 04:00:00	14.5500	14.5500	14.5200	14.5200	17
2019-05-28 04:00:00	14.3000	14.3100	14.2450	14.2810	73
2019-05-29 04:00:00	14.3720	14.3720	14.3720	14.3720	258
2019-05-30 04:00:00	14.3550	14.4850	14.3050	14.4600	136
2019-05-31 04:00:00	14.4650	14.5400	14.4650	14.5300	62
2019-06-03 04:00:00	14.7200	14.7200	14.7030	14.7030	3
2019-06-04 04:00:00	14.7500	14.7500	14.7320	14.7320	2
2019-06-05 04:00:00	15.0000	15.0000	14.7540	14.7540	50
2019-06-06 04:00:00	14.8900	14.8900	14.8680	14.8680	1
2019-06-07 04:00:00	15.0000	15.1250	14.9940	14.9940	4
2019-06-10 04:00:00	14.6050	14.6050	14.6050	14.6050	0
2019-06-11 04:00:00	14.7060	14.7060	14.7060	14.7060	0
2019-06-12 04:00:00	14.7220	14.7220	14.7220	14.7220	0
2019-06-13 04:00:00	14.8710	14.8710	14.8710	14.8710	1
2019-06-14 04:00:00	14.7820	14.7820	14.7820	14.7820	240
2019-06-17 04:00:00	14.8140	14.8140	14.8140	14.8140	3
2019-06-18 04:00:00	14.9800	14.9800	14.9800	14.9800	1
2019-06-19 04:00:00	14.9450	14.9450	14.9450	14.9450	0
2019-06-20 04:00:00	15.4690	15.4690	15.4690	15.4690	103
2019-06-21 04:00:00	15.2950	15.3050	15.2600	15.2730	4
2019-06-24 04:00:00	15.3680	15.3680	15.3680	15.3680	24
2019-06-25 04:00:00	15.2910	15.2910	15.2910	15.2910	0
2019-06-26 04:00:00	15.2830	15.2830	15.2830	15.2830	93664
2019-06-27 04:00:00	15.2750	15.2750	15.1200	15.2050	21835
2019-06-28 04:00:00	15.2200	15.2950	15.1800	15.2530	842
2019-07-01 04:00:00	15.1700	15.2450	15.0750	15.1060	227
2019-07-02 04:00:00	15.1250	15.2000	14.9950	15.1540	132
2019-07-03 13:30:00	15.4200	15.4200	15.2400	15.2520	12
2019-07-05 04:00:00	15.2450	15.2500	14.8850	14.9180	107
2019-07-08 04:00:00	14.9650	15.0600	14.9250	14.9720	23
2019-07-09 04:00:00	15.0450	15.0680	15.0450	15.0680	1
2019-07-10 04:00:00	15.0550	15.1470	15.0000	15.1470	5
2019-07-11 04:00:00	15.2250	15.2300	15.0670	15.0670	36
2019-07-12 04:00:00	15.0750	15.1850	15.0550	15.1610	7
2019-07-15 04:00:00	15.2600	15.2900	15.2600	15.2900	16
2019-07-16 04:00:00	15.2950	15.6450	15.2950	15.6000	41
2019-07-17 04:00:00	15.7300	15.8930	15.7300	15.8930	85
2019-07-18 04:00:00	15.9800	16.1200	15.9800	16.1200	61
2019-07-19 04:00:00	16.2750	16.5050	16.1170	16.1170	68
2019-07-22 04:00:00	16.2950	16.3400	16.2900	16.3400	161
2019-07-23 04:00:00	16.4050	16.4050	16.4050	16.4050	73
2019-07-24 04:00:00	16.3000	16.5540	16.3000	16.5540	45
2019-07-25 04:00:00	16.4000	16.4150	16.3390	16.3390	64
2019-07-26 04:00:00	16.4200	16.4250	16.3250	16.3250	25
2019-07-29 04:00:00	16.3680	16.3680	16.3680	16.3680	446
2019-07-30 04:00:00	16.3700	16.5500	16.3700	16.4950	331
2019-07-31 04:00:00	16.5100	16.5100	16.2200	16.3460	224
2019-08-01 04:00:00	16.1050	16.3000	15.8950	16.1210	74
2019-08-02 04:00:00	16.1350	16.2220	16.0600	16.2220	78
2019-08-05 04:00:00	16.1500	16.4350	16.1250	16.3450	79
2019-08-06 04:00:00	16.4050	16.4050	16.4050	16.4050	54
2019-08-07 04:00:00	17.1560	17.1560	17.1560	17.1560	89
2019-08-08 04:00:00	16.9010	16.9010	16.9010	16.9010	157
2019-08-09 04:00:00	16.8970	16.8970	16.8970	16.8970	91
2019-08-12 04:00:00	16.8750	17.0390	16.8600	17.0390	121
2019-08-13 04:00:00	17.3100	17.3150	16.9560	16.9560	22
2019-08-14 04:00:00	17.2530	17.2530	17.2530	17.2530	48
2019-08-15 04:00:00	17.1880	17.1880	17.1880	17.1880	47
2019-08-16 04:00:00	17.0960	17.0960	17.0960	17.0960	0
2019-08-19 04:00:00	16.9140	16.9140	16.9140	16.9140	1
2019-08-20 04:00:00	17.0650	17.1220	17.0650	17.1220	4
2019-08-21 04:00:00	17.1250	17.1250	17.1200	17.1250	2
2019-08-22 04:00:00	17.0140	17.0140	17.0140	17.0140	0
2019-08-23 04:00:00	17.3950	17.3950	17.3950	17.3950	0
2019-08-26 04:00:00	17.5400	17.6240	17.5400	17.6240	4
2019-08-27 04:00:00	18.1390	18.1390	18.1390	18.1390	2
2019-08-28 04:00:00	18.2400	18.3040	18.2350	18.3040	97738
2019-08-29 04:00:00	18.3000	18.6150	17.9850	18.1670	22272
2019-08-30 04:00:00	18.1950	18.4100	18.0200	18.1850	1479
2019-09-03 04:00:00	18.4500	19.2250	18.2500	19.0790	828
2019-09-04 04:00:00	19.2150	19.5400	19.2150	19.3910	462
2019-09-05 04:00:00	19.4850	19.4850	18.4250	18.6560	386
2019-09-06 04:00:00	18.6300	18.6850	17.9680	17.9680	343
2019-09-09 04:00:00	18.2050	18.2050	17.9500	18.0190	517
2019-09-10 04:00:00	17.7700	18.0850	17.7700	18.0410	190
2019-09-11 04:00:00	18.0650	18.0700	18.0300	18.0310	320
2019-09-12 04:00:00	18.0700	18.1650	18.0300	18.0410	135
2019-09-13 04:00:00	18.0050	18.0050	17.4050	17.4360	201
2019-09-16 04:00:00	17.7800	17.9010	17.7800	17.9010	40
2019-09-17 04:00:00	18.0160	18.0160	18.0160	18.0160	99
2019-09-18 04:00:00	17.7950	17.7950	17.7950	17.7950	4
2019-09-19 04:00:00	17.8150	17.8150	17.7250	17.7730	135
2019-09-20 04:00:00	17.7550	17.9500	17.7380	17.7380	53
2019-09-23 04:00:00	18.2150	18.6000	18.2100	18.6000	75
2019-09-24 04:00:00	18.5200	18.5200	18.5170	18.5170	3
2019-09-25 04:00:00	18.5700	18.5700	17.9620	17.9620	26
2019-09-26 04:00:00	17.9100	17.9100	17.8010	17.8010	1389
2019-09-27 04:00:00	17.8200	17.8300	17.3300	17.5520	227
2019-09-30 04:00:00	17.4950	17.5050	16.8980	16.8980	33
2019-10-01 04:00:00	16.9250	17.2600	16.9250	17.2020	77
2019-10-02 04:00:00	17.1750	17.5920	17.1550	17.5920	44
2019-10-03 04:00:00	17.5050	17.6350	17.4500	17.5850	42
2019-10-04 04:00:00	17.4400	17.5400	17.3200	17.5400	27
2019-10-07 04:00:00	17.4500	17.5300	17.4500	17.4570	8
2019-10-08 04:00:00	17.6400	17.6400	17.6170	17.6170	2
2019-10-09 04:00:00	17.7280	17.7500	17.7200	17.7280	4
2019-10-10 04:00:00	17.6000	17.6000	17.4900	17.5200	2
2019-10-11 04:00:00	17.5950	17.5950	17.3500	17.4620	5
2019-10-14 04:00:00	17.5250	17.6340	17.5250	17.6340	3
2019-10-15 04:00:00	17.4550	17.4550	17.3080	17.3080	23
2019-10-16 04:00:00	17.2200	17.3510	17.1750	17.3510	115
2019-10-17 04:00:00	17.3000	17.5360	17.3000	17.5360	8
2019-10-18 04:00:00	17.4700	17.5020	17.4650	17.5020	30
2019-10-21 04:00:00	17.5100	17.5300	17.5050	17.5260	18
2019-10-22 04:00:00	17.4900	17.4900	17.4370	17.4370	51
2019-10-23 04:00:00	17.4850	17.5600	17.4850	17.5170	27
2019-10-24 04:00:00	17.7390	17.7390	17.7390	17.7390	23
2019-10-25 04:00:00	17.8610	17.9450	17.8610	17.8610	18
2019-10-28 04:00:00	17.8900	17.8900	17.7700	17.8160	60
2019-10-29 04:00:00	17.7710	17.7710	17.7710	17.7710	74
2019-10-30 04:00:00	17.7900	17.8200	17.7150	17.8150	29
2019-10-31 04:00:00	18.0140	18.0140	18.0140	18.0140	78
2019-11-01 04:00:00	18.0300	18.0300	18.0040	18.0040	13
2019-11-04 05:00:00	18.0140	18.0140	18.0140	18.0140	23
2019-11-05 05:00:00	18.0250	18.0250	17.5160	17.5160	2
2019-11-06 05:00:00	17.5250	17.5580	17.3700	17.5580	45
2019-11-07 05:00:00	17.5400	17.5650	16.9700	16.9700	5
2019-11-08 05:00:00	16.8450	16.8750	16.7650	16.7830	31
2019-11-11 05:00:00	16.6750	16.7620	16.6750	16.7620	5
2019-11-12 05:00:00	16.8000	16.8050	16.6750	16.6770	28
2019-11-13 05:00:00	16.7650	16.8980	16.7650	16.8980	7
2019-11-14 05:00:00	16.8700	17.0130	16.8700	17.0130	14
2019-11-15 05:00:00	16.9600	16.9700	16.8000	16.9330	7
2019-11-18 05:00:00	16.9850	16.9850	16.9850	16.9850	0
2019-11-19 05:00:00	17.1030	17.1030	17.1030	17.1030	0
2019-11-20 05:00:00	17.1000	17.1000	17.1000	17.1000	0
2019-11-21 05:00:00	17.0500	17.0500	17.0500	17.0500	0
2019-11-22 05:00:00	16.9850	16.9850	16.9850	16.9850	0
2019-11-25 05:00:00	16.8710	16.8710	16.8710	16.8710	0
2019-11-26 05:00:00	17.0300	17.0300	17.0300	17.0300	84255
2019-11-27 05:00:00	17.0600	17.0650	16.8750	16.9120	26892
2019-11-29 14:30:00	16.9000	16.9850	16.8000	16.9690	1598
2019-12-02 05:00:00	16.9150	16.9200	16.7850	16.8360	343
2019-12-03 05:00:00	16.8600	17.1600	16.8100	17.1250	381
2019-12-04 05:00:00	17.1150	17.2400	16.7550	16.7970	287
2019-12-05 05:00:00	16.8400	16.9420	16.7800	16.9420	261
2019-12-06 05:00:00	16.8200	16.8250	16.4650	16.4810	159
2019-12-09 05:00:00	16.4750	16.5600	16.4700	16.5320	142
2019-12-10 05:00:00	16.5550	16.6100	16.5550	16.5960	188
2019-12-11 05:00:00	16.5450	16.8300	16.5450	16.7440	84
2019-12-12 05:00:00	16.8300	17.0150	16.7400	16.8450	61
2019-12-13 05:00:00	16.8800	16.9120	16.8250	16.9120	23
2019-12-16 05:00:00	16.9800	17.0190	16.9400	17.0190	75
2019-12-17 05:00:00	16.9950	17.0000	16.9750	16.9780	103
2019-12-18 05:00:00	16.9850	17.0000	16.8450	16.9530	45
2019-12-19 05:00:00	16.9850	17.0750	16.9750	17.0580	987
2019-12-20 05:00:00	17.1800	17.1800	17.1280	17.1280	1
2019-12-23 05:00:00	17.3550	17.4100	17.3550	17.4030	23
2019-12-24 14:30:00	17.5200	17.7570	17.5150	17.7570	3
2019-12-26 05:00:00	17.9100	17.9850	17.8800	17.8940	53
2019-12-27 05:00:00	17.9300	17.9300	17.8490	17.8490	430
2019-12-30 05:00:00	17.9000	17.9100	17.8500	17.9080	89
2019-12-31 05:00:00	18.0650	18.0650	17.8000	17.8280	232
2020-01-02 05:00:00	17.9660	17.9900	17.9660	17.9660	2
2020-01-03 05:00:00	18.1100	18.1100	17.9650	18.0680	83
2020-01-06 05:00:00	18.0250	18.1050	18.0250	18.0970	3
2020-01-07 05:00:00	18.0150	18.3450	18.0150	18.3160	33
2020-01-08 05:00:00	18.4000	18.5050	18.0700	18.0880	31
2020-01-09 05:00:00	17.7600	17.8600	17.7600	17.8600	38
2020-01-10 05:00:00	18.0330	18.0330	18.0330	18.0330	2
2020-01-13 05:00:00	17.9700	18.0200	17.9260	17.9260	5
2020-01-14 05:00:00	17.8550	17.8750	17.6740	17.6740	17
2020-01-15 05:00:00	17.9230	17.9230	17.9230	17.9230	0
2020-01-16 05:00:00	17.9500	17.9500	17.8750	17.8750	52
2020-01-17 05:00:00	18.0130	18.0130	18.0130	18.0130	67
2020-01-21 05:00:00	17.7510	17.7510	17.7510	17.7510	175
2020-01-22 05:00:00	17.7710	17.7710	17.7710	17.7710	0
2020-01-23 05:00:00	17.7300	17.7730	17.7300	17.7730	110
2020-01-24 05:00:00	17.8700	18.0570	17.8700	18.0570	280
2020-01-27 05:00:00	18.0000	18.0000	18.0000	18.0000	2
2020-01-28 05:00:00	17.6050	17.6050	17.4020	17.4020	10
2020-01-29 05:00:00	17.4500	17.4500	17.3700	17.4310	132
2020-01-30 05:00:00	17.5400	17.9650	17.5400	17.9520	50
2020-01-31 05:00:00	17.9720	17.9720	17.9720	17.9720	1
2020-02-03 05:00:00	17.7950	17.8000	17.6000	17.6400	19
2020-02-04 05:00:00	17.5280	17.5280	17.5280	17.5280	154
2020-02-05 05:00:00	17.5690	17.5690	17.5690	17.5690	10
2020-02-06 05:00:00	17.7890	17.7890	17.7890	17.7890	0
2020-02-07 05:00:00	17.6650	17.6650	17.6650	17.6650	7
2020-02-10 05:00:00	17.7800	17.7800	17.7580	17.7580	1
2020-02-11 05:00:00	17.6950	17.7150	17.5730	17.5730	7
2020-02-12 05:00:00	17.4780	17.4780	17.4780	17.4780	10
2020-02-13 05:00:00	17.6000	17.6000	17.6000	17.6000	3
2020-02-14 05:00:00	17.7150	17.7150	17.7150	17.7150	0
2020-02-18 05:00:00	18.1310	18.1310	18.1310	18.1310	0
2020-02-19 05:00:00	18.1450	18.2920	18.1450	18.2920	56
2020-02-20 05:00:00	18.3090	18.3090	18.3090	18.3090	3
2020-02-21 05:00:00	18.5650	18.5650	18.4800	18.5210	11
2020-02-24 05:00:00	18.6900	18.8680	18.6900	18.8680	4
2020-02-25 05:00:00	18.1830	18.1830	18.1830	18.1830	0
2020-02-26 05:00:00	17.8260	17.8260	17.8260	17.8260	96319
2020-02-27 05:00:00	17.8650	18.0800	17.5800	17.6580	13497
2020-02-28 05:00:00	17.6900	17.7950	16.3400	16.3870	709
2020-03-02 05:00:00	16.4950	16.9750	16.3900	16.6790	518
2020-03-03 05:00:00	16.8750	17.3200	16.7400	17.1290	307
2020-03-04 05:00:00	17.1900	17.2450	17.0500	17.1870	73
2020-03-05 05:00:00	17.1550	17.4050	17.1200	17.3420	66
2020-03-06 05:00:00	17.4600	17.4850	17.0000	17.2140	52
2020-03-09 04:00:00	17.4350	17.4350	16.5700	17.0010	46
2020-03-10 04:00:00	16.8500	17.1450	16.7650	16.9060	97
2020-03-11 04:00:00	16.8550	16.8600	16.6400	16.7290	152
2020-03-12 04:00:00	16.4300	16.6150	15.6000	15.9610	51
2020-03-13 04:00:00	15.7550	15.7650	14.4250	14.4560	506
2020-03-16 04:00:00	14.8850	14.8850	11.8500	12.7720	104
2020-03-17 04:00:00	12.5500	12.7100	12.4150	12.4690	194
2020-03-18 04:00:00	12.5600	12.8250	11.7350	11.7350	184
2020-03-19 04:00:00	12.0700	12.2050	11.8950	12.0970	45
2020-03-20 04:00:00	12.0800	12.8600	12.0800	12.3490	95
2020-03-23 04:00:00	12.9000	13.2250	12.9000	13.2250	139
2020-03-24 04:00:00	13.3600	14.2290	13.3600	14.2290	176
2020-03-25 04:00:00	14.7150	14.8370	14.4550	14.8370	262
2020-03-26 04:00:00	14.8300	14.8450	14.6400	14.6400	140
2020-03-27 04:00:00	14.3350	14.4980	14.3350	14.4980	919
2020-03-30 04:00:00	14.1000	14.2500	13.9000	14.0740	612
2020-03-31 04:00:00	13.9800	14.2450	13.9800	14.0980	27
2020-04-01 04:00:00	14.0800	14.1000	13.9000	13.9260	22
2020-04-02 04:00:00	14.1800	14.5960	14.1550	14.5960	30
2020-04-03 04:00:00	14.5900	14.5900	14.4360	14.4360	6
2020-04-06 04:00:00	14.5500	15.1110	14.5500	15.1110	28
2020-04-07 04:00:00	15.4650	15.6000	15.4220	15.4220	5
2020-04-08 04:00:00	15.1600	15.1600	15.1470	15.1470	8
2020-04-09 04:00:00	15.1400	15.9950	15.1400	15.9950	15
2020-04-13 04:00:00	15.4790	15.4790	15.4790	15.4790	0
2020-04-14 04:00:00	16.0100	16.0720	16.0100	16.0720	4
2020-04-15 04:00:00	16.0050	16.0050	15.4470	15.4470	2
2020-04-16 04:00:00	15.5640	15.5640	15.5640	15.5640	0
2020-04-17 04:00:00	15.2370	15.2370	15.2370	15.2370	0
2020-04-20 04:00:00	15.5560	15.5560	15.5560	15.5560	0
2020-04-21 04:00:00	15.4300	15.4300	14.8180	14.8180	3
2020-04-22 04:00:00	15.2770	15.2770	15.2770	15.2770	1
2020-04-23 04:00:00	15.4300	15.6650	15.3480	15.3480	21
2020-04-24 04:00:00	15.2540	15.2540	15.2540	15.2540	10
2020-04-27 04:00:00	15.2010	15.2010	15.2010	15.2010	0
2020-04-28 04:00:00	15.0100	15.1620	14.9950	15.1620	28284
2020-04-29 04:00:00	15.2150	15.4700	15.1250	15.1600	5434
2020-04-30 04:00:00	15.4000	15.7750	14.7950	14.8980	1859
2020-05-01 04:00:00	15.0050	15.0450	14.8550	14.8630	102
2020-05-04 04:00:00	15.0250	15.0900	14.6950	14.7220	1228
2020-05-05 04:00:00	14.7800	15.1100	14.7100	15.0570	535
2020-05-06 04:00:00	15.0000	15.3000	14.8750	14.9870	176
2020-05-07 04:00:00	15.1250	15.5850	15.1250	15.5620	13
2020-05-08 04:00:00	15.5550	15.8000	15.5000	15.7400	59
2020-05-11 04:00:00	15.5850	15.6360	15.5850	15.6360	2
2020-05-12 04:00:00	15.6870	15.6870	15.6870	15.6870	65
2020-05-13 04:00:00	15.7300	15.7300	15.6630	15.6630	24
2020-05-14 04:00:00	16.0050	16.1360	16.0050	16.1360	49
2020-05-15 04:00:00	16.5400	17.0460	16.5050	17.0460	57
2020-05-18 04:00:00	17.2200	17.5850	17.2200	17.4640	155
2020-05-19 04:00:00	17.7000	17.8920	17.7000	17.8920	13
2020-05-20 04:00:00	18.0250	18.0400	17.9300	18.0020	25
2020-05-21 04:00:00	17.4300	17.4300	17.3350	17.3350	8
2020-05-22 04:00:00	17.3850	17.6900	17.3850	17.6640	52
2020-05-26 04:00:00	17.8850	17.8850	17.5550	17.5650	23
2020-05-27 04:00:00	17.6860	17.6860	17.6860	17.6860	103
2020-05-28 04:00:00	17.7850	17.9250	17.7850	17.8950	61
2020-05-29 04:00:00	17.8650	18.4400	17.8650	18.4400	25
2020-06-01 04:00:00	18.7850	18.8150	18.5700	18.7680	22
2020-06-02 04:00:00	18.2070	18.3500	18.2070	18.2070	5
2020-06-03 04:00:00	17.6900	17.9210	17.6450	17.9210	40
2020-06-04 04:00:00	17.8500	18.0240	17.8500	18.0240	25
2020-06-05 04:00:00	17.5000	17.5050	17.4430	17.4430	12
2020-06-08 04:00:00	17.7800	17.8850	17.7800	17.8680	15
2020-06-09 04:00:00	17.8300	17.8300	17.7150	17.7740	3
2020-06-10 04:00:00	17.7760	17.7760	17.7760	17.7760	0
2020-06-11 04:00:00	18.0850	18.0850	17.8300	17.8690	5
2020-06-12 04:00:00	17.7500	17.7500	17.4620	17.4620	13
2020-06-15 04:00:00	17.3790	17.5000	17.3790	17.3790	1
2020-06-16 04:00:00	17.5450	17.7500	17.4800	17.6320	6
2020-06-17 04:00:00	17.5200	17.7570	17.5200	17.7570	5
2020-06-18 04:00:00	17.4930	17.4950	17.4930	17.4930	1
2020-06-19 04:00:00	17.8320	17.8320	17.8320	17.8320	0
2020-06-22 04:00:00	17.8870	17.8870	17.8870	17.8870	7
2020-06-23 04:00:00	18.0050	18.0510	18.0050	18.0510	4
2020-06-24 04:00:00	17.7900	17.8150	17.6580	17.6580	2
2020-06-25 04:00:00	17.7650	17.8830	17.7550	17.8830	9
2020-06-26 04:00:00	18.0230	18.0230	18.0230	18.0230	41651
2020-06-29 04:00:00	17.9700	18.1500	17.8250	17.9800	8797
2020-06-30 04:00:00	18.0250	18.5410	17.9400	18.5410	1718
2020-07-01 04:00:00	18.4850	18.7050	18.0800	18.1330	370
2020-07-02 04:00:00	18.2150	18.2440	17.9450	18.2440	135
2020-07-06 04:00:00	18.2250	18.6450	18.2100	18.5040	434
2020-07-07 04:00:00	18.2200	18.6280	18.2200	18.6280	263
2020-07-08 04:00:00	18.6550	19.1300	18.6550	19.0810	249
2020-07-09 04:00:00	19.0950	19.3650	18.8350	18.8820	374
2020-07-10 04:00:00	19.0300	19.0300	18.9830	18.9830	62
2020-07-13 04:00:00	19.1550	19.7090	19.1550	19.7090	58
2020-07-14 04:00:00	19.3700	19.4650	19.2550	19.4510	59
2020-07-15 04:00:00	19.6000	19.7150	19.4850	19.6850	42
2020-07-16 04:00:00	19.7900	19.7950	19.4970	19.4970	12
2020-07-17 04:00:00	19.3500	19.7100	19.3500	19.6850	31
2020-07-20 04:00:00	20.2000	20.2750	20.1230	20.1240	10
2020-07-21 04:00:00	20.2850	21.5650	20.2750	21.4970	385
2020-07-22 04:00:00	22.6500	23.3050	21.8950	23.0830	792
2020-07-23 04:00:00	23.0700	23.3250	22.6650	22.9450	200
2020-07-24 04:00:00	23.0650	23.0700	22.8080	22.8080	189
2020-07-27 04:00:00	24.3250	24.7100	24.1950	24.4760	599
2020-07-28 04:00:00	26.0200	26.0200	23.9450	24.2660	124
2020-07-29 04:00:00	24.2100	24.2930	24.2100	24.2930	304
2020-07-30 04:00:00	24.2600	24.2600	23.1150	23.3400	183
2020-07-31 04:00:00	23.5900	24.3850	23.5650	24.1890	220
2020-08-03 04:00:00	24.3900	24.3900	24.3900	24.3900	51
2020-08-04 04:00:00	25.9000	26.2150	25.7750	26.0120	109
2020-08-05 04:00:00	26.0250	27.0600	26.0250	26.8770	30
2020-08-06 04:00:00	27.6850	28.8500	27.5350	28.3870	79
2020-08-07 04:00:00	29.5300	29.5300	27.5250	27.5330	37
2020-08-10 04:00:00	28.2000	29.2490	28.1150	29.2490	8
2020-08-11 04:00:00	28.9600	28.9600	24.5000	26.0370	27
2020-08-12 04:00:00	25.2450	25.9550	25.2450	25.9550	6
2020-08-13 04:00:00	26.3850	27.6940	26.3800	27.6940	30
2020-08-14 04:00:00	27.2250	27.6850	25.9050	26.0650	17
2020-08-17 04:00:00	26.7350	27.6430	26.5700	27.6430	15
2020-08-18 04:00:00	27.2950	28.2600	27.2950	28.0490	13
2020-08-19 04:00:00	27.4650	27.8150	27.3150	27.3150	10
2020-08-20 04:00:00	27.1220	27.1220	27.1220	27.1220	0
2020-08-21 04:00:00	27.4750	27.4750	26.7070	26.7070	23
2020-08-24 04:00:00	26.7800	26.7800	26.5880	26.5880	3
2020-08-25 04:00:00	26.7850	26.7850	26.2540	26.2540	27
2020-08-26 04:00:00	26.9950	27.4300	26.9550	27.4300	13
2020-08-27 04:00:00	26.8100	27.1650	26.8100	27.0100	131415
2020-08-28 04:00:00	27.1200	27.8200	26.8900	27.6100	9048
2020-08-31 04:00:00	27.7250	28.4850	27.7200	28.4370	657
2020-09-01 04:00:00	28.3500	29.0500	27.8600	28.4860	494
2020-09-02 04:00:00	28.1650	28.2700	27.2250	27.2490	490
2020-09-03 04:00:00	27.5550	27.5550	26.4900	26.7350	487
2020-09-04 04:00:00	26.8000	26.9500	26.3950	26.5760	614
2020-09-08 04:00:00	26.9200	27.0700	26.0050	26.8640	545
2020-09-09 04:00:00	26.5800	27.1450	26.5800	26.9550	238
2020-09-10 04:00:00	27.1630	27.1630	27.1630	27.1630	66
2020-09-11 04:00:00	27.0900	27.0950	26.7390	26.7390	198
2020-09-14 04:00:00	26.9100	27.3500	26.9100	27.2290	147
2020-09-15 04:00:00	27.5250	27.5450	27.1700	27.3460	80
2020-09-16 04:00:00	27.3200	27.4850	27.1000	27.3550	233
2020-09-17 04:00:00	27.2350	27.2350	26.5200	26.9850	343
2020-09-18 04:00:00	27.2850	27.3100	27.0280	27.0280	160
2020-09-21 04:00:00	26.3300	26.3300	24.0750	24.2990	148
2020-09-22 04:00:00	24.4600	24.5700	24.1600	24.4420	156
2020-09-23 04:00:00	24.0000	24.0000	23.0000	23.0140	85
2020-09-24 04:00:00	22.0000	23.2500	21.9600	23.1180	43
2020-09-25 04:00:00	22.7500	23.0170	22.7300	23.0170	21
2020-09-28 04:00:00	22.7400	23.5280	22.6950	23.5280	348
2020-09-29 04:00:00	23.7450	24.4400	23.6500	24.3800	397
2020-09-30 04:00:00	24.3600	24.3600	23.3550	23.4330	72
2020-10-01 04:00:00	23.3950	24.1930	23.3950	24.1930	214
2020-10-02 04:00:00	23.7350	24.1500	23.5800	23.9710	101
2020-10-05 04:00:00	23.8350	24.5450	23.7850	24.5020	206
2020-10-06 04:00:00	24.4700	24.4700	23.8700	23.8700	17
2020-10-07 04:00:00	23.4950	23.9100	23.4550	23.8480	6
2020-10-08 04:00:00	24.0700	24.1750	23.8370	23.8370	19
2020-10-09 04:00:00	24.3200	25.2350	24.3200	25.0690	123
2020-10-12 04:00:00	25.2850	25.4600	25.2260	25.2260	64
2020-10-13 04:00:00	25.0900	25.1100	24.0860	24.0860	70
2020-10-14 04:00:00	24.3640	24.3640	24.3640	24.3640	46
2020-10-15 04:00:00	24.1930	24.1930	24.1930	24.1930	16
2020-10-16 04:00:00	24.2300	24.3690	24.2300	24.3690	204
2020-10-19 04:00:00	24.7550	24.8150	24.6570	24.6570	22
2020-10-20 04:00:00	24.9370	24.9370	24.9370	24.9370	24
2020-10-21 04:00:00	24.7900	25.2950	24.7900	25.1970	16
2020-10-22 04:00:00	24.6650	24.6650	24.6650	24.6650	0
2020-10-23 04:00:00	24.6270	24.6270	24.6270	24.6270	0
2020-10-26 04:00:00	24.3760	24.3760	24.3760	24.3760	0
2020-10-27 04:00:00	24.3700	24.5260	24.3200	24.5260	2
2020-10-28 04:00:00	23.3240	23.3240	23.3240	23.3240	182
2020-10-29 04:00:00	23.0450	23.3390	22.9600	23.3390	27
2020-10-30 04:00:00	23.6170	23.6170	23.6170	23.6170	57
2020-11-02 05:00:00	24.0150	24.2000	24.0060	24.0060	68
2020-11-03 05:00:00	24.3050	24.3050	24.1600	24.3050	109
2020-11-04 05:00:00	23.6800	24.0050	23.6800	23.8640	20
2020-11-05 05:00:00	24.8000	25.1710	24.8000	25.1710	79
2020-11-06 05:00:00	25.2250	25.9100	25.2000	25.6460	66
2020-11-09 05:00:00	23.6850	23.6850	23.6850	23.6850	0
2020-11-10 05:00:00	24.2150	24.4460	24.2100	24.4460	6
2020-11-11 05:00:00	23.9450	24.2510	23.9450	24.2510	5
2020-11-12 05:00:00	24.2900	24.2900	24.2900	24.2900	0
2020-11-13 05:00:00	24.7590	24.7590	24.7590	24.7590	0
2020-11-16 05:00:00	24.7860	24.7860	24.7860	24.7860	0
2020-11-17 05:00:00	24.7600	24.7600	24.6350	24.6350	2
2020-11-18 05:00:00	24.4330	24.4330	24.4330	24.4330	38
2020-11-19 05:00:00	24.0330	24.0330	24.0330	24.0330	0
2020-11-20 05:00:00	24.3480	24.3480	24.3480	24.3480	0
2020-11-23 05:00:00	23.6240	23.6240	23.6240	23.6240	1
2020-11-24 05:00:00	23.3300	23.3300	23.2920	23.2920	2
2020-11-25 05:00:00	23.3560	23.3560	23.3560	23.3560	57047
2020-11-27 14:30:00	23.3750	23.5050	22.3250	22.5530	18893
2020-11-30 05:00:00	22.7400	22.7400	22.0050	22.5340	1677
2020-12-01 05:00:00	22.6650	24.0950	22.6500	24.0330	703
2020-12-02 05:00:00	23.9150	24.3750	23.6400	24.0250	303
2020-12-03 05:00:00	24.1000	24.3400	24.0050	24.0870	136
2020-12-04 05:00:00	24.1200	24.4950	24.0800	24.2030	444
2020-12-07 05:00:00	24.2350	24.8500	23.7150	24.7410	239
2020-12-08 05:00:00	24.7550	24.7650	24.6300	24.6840	70
2020-12-09 05:00:00	24.6550	24.6550	23.7800	23.9300	53
2020-12-10 05:00:00	23.9450	24.3100	23.9450	24.0310	23
2020-12-11 05:00:00	23.9850	24.0500	23.9550	24.0320	48
2020-12-14 05:00:00	24.1600	24.1600	23.9850	23.9850	25
2020-12-15 05:00:00	24.0750	24.5810	24.0750	24.5810	42
2020-12-16 05:00:00	25.1500	25.5000	24.8200	24.9850	151
2020-12-17 05:00:00	25.4500	26.1800	25.4500	26.1000	201
2020-12-18 05:00:00	26.1200	26.1200	25.9490	25.9490	105
2020-12-21 05:00:00	26.0050	26.9900	25.4100	26.2780	153
2020-12-22 05:00:00	26.4750	26.6700	25.2750	25.4340	93
2020-12-23 05:00:00	25.5550	25.8240	25.5550	25.8240	68
2020-12-24 14:30:00	25.8110	25.8110	25.8110	25.8110	66
2020-12-28 05:00:00	26.8000	26.8200	26.4550	26.4600	140
2020-12-29 05:00:00	26.2500	26.2500	26.1380	26.1380	191
2020-12-30 05:00:00	26.3200	26.5250	26.2600	26.4880	77
2020-12-31 05:00:00	26.5300	26.5400	26.3320	26.3320	36
2021-01-04 05:00:00	27.2840	27.2840	27.2840	27.2840	52
2021-01-05 05:00:00	27.5710	27.5710	27.5710	27.5710	4
2021-01-06 05:00:00	27.4250	27.4250	26.9730	26.9730	50
2021-01-07 05:00:00	27.2000	27.2000	27.2000	27.2000	3
2021-01-08 05:00:00	24.5820	25.3250	24.5820	24.5820	3
2021-01-11 05:00:00	25.5200	25.5200	24.7250	25.2390	11
2021-01-12 05:00:00	25.1400	25.3850	25.1050	25.3840	90
2021-01-13 05:00:00	25.5450	25.5450	25.5000	25.5200	211
2021-01-14 05:00:00	25.7460	25.7460	25.7460	25.7460	66
2021-01-15 05:00:00	25.4300	25.4700	24.8250	24.8250	88
2021-01-19 05:00:00	24.9150	25.2790	24.9150	25.2790	4
2021-01-20 05:00:00	25.4250	25.7340	25.4150	25.7340	151
2021-01-21 05:00:00	25.8220	25.8220	25.8220	25.8220	0
2021-01-22 05:00:00	25.5240	25.5400	25.5240	25.5240	10
2021-01-25 05:00:00	25.4550	25.4550	25.4550	25.4550	5
2021-01-26 05:00:00	25.5290	25.5290	25.5290	25.5290	92
2021-01-27 05:00:00	25.3760	25.3760	25.3760	25.3760	610
2021-01-28 05:00:00	25.0850	27.0100	24.9300	25.9090	508
2021-01-29 05:00:00	26.6400	27.5750	26.3700	26.9000	32
2021-02-01 05:00:00	28.3600	30.1600	28.3000	29.3980	474
2021-02-02 05:00:00	28.6450	28.9300	26.3840	26.3840	91
2021-02-03 05:00:00	26.9400	27.0250	26.8600	26.8780	143
2021-02-04 05:00:00	26.6750	26.6750	26.0050	26.2230	114
2021-02-05 05:00:00	26.4300	27.0140	26.4300	27.0140	58
2021-02-08 05:00:00	27.2800	27.5700	27.2800	27.5700	6
2021-02-09 05:00:00	27.4250	27.4450	27.2900	27.3960	5
2021-02-10 05:00:00	27.1050	27.1050	27.0740	27.0740	32
2021-02-11 05:00:00	27.1700	27.1700	26.9100	27.0420	3
2021-02-12 05:00:00	27.3230	27.3230	27.3230	27.3230	0
2021-02-16 05:00:00	27.5100	27.5100	27.0600	27.3190	64
2021-02-17 05:00:00	27.3140	27.3140	27.3140	27.3140	125
2021-02-18 05:00:00	27.1250	27.1250	27.0770	27.0770	2
2021-02-19 05:00:00	27.5050	27.5500	27.2520	27.2520	8
2021-02-22 05:00:00	28.0830	28.1000	28.0830	28.0830	248
2021-02-23 05:00:00	27.6860	27.6860	27.6860	27.6860	8
2021-02-24 05:00:00	27.8570	27.8570	27.8570	27.8570	73500
2021-02-25 05:00:00	28.0300	28.2650	27.2950	27.6370	13035
2021-02-26 05:00:00	27.4550	27.5600	26.1800	26.4020	1205
2021-03-01 05:00:00	26.6900	26.9900	26.4900	26.6470	519
2021-03-02 05:00:00	26.3850	26.8500	25.8600	26.8500	703
2021-03-03 05:00:00	26.8050	26.8050	25.9350	26.3570	241
2021-03-04 05:00:00	26.1200	26.3300	25.2100	25.4340	914
2021-03-05 05:00:00	25.3450	25.3700	24.9050	25.2570	339
2021-03-08 05:00:00	25.5200	25.7100	25.0000	25.2400	76
2021-03-09 05:00:00	25.2250	26.1480	25.2250	26.1480	133
2021-03-10 05:00:00	26.0100	26.2800	25.7800	26.1020	85
2021-03-11 05:00:00	26.1500	26.4100	26.0400	26.1620	37
2021-03-12 05:00:00	26.1450	26.2000	25.4600	25.8800	244
2021-03-15 04:00:00	26.2000	26.3350	25.9250	26.2530	148
2021-03-16 04:00:00	26.1300	26.1450	25.9200	25.9740	559
2021-03-17 04:00:00	25.8050	26.5300	25.7950	26.0300	379
2021-03-18 04:00:00	26.4350	26.4350	25.9000	26.3210	81
2021-03-19 04:00:00	26.0550	26.2920	26.0550	26.2920	194
2021-03-22 04:00:00	25.9550	25.9550	25.5400	25.7410	147
2021-03-23 04:00:00	25.6150	25.6950	25.0950	25.2000	191
2021-03-24 04:00:00	25.2500	25.3450	25.1900	25.2010	432
2021-03-25 04:00:00	25.1500	25.1500	24.5050	25.0220	162
2021-03-26 04:00:00	25.1850	25.1850	25.0400	25.0920	130
2021-03-29 04:00:00	24.8550	24.9100	24.5100	24.7470	491
2021-03-30 04:00:00	24.7000	24.7000	23.9650	24.1210	276
2021-03-31 04:00:00	24.3200	24.5170	24.3200	24.5170	49
2021-04-01 04:00:00	24.3500	24.9350	24.3500	24.9350	15
2021-04-05 04:00:00	24.9350	24.9350	24.7630	24.7630	2
2021-04-06 04:00:00	25.0500	25.2150	25.0500	25.2120	3
2021-04-07 04:00:00	25.0650	25.2500	25.0650	25.2330	2
2021-04-08 04:00:00	25.5690	25.5690	25.5690	25.5690	121
2021-04-09 04:00:00	25.3110	25.3110	25.3110	25.3110	0
2021-04-12 04:00:00	25.1450	25.1650	24.8050	24.8530	55
2021-04-13 04:00:00	25.4170	25.4170	25.4170	25.4170	4
2021-04-14 04:00:00	25.5150	25.5150	25.5150	25.5150	0
2021-04-15 04:00:00	25.9560	25.9560	25.9560	25.9560	95
2021-04-16 04:00:00	26.0990	26.0990	26.0990	26.0990	0
2021-04-19 04:00:00	26.2050	26.2050	25.8310	25.8310	22
2021-04-20 04:00:00	25.8550	25.8550	25.8350	25.8350	5
2021-04-21 04:00:00	26.5250	26.5650	26.5250	26.5650	2
2021-04-22 04:00:00	26.3400	26.3400	26.1740	26.1740	39
2021-04-23 04:00:00	26.2400	26.2400	26.0250	26.0770	36
2021-04-26 04:00:00	26.0600	26.2500	26.0600	26.2110	47
2021-04-27 04:00:00	26.4120	26.4120	26.4120	26.4120	0
2021-04-28 04:00:00	26.0810	26.0810	26.0810	26.0810	62061
2021-04-29 04:00:00	26.2800	26.5450	25.7350	26.0530	8571
2021-04-30 04:00:00	26.1550	26.2150	25.8400	25.8530	490
2021-05-03 04:00:00	25.8750	27.0750	25.8750	26.9430	283
2021-05-04 04:00:00	27.0300	27.0400	26.2500	26.5390	266
2021-05-05 04:00:00	26.5550	26.5700	26.2700	26.5020	66
2021-05-06 04:00:00	26.5600	27.5550	26.5550	27.4620	268
2021-05-07 04:00:00	27.6350	27.6350	27.3350	27.4620	304
2021-05-10 04:00:00	27.7100	27.9150	27.3700	27.4790	247
2021-05-11 04:00:00	27.2850	27.6800	27.2800	27.6570	306
2021-05-12 04:00:00	27.4600	27.6400	27.2310	27.2310	33
2021-05-13 04:00:00	27.1200	27.1450	26.8550	27.0440	155
2021-05-14 04:00:00	27.0300	27.5000	27.0300	27.3530	16
2021-05-17 04:00:00	28.2600	28.3300	28.2600	28.2600	61
2021-05-18 04:00:00	28.6300	28.6800	28.3140	28.3140	52
2021-05-19 04:00:00	27.8100	28.0080	27.6200	28.0080	28
2021-05-20 04:00:00	27.9200	28.0520	27.7200	28.0520	26
2021-05-21 04:00:00	28.0800	28.1200	27.3900	27.4730	95
2021-05-24 04:00:00	27.8850	27.9000	27.7400	27.8870	85
2021-05-25 04:00:00	27.7500	28.0370	27.6700	28.0370	81
2021-05-26 04:00:00	27.8530	27.8530	27.8530	27.8530	744
2021-05-27 04:00:00	27.7550	27.9200	27.6950	27.9190	525
2021-05-28 04:00:00	27.7450	27.9930	27.5400	27.9930	181
2021-06-01 04:00:00	28.0050	28.5800	27.9950	28.0830	187
2021-06-02 04:00:00	27.9300	28.1860	27.7850	28.1860	35
2021-06-03 04:00:00	27.1900	27.4600	27.1900	27.4600	20
2021-06-04 04:00:00	27.8790	27.8790	27.8790	27.8790	0
2021-06-07 04:00:00	27.6150	28.0010	27.6150	28.0010	4
2021-06-08 04:00:00	28.0100	28.0100	27.7050	27.7150	27
2021-06-09 04:00:00	27.6950	27.9850	27.6950	27.9850	8
2021-06-10 04:00:00	27.9000	28.0250	27.7100	28.0150	6
2021-06-11 04:00:00	28.1150	28.3600	28.1150	28.1310	172
2021-06-14 04:00:00	27.8950	28.1050	27.8250	28.0240	4
2021-06-15 04:00:00	27.9850	27.9850	27.5700	27.6790	57
2021-06-16 04:00:00	27.8000	27.8000	27.8000	27.8000	112
2021-06-17 04:00:00	25.8440	25.8440	25.8440	25.8440	51
2021-06-18 04:00:00	26.4250	26.4300	25.9580	25.9580	3
2021-06-21 04:00:00	26.0150	26.0150	26.0150	26.0150	0
2021-06-22 04:00:00	25.8480	25.8480	25.8480	25.8480	81
2021-06-23 04:00:00	26.1080	26.1080	26.1080	26.1080	8
2021-06-24 04:00:00	26.0470	26.0470	26.0470	26.0470	0
2021-06-25 04:00:00	26.1750	26.1750	26.0820	26.0820	9
2021-06-28 04:00:00	26.2180	26.2180	26.2180	26.2180	42308
2021-06-29 04:00:00	26.2000	26.2100	25.5600	25.8720	20140
2021-06-30 04:00:00	25.8400	26.2300	25.8400	26.1650	725
2021-07-01 04:00:00	26.2150	26.4200	26.0500	26.0750	1037
2021-07-02 04:00:00	26.1100	26.6750	26.1050	26.4810	330
2021-07-06 04:00:00	26.7250	26.8700	26.1540	26.1540	389
2021-07-07 04:00:00	26.2000	26.5000	26.0700	26.1100	546
2021-07-08 04:00:00	26.1600	26.2900	25.8900	25.9670	175
2021-07-09 04:00:00	25.9650	26.2150	25.8350	26.2110	64
2021-07-12 04:00:00	26.1850	26.3000	26.0600	26.2170	74
2021-07-13 04:00:00	26.2050	26.2050	26.1000	26.1150	66
2021-07-14 04:00:00	26.1000	26.4450	26.1000	26.2460	14
2021-07-15 04:00:00	26.4200	26.4450	26.2650	26.3750	203
2021-07-16 04:00:00	26.4300	26.4300	25.6500	25.7770	100
2021-07-19 04:00:00	25.6100	25.6100	25.0450	25.1260	173
2021-07-20 04:00:00	25.1950	25.1950	24.8550	24.9770	48
2021-07-21 04:00:00	25.1550	25.2380	24.9550	25.2380	61
2021-07-22 04:00:00	25.2450	25.3650	25.2400	25.3650	26
2021-07-23 04:00:00	25.4300	25.4300	25.1300	25.2180	88
2021-07-26 04:00:00	25.2950	25.2950	25.2950	25.2950	83
2021-07-27 04:00:00	25.2000	25.2650	24.6320	24.6320	54
2021-07-28 04:00:00	24.7350	24.8560	24.7250	24.8560	551
2021-07-29 04:00:00	25.0400	25.8550	25.0400	25.7640	355
2021-07-30 04:00:00	25.5450	25.6650	25.5000	25.5280	40
2021-08-02 04:00:00	25.4500	25.5570	25.4500	25.5570	55
2021-08-03 04:00:00	25.3900	25.5660	25.2850	25.5660	8
2021-08-04 04:00:00	25.6100	25.9700	25.4460	25.4460	19
2021-08-05 04:00:00	25.5200	25.5200	25.2770	25.2770	4
2021-08-06 04:00:00	24.4900	24.4900	24.2500	24.3120	6
2021-08-09 04:00:00	23.2550	23.2550	23.2550	23.2550	2
2021-08-10 04:00:00	23.4850	23.4850	23.3770	23.3770	3
2021-08-11 04:00:00	23.4740	23.4740	23.4740	23.4740	1
2021-08-12 04:00:00	23.1050	23.1050	23.1050	23.1050	19
2021-08-13 04:00:00	23.3500	23.7950	23.3500	23.7680	3
2021-08-16 04:00:00	23.7800	23.7800	23.7800	23.7800	0
2021-08-17 04:00:00	23.6480	23.6480	23.6480	23.6480	0
2021-08-18 04:00:00	23.2800	23.4550	23.2800	23.4120	3
2021-08-19 04:00:00	23.2200	23.2200	23.2200	23.2200	25
2021-08-20 04:00:00	23.1050	23.1050	23.1050	23.1050	13
2021-08-23 04:00:00	23.1500	23.6500	23.1400	23.6490	13
2021-08-24 04:00:00	23.8900	23.8900	23.8900	23.8900	20
2021-08-25 04:00:00	23.8350	23.8350	23.7710	23.7710	19
2021-08-26 04:00:00	23.5450	23.5550	23.5450	23.5460	4
2021-08-27 04:00:00	23.7300	24.0600	23.7150	24.0600	63309
2021-08-30 04:00:00	24.0450	24.2200	23.9050	23.9600	10816
2021-08-31 04:00:00	24.0600	24.1950	23.8150	23.9600	728
2021-09-01 04:00:00	23.8500	24.2550	23.7900	24.1770	521
2021-09-02 04:00:00	24.1600	24.1800	23.7750	23.8750	184
2021-09-03 04:00:00	23.9050	24.8100	23.9050	24.7620	193
2021-09-07 04:00:00	24.8100	24.8100	24.1850	24.3340	32
2021-09-08 04:00:00	24.3550	24.4000	23.9400	24.0120	105
2021-09-09 04:00:00	23.9550	24.2400	23.8450	24.1330	104
2021-09-10 04:00:00	24.1350	24.1350	23.8550	23.8550	13
2021-09-13 04:00:00	23.6900	23.7550	23.3250	23.7530	184
2021-09-14 04:00:00	23.6600	23.8500	23.6400	23.8420	82
2021-09-15 04:00:00	23.8000	23.8000	23.7590	23.7590	25
2021-09-16 04:00:00	23.5150	23.5150	22.6100	22.7520	75
2021-09-17 04:00:00	22.8900	22.9050	22.2950	22.2950	74
2021-09-20 04:00:00	22.3750	22.3750	22.1400	22.1630	132
2021-09-21 04:00:00	22.5250	22.5730	22.4700	22.5730	55
2021-09-22 04:00:00	22.8000	23.0450	22.8000	22.8690	3
2021-09-23 04:00:00	22.6500	22.6500	22.6420	22.6420	22
2021-09-24 04:00:00	22.5850	22.5850	22.0900	22.3880	15
2021-09-27 04:00:00	22.6050	23.7350	22.6050	22.6570	131
2021-09-28 04:00:00	22.1750	22.4600	22.1750	22.4300	278
2021-09-29 04:00:00	22.4300	22.5150	21.4590	21.4590	70
2021-09-30 04:00:00	22.0350	22.0350	22.0210	22.0210	36
2021-10-01 04:00:00	22.5100	22.5100	22.5100	22.5100	1
2021-10-04 04:00:00	22.6180	22.6180	22.6180	22.6180	5
2021-10-05 04:00:00	22.5820	22.5820	22.5820	22.5820	10
2021-10-06 04:00:00	22.4750	22.5060	22.3750	22.5060	135
2021-10-07 04:00:00	22.6320	22.6320	22.6320	22.6320	91
2021-10-08 04:00:00	22.5700	23.0050	22.5700	22.6790	62
2021-10-11 04:00:00	22.6400	22.6400	22.6400	22.6400	0
2021-10-12 04:00:00	22.5700	22.5750	22.4910	22.4910	5
2021-10-13 04:00:00	23.1490	23.1490	23.1490	23.1490	1
2021-10-14 04:00:00	23.4600	23.4600	23.4560	23.4560	28
2021-10-15 04:00:00	23.3280	23.3280	23.3280	23.3280	0
2021-10-18 04:00:00	23.2800	23.2800	23.2150	23.2430	16
2021-10-19 04:00:00	24.0700	24.0700	23.8620	23.8620	2
2021-10-20 04:00:00	24.4240	24.4240	24.4240	24.4240	151
2021-10-21 04:00:00	24.4800	24.4800	24.1400	24.1500	100
2021-10-22 04:00:00	24.4290	24.4290	24.3700	24.4290	2
2021-10-25 04:00:00	24.5750	24.5750	24.5720	24.5720	49
2021-10-26 04:00:00	24.0860	24.0860	24.0860	24.0860	37
2021-10-27 04:00:00	24.1600	24.1890	24.1600	24.1890	51
2021-10-28 04:00:00	24.2100	24.2450	24.1170	24.1170	12
2021-10-29 04:00:00	23.8000	23.9450	23.8000	23.9450	36
2021-11-01 04:00:00	24.0000	24.1000	24.0000	24.0640	33
2021-11-02 04:00:00	23.5000	23.5000	23.5000	23.5000	21
2021-11-03 04:00:00	23.5700	23.5800	23.2250	23.2260	24
2021-11-04 04:00:00	23.6900	23.9060	23.6900	23.9060	15
2021-11-05 04:00:00	23.8450	24.2350	23.8350	24.1520	21
2021-11-08 05:00:00	24.2750	24.5550	24.2750	24.5370	23
2021-11-09 05:00:00	24.3130	24.3130	24.3130	24.3130	0
2021-11-10 05:00:00	24.7670	24.7670	24.7670	24.7670	5
2021-11-11 05:00:00	25.3000	25.3010	25.2950	25.3010	23
2021-11-12 05:00:00	25.3450	25.4100	24.9250	25.3440	15
2021-11-15 05:00:00	25.2400	25.2850	25.0650	25.1070	156
2021-11-16 05:00:00	25.0050	25.0050	24.8750	24.9440	122
2021-11-17 05:00:00	24.8800	25.2100	24.8800	25.1670	20
2021-11-18 05:00:00	25.1550	25.2100	24.8200	24.9010	165
2021-11-19 05:00:00	24.8700	24.8750	24.7800	24.7800	107
2021-11-22 05:00:00	24.5400	24.5400	24.1900	24.2970	42
2021-11-23 05:00:00	23.4000	23.6050	23.4000	23.4350	23
2021-11-24 05:00:00	23.4960	23.4960	23.4960	23.4960	3
2021-11-26 14:30:00	23.1070	23.1070	23.1070	23.1070	61278
2021-11-29 05:00:00	23.1350	23.4150	22.7300	22.7990	10390
2021-11-30 05:00:00	22.8850	23.2600	22.7050	22.7650	2513
2021-12-01 05:00:00	22.7700	22.9950	22.1550	22.2990	488
2021-12-02 05:00:00	22.2950	22.4000	22.2400	22.2800	127
2021-12-03 05:00:00	22.4100	22.4700	22.0400	22.4450	197
2021-12-06 05:00:00	22.4900	22.4900	22.1000	22.2280	85
2021-12-07 05:00:00	22.3850	22.5600	22.3750	22.4870	52
2021-12-08 05:00:00	22.4300	22.4450	22.3100	22.3900	268
2021-12-09 05:00:00	22.2800	22.2850	21.8900	21.9740	32
2021-12-10 05:00:00	21.8850	22.1650	21.8000	22.1600	18
2021-12-13 05:00:00	22.2450	22.2900	22.1300	22.2900	7
2021-12-14 05:00:00	22.2500	22.2500	21.6600	21.8870	3
2021-12-15 05:00:00	21.5000	21.6400	21.5000	21.5080	5
2021-12-16 05:00:00	22.1350	22.4550	22.1200	22.4550	88
2021-12-17 05:00:00	22.4500	22.5070	22.4500	22.5070	31
2021-12-20 05:00:00	22.3000	22.3700	22.2750	22.2750	87
2021-12-21 05:00:00	22.2250	22.7400	22.2250	22.5020	188
2021-12-22 05:00:00	22.4650	22.7920	22.4650	22.7920	190
2021-12-23 05:00:00	22.8100	22.9310	22.7200	22.9310	419
2021-12-27 05:00:00	22.6800	22.9800	22.6800	22.9790	3
2021-12-28 05:00:00	23.0550	23.2950	23.0550	23.1110	154
2021-12-29 05:00:00	23.0050	23.0050	22.6350	22.8480	264
2021-12-30 05:00:00	22.7750	23.0850	22.6200	23.0280	194
2021-12-31 05:00:00	23.2250	23.3280	23.2000	23.3280	86
2022-01-03 05:00:00	23.3100	23.3100	22.7900	22.7900	31
2022-01-04 05:00:00	22.9550	23.0380	22.9550	23.0380	7
2022-01-05 05:00:00	23.1400	23.1500	22.7850	23.1500	437
2022-01-06 05:00:00	22.7650	22.8000	22.0500	22.1740	103
2022-01-07 05:00:00	22.3940	22.3940	22.3940	22.3940	17
2022-01-10 05:00:00	22.3550	22.4900	22.3550	22.4460	377
2022-01-11 05:00:00	22.5900	22.8060	22.5900	22.8060	155
2022-01-12 05:00:00	23.2000	23.2000	23.2000	23.2000	1
2022-01-13 05:00:00	23.1550	23.1550	23.1550	23.1550	0
2022-01-14 05:00:00	22.9110	23.0000	22.9000	22.9110	36
2022-01-18 05:00:00	23.4000	23.4870	23.4000	23.4870	207
2022-01-19 05:00:00	24.2260	24.2260	24.2260	24.2260	3
2022-01-20 05:00:00	24.7110	24.7110	24.7110	24.7110	21
2022-01-21 05:00:00	24.3140	24.3140	24.3140	24.3140	17
2022-01-24 05:00:00	23.7950	23.7950	23.7950	23.7950	0
2022-01-25 05:00:00	23.9450	23.9450	23.6850	23.8960	100
2022-01-26 05:00:00	23.8070	23.8070	23.8070	23.8070	46
2022-01-27 05:00:00	23.0300	23.0300	22.6730	22.6730	102
2022-01-28 05:00:00	22.8100	22.8100	22.3020	22.3020	38
2022-01-31 05:00:00	22.3400	22.5150	22.3400	22.3950	57
2022-02-01 05:00:00	22.4950	23.0000	22.4950	22.5960	411
2022-02-02 05:00:00	22.8100	22.8200	22.6100	22.7110	135
2022-02-03 05:00:00	22.5450	22.5650	22.3750	22.3750	74
2022-02-04 05:00:00	22.5300	22.5300	22.4750	22.4750	42
2022-02-07 05:00:00	23.0550	23.0800	23.0550	23.0760	11
2022-02-08 05:00:00	23.1950	23.2300	23.1950	23.1950	9
2022-02-09 05:00:00	23.3360	23.3360	23.3360	23.3360	40
2022-02-10 05:00:00	23.5190	23.5190	23.5190	23.5190	182
2022-02-11 05:00:00	23.1700	23.3660	23.1500	23.3660	26
2022-02-14 05:00:00	23.9150	23.9150	23.8300	23.8450	44
2022-02-15 05:00:00	23.1650	23.3380	23.1650	23.3380	41
2022-02-16 05:00:00	23.6010	23.6010	23.6010	23.6010	11
2022-02-17 05:00:00	23.8740	23.8740	23.8740	23.8740	101
2022-02-18 05:00:00	24.0000	24.0000	23.9250	23.9910	170
2022-02-22 05:00:00	24.2100	24.3110	24.2100	24.3110	175
2022-02-23 05:00:00	24.5550	24.5550	24.5550	24.5550	20
2022-02-24 05:00:00	25.3550	25.3900	24.6860	24.6860	107560
2022-02-25 05:00:00	24.3200	24.5250	23.9000	23.9970	13916
2022-02-28 05:00:00	24.5500	24.8550	24.2800	24.3610	788
2022-03-01 05:00:00	24.4500	25.5650	24.3400	25.5340	409
2022-03-02 05:00:00	25.3100	25.4100	25.0300	25.1830	893
2022-03-03 05:00:00	25.3050	25.5400	25.1400	25.2050	147
2022-03-04 05:00:00	25.2950	25.8350	25.2550	25.7820	838
2022-03-07 05:00:00	26.1550	26.2850	25.7130	25.7130	526
2022-03-08 05:00:00	25.8500	27.3100	25.6450	26.8880	1151
2022-03-09 05:00:00	26.9000	26.9000	25.7570	25.7570	757
2022-03-10 05:00:00	26.0300	26.2020	25.5900	26.2020	68
2022-03-11 05:00:00	26.0350	26.2000	25.9200	26.1060	91
2022-03-14 04:00:00	25.9500	25.9500	25.2440	25.2440	322
2022-03-15 04:00:00	24.8850	25.1230	24.8850	25.1230	25
2022-03-16 04:00:00	24.9750	25.0700	24.6000	24.6700	71
2022-03-17 04:00:00	25.2000	25.6400	25.2000	25.5840	30
2022-03-18 04:00:00	25.4100	25.4100	25.0500	25.0550	8
2022-03-21 04:00:00	25.1750	25.3700	25.1650	25.2820	6
2022-03-22 04:00:00	25.1950	25.1950	24.7650	24.8850	48
2022-03-23 04:00:00	25.0000	25.2700	25.0000	25.1700	26
2022-03-24 04:00:00	25.4550	25.9050	25.4550	25.9000	68
2022-03-25 04:00:00	25.8250	25.9650	25.5950	25.5950	59
2022-03-28 04:00:00	25.1850	25.2100	25.0300	25.1760	22
2022-03-29 04:00:00	24.2550	24.7160	24.2550	24.7160	312
2022-03-30 04:00:00	25.1300	25.2250	25.0150	25.1030	109
2022-03-31 04:00:00	24.8750	25.1210	24.8750	25.1210	26
2022-04-01 04:00:00	24.8600	24.8700	24.6420	24.6420	3
2022-04-04 04:00:00	24.4350	24.5840	24.4350	24.5840	94
2022-04-05 04:00:00	24.6350	24.6350	24.4200	24.5280	88
2022-04-06 04:00:00	24.3850	24.4600	24.3400	24.4550	17
2022-04-07 04:00:00	24.5450	24.7330	24.4600	24.7330	83
2022-04-08 04:00:00	24.8190	24.9250	24.8190	24.8190	13
2022-04-11 04:00:00	25.5150	25.5150	24.9780	24.9780	46
2022-04-12 04:00:00	25.2200	25.7750	25.2200	25.7250	22
2022-04-13 04:00:00	25.6200	26.0250	25.6200	26.0200	120
2022-04-14 04:00:00	25.6900	25.6900	25.6900	25.6900	61
2022-04-18 04:00:00	26.1400	26.1400	26.1400	26.1400	0
2022-04-19 04:00:00	26.0350	26.0350	25.3910	25.3910	30
2022-04-20 04:00:00	25.2150	25.2700	25.2150	25.2700	7
2022-04-21 04:00:00	25.2800	25.2800	24.6210	24.6210	52
2022-04-22 04:00:00	24.7250	24.7250	24.2150	24.2570	17
2022-04-25 04:00:00	23.6680	23.6680	23.6680	23.6680	11
2022-04-26 04:00:00	23.5420	23.5950	23.5420	23.5420	4
2022-04-27 04:00:00	23.4580	23.4580	23.4580	23.4580	37579
2022-04-28 04:00:00	23.3100	23.4100	22.8950	23.1290	8170
2022-04-29 04:00:00	23.2250	23.5350	22.7350	23.0400	1021
2022-05-02 04:00:00	22.7150	22.8300	22.1200	22.5440	273
2022-05-03 04:00:00	22.6400	22.7850	22.4750	22.6210	167
2022-05-04 04:00:00	22.5850	23.0200	22.3150	22.3620	225
2022-05-05 04:00:00	23.1200	23.2450	22.3700	22.4000	768
2022-05-06 04:00:00	22.2800	22.4850	22.0900	22.3250	363
2022-05-09 04:00:00	22.1700	22.1900	21.6650	21.7820	693
2022-05-10 04:00:00	21.9850	22.0000	21.2400	21.3900	701
2022-05-11 04:00:00	21.4150	21.8050	21.3100	21.5500	434
2022-05-12 04:00:00	21.4800	21.5750	20.6550	20.7570	196
2022-05-13 04:00:00	20.6400	21.1150	20.6400	20.9840	35
2022-05-16 04:00:00	21.0950	21.6050	21.0850	21.5350	211
2022-05-17 04:00:00	21.6550	21.7370	21.5550	21.7370	197
2022-05-18 04:00:00	21.6750	21.6750	21.3900	21.5330	107
2022-05-19 04:00:00	21.4350	21.8980	21.4250	21.8980	100
2022-05-20 04:00:00	21.6690	21.6690	21.6690	21.6690	23
2022-05-23 04:00:00	21.8350	22.2050	21.7230	21.7230	373
2022-05-24 04:00:00	22.0630	22.0650	22.0350	22.0630	101
2022-05-25 04:00:00	21.8650	21.9700	21.8300	21.8600	97
2022-05-26 04:00:00	21.9410	21.9410	21.9410	21.9410	206
2022-05-27 04:00:00	22.0100	22.3950	22.0100	22.0600	105
2022-05-31 04:00:00	21.6000	21.6750	21.6000	21.6510	46
2022-06-01 04:00:00	21.4950	21.8840	21.4850	21.8840	30
2022-06-02 04:00:00	21.8300	22.3250	21.8250	22.2540	23
2022-06-03 04:00:00	22.4050	22.4100	21.8900	21.8900	33
2022-06-06 04:00:00	22.0740	22.0740	22.0740	22.0740	3
2022-06-07 04:00:00	22.0250	22.1590	22.0250	22.1590	3
2022-06-08 04:00:00	21.9900	22.0900	21.9900	22.0740	33
2022-06-09 04:00:00	22.0550	22.0650	21.7250	21.7970	17
2022-06-10 04:00:00	21.7000	21.9200	21.7000	21.9130	13
2022-06-13 04:00:00	21.6500	21.6500	21.0550	21.2360	61
2022-06-14 04:00:00	21.0200	21.0550	20.9050	20.9360	21
2022-06-15 04:00:00	20.9850	21.4650	20.9850	21.4020	27
2022-06-16 04:00:00	21.6950	21.9250	21.3800	21.8670	38
2022-06-17 04:00:00	21.8700	21.8800	21.5730	21.5730	17
2022-06-21 04:00:00	21.8000	21.8000	21.7450	21.7540	7
2022-06-22 04:00:00	21.5950	21.5950	21.3950	21.4070	12
2022-06-23 04:00:00	21.3800	21.3800	21.0320	21.0320	7
2022-06-24 04:00:00	20.9650	21.1750	20.9500	21.1160	41
2022-06-27 04:00:00	21.2950	21.3300	21.1500	21.1590	15
2022-06-28 04:00:00	21.1750	21.1850	20.7970	20.7970	42010
2022-06-29 04:00:00	20.8050	20.9950	20.5450	20.6680	5690
2022-06-30 04:00:00	20.6650	20.7050	20.1450	20.2820	643
2022-07-01 04:00:00	20.1650	20.1850	19.2650	19.5970	630
2022-07-05 04:00:00	19.8100	20.0700	19.0400	19.0520	205
2022-07-06 04:00:00	19.1900	19.1950	18.8400	19.0850	159
2022-07-07 04:00:00	19.1000	19.3600	19.0950	19.1220	103
2022-07-08 04:00:00	19.0000	19.2200	19.0000	19.1670	99
2022-07-11 04:00:00	19.1650	19.1650	19.0400	19.0670	33
2022-07-12 04:00:00	18.8000	18.8990	18.7700	18.8990	214
2022-07-13 04:00:00	18.8100	19.1750	18.7850	19.1380	261
2022-07-14 04:00:00	19.1000	19.1000	18.0000	18.1690	382
2022-07-15 04:00:00	18.2250	18.5550	18.2250	18.5480	218
2022-07-18 04:00:00	18.8100	18.8250	18.5900	18.7910	15
2022-07-19 04:00:00	18.6150	18.7100	18.5200	18.6700	101
2022-07-20 04:00:00	18.6550	18.9400	18.6050	18.6390	305
2022-07-21 04:00:00	18.5550	18.7200	18.1100	18.6870	144
2022-07-22 04:00:00	18.7100	18.7500	18.4900	18.5850	125
2022-07-25 04:00:00	18.4100	18.6000	18.1850	18.2940	399
2022-07-26 04:00:00	18.4650	18.5650	18.3250	18.4870	148
2022-07-27 04:00:00	18.4950	18.5530	18.4850	18.5530	239
2022-07-28 04:00:00	19.0200	19.9400	19.0200	19.8270	181
2022-07-29 04:00:00	19.9900	20.2900	19.9900	20.1560	13
2022-08-01 04:00:00	20.2800	20.4000	20.1850	20.3220	37
2022-08-02 04:00:00	20.1000	20.3950	19.9450	20.1050	22
2022-08-03 04:00:00	19.8800	20.0200	19.7850	19.8650	67
2022-08-04 04:00:00	19.9850	20.1050	19.9600	20.0990	27
2022-08-05 04:00:00	20.1350	20.1350	19.8190	19.8190	10
2022-08-08 04:00:00	20.5920	20.5920	20.5920	20.5920	0
2022-08-09 04:00:00	20.6200	20.6550	20.4580	20.4580	28
2022-08-10 04:00:00	20.5200	20.7200	20.5200	20.7180	18
2022-08-11 04:00:00	20.4150	20.4700	20.3260	20.3260	10
2022-08-12 04:00:00	20.6770	20.6770	20.6770	20.6770	7
2022-08-15 04:00:00	20.2510	20.2510	20.2510	20.2510	12
2022-08-16 04:00:00	19.9500	20.1000	19.9500	20.0650	21
2022-08-17 04:00:00	20.0850	20.0900	19.6500	19.7110	12
2022-08-18 04:00:00	19.7200	19.7250	19.4450	19.4480	7
2022-08-19 04:00:00	19.1300	19.1300	19.0580	19.0580	9
2022-08-22 04:00:00	18.8400	18.9150	18.8000	18.8730	42
2022-08-23 04:00:00	18.8850	19.1000	18.7050	19.0120	64
2022-08-24 04:00:00	18.8350	19.0400	18.8200	18.8950	29
2022-08-25 04:00:00	19.0450	19.1110	19.0350	19.1110	2
2022-08-26 04:00:00	19.3050	19.3050	18.7400	18.7400	2
2022-08-29 04:00:00	18.5200	18.5550	18.5200	18.5550	33392
2022-08-30 04:00:00	18.5650	18.5850	18.1200	18.1590	5841
2022-08-31 04:00:00	18.1600	18.2400	17.7050	17.7620	618
2022-09-01 04:00:00	17.7150	17.7150	17.3200	17.5510	230
2022-09-02 04:00:00	17.5300	18.0000	17.5300	17.7760	289
2022-09-06 04:00:00	18.1000	18.1050	17.7900	17.7950	100
2022-09-07 04:00:00	18.1370	18.2400	18.1370	18.1370	60
2022-09-08 04:00:00	18.2900	18.4550	18.2350	18.3300	177
2022-09-09 04:00:00	18.3550	18.6700	18.3550	18.6580	46
2022-09-12 04:00:00	19.3150	19.8900	19.3150	19.7550	183
2022-09-13 04:00:00	19.7250	19.7500	19.2050	19.3900	28
2022-09-14 04:00:00	19.1850	19.5300	19.1850	19.4710	47
2022-09-15 04:00:00	19.5150	19.5200	19.0250	19.1750	62
2022-09-16 04:00:00	18.8750	19.5050	18.7350	19.2960	56
2022-09-19 04:00:00	19.2730	19.2730	19.2730	19.2730	2
2022-09-20 04:00:00	19.5000	19.5000	19.1020	19.1020	39
2022-09-21 04:00:00	19.3750	19.5850	19.3300	19.4110	136
2022-09-22 04:00:00	19.3700	19.5950	19.3350	19.5480	278
2022-09-23 04:00:00	19.5100	19.5100	18.7800	18.8410	36
2022-09-26 04:00:00	18.7300	18.8500	18.4060	18.4060	94
2022-09-27 04:00:00	18.5250	18.5250	18.2570	18.2570	36
2022-09-28 04:00:00	18.4750	18.7960	18.4700	18.7960	77
2022-09-29 04:00:00	18.7650	18.7650	18.5250	18.6110	174
2022-09-30 04:00:00	18.8450	18.9700	18.8250	18.9600	10
2022-10-03 04:00:00	20.1700	20.7050	20.1700	20.5190	49
2022-10-04 04:00:00	20.8200	21.1150	20.8200	21.0370	142
2022-10-05 04:00:00	20.7950	20.7950	20.1300	20.4790	41
2022-10-06 04:00:00	20.6100	20.6600	20.4200	20.5950	45
2022-10-07 04:00:00	20.5800	20.7250	20.1700	20.1920	48
2022-10-10 04:00:00	19.6900	19.8300	19.5200	19.5560	43
2022-10-11 04:00:00	19.3450	19.5200	19.0600	19.4270	63
2022-10-12 04:00:00	19.0850	19.1100	18.7850	18.8780	30
2022-10-13 04:00:00	18.9450	18.9550	18.7750	18.8580	13
2022-10-14 04:00:00	18.9300	18.9300	18.0150	18.0150	62
2022-10-17 04:00:00	18.6250	18.6740	18.6250	18.6740	119
2022-10-18 04:00:00	18.5900	18.8250	18.5250	18.5710	38
2022-10-19 04:00:00	18.6850	18.6850	18.2950	18.3360	45
2022-10-20 04:00:00	18.3900	18.8450	18.3750	18.6660	79
2022-10-21 04:00:00	18.5700	19.3150	18.2900	19.0430	24
2022-10-24 04:00:00	19.1740	19.1900	19.1740	19.1740	8
2022-10-25 04:00:00	18.9150	19.3500	18.9100	19.3390	13
2022-10-26 04:00:00	19.4650	19.5850	19.4650	19.4800	40
2022-10-27 04:00:00	19.6350	19.6350	19.4500	19.4780	42
2022-10-28 04:00:00	19.5000	19.5200	19.0250	19.1470	26
2022-10-31 04:00:00	19.2000	19.2000	18.9700	19.1250	8
2022-11-01 04:00:00	19.1250	19.6900	19.1250	19.6730	18
2022-11-02 04:00:00	19.7800	19.8650	19.5750	19.6000	21
2022-11-03 04:00:00	19.2350	19.4360	18.9600	19.4360	20
2022-11-04 04:00:00	19.9800	20.9350	19.9500	20.7900	51
2022-11-07 05:00:00	20.5750	21.0000	20.4500	20.8980	127
2022-11-08 05:00:00	20.6800	21.6250	20.6800	21.4770	27
2022-11-09 05:00:00	21.5900	21.5900	21.0650	21.2980	59
2022-11-10 05:00:00	21.0600	21.7800	21.0500	21.6770	108
2022-11-11 05:00:00	21.5850	21.6460	21.5150	21.6460	71
2022-11-14 05:00:00	21.8650	22.1000	21.8550	22.0920	13
2022-11-15 05:00:00	22.0300	22.0550	21.4500	21.4990	32
2022-11-16 05:00:00	21.6250	21.9450	21.5040	21.5040	15
2022-11-17 05:00:00	20.9550	20.9550	20.9550	20.9550	20
2022-11-18 05:00:00	20.9760	20.9760	20.9760	20.9760	30
2022-11-21 05:00:00	20.6500	20.8490	20.6400	20.8490	58
2022-11-22 05:00:00	21.0750	21.0950	20.9550	21.0340	70
2022-11-23 05:00:00	21.0850	21.5900	21.0850	21.3570	34
2022-11-25 14:30:00	21.3550	21.4450	21.3550	21.4250	15
2022-11-28 05:00:00	20.9100	20.9100	20.9100	20.9100	59036
2022-11-29 05:00:00	20.8900	21.4000	20.8450	21.2040	6934
2022-11-30 05:00:00	21.1700	22.1450	21.1650	21.5500	693
2022-12-01 05:00:00	22.2500	22.7600	22.0700	22.6370	1001
2022-12-02 05:00:00	22.7700	23.2200	22.3800	23.0380	578
2022-12-05 05:00:00	23.1900	23.4600	22.1850	22.1990	319
2022-12-06 05:00:00	22.2250	22.4800	22.0000	22.1230	79
2022-12-07 05:00:00	22.6050	22.7750	22.5000	22.7100	133
2022-12-08 05:00:00	22.6850	23.0630	22.5750	23.0630	378
2022-12-09 05:00:00	23.1200	23.7050	23.1200	23.5350	132
2022-12-12 05:00:00	23.4200	23.5150	23.2200	23.2200	18
2022-12-13 05:00:00	23.3250	24.1550	23.3250	23.8010	83
2022-12-14 05:00:00	23.7550	24.0800	23.5000	23.9460	259
2022-12-15 05:00:00	23.9450	23.9450	23.0400	23.1280	128
2022-12-16 05:00:00	23.1000	23.2150	23.0550	23.1510	34
2022-12-19 05:00:00	23.0290	23.0290	22.9450	23.0290	8
2022-12-20 05:00:00	23.0850	24.1700	23.0850	24.0940	22
2022-12-21 05:00:00	24.0200	24.0850	24.0200	24.0350	48
2022-12-22 05:00:00	24.0500	24.0500	23.4550	23.4760	37
2022-12-23 05:00:00	23.7150	23.8800	23.6100	23.7640	31
2022-12-27 05:00:00	24.1150	24.1400	24.0400	24.0400	133
2022-12-28 05:00:00	24.0750	24.0950	23.5850	23.6630	372
2022-12-29 05:00:00	23.5850	24.0780	23.5800	24.0780	274
2022-12-30 05:00:00	24.0550	24.1550	23.8620	23.8620	28
2023-01-03 05:00:00	24.4550	24.5300	23.9800	24.0590	148
2023-01-04 05:00:00	24.0850	24.1050	23.7500	23.7920	24
2023-01-05 05:00:00	23.5000	23.5000	23.1450	23.2580	8
2023-01-06 05:00:00	23.2950	23.8220	23.2900	23.8220	6
2023-01-09 05:00:00	23.7120	23.7120	23.7120	23.7120	2
2023-01-10 05:00:00	23.4300	23.5070	23.4250	23.5070	4
2023-01-11 05:00:00	23.5500	23.8050	23.1850	23.3270	9
2023-01-12 05:00:00	23.8050	23.8630	23.8050	23.8630	33
2023-01-13 05:00:00	23.8900	24.2310	23.5000	24.2310	30
2023-01-17 05:00:00	24.3100	24.3150	23.9440	23.9440	118
2023-01-18 05:00:00	24.2500	24.2600	23.5300	23.5300	19
2023-01-19 05:00:00	23.7540	23.7540	23.7540	23.7540	18
2023-01-20 05:00:00	23.8300	23.8300	23.8300	23.8300	0
2023-01-23 05:00:00	23.0800	23.4520	22.8500	23.4520	8
2023-01-24 05:00:00	23.4350	23.7050	23.2500	23.6490	7
2023-01-25 05:00:00	23.6850	23.9450	23.6200	23.8390	21
2023-01-26 05:00:00	23.9950	24.1850	23.7800	23.9300	11
2023-01-27 05:00:00	23.5270	23.5270	23.5270	23.5270	184
2023-01-30 05:00:00	23.6950	23.7900	23.6450	23.6450	45
2023-01-31 05:00:00	23.5550	23.7480	23.0550	23.7480	28
2023-02-01 05:00:00	23.5200	23.8350	23.5100	23.5210	12
2023-02-02 05:00:00	24.1950	24.4600	23.5340	23.5340	97
2023-02-03 05:00:00	22.5000	22.5000	22.3340	22.3340	4
2023-02-06 05:00:00	22.2350	22.2400	22.1770	22.1770	542
2023-02-07 05:00:00	22.1170	22.1170	22.1170	22.1170	0
2023-02-08 05:00:00	22.1650	22.3670	22.1650	22.3670	9
2023-02-09 05:00:00	22.0970	22.0970	21.9450	22.0970	21
2023-02-10 05:00:00	22.1100	22.1100	21.9900	22.0340	25
2023-02-13 05:00:00	21.7800	21.9750	21.7800	21.8180	54
2023-02-14 05:00:00	21.9900	21.9900	21.8420	21.8420	4
2023-02-15 05:00:00	21.8400	21.8450	21.5460	21.5460	11
2023-02-16 05:00:00	21.6250	21.6850	21.5450	21.6840	26
2023-02-17 05:00:00	21.6950	21.7250	21.6940	21.6940	4
2023-02-21 05:00:00	21.9700	21.9700	21.8550	21.8690	8
2023-02-22 05:00:00	21.8800	21.8850	21.6610	21.6610	6
2023-02-23 05:00:00	21.5100	21.5700	21.2990	21.2990	25
2023-02-24 05:00:00	21.3300	21.3300	20.8060	20.8060	53878
2023-02-27 05:00:00	20.7500	20.8200	20.5150	20.6700	7500
2023-02-28 05:00:00	20.6400	21.0100	20.4750	20.9610	513
2023-03-01 05:00:00	20.8800	21.1500	20.8800	20.9590	577
2023-03-02 05:00:00	20.9150	20.9150	20.7350	20.7660	109
2023-03-03 05:00:00	21.0000	21.2200	20.9250	21.0930	172
2023-03-06 05:00:00	21.1750	21.2200	20.9800	20.9840	120
2023-03-07 05:00:00	20.9850	20.9850	19.9900	20.0540	57
2023-03-08 05:00:00	20.0350	20.1400	19.8300	20.0050	82
2023-03-09 05:00:00	20.0100	20.0300	20.0100	20.0250	7
2023-03-10 05:00:00	20.3750	20.3750	20.3750	20.3750	48
2023-03-13 04:00:00	20.6900	21.7930	20.6900	21.7930	15
2023-03-14 04:00:00	21.5100	21.9290	21.5000	21.9290	60
2023-03-15 04:00:00	21.6000	22.0800	21.6000	21.7740	15
2023-03-16 04:00:00	21.8550	21.8600	21.5800	21.5880	53
2023-03-17 04:00:00	21.7500	22.3510	21.7500	22.3510	58
2023-03-20 04:00:00	22.6300	22.7200	22.4150	22.5330	9
2023-03-21 04:00:00	22.5700	22.6000	22.2050	22.3240	58
2023-03-22 04:00:00	22.6800	23.0650	22.6500	22.6750	22
2023-03-23 04:00:00	23.1440	23.1440	23.1440	23.1440	0
2023-03-24 04:00:00	23.2470	23.2470	23.2470	23.2470	15
2023-03-27 04:00:00	23.0540	23.0540	23.0540	23.0540	0
2023-03-28 04:00:00	23.0950	23.3240	23.0950	23.3240	36
2023-03-29 04:00:00	23.3760	23.3760	23.3760	23.3760	188
2023-03-30 04:00:00	23.9850	23.9850	23.6050	23.9020	93
2023-03-31 04:00:00	23.8700	24.1650	23.8700	24.0760	34
2023-04-03 04:00:00	23.7250	24.0700	23.6950	23.9410	26
2023-04-04 04:00:00	24.4150	25.0850	24.4150	25.0220	24
2023-04-05 04:00:00	25.1150	25.1450	24.7900	24.9630	74
2023-04-06 04:00:00	24.6700	25.0300	24.6700	25.0250	0
2023-04-10 04:00:00	24.8500	24.8500	24.8460	24.8460	8
2023-04-11 04:00:00	24.9600	25.1600	24.9600	25.1310	16
2023-04-12 04:00:00	25.1650	25.5850	25.1650	25.4040	14
2023-04-13 04:00:00	25.5400	25.9500	25.5400	25.8740	12
2023-04-14 04:00:00	25.8000	25.9000	25.3400	25.4240	28
2023-04-17 04:00:00	25.0530	25.0530	25.0530	25.0530	0
2023-04-18 04:00:00	25.1800	25.3000	25.1600	25.2480	44
2023-04-19 04:00:00	24.8050	25.3660	24.8050	25.3660	33
2023-04-20 04:00:00	25.2300	25.3680	25.2250	25.3680	2
2023-04-21 04:00:00	25.1650	25.1800	25.0530	25.0530	19
2023-04-24 04:00:00	25.0500	25.3060	25.0250	25.3060	2
2023-04-25 04:00:00	25.1950	25.1950	24.7500	24.8770	4
2023-04-26 04:00:00	25.1300	25.1300	24.8710	24.8710	64251
2023-04-27 04:00:00	24.9750	25.2100	24.5650	24.9830	8978
2023-04-28 04:00:00	24.9550	25.1100	24.7850	24.9990	1039
2023-05-01 04:00:00	25.0700	25.9600	25.0090	25.0090	452
2023-05-02 04:00:00	24.7350	25.5200	24.6000	25.4040	127
2023-05-03 04:00:00	25.4250	25.5950	25.1900	25.4760	256
2023-05-04 04:00:00	25.7550	26.0800	25.5800	26.0350	110
2023-05-05 04:00:00	26.2000	26.2000	25.2650	25.7430	113
2023-05-08 04:00:00	25.7200	25.7200	25.6360	25.6360	175
2023-05-09 04:00:00	25.5000	25.7150	25.4450	25.6980	130
2023-05-10 04:00:00	25.5800	25.9750	25.3700	25.4610	92
2023-05-11 04:00:00	25.1800	25.2150	24.1700	24.2550	298
2023-05-12 04:00:00	23.7800	24.2100	23.7800	23.9920	26
2023-05-15 04:00:00	24.0650	24.1400	23.9150	24.1270	96
2023-05-16 04:00:00	23.9100	24.0250	23.7370	23.7370	9
2023-05-17 04:00:00	23.5800	23.8150	23.5800	23.7520	20
2023-05-18 04:00:00	23.4650	23.5800	23.3750	23.4950	123
2023-05-19 04:00:00	23.9200	23.9500	23.9200	23.9200	64
2023-05-22 04:00:00	23.6750	23.7150	23.6750	23.7150	27
2023-05-23 04:00:00	23.5000	23.6300	23.1500	23.4740	176
2023-05-24 04:00:00	23.4350	23.4800	23.0650	23.1150	13
2023-05-25 04:00:00	22.8700	22.9850	22.7860	22.7860	23
2023-05-26 04:00:00	23.1300	23.2400	23.1150	23.2400	282
2023-05-30 04:00:00	23.2850	23.3700	22.9300	23.1250	687
2023-05-31 04:00:00	23.3300	23.5800	23.3300	23.4740	13
2023-06-01 04:00:00	23.8750	23.8750	23.8750	23.8750	92
2023-06-02 04:00:00	23.8400	23.8400	23.6430	23.6430	6
2023-06-05 04:00:00	23.5340	23.5340	23.5340	23.5340	0
2023-06-06 04:00:00	23.5740	23.5740	23.5740	23.5740	62
2023-06-07 04:00:00	23.4390	23.4390	23.4390	23.4390	0
2023-06-08 04:00:00	23.5200	24.2640	23.5200	24.2640	4
2023-06-09 04:00:00	24.3900	24.3900	24.3340	24.3340	3
2023-06-12 04:00:00	24.2850	24.2850	23.9850	23.9850	1
2023-06-13 04:00:00	23.7560	23.7560	23.7560	23.7560	0
2023-06-14 04:00:00	24.0440	24.0440	24.0440	24.0440	0
2023-06-15 04:00:00	23.8910	23.8910	23.8910	23.8910	1
2023-06-16 04:00:00	24.0760	24.0760	24.0760	24.0760	0
2023-06-20 04:00:00	23.1930	23.1930	23.1930	23.1930	0
2023-06-21 04:00:00	22.7740	22.7740	22.7740	22.7740	0
2023-06-22 04:00:00	22.4360	22.4360	22.4360	22.4360	3
2023-06-23 04:00:00	22.3280	22.3280	22.3280	22.3280	0
2023-06-26 04:00:00	22.8050	22.8500	22.8050	22.8050	6
2023-06-27 04:00:00	22.9390	22.9390	22.9390	22.9390	1
2023-06-28 04:00:00	22.8650	22.8680	22.8650	22.8680	34711
2023-06-29 04:00:00	22.7450	22.9050	22.3000	22.5910	6994
2023-06-30 04:00:00	22.5300	22.8100	22.3450	22.8100	544
2023-07-03 13:30:00	22.7650	23.0050	22.7050	22.8960	305
2023-07-05 04:00:00	22.9200	23.3150	22.9200	23.1970	236
2023-07-06 04:00:00	23.1550	23.2400	22.6860	22.6860	81
2023-07-07 04:00:00	22.8600	23.1100	22.8600	23.0920	44
2023-07-10 04:00:00	23.0500	23.1510	22.7600	23.1510	126
2023-07-11 04:00:00	23.2250	23.3050	23.0860	23.0860	371
2023-07-12 04:00:00	23.1400	24.1190	23.1400	24.1190	145
2023-07-13 04:00:00	24.3000	24.8150	24.3000	24.7680	138
2023-07-14 04:00:00	24.9100	25.0140	24.8000	25.0140	54
2023-07-17 04:00:00	24.9200	24.9200	24.8400	24.8440	16
2023-07-18 04:00:00	24.9650	25.1000	24.9650	25.0840	657
2023-07-19 04:00:00	25.2500	25.2500	25.0450	25.2190	7
2023-07-20 04:00:00	25.2800	25.2800	24.8050	24.8050	215
2023-07-21 04:00:00	24.6980	24.6980	24.6980	24.6980	0
2023-07-24 04:00:00	24.4360	24.4360	24.4360	24.4360	10
2023-07-25 04:00:00	24.5450	24.7350	24.5450	24.6800	65
2023-07-26 04:00:00	24.6050	24.8250	24.6050	24.8250	15
2023-07-27 04:00:00	24.2360	24.2360	24.2360	24.2360	96
2023-07-28 04:00:00	24.2300	24.3700	24.2150	24.3700	78
2023-07-31 04:00:00	24.2100	24.8540	24.2100	24.8540	169
2023-08-01 04:00:00	24.5800	24.5800	24.1850	24.2080	11
2023-08-02 04:00:00	24.1500	24.1500	23.7540	23.7540	8
2023-08-03 04:00:00	23.5850	23.6100	23.4300	23.5860	56
2023-08-04 04:00:00	23.6000	23.6250	23.3750	23.6170	62
2023-08-07 04:00:00	23.4750	23.4750	23.0700	23.1420	50
2023-08-08 04:00:00	22.9600	22.9650	22.7170	22.7170	5
2023-08-09 04:00:00	22.6500	22.6500	22.6500	22.6500	5
2023-08-10 04:00:00	22.7460	22.7460	22.7460	22.7460	5
2023-08-11 04:00:00	22.6740	22.6740	22.6740	22.6740	5
2023-08-14 04:00:00	22.4050	22.6440	22.4050	22.6440	21
2023-08-15 04:00:00	22.4550	22.5950	22.4550	22.5950	11
2023-08-16 04:00:00	22.6550	22.6550	22.4800	22.4800	7
2023-08-17 04:00:00	22.6000	22.9550	22.6000	22.6700	27
2023-08-18 04:00:00	22.6950	22.6950	22.6950	22.6950	0
2023-08-21 04:00:00	22.7850	23.3040	22.7850	23.3040	3
2023-08-22 04:00:00	23.3450	23.4200	23.3450	23.4200	2
2023-08-23 04:00:00	24.3630	24.3630	24.3630	24.3630	2
2023-08-24 04:00:00	24.2850	24.3100	24.2110	24.2110	6
2023-08-25 04:00:00	24.0800	24.2200	24.0800	24.2200	11
2023-08-28 04:00:00	24.2380	24.2380	24.2380	24.2380	11
2023-08-29 04:00:00	24.7770	24.7770	24.7770	24.7770	52924
2023-08-30 04:00:00	24.7800	25.0600	24.5700	24.7340	7105
2023-08-31 04:00:00	24.6650	24.7000	24.4500	24.4720	738
2023-09-01 04:00:00	24.4900	24.8400	24.2050	24.2320	229
2023-09-05 04:00:00	24.2050	24.3250	23.5350	23.5580	150
2023-09-06 04:00:00	23.5150	23.6200	23.1350	23.2060	357
2023-09-07 04:00:00	23.0900	23.1250	22.9050	22.9500	97
2023-09-08 04:00:00	23.1050	23.1450	22.8920	22.8920	28
2023-09-11 04:00:00	22.9250	23.1400	22.9250	23.1030	138
2023-09-12 04:00:00	22.9450	23.1270	22.9300	23.1270	59
2023-09-13 04:00:00	22.8250	22.9150	22.8200	22.9120	10
2023-09-14 04:00:00	22.6150	22.7480	22.5800	22.7480	42
2023-09-15 04:00:00	22.7100	23.1850	22.7100	23.1260	34
2023-09-18 04:00:00	23.2320	23.2320	23.2320	23.2320	8
2023-09-19 04:00:00	23.1940	23.1940	23.1940	23.1940	0
2023-09-20 04:00:00	23.3500	23.5790	23.3500	23.5790	1
2023-09-21 04:00:00	23.0300	23.4440	23.0300	23.4440	64
2023-09-22 04:00:00	23.7000	23.7000	23.5960	23.5960	28
2023-09-25 04:00:00	23.5900	23.6100	23.1450	23.1450	66
2023-09-26 04:00:00	22.9500	22.9500	22.9500	22.9500	1
2023-09-27 04:00:00	22.4770	22.4770	22.4770	22.4770	421
2023-09-28 04:00:00	22.5500	22.6150	22.4000	22.5150	120
2023-09-29 04:00:00	22.7750	23.4600	22.2360	22.2360	120
2023-10-02 04:00:00	22.1650	22.1750	21.2180	21.2180	131
2023-10-03 04:00:00	20.9800	21.1780	20.7850	21.1780	34
2023-10-04 04:00:00	21.1850	21.1850	20.7600	20.9560	30
2023-10-05 04:00:00	21.0750	21.0750	20.8480	20.8480	117
2023-10-06 04:00:00	20.9850	21.5400	20.9250	21.5400	15
2023-10-09 04:00:00	21.7410	21.7410	21.7410	21.7410	0
2023-10-10 04:00:00	21.8500	21.8600	21.7150	21.7760	12
2023-10-11 04:00:00	21.9570	21.9570	21.9570	21.9570	3
2023-10-12 04:00:00	22.0700	22.1950	21.7920	21.7920	20
2023-10-13 04:00:00	22.4750	22.7270	22.4750	22.7270	13
2023-10-16 04:00:00	22.6050	22.6100	22.6050	22.6100	2
2023-10-17 04:00:00	22.7000	22.8630	22.6500	22.8630	22
2023-10-18 04:00:00	22.7900	22.9440	22.7650	22.9440	8
2023-10-19 04:00:00	22.7700	22.8870	22.7700	22.8870	9
2023-10-20 04:00:00	23.5600	23.6300	23.3510	23.3510	7
2023-10-23 04:00:00	23.2250	23.2400	23.0720	23.0720	5
2023-10-24 04:00:00	22.8500	22.9800	22.8500	22.9800	2
2023-10-25 04:00:00	22.7800	22.8770	22.5800	22.8770	6
2023-10-26 04:00:00	22.9750	22.9900	22.7870	22.7870	14
2023-10-27 04:00:00	22.7700	22.7700	22.7700	22.7700	68
2023-10-30 04:00:00	23.1600	23.5650	23.0950	23.2820	208
2023-10-31 04:00:00	23.2950	23.3050	22.8410	22.8410	85
2023-11-01 04:00:00	22.6450	23.0100	22.6400	22.6850	68
2023-11-02 04:00:00	22.7510	22.7510	22.7510	22.7510	31
2023-11-03 04:00:00	23.2010	23.2010	23.2010	23.2010	16
2023-11-06 05:00:00	23.1490	23.1490	23.1490	23.1490	5
2023-11-07 05:00:00	22.7750	22.7750	22.5050	22.5080	42
2023-11-08 05:00:00	22.3300	22.7400	22.3300	22.6470	95
2023-11-09 05:00:00	22.5200	22.9250	22.5050	22.8310	73
2023-11-10 05:00:00	22.6200	22.6200	22.2150	22.2150	33
2023-11-13 05:00:00	22.0850	22.2990	22.0100	22.2990	4
2023-11-14 05:00:00	22.3350	23.1650	22.2600	23.0790	282
2023-11-15 05:00:00	23.4850	23.4850	23.4850	23.4850	0
2023-11-16 05:00:00	23.5750	23.8950	23.5750	23.8920	7
2023-11-17 05:00:00	23.9050	24.1550	23.8090	23.8090	37
2023-11-20 05:00:00	23.4600	23.5790	23.4600	23.5790	2
2023-11-21 05:00:00	23.7650	23.8430	23.7650	23.8430	11
2023-11-22 05:00:00	23.6720	23.6720	23.6720	23.6720	37
2023-11-24 14:30:00	24.3150	24.3290	24.2600	24.3290	4
2023-11-27 05:00:00	24.8050	24.8500	24.6720	24.6720	14
2023-11-28 05:00:00	24.9300	24.9300	24.9300	24.9300	59633
2023-11-29 05:00:00	25.0500	25.3050	24.8500	25.0720	5716
2023-11-30 05:00:00	25.0350	25.3250	24.9650	25.2930	882
2023-12-01 05:00:00	25.4000	25.5650	25.1550	25.4990	491
2023-12-04 05:00:00	25.5900	25.9350	24.4500	24.5550	194
2023-12-05 05:00:00	24.5550	24.6550	24.0000	24.2010	369
2023-12-06 05:00:00	24.1800	24.3550	23.8890	23.8890	76
2023-12-07 05:00:00	23.9200	23.9350	23.7320	23.7320	107
2023-12-08 05:00:00	23.8150	23.8150	22.9700	22.9710	164
2023-12-11 05:00:00	23.0500	23.0500	22.7550	22.7730	54
2023-12-12 05:00:00	22.7850	22.7850	22.7280	22.7280	3
2023-12-13 05:00:00	22.8100	23.6650	22.5250	22.6390	89
2023-12-14 05:00:00	23.7650	24.2050	23.7650	24.0960	125
2023-12-15 05:00:00	24.0050	24.0100	23.8700	23.8700	4
2023-12-18 05:00:00	23.8310	23.8310	23.8200	23.8310	76
2023-12-19 05:00:00	23.9650	24.0650	23.9600	24.0400	32
2023-12-20 05:00:00	24.0800	24.3850	23.9650	24.3470	928
2023-12-21 05:00:00	24.3300	24.3700	24.3070	24.3070	89
2023-12-22 05:00:00	24.5200	24.5750	24.1650	24.2900	81
2023-12-26 05:00:00	24.2850	24.2850	24.0900	24.1440	227
2023-12-27 05:00:00	24.2350	24.3750	24.1500	24.3750	540
2023-12-28 05:00:00	24.3400	24.4200	24.0000	24.1340	203
2023-12-29 05:00:00	23.8850	23.8850	23.5550	23.8530	20
2024-01-02 05:00:00	23.8450	24.0700	23.7330	23.7330	20
2024-01-03 05:00:00	23.2650	23.2650	22.9300	22.9460	458
2024-01-04 05:00:00	22.9300	23.0450	22.7050	22.9890	24
2024-01-05 05:00:00	23.0650	23.1220	22.8650	23.1220	5
2024-01-08 05:00:00	22.9900	23.1200	22.8350	23.1200	53
2024-01-09 05:00:00	23.1400	23.1400	22.9040	22.9040	19
2024-01-10 05:00:00	23.0000	23.0000	22.8000	22.8840	10
2024-01-11 05:00:00	22.9600	23.0850	22.5350	22.5370	109
2024-01-12 05:00:00	22.8250	23.3800	22.8250	23.1620	44
2024-01-16 05:00:00	22.9330	22.9330	22.9330	22.9330	0
2024-01-17 05:00:00	22.9100	22.9100	22.5100	22.5160	17
2024-01-18 05:00:00	22.6400	22.6670	22.5900	22.6670	5
2024-01-19 05:00:00	22.5150	22.5710	22.5150	22.5710	2
2024-01-22 05:00:00	22.0050	22.1630	21.9250	22.1630	28
2024-01-23 05:00:00	22.3340	22.3340	22.3340	22.3340	0
2024-01-24 05:00:00	22.8550	22.9100	22.7550	22.7550	46
2024-01-25 05:00:00	22.8700	22.8700	22.8080	22.8080	48
2024-01-26 05:00:00	22.7600	22.8400	22.7550	22.7550	111
2024-01-29 05:00:00	23.0950	23.2050	23.0950	23.1380	333
2024-01-30 05:00:00	23.2050	23.2750	23.0650	23.1070	78
2024-01-31 05:00:00	23.0510	23.0510	23.0510	23.0510	0
2024-02-01 05:00:00	22.8750	23.1300	22.5500	23.1300	12
2024-02-02 05:00:00	23.1250	23.1550	22.5550	22.7010	20
2024-02-05 05:00:00	22.4900	22.4900	22.2850	22.3350	36
2024-02-06 05:00:00	22.4550	22.4550	22.3350	22.3930	405
2024-02-07 05:00:00	22.3400	22.4050	22.2780	22.2780	69
2024-02-08 05:00:00	22.4900	22.5650	22.3000	22.5650	154
2024-02-09 05:00:00	22.4050	22.5650	22.4050	22.5280	7
2024-02-12 05:00:00	22.6500	22.7250	22.6500	22.7090	8
2024-02-13 05:00:00	22.0960	22.0960	22.0960	22.0960	0
2024-02-14 05:00:00	22.0350	22.3310	22.0050	22.3310	8
2024-02-15 05:00:00	22.6100	22.9200	22.6100	22.9120	6
2024-02-16 05:00:00	23.4390	23.4390	23.4390	23.4390	0
2024-02-20 05:00:00	23.1500	23.1500	23.1060	23.1060	6
2024-02-21 05:00:00	23.1900	23.1950	22.8510	22.8510	8
2024-02-22 05:00:00	22.7650	22.7650	22.7650	22.7650	0
2024-02-23 05:00:00	22.9690	22.9690	22.9690	22.9690	39
2024-02-26 05:00:00	22.5950	22.5950	22.5170	22.5170	10
2024-02-27 05:00:00	22.5230	22.5230	22.5230	22.5230	38667
2024-02-28 05:00:00	22.4450	22.5000	22.2450	22.4100	5854
2024-02-29 05:00:00	22.4400	22.7750	22.2950	22.6660	517
2024-03-01 05:00:00	22.6550	23.2500	22.5700	23.1500	964
2024-03-04 05:00:00	23.1550	23.9300	23.0700	23.7790	996
2024-03-05 05:00:00	23.7050	24.2000	23.6650	23.7630	559
2024-03-06 05:00:00	23.6350	24.2720	23.5950	24.2720	129
2024-03-07 05:00:00	24.1650	24.5150	24.1400	24.3700	187
2024-03-08 05:00:00	24.5050	24.5050	24.3000	24.3390	115
2024-03-11 04:00:00	24.3850	24.5120	24.3700	24.5120	172
2024-03-12 04:00:00	24.4650	24.5050	24.1940	24.1940	42
2024-03-13 04:00:00	24.2150	24.9590	24.2150	24.9590	37
2024-03-14 04:00:00	24.8750	24.9800	24.8740	24.8740	20
2024-03-15 04:00:00	24.8350	25.4200	24.8250	25.2000	48
2024-03-18 04:00:00	25.1600	25.2450	25.0910	25.0910	26
2024-03-19 04:00:00	25.1700	25.1700	24.9450	24.9640	20
2024-03-20 04:00:00	24.9330	24.9330	24.9330	24.9330	75
2024-03-21 04:00:00	25.6250	25.7350	24.8490	24.8490	69
2024-03-22 04:00:00	24.7500	24.7500	24.6600	24.6920	20
2024-03-25 04:00:00	24.8150	24.8450	24.7200	24.7450	69
2024-03-26 04:00:00	24.6400	24.6500	24.4830	24.4830	663
2024-03-27 04:00:00	24.4250	24.6250	24.4250	24.6250	215
2024-03-28 04:00:00	24.6850	24.9100	24.6850	24.7970	20
2024-04-01 04:00:00	25.2500	25.3450	24.8100	24.9540	44
2024-04-02 04:00:00	25.3000	25.8550	25.2700	25.8040	59
2024-04-03 04:00:00	26.2550	27.0650	26.2100	26.9450	104
2024-04-04 04:00:00	27.2300	27.2700	26.7900	27.1400	23
2024-04-05 04:00:00	26.4900	27.4100	26.4900	27.4000	39
2024-04-08 04:00:00	27.8050	27.9300	27.7120	27.7120	6
2024-04-09 04:00:00	28.1200	28.1200	27.8910	27.8910	66
2024-04-10 04:00:00	27.7650	27.9850	27.7650	27.9610	5
2024-04-11 04:00:00	28.1300	28.5150	28.0000	28.1760	536
2024-04-12 04:00:00	28.5100	29.8050	28.2550	28.2550	354
2024-04-15 04:00:00	28.2500	28.6510	27.7700	28.6510	61
2024-04-16 04:00:00	28.3550	28.3550	28.2350	28.3180	76
2024-04-17 04:00:00	28.5100	28.5100	28.3100	28.3460	9
2024-04-18 04:00:00	28.3290	28.3290	28.3290	28.3290	0
2024-04-19 04:00:00	28.5050	28.8080	28.2150	28.8080	15
2024-04-22 04:00:00	27.2130	27.2130	27.2130	27.2130	0
2024-04-23 04:00:00	27.1350	27.4100	27.1350	27.3310	15
2024-04-24 04:00:00	27.1400	27.3240	27.1300	27.3240	4
2024-04-25 04:00:00	27.3420	27.3420	27.3420	27.3420	29
2024-04-26 04:00:00	27.2410	27.2410	27.2410	27.2410	68254
2024-04-29 04:00:00	27.2000	27.4400	26.9600	27.3730	11787
2024-04-30 04:00:00	27.1550	27.1650	26.3000	26.3910	1881
2024-05-01 04:00:00	26.2850	26.9450	26.2850	26.4890	387
2024-05-02 04:00:00	26.7150	26.7950	26.0350	26.5830	277
2024-05-03 04:00:00	26.6300	26.7850	26.1600	26.4450	194
2024-05-06 04:00:00	26.9500	27.3900	26.9500	27.3690	48
2024-05-07 04:00:00	27.3000	27.4450	27.2800	27.3030	74
2024-05-08 04:00:00	27.2650	27.4200	27.2650	27.3610	123
2024-05-09 04:00:00	27.6050	28.2000	27.6000	28.1320	333
2024-05-10 04:00:00	28.5950	28.5950	28.2300	28.2750	75
2024-05-13 04:00:00	28.0600	28.3450	28.0350	28.2210	253
2024-05-14 04:00:00	28.2700	28.6100	28.1100	28.4850	212
2024-05-15 04:00:00	28.6100	29.5140	28.6100	29.5140	31
2024-05-16 04:00:00	29.8800	29.8800	29.5000	29.6650	29
2024-05-17 04:00:00	29.7600	31.6050	29.7600	31.0470	118
2024-05-20 04:00:00	30.9950	32.2050	30.9950	32.2050	83
2024-05-21 04:00:00	32.4950	32.5000	31.4050	31.8680	55
2024-05-22 04:00:00	32.0300	32.0300	31.1600	31.2950	31
2024-05-23 04:00:00	30.3450	30.7100	30.1300	30.2840	104
2024-05-24 04:00:00	30.3700	30.3700	30.3300	30.3300	10
2024-05-28 04:00:00	31.5400	32.1150	31.5050	31.9710	45
2024-05-29 04:00:00	32.2030	32.2030	32.2030	32.2030	932
2024-05-30 04:00:00	32.0000	32.0500	31.1100	31.3880	257
2024-05-31 04:00:00	30.4250	30.4900	30.2970	30.2970	44
2024-06-03 04:00:00	30.4400	30.6410	29.8500	30.6410	209
2024-06-04 04:00:00	29.7550	29.9950	29.4700	29.4880	39
2024-06-05 04:00:00	29.5500	29.9700	29.5500	29.9480	16
2024-06-06 04:00:00	30.5600	31.3200	30.5600	31.2470	282
2024-06-07 04:00:00	31.5250	31.5250	29.3000	29.3350	10
2024-06-10 04:00:00	29.5900	29.7690	29.4800	29.7690	32
2024-06-11 04:00:00	29.1550	29.5050	29.1330	29.1330	3
2024-06-12 04:00:00	30.1760	30.1760	29.7500	30.1760	8
2024-06-13 04:00:00	29.1250	29.3250	28.8150	28.9900	21
2024-06-14 04:00:00	29.3850	29.5400	29.3850	29.4020	16
2024-06-17 04:00:00	29.3250	29.3250	29.3250	29.3250	0
2024-06-18 04:00:00	29.0050	29.5050	28.9550	29.5050	66
2024-06-20 04:00:00	29.5000	30.7760	29.5000	30.7760	20
2024-06-21 04:00:00	30.5000	30.5100	29.5730	29.5730	20
2024-06-24 04:00:00	29.5000	29.5000	29.4890	29.4890	5
2024-06-25 04:00:00	29.5000	29.5000	28.8370	28.8370	5
2024-06-26 04:00:00	28.9090	28.9090	28.9090	28.9090	52023
2024-06-27 04:00:00	28.7700	29.2250	28.6650	28.9180	14649
2024-06-28 04:00:00	28.9400	29.5800	28.8200	29.2370	538
2024-07-01 04:00:00	29.1000	29.4400	29.0000	29.3000	664
2024-07-02 04:00:00	29.3100	29.6200	29.2250	29.3530	153
2024-07-03 13:30:00	29.5950	30.5500	29.5400	30.5480	261
2024-07-05 04:00:00	30.2650	31.4700	30.1650	31.3880	451
2024-07-08 04:00:00	31.2000	31.2000	30.6180	30.6180	171
2024-07-09 04:00:00	30.7720	30.7720	30.7720	30.7720	6
2024-07-10 04:00:00	30.7700	30.7700	30.7270	30.7270	121
2024-07-11 04:00:00	30.9400	31.7050	30.9050	31.3940	257
2024-07-12 04:00:00	31.3650	31.3650	30.4600	30.8860	41
2024-07-15 04:00:00	30.6900	31.0050	30.5950	30.6720	43
2024-07-16 04:00:00	30.8100	31.3050	30.7800	31.1950	8
2024-07-17 04:00:00	31.2050	31.2850	30.1370	30.1370	69
2024-07-18 04:00:00	30.5050	30.5050	29.9900	29.9950	4
2024-07-19 04:00:00	29.7500	29.7500	28.9000	29.0880	73
2024-07-22 04:00:00	29.1700	29.1700	28.7800	29.1240	27
2024-07-23 04:00:00	29.0000	29.1320	28.8000	29.1320	21
2024-07-24 04:00:00	29.1160	29.1160	28.9850	29.1160	9
2024-07-25 04:00:00	28.7000	28.7000	27.5500	27.8070	157
2024-07-26 04:00:00	28.0100	28.0100	27.7400	27.8600	75
2024-07-29 04:00:00	28.0500	28.0500	27.7030	27.7030	819
2024-07-30 04:00:00	27.8250	28.3650	27.8000	28.3650	320
2024-07-31 04:00:00	28.7150	28.8850	28.7150	28.7780	17
2024-08-01 04:00:00	28.9450	28.9450	28.3310	28.3310	16
2024-08-02 04:00:00	28.9000	28.9300	28.2460	28.2460	101
2024-08-05 04:00:00	28.1650	28.5600	26.8400	27.0760	38
2024-08-06 04:00:00	27.2150	27.2300	27.0960	27.0960	110
2024-08-07 04:00:00	26.9150	26.9150	26.6950	26.8300	7
2024-08-08 04:00:00	27.0550	27.5050	27.0550	27.5000	36
2024-08-09 04:00:00	27.4870	27.4870	27.4870	27.4870	2
2024-08-12 04:00:00	27.8400	27.9250	27.7800	27.9170	11
2024-08-13 04:00:00	27.6950	27.6950	27.6950	27.6950	4
2024-08-14 04:00:00	27.2540	27.2540	27.2540	27.2540	30
2024-08-15 04:00:00	28.1450	28.3420	28.1450	28.3420	41
2024-08-16 04:00:00	28.7780	28.7780	28.7780	28.7780	15
2024-08-19 04:00:00	29.2400	29.2400	29.2400	29.2400	18
2024-08-20 04:00:00	29.8550	29.9550	29.4550	29.4550	15
2024-08-21 04:00:00	29.4760	29.4760	29.4760	29.4760	1
2024-08-22 04:00:00	29.4450	29.4500	29.0000	29.0060	4
2024-08-23 04:00:00	29.7860	29.7860	29.7860	29.7860	8
2024-08-26 04:00:00	30.1050	30.1050	29.9050	29.9770	53
2024-08-27 04:00:00	29.9510	29.9850	29.9510	29.9510	78
2024-08-28 04:00:00	29.1760	29.1760	29.1760	29.1760	42397
2024-08-29 04:00:00	29.1100	29.6550	29.1100	29.5570	7849
2024-08-30 04:00:00	29.3800	29.5550	28.7100	28.7310	488
2024-09-03 04:00:00	28.3550	28.5650	27.6950	27.9510	292
2024-09-04 04:00:00	27.8850	28.2150	27.8850	28.1670	237
2024-09-05 04:00:00	28.1950	28.7700	28.1950	28.7200	299
2024-09-06 04:00:00	28.5850	28.5850	27.8080	27.8080	72
2024-09-09 04:00:00	28.0850	28.3400	28.0500	28.2910	72
2024-09-10 04:00:00	28.2450	28.2570	28.2050	28.2570	20
2024-09-11 04:00:00	28.4950	28.6800	28.4950	28.5630	18
2024-09-12 04:00:00	28.8050	29.8000	28.7900	29.7430	33
2024-09-13 04:00:00	29.9800	30.7700	29.9800	30.6990	66
2024-09-16 04:00:00	30.8850	31.0150	30.7650	30.7710	116
2024-09-17 04:00:00	30.6190	30.7000	30.6190	30.6190	52
2024-09-18 04:00:00	30.6600	30.7300	30.3000	30.3410	86
2024-09-19 04:00:00	30.0500	31.0940	30.0500	31.0940	26
2024-09-20 04:00:00	31.0650	31.2000	31.0650	31.1760	3
2024-09-23 04:00:00	30.6300	30.8650	30.6300	30.7670	70
2024-09-24 04:00:00	30.8600	32.1110	30.8250	32.1110	35
2024-09-25 04:00:00	31.8050	31.9900	31.6980	31.6980	38
2024-09-26 04:00:00	32.2350	32.2500	32.0250	32.0250	301
2024-09-27 04:00:00	31.8150	32.1400	31.4450	31.5190	120
2024-09-30 04:00:00	31.6050	31.6050	31.1200	31.1640	73
2024-10-01 04:00:00	31.3500	31.5950	31.3100	31.4450	86
2024-10-02 04:00:00	31.0550	31.7000	31.0550	31.6280	24
2024-10-03 04:00:00	31.4600	32.1890	31.4400	32.1890	146
2024-10-04 04:00:00	32.0950	32.8600	31.6100	32.1280	156
2024-10-07 04:00:00	31.5900	31.7450	31.5900	31.7450	1
2024-10-08 04:00:00	31.3850	31.3850	30.3550	30.3550	21
2024-10-09 04:00:00	30.4850	30.4850	30.4250	30.4250	2
2024-10-10 04:00:00	31.0050	31.0050	31.0050	31.0050	4
2024-10-11 04:00:00	31.5350	31.5350	31.5200	31.5200	15
2024-10-14 04:00:00	31.0830	31.2000	31.0830	31.0830	2
2024-10-15 04:00:00	31.5270	31.5270	31.5270	31.5270	0
2024-10-16 04:00:00	31.6500	31.7600	31.6450	31.7600	25
2024-10-17 04:00:00	31.6800	31.8550	31.5730	31.5730	26
2024-10-18 04:00:00	33.0320	33.6800	33.0320	33.0320	33
2024-10-21 04:00:00	33.8650	34.2550	33.8650	33.8690	58
2024-10-22 04:00:00	34.4750	34.8350	34.4250	34.8310	80
2024-10-23 04:00:00	34.5550	34.5550	33.6400	33.6400	6
2024-10-24 04:00:00	34.1400	34.1400	33.6110	33.6110	24
2024-10-25 04:00:00	33.2500	33.7050	33.2500	33.6030	22
2024-10-28 04:00:00	33.7700	33.8300	33.7700	33.8300	3
2024-10-29 04:00:00	34.2690	34.2690	34.2690	34.2690	133
2024-10-30 04:00:00	34.1200	34.1700	33.5400	33.9140	79
2024-10-31 04:00:00	33.5250	33.5250	32.5900	32.6530	37
2024-11-01 04:00:00	32.5420	32.5420	32.4000	32.5420	98
2024-11-04 05:00:00	32.4800	32.4800	32.4800	32.4800	0
2024-11-05 05:00:00	32.6550	32.6550	32.6550	32.6550	6
2024-11-06 05:00:00	32.0400	32.0400	31.0000	31.2210	6
2024-11-07 05:00:00	31.4450	31.7650	31.4450	31.7650	222
2024-11-08 05:00:00	31.4950	31.4950	31.3450	31.3590	3
2024-11-11 05:00:00	31.1150	31.1150	30.5000	30.5400	69
2024-11-12 05:00:00	30.3100	30.6860	30.3100	30.6860	5
2024-11-13 05:00:00	30.9700	30.9700	30.4300	30.5900	5
2024-11-14 05:00:00	30.1700	30.5700	29.7350	30.5080	38
2024-11-15 05:00:00	30.3200	30.3710	30.2450	30.3710	2
2024-11-18 05:00:00	31.1630	31.1630	31.1630	31.1630	6
2024-11-19 05:00:00	31.4550	31.4750	31.1500	31.2080	10
2024-11-20 05:00:00	31.1800	31.1800	30.9560	30.9560	7
2024-11-21 05:00:00	30.9450	30.9450	30.7500	30.9120	30
2024-11-22 05:00:00	31.3000	31.3090	31.2600	31.3090	5
2024-11-25 05:00:00	30.8150	30.8150	30.2100	30.2100	12
2024-11-26 05:00:00	30.3880	30.3880	30.3880	30.3880	55215
2024-11-27 05:00:00	30.4900	30.7500	29.9900	30.1110	19729
2024-11-29 14:30:00	30.1350	30.9500	29.6550	30.6850	2230
2024-12-02 05:00:00	30.5100	30.6700	30.1700	30.4490	158
2024-12-03 05:00:00	30.9350	31.1100	30.8700	31.0770	211
2024-12-04 05:00:00	31.1550	31.5050	30.9200	31.5050	504
2024-12-05 05:00:00	31.2900	31.4750	31.1340	31.1340	211
2024-12-06 05:00:00	31.3000	31.3350	31.0800	31.1860	35
2024-12-09 05:00:00	31.4400	32.5150	31.4400	32.2160	642
2024-12-10 05:00:00	32.1050	32.3630	32.0350	32.3630	689
2024-12-11 05:00:00	32.3400	32.5620	32.2050	32.5620	484
2024-12-12 05:00:00	32.5300	32.7700	31.2250	31.2280	108
2024-12-13 05:00:00	31.0000	31.0000	30.5600	30.6550	47
2024-12-16 05:00:00	30.8150	30.8150	30.6800	30.6970	36
2024-12-17 05:00:00	30.3450	30.5730	30.2900	30.5730	365
2024-12-18 05:00:00	30.4400	30.4400	29.8800	30.4100	290
2024-12-19 05:00:00	29.6050	29.6150	28.8550	29.0940	81
2024-12-20 05:00:00	29.1650	29.8450	29.1050	29.6600	61
2024-12-23 05:00:00	29.8950	29.9900	29.8880	29.8880	54
2024-12-24 14:30:00	29.9740	29.9740	29.9740	29.9740	66
2024-12-26 05:00:00	30.0150	30.1150	29.9800	30.0470	109
2024-12-27 05:00:00	29.9350	29.9350	29.6050	29.6550	502
2024-12-30 05:00:00	29.6600	29.7200	28.9900	29.1060	200
2024-12-31 05:00:00	29.1350	29.1700	28.9400	28.9400	172
2025-01-02 05:00:00	29.2600	29.7150	29.2600	29.6220	307
2025-01-03 05:00:00	30.0800	30.0800	29.8060	29.8060	91
2025-01-06 05:00:00	30.3700	30.4600	29.9600	30.3420	186
2025-01-07 05:00:00	30.4470	30.4470	30.4470	30.4470	6
2025-01-08 05:00:00	30.5250	30.6500	30.2800	30.4520	46
2025-01-09 05:00:00	30.9650	30.9650	30.7350	30.7910	192
2025-01-10 05:00:00	31.5350	31.5350	31.0900	31.0910	60
2025-01-13 05:00:00	30.2750	30.2750	30.0910	30.0910	2
2025-01-14 05:00:00	30.1950	30.1950	30.1320	30.1320	66
2025-01-15 05:00:00	30.8800	31.3500	30.8750	31.3190	21
2025-01-16 05:00:00	31.3850	31.6750	31.3300	31.5230	109
2025-01-17 05:00:00	31.2000	31.2100	30.9510	30.9510	5
2025-01-21 05:00:00	30.8000	31.3110	30.7750	31.3110	215
2025-01-22 05:00:00	30.9950	31.2390	30.9950	31.2390	7
2025-01-23 05:00:00	30.4000	30.6730	30.4000	30.6730	2
2025-01-24 05:00:00	31.0750	31.0750	30.9900	31.0230	112
2025-01-27 05:00:00	30.2540	30.2540	30.2540	30.2540	111
2025-01-28 05:00:00	30.3650	30.7270	30.3650	30.7270	132
2025-01-29 05:00:00	31.2380	31.2380	31.2380	31.2380	263
2025-01-30 05:00:00	31.4800	32.6000	31.4700	32.3640	557
2025-01-31 05:00:00	32.6750	32.7600	32.1100	32.1280	162
2025-02-03 05:00:00	32.1450	32.4600	31.6300	32.3920	444
2025-02-04 05:00:00	32.2100	32.8880	32.1150	32.8880	744
2025-02-05 05:00:00	32.8050	32.8570	32.6350	32.8570	42
2025-02-06 05:00:00	32.5000	32.5180	32.3850	32.5180	651
2025-02-07 05:00:00	32.7400	32.7400	32.1100	32.3350	172
2025-02-10 05:00:00	32.3100	32.3920	32.3100	32.3920	456
2025-02-11 05:00:00	32.1100	32.2600	31.6350	32.2310	23
2025-02-12 05:00:00	31.9650	32.7550	31.9650	32.6950	80
2025-02-13 05:00:00	32.8350	32.8800	32.5350	32.6500	119
2025-02-14 05:00:00	33.7450	34.0800	32.7500	32.8010	153
2025-02-18 05:00:00	32.7600	33.3600	32.7600	33.3170	201
2025-02-19 05:00:00	33.5600	33.5600	32.9930	32.9930	21
2025-02-20 05:00:00	33.4440	33.4440	33.4440	33.4440	0
2025-02-21 05:00:00	33.3250	33.3250	32.9760	32.9760	96
2025-02-24 05:00:00	32.8350	32.8550	32.5750	32.5750	115
2025-02-25 05:00:00	32.1250	32.4400	31.8010	31.8010	72
2025-02-26 05:00:00	32.2530	32.2530	32.2530	32.2530	36515
2025-02-27 05:00:00	32.2350	32.2900	31.4700	31.8010	10140
2025-02-28 05:00:00	31.5750	31.6450	31.0850	31.2190	1641
2025-03-03 05:00:00	31.4350	32.2100	31.3750	32.0320	872
2025-03-04 05:00:00	31.8400	32.2900	31.7700	32.1080	762
2025-03-05 05:00:00	32.1700	33.0000	32.1700	32.8580	912
2025-03-06 05:00:00	32.9800	33.0630	32.6300	33.0630	370
2025-03-07 05:00:00	32.9300	32.9300	32.4050	32.5480	926
2025-03-10 04:00:00	32.7650	32.7650	32.1050	32.2750	300
2025-03-11 04:00:00	32.2950	33.1350	32.2700	32.8880	243
2025-03-12 04:00:00	33.2450	33.5000	33.1900	33.4840	689
2025-03-13 04:00:00	33.3850	34.4050	33.3500	34.0510	345
2025-03-14 04:00:00	34.2450	34.5550	34.0550	34.1870	191
2025-03-17 04:00:00	34.0400	34.1150	33.9650	34.0740	333
2025-03-18 04:00:00	34.5000	34.5790	34.4050	34.5790	15
2025-03-19 04:00:00	34.3950	34.3950	33.9750	33.9750	193
2025-03-20 04:00:00	33.6900	33.8100	33.6900	33.7860	257
2025-03-21 04:00:00	33.2900	33.2900	33.2900	33.2900	189
2025-03-24 04:00:00	33.4750	33.4800	33.2650	33.2650	88
2025-03-25 04:00:00	33.4600	34.0900	33.4600	34.0020	14
2025-03-26 04:00:00	34.3050	34.3050	33.9950	34.0330	134
2025-03-27 04:00:00	34.8970	34.8970	34.8970	34.8970	1017
2025-03-28 04:00:00	35.2650	35.2650	34.5600	34.6440	316
2025-03-31 04:00:00	34.7600	35.0000	34.4000	34.4570	97
2025-04-01 04:00:00	34.6000	34.6650	34.1580	34.1580	97
2025-04-02 04:00:00	34.4990	34.8550	34.4990	34.4990	558
2025-04-03 04:00:00	34.1350	34.1350	31.6250	31.8440	63
2025-04-04 04:00:00	31.4400	31.5000	29.1160	29.1160	61
2025-04-07 04:00:00	28.4500	30.4600	28.3100	29.5100	310
2025-04-08 04:00:00	29.7650	30.3200	29.5920	29.5920	64
2025-04-09 04:00:00	29.3500	30.3230	29.2550	30.3230	137
2025-04-10 04:00:00	31.0300	31.0500	30.6710	30.6710	4
2025-04-11 04:00:00	31.1150	31.8240	31.1150	31.8240	24
2025-04-14 04:00:00	31.8000	32.0920	31.8000	32.0920	17
2025-04-15 04:00:00	32.2270	32.2270	32.2270	32.2270	45
2025-04-16 04:00:00	33.0250	33.0250	32.7550	32.9260	97
2025-04-17 04:00:00	32.3350	32.5800	32.0900	32.4200	168
2025-04-21 04:00:00	32.6500	32.7850	32.4960	32.4960	56
2025-04-22 04:00:00	32.8800	32.8800	32.8800	32.8800	1
2025-04-23 04:00:00	33.5500	33.5500	33.5180	33.5180	52
2025-04-24 04:00:00	33.3250	33.4820	33.3250	33.4820	93
2025-04-25 04:00:00	32.9890	32.9890	32.9890	32.9890	93
2025-04-28 04:00:00	32.9900	32.9900	32.9900	32.9900	38963
2025-04-29 04:00:00	33.0950	33.5150	32.8200	33.2750	9484
2025-04-30 04:00:00	32.8900	32.9900	32.1350	32.5310	622
2025-05-01 04:00:00	32.5450	32.5550	31.6850	32.1890	556
2025-05-02 04:00:00	32.3850	32.6750	31.9100	31.9890	74
2025-05-05 04:00:00	31.9200	32.4800	31.9150	32.2050	224
2025-05-06 04:00:00	32.6500	33.1900	32.6500	33.1130	227
2025-05-07 04:00:00	32.8050	32.8050	32.1950	32.5310	253
2025-05-08 04:00:00	32.2750	32.4450	32.2750	32.3780	526
2025-05-09 04:00:00	32.6760	32.7300	32.6760	32.6760	7
2025-05-12 04:00:00	32.5850	32.8650	31.9300	32.3880	90
2025-05-13 04:00:00	33.2000	33.2050	32.8050	32.8680	28
2025-05-14 04:00:00	32.2400	32.2550	32.0850	32.2260	57
2025-05-15 04:00:00	32.4810	32.4810	32.4810	32.4810	2
2025-05-16 04:00:00	32.1950	32.2400	31.9100	32.1580	100
2025-05-19 04:00:00	32.4400	32.5700	32.2100	32.3130	217
2025-05-20 04:00:00	32.1200	33.0650	32.0700	32.9800	35
2025-05-21 04:00:00	33.0450	33.5750	33.0450	33.4630	217
2025-05-22 04:00:00	33.5750	33.5750	32.8400	33.0470	16
2025-05-23 04:00:00	33.1000	33.5350	33.1000	33.4420	44
2025-05-27 04:00:00	33.2300	33.2300	32.9450	33.1460	203
2025-05-28 04:00:00	33.1450	33.1450	32.9550	33.0000	656
2025-05-29 04:00:00	32.9100	33.4400	32.6600	33.2830	686
2025-05-30 04:00:00	32.9750	32.9750	32.8920	32.8920	380
2025-06-02 04:00:00	33.4500	34.7900	33.4500	34.5630	188
2025-06-03 04:00:00	34.3150	34.5030	34.3150	34.5030	14
2025-06-04 04:00:00	34.3900	34.5190	34.3900	34.5190	164
2025-06-05 04:00:00	35.3050	36.0250	35.3000	35.6890	55
2025-06-06 04:00:00	35.6550	36.3550	35.6350	36.0250	367
2025-06-09 04:00:00	36.6880	36.6880	36.6880	36.6880	28
2025-06-10 04:00:00	36.4600	36.5420	36.4500	36.5420	133
2025-06-11 04:00:00	36.0900	36.2700	36.0900	36.1660	33
2025-06-12 04:00:00	35.7600	36.2130	35.7600	36.2130	51
2025-06-13 04:00:00	36.2050	36.3150	36.2000	36.2810	90
2025-06-16 04:00:00	36.2500	36.3790	36.2500	36.3790	6
2025-06-17 04:00:00	36.8100	37.2550	36.8100	37.0900	60
2025-06-18 04:00:00	37.1750	37.1750	36.8660	36.8660	0
2025-06-20 04:00:00	35.7750	35.9760	35.7750	35.9760	2
2025-06-23 04:00:00	36.1600	36.1650	36.1530	36.1530	7
2025-06-24 04:00:00	35.8300	35.8300	35.6000	35.7010	10
2025-06-25 04:00:00	36.0850	36.0850	36.0850	36.0850	2
2025-06-26 04:00:00	36.3100	36.5860	36.3100	36.5860	43116
2025-06-27 04:00:00	36.5600	36.6400	35.6350	36.0370	7734
2025-06-30 04:00:00	35.8950	36.1200	35.2700	35.8520	191
2025-07-01 04:00:00	36.0600	36.5000	35.8450	36.0820	74
2025-07-02 04:00:00	35.9800	36.4500	35.9800	36.4260	512
2025-07-03 13:30:00	36.4100	36.9400	36.3500	36.7840	0
2025-07-04 04:00:00	36.7750	36.7750	36.7750	36.7750	0
2025-07-07 04:00:00	37.0900	37.0900	36.1250	36.6150	362
2025-07-08 04:00:00	36.6850	36.6850	36.2600	36.4720	463
2025-07-09 04:00:00	36.3850	36.3850	36.2700	36.3510	34
2025-07-10 04:00:00	36.6400	37.4100	36.6400	37.0380	746
2025-07-11 04:00:00	37.4500	38.9300	37.4500	38.6760	687
2025-07-14 04:00:00	39.1000	39.1400	38.3600	38.4620	103
2025-07-15 04:00:00	38.2800	38.3300	37.6750	37.8340	183
2025-07-16 04:00:00	37.9700	38.0550	37.7900	37.8530	218
2025-07-17 04:00:00	37.8400	38.1950	37.8400	38.0560	147
2025-07-18 04:00:00	38.5150	38.5150	38.2230	38.2230	52
2025-07-21 04:00:00	38.9950	39.1250	38.9950	39.1010	73
2025-07-22 04:00:00	38.9150	39.3550	38.9150	39.3200	67
2025-07-23 04:00:00	39.4100	39.4100	39.2200	39.2780	51
2025-07-24 04:00:00	39.0600	39.1300	38.8400	39.0210	59
2025-07-25 04:00:00	38.9300	38.9300	38.0400	38.1670	7
2025-07-28 04:00:00	38.1300	38.1900	38.0200	38.0260	154
2025-07-29 04:00:00	38.1300	38.1300	38.0600	38.0840	1109
2025-07-30 04:00:00	38.1650	38.1650	36.7750	37.5660	352
2025-07-31 04:00:00	36.8400	36.8400	36.5520	36.5520	89
2025-08-01 04:00:00	36.3450	36.7870	36.3450	36.7870	95
2025-08-04 04:00:00	37.1450	37.3000	37.1450	37.1920	488
2025-08-05 04:00:00	37.6050	37.6870	37.6050	37.6870	3
2025-08-06 04:00:00	37.7600	37.7660	37.7600	37.7660	6
2025-08-07 04:00:00	38.3300	38.3750	38.1580	38.1580	130
2025-08-08 04:00:00	38.4850	38.6200	38.3900	38.4170	54
2025-08-11 04:00:00	38.0400	38.0400	37.6620	37.6620	35
2025-08-12 04:00:00	37.5550	37.8990	37.5550	37.8990	19
2025-08-13 04:00:00	38.4500	38.5050	38.4500	38.4990	8
2025-08-14 04:00:00	37.9820	37.9820	37.9820	37.9820	5
2025-08-15 04:00:00	37.8800	37.8940	37.8800	37.8940	2
2025-08-18 04:00:00	37.9510	37.9510	37.9510	37.9510	3
2025-08-19 04:00:00	37.3050	37.3050	37.2050	37.2610	10
2025-08-20 04:00:00	37.7450	37.7450	37.7050	37.7050	2
2025-08-21 04:00:00	38.0270	38.0270	38.0270	38.0270	28
2025-08-22 04:00:00	39.0030	39.0030	39.0030	39.0030	2
2025-08-25 04:00:00	38.7650	38.7900	38.5100	38.6770	344
2025-08-26 04:00:00	38.5250	38.5820	38.5250	38.5820	78
2025-08-27 04:00:00	38.6890	38.6890	38.6890	38.6890	38378
2025-08-28 04:00:00	38.6900	39.3350	38.6800	39.1900	5603
2025-08-29 04:00:00	39.1550	40.3050	38.9050	40.2000	0
2025-09-02 04:00:00	40.1850	41.3400	40.1850	41.0710	820
2025-09-03 04:00:00	41.1500	41.7150	41.0150	41.5420	409
2025-09-04 04:00:00	41.0300	41.0550	40.8000	40.9110	249
2025-09-05 04:00:00	40.9600	41.5350	40.8700	41.0740	835
2025-09-08 04:00:00	41.1500	41.7800	41.1500	41.4260	531
2025-09-09 04:00:00	41.5700	41.5700	40.8780	40.8780	359
2025-09-10 04:00:00	41.1330	41.1330	41.1330	41.1330	350
2025-09-11 04:00:00	41.3550	41.7400	41.3500	41.6970	538
2025-09-12 04:00:00	41.6000	42.3870	41.6000	42.3870	18
2025-09-15 04:00:00	42.2100	42.5800	42.2100	42.5170	48
2025-09-16 04:00:00	42.4710	42.4710	42.4350	42.4710	894
2025-09-17 04:00:00	41.8900	41.9350	41.7220	41.7220	311
2025-09-18 04:00:00	41.7000	41.7100	41.4950	41.7070	156
2025-09-19 04:00:00	41.9150	42.8650	41.8150	42.5360	625
2025-09-22 04:00:00	43.6700	43.9200	43.3000	43.7990	179
2025-09-23 04:00:00	43.9000	44.3000	43.7000	44.1920	400
2025-09-24 04:00:00	44.1100	44.1850	43.7000	43.7770	174
2025-09-25 04:00:00	43.7900	45.0000	43.7850	44.6970	199
2025-09-26 04:00:00	44.8750	46.2210	44.8700	46.2210	556
2025-09-29 04:00:00	46.1400	46.8750	46.0900	46.6120	622
2025-09-30 04:00:00	46.9350	46.9600	45.9650	46.2530	338
2025-10-01 04:00:00	47.3450	47.5100	46.7900	47.2900	125
2025-10-02 04:00:00	46.9700	47.2450	45.3850	46.0000	509
2025-10-03 04:00:00	47.5970	47.5970	47.5970	47.5970	53
2025-10-06 04:00:00	47.8950	48.0820	47.8950	48.0820	60
2025-10-07 04:00:00	47.4200	47.8500	47.0300	47.1790	708
2025-10-08 04:00:00	47.8900	48.6560	47.8900	48.6560	149
2025-10-09 04:00:00	47.9250	49.4900	46.7350	46.8500	1568
2025-10-10 04:00:00	46.9300	48.2900	46.9300	46.9380	453
2025-10-13 04:00:00	49.3400	50.4950	49.3400	50.1300	453
2025-10-14 04:00:00	51.2600	51.9850	48.5350	50.3140	249
2025-10-15 04:00:00	50.9400	51.5750	50.8450	51.0730	102
2025-10-16 04:00:00	52.5100	53.1050	51.7850	53.0230	356
2025-10-17 04:00:00	53.2150	53.3400	49.6450	49.8640	400
2025-10-20 04:00:00	50.4150	51.4300	50.1400	51.1190	652
2025-10-21 04:00:00	50.8050	50.8050	47.4150	47.4500	329
2025-10-22 04:00:00	47.8900	48.1150	47.2200	47.4610	347
2025-10-23 04:00:00	48.4700	48.9100	48.4600	48.4820	507
2025-10-24 04:00:00	47.4250	48.4300	47.4250	48.3770	270
2025-10-27 04:00:00	47.8100	47.8100	45.8450	46.5620	161
2025-10-28 04:00:00	46.3250	47.1250	46.3250	47.1250	59
2025-10-29 04:00:00	47.7210	47.7210	47.7210	47.7210	545
2025-10-30 04:00:00	47.5400	48.6100	47.1350	48.4280	370
2025-10-31 04:00:00	48.4400	48.6800	47.9940	47.9940	484
2025-11-03 05:00:00	47.8250	48.3500	47.8250	47.8880	0
2025-11-04 05:00:00	46.9250	47.1300	46.8050	47.1300	115
2025-11-05 05:00:00	47.5600	47.8800	47.5600	47.8630	23
2025-11-06 05:00:00	47.7940	47.7940	47.7940	47.7940	86
2025-11-07 05:00:00	48.0300	48.0400	48.0150	48.0170	23
2025-11-10 05:00:00	49.5000	50.1770	49.5000	50.1770	91
2025-11-11 05:00:00	50.4300	50.8550	50.4300	50.6180	106
2025-11-12 05:00:00	51.2500	53.5000	51.2500	53.3320	20
2025-11-13 05:00:00	52.9300	54.2000	52.6600	53.0740	264
2025-11-14 05:00:00	53.1000	53.1000	50.2450	50.5900	73
2025-11-17 05:00:00	50.7500	50.7500	49.6650	50.6250	71
2025-11-18 05:00:00	49.3300	50.9200	49.2350	50.4500	384
2025-11-19 05:00:00	51.6000	51.7500	50.4250	50.7900	72
2025-11-20 05:00:00	50.3500	50.3500	50.0050	50.2470	10
2025-11-21 05:00:00	49.8500	49.9450	48.1250	49.8730	22
2025-11-24 05:00:00	49.5950	50.2950	49.5950	50.2950	35
2025-11-25 05:00:00	50.8450	51.1300	50.8150	50.9340	49588
2025-11-26 05:00:00	51.1050	53.0950	50.9600	52.9160	14378
2025-11-28 14:30:00	53.0750	56.4550	52.5500	56.4460	2541
2025-12-01 05:00:00	56.2200	58.4750	56.1400	58.4180	994
2025-12-02 05:00:00	57.6700	58.4600	56.5800	57.9830	392
2025-12-03 05:00:00	58.7850	58.9000	57.6500	57.9210	264
2025-12-04 05:00:00	58.3000	58.3000	56.3000	56.8470	335
2025-12-05 05:00:00	56.8350	58.4700	56.8350	58.4220	284
2025-12-08 05:00:00	58.2100	58.3400	57.5200	57.7790	518
2025-12-09 05:00:00	57.6150	60.5200	57.6150	60.1690	324
2025-12-10 05:00:00	60.5700	61.5300	60.1150	60.3790	462
2025-12-11 05:00:00	61.9750	63.9290	61.8750	63.9290	408
2025-12-12 05:00:00	63.0700	63.5550	60.6650	61.3620	435
2025-12-15 05:00:00	61.2300	62.9500	61.2300	62.9400	387
2025-12-16 05:00:00	62.6650	63.0000	62.5400	62.7000	70
2025-12-17 05:00:00	65.2800	66.4750	65.0900	66.2370	233
2025-12-18 05:00:00	65.7750	65.7750	64.2800	64.5920	118
2025-12-19 05:00:00	66.4950	66.8450	66.4850	66.8450	144
2025-12-22 05:00:00	67.0050	68.8650	67.0050	67.9060	130
2025-12-23 05:00:00	69.0800	70.5750	69.0750	70.4850	40
2025-12-24 14:30:00	71.5150	71.5150	71.0000	71.0310	35
2025-12-26 05:00:00	74.5000	78.8400	73.7350	76.4860	140
2025-12-29 05:00:00	79.7000	79.7000	69.8560	69.8560	1608
2025-12-30 05:00:00	71.3300	77.4100	70.5000	77.3740	992
2025-12-31 05:00:00	74.6050	74.6250	70.1340	70.1340	343
2026-01-02 05:00:00	71.3750	73.5900	70.5560	70.5560	602
2026-01-05 05:00:00	74.1750	76.8200	73.9050	76.1640	883
2026-01-06 05:00:00	75.9300	80.8550	75.9300	80.5300	580
2026-01-07 05:00:00	80.9000	80.9000	75.8750	77.1350	2093
2026-01-08 05:00:00	76.5700	76.5700	73.1650	74.7160	1447
2026-01-09 05:00:00	76.7000	79.9750	76.7000	78.8840	254
2026-01-12 05:00:00	82.0000	85.8250	82.0000	84.6100	575
2026-01-13 05:00:00	84.9050	88.6100	84.5900	85.8770	341
2026-01-14 05:00:00	89.3500	93.0000	88.7050	90.8690	470
2026-01-15 05:00:00	90.8250	92.4200	86.1300	91.8760	390
2026-01-16 05:00:00	90.4400	90.9250	86.1950	88.0910	685
2026-01-20 05:00:00	92.3200	94.9900	92.0600	94.2060	543
2026-01-21 05:00:00	93.8850	94.5300	91.5900	92.2100	231
2026-01-22 05:00:00	92.8350	95.9800	92.4800	95.9760	548
2026-01-23 05:00:00	98.2700	102.9250	97.7300	100.9250	283
2026-01-26 05:00:00	105.0450	117.1950	103.2200	115.0800	537
2026-01-27 05:00:00	104.4000	110.5200	103.1000	105.5230	131
2026-01-28 05:00:00	114.5750	114.5750	112.7350	113.1110	1436
2026-01-29 05:00:00	116.8900	121.3000	107.9700	114.0370	1261
2026-01-30 05:00:00	116.8650	117.7900	76.0250	78.2900	841
2026-02-02 05:00:00	81.0000	84.3900	73.3600	76.7780	388
2026-02-03 05:00:00	80.1250	88.1950	80.0000	83.0420	840
2026-02-04 05:00:00	87.1100	90.9750	83.6250	84.1650	158
2026-02-05 05:00:00	88.4400	88.4400	71.0800	76.5290	422
2026-02-06 05:00:00	70.4050	77.3200	68.7100	76.7350	118
2026-02-09 05:00:00	80.5050	82.0650	79.9800	82.0650	443
2026-02-10 05:00:00	81.6750	81.6750	79.8400	80.2180	112
2026-02-11 05:00:00	80.9950	84.4700	80.9850	83.7540	11
2026-02-12 05:00:00	82.6850	82.6950	75.5460	75.5460	78
2026-02-13 05:00:00	75.1100	78.4700	74.8300	77.8510	63
2026-02-17 05:00:00	75.3500	75.3500	72.0000	73.4470	61
2026-02-18 05:00:00	75.7000	77.5090	75.7000	77.5090	18
2026-02-19 05:00:00	76.9400	78.9400	76.9400	77.5650	208
2026-02-20 05:00:00	80.4600	84.4150	80.4600	82.2830	30
2026-02-23 05:00:00	86.4950	87.9150	86.4950	86.5230	41
2026-02-24 05:00:00	86.2900	87.4570	86.2900	87.4570	268
2026-02-25 05:00:00	90.9390	90.9390	90.9390	90.9390	36156
2026-02-26 05:00:00	88.9250	90.2550	84.9800	86.9980	6626
2026-02-27 05:00:00	88.0650	93.8800	87.8200	92.6820	1134
2026-03-02 05:00:00	95.8600	95.8600	86.2200	88.2840	1338
2026-03-03 05:00:00	89.5900	90.8000	79.0000	82.9230	1600
2026-03-04 05:00:00	83.0850	85.0150	82.6330	82.6330	502
2026-03-05 05:00:00	84.0950	84.1500	80.9550	81.6870	597
2026-03-06 05:00:00	82.9200	84.3350	81.4250	83.8160	282
2026-03-09 04:00:00	82.4950	86.5100	79.5000	84.0320	497
2026-03-10 04:00:00	87.1200	89.5900	87.0000	89.0830	106
2026-03-11 04:00:00	88.5450	88.6800	84.5250	85.0650	1455
2026-03-12 04:00:00	86.5650	87.1600	84.6700	84.6700	284
2026-03-13 04:00:00	82.0000	83.8150	79.4500	80.9140	856
2026-03-16 04:00:00	79.0000	80.9050	79.0000	80.2630	91
2026-03-17 04:00:00	80.4300	82.2400	78.5800	79.5300	248
2026-03-18 04:00:00	76.5000	77.7350	74.8000	77.2380	340
2026-03-19 04:00:00	75.7050	76.1050	67.0000	70.9020	138
2026-03-20 04:00:00	71.9200	71.9250	69.3600	69.3600	45
2026-03-23 04:00:00	64.7400	69.5100	61.0900	69.0490	271
2026-03-24 04:00:00	69.0900	71.1850	68.5500	69.2740	122
2026-03-25 04:00:00	71.3900	73.1700	71.2250	72.3610	211
2026-03-26 04:00:00	70.1050	70.1050	67.2300	67.6710	31
2026-03-27 04:00:00	67.5500	69.5450	67.5400	69.5450	391
2026-03-30 04:00:00	67.9050	70.9800	67.8200	70.3240	482
2026-03-31 04:00:00	72.5550	75.1700	72.5550	74.6900	98
2026-04-01 04:00:00	74.3450	75.8670	73.9000	75.8670	81
2026-04-02 04:00:00	73.7150	73.7150	69.8350	72.7350	0
2026-04-06 04:00:00	71.8500	72.6610	71.8500	72.6610	1
2026-04-07 04:00:00	71.8950	71.8950	70.0000	71.8260	91
2026-04-08 04:00:00	76.1700	77.4500	75.2240	75.2240	34
2026-04-09 04:00:00	73.7800	76.2770	73.7800	76.2770	4
2026-04-10 04:00:00	75.3050	76.6500	75.3050	76.3240	175
2026-04-13 04:00:00	72.8000	75.5230	72.7950	75.5230	13
2026-04-14 04:00:00	76.8150	79.5900	76.8150	79.3910	590
2026-04-15 04:00:00	80.2500	80.3500	79.3000	79.4910	473
2026-04-16 04:00:00	79.1750	79.1750	78.6060	78.6060	504
2026-04-17 04:00:00	82.3800	82.8300	81.7380	81.7380	38
2026-04-20 04:00:00	79.5250	79.9510	79.5050	79.9510	24
2026-04-21 04:00:00	78.9500	78.9500	76.4110	76.4110	34
2026-04-22 04:00:00	76.8750	77.8930	76.8750	77.8930	9
2026-04-23 04:00:00	76.3050	76.3250	75.4650	75.4650	21
2026-04-24 04:00:00	76.3830	76.3830	76.3830	76.3830	31
2026-04-27 04:00:00	75.2650	75.3350	74.7550	75.0030	7
2026-04-28 04:00:00	73.2050	73.2050	73.2050	73.2050	28613
2026-04-29 04:00:00	72.9850	73.8150	70.8850	71.5690	4128
2026-04-30 04:00:00	71.3850	73.8500	71.3850	73.5340	498
2026-05-01 04:00:00	74.4200	76.8800	73.1100	75.9510	598
2026-05-04 04:00:00	75.4000	75.4000	72.5000	73.0720	591
2026-05-05 04:00:00	72.6700	73.9450	72.6700	73.1080	194
2026-05-06 04:00:00	73.8900	77.8350	73.7750	76.8110	235
2026-05-07 04:00:00	77.8700	82.1750	77.8700	79.7010	301
2026-05-08 04:00:00	80.8150	81.6000	80.0600	80.3950	14
2026-05-11 04:00:00	85.6050	86.2500	85.0000	85.4850	408
2026-05-12 04:00:00	86.4950	86.9100	83.7500	85.1300	418
2026-05-13 04:00:00	86.9300	88.8880	86.9300	88.8880	137
2026-05-14 04:00:00	87.0750	87.0750	84.9000	84.9120	91
2026-05-15 04:00:00	80.6100	80.6100	76.0050	77.1610	53
2026-05-18 04:00:00	75.3450	78.0550	74.7450	77.0730	211
2026-05-19 04:00:00	78.4650	78.4650	73.7900	74.8280	50
2026-05-20 04:00:00	75.5900	76.4250	75.1700	75.8510	249
2026-05-21 04:00:00	74.9600	76.8700	74.9600	76.4140	4
2026-05-22 04:00:00	76.0200	76.0400	75.8930	75.8930	20
2026-05-26 04:00:00	77.5050	77.5050	76.0950	76.3050	110
2026-05-27 04:00:00	74.5700	74.7500	74.3200	74.5990	863
2026-05-28 04:00:00	73.6500	76.0000	71.9700	75.6450	280
2026-05-29 04:00:00	75.5200	75.6160	75.1150	75.6160	23
2026-06-01 04:00:00	74.3750	75.6450	74.3750	75.0070	82
2026-06-02 04:00:00	75.6500	76.0250	75.3110	75.3110	58
2026-06-03 04:00:00	73.4760	73.4760	73.2100	73.4760	13
2026-06-04 04:00:00	73.0900	74.2000	73.0900	73.7790	138
2026-06-05 04:00:00	72.5750	72.7300	68.6500	68.9430	62
2026-06-08 04:00:00	67.4500	68.8100	66.8700	68.4250	22
2026-06-09 04:00:00	68.2250	68.8150	65.0000	65.0940	81
2026-06-10 04:00:00	63.8200	64.5990	63.7450	64.5990	4
2026-06-11 04:00:00	63.9550	63.9850	63.8850	63.8850	22
2026-06-12 04:00:00	67.0450	68.0800	67.0200	67.8590	11
2026-06-15 04:00:00	70.0660	70.0660	70.0660	70.0660	0
2026-06-16 04:00:00	69.8990	69.8990	69.8990	69.8990	2
2026-06-17 04:00:00	70.3100	70.9500	68.7600	70.6960	22
2026-06-18 04:00:00	66.2550	66.2550	66.2550	66.2550	0
2026-06-22 04:00:00	65.5270	65.5270	65.5270	65.5270	16
2026-06-23 04:00:00	61.9500	62.0200	61.9500	62.0200	56
2026-06-24 04:00:00	59.3900	59.5150	57.2500	58.0520	79
2026-06-25 04:00:00	58.3850	58.3850	58.3480	58.3480	148
2026-06-26 04:00:00	59.1900	59.2170	59.1900	59.2170	25322
2026-06-29 04:00:00	58.6800	59.1250	57.5400	58.1750	3617
2026-06-30 04:00:00	58.3400	60.4000	57.0350	59.4770	1886
2026-07-01 04:00:00	58.8650	60.4200	57.3250	60.0850	367
2026-07-02 04:00:00	59.4700	61.5950	59.4650	60.6430	197
2026-07-06 04:00:00	62.6200	62.6200	61.6350	61.9200	69
2026-07-07 04:00:00	61.2050	61.3700	60.2050	60.9310	124
2026-07-08 04:00:00	60.9050	60.9050	57.7600	58.1640	326
2026-07-09 04:00:00	59.2200	60.5000	58.9000	60.3780	192
2026-07-10 04:00:00	59.9800	60.3450	59.7200	59.8090	73
2026-07-13 04:00:00	58.9350	59.0450	57.5100	57.6340	589
2026-07-14 04:00:00	57.6500	59.6050	57.5150	58.7720	131
2026-07-15 04:00:00	58.6950	58.6950	56.9000	57.1100	568
2026-07-16 04:00:00	55.9150	56.0850	55.8980	55.8980	1809
2026-07-17 04:00:00	55.5500	56.0380	55.0150	56.0380	427
2026-07-20 04:00:00	55.6550	57.1050	55.6550	56.8020	1714
2026-07-21 04:00:00	56.3350	59.0250	56.3350	58.8350	124
2026-07-22 04:00:00	59.3850	60.0190	59.3850	60.0190	358
2026-07-23 04:00:00	58.6600	58.6600	57.7980	57.7980	28
2026-07-24 04:00:00	58.6560	58.6560	58.6560	58.6560	5
2026-07-27 04:00:00	58.4720	58.4720	58.4720	58.4720	3
2026-07-28 04:00:00	57.2960	57.2960	57.2960	57.2960	2
2026-07-29 04:00:00	57.8630	57.8630	57.8630	57.8630	382
2026-07-30 04:00:00	57.2750	59.2500	57.2250	58.8150	138
2026-07-31 04:00:00	59.2000	59.2000	57.3400	57.5910	65
2026-08-03 04:00:00	57.6670	57.8000	57.6670	57.6670	90
2026-08-04 04:00:00	58.1000	60.0560	58.1000	60.0560	9
2026-08-05 04:00:00	62.4500	62.4500	62.0990	62.0990	6
2026-08-06 04:00:00	61.9100	61.9100	61.4390	61.4390	8
2026-08-07 04:00:00	63.6200	65.0500	63.3320	63.3320	461
2026-08-10 04:00:00	63.9050	65.1060	63.9050	65.1060	24
2026-08-11 04:00:00	64.8650	64.8650	64.7690	64.7690	8
2026-08-12 04:00:00	66.6250	66.6500	65.5550	65.5550	186
2026-08-13 04:00:00	64.8730	64.8730	64.7800	64.8730	3
2026-08-14 04:00:00	64.9880	64.9880	64.9880	64.9880	0
2026-08-17 04:00:00	65.2450	66.1210	65.2450	66.1210	4
2026-08-18 04:00:00	65.2500	65.2500	63.6050	63.9410	29
2026-08-19 04:00:00	63.2050	66.8500	63.1200	65.7340	41
2026-08-20 04:00:00	66.8500	68.9500	66.8500	68.0260	22
2026-08-21 04:00:00	68.0950	69.8500	68.0950	69.4660	7
2026-08-24 04:00:00	69.3500	69.3500	68.5410	68.5410	10
2026-08-25 04:00:00	69.5050	69.5050	68.1200	68.6360	4
2026-08-26 04:00:00	69.3100	69.3100	67.9900	67.9900	104
2026-08-27 04:00:00	69.4290	69.4290	69.4290	69.4290	23252
2026-08-28 04:00:00	69.3500	71.1600	66.2300	66.9950	4329
2026-08-31 04:00:00	66.0100	67.1850	65.8500	66.2210	423
2026-09-01 04:00:00	66.5100	66.7150	63.8700	64.6180	1138
2026-09-02 04:00:00	63.3600	65.0500	63.3600	64.7230	71
2026-09-03 04:00:00	65.5550	67.3000	65.4400	66.9730	57
2026-09-04 04:00:00	66.5250	66.5400	65.4650	66.0470	94
2026-09-08 04:00:00	65.9750	66.2970	65.5950	66.2970	95
2026-09-09 04:00:00	66.3000	68.1050	66.3000	67.9420	138
2026-09-10 04:00:00	64.1950	64.4100	64.1450	64.2840	275
2026-09-11 04:00:00	63.2900	64.5540	63.1000	64.5540	275
